/*--------------------------------*- C++ -*----------------------------------*\
  =========                 |
  \\      /  F ield         | OpenFOAM: The Open Source CFD Toolbox
   \\    /   O peration     | Website:  https://openfoam.org
    \\  /    A nd           | Version:  8
     \\/     M anipulation  |
\*---------------------------------------------------------------------------*/
FoamFile
{
    version     2.0;
    format      ascii;
    class       volScalarField;
    location    "0.0005";
    object      alphat;
}
// * * * * * * * * * * * * * * * * * * * * * * * * * * * * * * * * * * * * * //

dimensions      [1 -1 -1 0 0 0 0];

internalField   nonuniform List<scalar> 
34060
(
3.19264e-06
1.16148e-05
1.63764e-06
3.59953e-06
1.07588e-06
1.22659e-06
5.17063e-06
1.10228e-08
8.66272e-06
1.02673e-06
1.69494e-10
3.13459e-06
2.77256e-06
2.55861e-07
7.86359e-06
5.66979e-06
2.12503e-07
1.7549e-05
7.8724e-08
1.13564e-05
8.89344e-07
1.94708e-06
5.19924e-07
5.88533e-08
7.25072e-07
2.38543e-05
2.04402e-07
7.16122e-06
2.04095e-06
8.62871e-07
3.15988e-06
5.73927e-08
8.79068e-06
2.5365e-05
2.3727e-06
7.41446e-06
1.78101e-08
7.1939e-06
9.21965e-07
4.60601e-05
6.64566e-07
1.77561e-07
1.4761e-05
4.11799e-06
2.46928e-07
1.75725e-06
1.24696e-06
5.69256e-05
1.24053e-06
1.14208e-06
5.5789e-06
2.63929e-07
5.94169e-10
7.82994e-07
6.67369e-07
5.80616e-05
1.96391e-06
2.22547e-06
7.90307e-06
1.49373e-05
7.36741e-07
5.06382e-06
1.34546e-06
8.00888e-07
5.36998e-06
1.6771e-05
3.10608e-07
5.48078e-06
7.52819e-06
1.16314e-06
4.65635e-07
3.69378e-10
7.0642e-08
4.27229e-05
8.96578e-07
1.10268e-08
4.51618e-05
7.41364e-06
9.05873e-08
5.16113e-06
7.74991e-07
3.24025e-08
1.23476e-06
8.35592e-07
5.68348e-06
4.96191e-06
2.74543e-06
4.13145e-05
4.22215e-07
2.31122e-08
2.49249e-07
6.1003e-08
8.57959e-07
1.66017e-07
3.01259e-06
2.22139e-07
7.52409e-06
3.25847e-05
5.51266e-07
1.94058e-06
7.67025e-07
1.41623e-06
1.06059e-07
1.26181e-06
4.4273e-11
9.00454e-07
3.48546e-07
7.32951e-07
7.0561e-07
1.86269e-07
2.34235e-07
4.94859e-07
5.27849e-07
5.60647e-06
9.31879e-08
3.59618e-08
1.19619e-06
2.4825e-07
7.33473e-09
9.16886e-07
1.09413e-07
4.7249e-07
6.54627e-06
1.20115e-06
3.65549e-07
4.03737e-05
5.73851e-07
7.91315e-07
2.64449e-06
5.45454e-06
1.10769e-06
1.82442e-08
4.67795e-07
4.37754e-06
5.09298e-07
4.68246e-06
3.71974e-07
5.03302e-05
9.54623e-06
9.65728e-09
1.77953e-09
7.72498e-06
5.02215e-05
9.86621e-07
5.12267e-05
8.00097e-07
4.53972e-07
1.07458e-06
6.64852e-07
7.66632e-09
1.5069e-08
7.94435e-09
4.16088e-06
7.25567e-08
5.40519e-06
2.14304e-06
1.13358e-05
1.66531e-07
2.64728e-06
1.41005e-06
4.46602e-06
2.24209e-06
2.49612e-06
8.02519e-07
8.95119e-07
1.30095e-06
6.78211e-07
2.75506e-07
2.65454e-07
3.65689e-08
2.27577e-05
2.43854e-05
6.4902e-06
8.66428e-06
7.12998e-06
1.06246e-06
3.27692e-08
1.67394e-05
1.46062e-06
4.31616e-05
1.07801e-08
1.54384e-07
3.88128e-05
2.67367e-06
7.75984e-06
9.3775e-07
2.43947e-06
2.71494e-06
8.76567e-07
5.51838e-07
2.6119e-06
8.32605e-07
1.91785e-07
6.48713e-06
2.24082e-07
1.45797e-06
1.22274e-06
2.15082e-06
7.20577e-06
4.1028e-05
1.45634e-06
1.14031e-06
7.40364e-07
9.06819e-07
1.72248e-07
1.92156e-07
1.60923e-06
3.83393e-06
4.23888e-07
8.79929e-06
1.75815e-06
2.74441e-06
2.62878e-07
3.78952e-06
2.84559e-07
2.13586e-07
5.55844e-06
1.40037e-07
6.05564e-07
3.9022e-05
2.65218e-06
2.57821e-06
1.07846e-05
3.04854e-06
1.90987e-06
3.93914e-05
1.63433e-07
1.39558e-06
3.69325e-06
1.3589e-07
2.71918e-05
4.99497e-07
9.10408e-07
3.11015e-06
2.89317e-05
4.25118e-06
4.22238e-07
7.52417e-06
1.01454e-05
2.6415e-07
7.86857e-07
4.41907e-07
1.16036e-05
4.17737e-07
5.03179e-06
7.66132e-06
6.06692e-06
2.81353e-07
7.29283e-06
7.36044e-07
2.42438e-06
1.33775e-06
4.94236e-07
1.98575e-07
4.06154e-06
2.69928e-06
3.26295e-08
1.13964e-06
3.90833e-06
4.11566e-06
1.31784e-06
1.56468e-06
9.4316e-07
5.0197e-07
5.7072e-07
2.98188e-05
1.36793e-06
7.30969e-06
4.90232e-05
4.61177e-06
2.72923e-05
5.68358e-05
2.13452e-06
4.9336e-06
4.15688e-06
1.33974e-06
4.47299e-07
1.76056e-07
4.28102e-06
7.325e-07
1.23733e-05
3.02584e-06
7.15127e-06
2.68206e-05
2.1707e-06
7.61173e-06
3.04943e-06
3.19874e-06
1.44023e-06
3.9091e-06
1.75909e-06
6.39702e-06
2.36209e-07
7.71163e-08
2.32184e-06
2.34093e-06
5.58496e-05
3.83928e-07
3.9959e-06
2.62341e-07
4.16827e-05
1.10161e-06
2.50076e-07
1.02184e-07
9.92111e-06
5.87445e-08
5.05851e-06
5.50407e-07
1.09144e-06
3.19005e-06
1.93961e-06
8.18914e-06
1.07842e-06
7.03771e-06
5.1044e-07
2.73743e-06
1.23861e-05
4.87692e-06
3.0289e-05
2.6071e-06
3.93997e-08
5.54885e-06
1.95332e-06
4.33549e-06
1.39174e-05
2.20316e-06
2.73748e-07
2.3551e-07
1.09294e-08
5.75547e-08
7.0202e-08
1.05764e-06
2.31857e-08
5.49697e-07
2.10122e-07
2.72375e-08
3.31738e-07
1.14147e-05
3.41413e-08
2.94709e-07
1.60277e-05
2.43854e-06
8.38299e-06
3.3259e-06
2.675e-08
5.2658e-06
8.75992e-07
1.2288e-06
6.83227e-07
1.38258e-06
3.99715e-06
5.32777e-06
3.01921e-06
6.02646e-06
8.46038e-06
3.81563e-06
3.61182e-06
3.94932e-08
9.43414e-06
6.00328e-07
1.30459e-06
1.0105e-06
1.5501e-07
1.77484e-06
8.1058e-08
6.04718e-06
7.22584e-07
4.89566e-06
1.84286e-05
3.92862e-06
7.23577e-06
3.83885e-06
1.14534e-07
3.93811e-05
8.02169e-09
1.79406e-06
4.10033e-06
5.72124e-06
8.00578e-07
9.09856e-08
2.12832e-06
3.56344e-06
3.20342e-05
6.21239e-09
2.48461e-05
1.9306e-06
3.03068e-08
1.56532e-06
3.45437e-05
1.08028e-08
2.48995e-08
1.06469e-05
2.47234e-06
4.1531e-10
1.0029e-06
7.61721e-07
1.58562e-06
4.35331e-06
8.65271e-06
1.67736e-06
2.09029e-07
2.10962e-06
4.86748e-05
1.84933e-06
1.34213e-06
2.47602e-05
1.59398e-05
2.37692e-06
6.84338e-07
2.20687e-07
1.2237e-11
3.15473e-06
2.92417e-06
8.46867e-07
3.62194e-06
1.86471e-06
7.38259e-07
1.34874e-06
1.90948e-05
4.19887e-07
2.86544e-05
6.87577e-06
2.26008e-07
1.25316e-07
2.27083e-07
1.63262e-06
3.83997e-05
4.15095e-07
3.42395e-06
1.07597e-06
1.86105e-06
1.56989e-07
4.89403e-06
4.22431e-05
4.36583e-07
7.83212e-07
2.37826e-06
7.33345e-06
1.49022e-07
6.94754e-09
3.3799e-05
5.85904e-07
1.69686e-06
8.95099e-07
1.17475e-05
2.85653e-05
3.97596e-07
4.87098e-07
6.92959e-07
2.07527e-07
2.11875e-06
2.93181e-05
3.24583e-06
5.06301e-09
2.40347e-06
8.58362e-07
4.13524e-05
7.46648e-06
4.8016e-07
3.36054e-06
1.96789e-06
2.20058e-06
3.50019e-06
1.08288e-06
5.92558e-05
2.62248e-05
1.64886e-06
5.46803e-06
6.94767e-07
4.48915e-07
4.822e-07
1.34406e-05
2.35576e-06
2.08875e-07
2.89049e-05
4.02057e-05
9.03606e-06
5.889e-06
9.28117e-07
3.14909e-06
6.98388e-07
1.34843e-07
1.0716e-06
5.78264e-07
1.99333e-05
4.07079e-10
2.71089e-06
3.97402e-06
1.65e-06
1.61254e-07
2.57685e-06
1.41953e-05
4.52654e-06
2.45405e-05
5.28177e-09
9.10521e-08
1.74644e-06
3.99174e-06
9.56552e-09
2.75075e-06
2.19242e-08
2.47749e-06
9.85118e-07
1.41541e-06
1.33855e-06
2.1036e-07
2.79008e-08
5.07521e-07
4.73298e-07
9.85147e-08
4.97188e-07
7.57128e-07
2.4145e-05
1.95001e-07
3.75731e-07
3.38943e-07
4.20584e-07
1.98803e-07
1.33388e-05
3.2662e-05
1.00059e-05
6.32707e-07
7.43605e-07
3.27981e-06
3.3688e-06
2.66565e-06
1.04839e-07
1.27348e-08
2.77851e-06
9.52771e-08
4.71921e-07
1.14367e-05
9.02399e-07
5.39431e-05
1.52445e-05
1.21617e-07
1.50724e-06
2.7768e-07
8.41229e-06
8.87091e-08
6.24166e-06
1.8322e-07
1.43511e-05
2.07643e-07
9.25411e-07
1.73295e-07
1.14191e-05
1.28564e-06
8.73561e-06
9.73604e-07
5.80135e-07
3.42932e-07
3.06201e-06
8.31128e-07
6.89769e-07
3.56733e-06
9.5935e-07
3.54561e-08
7.16522e-08
8.21856e-07
8.34925e-07
9.10181e-08
7.75408e-07
7.06708e-07
5.82219e-05
1.73014e-06
3.475e-08
5.4146e-06
8.7473e-07
8.3001e-09
5.12763e-06
1.69791e-07
2.60891e-06
1.51628e-05
9.03327e-08
4.10621e-07
3.82109e-06
2.13696e-06
4.82022e-07
5.0683e-06
2.64379e-06
8.08237e-07
8.3926e-07
4.96171e-06
1.91014e-06
7.33723e-07
1.23966e-05
1.32743e-06
2.76471e-07
7.79173e-07
4.50683e-08
1.8986e-06
1.8342e-06
1.50212e-06
5.17269e-06
3.15175e-06
2.66818e-06
7.20914e-07
2.63151e-05
3.21708e-07
4.61869e-07
3.59224e-06
2.51724e-07
8.73924e-07
7.32053e-07
1.66459e-08
8.0843e-07
2.69648e-06
3.6221e-07
7.4337e-07
6.44843e-06
8.38029e-07
1.23059e-05
2.93142e-07
1.35095e-06
2.90704e-05
3.30574e-07
3.96764e-06
5.27362e-06
4.19426e-06
1.74258e-06
3.76738e-06
3.93503e-05
1.1639e-06
7.63789e-06
1.63691e-05
1.92931e-06
9.18573e-07
7.40298e-07
5.75876e-07
1.96697e-06
3.54257e-07
2.40059e-06
1.62927e-07
7.53453e-07
3.32178e-06
6.61612e-05
2.07895e-06
1.09454e-08
1.33002e-07
8.79877e-07
1.05547e-06
8.05777e-07
9.61668e-07
1.25433e-06
9.61794e-07
1.54279e-07
1.01626e-05
1.85184e-06
1.02646e-07
4.41769e-05
2.66531e-06
1.03634e-06
4.3309e-06
7.39061e-06
4.31254e-06
6.12512e-06
1.12099e-06
1.34279e-05
2.01631e-07
9.36713e-08
8.6147e-08
8.11137e-07
4.35351e-06
2.29027e-08
7.66579e-06
9.12882e-06
1.70553e-07
6.27401e-05
8.86892e-07
3.59213e-06
2.86007e-08
2.37958e-07
4.96915e-08
4.82542e-06
1.22568e-05
5.23431e-06
3.87351e-07
5.1011e-06
3.59871e-05
1.1834e-06
6.85876e-06
3.06606e-07
5.66243e-06
1.37132e-06
2.22974e-06
1.14362e-06
1.39766e-06
6.8826e-06
5.27679e-08
2.21267e-06
1.15523e-06
5.6158e-07
5.12345e-08
5.72041e-07
2.28139e-07
7.13875e-07
4.39816e-06
5.7099e-08
1.02056e-05
1.09074e-06
9.90434e-08
1.15669e-06
1.47516e-06
5.41867e-07
5.99157e-07
1.96412e-06
1.72123e-06
7.33246e-06
6.29792e-06
2.13194e-06
1.87838e-06
1.35976e-07
1.75085e-06
3.6025e-06
2.01513e-06
3.52318e-06
6.94373e-07
1.9773e-06
1.71807e-06
1.30979e-06
8.67878e-07
1.17081e-06
2.92742e-06
2.27746e-06
7.74203e-06
7.10378e-07
1.30667e-06
2.20769e-05
3.4511e-06
3.13425e-10
8.82398e-07
7.48566e-08
1.59938e-07
6.53333e-05
2.26701e-07
1.14374e-06
4.82414e-08
8.64762e-07
2.09911e-07
1.30527e-06
1.61594e-05
9.0582e-07
5.09869e-07
7.62609e-06
4.3612e-06
4.69669e-08
1.05525e-07
1.00015e-07
2.30072e-06
1.06075e-07
1.35483e-05
3.41255e-06
1.64936e-06
3.3925e-08
4.49003e-06
1.20575e-05
8.93958e-07
2.67794e-07
1.09248e-06
3.22239e-07
6.0464e-08
3.83706e-06
1.10378e-07
6.0577e-05
3.61241e-06
1.4565e-05
1.75593e-07
2.7377e-08
2.92936e-07
2.67024e-07
1.75175e-06
4.6151e-05
2.64863e-06
3.7347e-05
1.20062e-07
2.98654e-05
7.09763e-06
1.49177e-06
1.49426e-05
5.95184e-05
1.83439e-07
4.10691e-08
9.08744e-06
1.57156e-05
2.83981e-06
1.56131e-05
1.12801e-06
5.88137e-07
2.86607e-05
2.29385e-07
3.03456e-08
3.66008e-09
7.51244e-07
2.64061e-06
4.1132e-06
8.55682e-06
6.67125e-07
3.81578e-09
8.74669e-07
3.61101e-06
1.11411e-06
5.63252e-05
2.32244e-08
5.35806e-09
1.15349e-06
1.96658e-06
8.86657e-07
1.01992e-07
3.22704e-08
3.18705e-07
7.96585e-07
8.15392e-07
2.39076e-06
1.30802e-05
1.76614e-07
8.89792e-06
8.26424e-08
3.68663e-07
6.05894e-06
3.38212e-06
8.9363e-07
1.7972e-06
2.66935e-05
2.1198e-07
8.8714e-07
5.76779e-07
2.59625e-06
1.02069e-05
1.28196e-06
1.74148e-07
4.22105e-06
1.18865e-05
1.33845e-06
1.47763e-05
7.32308e-06
4.32075e-06
9.14133e-06
2.76575e-07
6.43981e-07
1.79991e-06
2.4634e-05
2.86727e-08
3.34833e-08
1.79493e-06
3.52751e-06
5.42593e-06
9.90868e-07
7.93382e-06
1.23489e-06
5.06908e-07
4.37622e-06
2.27921e-09
5.75741e-06
2.17109e-08
2.61244e-09
5.53916e-07
2.08967e-06
9.19798e-07
6.38693e-06
5.07647e-06
3.47264e-06
5.02597e-11
2.11897e-12
1.76022e-06
8.66129e-07
2.7176e-06
1.10955e-06
3.07947e-05
7.58611e-06
6.02405e-07
5.76502e-07
2.00342e-05
4.23296e-07
1.76091e-05
1.16796e-06
7.09313e-06
7.97038e-07
6.87726e-07
7.93362e-07
5.97311e-07
7.56536e-06
4.32273e-05
9.90455e-07
6.97069e-07
5.55859e-07
1.0852e-06
6.30773e-07
3.35754e-08
3.93609e-06
7.10732e-06
3.65755e-06
1.39946e-06
2.29164e-06
6.16797e-07
1.44149e-07
2.00229e-06
7.52218e-06
1.82764e-07
3.14588e-06
4.74806e-07
2.15124e-06
7.04251e-06
1.11474e-06
8.43883e-07
2.49874e-05
3.82454e-06
8.76869e-07
4.6101e-08
8.98859e-07
1.47699e-07
8.62721e-07
3.24738e-07
6.84525e-07
8.03341e-07
2.32169e-07
4.55706e-06
1.77555e-06
3.88865e-05
1.73025e-07
7.87504e-07
4.25469e-06
1.11869e-06
1.70605e-06
1.03296e-05
7.15605e-06
2.82266e-05
2.38215e-06
1.54877e-05
2.83558e-06
1.96308e-06
5.06991e-07
2.56846e-05
4.97815e-06
7.13743e-07
5.21587e-05
2.59621e-07
2.23539e-05
7.58371e-07
9.67834e-07
4.32463e-06
3.44528e-08
1.09838e-06
1.69094e-05
2.89396e-06
6.51373e-05
1.30115e-06
1.43461e-07
3.46354e-08
1.94035e-05
1.74236e-07
2.33434e-05
5.68647e-08
1.87199e-06
1.63952e-06
2.17897e-10
1.12771e-06
4.23508e-06
8.40524e-08
4.34029e-06
4.1508e-05
1.39296e-06
4.73576e-06
1.10094e-05
4.00686e-06
6.8047e-07
1.00672e-05
2.75769e-05
5.18407e-08
5.82982e-09
9.27105e-08
3.78455e-06
1.34784e-07
5.87772e-07
2.62529e-06
7.75812e-07
2.2469e-07
3.95418e-06
4.02856e-07
4.85184e-06
7.27063e-07
1.03404e-05
1.02957e-05
1.09138e-05
1.2722e-06
2.45468e-05
5.81539e-08
6.7216e-07
1.64865e-05
9.85704e-08
3.05235e-07
7.07505e-10
4.0226e-06
3.07327e-08
1.11268e-06
2.97622e-06
1.78406e-08
1.5415e-06
2.46846e-06
2.82888e-06
7.01123e-06
1.77398e-06
3.03711e-05
1.75181e-06
6.00329e-07
6.22903e-05
2.2053e-07
5.88652e-07
4.61796e-06
6.97457e-07
1.18839e-05
7.09343e-10
2.79566e-11
4.4354e-06
5.40696e-06
3.76426e-06
2.18982e-06
4.53652e-08
4.53548e-06
1.12201e-05
1.91428e-08
2.51009e-06
9.7278e-06
4.14381e-08
3.95445e-05
3.24259e-09
1.37929e-06
2.23833e-07
5.30223e-07
7.95812e-07
5.55841e-08
1.19179e-05
1.98942e-07
6.87961e-07
3.02671e-08
7.29154e-07
2.28291e-07
1.10962e-05
4.059e-06
4.19617e-06
2.15511e-07
2.11165e-05
1.68902e-06
5.07979e-07
3.08406e-08
4.15031e-05
7.52583e-06
5.20162e-09
1.4157e-06
1.0384e-05
1.49863e-06
1.03645e-07
7.55311e-06
7.85454e-07
1.4778e-06
3.32756e-06
1.80366e-06
7.3082e-06
1.04547e-06
6.50951e-08
5.66695e-06
1.03312e-06
5.67283e-06
2.25203e-07
4.86557e-06
6.76658e-07
1.55993e-06
5.88094e-07
2.25906e-07
4.77508e-06
1.01465e-05
1.18419e-05
8.27094e-07
4.67212e-06
1.0647e-06
3.80389e-07
2.65005e-07
9.1888e-07
1.10504e-05
8.47008e-07
2.39171e-08
9.20614e-07
6.23641e-07
1.82289e-09
2.15689e-05
1.22893e-06
9.69214e-07
8.6824e-08
4.16992e-08
1.79009e-07
1.96277e-06
2.67573e-05
4.59309e-08
4.55387e-06
2.79008e-06
1.40566e-06
3.98211e-06
3.4726e-07
7.37719e-07
3.16245e-06
1.69356e-06
5.40089e-09
4.37553e-06
8.97971e-07
8.44805e-06
5.92875e-07
7.95237e-07
5.22298e-05
1.45312e-05
2.91309e-05
2.16946e-05
7.12992e-09
3.78681e-10
1.08044e-05
1.49841e-06
3.23619e-07
9.25799e-07
2.30224e-05
2.28428e-07
2.65543e-06
1.51018e-06
3.91937e-08
1.42236e-05
4.86554e-08
3.66674e-06
3.60108e-06
3.48311e-06
5.14041e-06
2.2735e-06
5.1389e-06
1.1364e-05
5.37771e-08
2.38247e-05
1.12534e-06
2.34453e-06
5.0895e-07
5.5904e-05
9.71153e-08
1.95356e-05
1.05044e-05
2.6142e-06
9.48449e-07
1.70458e-07
4.80887e-08
3.90912e-07
6.10897e-05
8.0771e-07
1.16404e-05
2.1666e-06
1.64484e-07
3.69717e-07
9.25023e-07
1.7688e-08
2.14733e-06
6.83829e-06
7.51048e-06
9.65079e-07
2.25956e-07
2.17914e-07
1.47022e-06
3.49232e-07
4.14639e-06
2.66201e-06
2.73543e-07
1.24201e-06
1.31025e-06
1.44476e-07
1.7274e-07
1.30573e-05
8.08031e-07
9.16801e-06
1.79411e-06
3.60174e-05
5.31268e-06
1.14569e-06
1.06238e-06
3.26356e-07
4.62304e-07
1.6119e-05
2.41665e-09
3.68637e-07
7.90031e-07
5.39441e-08
2.46955e-06
7.83891e-07
5.00356e-06
1.10638e-06
1.6784e-07
4.29461e-08
2.48851e-05
2.34747e-06
5.96979e-08
2.50439e-06
5.56859e-06
3.94345e-06
1.9661e-07
8.77601e-06
2.15803e-07
2.34929e-06
7.67354e-06
1.9776e-05
1.5626e-08
2.56302e-07
2.55856e-06
5.72242e-06
1.85229e-05
5.58147e-07
5.89618e-07
3.05128e-06
2.41197e-06
3.24115e-06
6.45763e-05
5.1337e-07
1.29153e-07
2.07882e-07
9.15972e-06
1.21223e-05
2.05257e-06
9.78847e-08
2.28877e-06
3.12999e-07
1.43154e-07
1.48592e-07
3.63267e-07
1.86051e-05
4.5512e-06
1.17705e-05
1.68803e-07
3.78409e-07
1.47587e-05
4.88641e-08
1.62473e-05
8.84832e-07
1.94791e-05
1.93808e-07
4.13751e-07
8.49517e-07
3.88346e-06
3.08434e-06
2.14655e-05
9.21021e-08
1.83909e-09
1.14141e-06
1.43101e-05
6.27527e-07
2.18659e-07
4.11491e-06
2.05903e-05
1.59001e-06
4.0341e-08
3.96529e-08
2.6425e-06
7.89039e-07
5.58207e-08
4.07396e-08
2.74924e-07
5.6098e-07
4.46237e-06
3.42739e-05
1.03455e-05
4.69517e-06
2.10262e-05
1.5083e-06
6.43284e-06
4.80563e-07
1.04493e-07
2.10797e-07
2.96886e-06
4.08325e-06
1.0214e-06
1.74945e-07
6.10701e-08
1.07868e-06
1.76662e-07
2.40696e-06
3.76222e-06
6.22218e-06
5.89311e-08
2.12347e-06
5.85618e-07
4.3654e-05
6.92793e-07
6.32531e-06
5.4713e-06
1.01567e-07
1.77258e-06
1.56178e-07
2.05124e-06
1.71507e-06
4.95977e-07
2.20449e-06
9.73438e-07
2.70496e-08
4.81434e-06
2.80543e-06
7.43935e-07
1.07543e-06
2.46477e-06
5.80342e-06
5.23438e-06
3.84396e-08
8.13197e-07
2.6619e-05
1.11699e-06
1.34355e-06
2.65144e-06
1.00251e-09
4.08273e-06
1.28851e-05
2.49288e-06
2.52945e-07
1.16337e-07
3.18885e-07
2.75774e-06
1.71776e-07
3.03813e-07
9.49541e-08
2.30078e-06
6.8001e-07
5.03697e-06
1.0095e-05
2.55711e-05
1.75232e-06
1.04611e-06
1.4772e-06
1.10639e-06
6.83995e-06
1.04881e-06
7.71044e-07
9.93123e-07
6.64122e-08
1.1423e-06
1.47879e-06
1.04091e-05
2.41158e-05
7.65897e-07
1.88391e-08
2.11054e-07
1.69289e-06
2.68427e-06
2.22787e-06
1.25512e-07
9.95051e-07
1.29015e-08
2.36994e-07
1.36745e-06
8.89321e-06
1.17062e-07
4.4333e-09
1.70053e-06
3.6573e-05
1.77443e-07
1.57832e-06
3.89728e-05
1.01758e-05
1.79478e-05
4.21711e-08
2.92031e-05
2.50159e-06
6.94966e-06
1.30784e-05
8.83168e-07
1.88842e-06
1.04241e-06
4.06145e-06
1.34135e-06
2.43082e-05
3.50211e-07
1.27975e-06
2.01956e-05
5.45041e-09
1.47123e-09
2.9524e-05
9.95244e-07
8.07375e-08
2.13479e-05
3.33111e-06
1.53679e-07
1.87132e-08
8.34655e-07
1.61168e-06
9.67634e-06
9.6116e-06
1.46138e-08
8.5907e-06
4.86957e-06
2.68528e-07
1.38016e-05
1.49109e-06
1.13121e-07
1.29909e-06
1.02604e-05
7.08064e-08
2.79932e-06
1.17847e-08
9.94765e-08
2.10937e-05
6.31196e-06
6.45767e-08
7.37211e-06
4.55765e-06
4.36543e-10
2.36471e-06
4.33605e-05
9.66342e-08
4.49439e-06
6.4934e-07
2.46369e-06
6.15182e-08
1.93678e-06
3.91709e-07
2.47261e-07
2.42547e-09
2.40157e-07
3.23024e-07
2.28113e-06
9.24046e-07
8.41985e-08
2.12209e-07
5.15553e-06
4.51963e-06
4.82847e-06
5.41933e-08
8.48418e-07
1.11336e-05
4.96021e-07
6.98458e-06
2.60368e-06
1.24837e-06
5.30195e-05
7.90575e-07
7.12004e-07
2.89988e-09
1.34446e-07
1.96763e-07
4.51719e-06
9.33936e-08
1.07917e-07
3.42716e-06
2.30618e-07
5.75222e-07
2.28005e-06
2.55717e-07
1.13338e-07
7.38739e-07
4.6595e-06
2.10629e-09
1.0755e-05
1.18621e-06
1.42923e-05
2.12428e-07
2.96326e-06
1.96989e-06
2.33414e-08
6.26292e-06
7.20748e-07
8.45439e-07
5.41349e-07
3.88608e-05
2.78865e-08
1.95765e-06
7.82123e-06
4.8736e-06
3.01912e-08
2.04153e-06
2.35414e-07
3.53061e-07
1.72785e-07
1.18432e-07
2.29156e-06
4.35462e-06
1.67716e-07
3.97012e-07
4.78814e-06
1.69236e-06
7.89073e-08
3.46805e-07
1.34564e-05
1.37718e-06
1.04861e-06
1.7138e-06
1.59728e-07
4.54575e-06
3.48984e-06
4.64751e-05
2.14974e-05
2.29769e-06
1.98076e-07
2.24139e-06
3.71031e-07
9.32543e-07
3.98409e-06
1.27466e-07
9.99522e-07
6.19401e-07
1.34769e-06
3.95095e-06
1.6349e-06
3.54202e-06
8.97905e-08
9.78833e-07
1.62384e-06
6.33164e-05
3.30328e-07
2.68016e-06
2.1937e-07
1.20238e-06
2.5157e-05
2.65979e-06
1.3704e-06
4.4431e-05
1.54977e-07
4.11024e-07
7.31648e-07
4.77994e-06
1.56939e-06
4.94396e-06
8.29285e-06
6.99269e-07
9.82092e-06
1.9397e-07
4.24647e-06
9.48751e-08
4.06005e-06
5.26446e-06
2.22527e-07
8.57555e-07
1.13385e-05
4.78816e-09
9.08544e-08
1.75191e-06
3.94308e-07
5.57433e-06
4.0451e-07
1.90512e-06
4.53195e-08
1.66606e-06
1.64778e-05
8.00822e-07
5.59645e-05
1.67621e-06
1.68166e-09
6.22923e-08
3.28848e-06
5.86146e-05
1.62405e-07
5.92204e-07
1.46525e-06
7.83255e-07
1.97551e-06
4.5072e-05
3.89566e-06
9.99873e-08
8.12173e-06
6.94106e-06
3.85019e-06
1.25454e-07
1.02762e-05
3.55076e-07
7.06898e-06
4.25636e-06
1.44475e-05
1.8055e-07
6.19065e-07
2.13947e-05
4.09549e-07
1.78944e-08
3.15266e-05
2.36513e-06
7.3447e-07
3.40166e-06
8.24741e-07
2.82392e-06
4.7118e-06
1.14541e-07
8.13847e-08
2.93536e-07
1.93446e-07
4.00086e-06
6.258e-06
2.78988e-06
1.60693e-07
1.16113e-09
2.50266e-06
9.28388e-08
5.6803e-05
5.78823e-07
9.13304e-07
2.31038e-05
3.04532e-07
1.68397e-05
1.70921e-06
1.45268e-05
2.73161e-06
6.30283e-08
2.39315e-07
1.38991e-06
7.2396e-06
6.60798e-06
6.93891e-06
1.01011e-06
1.04943e-05
2.19006e-07
2.7421e-05
1.03729e-06
9.12207e-06
9.5578e-09
5.15556e-07
1.59839e-05
1.31034e-07
7.5686e-06
7.03384e-07
2.50989e-06
6.99719e-06
9.72502e-06
1.6228e-07
1.74995e-07
7.73e-06
6.22156e-06
1.08218e-05
8.7779e-06
1.77044e-05
1.45796e-06
3.91125e-06
1.53461e-05
4.08617e-06
9.22965e-07
2.91496e-06
5.45995e-06
3.08398e-06
7.40771e-07
4.76423e-06
1.6036e-06
1.51476e-07
7.33726e-08
1.65221e-06
1.50638e-07
3.23325e-06
3.39086e-06
2.08137e-05
7.87518e-07
3.04e-06
4.98778e-07
2.66035e-07
6.20427e-05
2.99702e-06
3.60249e-06
1.0476e-06
4.92157e-06
5.35102e-07
2.7498e-06
5.09217e-08
7.17494e-06
2.07488e-06
1.00748e-05
4.61023e-07
1.50029e-07
5.47441e-06
1.82466e-08
7.88703e-07
5.42966e-06
1.09761e-08
9.16681e-08
1.45129e-05
1.9838e-06
3.00146e-06
1.37557e-06
2.40626e-06
4.55612e-09
2.34496e-06
2.1872e-07
1.49498e-05
7.13413e-07
3.72486e-07
1.21377e-05
7.43646e-07
4.01984e-07
1.05468e-07
5.4825e-05
1.03198e-07
2.53706e-07
1.49528e-06
1.86575e-09
1.34885e-07
1.18065e-09
2.09382e-05
4.14778e-08
1.9259e-06
1.36021e-06
1.96238e-06
1.95742e-07
1.01345e-06
3.07179e-06
3.56267e-06
3.63264e-07
6.65572e-07
6.97214e-06
8.58267e-08
6.41146e-07
2.00777e-06
1.37035e-05
2.02546e-06
8.06173e-08
4.26878e-06
6.77465e-06
1.3653e-07
6.28974e-06
3.22803e-05
8.62705e-06
9.75554e-07
2.21098e-07
3.4188e-06
1.51344e-07
2.65024e-06
1.59301e-06
3.50774e-05
7.30673e-07
1.52846e-06
1.11313e-06
2.09881e-05
5.12209e-09
2.55541e-07
3.65731e-06
4.83143e-05
1.19644e-06
7.56834e-06
1.77491e-06
8.49858e-07
5.01477e-07
5.58176e-06
2.97154e-06
6.38037e-06
7.28019e-08
3.37558e-06
2.34184e-06
4.33171e-06
1.18234e-07
9.31537e-07
4.38743e-06
4.70995e-05
8.76391e-07
8.69066e-08
1.24342e-07
7.77398e-07
5.04367e-06
1.00118e-06
4.14163e-06
1.41562e-07
2.86457e-06
2.89797e-06
7.79976e-07
7.86161e-07
4.11769e-06
1.30191e-06
1.13103e-05
1.25729e-06
1.15327e-06
8.16227e-06
4.76487e-05
1.3613e-06
1.47496e-06
6.5595e-05
1.91066e-06
3.54966e-06
3.42982e-07
1.38247e-06
5.24121e-07
1.77748e-07
7.55585e-07
5.94117e-09
3.81695e-07
1.45256e-07
8.05029e-07
2.50491e-07
5.47987e-06
5.6392e-07
5.01875e-07
1.90116e-06
1.63852e-07
2.30545e-06
4.75254e-05
1.51742e-07
1.48916e-05
1.83113e-05
5.61762e-07
1.76269e-06
1.9e-06
1.04422e-07
1.47323e-07
2.84087e-06
1.44474e-06
4.38683e-08
3.46784e-07
8.67145e-07
9.08845e-06
1.5115e-05
6.7691e-06
1.00743e-05
4.85463e-07
7.99672e-07
2.13026e-08
7.60119e-06
4.6954e-06
6.89561e-09
1.29774e-07
4.12155e-05
7.99015e-08
1.19873e-05
7.98883e-07
2.6225e-06
1.12643e-08
3.69635e-06
3.97089e-06
2.3041e-07
3.47901e-06
1.31854e-06
4.43486e-06
9.87586e-07
3.89919e-08
1.74081e-05
3.07428e-07
1.07507e-07
4.07561e-06
7.41536e-07
1.31605e-05
3.83635e-05
3.92148e-06
9.96364e-06
5.05176e-06
1.95751e-06
1.45455e-05
3.58679e-07
3.49404e-07
4.12726e-07
1.56463e-07
1.73055e-05
1.65442e-06
1.88586e-06
2.6871e-07
2.37802e-08
2.14238e-06
7.69453e-07
6.4916e-09
2.82704e-06
5.33667e-05
1.65854e-06
2.78859e-06
3.48819e-08
5.51876e-05
8.52773e-07
1.36424e-07
2.21054e-05
2.03094e-06
2.91556e-07
2.47763e-07
2.66534e-06
2.80657e-07
1.51682e-06
1.12074e-06
1.48532e-06
1.97609e-07
1.83213e-05
7.90846e-07
2.21108e-05
7.89148e-09
8.51142e-07
1.97433e-07
2.30601e-06
8.12455e-06
2.62143e-06
4.4718e-06
3.84537e-05
2.53493e-06
3.89189e-06
7.60045e-06
2.10047e-07
1.09267e-06
8.80719e-07
7.10951e-08
1.35552e-05
4.32662e-06
9.92601e-07
9.19446e-08
7.33371e-08
1.98517e-06
1.19623e-08
1.63709e-06
5.51281e-05
4.54522e-06
2.53916e-06
2.09627e-06
1.27742e-06
3.54267e-05
1.37273e-06
1.90787e-06
7.55185e-07
2.02518e-07
2.31983e-06
1.39979e-05
6.46525e-07
2.98813e-07
9.39525e-06
8.14222e-08
3.52874e-06
1.01766e-06
1.00854e-06
4.39064e-06
7.8695e-07
6.70633e-07
4.23735e-06
6.43452e-06
4.73448e-06
2.64529e-06
1.66656e-07
3.78575e-07
2.75923e-08
1.32506e-06
8.12791e-07
3.20904e-06
8.77865e-07
1.38266e-06
2.11096e-07
3.23677e-06
1.18782e-05
2.49699e-07
6.4904e-08
4.66746e-06
6.33843e-06
1.27889e-06
4.93686e-07
3.42582e-06
1.65516e-05
2.33581e-06
8.61378e-07
1.65219e-05
3.57126e-06
8.66096e-07
1.08549e-06
3.63359e-06
1.94154e-07
6.55135e-07
7.30127e-07
3.75452e-06
4.26527e-06
1.61325e-06
1.34918e-06
6.10077e-06
1.14716e-06
6.33208e-05
4.67424e-07
2.04308e-06
3.29433e-08
7.35498e-06
8.77959e-07
6.11102e-06
2.79979e-06
2.65342e-06
4.46422e-06
5.90918e-08
1.42018e-07
2.52233e-07
4.83792e-07
7.73111e-06
3.96921e-07
1.17729e-06
2.07243e-06
6.82292e-06
1.70502e-06
4.71338e-06
2.98476e-06
1.52025e-06
4.82245e-06
2.01175e-05
5.33326e-07
1.54055e-06
1.29492e-06
1.36161e-06
8.94818e-06
1.31638e-05
2.74069e-07
1.01734e-06
6.75351e-07
6.3135e-05
2.01935e-05
1.21816e-06
1.91419e-06
5.00634e-05
1.98578e-05
3.56238e-06
1.94975e-07
4.08072e-06
1.83854e-06
3.68177e-06
1.77682e-07
2.17447e-06
4.3782e-08
2.37587e-06
4.84393e-08
1.43788e-07
5.8118e-06
6.81346e-06
2.48273e-06
2.13406e-07
1.07528e-07
3.25854e-05
1.21652e-07
2.59323e-06
5.96715e-05
8.65812e-07
5.17142e-06
1.69792e-06
1.12955e-07
5.48065e-06
1.30272e-07
1.51103e-06
1.28545e-06
1.0913e-06
3.4843e-06
8.45838e-07
5.10004e-07
3.87234e-05
7.45498e-07
9.22192e-07
3.88171e-06
1.96673e-05
1.23328e-08
3.20477e-06
3.85244e-05
8.30971e-07
7.54831e-07
4.36231e-06
2.80784e-06
5.63741e-08
2.13254e-08
1.06697e-06
2.11797e-07
3.16394e-08
3.81969e-07
1.27715e-07
4.53459e-07
2.9076e-06
2.03354e-06
7.85968e-07
4.13871e-07
3.43303e-08
2.78006e-06
2.21029e-07
1.78833e-07
1.02167e-06
9.03665e-08
7.59304e-08
6.44332e-06
2.8827e-06
5.60549e-06
1.51024e-07
7.16517e-06
1.0117e-05
2.09169e-07
2.11765e-07
9.29287e-06
1.6374e-06
1.19647e-08
1.82423e-06
2.00803e-07
7.19105e-06
4.65471e-06
1.97202e-07
9.80328e-06
2.54515e-06
1.56036e-06
1.20863e-06
8.29663e-07
1.52573e-07
1.69404e-06
1.49734e-06
8.24277e-07
5.4812e-06
2.15244e-06
3.6567e-06
4.72607e-06
2.34105e-06
1.36255e-07
1.17167e-06
5.08319e-06
4.87013e-07
3.2181e-05
1.82427e-05
9.36978e-06
5.99797e-08
8.32936e-08
3.52752e-07
6.71762e-08
3.93059e-06
6.42504e-06
7.73295e-07
9.07614e-08
1.62197e-05
4.89313e-06
5.46808e-06
7.37871e-06
2.82724e-08
1.68918e-06
2.48318e-07
1.22819e-05
2.39232e-09
9.06682e-08
3.59222e-07
2.11307e-07
9.94504e-08
7.28621e-07
7.28019e-08
2.34e-06
7.44509e-07
1.9262e-05
7.66266e-06
1.33797e-05
3.89572e-06
1.3005e-07
4.6624e-05
5.08063e-07
1.12561e-05
1.48369e-06
2.08127e-06
3.98335e-07
9.76326e-07
4.61829e-07
6.55926e-06
4.54743e-08
2.49699e-06
3.66376e-07
1.11033e-06
7.62207e-08
1.67313e-05
1.00244e-06
9.75908e-07
1.88585e-07
1.78536e-05
1.11998e-06
3.14942e-06
7.80974e-07
4.35815e-06
7.81594e-08
1.72817e-06
5.14326e-06
7.35597e-07
9.23083e-06
8.4927e-06
7.13718e-06
1.80548e-08
1.55948e-06
1.51272e-06
8.98029e-06
5.01816e-07
1.52168e-06
2.27434e-06
5.15555e-07
5.24126e-08
3.13171e-06
6.97321e-06
2.90111e-06
1.09969e-06
2.42305e-11
7.37569e-08
2.55166e-06
1.48717e-06
9.13273e-06
2.23346e-05
7.53465e-06
5.06398e-06
1.36807e-05
1.22054e-06
9.17161e-08
1.1036e-06
1.1351e-07
5.97063e-08
1.147e-07
2.50233e-06
4.08927e-05
3.02521e-05
5.49137e-07
1.58209e-06
1.3782e-07
1.43151e-05
1.17268e-05
5.47482e-06
4.3603e-06
3.05117e-07
3.50014e-07
8.56057e-08
1.77356e-06
1.17499e-07
8.34599e-07
1.48756e-08
1.98203e-06
6.38002e-08
7.56142e-09
1.22835e-07
4.46772e-08
2.82384e-05
1.85997e-07
1.72174e-06
7.50832e-07
2.11799e-06
3.84629e-06
9.95521e-08
9.08517e-07
6.02852e-07
4.98558e-06
1.86485e-07
5.71462e-08
1.40147e-06
1.0015e-06
7.48134e-07
3.84677e-05
4.35223e-05
3.04653e-06
9.63189e-07
8.2218e-07
7.45701e-06
7.17663e-08
1.20948e-05
2.79039e-05
1.3568e-06
3.28056e-08
2.37377e-06
1.52264e-06
2.01506e-06
2.10548e-06
1.14724e-06
4.79556e-05
1.78411e-06
2.34301e-06
2.7622e-06
4.69005e-06
2.17794e-05
2.93891e-07
2.26898e-06
1.87015e-06
7.94304e-07
6.92379e-06
7.30427e-07
2.40007e-07
1.90915e-06
8.5866e-07
1.96789e-06
1.89353e-05
4.98393e-07
1.75394e-06
1.32993e-06
7.30834e-07
1.0775e-05
4.6939e-06
2.88579e-06
3.60097e-06
7.16481e-06
7.01418e-06
1.15292e-07
2.74434e-05
2.72274e-05
1.81626e-07
1.41085e-05
1.45244e-05
6.77139e-06
9.60721e-06
7.25029e-06
1.07325e-05
6.153e-06
1.14381e-07
2.27443e-06
8.28897e-07
3.90395e-08
9.90149e-06
1.99378e-05
2.28488e-07
3.11488e-06
2.62649e-06
5.1976e-06
7.92017e-07
6.79063e-08
2.03647e-06
4.60053e-05
7.25575e-05
5.57091e-06
9.01325e-06
3.19471e-07
8.17777e-06
5.6561e-06
6.86088e-09
4.21597e-06
1.71804e-07
2.0326e-06
2.54713e-06
3.52039e-06
1.48798e-08
7.5036e-07
1.37831e-06
1.62849e-06
4.10573e-07
3.51449e-06
7.90209e-06
2.52436e-07
5.39762e-05
1.35455e-06
6.27897e-06
4.66388e-06
4.52749e-06
7.53464e-06
5.54914e-07
5.36602e-06
6.73333e-05
4.52458e-06
1.20407e-06
2.27445e-07
4.60011e-06
7.32069e-07
4.62363e-06
4.53156e-05
1.52208e-06
8.07218e-07
3.08218e-06
5.16329e-06
1.68217e-05
1.16245e-06
9.5918e-06
5.50266e-07
1.01093e-06
1.22077e-06
7.36349e-06
7.48134e-08
9.52316e-08
5.22717e-09
1.61846e-07
1.23968e-08
1.39679e-06
2.48574e-06
7.63754e-07
3.64534e-06
4.77518e-07
8.2143e-06
1.61991e-05
2.85826e-05
5.09998e-06
9.25226e-07
1.1614e-06
3.60362e-07
2.93799e-06
8.02865e-07
3.57846e-08
2.79053e-06
7.68938e-06
1.72316e-06
1.25474e-07
4.0075e-07
2.32437e-07
9.47271e-08
4.84253e-07
1.00646e-05
1.29157e-06
9.82392e-08
3.65736e-06
1.47821e-06
1.02921e-07
1.38495e-06
6.90978e-06
1.43303e-06
3.33869e-05
4.36405e-08
3.3089e-06
1.37905e-05
2.93543e-05
6.60927e-07
6.48018e-06
5.12311e-07
3.30876e-07
4.89747e-06
1.00314e-05
4.53101e-06
6.21374e-05
4.59631e-06
5.79526e-06
1.16665e-06
9.53543e-06
1.99712e-07
6.58376e-07
3.87019e-06
3.86012e-07
2.69227e-06
1.30748e-07
4.4598e-05
7.43282e-07
4.58867e-06
1.33117e-07
1.24875e-06
1.65248e-09
1.59949e-08
9.55878e-08
5.77939e-08
6.32073e-08
2.7928e-06
4.84553e-06
5.51077e-07
2.35587e-06
1.71182e-06
5.41748e-07
3.25432e-05
6.72807e-05
4.03966e-07
1.1797e-06
1.69886e-06
8.7226e-07
1.56748e-06
1.09347e-06
8.1421e-07
9.71779e-09
5.54705e-06
3.88046e-07
1.99856e-05
1.54755e-06
8.0083e-07
3.2763e-08
8.62998e-07
1.72513e-05
3.294e-06
4.91743e-07
4.30935e-05
4.41045e-06
2.21849e-06
2.67889e-07
1.15177e-06
7.1649e-06
1.99337e-07
1.92167e-07
7.12742e-06
2.1689e-05
1.26868e-07
2.34516e-06
5.81612e-07
2.07429e-07
1.84075e-06
2.67625e-07
1.36118e-06
4.38678e-07
1.37401e-07
4.27089e-06
8.41475e-08
4.40232e-09
5.45501e-06
8.28471e-06
4.41326e-07
1.32473e-05
9.06758e-07
3.07767e-06
1.67494e-08
1.5757e-06
2.52726e-07
3.37929e-05
1.42386e-07
3.55861e-06
2.35926e-08
8.46725e-08
5.02854e-08
1.35324e-06
5.39411e-06
3.83024e-07
4.17165e-07
1.07587e-06
2.82375e-07
2.51169e-08
8.50764e-08
8.83473e-07
1.2021e-06
1.50475e-06
1.9342e-06
2.12751e-06
9.906e-07
2.65924e-08
2.24156e-06
1.69764e-06
4.55422e-06
6.0472e-06
8.57561e-07
2.84737e-06
2.08446e-07
4.0462e-07
1.0729e-06
2.71845e-06
3.47949e-06
1.53409e-06
1.32515e-06
4.12253e-06
2.3644e-06
7.15755e-06
4.27425e-05
2.77076e-05
1.61684e-06
2.5462e-08
2.56829e-06
9.5256e-07
8.39911e-06
1.37315e-09
1.12504e-08
4.22177e-07
8.7093e-07
3.56722e-08
1.82866e-07
5.04214e-06
7.11389e-07
7.18738e-06
8.83758e-06
2.30516e-09
7.43681e-07
3.3197e-05
3.14475e-06
4.00084e-05
4.86758e-05
2.92092e-05
1.17668e-06
3.57062e-05
9.10834e-07
2.54438e-06
8.01205e-08
2.79818e-06
2.9734e-07
2.93522e-05
1.64935e-06
2.47212e-06
8.33273e-07
4.38022e-06
6.5882e-06
1.17456e-06
1.96241e-05
2.82116e-06
1.45399e-06
5.41452e-07
1.29804e-06
5.40332e-06
1.53342e-06
1.48092e-06
1.30425e-07
8.81354e-08
6.81066e-06
2.43492e-06
1.6122e-07
2.6404e-09
1.58665e-06
4.30734e-07
1.08378e-06
1.15292e-07
2.22295e-05
1.02892e-06
3.18713e-08
1.50744e-06
1.65866e-06
1.53521e-07
2.17496e-07
1.11185e-08
7.54162e-07
2.01507e-06
1.80913e-06
1.12111e-07
2.00324e-06
3.27101e-06
4.58729e-05
1.73312e-06
7.87734e-08
1.84694e-06
7.03057e-06
1.82362e-06
1.09992e-08
8.64071e-07
1.19672e-06
2.1421e-06
2.95319e-05
1.34908e-07
5.39929e-06
1.7706e-07
5.65721e-05
2.33222e-08
5.14555e-08
2.13577e-05
5.58776e-06
5.36654e-08
1.01926e-06
6.04312e-07
8.97649e-08
4.11017e-05
4.33383e-05
2.85328e-07
4.00867e-07
2.14539e-06
2.26597e-06
1.7273e-06
1.13446e-06
2.62689e-06
2.09368e-08
1.1455e-05
4.23476e-07
9.26415e-07
5.18634e-07
1.64928e-06
8.12192e-06
9.72831e-07
3.58288e-08
7.34341e-08
1.61789e-05
8.74362e-07
3.41316e-05
4.36991e-06
1.98036e-05
8.06375e-06
7.85939e-07
1.49729e-06
1.43067e-07
8.6601e-09
1.17237e-07
3.52795e-09
1.47176e-07
6.34808e-09
1.00391e-07
4.62759e-08
4.94647e-08
1.10341e-06
1.89949e-08
5.04646e-07
6.11321e-07
3.02749e-06
1.52731e-06
5.76703e-07
2.74343e-06
6.00947e-05
9.53783e-07
7.15148e-06
1.0509e-06
1.75885e-06
1.78202e-08
1.21033e-06
3.0849e-07
4.86499e-06
2.09061e-06
4.81264e-06
2.8454e-06
9.02846e-07
6.08126e-05
7.54345e-07
1.09374e-06
6.50109e-06
3.17402e-06
1.98303e-07
6.81341e-06
5.01395e-06
1.66678e-07
1.83945e-06
8.9064e-07
5.74413e-06
1.04356e-06
1.36859e-08
6.92045e-06
2.32186e-06
2.27508e-06
2.49759e-06
7.13406e-06
5.33012e-07
5.41502e-07
3.93675e-06
8.38999e-06
1.8851e-08
7.0842e-06
8.3965e-07
2.34483e-06
3.72445e-06
1.53621e-07
1.60743e-07
1.07951e-06
8.42991e-07
7.6383e-07
9.74773e-07
9.51964e-07
7.23492e-06
5.38909e-07
1.39485e-05
1.28237e-05
1.00772e-07
3.82906e-06
2.11769e-06
6.2933e-06
1.18357e-07
4.04902e-05
1.60431e-08
3.11348e-06
1.36762e-07
3.17091e-07
3.00882e-06
4.79803e-06
8.03089e-07
1.39337e-05
1.32276e-06
5.2969e-05
4.93694e-07
2.01232e-06
6.70623e-08
5.01217e-09
2.59856e-07
9.94049e-07
5.6968e-07
2.38797e-07
4.1423e-07
9.0008e-08
9.08107e-08
2.8297e-06
5.12867e-07
1.20622e-06
3.07523e-06
5.76772e-07
3.62929e-05
1.25402e-06
8.94584e-09
1.77273e-06
1.37259e-05
2.0062e-06
6.893e-07
4.31365e-08
1.5964e-06
2.95363e-06
3.88218e-05
3.14337e-07
1.46476e-07
8.85103e-07
8.28617e-07
1.42536e-06
1.96026e-07
3.6811e-05
3.64465e-07
1.76597e-06
2.76312e-08
1.33108e-06
1.10326e-06
8.28549e-06
9.97937e-06
7.99814e-06
5.33425e-07
1.48868e-05
1.65769e-06
7.37048e-08
6.71664e-07
6.87683e-05
1.74901e-06
3.80245e-05
3.98673e-05
4.58937e-05
9.38278e-07
3.21666e-05
3.49402e-06
7.2971e-07
5.77274e-06
8.32204e-07
5.33468e-07
3.92419e-06
6.83959e-06
1.02456e-05
1.73239e-07
5.83854e-06
3.90071e-06
1.05409e-06
2.15628e-05
4.95293e-06
6.2879e-08
1.9389e-08
4.34385e-06
1.05647e-05
5.65782e-06
2.76142e-06
3.0511e-07
2.86134e-07
3.57654e-07
7.46169e-07
1.3031e-05
1.1454e-06
1.94702e-06
9.16495e-07
6.05928e-05
5.76984e-07
4.87211e-05
5.05326e-06
1.1257e-06
3.73213e-08
1.1405e-06
4.41701e-07
1.28806e-06
1.34658e-07
6.5789e-07
6.2987e-07
4.31187e-06
5.45654e-07
4.13854e-07
2.6182e-07
1.95487e-06
2.39052e-07
1.29388e-07
2.97188e-06
1.05277e-06
1.48338e-05
1.01657e-06
3.96942e-07
1.54811e-07
1.15738e-07
3.23276e-06
8.56685e-07
7.60908e-06
4.40901e-05
5.84292e-07
4.12157e-06
7.67775e-07
1.22658e-06
4.36267e-06
2.00856e-06
1.71746e-06
3.73834e-07
8.84868e-07
3.87731e-06
7.17238e-06
3.18717e-08
9.25449e-07
3.37814e-07
5.54169e-06
3.41785e-06
1.85841e-06
9.23352e-06
3.86047e-06
2.01022e-06
4.14671e-05
5.04247e-07
2.40791e-05
9.25172e-06
1.25358e-10
2.58377e-07
4.06337e-06
5.13708e-07
8.96419e-07
9.18046e-06
1.36456e-06
1.56441e-06
1.55256e-07
9.9598e-07
1.78691e-05
1.79718e-06
1.61903e-05
1.07385e-06
1.39218e-07
2.69492e-07
2.82123e-06
2.31475e-05
6.0694e-07
1.28268e-08
3.64424e-06
5.22924e-07
2.96738e-07
3.24283e-07
4.76068e-06
1.87294e-05
1.41952e-07
1.26898e-05
2.33701e-06
4.65047e-07
1.52396e-07
2.07548e-07
3.50903e-06
3.27974e-05
5.17774e-07
1.66021e-06
4.69766e-06
2.80777e-06
2.57153e-07
5.2872e-07
1.27839e-05
2.12912e-06
5.29541e-06
1.14958e-06
1.43045e-05
3.99971e-05
1.74158e-07
1.12679e-07
1.50056e-06
4.06852e-07
1.18604e-05
8.62734e-07
1.03117e-07
8.50052e-07
1.16803e-06
7.22169e-06
7.58469e-07
2.75716e-06
3.63542e-05
1.74662e-06
2.74724e-06
2.42992e-07
6.75897e-07
1.34603e-06
3.55479e-05
2.13579e-08
1.09722e-05
3.56792e-06
3.29061e-08
1.99883e-05
6.6837e-07
3.63112e-06
3.58042e-06
1.90368e-06
1.62325e-05
1.82403e-07
7.82705e-06
3.20812e-06
4.29492e-06
1.00298e-05
2.22264e-07
2.05127e-05
3.77524e-06
2.25444e-07
1.8857e-08
1.52834e-05
3.22005e-07
1.55797e-07
6.7156e-07
3.77495e-07
1.99724e-06
7.49914e-07
1.46385e-06
1.95094e-07
1.9356e-07
2.35585e-06
7.57963e-07
2.47644e-08
2.95149e-07
1.59518e-07
9.07841e-06
4.09565e-05
6.27486e-07
8.5612e-08
5.6383e-06
2.30991e-06
6.99742e-06
7.21133e-06
1.0104e-06
6.63407e-07
3.78421e-06
2.8935e-07
9.01806e-06
7.94218e-08
4.42328e-08
2.05417e-05
5.66809e-08
3.89766e-06
1.82929e-08
1.31583e-07
8.60064e-07
1.52377e-07
7.55826e-07
6.01419e-06
3.26207e-06
4.43546e-08
8.80743e-06
5.6279e-07
4.03377e-06
2.11898e-06
1.24763e-06
3.2666e-06
3.29678e-07
5.48078e-07
2.4798e-08
3.38002e-06
4.47042e-06
2.81619e-06
5.72479e-08
1.44994e-05
5.43476e-08
4.36932e-06
3.035e-06
2.05734e-06
2.02556e-07
5.3067e-07
4.93885e-06
3.5964e-07
5.06633e-06
9.46361e-07
1.52513e-06
2.53402e-05
1.04836e-05
8.45397e-08
1.31475e-06
3.50947e-05
7.19268e-07
1.64773e-07
6.6452e-07
5.42714e-06
4.70605e-06
6.10743e-07
2.44254e-08
3.86854e-06
3.38092e-07
1.5788e-05
1.60991e-06
9.15889e-08
1.79347e-06
2.73104e-06
5.69851e-06
4.16136e-07
8.00307e-07
4.43217e-06
5.30809e-07
9.14654e-07
2.39997e-07
2.40581e-06
8.65054e-07
2.95044e-06
2.17285e-06
1.59712e-06
8.18033e-09
1.80245e-05
2.29245e-06
8.3333e-07
4.30771e-05
3.22194e-06
3.48804e-06
1.87457e-06
7.11677e-07
4.04764e-06
2.18496e-06
2.35726e-06
3.72654e-06
3.07903e-08
1.04037e-05
7.1311e-06
3.82652e-08
2.56729e-06
3.35812e-06
5.26955e-06
1.18745e-09
9.1031e-07
2.77738e-07
5.51057e-07
2.09258e-06
9.46853e-07
2.43345e-05
1.34482e-05
3.17951e-06
1.57989e-06
1.8818e-06
8.49791e-07
1.23641e-06
2.90263e-05
9.96034e-07
7.14854e-06
4.12258e-07
1.02264e-07
2.7557e-07
1.00099e-05
2.56851e-06
3.11285e-06
3.03624e-06
3.75926e-06
1.85499e-06
2.36866e-05
2.94817e-05
6.89019e-05
8.45989e-07
3.80751e-05
1.39878e-05
1.76562e-08
3.21193e-07
4.09907e-08
5.03479e-06
2.74134e-07
5.69516e-06
1.26438e-07
1.70868e-08
7.00887e-05
1.27944e-07
1.40622e-05
4.40174e-06
2.38367e-07
2.25542e-05
4.48139e-07
1.91817e-07
9.30276e-07
2.95224e-06
2.80883e-06
1.39553e-06
2.24224e-07
8.00136e-07
1.80448e-06
1.53346e-06
7.41023e-07
3.32172e-08
1.51619e-06
5.62288e-09
4.37901e-06
2.00372e-08
1.24679e-06
2.16159e-07
1.76568e-05
8.82576e-07
1.76152e-06
7.10451e-07
8.69753e-07
6.67684e-06
4.20054e-06
1.1817e-06
3.99094e-07
6.92654e-06
1.83921e-08
2.74877e-08
5.93849e-07
8.48731e-07
9.52528e-07
1.10455e-05
1.88185e-07
5.8853e-05
2.07312e-07
1.15337e-06
2.36986e-08
7.47805e-08
2.39188e-07
1.5617e-06
5.0899e-06
4.49519e-07
6.13099e-07
1.58547e-05
8.38725e-08
2.27877e-06
5.41114e-07
1.10391e-08
3.88958e-05
1.83571e-07
8.79707e-07
1.12384e-06
2.1785e-06
7.60243e-09
3.71469e-06
2.28969e-07
7.43097e-06
6.14457e-06
4.75283e-06
8.95785e-08
7.93968e-06
2.75899e-07
5.22283e-07
4.67449e-07
3.90907e-05
1.10312e-06
2.40141e-05
1.53901e-06
1.29374e-07
2.72318e-07
5.81653e-06
1.22032e-06
1.53143e-07
6.66133e-06
2.40455e-06
1.08458e-06
2.54355e-08
2.66975e-07
1.21302e-06
1.73386e-07
6.54296e-07
1.86859e-07
2.23854e-07
2.55054e-06
4.68347e-06
1.4862e-06
1.80675e-06
4.44468e-07
4.25616e-07
2.24895e-07
2.91921e-07
3.52902e-08
1.52371e-06
3.36656e-06
1.74385e-06
4.75724e-06
7.2837e-07
5.43071e-05
3.9562e-05
6.34919e-07
1.7994e-06
3.99374e-09
3.36455e-06
5.10632e-06
1.15611e-06
8.7238e-07
3.46537e-08
1.22915e-05
5.05807e-06
2.38978e-06
1.19398e-08
1.49066e-06
5.87217e-08
8.57176e-08
1.25693e-06
5.91834e-07
6.02516e-06
8.38126e-06
2.32104e-06
2.00867e-07
8.04705e-07
4.18493e-08
1.11724e-06
4.83332e-07
8.14107e-08
2.01823e-05
9.07374e-07
3.75365e-06
1.25558e-05
1.06781e-06
1.13663e-07
3.8126e-08
5.44102e-06
2.22073e-08
5.8157e-07
4.35497e-08
1.49044e-08
2.0374e-06
4.48719e-07
7.59076e-07
1.25671e-06
1.52919e-07
4.3224e-08
1.29178e-08
3.55369e-08
8.39813e-08
2.69609e-06
1.84641e-07
4.87667e-07
1.90631e-08
1.89716e-05
4.12372e-07
1.79855e-07
2.43119e-05
9.13255e-08
4.6434e-07
1.16299e-06
6.84556e-07
1.03115e-07
1.3653e-06
4.36117e-07
2.02923e-06
1.46246e-05
3.61108e-08
8.45182e-06
8.06506e-07
6.149e-08
1.33837e-07
6.49761e-06
3.28428e-06
7.47527e-06
4.35886e-06
1.5779e-05
2.16187e-07
2.31959e-05
1.02249e-05
1.71643e-07
1.88289e-08
2.75611e-06
2.09656e-06
7.60663e-06
1.80382e-06
4.14554e-08
7.31208e-07
1.8365e-05
1.10539e-06
1.55154e-06
5.84962e-07
3.96959e-06
1.55801e-07
1.9873e-06
5.49092e-06
4.33567e-06
1.69888e-08
3.44502e-06
9.85207e-07
6.83329e-06
1.2646e-06
3.29078e-06
2.11073e-06
2.18137e-06
2.83153e-06
6.50372e-07
7.05782e-07
4.17486e-08
1.27332e-06
4.52973e-08
9.31169e-06
9.51632e-07
4.17765e-07
5.78137e-08
1.68847e-06
5.10999e-06
5.69263e-08
1.97233e-07
4.71037e-06
3.52501e-07
2.53335e-07
1.84152e-05
2.44099e-07
3.80869e-06
1.77457e-06
1.79959e-08
3.6546e-07
7.56497e-07
1.6382e-07
4.03423e-06
4.18085e-07
3.88925e-06
4.04905e-06
5.50637e-07
1.45179e-06
1.25411e-08
2.17408e-06
2.28691e-06
6.10179e-06
1.68189e-07
1.7347e-05
1.06089e-05
5.51199e-08
3.79767e-06
1.60508e-07
4.49977e-06
1.3252e-05
1.215e-05
1.90769e-07
2.29048e-06
3.22166e-07
8.72595e-07
6.76474e-07
6.80129e-07
1.74166e-05
1.32619e-07
2.51787e-07
4.86784e-07
3.17066e-07
6.86503e-08
9.34514e-07
1.66243e-05
4.40393e-06
2.38176e-08
3.9831e-06
2.21612e-07
2.04777e-05
1.05405e-06
5.9959e-06
1.17676e-06
1.90371e-08
1.91422e-07
8.17739e-09
1.95976e-08
3.95003e-08
6.01894e-07
3.4739e-06
5.14129e-07
4.47162e-07
8.54777e-06
1.01252e-05
6.55574e-06
2.54887e-07
3.44766e-07
1.09437e-05
6.46603e-08
1.14443e-07
1.07602e-06
4.42177e-07
1.14799e-07
1.02807e-08
1.32286e-07
9.6209e-08
5.43472e-08
1.54651e-07
1.22864e-06
2.05127e-07
3.60826e-06
9.93907e-07
4.05268e-07
9.52009e-07
3.86607e-06
1.10743e-07
5.85965e-07
3.46497e-06
3.62975e-07
3.34309e-06
8.99231e-08
1.58413e-07
1.53052e-06
1.09832e-06
1.23893e-05
6.92579e-06
2.0322e-06
3.82141e-05
2.64705e-05
6.73373e-05
7.84988e-06
1.09655e-07
9.12657e-07
6.85355e-06
1.03641e-05
4.38122e-05
2.24921e-08
1.09428e-07
2.13986e-06
5.14601e-06
1.32193e-06
1.95169e-05
2.98876e-06
1.24963e-07
3.88404e-07
1.40519e-06
3.20386e-07
8.26929e-08
1.13579e-05
8.00158e-06
1.59936e-06
3.27064e-06
1.70945e-05
7.27912e-08
5.18961e-06
3.82181e-06
1.20941e-06
1.41064e-06
6.11394e-07
1.41869e-05
2.40788e-07
1.93643e-06
5.65271e-09
8.67072e-07
1.10098e-06
7.79477e-06
2.0523e-06
1.44027e-05
6.93568e-07
1.9335e-07
9.70523e-08
4.70726e-07
7.47695e-07
4.69892e-09
5.65868e-05
9.17161e-06
4.02999e-06
3.41562e-06
7.63349e-06
5.36207e-07
1.58686e-07
5.39575e-05
2.82493e-06
1.31749e-07
5.1137e-07
5.08348e-07
1.18963e-06
2.52435e-07
3.41317e-06
9.79068e-08
6.82975e-06
1.98909e-07
3.66568e-06
1.04833e-06
2.46919e-06
3.83675e-07
1.60363e-07
1.24989e-08
8.05733e-07
7.27005e-06
6.69428e-08
1.33666e-07
3.52981e-08
9.63127e-08
8.37128e-06
1.48309e-07
2.77184e-07
3.01801e-06
8.09672e-07
2.21068e-07
2.29753e-06
3.82498e-05
2.33449e-07
8.06355e-06
3.37258e-07
5.84049e-05
2.74928e-05
2.21879e-07
1.98537e-06
1.26714e-06
8.98027e-06
1.98743e-06
2.12722e-06
2.7517e-07
2.53394e-08
2.27832e-07
1.70814e-07
8.8465e-07
3.99576e-06
5.88172e-07
4.92673e-06
2.23093e-06
4.11712e-06
2.93141e-06
1.3957e-05
3.11004e-06
7.72158e-06
2.19115e-06
3.90561e-05
7.40581e-07
9.07781e-07
4.31634e-07
2.99202e-06
2.28108e-06
5.45361e-06
3.1062e-07
1.6619e-08
8.49493e-07
2.45968e-06
4.87459e-08
1.29799e-06
9.28378e-07
5.36199e-06
3.90417e-06
2.45991e-07
1.37646e-06
6.94937e-06
1.39078e-08
2.53373e-06
7.92031e-07
3.34764e-07
5.56527e-07
4.4987e-08
8.82125e-06
1.72242e-06
7.21638e-09
3.34682e-06
1.3172e-06
1.7492e-07
1.19637e-08
3.15461e-08
9.9475e-07
1.22817e-05
1.2502e-05
3.6191e-06
1.50349e-06
1.68821e-08
1.23371e-05
2.12285e-06
6.73697e-07
3.51803e-07
2.12117e-06
6.01509e-08
2.07339e-07
1.97527e-05
2.79987e-06
6.80802e-06
2.30599e-07
2.05997e-06
3.29359e-06
3.92056e-07
6.91551e-07
1.1064e-06
6.92472e-07
2.18981e-08
3.20697e-06
5.54334e-10
5.63537e-07
1.01526e-06
9.72647e-06
2.99441e-06
5.08464e-06
8.90117e-07
1.54763e-05
3.58032e-06
3.29135e-07
5.47557e-05
5.16431e-06
2.56714e-07
6.29071e-07
6.26286e-07
5.66244e-06
1.57183e-06
1.58179e-08
2.06902e-07
9.87606e-07
8.29301e-07
5.42464e-07
4.68639e-06
4.07591e-05
9.48913e-06
1.71328e-06
9.72741e-08
9.89373e-06
4.23292e-05
9.30786e-08
2.15319e-05
1.26218e-06
2.32643e-06
1.54907e-06
1.37995e-06
2.96781e-07
6.99078e-06
1.45412e-07
1.49937e-06
1.11047e-06
7.99503e-06
5.62837e-06
1.83748e-07
2.22028e-06
4.09119e-08
6.4739e-08
6.7165e-07
1.1627e-07
3.85858e-07
1.20154e-07
3.98298e-06
2.6013e-06
9.75385e-08
2.11924e-08
1.29932e-07
6.84797e-07
7.1776e-08
1.59551e-06
2.43384e-07
1.91904e-08
3.36939e-07
2.26356e-06
1.79771e-05
2.17971e-07
2.76759e-06
4.58867e-07
2.43165e-06
1.42465e-06
5.85967e-06
1.98606e-06
3.00173e-05
4.39122e-07
1.4518e-05
3.24963e-06
5.4606e-06
7.12607e-07
5.05655e-05
1.50051e-06
5.22652e-07
6.60614e-06
1.05111e-06
5.41568e-06
3.08948e-07
1.37809e-05
1.26551e-06
6.22643e-06
6.94339e-06
6.89186e-06
6.77324e-06
1.76431e-08
4.82463e-13
5.34312e-06
3.23394e-07
2.46619e-06
4.64833e-07
9.24398e-07
2.35379e-06
8.49023e-06
1.32115e-06
2.85594e-06
3.52361e-07
6.32881e-07
2.37846e-08
1.17817e-06
3.71833e-07
2.46951e-06
1.21183e-06
4.15873e-05
9.72717e-07
1.03494e-06
5.43523e-07
2.74135e-07
1.69368e-06
7.039e-06
1.12119e-06
1.89715e-07
5.51993e-07
3.42912e-07
2.24549e-06
6.60077e-06
1.19973e-07
1.40169e-06
1.36004e-07
5.82179e-06
2.75724e-06
6.38155e-06
1.68623e-06
5.50284e-07
2.27627e-07
5.25015e-07
4.20331e-08
4.81875e-06
5.18451e-06
2.59224e-07
5.21947e-07
1.34878e-06
2.15538e-07
2.25469e-05
6.8193e-07
7.89295e-07
7.40263e-06
9.16745e-07
7.31303e-06
9.04783e-07
2.73452e-05
3.00537e-06
8.1133e-06
1.45259e-07
1.90302e-07
5.55439e-05
4.03111e-05
1.34985e-05
6.93477e-07
2.26399e-06
2.83631e-05
1.15557e-06
2.42759e-06
1.30442e-07
6.26636e-07
5.86376e-07
4.23766e-07
2.10094e-06
9.05327e-06
3.64354e-07
5.87534e-08
3.51877e-06
3.73115e-08
5.99994e-08
7.43392e-07
8.44366e-07
1.7231e-06
3.65026e-07
1.28435e-05
2.19131e-07
1.89719e-07
4.17407e-07
5.01792e-06
2.61696e-05
2.67572e-06
8.41485e-06
2.21843e-05
9.30749e-08
2.08598e-07
2.48131e-08
5.23752e-07
2.39664e-05
9.53473e-06
4.00075e-08
6.97827e-08
3.25118e-06
2.77784e-05
4.26182e-05
2.89621e-07
1.1496e-06
2.20293e-06
5.42657e-06
5.70517e-06
1.10613e-06
7.22386e-07
1.45746e-06
1.16206e-07
5.96222e-06
5.87937e-05
1.41261e-06
2.12374e-05
1.64968e-06
2.8643e-06
3.41203e-07
2.32015e-06
1.77738e-07
6.36479e-07
1.81718e-05
4.02587e-06
8.84374e-07
3.05315e-07
1.02122e-06
5.23023e-07
7.90844e-09
2.04755e-05
4.18258e-06
1.17955e-06
2.49378e-06
1.10066e-07
2.29502e-06
1.38139e-07
9.64541e-07
3.17482e-07
1.626e-08
4.35424e-07
3.59776e-07
2.66822e-06
2.0828e-07
5.26788e-07
7.63762e-09
6.35941e-07
1.34727e-05
8.68611e-06
4.47722e-06
9.6813e-07
1.07236e-07
3.25076e-08
1.89172e-07
5.73709e-06
1.06624e-06
5.90093e-07
1.69223e-05
8.55113e-06
1.04221e-05
2.07874e-06
1.07664e-06
5.59428e-05
1.2925e-07
1.04259e-07
7.60857e-06
4.32324e-07
1.22467e-05
1.04672e-06
3.09958e-07
2.0285e-06
5.66117e-08
2.63506e-05
1.09588e-05
2.1648e-06
5.18025e-07
6.22982e-09
2.08243e-06
7.99816e-07
2.86143e-06
1.76008e-06
3.08205e-07
1.14464e-07
1.06274e-05
4.00288e-06
2.03693e-08
2.78179e-06
1.82915e-06
2.82231e-06
2.70622e-07
5.01512e-06
6.72539e-07
1.28331e-06
4.9308e-06
4.10445e-08
2.25335e-06
1.61836e-05
9.4127e-06
8.06491e-07
5.4269e-05
2.10561e-06
6.9804e-06
8.68944e-08
5.09318e-07
7.92807e-06
2.48145e-07
2.93216e-05
1.63549e-06
8.82475e-07
3.2122e-08
1.28837e-05
4.27106e-05
1.40354e-05
2.26646e-07
6.32219e-08
4.23146e-06
2.11305e-07
6.80977e-06
1.17864e-06
3.11469e-06
1.09552e-06
8.56971e-07
2.34533e-06
8.89441e-06
1.7698e-06
1.09776e-06
2.09776e-08
1.4243e-07
3.58613e-06
1.96936e-07
5.51942e-06
1.93718e-07
1.56223e-05
3.12422e-08
2.43701e-06
2.0036e-05
7.08702e-07
1.88955e-06
1.66466e-07
1.78098e-05
7.63707e-09
1.11812e-06
2.14542e-06
9.97163e-06
9.93826e-07
1.46532e-07
2.66608e-05
2.29129e-05
1.93795e-06
1.80527e-08
3.30333e-07
4.97677e-07
3.78029e-05
3.23812e-06
1.14891e-06
2.72026e-07
1.86189e-07
9.62965e-07
7.04183e-06
2.67601e-07
1.72241e-06
1.06994e-06
6.2763e-07
1.68293e-07
6.03993e-07
5.01691e-06
8.77664e-07
3.47402e-05
1.65381e-07
3.56561e-08
2.80864e-06
4.41744e-07
6.50223e-06
5.5072e-07
9.24274e-06
1.13165e-06
1.12291e-07
1.28157e-06
3.65693e-06
2.29807e-06
5.94743e-08
7.95427e-06
1.81629e-06
1.60972e-07
5.72058e-08
1.23661e-07
3.28788e-06
1.44367e-07
9.4744e-07
6.56335e-06
2.81628e-06
2.79617e-06
2.95543e-05
4.93867e-07
4.97178e-07
3.53747e-05
1.34455e-06
2.00125e-06
1.0249e-08
2.95455e-06
5.39908e-07
3.14459e-08
5.84381e-08
5.98986e-08
1.93617e-06
4.88931e-07
1.91453e-06
6.9369e-07
3.71266e-06
7.8689e-07
1.03769e-06
4.05919e-06
2.98434e-06
1.78116e-06
2.05068e-07
1.30523e-08
1.64272e-05
1.62602e-07
2.591e-06
8.72121e-07
3.74622e-07
1.75712e-06
1.69942e-05
9.48499e-07
1.00695e-06
2.7079e-05
6.53978e-07
4.27746e-06
1.96795e-13
3.26492e-06
7.38146e-08
7.78834e-07
2.51839e-06
3.66956e-06
9.61846e-07
4.92407e-07
3.05654e-06
6.94029e-08
4.12357e-05
6.22659e-07
5.87864e-07
8.19834e-08
2.42297e-08
1.18742e-06
3.97755e-06
1.23285e-07
7.72224e-07
2.0471e-06
3.71916e-06
7.17902e-06
1.43838e-06
5.11125e-07
1.23851e-06
1.77389e-06
1.25541e-06
5.92854e-07
2.19449e-06
9.24915e-07
3.13423e-07
5.13789e-09
1.4493e-06
3.49489e-07
1.31907e-06
3.59944e-07
3.70854e-07
3.3078e-05
3.46834e-07
7.17391e-08
4.37677e-06
1.46306e-07
1.42838e-07
7.62612e-07
1.3297e-06
8.26406e-08
1.32887e-06
6.94364e-05
2.15814e-06
1.80486e-05
2.73566e-07
3.67011e-06
2.43568e-06
8.44112e-08
6.45074e-08
4.74978e-06
2.0638e-06
5.26115e-05
8.19683e-06
2.20603e-06
4.53096e-07
4.02781e-08
3.2911e-06
1.37355e-07
6.92507e-07
1.84856e-06
6.15893e-06
1.80541e-07
8.19468e-07
2.21096e-06
1.23833e-06
4.98902e-06
5.4141e-09
1.02333e-06
3.38174e-06
2.04076e-08
8.22181e-07
4.72191e-06
2.57932e-06
2.48682e-06
1.39524e-06
2.07722e-07
1.71585e-06
2.69155e-07
2.69079e-05
2.2141e-08
2.6666e-05
6.42915e-06
2.00763e-05
7.99533e-06
4.6412e-07
5.05624e-07
7.26399e-06
3.8359e-07
1.26517e-06
1.74392e-06
3.23281e-07
2.46994e-08
4.96282e-06
4.18826e-05
5.04461e-06
4.36491e-08
3.07015e-06
1.79653e-07
5.0864e-07
5.3094e-05
1.98442e-06
1.26215e-06
1.99017e-07
5.33042e-05
2.76849e-08
3.60417e-06
3.15046e-06
2.4439e-05
1.81764e-07
5.25191e-07
5.3976e-08
3.31229e-06
4.59014e-06
3.348e-07
2.11327e-07
1.37538e-05
4.8378e-07
4.09811e-07
6.43108e-06
3.18277e-06
5.58124e-06
3.76161e-05
1.09869e-06
1.32784e-06
2.02877e-06
2.27001e-05
2.10261e-06
1.13597e-06
2.09047e-06
1.98473e-06
1.8189e-06
5.95686e-07
4.59792e-08
5.65067e-05
2.02487e-06
5.08841e-07
1.02326e-07
3.54543e-08
1.40499e-07
2.16305e-07
1.01682e-07
1.76551e-07
7.50989e-07
5.51575e-07
6.08045e-05
2.97663e-06
1.05098e-06
7.08496e-07
4.1158e-09
1.0655e-06
2.2781e-06
2.03696e-07
2.28824e-07
3.14445e-06
3.81658e-06
5.48277e-07
5.67534e-07
1.46314e-05
5.10548e-08
4.3922e-06
1.24319e-05
1.84123e-05
3.01216e-07
9.12636e-07
6.63365e-06
1.7066e-06
1.51394e-07
6.32642e-07
1.14559e-08
9.44078e-07
4.47431e-05
2.22002e-06
5.23741e-08
2.21074e-07
1.32844e-07
1.61934e-06
5.8744e-07
1.38054e-06
9.98685e-08
1.52511e-08
2.51396e-05
5.24887e-07
5.11077e-05
1.25306e-05
5.80136e-07
2.08769e-05
2.04384e-06
6.92776e-06
4.32445e-06
1.11082e-06
9.31767e-07
7.81735e-07
4.15361e-06
5.83682e-07
9.18513e-07
1.11622e-06
1.47902e-07
8.89002e-06
8.70761e-07
1.76922e-08
4.15578e-06
3.57141e-05
1.91135e-07
2.17092e-07
1.64199e-07
1.08774e-05
5.00382e-07
1.42617e-06
9.89587e-08
5.24511e-07
3.99769e-07
3.22146e-07
4.0761e-07
1.3824e-05
5.70617e-08
1.85329e-07
5.60059e-07
1.3188e-07
1.00929e-07
5.06375e-06
1.27548e-06
2.34255e-06
5.87496e-07
1.16717e-06
1.63978e-07
4.13713e-07
1.45012e-06
1.16732e-05
9.89422e-06
1.00009e-05
2.78613e-06
1.53441e-06
3.91862e-05
1.16141e-06
4.96811e-06
2.48914e-06
6.24913e-07
4.94505e-07
6.05029e-06
4.69032e-07
1.94751e-06
1.9153e-05
4.62452e-06
2.19411e-07
6.82876e-05
1.10935e-06
8.4362e-07
2.3083e-06
9.76238e-07
4.96937e-05
2.23215e-07
2.7172e-06
3.65696e-06
2.52697e-09
2.29561e-07
2.50165e-06
5.32909e-07
3.24904e-08
5.5278e-07
1.48664e-07
5.91332e-08
2.17549e-07
8.67708e-08
6.58055e-07
6.12289e-10
3.93426e-06
1.74535e-06
9.01963e-08
2.70909e-06
1.90131e-06
2.24997e-07
6.22075e-06
1.04956e-06
5.19787e-07
9.32247e-07
5.91653e-07
2.68757e-07
2.45372e-05
2.10151e-05
4.8574e-07
3.30574e-08
3.74744e-07
1.48963e-06
4.81366e-07
2.08323e-07
2.71109e-05
1.93485e-06
3.18286e-06
2.25518e-06
7.76705e-08
3.23862e-07
1.51494e-06
2.26288e-06
2.86496e-06
5.5358e-08
7.45678e-07
3.85314e-07
1.3553e-06
1.21817e-06
2.9211e-06
3.56265e-07
7.85846e-08
9.48856e-07
5.6461e-07
1.43068e-05
9.04834e-07
8.72339e-07
5.23766e-07
3.992e-05
7.00531e-06
4.57277e-05
2.07311e-08
2.04842e-06
6.3569e-07
2.13274e-06
9.76075e-07
1.86428e-06
3.42169e-06
6.43642e-09
1.82682e-06
6.05076e-07
3.36585e-08
6.92433e-05
9.62063e-07
1.73993e-06
9.20547e-08
7.5151e-06
5.92057e-06
1.40876e-05
3.76234e-06
1.53472e-07
1.43881e-06
4.86014e-06
7.82286e-07
3.64195e-06
6.96431e-06
3.51228e-06
3.82601e-08
9.72721e-10
6.63204e-05
4.75202e-06
7.67479e-08
6.11284e-07
1.80145e-08
1.73512e-05
1.20909e-05
1.10016e-05
5.41367e-07
4.34694e-07
5.68958e-06
1.81146e-06
1.56674e-06
1.16015e-06
2.24786e-08
1.14391e-05
2.69155e-07
2.13989e-06
6.82324e-08
1.53154e-07
8.05998e-07
3.05428e-06
6.82981e-05
5.56665e-08
1.96375e-05
2.19066e-07
3.95584e-05
1.54209e-05
4.20359e-07
2.72753e-07
5.30911e-06
1.75932e-06
4.28686e-06
2.71444e-07
3.36043e-06
5.07316e-06
5.0215e-07
2.81396e-07
3.27149e-07
6.35753e-07
3.09805e-06
5.65635e-06
2.98371e-07
7.24148e-06
1.83386e-08
3.99606e-05
9.23155e-07
2.94795e-07
1.24953e-05
2.83958e-05
4.13303e-08
2.94845e-05
2.12983e-08
4.0698e-07
8.31943e-07
3.39763e-05
1.96144e-06
1.972e-06
1.2156e-06
3.05765e-07
1.51811e-05
1.85962e-06
3.00391e-06
1.14351e-07
9.78327e-09
7.06234e-09
3.06919e-09
1.30651e-07
1.33451e-07
1.16325e-07
1.2837e-06
2.23152e-07
8.38238e-08
1.20674e-05
1.9782e-06
6.99107e-06
2.08902e-07
7.74759e-07
2.02605e-06
5.94237e-07
4.6764e-07
3.83716e-08
1.74233e-06
6.42541e-08
1.71127e-07
2.06787e-05
5.96587e-06
4.73243e-06
2.85101e-07
1.41775e-05
2.1114e-06
8.09337e-06
2.19865e-06
2.43837e-07
2.45701e-08
2.14629e-06
1.08737e-05
4.74794e-06
7.55772e-06
2.60876e-06
2.96074e-07
3.94241e-07
1.57749e-06
1.05335e-06
8.7758e-07
3.4317e-06
2.13814e-05
1.01679e-06
7.1678e-07
3.31919e-06
2.04705e-06
4.08674e-07
2.27903e-06
7.14592e-06
2.09897e-06
2.62536e-07
7.83427e-07
4.01848e-08
8.58373e-06
9.86477e-07
2.66282e-07
5.21414e-07
5.50305e-05
5.28891e-08
6.69505e-06
1.57076e-06
6.5472e-09
1.25681e-05
2.09902e-06
2.25006e-07
8.22472e-07
1.05531e-07
2.04107e-06
3.36613e-05
1.80379e-06
4.3567e-07
6.63282e-06
3.00576e-07
1.59748e-07
3.19554e-07
1.23032e-06
3.04913e-07
4.62982e-07
2.63665e-05
6.1541e-07
2.12155e-06
1.26689e-06
1.10862e-07
8.40325e-08
1.52643e-07
2.77023e-08
4.76469e-07
4.31303e-06
1.07246e-05
7.99717e-07
2.42989e-08
3.29278e-06
3.77207e-06
3.20428e-07
1.32659e-07
9.41909e-06
4.4639e-06
1.53533e-06
2.87665e-06
1.45889e-05
1.48498e-06
2.17542e-08
1.12402e-06
1.91673e-08
4.59214e-07
4.1298e-06
2.01951e-06
1.67676e-06
2.17695e-06
6.78227e-06
2.934e-07
3.37132e-07
1.14773e-06
7.2995e-07
6.97444e-06
7.8205e-07
1.32313e-07
6.79217e-05
8.1126e-07
9.33643e-07
4.12313e-06
5.61728e-06
4.83862e-06
3.30671e-06
7.56339e-07
2.80565e-06
2.06695e-05
4.02372e-05
2.74958e-06
4.16225e-06
1.74644e-07
2.45792e-06
5.48927e-07
4.88059e-07
2.21083e-07
1.15099e-06
1.5347e-07
8.53986e-07
5.27026e-06
2.9818e-06
3.15126e-07
7.44512e-06
7.99185e-08
5.1271e-07
6.92929e-07
3.01138e-06
6.84157e-07
4.30681e-06
2.75495e-06
1.81698e-06
6.14724e-07
6.49465e-06
2.47184e-09
8.39613e-06
6.11882e-08
1.01709e-06
2.24062e-07
2.47705e-05
1.58337e-07
2.27025e-06
4.40592e-08
5.38339e-07
4.69332e-05
1.12568e-06
2.60357e-06
1.1964e-07
3.33351e-07
2.31672e-08
1.07677e-05
1.42491e-07
3.54496e-07
1.12516e-06
7.69113e-07
4.50512e-05
1.42155e-06
5.54176e-05
2.05823e-06
8.9079e-07
8.42324e-08
4.54134e-06
3.07291e-06
1.37099e-06
5.51226e-08
3.8397e-07
1.55516e-06
1.36161e-08
2.28838e-07
1.28998e-06
4.97926e-07
5.86666e-06
3.01564e-05
8.83626e-08
5.8399e-06
1.72834e-06
1.84497e-06
1.4653e-08
1.60389e-07
7.033e-06
3.80181e-07
2.54379e-07
1.31343e-05
1.21232e-06
5.2982e-07
2.0967e-06
1.33815e-05
1.71997e-06
5.08342e-06
3.36071e-06
1.64856e-06
1.92283e-08
1.90166e-07
7.27517e-07
1.1086e-06
2.40419e-06
1.43875e-06
1.02136e-06
5.48348e-07
2.30095e-07
6.97894e-07
7.71532e-06
3.71516e-06
3.13827e-07
4.90827e-06
4.97789e-07
5.43876e-06
4.9252e-08
7.49436e-07
5.6105e-06
1.11958e-05
1.43238e-08
2.39902e-07
1.66873e-05
5.99394e-05
1.31581e-06
2.53761e-06
1.63367e-05
1.09249e-06
2.18462e-05
4.22681e-07
1.99871e-06
3.3941e-06
2.25337e-05
1.80842e-05
3.13187e-05
2.75255e-06
1.37023e-06
3.63425e-05
1.72513e-07
6.92853e-05
6.67776e-06
1.73388e-05
5.25462e-07
5.50186e-06
1.84099e-11
1.38477e-06
4.78058e-07
3.69109e-06
3.29711e-06
5.78598e-07
5.806e-07
7.27871e-07
1.10466e-07
9.21934e-08
1.31882e-06
8.71031e-08
8.67691e-07
1.3068e-05
2.25949e-06
6.28347e-06
7.05298e-07
2.76285e-06
8.12332e-08
1.28481e-07
4.0693e-07
8.527e-07
8.0591e-07
9.29775e-07
3.28577e-06
9.21735e-06
2.3705e-07
1.26585e-06
2.52922e-06
3.42695e-06
1.86119e-07
4.23871e-05
5.25927e-06
2.29835e-07
1.33389e-06
8.69918e-06
9.15673e-07
5.42325e-06
2.34674e-05
1e-07
7.91155e-08
3.87719e-08
4.80064e-05
2.17403e-06
2.01463e-06
4.92221e-06
1.08517e-06
9.51882e-06
1.06931e-06
1.71447e-06
5.73501e-07
3.85182e-06
4.21439e-09
6.91613e-05
5.96652e-06
4.08394e-06
4.56174e-07
2.12075e-07
3.85275e-07
3.50975e-07
7.10421e-08
2.35696e-05
2.29942e-07
7.97749e-07
1.08805e-06
2.24788e-08
3.36326e-06
1.01825e-06
8.36568e-06
6.19674e-06
9.99532e-06
1.51285e-07
1.80373e-06
4.93274e-05
3.09121e-07
6.54721e-08
4.27523e-06
8.52813e-07
1.76812e-05
2.77718e-06
1.38705e-06
1.96177e-08
3.60043e-07
2.45273e-06
2.45123e-08
1.97176e-06
1.16092e-06
4.50957e-09
2.67564e-07
8.96521e-07
1.07766e-07
4.30319e-07
4.18079e-08
2.05483e-06
2.68026e-06
3.36139e-06
7.85342e-07
8.93213e-07
2.2506e-07
3.77305e-07
3.03847e-06
1.32663e-05
7.66049e-08
2.02244e-07
3.19618e-07
3.55812e-06
4.27707e-07
1.70007e-07
1.76966e-06
1.02616e-06
2.12884e-06
2.17047e-07
6.09306e-05
1.18406e-05
7.08046e-06
1.91202e-05
1.8542e-07
5.5941e-07
5.65431e-07
2.29989e-07
3.71985e-06
1.39528e-05
1.03738e-07
6.00985e-07
2.39596e-07
1.4682e-06
2.38278e-07
5.98824e-06
5.65812e-07
2.5668e-06
1.63296e-07
3.73684e-09
3.26487e-05
2.17663e-06
3.23891e-07
1.344e-07
5.50041e-07
5.79124e-07
2.16623e-06
4.69761e-08
4.09546e-08
3.10644e-06
2.43209e-07
6.61251e-05
4.42844e-06
1.81917e-06
2.0957e-07
1.31425e-06
2.59979e-07
2.61844e-07
1.2371e-05
1.84005e-07
2.71115e-08
7.20351e-06
1.75022e-06
5.35531e-06
1.79252e-09
4.90753e-07
2.6916e-05
2.18246e-05
6.45726e-07
7.16988e-07
4.08601e-06
4.11792e-05
3.10795e-06
2.95241e-06
2.2242e-07
1.39408e-05
4.73146e-05
8.84787e-07
9.58746e-06
5.14431e-06
9.65128e-07
4.76538e-06
1.29761e-06
1.68186e-06
8.75833e-06
7.87615e-06
1.66375e-08
7.18466e-07
1.94588e-06
7.84331e-07
2.70256e-09
4.34807e-06
5.59308e-07
3.11978e-07
4.01854e-07
1.78521e-06
2.17208e-06
3.44999e-08
1.60395e-07
6.37705e-08
1.56433e-06
8.41796e-09
7.69881e-06
4.53445e-07
2.71056e-07
3.71509e-06
3.37579e-07
3.09651e-06
1.34242e-06
6.57688e-06
2.10829e-06
1.66625e-06
4.15763e-05
2.00109e-06
5.70327e-08
2.00782e-05
1.14409e-07
4.72373e-06
8.58556e-07
3.69481e-06
1.10861e-06
1.79248e-06
4.14015e-06
8.16652e-07
6.50191e-07
2.67213e-06
8.54115e-06
1.02856e-06
2.2884e-05
1.99603e-06
6.68835e-07
1.00685e-05
1.44133e-05
1.38209e-06
2.4484e-08
1.04791e-06
7.855e-07
1.44164e-06
2.6219e-07
4.47043e-05
2.26507e-05
2.6761e-06
1.76661e-06
3.84608e-08
2.30562e-07
2.61657e-06
9.32059e-07
7.99999e-07
3.96989e-05
6.04722e-07
1.26735e-06
4.07568e-07
3.24951e-07
1.53274e-06
2.05879e-06
4.02766e-08
2.50187e-08
2.51111e-05
3.23739e-07
6.47972e-08
9.58381e-07
1.41029e-07
3.85774e-07
3.43784e-06
1.96064e-07
3.46486e-07
7.86686e-07
5.06566e-07
1.98533e-05
2.10044e-06
1.90515e-07
1.39337e-05
5.7581e-06
1.28845e-07
3.29892e-06
2.65428e-06
1.77928e-06
2.50872e-06
1.68737e-05
1.97698e-05
1.13979e-06
6.6392e-06
1.83086e-06
7.65387e-07
7.35039e-09
1.22641e-07
1.48108e-06
1.156e-06
3.71386e-06
1.21922e-07
9.37401e-07
1.4983e-08
1.89868e-06
4.73293e-06
3.89555e-07
3.33022e-08
7.99774e-08
5.56498e-06
6.17209e-08
5.71942e-06
5.01072e-07
1.73108e-07
8.21984e-07
7.94306e-06
2.80397e-05
4.06192e-06
1.41566e-06
1.87262e-06
1.88355e-06
1.44595e-05
2.23995e-08
3.19599e-08
1.17434e-07
9.69581e-08
7.1671e-07
8.95705e-07
1.81496e-06
4.73443e-07
5.09871e-07
9.46998e-06
1.60897e-07
1.79868e-06
4.52129e-06
6.37924e-06
4.27227e-05
2.23137e-06
6.53525e-06
1.76292e-06
5.35949e-07
2.99828e-06
9.49768e-07
2.82353e-06
1.84651e-07
1.55517e-06
4.34268e-07
3.69097e-06
1.15807e-05
1.59413e-07
2.29921e-08
5.46028e-06
3.53059e-07
2.10637e-05
1.54382e-07
1.56035e-06
7.49376e-06
4.50873e-07
1.64049e-06
3.62651e-07
2.19527e-05
3.30702e-07
2.47224e-05
1.0102e-07
3.42872e-06
7.04645e-06
6.12035e-07
1.66161e-06
2.24895e-07
1.89856e-06
1.4532e-05
1.48632e-06
1.33726e-07
1.48882e-05
4.22232e-07
4.84689e-07
1.39051e-06
2.46476e-06
7.22585e-07
1.46825e-06
1.62466e-06
2.36545e-06
5.22044e-06
1.30089e-05
4.55766e-06
9.42445e-06
1.38782e-05
3.36863e-08
2.55862e-06
1.50173e-06
9.41703e-08
1.49084e-06
6.11724e-05
1.23232e-08
1.62896e-07
6.98374e-09
1.11964e-07
9.48492e-09
1.26996e-07
5.63854e-08
6.39206e-09
1.16242e-07
1.1662e-07
4.29555e-09
3.25682e-09
2.05368e-09
7.78778e-09
1.15111e-07
4.74763e-07
1.40162e-08
3.44759e-07
6.90859e-05
2.04815e-07
2.03946e-06
4.99941e-07
6.7075e-07
1.24705e-06
9.99961e-07
3.20496e-06
4.04901e-07
7.70815e-07
1.3087e-07
2.18511e-05
1.09366e-06
2.04976e-07
1.99541e-06
3.18925e-07
6.11292e-07
1.64671e-06
3.26196e-06
1.72014e-06
1.95985e-06
1.80895e-06
6.48004e-07
5.7811e-05
2.75894e-07
1.58636e-07
2.64391e-06
8.25561e-08
3.06286e-05
1.54671e-05
1.25447e-07
7.46487e-09
1.07987e-07
1.27994e-07
6.74201e-06
6.45921e-07
4.87792e-06
2.51137e-05
4.53996e-06
1.80772e-06
4.57212e-06
2.7498e-05
5.58951e-09
1.62224e-05
8.75488e-06
1.17111e-05
1.04715e-06
5.4716e-05
1.67225e-06
2.17668e-06
1.62458e-05
2.09516e-07
1.0285e-06
4.87503e-06
1.2665e-06
1.21962e-06
7.85561e-08
9.37291e-06
3.13556e-07
2.21951e-06
2.15186e-05
3.09777e-08
6.36787e-05
1.25322e-06
1.72592e-06
8.10507e-06
8.25383e-07
5.20407e-07
3.02454e-07
1.22069e-07
7.62322e-07
2.47658e-07
5.37135e-07
1.84104e-07
1.84159e-05
1.70498e-05
2.09727e-06
6.64955e-08
7.65725e-09
3.06831e-07
1.72425e-05
3.66199e-06
4.5904e-07
1.72036e-06
5.10266e-07
2.34533e-06
4.97568e-06
1.15411e-07
1.95499e-06
1.96374e-07
3.21546e-07
4.95633e-06
5.95874e-06
5.74613e-06
1.37938e-05
5.97717e-07
2.30309e-06
3.38791e-05
1.58811e-06
2.88901e-07
1.09582e-06
2.24966e-07
6.48212e-07
1.92388e-05
1.69759e-06
7.19117e-08
1.2629e-06
3.68779e-05
7.17282e-07
6.43101e-05
2.64042e-06
4.00171e-05
2.11802e-05
2.48091e-06
4.31884e-08
1.67599e-06
6.54201e-08
3.39182e-07
1.27692e-08
1.93923e-05
3.86101e-05
1.57816e-06
2.72699e-07
4.1667e-06
1.92616e-05
2.44265e-05
5.13392e-07
5.92633e-06
4.5324e-05
8.4817e-07
1.59278e-05
6.31298e-07
2.30189e-07
1.39377e-08
1.44549e-06
1.78395e-06
4.59397e-05
5.87524e-07
1.17318e-06
7.38358e-08
1.28177e-08
2.87147e-06
2.63537e-05
2.32794e-06
6.03409e-06
8.13062e-07
2.86599e-08
1.51013e-08
4.2403e-05
2.09665e-06
4.56643e-06
2.63931e-06
2.91371e-07
6.32303e-07
3.14168e-07
2.06105e-06
2.10457e-05
6.92199e-07
5.70175e-07
4.65924e-06
5.1881e-07
1.09458e-06
4.58931e-06
7.8421e-06
3.28857e-06
9.8046e-07
1.11714e-06
4.44983e-06
1.12062e-05
1.84515e-07
2.84654e-06
1.8192e-06
6.87294e-08
6.07695e-06
1.4713e-08
1.66727e-06
8.38727e-08
1.82467e-08
1.44945e-07
8.75615e-07
2.24111e-05
2.0483e-07
5.84374e-07
1.01017e-08
1.78033e-06
1.50117e-06
4.38432e-07
7.13327e-08
1.16996e-08
1.96929e-05
2.46647e-07
4.56967e-07
2.03429e-06
5.95594e-08
2.83426e-06
6.89788e-06
1.92475e-06
9.95772e-07
1.89176e-06
5.14985e-06
6.31546e-06
3.34578e-06
3.1379e-07
1.1928e-05
4.2749e-06
1.78218e-06
1.464e-06
1.81657e-06
1.34128e-06
1.97003e-07
1.55367e-06
2.47367e-08
6.9369e-06
1.10986e-06
1.99832e-08
9.96647e-07
2.23506e-08
2.60856e-07
3.9036e-06
1.75976e-05
1.22527e-07
5.64673e-08
4.61894e-07
8.57548e-06
1.90079e-06
7.72599e-07
4.18004e-07
3.18954e-06
8.42535e-07
7.0543e-06
3.18812e-07
1.99466e-05
8.66287e-07
1.44101e-06
2.80858e-06
5.95001e-06
1.66671e-05
9.85079e-07
2.88389e-07
1.55356e-05
4.84492e-07
2.05767e-06
5.2089e-07
4.14899e-06
1.74715e-06
5.27822e-07
5.82772e-06
5.91032e-06
1.23329e-06
1.39146e-06
2.71676e-07
3.15081e-06
7.36121e-08
2.23125e-07
2.83814e-06
8.30149e-09
7.15121e-07
6.68363e-06
1.9572e-05
1.13617e-06
4.11378e-07
1.66954e-05
9.2389e-08
1.60324e-06
2.33059e-05
4.12377e-06
1.7281e-06
6.23451e-07
4.77275e-05
7.44832e-06
1.58189e-05
7.54467e-06
1.07608e-05
8.80961e-07
2.75297e-06
1.68221e-06
6.837e-05
1.81831e-05
1.82377e-07
8.77983e-07
8.20845e-07
1.13431e-09
1.53216e-06
3.02739e-05
1.82832e-06
1.67012e-07
8.00831e-06
2.80016e-07
3.74455e-07
1.24333e-06
3.70105e-08
2.27944e-07
3.38689e-06
8.73047e-07
5.27083e-07
6.6186e-08
1.48522e-06
9.59756e-08
5.36438e-07
3.24461e-06
7.73537e-08
1.61371e-07
7.64704e-07
7.1995e-07
1.03337e-06
8.76685e-06
8.15548e-07
2.43101e-05
3.10594e-08
1.57151e-05
2.38049e-05
1.45769e-06
6.94151e-06
3.89959e-06
1.83454e-05
1.58673e-06
1.04597e-06
1.7058e-06
9.60867e-08
7.37277e-08
6.42618e-05
1.04584e-06
2.34916e-05
1.87115e-05
3.32462e-06
7.5315e-07
8.79377e-07
7.0212e-08
4.12008e-06
2.08435e-05
3.65948e-07
3.07155e-08
7.28921e-06
2.64852e-07
1.22144e-07
7.62076e-06
2.30638e-06
1.18851e-06
1.57371e-05
6.61321e-05
6.56297e-06
1.94106e-05
2.02536e-07
8.79145e-08
2.03835e-06
4.60195e-07
6.65362e-07
1.30921e-06
4.65355e-07
2.89971e-07
1.38828e-07
2.14917e-06
3.09554e-06
2.0391e-06
1.23655e-06
3.20281e-05
1.95085e-07
1.64911e-06
8.47333e-08
2.34848e-06
8.83455e-06
8.09436e-06
3.39137e-06
2.2369e-05
4.08905e-06
7.04826e-06
1.92059e-06
3.07878e-07
1.19091e-06
3.84422e-05
3.36351e-07
2.70616e-06
6.02258e-06
5.40769e-07
3.52439e-07
6.38135e-06
1.54077e-07
4.00825e-07
2.92791e-07
8.98027e-07
3.44021e-06
5.81292e-06
3.8054e-06
4.86216e-06
6.50271e-06
7.57782e-08
1.949e-07
2.83728e-06
1.61115e-05
2.01919e-06
9.99922e-07
7.18688e-06
1.57746e-07
3.0388e-06
1.03234e-08
1.84092e-06
5.59932e-05
1.91404e-07
6.65203e-05
9.66342e-08
6.92345e-05
1.92254e-07
1.97932e-06
1.46514e-05
9.88308e-08
8.29922e-07
5.09864e-06
6.81243e-07
6.80505e-06
1.81462e-11
9.77093e-06
2.98868e-08
2.98174e-06
8.19635e-08
5.86332e-06
1.92661e-08
4.96893e-06
2.89975e-06
1.15588e-07
3.00837e-06
3.77611e-06
9.46853e-06
1.11291e-06
5.40957e-07
1.5688e-05
1.28998e-05
9.28836e-07
4.80751e-06
7.64051e-06
1.31305e-06
1.09353e-06
6.70397e-07
1.97392e-06
6.75301e-07
3.90633e-07
6.03833e-07
1.29736e-06
1.53737e-05
2.7954e-05
5.35844e-07
6.38625e-08
6.10916e-07
2.24178e-06
2.4509e-07
5.86269e-07
7.08626e-06
5.51357e-07
2.39381e-06
1.17776e-08
2.84099e-06
2.12216e-06
2.00877e-06
5.60955e-06
3.02461e-07
2.81353e-08
3.61809e-05
1.30624e-05
1.35702e-06
3.33444e-07
7.13658e-06
2.41821e-06
5.66656e-07
1.79536e-06
7.5468e-08
5.46065e-07
2.1642e-06
4.53829e-07
1.35702e-05
3.03392e-08
4.38205e-05
4.67548e-07
1.19986e-08
3.25479e-06
1.50712e-06
1.27965e-06
4.91682e-09
3.17654e-06
5.04798e-07
1.54286e-05
1.67638e-06
3.31234e-06
8.05938e-06
3.84215e-06
4.38313e-07
2.2581e-06
8.61215e-08
1.82241e-06
8.52554e-07
1.35932e-05
6.24446e-06
6.75283e-06
4.47859e-07
7.34022e-07
1.29254e-06
4.57609e-07
1.59523e-06
5.3528e-06
1.25005e-07
3.24574e-08
9.60482e-10
4.79589e-08
2.16666e-05
1.44118e-06
2.80143e-05
1.63955e-05
1.49461e-08
6.43591e-06
2.78371e-06
8.20837e-06
2.79147e-06
6.15565e-07
1.29659e-06
4.87613e-07
7.50668e-06
7.18677e-07
1.24945e-06
5.76194e-07
1.92277e-05
1.21904e-06
2.07536e-06
2.58928e-07
5.49096e-07
1.48042e-06
1.35891e-06
7.01208e-09
1.33649e-06
3.47641e-05
5.03614e-05
5.0247e-07
1.63158e-06
2.60293e-08
4.61579e-07
2.22519e-05
6.30433e-07
5.75065e-06
1.43348e-06
5.45061e-06
3.69602e-05
3.7274e-07
1.85038e-05
1.48203e-05
4.75338e-07
9.37629e-07
1.50486e-05
6.33663e-07
6.84564e-05
7.26737e-07
1.25213e-06
5.84537e-06
2.85742e-06
3.3103e-07
5.47206e-05
3.00728e-05
1.13147e-06
3.20266e-07
1.48106e-06
2.73659e-07
2.09907e-07
1.594e-06
2.09784e-07
1.46835e-06
2.52094e-05
2.52296e-07
2.71373e-07
1.20968e-05
7.26728e-07
6.14536e-06
1.0973e-07
6.22384e-05
9.86023e-07
3.83803e-06
3.95324e-05
2.23125e-05
6.64775e-05
4.05801e-05
1.02929e-07
6.44503e-05
4.65835e-07
5.25487e-08
2.86827e-05
7.60204e-08
2.55514e-05
4.84104e-07
1.31214e-05
5.22065e-06
1.7514e-06
6.55271e-06
1.25498e-06
2.11512e-05
8.48476e-06
9.42322e-08
8.02517e-07
2.51742e-07
7.5051e-07
1.13913e-06
4.76624e-07
5.62001e-07
6.11113e-05
1.06821e-06
2.79673e-06
3.49627e-06
2.28975e-06
4.76395e-07
6.18633e-06
4.00484e-05
2.99879e-07
3.83087e-06
1.57699e-06
2.66774e-06
2.14743e-07
5.14228e-07
2.12804e-06
1.06677e-06
7.25239e-06
2.38738e-06
1.18739e-06
5.71838e-07
1.18325e-05
5.67197e-06
2.58017e-06
1.95093e-06
2.38744e-06
9.86492e-06
7.85788e-07
1.40033e-06
1.46158e-06
6.76063e-05
1.59395e-06
1.63982e-07
6.06322e-05
5.6015e-05
2.49995e-05
1.36153e-08
1.34306e-05
8.76917e-08
5.02565e-07
4.47112e-06
3.35492e-07
5.56363e-06
9.11188e-07
3.06297e-09
1.97139e-06
1.81385e-05
1.6185e-06
1.98306e-08
1.70337e-05
1.97904e-08
8.83217e-07
6.13762e-07
1.96565e-08
5.14498e-08
2.99964e-06
1.25073e-07
1.81696e-08
1.78909e-08
8.78558e-06
2.60426e-07
5.93193e-05
1.22088e-05
5.17127e-07
4.84714e-05
2.31264e-05
8.72063e-07
7.47042e-08
3.01592e-07
4.85969e-07
2.46495e-05
4.39531e-06
1.10821e-06
6.09301e-05
3.28904e-05
9.30474e-06
1.30601e-05
2.08788e-06
2.23007e-06
3.13606e-06
1.15003e-06
2.47228e-05
2.06758e-06
4.02588e-07
5.0279e-07
2.31831e-06
2.00005e-06
1.21816e-06
2.05357e-08
2.04932e-05
8.54357e-07
2.16045e-08
1.35328e-05
1.49259e-06
2.26229e-06
1.98993e-05
3.47316e-07
2.96881e-05
4.61832e-06
1.27755e-06
2.33157e-07
2.65098e-07
6.11286e-07
1.15079e-06
4.1562e-07
3.02765e-05
5.94848e-07
2.32382e-06
4.46975e-06
4.90276e-06
2.24251e-06
1.55393e-07
2.39584e-05
7.97994e-06
4.1421e-06
1.37035e-06
2.85913e-08
1.51145e-06
8.01145e-08
5.59503e-07
8.07514e-06
2.765e-06
1.35988e-05
2.66986e-07
3.93276e-06
3.06264e-07
2.18741e-06
2.70653e-06
5.97387e-06
2.71174e-05
1.84805e-06
3.84111e-06
3.78069e-06
1.28407e-06
3.83317e-06
6.47988e-05
1.85392e-08
2.96383e-07
5.64648e-07
2.45641e-06
9.90397e-06
1.67037e-06
3.34535e-06
1.95559e-07
2.44498e-06
9.27065e-07
2.95265e-05
3.27958e-06
1.71251e-07
4.75383e-06
2.86096e-06
8.54152e-06
1.64862e-07
1.29457e-06
5.49475e-07
2.0641e-08
1.07324e-05
7.17536e-06
1.55801e-06
7.71247e-09
8.6331e-06
3.41379e-06
1.88264e-06
6.73516e-08
5.03937e-06
7.29644e-06
7.89217e-07
2.27836e-05
1.9172e-06
5.37398e-06
5.90768e-07
1.64653e-06
6.08744e-07
5.58586e-06
2.67977e-05
1.28537e-05
1.49251e-06
1.81047e-05
2.72226e-05
6.63287e-05
6.60495e-05
6.98703e-08
1.54433e-07
4.15839e-06
1.52583e-06
2.36924e-06
4.50415e-07
3.53196e-07
3.40251e-07
7.33576e-08
8.1393e-06
1.0001e-06
1.99018e-06
1.44721e-05
2.61435e-06
1.44465e-05
3.32748e-07
3.41483e-06
1.72386e-06
1.92104e-06
7.46942e-07
2.97064e-06
3.56808e-07
6.10727e-06
1.66568e-05
1.2967e-06
1.28547e-06
4.46577e-08
1.14117e-06
9.28658e-07
5.68557e-07
1.42933e-05
2.00953e-06
5.95702e-07
3.78137e-07
7.42174e-06
1.95437e-05
5.44004e-07
1.38203e-05
4.00893e-05
5.2038e-07
1.58887e-06
5.32725e-07
7.33577e-08
2.67596e-06
1.37472e-05
9.97677e-07
2.10994e-06
1.43261e-06
1.30018e-06
2.90016e-08
6.03714e-05
5.82818e-07
1.9775e-06
4.15677e-05
3.5664e-07
1.27574e-05
3.40927e-07
1.65028e-05
1.18928e-07
1.21742e-07
2.02077e-05
3.87699e-07
2.77984e-08
2.60737e-06
3.08156e-07
7.38605e-06
1.13389e-07
6.20726e-06
9.22775e-08
7.24407e-06
3.48686e-07
2.20058e-06
2.61468e-08
2.67727e-07
1.36822e-05
6.91085e-07
4.79462e-06
4.94908e-06
1.63668e-07
8.99568e-08
7.76529e-07
1.53603e-08
5.40764e-07
1.70605e-07
6.57988e-05
3.09578e-06
3.36441e-05
4.77868e-07
4.75501e-07
6.65369e-05
1.92921e-05
1.67408e-05
3.80562e-07
3.17736e-06
6.07514e-07
1.96817e-07
2.51714e-06
1.53106e-06
1.02893e-06
8.37881e-07
1.10975e-05
3.85477e-06
5.41666e-06
7.44819e-08
3.32386e-06
4.72464e-06
1.40639e-06
5.96884e-07
1.11233e-06
3.60702e-07
4.56683e-06
6.01484e-07
7.32811e-07
2.17717e-06
1.6124e-06
2.26358e-07
7.34557e-06
3.10175e-06
8.16546e-07
4.69265e-05
8.44488e-08
2.16247e-06
1.75557e-06
1.3789e-07
6.42247e-05
1.12611e-06
1.8209e-05
6.19462e-06
3.43011e-06
1.63682e-07
5.51422e-07
4.28751e-07
5.20201e-05
4.25343e-05
8.66587e-07
2.7997e-06
9.66111e-06
1.15514e-06
2.05111e-07
3.76323e-08
2.5833e-07
2.92066e-06
3.96307e-07
4.08258e-07
2.99854e-05
3.05817e-06
1.34395e-05
4.19096e-05
5.28657e-07
1.04524e-06
3.56888e-08
6.38842e-07
6.22975e-07
3.07219e-06
1.54318e-06
6.956e-05
9.79174e-07
1.25713e-06
1.16797e-05
3.02248e-06
3.67334e-06
1.11742e-08
3.63116e-07
3.22632e-07
1.92365e-06
1.05352e-06
1.31016e-07
1.48651e-11
4.21642e-06
4.76362e-06
6.64729e-06
2.72809e-06
2.10389e-07
8.65514e-07
2.65907e-06
1.52663e-06
4.10337e-07
1.28607e-07
3.25864e-05
4.96767e-07
6.09584e-06
4.41461e-06
1.59478e-06
1.6441e-06
8.83175e-07
1.54556e-05
3.1534e-06
6.4703e-06
3.28724e-07
3.29905e-06
6.66228e-06
2.2781e-06
1.13457e-05
1.30997e-05
5.65979e-06
4.60586e-07
4.9884e-06
4.13116e-07
7.53846e-07
4.81458e-05
2.43434e-07
5.89978e-06
8.51384e-07
6.4816e-06
3.47177e-06
9.22103e-07
1.99356e-05
2.67881e-06
8.68314e-07
9.84054e-06
1.44197e-07
7.40462e-06
4.19469e-07
1.90749e-06
5.91861e-06
1.01514e-06
2.61057e-06
4.00539e-07
2.82197e-05
2.06573e-05
2.91523e-06
3.42741e-06
4.62319e-06
3.05343e-05
7.29719e-08
1.05158e-07
1.15196e-05
1.64482e-05
1.23121e-07
3.53572e-07
1.71839e-07
3.03218e-06
2.62029e-07
5.34595e-06
1.50999e-05
1.8217e-05
1.5861e-07
1.75817e-05
2.96777e-05
5.94813e-06
1.28149e-05
1.17477e-06
1.33734e-06
7.95851e-07
3.02872e-07
1.47393e-06
1.59563e-06
5.20364e-06
2.27687e-06
3.16146e-08
3.40116e-06
2.17195e-06
3.4353e-06
2.70995e-07
5.85572e-06
5.62761e-05
3.46219e-05
1.03814e-06
4.62238e-06
7.30253e-07
6.12759e-05
2.25541e-05
6.62656e-06
6.13659e-05
1.31305e-05
7.00892e-05
2.70927e-05
1.73417e-06
1.37088e-06
8.46932e-08
1.74783e-06
1.42598e-05
5.91074e-07
2.60884e-06
1.75862e-06
6.4159e-05
1.0926e-06
1.98082e-06
1.64979e-06
2.54961e-05
5.37925e-06
3.77782e-07
6.32389e-08
4.72647e-06
1.10285e-06
1.0108e-06
6.4016e-05
1.47573e-06
1.4735e-10
3.82278e-07
8.57362e-07
2.68193e-06
2.6668e-07
4.71705e-07
6.102e-08
1.74684e-05
1.80612e-06
3.2211e-06
4.91639e-07
2.01296e-08
8.42421e-07
6.14825e-05
3.48402e-05
6.89191e-06
7.65561e-07
5.40635e-07
1.08065e-07
7.19951e-06
1.61773e-06
1.16562e-08
8.39932e-06
1.7024e-06
3.52068e-06
4.86725e-07
3.44724e-06
3.44608e-05
6.85374e-06
4.67874e-05
7.40629e-06
3.24828e-06
2.79467e-07
9.95937e-06
4.96136e-07
3.06474e-07
3.82536e-05
2.32749e-06
7.40622e-06
1.31242e-05
7.22818e-06
1.78369e-07
5.99082e-07
6.24388e-07
6.67388e-07
1.85218e-06
1.43823e-06
1.48729e-06
3.24296e-07
1.90067e-06
3.21261e-06
1.07866e-06
4.15926e-06
5.36603e-06
2.41339e-05
1.74892e-06
9.64795e-09
1.95516e-05
2.33782e-05
1.92959e-07
6.88526e-06
8.60911e-07
1.27872e-07
5.95643e-06
2.30878e-07
5.86237e-06
4.7984e-07
1.53555e-08
5.0499e-07
1.22957e-06
2.17141e-07
8.21522e-08
3.0157e-05
3.02278e-06
4.59294e-06
1.04987e-06
1.45175e-05
7.70245e-06
8.35964e-08
1.81428e-06
7.16144e-07
8.78015e-07
1.60379e-06
2.014e-07
1.97563e-06
1.58461e-05
1.62302e-06
2.01714e-07
2.59685e-07
1.95734e-06
8.74913e-09
3.36769e-06
1.86036e-05
1.40676e-06
2.98047e-08
4.3772e-06
1.82185e-06
4.05312e-08
4.73012e-06
1.32271e-06
1.21499e-05
1.60574e-05
1.9576e-06
6.80776e-05
2.87352e-06
4.34038e-06
1.06261e-07
1.69914e-06
2.8593e-06
6.9368e-06
3.67181e-07
1.80928e-06
2.52002e-05
7.86961e-09
2.66384e-05
5.09072e-07
6.61286e-07
3.21697e-06
8.45863e-06
5.37683e-07
6.51353e-07
1.77965e-06
2.13678e-05
2.27529e-06
5.9743e-07
1.90365e-08
9.59383e-07
2.21947e-06
1.32257e-05
4.22708e-08
7.11497e-06
8.63044e-07
4.42017e-09
2.73766e-06
6.30344e-06
5.41015e-07
1.77744e-05
1.73715e-06
4.03355e-05
3.77908e-05
9.07745e-07
8.24648e-07
3.83582e-06
1.15864e-06
9.3458e-07
1.64332e-06
1.35346e-06
1.03074e-07
1.99863e-06
3.66671e-06
9.44786e-06
3.58417e-06
5.30957e-07
1.16682e-07
8.23167e-09
1.21847e-07
2.7994e-09
1.21483e-07
1.07174e-07
6.58545e-09
4.46548e-06
1.85954e-05
2.1607e-05
1.40481e-06
7.09836e-07
2.42448e-05
1.80549e-06
6.4482e-07
8.86674e-07
3.58077e-06
1.49564e-08
2.59457e-07
3.7193e-08
1.92307e-05
2.20118e-09
1.84302e-06
6.33095e-05
7.9487e-06
9.58482e-08
3.73218e-06
3.2781e-06
1.80182e-06
3.17055e-06
1.51851e-06
7.32254e-07
1.15831e-06
8.46311e-07
5.31568e-07
1.14551e-05
7.88549e-06
7.95488e-08
1.12203e-06
1.7741e-08
1.30943e-05
2.27791e-05
3.51341e-07
7.18706e-07
8.70079e-07
4.37563e-06
3.27487e-06
5.2265e-06
7.52088e-07
2.26664e-06
3.40485e-06
2.17354e-07
1.27042e-05
1.20632e-07
1.6476e-06
2.18007e-07
2.93337e-06
4.74118e-06
1.77667e-06
1.62765e-06
5.37222e-07
8.97062e-07
7.17128e-06
2.05516e-05
4.00012e-06
1.25789e-06
3.65724e-05
3.51958e-07
4.89019e-05
3.69952e-06
7.13112e-05
3.35049e-07
2.52928e-07
1.62977e-07
3.49033e-07
7.58144e-06
1.48588e-05
6.45405e-05
8.63036e-07
1.44786e-06
1.17944e-07
7.38962e-06
1.98524e-06
5.62258e-06
2.71147e-07
7.15733e-08
1.47526e-06
4.73509e-05
7.41391e-06
6.29139e-07
2.8553e-07
4.72009e-06
1.158e-07
2.54714e-06
8.1061e-07
3.2835e-06
6.08308e-05
1.37314e-06
1.35328e-05
1.38423e-06
8.49925e-07
1.46691e-06
5.41941e-05
7.30064e-06
1.73078e-07
2.67061e-05
8.18091e-06
3.17096e-06
3.28613e-06
3.44548e-06
3.4368e-06
5.05335e-08
8.9109e-07
2.13951e-06
2.18497e-06
2.0109e-06
7.26823e-06
9.45341e-07
8.56879e-07
7.27937e-07
5.80284e-07
1.23881e-07
6.91229e-06
1.02272e-05
3.81646e-06
3.4586e-06
4.07544e-07
7.23417e-07
3.65194e-06
2.59675e-07
1.34463e-06
8.44217e-07
1.33658e-07
1.59196e-05
7.05255e-08
9.20147e-07
6.26954e-06
1.17207e-05
2.14152e-07
6.24759e-08
2.43235e-05
4.56841e-06
6.8728e-07
1.04926e-06
2.04409e-05
1.58737e-06
2.01737e-07
1.28833e-06
7.66591e-07
6.94791e-05
9.13781e-07
5.43409e-09
6.85132e-05
2.19786e-06
2.31048e-05
6.69552e-05
5.0689e-07
2.30035e-05
1.58468e-05
3.71939e-07
2.32257e-07
3.10548e-06
1.95011e-06
2.8975e-05
1.87032e-06
3.23419e-06
1.06029e-05
6.94201e-06
1.68997e-06
7.28226e-07
5.91694e-07
6.35846e-07
1.25981e-06
3.25943e-06
5.63046e-06
6.33249e-06
4.80881e-07
7.39589e-06
3.57948e-06
2.5307e-05
4.22861e-08
3.45315e-06
3.06059e-06
2.29088e-07
2.61673e-05
6.01305e-07
6.70144e-05
1.59813e-07
8.42602e-06
4.91267e-07
9.93159e-07
1.71683e-06
2.18253e-06
5.32075e-06
5.72162e-07
1.96409e-06
1.51067e-05
1.50023e-06
6.38299e-06
8.67255e-07
1.0285e-05
6.89124e-07
7.79519e-07
5.56649e-06
8.51092e-06
5.53937e-07
1.02409e-05
8.58136e-07
1.40453e-05
6.99094e-07
2.0801e-05
3.66562e-06
3.54392e-05
6.41294e-07
2.97656e-07
8.06653e-06
8.7055e-07
2.43801e-05
1.56518e-05
1.11263e-07
4.64095e-07
7.75021e-06
9.23043e-07
3.65799e-07
4.92441e-06
8.00074e-07
7.17827e-08
3.14562e-06
5.20846e-05
4.19988e-07
1.28595e-06
6.83613e-07
9.89534e-07
2.69866e-06
9.04944e-07
2.59055e-06
1.1999e-07
1.07973e-05
5.34685e-06
3.13793e-05
2.66046e-05
3.21043e-06
6.0459e-05
3.70457e-06
2.29381e-05
4.90916e-06
5.8561e-05
1.00109e-06
6.99941e-06
5.57853e-06
5.69869e-06
4.17414e-05
7.54409e-07
1.12258e-06
6.81073e-05
6.76089e-05
6.53764e-06
4.88219e-06
1.57023e-07
7.98403e-06
3.30099e-06
4.17317e-06
3.63549e-06
1.76724e-06
6.56808e-07
8.30565e-06
1.32344e-08
7.00944e-06
4.24529e-06
8.88367e-07
1.10128e-05
1.3324e-07
6.92641e-06
6.43212e-07
1.14254e-07
1.3706e-06
3.2512e-06
6.53035e-06
5.70113e-06
4.62954e-06
8.20859e-07
8.03368e-06
4.986e-06
3.59702e-08
7.46388e-06
8.25157e-06
1.48032e-05
2.9809e-06
2.74602e-05
4.29944e-06
5.35109e-07
5.70917e-06
2.66167e-06
4.48853e-06
9.6929e-07
1.2815e-05
1.29449e-07
2.75317e-06
6.46973e-06
1.07494e-06
8.78341e-07
9.43391e-07
1.28257e-05
1.28464e-05
1.11996e-06
5.23482e-06
2.907e-05
3.79859e-06
8.50472e-06
3.94916e-06
6.0787e-06
1.28692e-05
7.12026e-06
5.12095e-06
1.28513e-05
8.41482e-06
4.56947e-06
5.82057e-06
6.91396e-06
4.52084e-06
8.10019e-06
1.48145e-05
1.69428e-07
2.03959e-05
4.98722e-07
7.02196e-06
1.21732e-07
3.86427e-06
4.77782e-06
1.27427e-05
2.42666e-06
1.09128e-05
9.91202e-07
4.48246e-06
2.03488e-06
2.25857e-06
4.81302e-06
3.85642e-06
4.92783e-06
7.14723e-06
9.49999e-07
4.75846e-06
8.15153e-06
1.6962e-06
1.67296e-07
1.11401e-06
7.40302e-06
8.89845e-06
9.36731e-06
9.9987e-07
4.88656e-07
1.17856e-06
1.80368e-05
4.49521e-07
2.77212e-07
9.85607e-06
2.88202e-06
8.50547e-06
7.28512e-06
7.79544e-06
1.8824e-05
8.20012e-06
4.53176e-06
3.19867e-06
1.38112e-05
6.31081e-06
9.19146e-08
3.64457e-07
1.48668e-05
1.97409e-06
9.76383e-07
9.2931e-06
6.19916e-05
6.6367e-05
1.06149e-05
8.16486e-06
3.53725e-05
2.01576e-06
1.68055e-06
8.06068e-08
6.96646e-06
8.54293e-07
1.71375e-05
1.58947e-05
1.02731e-07
4.41554e-08
7.23181e-06
1.54242e-05
3.02705e-06
6.97426e-07
2.56776e-06
1.32894e-05
5.06186e-06
1.08618e-05
1.17536e-07
1.05078e-05
3.09068e-06
5.5305e-06
5.75538e-07
2.5357e-07
8.04003e-07
5.98198e-06
9.33039e-07
2.08042e-06
9.06333e-07
1.34958e-06
1.59987e-06
1.71842e-05
8.02477e-07
8.0628e-06
3.71168e-06
2.03233e-05
7.26398e-06
3.34379e-06
2.39635e-06
7.15825e-07
1.68115e-06
5.15946e-06
1.54753e-05
2.08651e-06
2.53371e-07
3.69729e-05
1.96948e-05
1.3254e-06
2.3624e-05
1.69933e-05
2.90872e-07
8.60464e-07
6.07493e-06
1.81557e-08
5.25637e-07
3.58213e-06
1.94876e-05
6.54717e-06
2.86392e-07
8.95809e-07
2.6022e-05
1.98112e-06
1.12968e-06
2.23675e-06
6.84488e-06
1.22176e-05
9.90583e-06
8.33628e-06
7.8057e-07
1.74883e-06
2.63024e-06
4.98944e-07
1.28931e-06
9.7032e-07
9.27604e-08
1.42856e-05
3.96628e-06
2.16344e-06
9.74711e-06
4.91618e-06
8.41201e-08
1.26902e-07
4.20421e-07
5.40816e-05
1.82399e-05
1.22425e-07
2.06116e-07
2.06054e-05
3.53595e-05
8.86032e-06
4.57188e-06
1.24079e-06
8.3864e-06
6.05924e-06
1.44077e-06
6.02014e-08
1.28087e-06
1.78073e-06
1.5271e-06
8.29431e-07
5.27884e-06
1.79009e-05
6.45284e-05
8.01106e-06
5.91083e-05
1.4709e-06
2.62548e-06
1.23828e-05
4.09512e-06
1.65275e-06
9.34586e-06
4.76786e-06
5.24318e-06
6.78797e-05
1.28838e-05
5.08506e-07
1.41678e-05
5.19521e-07
1.09324e-06
1.30065e-05
1.15475e-06
6.71032e-07
3.98603e-06
5.31432e-06
9.82601e-07
1.78225e-06
2.67923e-06
1.34236e-05
6.92648e-07
1.80476e-07
1.81259e-06
2.06278e-06
9.36381e-07
3.75688e-06
1.41309e-07
8.20962e-08
3.17142e-07
1.07291e-06
2.33814e-05
4.88141e-06
2.2844e-07
6.97804e-06
3.77231e-06
1.94491e-05
1.62409e-06
1.37219e-05
5.81664e-06
1.86411e-05
4.26086e-05
5.64944e-06
3.37769e-06
2.22153e-06
2.54021e-06
1.82649e-06
2.95327e-07
3.18779e-07
1.77038e-06
3.83955e-06
3.69721e-06
7.08732e-05
4.16152e-09
3.4654e-09
2.0982e-05
2.15348e-07
6.64291e-05
1.24315e-05
1.83757e-06
1.85802e-05
1.90411e-06
1.5618e-06
2.21792e-06
2.38652e-07
1.51326e-06
1.93925e-06
5.26075e-09
4.2287e-06
1.08727e-06
3.86141e-06
1.90501e-08
1.08819e-07
5.28588e-06
1.27203e-06
1.9421e-06
4.46531e-06
1.68709e-06
7.00699e-06
7.58818e-07
1.31341e-05
1.86899e-07
3.56072e-06
2.11883e-05
1.94624e-07
7.20181e-06
3.62563e-07
1.91729e-05
5.5612e-06
4.30388e-06
1.39383e-06
4.16512e-06
1.39609e-07
1.07679e-05
5.33821e-06
1.8059e-06
5.99382e-07
6.75471e-07
1.52706e-06
1.25173e-07
2.5863e-05
1.05351e-06
2.44759e-05
8.63732e-08
3.92202e-06
2.13289e-05
1.27674e-06
1.6119e-07
2.31286e-07
5.13183e-06
5.36487e-07
1.41584e-05
1.36119e-05
6.25386e-06
5.14987e-05
1.68245e-06
1.06223e-05
4.272e-06
7.23335e-07
8.62377e-07
5.03029e-06
2.33324e-05
2.25422e-05
1.0453e-07
2.23322e-07
4.11719e-06
1.24199e-06
3.14924e-08
1.33474e-07
7.40903e-06
1.27001e-06
7.53188e-07
3.38529e-06
5.33272e-06
3.12652e-07
1.3044e-06
3.02697e-07
4.58109e-11
4.60621e-06
1.32134e-06
1.94059e-07
4.16635e-06
8.03803e-06
4.04335e-07
1.08058e-06
3.83898e-06
4.96236e-06
4.12769e-07
1.06167e-07
5.8917e-08
3.17103e-06
1.85399e-06
1.53937e-06
9.55455e-06
5.20122e-07
3.62124e-06
1.62223e-07
6.54375e-05
4.67374e-06
4.95038e-06
2.22411e-05
4.57963e-06
2.49507e-05
1.01117e-06
1.80606e-06
5.98735e-06
5.19757e-06
7.7599e-08
1.14022e-05
7.87051e-06
7.99532e-06
2.11793e-05
1.91769e-06
5.22935e-06
8.49572e-06
1.00752e-05
1.15971e-05
5.60703e-06
6.59403e-06
1.21719e-06
7.16476e-06
1.313e-06
6.18839e-06
5.96756e-05
8.33337e-06
7.89933e-06
1.31982e-07
5.65518e-06
1.17659e-06
2.02063e-05
2.6354e-06
3.93138e-05
7.89742e-07
1.00066e-06
4.49156e-06
8.80855e-06
7.63257e-06
2.33305e-06
9.50609e-06
2.17675e-05
8.94798e-06
1.14878e-05
2.02789e-05
1.57912e-07
1.07571e-05
3.52069e-05
1.35985e-05
2.31699e-06
1.25229e-05
1.96121e-06
1.10044e-06
2.23244e-08
1.26372e-05
1.75965e-05
2.36513e-06
4.33871e-06
4.86267e-07
7.37293e-06
4.45967e-06
8.98359e-06
2.09155e-05
1.9173e-05
2.14349e-05
5.093e-06
2.35059e-07
4.53673e-06
1.35085e-06
1.61122e-06
2.0512e-05
8.05145e-06
1.43831e-06
1.49116e-05
2.92327e-06
6.94001e-05
8.75605e-08
1.16125e-08
6.45886e-06
3.73298e-08
5.74056e-07
4.60452e-07
5.15044e-05
7.15452e-08
3.8796e-06
2.97619e-08
1.37191e-06
6.22112e-06
1.02251e-05
1.36203e-05
1.27963e-05
2.12478e-05
2.41757e-05
1.92853e-05
2.11574e-05
5.56942e-06
5.76002e-06
1.56992e-06
3.58701e-06
1.26493e-05
1.26693e-05
4.16529e-05
4.87535e-06
1.0432e-07
1.26876e-05
5.11814e-07
1.26715e-05
3.01607e-05
5.09505e-06
1.2625e-05
2.098e-07
1.45998e-05
4.60231e-08
6.62166e-07
1.16321e-06
3.30004e-06
1.20385e-06
1.51276e-05
2.06457e-06
1.68775e-05
5.19047e-07
1.13849e-05
1.36638e-07
1.94544e-06
5.69813e-06
6.82155e-06
2.06577e-05
4.15552e-08
5.4412e-06
1.23262e-06
7.20217e-06
4.00891e-06
4.45506e-06
1.67366e-05
6.89092e-06
7.52143e-07
3.4755e-05
3.18627e-06
3.04753e-06
1.18176e-06
6.03085e-06
3.14411e-05
4.72412e-06
5.1647e-06
6.03065e-08
5.92635e-07
1.56951e-05
2.80009e-07
6.8607e-05
8.32716e-07
1.06894e-06
4.07002e-06
5.94387e-05
3.30687e-06
4.87978e-06
7.40063e-08
1.01085e-07
9.03921e-06
4.75649e-06
7.01458e-05
4.4681e-06
8.41477e-06
4.8211e-06
1.98949e-06
4.10559e-06
7.0471e-06
3.76337e-06
4.5165e-05
6.58469e-07
1.07354e-05
1.3477e-07
6.47765e-06
3.27366e-05
9.18653e-06
2.45182e-05
9.02677e-06
2.15402e-05
4.06097e-06
7.94505e-07
4.75077e-06
2.56085e-05
5.53954e-06
7.89867e-06
7.33114e-07
1.38364e-06
6.61642e-07
2.52387e-06
5.73797e-06
1.02308e-05
1.47501e-05
7.21852e-06
2.33488e-06
4.14473e-06
1.73998e-08
5.80223e-06
1.4066e-06
9.12774e-06
1.26498e-07
3.5921e-05
4.02132e-05
5.58492e-05
2.35648e-07
8.27496e-07
1.96564e-06
3.61791e-06
1.17905e-06
1.25696e-05
1.36157e-05
5.53423e-05
4.11916e-06
1.80909e-06
5.00478e-05
7.70044e-07
7.06619e-07
8.50763e-07
1.55995e-06
4.08194e-06
1.24047e-06
3.3952e-06
1.05285e-07
1.15293e-05
4.21917e-07
6.95207e-06
1.83416e-05
5.98183e-06
1.93965e-06
7.57695e-06
2.5406e-05
1.57961e-06
1.36622e-05
1.14975e-06
6.49133e-08
5.80114e-06
3.94395e-06
1.38265e-05
1.67863e-07
1.6091e-07
4.78137e-07
1.71673e-06
1.49027e-05
4.10229e-06
4.4521e-05
9.59682e-06
1.36088e-05
1.59539e-05
4.70938e-06
1.3776e-05
3.59983e-06
2.02488e-06
4.14471e-06
1.3207e-06
6.99717e-07
1.48384e-05
1.25239e-06
3.79763e-06
8.86571e-06
1.46611e-06
1.56526e-05
4.71817e-06
8.03711e-06
3.13284e-06
5.48336e-06
8.46823e-07
3.48549e-06
2.64652e-06
1.55799e-05
8.40295e-06
7.66924e-06
1.73199e-06
8.70795e-07
1.04134e-05
4.21183e-07
1.03915e-05
6.86219e-06
1.81702e-05
7.24659e-06
6.17299e-07
1.86953e-05
8.68692e-06
1.59873e-05
6.63914e-06
2.70076e-07
6.96343e-06
1.48232e-05
3.09677e-07
6.24342e-06
5.92681e-07
4.26431e-06
2.01052e-06
1.79112e-06
2.07076e-06
1.46469e-05
5.4502e-06
3.55528e-05
3.91801e-06
2.54002e-06
9.62884e-06
6.62196e-06
7.29724e-07
4.49577e-07
1.95645e-06
1.35466e-06
5.07303e-06
1.29177e-05
2.1892e-06
1.36903e-06
1.93976e-05
1.19061e-06
5.41594e-07
6.90039e-07
6.0268e-06
3.88791e-06
7.93595e-07
5.99761e-07
1.89637e-05
3.07332e-06
2.32794e-07
2.18933e-05
2.30118e-07
5.61631e-08
2.43528e-07
1.69165e-05
1.29024e-05
1.32333e-06
1.71134e-05
1.48906e-06
6.19091e-07
2.25969e-07
4.90086e-06
2.37562e-05
1.16701e-07
4.74759e-06
6.17531e-06
2.29605e-06
6.25278e-06
1.73888e-05
2.58987e-06
1.94688e-05
9.53792e-07
2.13782e-05
1.98802e-07
1.0685e-07
2.95452e-06
2.11238e-06
1.53136e-08
4.06179e-06
1.42044e-06
2.41285e-05
2.18373e-05
1.45336e-06
1.17983e-05
1.13023e-06
5.22479e-06
7.46713e-08
1.79696e-05
1.13675e-05
8.80637e-07
1.09948e-05
5.29771e-06
2.60214e-07
1.28222e-05
5.74158e-06
3.0367e-06
8.31737e-07
9.24617e-06
1.09009e-05
2.53153e-06
2.08581e-05
2.17541e-05
6.88828e-06
2.88745e-06
2.16453e-05
1.65627e-06
7.5021e-06
1.01594e-05
1.45148e-05
1.18035e-06
2.26701e-05
6.6138e-06
1.61491e-06
2.88504e-07
1.73365e-05
4.61768e-06
4.94896e-06
7.73376e-07
1.52383e-06
5.9939e-07
1.08023e-05
4.49925e-07
1.68631e-06
3.4062e-05
4.60779e-07
2.56525e-05
1.62168e-05
6.68793e-06
3.25117e-06
7.60507e-06
3.27479e-07
5.51786e-07
1.23476e-06
3.81556e-06
6.56282e-07
5.56696e-07
4.53839e-06
5.51017e-06
7.37549e-06
2.03373e-06
1.12914e-05
1.24232e-07
3.79569e-06
2.60709e-06
2.32879e-05
5.11789e-07
5.38524e-06
4.44534e-06
2.81682e-07
4.1046e-06
1.97555e-05
8.14936e-06
1.80889e-06
1.26027e-07
3.6462e-07
1.74839e-05
1.08243e-05
9.36134e-07
1.84347e-05
2.28933e-05
1.66648e-05
5.55869e-06
1.14619e-05
8.76785e-07
8.92178e-08
3.60534e-07
1.01235e-05
6.80387e-06
2.17394e-06
5.67262e-06
1.80605e-06
4.77315e-07
7.50386e-07
3.37104e-06
8.43015e-08
3.37346e-07
1.27495e-09
2.32177e-05
2.70445e-06
1.75933e-06
8.48532e-08
1.3176e-06
6.79516e-05
2.80602e-07
8.60634e-07
9.38267e-07
8.32614e-07
3.49528e-07
1.66005e-05
4.54873e-06
2.7646e-05
3.45973e-06
6.54406e-08
3.56254e-07
8.31081e-06
3.20281e-06
3.02102e-05
3.06703e-07
1.4838e-06
1.43159e-08
4.24734e-06
1.01088e-06
4.63022e-06
4.39757e-05
2.27524e-06
3.83176e-06
3.32307e-05
9.46729e-07
3.53505e-06
3.68736e-07
1.20189e-06
5.74459e-06
1.23807e-06
6.34979e-05
2.50894e-07
8.0031e-06
3.73911e-06
3.77872e-06
2.09683e-06
3.82215e-05
5.75382e-06
3.75359e-06
7.44774e-06
6.08011e-06
3.60978e-07
6.50924e-06
3.28287e-07
7.38009e-07
7.77505e-07
2.03465e-05
1.04868e-05
8.10267e-06
2.84209e-08
2.49821e-05
6.46642e-07
3.45888e-07
3.49813e-06
2.52711e-05
3.78271e-06
4.90252e-06
8.93302e-08
1.71568e-06
3.1571e-05
2.17156e-05
3.48116e-07
3.12319e-06
5.73791e-08
1.41449e-06
6.90398e-07
1.14025e-05
1.23136e-06
2.72822e-07
2.12579e-05
7.94753e-07
2.04041e-07
3.95504e-05
2.99942e-06
3.33097e-06
1.41851e-05
1.9271e-06
2.45459e-05
1.52174e-08
2.65909e-05
8.5287e-06
1.1578e-05
2.63905e-05
7.92579e-07
1.71387e-06
3.87196e-06
5.48431e-07
3.08665e-06
9.01318e-06
1.60976e-06
9.78166e-07
6.72324e-06
3.02234e-07
6.61529e-07
1.31141e-06
3.8886e-06
4.729e-06
5.96891e-07
2.21228e-06
5.56541e-08
6.7922e-05
3.76337e-06
7.42956e-07
2.81041e-05
1.77483e-06
1.3087e-06
2.25891e-05
1.64684e-05
3.62686e-06
2.09617e-06
7.04354e-07
2.65379e-07
6.53772e-05
4.59012e-07
3.57595e-05
2.45597e-05
5.05743e-08
1.25495e-06
1.66143e-06
3.9622e-06
6.38405e-07
3.04241e-08
3.45701e-05
1.2857e-07
1.14801e-08
2.25819e-08
9.47922e-07
9.2888e-08
1.41497e-06
7.04451e-07
3.05878e-06
5.35007e-07
1.90505e-06
5.38784e-08
5.15237e-07
5.39834e-07
6.24761e-06
7.63803e-06
6.62139e-05
2.95543e-06
4.65933e-06
1.58993e-06
3.60556e-06
8.12905e-08
7.32078e-06
2.65377e-08
7.96202e-06
6.78059e-07
5.02512e-06
3.71602e-07
6.16105e-07
2.58542e-05
2.30993e-06
6.94274e-06
6.57848e-05
1.6672e-06
3.7755e-05
1.91746e-06
2.36713e-05
2.66006e-06
2.03106e-06
4.27469e-06
4.46063e-07
6.74139e-06
7.19005e-06
4.6959e-07
3.86701e-06
2.85084e-08
2.65164e-07
3.72696e-06
3.37428e-05
1.56184e-06
3.33232e-06
2.2127e-06
2.14567e-06
5.22699e-07
1.93565e-05
4.38801e-06
1.80602e-06
1.90483e-05
5.21097e-08
5.8698e-07
5.22986e-06
3.2606e-07
1.30491e-07
3.62056e-06
3.45425e-06
3.33883e-07
8.14315e-07
8.40026e-06
4.08098e-08
1.15857e-06
8.32257e-07
1.2756e-05
2.73759e-07
1.58335e-05
3.54319e-07
6.30276e-06
3.29666e-07
6.55555e-10
5.94628e-07
2.65929e-05
9.69705e-06
8.83005e-06
1.41866e-06
1.47301e-06
2.30179e-08
6.89995e-06
5.48996e-06
4.40196e-07
6.05624e-07
2.88999e-06
7.78065e-06
7.05186e-06
6.59214e-08
5.86158e-07
4.36331e-06
8.61265e-06
6.15331e-07
6.78231e-06
7.52828e-06
9.73802e-07
3.33811e-06
1.26205e-05
5.32516e-07
1.74339e-06
1.28798e-06
8.05104e-07
1.82713e-07
1.65764e-06
2.67597e-06
8.4089e-07
1.32378e-07
7.95125e-07
3.53514e-05
4.33206e-08
6.6028e-05
3.02234e-06
2.8267e-07
2.61543e-07
7.77344e-07
1.18034e-06
4.21362e-07
6.1318e-06
1.47448e-06
2.84513e-06
2.96079e-06
1.03468e-05
8.50954e-07
3.13675e-06
3.2441e-06
2.3688e-07
5.06766e-07
6.7629e-06
2.03492e-06
4.97568e-06
1.51458e-06
1.58527e-05
3.10406e-05
1.03233e-07
2.15139e-05
3.85289e-07
1.5631e-06
5.4087e-06
5.50507e-06
4.30692e-06
5.25597e-07
3.30462e-07
4.10101e-06
3.1829e-06
5.05097e-07
6.73468e-06
5.94934e-06
1.02037e-07
1.52293e-05
2.24258e-06
1.39845e-05
1.0025e-05
7.3885e-06
5.55237e-07
4.55926e-06
6.91041e-05
2.07565e-07
1.31356e-06
7.84742e-06
6.79562e-06
5.63545e-06
1.16416e-05
9.28368e-06
3.92944e-05
2.58107e-06
8.33543e-06
1.37047e-05
3.05353e-07
1.85899e-05
1.79652e-05
7.24863e-06
3.30684e-06
8.77675e-07
3.88222e-07
8.60155e-06
1.61308e-07
2.7189e-05
1.17175e-06
9.92995e-07
3.77944e-06
7.64589e-07
9.90598e-06
8.09741e-07
3.84279e-06
3.81752e-06
3.09112e-07
6.19867e-06
1.80106e-07
7.0795e-05
1.04596e-06
5.85502e-05
9.89198e-06
5.18827e-07
3.64411e-05
3.20234e-06
3.79622e-06
4.33667e-05
1.44027e-06
1.51699e-05
9.2073e-06
1.07158e-07
3.09242e-06
4.95332e-07
3.16329e-06
1.67016e-05
5.34467e-05
2.02824e-05
3.19768e-06
5.34503e-06
1.73973e-06
1.67676e-06
1.08575e-05
1.41433e-08
6.64679e-06
1.48474e-07
8.01538e-06
2.81069e-06
4.29859e-07
1.43183e-06
3.5282e-06
1.84482e-06
3.47779e-06
3.27873e-08
2.71533e-06
1.76503e-06
3.86232e-05
3.23016e-06
3.03227e-06
1.16036e-06
4.68264e-07
6.144e-06
5.37009e-06
7.28946e-06
1.33271e-05
6.7191e-06
9.85408e-06
4.08096e-07
7.30461e-06
3.26008e-07
3.40727e-06
2.08971e-07
4.37542e-05
4.11213e-06
3.60831e-05
2.33337e-07
1.81213e-05
2.22767e-06
4.11647e-06
2.26594e-05
8.18659e-08
3.52165e-06
2.65337e-06
5.68705e-06
9.81468e-08
4.32471e-06
4.7775e-07
1.93857e-05
2.77831e-08
1.83731e-05
6.68275e-06
1.30984e-06
4.20379e-07
5.38772e-07
1.54117e-06
6.53626e-05
1.03728e-06
3.39073e-06
3.19935e-06
3.88346e-06
4.2408e-06
5.07871e-06
2.39903e-06
5.46571e-06
1.42185e-06
5.37027e-05
7.59549e-06
4.72877e-05
5.64551e-06
5.77264e-07
7.97351e-07
4.26714e-05
1.70325e-06
1.29272e-06
5.75882e-07
5.52679e-06
3.06112e-06
5.53881e-07
6.19922e-06
6.49488e-10
3.29206e-06
8.24591e-08
3.8144e-06
1.67004e-07
5.53863e-07
1.90327e-06
2.46868e-06
1.16102e-06
6.24584e-08
5.84556e-07
2.26246e-08
1.48958e-05
1.67941e-06
5.39579e-05
2.96058e-05
1.09541e-06
1.78974e-05
3.66974e-08
6.0554e-07
2.52024e-05
1.12286e-06
1.52481e-05
1.39895e-06
3.29072e-06
7.74972e-07
2.93727e-08
5.53619e-07
7.43785e-07
1.71326e-06
3.68743e-06
5.84542e-07
1.8867e-06
1.7264e-06
2.0842e-06
6.58886e-05
9.65318e-07
2.1166e-07
3.04043e-06
3.02422e-05
4.56823e-06
1.63299e-06
1.38293e-06
2.60097e-07
5.18225e-07
7.96499e-07
8.53126e-06
1.01546e-06
2.06652e-06
1.50286e-05
1.03709e-07
1.33708e-08
2.10346e-05
4.76536e-07
1.78993e-06
3.92783e-06
4.74902e-06
3.22648e-06
5.73865e-07
7.88066e-06
5.22546e-06
1.08881e-06
1.4401e-06
2.46609e-06
3.64331e-05
2.36597e-06
9.37869e-06
5.13056e-06
3.48924e-06
6.60697e-06
1.5989e-06
5.39571e-06
6.39127e-05
1.39019e-06
1.34305e-05
1.12481e-05
4.25948e-06
4.58789e-07
2.11817e-06
4.28368e-07
8.60189e-06
5.98578e-06
2.72496e-05
6.58774e-07
1.71034e-06
1.18484e-06
7.41654e-07
2.99056e-06
6.21278e-06
1.12039e-06
2.98091e-06
2.37894e-05
2.07197e-06
5.17234e-07
2.35444e-07
3.43074e-06
8.52976e-07
7.40365e-07
9.14712e-07
4.15091e-06
4.58355e-07
1.89357e-07
1.38804e-06
5.5286e-07
6.58457e-06
8.61808e-08
3.24802e-05
3.62676e-07
8.10317e-10
2.91169e-11
3.12403e-06
5.17951e-07
9.56313e-07
1.07775e-06
1.39114e-06
8.61227e-06
1.60432e-06
1.6796e-08
3.40582e-05
7.75994e-07
1.19056e-05
3.53938e-07
2.34917e-06
6.55287e-07
3.8937e-07
3.13544e-06
1.05277e-05
1.72297e-05
2.70273e-06
1.06217e-05
2.82232e-05
5.46111e-06
2.33137e-06
1.49436e-08
2.28093e-05
1.9716e-06
1.56219e-06
3.67561e-07
2.61464e-06
3.54983e-06
4.65368e-07
9.88986e-06
7.27431e-06
5.14485e-07
5.56104e-07
2.11405e-06
4.28459e-06
5.76486e-07
6.8689e-05
3.15569e-06
2.2009e-06
3.85947e-07
6.1331e-07
8.58934e-06
2.45885e-06
2.08868e-05
2.06368e-06
2.98941e-06
5.74782e-05
2.31624e-05
1.42734e-07
4.8598e-06
5.90494e-06
1.46436e-06
2.30037e-07
5.86338e-06
1.69281e-05
6.63573e-07
1.39402e-06
1.82798e-06
2.53738e-07
5.64778e-07
4.16178e-06
1.34374e-06
2.42133e-06
2.70642e-05
1.59558e-06
1.67837e-06
2.8058e-06
2.45289e-05
3.58411e-06
1.22126e-05
3.97674e-06
2.08341e-07
5.65573e-07
5.25632e-07
2.66917e-06
2.30874e-06
1.52233e-06
2.85891e-06
3.10362e-06
5.89885e-07
2.06582e-06
1.14721e-05
1.31272e-06
2.71886e-06
4.80053e-06
1.98874e-06
3.18266e-05
9.20079e-06
2.45555e-06
7.01348e-05
2.97899e-06
1.83679e-06
1.79409e-05
2.06058e-06
4.27966e-06
1.42685e-06
5.43547e-05
2.72043e-06
1.06611e-07
4.29483e-06
3.13553e-06
2.46698e-06
5.3669e-06
2.71774e-06
9.20651e-06
5.01721e-07
4.70733e-06
3.59522e-06
2.30406e-05
9.73688e-07
3.42777e-06
3.57181e-06
4.05752e-06
2.50111e-06
4.62776e-06
4.59471e-06
1.72277e-06
4.60595e-07
5.08201e-06
4.53493e-06
2.84369e-06
6.51264e-06
1.48653e-06
2.46195e-07
1.25414e-06
6.24108e-07
2.85355e-06
1.69652e-05
4.60812e-06
1.73217e-06
5.83004e-08
8.43618e-06
4.52026e-07
4.81636e-06
8.42847e-06
3.08523e-06
3.43239e-06
3.39794e-06
6.86533e-06
7.42453e-06
3.3319e-07
3.35078e-07
3.73742e-06
1.94194e-06
2.67599e-06
5.96864e-08
5.35456e-06
9.87886e-08
7.44185e-07
1.06308e-07
4.63726e-06
6.61855e-05
4.48421e-07
9.39386e-07
7.67553e-06
2.47831e-06
1.88632e-06
7.09201e-08
7.15329e-07
6.93051e-07
1.08044e-06
1.63276e-06
8.19958e-07
3.59127e-08
2.85271e-06
2.08751e-06
2.46875e-06
2.77703e-05
3.15824e-06
1.34843e-05
3.61654e-07
2.08778e-07
2.29415e-05
3.76896e-07
3.08706e-06
2.12503e-06
1.10944e-06
6.79318e-06
1.70192e-06
1.4927e-06
1.32741e-05
7.39531e-06
4.04768e-06
2.3246e-07
5.79753e-06
5.99033e-07
4.03088e-06
4.23988e-06
3.15494e-06
3.87295e-05
8.39932e-06
4.66666e-06
1.91884e-06
3.05945e-08
2.09197e-06
7.52614e-06
1.43091e-06
2.85715e-06
3.78896e-06
6.50213e-08
2.48e-06
6.12573e-06
5.68594e-07
2.33159e-06
4.53765e-06
8.73766e-06
1.62604e-05
2.28536e-06
7.6337e-07
2.65168e-06
1.6358e-06
1.2283e-05
4.97487e-06
8.80285e-06
5.37989e-06
1.91042e-06
2.9854e-06
6.74301e-07
2.77547e-06
2.01688e-06
5.94545e-05
4.14026e-06
2.23153e-05
1.20705e-07
6.52305e-06
5.24022e-05
4.64549e-07
3.73169e-06
6.30282e-06
2.25629e-06
1.14472e-07
1.13455e-05
2.75131e-06
5.12934e-06
3.39002e-06
2.97229e-06
4.12129e-06
4.08068e-07
1.45211e-06
6.21535e-07
3.52403e-06
2.96574e-06
2.05274e-06
2.2466e-06
3.99999e-06
1.63211e-06
3.28959e-06
5.69741e-05
2.57156e-06
2.40101e-08
2.94753e-06
2.2667e-06
6.0123e-05
5.90444e-06
2.51668e-05
7.63195e-06
1.28605e-06
2.40334e-06
1.59663e-05
8.98452e-07
8.92461e-07
1.50896e-07
1.08552e-06
2.27572e-05
2.87023e-06
6.36631e-07
7.10803e-06
3.78103e-08
2.77095e-06
4.75492e-07
2.33216e-10
3.98819e-07
1.46297e-07
2.26223e-05
7.61813e-07
3.44258e-05
2.07951e-06
9.02129e-06
1.71802e-08
1.36122e-06
2.70947e-05
2.54021e-07
2.14582e-07
5.8678e-07
1.7931e-05
3.6533e-08
1.73912e-06
3.69371e-08
3.8672e-05
1.84912e-05
7.5843e-07
2.88669e-07
4.29792e-06
3.3587e-06
1.43413e-06
8.28358e-07
7.5763e-07
8.35068e-08
4.28427e-06
1.44857e-06
6.10449e-06
2.19157e-07
3.42176e-06
1.40136e-07
2.10417e-06
4.22099e-05
1.09311e-06
6.83104e-07
7.40261e-07
2.63584e-06
7.17182e-06
1.86377e-06
1.0928e-06
7.01145e-07
6.86813e-06
4.19677e-07
7.04716e-06
1.49619e-06
5.33077e-06
2.97118e-07
3.11189e-06
4.95635e-07
2.26507e-07
1.2239e-06
9.03231e-06
5.48885e-07
5.93409e-06
4.37092e-06
1.3958e-05
1.95508e-06
3.11351e-06
7.13703e-06
6.32567e-05
3.53542e-05
3.10441e-06
6.49377e-07
1.27035e-05
1.66365e-06
6.71449e-06
4.62401e-06
2.58092e-07
4.17467e-06
1.58884e-07
2.86873e-07
1.4297e-06
4.62892e-06
3.09494e-06
1.68862e-07
2.45609e-06
1.04259e-06
3.16408e-08
1.94788e-06
2.11785e-07
8.67945e-07
5.25178e-06
2.83836e-06
9.88816e-07
2.30904e-05
4.3716e-06
1.44917e-06
3.02439e-06
1.67053e-06
3.92598e-05
4.68277e-07
1.69844e-06
1.24101e-05
6.0674e-06
7.16083e-06
2.98489e-07
2.49316e-07
3.76018e-06
5.20335e-07
4.42023e-06
5.77691e-07
1.27632e-06
4.39237e-06
2.97305e-06
2.02858e-06
2.15517e-07
1.44189e-06
2.74961e-07
1.23015e-06
1.07902e-06
4.51982e-07
3.77874e-05
3.92659e-05
5.21523e-05
3.31822e-06
1.30588e-06
4.72006e-05
4.60672e-06
3.6116e-05
7.16391e-07
1.27551e-06
4.32084e-06
6.76611e-07
4.68107e-06
8.19635e-06
1.67684e-06
1.25744e-06
3.70741e-07
1.76654e-05
4.74925e-07
1.21212e-06
5.43264e-06
2.16934e-06
5.26493e-05
3.80504e-05
6.50346e-06
4.53347e-07
6.15116e-07
1.90395e-06
4.64137e-07
1.14694e-05
7.09659e-07
1.52699e-06
1.85283e-06
1.59661e-06
2.39948e-07
5.13264e-07
9.22556e-07
5.4814e-07
4.63521e-06
2.96147e-06
8.38295e-08
5.93059e-08
1.2668e-06
1.43873e-06
4.18361e-07
5.41052e-07
2.22729e-06
3.1784e-06
3.37088e-05
5.37231e-05
2.27341e-06
8.82812e-06
3.46834e-06
3.5425e-06
3.3284e-05
3.80288e-06
4.05291e-06
4.59955e-06
3.99428e-06
5.29333e-06
3.04905e-05
2.02822e-06
4.50089e-06
8.58606e-07
1.32164e-06
7.3768e-07
3.23251e-07
2.86625e-06
1.23225e-06
1.47127e-05
1.63648e-05
1.84166e-05
2.4966e-06
1.08417e-07
2.49734e-06
1.72907e-06
6.53143e-06
1.20973e-06
6.82062e-05
2.68342e-06
5.33085e-05
5.44394e-05
1.66456e-05
3.18413e-06
4.89871e-07
3.14908e-06
5.59284e-07
4.16048e-06
3.93409e-08
3.01486e-06
2.71061e-06
3.88613e-06
1.26138e-06
4.5692e-06
4.22024e-06
6.31414e-06
1.98885e-06
3.72966e-06
1.15449e-06
1.95131e-06
3.13843e-06
3.89597e-06
1.5346e-06
1.94523e-06
5.81365e-06
5.51415e-07
4.35907e-05
6.47977e-06
2.49487e-06
5.81877e-06
4.33098e-07
1.29768e-06
3.51318e-06
3.27843e-07
7.51771e-07
2.79761e-06
2.49365e-07
2.29513e-06
4.47738e-06
1.39033e-07
4.99908e-07
6.43985e-07
4.68551e-06
1.25014e-06
4.58752e-06
4.45645e-07
6.53377e-07
3.5707e-06
2.46677e-06
5.48349e-07
1.32282e-06
7.01377e-06
3.75684e-07
3.19452e-06
7.15281e-08
3.34995e-09
2.03782e-06
4.70393e-06
6.97729e-06
2.99822e-06
8.75091e-08
3.9602e-06
9.25744e-06
4.63786e-06
3.6164e-05
2.02087e-06
1.07717e-05
4.74618e-06
2.45774e-06
2.49742e-08
2.8223e-06
3.54623e-05
5.2336e-07
3.50806e-07
1.8015e-05
4.54514e-07
5.51214e-07
2.44976e-07
4.76045e-06
4.57289e-06
8.23996e-07
1.24805e-08
3.4332e-06
3.83596e-05
3.31174e-07
3.11119e-06
2.25399e-05
1.71687e-06
1.92583e-07
6.01715e-06
3.17276e-06
2.48916e-06
5.30229e-07
7.07125e-08
2.73393e-06
6.88755e-07
3.59003e-07
7.05145e-05
3.00205e-06
2.04705e-06
8.87005e-06
7.83436e-06
8.00558e-07
9.6054e-06
4.35044e-06
5.87073e-05
1.0869e-06
5.27513e-05
2.44594e-06
5.27722e-06
2.47097e-06
1.14609e-05
6.05e-06
1.3025e-06
1.73965e-06
3.54459e-06
5.06478e-05
7.58043e-06
4.9066e-06
6.14444e-05
2.85922e-06
2.95399e-06
1.09596e-06
4.59598e-06
4.99026e-07
2.1342e-07
6.88019e-07
6.85827e-07
4.6077e-06
1.94646e-06
1.21594e-06
9.42992e-07
2.3745e-06
2.33428e-05
2.28342e-06
5.17278e-06
3.23986e-06
2.21976e-06
4.48426e-06
5.29042e-06
1.0762e-06
1.59379e-06
1.3462e-05
2.67808e-06
1.32671e-05
1.01248e-05
3.466e-07
4.52944e-06
2.79172e-06
2.2566e-05
2.06513e-06
5.98496e-07
3.71945e-06
1.36243e-05
1.3559e-06
4.20331e-05
1.88875e-06
4.93628e-06
4.0782e-06
9.12047e-07
5.52467e-07
1.43076e-06
1.57176e-05
3.61165e-05
2.69828e-06
6.56537e-08
5.71766e-06
7.48753e-06
6.30771e-07
5.92782e-06
3.81945e-05
7.92641e-06
2.70756e-06
1.4908e-05
1.08766e-06
6.0113e-07
3.66937e-06
1.51582e-06
4.61136e-06
3.65195e-07
3.25407e-06
3.26952e-07
6.51922e-06
5.84221e-06
1.31412e-05
3.06244e-05
1.4605e-05
5.863e-05
4.07323e-05
1.44826e-06
6.25961e-05
7.08345e-06
8.18058e-07
9.3657e-07
5.73024e-07
6.719e-07
6.88103e-07
5.47845e-06
3.07889e-06
1.08971e-06
2.23877e-07
1.49592e-07
2.39193e-07
2.27549e-07
1.32374e-06
2.04218e-06
2.91413e-08
5.26813e-08
1.68511e-05
5.9619e-07
4.2013e-06
2.56549e-06
1.08341e-06
6.91771e-06
3.19442e-06
2.43261e-06
1.88206e-05
6.06988e-05
2.70608e-05
2.867e-07
9.58363e-07
2.30647e-06
1.2438e-05
5.34733e-06
5.52884e-07
2.8798e-06
3.55857e-06
5.16584e-06
4.52872e-06
1.82046e-05
2.1858e-06
5.79474e-06
5.92238e-06
2.54881e-06
4.87033e-07
2.31074e-06
1.50779e-06
5.78916e-06
9.64387e-07
4.77748e-06
3.86061e-06
4.03307e-06
5.08231e-07
2.73159e-06
6.23918e-06
2.55004e-06
1.4772e-06
5.23605e-06
4.85187e-07
2.54081e-05
8.87195e-07
2.50756e-06
8.18608e-08
2.88405e-06
2.69461e-06
6.01947e-07
3.58628e-06
8.2204e-07
2.14047e-06
6.92644e-07
2.02201e-06
6.03305e-06
6.71719e-06
3.08986e-06
3.85982e-07
3.31754e-05
3.71825e-06
2.30021e-06
7.51863e-06
2.48155e-05
3.86198e-06
1.00952e-05
1.97263e-06
8.05086e-08
1.4318e-06
4.67493e-07
4.47275e-06
5.74493e-07
3.45229e-06
2.29622e-05
1.26459e-05
3.74679e-05
2.09519e-07
2.09039e-06
5.23869e-07
1.08805e-06
1.00603e-07
3.52762e-06
2.90198e-06
5.93816e-06
5.55812e-06
8.65775e-07
5.70062e-06
1.96661e-06
2.51295e-06
4.41265e-05
5.87264e-06
1.04671e-06
1.40624e-05
3.68793e-06
5.9486e-06
1.62219e-05
3.55001e-06
9.41737e-07
1.29326e-05
1.26967e-07
2.85248e-06
4.08188e-06
2.45594e-07
2.24768e-06
4.91604e-06
7.41932e-06
2.05149e-07
7.39822e-06
1.37199e-06
1.3187e-06
1.04379e-06
5.24474e-07
6.71145e-06
1.20351e-06
5.9988e-07
5.56148e-05
1.27287e-06
1.3865e-07
2.7292e-06
5.02481e-07
5.82417e-07
5.13771e-07
8.08513e-06
5.38199e-07
8.13563e-06
1.81542e-05
4.55699e-06
1.77803e-06
5.1143e-06
2.48087e-06
3.55707e-06
1.13236e-05
6.12647e-06
2.70851e-06
1.92586e-06
5.04359e-06
3.25492e-06
3.98882e-08
6.00463e-06
6.4275e-07
7.93332e-06
3.33727e-05
4.5389e-06
9.32824e-06
9.7416e-06
2.49202e-06
1.94143e-06
8.42101e-06
6.30885e-06
4.66821e-08
1.62027e-06
3.7639e-06
9.61894e-07
5.64565e-06
3.382e-06
7.58028e-06
6.70184e-06
1.0363e-06
2.56644e-05
3.20017e-06
2.38502e-05
1.94498e-05
4.67077e-06
2.93676e-06
1.98374e-06
3.20331e-07
8.43033e-06
6.46204e-05
2.35233e-06
3.30804e-06
7.62614e-06
2.64114e-05
2.28921e-06
5.36318e-06
7.93746e-08
7.52706e-06
2.64296e-05
7.8519e-06
5.10302e-07
4.72628e-08
8.49888e-06
1.9446e-05
2.98698e-06
2.06038e-06
9.0563e-06
8.00775e-07
7.61152e-07
3.98741e-07
2.88651e-05
7.50942e-06
4.59132e-06
2.47399e-05
1.23052e-06
3.04809e-07
1.17493e-06
7.16502e-06
8.24359e-06
3.85618e-06
2.25268e-06
7.21468e-06
6.00011e-07
2.28348e-06
4.37743e-06
1.55965e-05
3.29227e-06
2.48219e-06
1.27359e-05
1.08607e-05
2.68511e-06
2.18811e-06
3.07514e-07
1.23676e-07
7.13682e-06
1.47002e-05
1.74832e-05
1.47136e-06
1.55641e-06
8.49654e-06
8.73762e-06
1.09562e-06
4.86828e-06
3.22966e-05
4.112e-05
2.09177e-05
4.54446e-06
4.03155e-10
7.16744e-06
3.87391e-05
9.51208e-06
6.62345e-06
1.3057e-06
3.25981e-06
2.59911e-05
4.75445e-06
7.54626e-06
5.86562e-07
5.19435e-06
1.52379e-06
2.47898e-06
4.71526e-07
2.77833e-06
2.83902e-06
4.72804e-06
3.02603e-06
6.65936e-08
4.94564e-06
7.24676e-06
9.41936e-06
2.02958e-06
1.96786e-06
3.76814e-06
2.0572e-06
7.30695e-06
4.1203e-06
2.18966e-06
3.85095e-06
1.23589e-05
1.29113e-05
3.01139e-06
4.43425e-08
6.72624e-06
1.34071e-05
2.04989e-05
1.18044e-05
1.8764e-05
3.80117e-08
3.7167e-06
2.42096e-06
2.36192e-07
7.6697e-07
1.01695e-05
4.07323e-06
8.49639e-06
4.83917e-07
5.98061e-06
7.02867e-05
4.56199e-06
6.64439e-07
7.30884e-07
5.25896e-06
2.31992e-06
8.2047e-08
2.45595e-07
1.8063e-05
2.6091e-06
1.99765e-05
8.87094e-07
2.61698e-05
3.10049e-06
1.22019e-05
5.00765e-08
2.94887e-05
3.23761e-06
5.20818e-06
1.92988e-06
6.59975e-05
1.94806e-06
5.49725e-07
7.22782e-06
2.51255e-06
6.60895e-06
1.12789e-06
1.88008e-07
7.57455e-06
3.64615e-06
5.93621e-08
2.31551e-06
1.05303e-07
1.48897e-06
1.41549e-06
2.50619e-06
8.07157e-07
2.99528e-07
1.1253e-06
2.96701e-07
6.227e-07
5.19116e-07
3.47628e-06
5.48288e-07
2.92638e-06
4.15817e-06
2.15128e-06
1.16991e-06
9.90359e-06
7.58924e-07
4.39528e-08
4.52374e-08
7.15022e-08
4.18588e-07
7.98392e-07
6.69338e-08
7.35772e-06
6.94539e-06
3.09816e-07
3.17574e-06
6.22976e-06
1.24557e-05
2.86868e-07
1.67377e-06
3.8536e-07
6.23835e-06
1.03276e-07
9.48364e-06
7.68018e-08
3.6746e-07
6.62369e-06
1.37926e-05
1.60095e-05
6.51778e-06
2.91779e-06
3.37626e-06
1.74327e-07
1.69019e-06
5.42636e-06
1.03739e-07
4.12998e-05
4.82495e-06
3.63415e-07
2.13916e-05
1.79028e-06
2.09886e-06
4.56897e-07
1.68556e-06
4.91567e-06
8.77535e-06
2.26294e-06
2.33271e-07
1.5453e-07
2.01154e-05
1.88853e-06
1.53578e-06
2.36689e-06
4.51101e-06
1.26401e-06
7.29841e-08
1.20692e-05
5.41044e-06
1.29714e-06
7.95461e-07
1.71768e-06
2.0248e-06
4.49796e-06
1.19363e-06
2.31865e-05
1.46007e-05
1.86143e-06
1.5027e-06
3.84536e-07
1.11333e-05
2.62677e-05
6.07987e-07
3.98679e-05
2.7879e-06
2.42653e-05
5.08903e-06
5.37658e-06
6.05907e-06
9.23363e-07
2.01234e-07
8.85358e-06
1.61522e-06
3.4065e-07
2.27266e-05
1.85948e-07
2.71236e-06
9.42301e-07
7.84692e-06
3.01017e-06
3.21621e-06
4.63521e-07
4.15003e-05
5.83155e-05
2.51329e-06
1.87146e-05
2.29766e-06
6.25737e-07
4.19598e-07
4.18535e-06
2.09403e-05
1.48204e-05
1.79942e-06
4.81165e-05
8.70315e-06
1.12928e-07
2.33781e-06
2.26063e-05
3.55032e-06
4.01436e-05
7.16081e-07
3.99435e-06
7.72679e-07
8.71795e-08
5.13627e-06
4.54336e-07
7.65709e-06
3.58828e-05
2.44162e-06
4.92016e-06
1.57514e-06
8.63106e-07
2.63563e-06
1.04162e-06
4.70919e-06
9.87818e-06
3.88925e-06
3.22329e-07
1.07248e-05
4.95695e-06
2.41006e-07
4.09487e-08
4.65797e-06
1.85852e-06
5.39314e-06
2.08021e-05
4.69362e-07
1.40852e-07
8.54088e-06
4.01766e-06
2.21489e-06
2.46239e-05
4.16831e-06
2.12102e-06
2.22559e-05
7.2045e-06
5.27832e-06
3.38811e-07
1.38167e-06
1.59375e-07
6.65914e-05
1.70745e-06
1.22055e-05
2.98176e-06
5.16195e-06
3.8115e-07
4.39721e-07
6.96641e-05
3.51211e-06
5.35083e-07
1.12806e-07
2.9544e-05
1.0478e-07
5.58793e-07
5.49974e-08
9.95673e-07
4.59151e-07
4.47331e-06
3.79925e-06
5.11549e-07
6.24415e-05
5.34342e-07
4.65085e-06
9.55216e-07
6.00572e-07
2.39512e-06
1.03546e-06
7.03619e-06
3.25993e-06
1.11871e-06
6.84209e-06
6.95156e-08
5.26968e-07
5.35458e-07
1.64252e-06
3.42641e-08
3.91722e-06
1.3473e-06
5.70614e-07
8.45075e-08
1.40712e-06
2.76631e-05
8.38046e-07
5.06534e-06
2.48443e-05
2.17619e-06
7.71788e-08
2.94576e-05
5.67237e-07
3.63856e-06
1.28519e-05
1.91066e-06
4.21296e-07
8.3754e-06
5.47569e-07
4.20195e-06
3.00315e-06
7.31059e-07
2.02037e-06
2.08169e-06
3.42153e-07
7.06938e-07
3.17613e-05
5.24765e-07
1.05099e-05
2.56163e-05
5.38388e-07
2.28721e-07
1.44833e-07
1.187e-06
8.41927e-07
2.86401e-07
1.46644e-06
4.77975e-06
1.03459e-06
2.55456e-05
1.32609e-06
7.92276e-06
1.16097e-06
8.54462e-06
1.94636e-06
2.86835e-06
1.93691e-06
6.33932e-08
1.43996e-06
6.27833e-05
1.35049e-06
6.75133e-06
2.27569e-06
1.32878e-06
2.12197e-06
2.51827e-05
1.48281e-06
3.92274e-06
5.77084e-07
5.13283e-06
6.07407e-07
1.68076e-06
1.6626e-06
1.30438e-06
1.59158e-06
2.86436e-07
3.10733e-05
5.00266e-07
3.58221e-06
4.31145e-06
4.07166e-06
2.69053e-07
2.25837e-05
8.80916e-07
7.50348e-07
7.04671e-06
9.18801e-07
2.88099e-06
1.72839e-06
2.02741e-06
3.6662e-07
6.63971e-06
4.57061e-06
1.36292e-06
2.29484e-05
5.41617e-06
5.71431e-08
9.822e-07
1.87152e-06
2.33175e-06
1.36166e-05
5.05852e-06
1.32318e-06
1.63904e-06
5.89203e-08
5.31969e-06
4.90262e-06
8.51517e-06
1.4187e-05
4.77958e-05
3.65492e-06
3.9821e-07
5.92811e-07
5.04049e-06
1.36457e-06
2.7238e-06
3.53576e-06
2.25476e-06
2.03504e-07
1.5019e-06
2.09413e-06
2.52434e-06
1.77485e-06
5.03246e-07
1.70563e-06
1.68771e-05
2.35014e-06
3.36777e-06
2.43419e-06
6.39472e-07
8.64044e-07
2.52871e-06
1.74947e-06
7.99067e-07
3.43594e-07
5.65151e-08
3.83002e-07
1.83717e-06
6.87892e-05
1.71321e-06
8.10812e-07
1.41023e-06
9.42536e-07
1.09462e-06
1.29718e-06
2.4533e-06
1.42175e-05
2.49269e-06
4.68076e-06
2.37987e-05
7.56136e-06
7.76843e-07
1.00328e-05
5.76211e-07
4.20997e-06
5.06014e-06
9.83306e-08
5.85736e-07
1.43728e-06
4.60392e-07
2.02134e-07
7.63243e-07
7.23438e-06
1.96871e-05
9.40132e-07
2.40869e-05
7.67553e-07
5.71418e-06
4.0336e-06
1.70905e-05
1.64653e-06
5.7645e-05
3.8178e-07
5.07082e-06
2.01353e-05
1.91988e-05
1.62071e-06
2.87566e-06
4.4424e-06
1.07665e-07
1.25681e-05
2.11689e-06
6.29972e-07
4.30418e-06
1.87956e-06
4.87492e-07
1.23521e-06
6.91492e-07
3.32365e-05
1.99335e-06
5.16184e-05
1.52771e-06
5.21143e-05
7.31933e-06
7.35901e-06
1.0706e-06
4.41589e-06
4.80036e-06
3.29188e-06
5.8792e-07
1.58899e-06
5.34526e-07
1.26848e-06
1.42119e-07
9.38953e-08
2.15026e-07
1.30756e-06
1.22537e-05
2.47206e-06
1.59654e-06
2.40446e-07
1.67529e-06
1.43324e-05
9.67078e-07
9.55286e-07
4.36125e-06
3.54923e-07
6.71632e-05
3.83724e-06
2.0492e-08
2.96355e-08
1.11983e-06
1.80472e-06
3.16428e-06
4.12882e-06
7.02798e-07
9.70901e-06
1.83495e-06
6.11155e-07
3.23141e-06
3.61735e-07
8.91014e-07
2.58821e-05
1.04805e-06
5.1674e-06
8.35891e-06
2.27752e-05
9.59934e-07
2.42224e-06
8.00748e-07
5.01131e-07
4.29377e-06
8.28689e-07
6.10404e-06
8.39225e-07
3.33666e-06
8.11816e-07
2.34779e-06
1.5971e-06
2.96102e-07
5.41559e-06
3.10939e-06
4.98174e-07
3.40627e-06
3.90654e-06
9.51456e-06
1.36802e-07
1.68545e-05
5.06371e-07
3.53245e-06
7.86146e-06
4.65783e-06
2.04019e-06
2.9316e-06
1.40631e-07
2.21721e-06
2.41827e-05
5.88785e-08
1.1372e-05
8.61287e-09
5.84056e-07
5.27995e-06
1.48379e-06
2.49948e-06
5.76232e-07
1.89979e-06
9.90456e-06
2.71348e-07
4.04816e-07
8.59434e-08
4.69601e-06
4.35306e-08
1.0775e-06
2.9498e-06
7.50507e-06
3.92154e-08
3.79346e-07
5.87052e-06
4.80368e-06
4.0222e-07
4.97704e-07
1.12649e-06
1.88255e-05
3.73183e-06
2.25764e-06
5.98959e-05
1.90423e-05
1.03407e-06
1.37782e-06
2.26856e-06
4.39092e-06
1.47116e-06
1.84087e-06
3.52686e-07
2.66862e-05
1.67975e-06
2.30001e-06
2.28892e-06
1.28793e-06
2.46815e-06
7.69086e-08
1.07141e-05
5.25463e-07
2.43397e-05
1.6018e-06
4.59275e-06
2.0152e-06
3.55221e-07
5.12651e-07
2.54516e-06
2.26405e-07
7.68699e-07
8.77362e-07
1.46108e-07
1.437e-06
6.00652e-05
2.70033e-06
2.18698e-06
1.42207e-05
1.5676e-06
3.32812e-05
1.84643e-06
4.20897e-06
2.2552e-06
6.27032e-05
3.36332e-06
1.59824e-06
1.84119e-07
2.4471e-06
4.88472e-06
4.12784e-06
6.65793e-06
3.85e-06
3.36575e-07
8.10551e-09
2.5329e-06
5.14019e-06
1.18429e-06
2.19025e-06
3.13477e-07
3.55198e-06
2.13468e-06
2.90355e-06
8.94833e-07
7.16432e-06
1.24262e-06
2.06705e-06
1.84423e-06
3.5429e-06
8.41362e-06
4.71617e-05
5.08947e-08
1.59512e-06
1.17816e-06
3.77143e-07
4.93738e-07
5.64824e-05
3.73692e-06
3.73067e-06
2.1572e-07
9.44253e-07
2.26679e-05
5.06916e-07
4.72418e-07
8.74438e-06
3.20765e-05
3.04155e-05
5.37748e-07
7.65723e-06
1.09253e-05
1.15601e-06
9.74344e-06
2.10779e-06
4.79784e-06
2.54677e-06
8.00228e-06
2.09488e-06
6.26125e-07
4.46311e-07
1.86975e-06
8.07671e-07
5.71951e-07
1.24673e-05
3.84352e-07
3.93536e-06
1.09171e-06
1.4656e-07
2.48308e-05
4.25864e-06
2.85948e-07
5.4763e-06
1.72098e-06
6.97636e-06
5.98945e-07
1.34362e-06
4.23074e-06
7.20215e-07
5.78409e-05
9.98679e-07
1.38493e-06
2.6395e-06
1.59007e-07
8.04549e-07
2.54657e-06
1.02114e-06
1.52812e-06
3.03218e-06
6.06529e-06
1.98363e-06
5.22699e-07
7.56142e-07
2.45593e-07
3.69131e-06
1.87864e-06
9.651e-08
6.31932e-07
1.13918e-08
7.15433e-06
3.82969e-06
3.15155e-06
1.81626e-06
2.1863e-06
8.71365e-07
1.875e-06
1.05416e-05
3.20177e-06
9.51448e-08
2.22677e-06
1.36569e-06
3.27973e-06
8.11252e-07
5.37907e-05
1.71687e-06
1.54172e-06
5.45093e-07
1.75899e-06
6.48686e-07
3.90989e-07
1.9415e-06
9.1411e-07
9.73855e-06
1.48198e-06
8.11781e-07
7.11095e-06
3.93657e-06
1.82745e-06
7.54625e-06
3.29177e-07
6.08586e-06
3.01351e-07
6.09805e-05
4.5373e-06
2.97838e-06
4.88322e-07
2.15158e-06
2.82244e-06
1.0123e-06
1.32156e-06
4.33528e-05
5.94849e-08
2.3324e-05
1.04831e-06
1.6836e-06
1.26265e-06
5.97753e-05
2.59024e-06
2.26229e-06
2.71075e-06
8.36701e-07
4.06125e-06
6.51031e-07
7.23742e-06
1.87603e-06
8.85861e-07
3.7691e-06
9.58118e-08
5.23053e-07
3.90589e-05
8.28353e-08
1.27759e-06
8.9437e-07
3.12295e-06
1.04167e-05
2.86453e-07
1.40241e-06
6.72373e-06
4.05118e-07
6.6516e-06
1.04167e-07
1.31613e-06
5.11354e-07
1.28579e-05
6.82536e-06
8.31875e-06
8.63572e-06
2.02935e-07
7.54482e-08
3.63506e-06
1.15389e-06
1.98072e-07
3.65857e-07
1.76171e-06
8.47121e-06
2.48579e-06
8.65322e-08
7.74602e-06
5.53682e-06
1.4886e-06
1.15486e-06
2.97724e-06
1.52406e-06
8.03464e-08
1.87287e-06
2.82655e-06
7.14902e-07
3.70852e-05
1.26754e-06
3.02607e-07
3.95611e-06
1.10315e-06
1.855e-06
8.4198e-07
1.28292e-05
4.84209e-07
2.24633e-05
2.44789e-06
7.99805e-06
1.12318e-06
6.61793e-07
6.52383e-05
4.73179e-06
2.20725e-06
3.32732e-06
6.98144e-05
3.90255e-05
1.8116e-06
1.97927e-06
4.67829e-08
1.72489e-06
8.47675e-07
8.69782e-06
2.39109e-07
7.63076e-07
7.04471e-07
2.33765e-05
2.15902e-08
1.5862e-05
3.15612e-06
5.04768e-05
1.4222e-06
1.14954e-06
4.28656e-06
7.909e-06
8.41366e-06
1.25911e-06
2.95799e-07
6.2789e-07
7.00462e-07
3.27329e-06
1.32031e-06
4.70717e-07
8.07947e-07
3.13512e-06
1.90279e-06
6.28415e-06
1.88763e-06
3.79505e-08
5.6183e-07
3.51838e-06
3.32094e-06
4.60463e-06
5.08198e-06
2.46334e-06
4.09668e-07
6.48298e-06
5.14385e-08
1.0471e-06
5.77624e-07
9.27982e-08
2.21709e-06
1.77563e-06
3.00748e-06
1.36194e-05
8.87947e-06
1.81405e-06
2.67717e-05
2.75634e-05
6.97496e-10
1.09068e-05
4.77823e-07
8.72479e-06
7.51391e-06
1.89625e-06
3.83266e-06
8.3111e-07
8.52055e-06
1.02055e-05
2.67432e-06
9.69859e-07
5.79226e-08
1.17094e-07
3.79476e-06
1.23019e-08
9.60842e-06
3.04058e-06
1.72454e-06
1.86233e-06
4.05912e-06
5.11161e-07
7.60334e-09
4.07251e-05
4.08419e-07
7.62829e-07
4.31449e-06
1.01166e-06
8.07563e-07
1.40893e-06
1.0042e-07
9.85104e-07
4.62409e-06
1.53269e-06
5.11065e-06
1.03187e-05
2.74043e-08
1.77697e-06
6.98486e-07
5.29058e-06
2.3015e-06
2.38068e-06
1.32774e-06
3.88628e-06
5.10367e-07
2.51306e-06
3.34783e-07
6.7526e-07
9.02109e-07
2.69629e-06
4.57799e-06
2.32295e-05
2.25122e-06
1.27109e-06
6.2448e-07
1.03591e-06
1.72139e-06
1.12508e-05
4.99854e-07
2.59909e-07
3.85241e-06
1.32398e-06
2.29758e-06
3.57509e-06
3.48684e-06
1.15485e-06
5.63814e-07
1.61269e-06
8.82432e-07
3.56321e-06
1.07228e-06
6.94581e-07
2.23435e-06
1.35468e-06
3.79693e-06
5.11705e-07
1.69459e-06
8.68923e-07
1.09353e-06
1.25969e-05
3.49696e-07
3.2014e-06
1.21869e-05
2.19545e-06
3.24236e-06
2.38084e-07
2.32016e-06
2.45053e-06
2.21851e-06
3.08328e-06
3.80392e-06
5.66506e-07
3.73168e-07
1.39733e-05
8.61318e-07
2.48459e-06
1.65327e-06
2.41115e-06
2.35205e-06
5.33729e-07
1.79121e-06
1.42356e-06
1.06615e-07
1.68562e-06
2.50858e-06
1.06742e-06
3.43185e-06
6.17588e-06
6.63135e-10
2.94582e-06
9.78245e-08
1.75372e-05
3.93305e-07
1.06388e-06
3.45379e-06
5.49676e-07
2.17347e-06
4.88791e-07
1.04167e-05
5.05753e-06
8.13867e-07
7.06617e-07
4.03294e-08
1.70498e-06
1.04989e-06
1.47608e-05
3.93574e-05
3.56781e-06
3.04547e-06
5.87837e-05
2.01546e-06
7.54872e-07
2.81711e-06
5.03515e-07
2.50551e-06
2.82657e-06
4.55615e-06
1.48299e-06
3.22724e-07
2.85164e-08
4.13035e-06
1.91996e-06
8.91417e-07
4.70801e-07
3.14126e-06
5.36485e-05
2.15075e-06
2.12736e-05
1.20521e-06
1.91227e-07
3.26542e-05
9.83949e-06
1.90066e-07
2.82751e-06
5.08504e-06
2.00388e-06
1.70789e-05
6.13545e-06
3.23492e-07
1.40456e-05
3.23e-06
1.41128e-06
1.03122e-06
1.67639e-06
1.26853e-06
3.3717e-06
5.97572e-05
5.77491e-05
2.35917e-06
1.50079e-06
2.66786e-07
2.26913e-06
1.42886e-06
1.84202e-05
1.3627e-06
4.92121e-06
1.44829e-06
2.74738e-06
1.45949e-05
5.41744e-07
3.07986e-06
1.24983e-07
2.49725e-06
1.61702e-06
3.35183e-05
7.23941e-07
1.06994e-06
1.20163e-06
3.58617e-07
4.42911e-06
1.40705e-06
1.49396e-06
9.60154e-07
3.02066e-06
1.35403e-06
1.29795e-06
4.89808e-07
3.2669e-08
2.86053e-06
5.08318e-06
1.15991e-06
1.60149e-06
7.6781e-08
8.44968e-08
7.15328e-07
3.77786e-06
2.4971e-06
1.64565e-08
1.48834e-06
8.05461e-07
5.48505e-07
4.52807e-07
2.46923e-06
2.14898e-05
8.45608e-07
4.76191e-07
1.90234e-06
1.01628e-06
3.54639e-06
6.95038e-06
1.17583e-06
1.80661e-07
7.7764e-08
4.79374e-07
1.15863e-06
8.97967e-07
1.39926e-06
2.618e-06
8.28878e-06
6.46094e-06
5.37665e-07
1.04684e-06
1.36019e-06
3.73945e-06
2.02185e-07
2.64933e-06
4.18024e-07
2.23171e-06
4.32442e-07
5.03023e-06
1.64385e-05
1.31688e-06
1.60769e-06
6.79419e-05
7.49734e-07
2.84755e-05
2.85933e-07
2.52266e-05
7.56565e-06
3.12664e-06
1.18624e-05
1.48771e-06
4.87461e-05
5.82482e-06
7.00894e-08
5.41182e-07
7.63925e-06
3.4506e-07
1.17335e-06
1.95394e-05
4.98438e-07
1.16337e-06
8.92949e-07
2.51798e-06
8.2371e-07
5.06579e-07
1.77539e-06
5.30775e-07
2.13388e-06
3.34941e-06
2.25514e-06
4.46034e-07
1.42822e-06
6.91397e-05
1.86793e-06
5.37816e-07
1.24915e-06
1.73842e-07
2.61598e-05
1.37948e-06
2.83819e-06
5.56248e-07
2.95248e-06
5.37855e-07
9.01441e-06
7.03602e-07
1.91556e-06
1.75077e-07
4.55113e-07
3.03e-06
6.81013e-05
4.04181e-05
1.23572e-06
1.94018e-06
1.79517e-06
7.13218e-07
8.7299e-07
2.49095e-06
1.47405e-06
5.68201e-06
6.79591e-07
3.41066e-06
3.28096e-08
8.33256e-08
1.11144e-06
7.77867e-06
1.63921e-06
2.24836e-06
2.47709e-05
6.69922e-07
6.4065e-06
3.60706e-06
1.93184e-07
6.85575e-05
3.24866e-05
3.42245e-07
1.87931e-06
2.58647e-06
1.57108e-06
5.7862e-05
4.36187e-06
2.6492e-07
1.00509e-07
5.92483e-07
1.90375e-06
1.9707e-06
1.28691e-07
2.99581e-06
1.98231e-05
4.76953e-06
4.34884e-06
9.70491e-08
1.12129e-06
1.40869e-06
3.14863e-07
6.94851e-06
2.00594e-06
2.40493e-06
2.75194e-06
1.16801e-05
8.63095e-08
1.00878e-06
1.00631e-06
1.18716e-07
1.43567e-06
7.53321e-07
4.68575e-07
1.29032e-07
1.09802e-06
1.91915e-06
1.12572e-06
1.69226e-05
2.1786e-06
1.27731e-06
2.27833e-06
8.85151e-07
2.12114e-08
1.03642e-06
1.06247e-06
2.76618e-06
1.09817e-07
6.86618e-05
3.80267e-06
5.11494e-08
1.47601e-05
5.01678e-06
9.53041e-08
3.03331e-06
1.05267e-07
2.45738e-08
1.11111e-06
5.75737e-08
6.58808e-06
5.82453e-07
1.07075e-06
2.72687e-06
1.08309e-05
2.21345e-06
1.90119e-06
4.42032e-07
7.48245e-08
7.10243e-07
1.87002e-06
4.32312e-06
2.84484e-06
5.86197e-05
8.4667e-06
2.56116e-06
2.61246e-06
2.74016e-06
3.33895e-07
2.16977e-06
1.21508e-06
6.36165e-05
8.71563e-06
2.94108e-06
5.41225e-06
1.06835e-06
1.60387e-06
4.39246e-05
3.70585e-05
4.48943e-06
1.35576e-06
1.03036e-06
3.05622e-06
1.56217e-06
2.20598e-06
3.49853e-07
1.20224e-06
1.67947e-06
1.06404e-06
1.072e-06
1.14092e-07
9.22772e-08
8.59844e-07
2.43833e-06
6.18832e-07
3.4474e-06
8.66942e-07
1.66221e-06
8.30198e-07
1.0591e-07
3.20273e-07
6.54138e-07
1.32067e-06
3.14618e-06
6.95862e-08
8.93139e-07
3.63673e-07
6.01753e-05
1.8856e-07
7.21031e-07
1.25459e-07
8.33976e-07
6.97006e-07
5.39982e-07
9.09096e-08
5.82444e-06
1.54786e-06
1.62856e-06
2.81848e-06
1.75016e-06
9.1967e-07
4.27409e-05
2.13755e-06
5.92314e-06
2.29642e-07
1.56079e-06
6.42048e-05
6.90945e-07
1.97349e-06
5.48006e-06
1.41829e-06
6.7332e-07
4.28518e-08
2.16667e-06
9.59865e-07
8.81798e-07
1.34768e-06
2.07542e-06
5.7493e-07
5.71078e-07
5.01488e-06
2.48331e-06
1.02904e-06
1.09144e-06
3.4526e-07
1.48235e-06
1.0642e-06
8.74114e-08
1.35759e-05
6.24248e-07
3.49026e-07
1.86411e-06
8.77571e-07
9.94033e-07
2.0029e-06
5.48845e-07
5.64883e-07
4.64773e-06
1.46611e-06
8.949e-07
3.1862e-06
5.4379e-06
2.51281e-06
1.04259e-06
8.35492e-06
1.39305e-06
9.77362e-07
5.19251e-07
5.71236e-06
4.30938e-09
1.29191e-06
2.39375e-06
2.57026e-06
5.97819e-08
7.75735e-07
5.25877e-07
4.4813e-07
1.88665e-06
1.916e-06
1.97827e-06
1.03714e-06
2.29323e-06
1.04461e-06
1.02279e-06
1.99793e-06
2.36405e-06
1.11878e-06
1.86503e-06
5.65239e-07
1.12459e-06
2.77551e-06
8.18676e-08
1.3066e-06
1.07533e-07
5.35656e-06
7.314e-07
6.00742e-05
3.26764e-05
8.0847e-08
1.25575e-06
9.31637e-06
2.08736e-06
6.39313e-05
1.14674e-05
3.99077e-06
1.82861e-06
1.20094e-06
1.85729e-06
2.49138e-06
7.06928e-07
4.53805e-08
1.0422e-05
5.64346e-07
5.78766e-07
2.0016e-06
8.13594e-07
6.99135e-06
1.5042e-06
7.50381e-07
3.09054e-06
1.10591e-06
1.7419e-06
1.90012e-05
3.55579e-07
1.41434e-06
5.34116e-08
1.12688e-06
6.88825e-07
1.86472e-06
5.31129e-06
4.19527e-06
3.08241e-07
1.47431e-06
5.56575e-07
1.52476e-06
2.10871e-06
2.38048e-06
1.29458e-06
9.88191e-08
1.36879e-06
4.44499e-07
1.71697e-06
1.35001e-06
1.14823e-06
2.05708e-06
4.37718e-06
3.58221e-06
2.91751e-08
8.42239e-07
6.90056e-05
1.26422e-06
3.14707e-06
3.94274e-05
9.90848e-08
1.07131e-05
2.31287e-05
3.73698e-06
1.63283e-06
1.16846e-06
1.7169e-06
5.71922e-06
1.08325e-06
7.71674e-07
1.96932e-06
2.95439e-06
2.68109e-06
2.25046e-06
1.68058e-06
1.19155e-06
3.46813e-06
1.42675e-06
7.20366e-07
1.3878e-06
1.02768e-06
4.57521e-05
3.10013e-06
5.10651e-08
2.10205e-06
2.51764e-06
2.14652e-06
3.32898e-06
8.41134e-07
6.41721e-08
1.03882e-06
1.9162e-06
6.50181e-05
1.35338e-06
1.68754e-06
1.78281e-06
1.08186e-05
1.44416e-06
3.29072e-06
3.11154e-07
6.57837e-07
2.93872e-06
2.61195e-06
2.34637e-06
3.66486e-06
1.47187e-06
1.16723e-06
3.76963e-06
5.42758e-07
1.50767e-06
6.10452e-07
5.43057e-08
1.47268e-06
2.05553e-06
1.15386e-06
4.9325e-05
2.57633e-06
1.66248e-06
1.4221e-06
1.29727e-06
3.1178e-06
3.57789e-06
1.35136e-06
1.27564e-06
1.34556e-06
1.41412e-06
1.60238e-06
3.4102e-06
3.07314e-07
2.07602e-06
7.60761e-07
1.16315e-06
1.72274e-05
1.70933e-06
1.54311e-06
2.25124e-07
4.69331e-07
9.91502e-06
4.81199e-06
2.2953e-06
6.34569e-05
1.40373e-06
6.16122e-07
3.12407e-06
1.17957e-06
8.06201e-07
1.52482e-05
2.81404e-06
7.38835e-07
1.0417e-06
1.1339e-06
7.94165e-07
2.65744e-06
3.29906e-07
2.21275e-07
6.06448e-08
1.58274e-06
1.67566e-06
1.59603e-06
8.21477e-07
5.97926e-08
1.29236e-07
1.48839e-06
7.45356e-07
2.23817e-06
1.08462e-07
9.83296e-07
3.0798e-06
1.0535e-06
2.5431e-06
2.24364e-06
3.22711e-08
1.11826e-06
6.98104e-08
3.60758e-06
1.02966e-06
1.66196e-06
8.88902e-07
1.56182e-08
1.15134e-06
2.25439e-06
8.68843e-07
7.57807e-07
5.11951e-07
1.06623e-06
6.77827e-07
6.20319e-05
3.42121e-07
1.34223e-06
7.3913e-07
1.22781e-07
1.18696e-06
5.18164e-05
1.40249e-06
2.22539e-06
1.31232e-06
1.40533e-06
8.2464e-07
4.71653e-07
1.47247e-06
7.04458e-05
1.97367e-06
2.82895e-06
1.815e-06
3.6363e-07
2.09256e-06
2.23954e-06
3.61732e-06
2.43732e-06
1.91183e-06
2.43915e-06
2.04945e-07
5.74343e-06
4.48095e-07
2.10317e-06
7.31946e-07
7.18712e-06
2.15376e-06
5.93953e-07
9.2733e-07
1.62903e-06
2.14781e-06
2.66584e-06
1.0134e-06
1.05271e-06
1.13341e-06
6.4247e-07
1.66058e-06
5.11369e-07
1.09087e-06
9.2352e-07
8.06187e-07
9.5317e-07
1.47336e-06
5.10314e-05
2.06494e-06
7.74189e-07
2.13448e-06
1.19776e-06
8.0964e-06
1.65895e-06
5.14513e-07
6.75537e-08
1.65559e-06
2.71287e-05
6.60566e-07
1.17819e-06
5.68675e-06
6.84406e-07
2.00064e-06
4.58014e-07
2.99679e-06
1.05058e-06
1.74038e-07
9.72741e-07
1.2105e-07
4.9099e-08
6.79769e-07
4.33304e-07
6.79078e-07
5.00866e-08
2.31641e-06
7.33465e-07
1.04235e-06
1.08678e-07
1.37676e-06
1.21314e-06
1.42979e-06
1.04785e-06
1.37672e-07
6.47795e-07
1.08514e-06
4.21454e-05
1.53416e-06
6.76116e-07
7.4879e-07
1.23758e-06
1.25781e-06
2.66658e-05
2.76142e-07
1.98953e-06
8.9699e-07
1.96719e-06
1.01255e-06
2.48847e-06
1.06147e-06
6.90159e-07
2.79129e-06
4.04326e-05
1.63729e-06
1.02642e-06
1.06058e-06
1.80155e-07
2.28465e-06
5.916e-07
8.09997e-06
4.70657e-07
2.0159e-06
6.74217e-07
1.13627e-06
1.60486e-06
5.16122e-07
1.03343e-06
7.94354e-07
8.60639e-07
2.76044e-06
1.13928e-07
1.13345e-06
7.2313e-07
7.9999e-06
4.20236e-06
6.58048e-05
2.65636e-06
9.54875e-07
4.5237e-07
1.15527e-05
2.44025e-07
6.72267e-07
3.07727e-06
2.78445e-06
2.06718e-06
1.03167e-06
2.11104e-06
1.22742e-06
9.70765e-07
1.86115e-06
1.27333e-07
5.14766e-08
1.48567e-06
4.89673e-06
4.0018e-08
9.89022e-07
2.95218e-07
5.75931e-07
9.9841e-08
4.22858e-06
1.77699e-06
1.49832e-07
3.77737e-08
1.00719e-06
1.47977e-07
6.50228e-07
1.0677e-06
1.86364e-06
7.32027e-07
3.51286e-06
9.47781e-08
3.08022e-07
2.98206e-07
5.34669e-07
6.44109e-07
1.13142e-06
3.47259e-06
7.42131e-06
6.33961e-07
6.66997e-08
5.69957e-06
4.72643e-08
4.37144e-07
8.86947e-08
2.26996e-07
5.41856e-06
1.17359e-07
2.96388e-07
1.38701e-07
4.27945e-08
5.17476e-07
7.40306e-06
1.21859e-06
1.18512e-07
1.73095e-07
6.44288e-08
1.65453e-06
1.38984e-07
2.50367e-06
1.76913e-07
1.07652e-07
8.35407e-07
4.15409e-06
8.56175e-08
2.69357e-06
2.64895e-07
3.73982e-06
1.76331e-07
4.60767e-07
7.25176e-07
6.1877e-08
2.74037e-07
2.92356e-06
2.95609e-06
2.03889e-08
2.46872e-08
2.23387e-07
2.06935e-07
3.83933e-07
4.0963e-07
1.07321e-06
3.58679e-07
1.26407e-07
2.08482e-06
1.03967e-07
8.78172e-07
1.57448e-06
2.77843e-06
4.44603e-07
3.54012e-06
9.4967e-07
1.80191e-06
3.95375e-07
4.63435e-07
2.15512e-06
1.97927e-06
1.19368e-06
3.26349e-06
6.056e-07
3.18689e-06
4.75846e-07
2.74774e-07
1.04957e-06
5.86556e-05
3.72958e-07
8.55662e-07
7.78963e-07
1.68918e-06
1.13076e-06
2.14227e-06
7.3593e-07
1.14604e-06
4.99827e-06
2.09443e-06
1.6257e-06
5.8697e-07
1.19573e-07
1.61056e-06
4.18426e-06
4.71534e-07
1.15796e-06
8.92962e-07
1.02043e-06
3.39035e-06
7.47622e-07
8.1687e-06
1.10035e-06
5.19722e-07
1.30579e-07
8.02385e-07
3.85455e-06
1.69475e-06
1.01343e-06
5.91661e-07
9.29008e-07
4.49448e-07
7.09207e-07
1.51915e-07
2.45704e-06
2.19831e-06
1.74731e-07
3.78838e-06
1.04085e-06
2.97243e-06
5.33511e-06
6.93253e-07
4.6143e-07
1.31834e-06
2.61097e-06
1.97015e-06
1.13739e-07
6.90164e-05
8.22096e-07
1.19707e-05
2.22202e-07
1.74939e-06
1.09719e-06
1.86867e-06
2.77676e-06
1.44785e-06
9.64359e-07
8.66595e-08
1.20618e-06
1.57018e-07
2.13888e-06
2.71132e-06
1.84165e-06
4.71478e-07
9.81715e-07
6.50626e-07
3.27802e-07
2.22904e-06
1.40802e-06
3.51108e-07
1.90856e-06
1.00154e-06
6.5425e-07
3.31317e-06
2.12897e-05
1.61482e-06
2.94787e-06
9.80362e-07
1.80494e-06
3.99686e-07
1.03928e-06
8.9454e-07
5.72376e-07
1.50638e-06
1.8545e-06
1.0209e-06
5.34106e-07
1.52798e-06
2.04086e-06
9.18209e-07
1.05521e-06
1.84619e-06
5.10746e-07
2.39161e-06
7.84209e-07
5.46439e-07
4.34471e-05
1.0358e-06
8.94903e-07
1.7988e-06
1.25361e-06
1.96e-06
6.86608e-07
1.0262e-06
2.10173e-06
1.43849e-06
3.05267e-07
1.07955e-07
1.56886e-07
2.76349e-06
1.61318e-06
8.07726e-08
1.01904e-06
5.7058e-07
1.95053e-07
4.87031e-07
8.0601e-07
4.04912e-07
9.96658e-07
1.97513e-06
1.1022e-06
1.44995e-06
6.59028e-07
2.44637e-06
1.47043e-06
1.92917e-06
9.10086e-07
2.65031e-06
5.77985e-07
1.99851e-06
3.67627e-06
7.61365e-07
9.2254e-07
2.29273e-06
1.29175e-06
1.64926e-06
2.04756e-06
7.74893e-06
9.6648e-07
1.33102e-06
9.44534e-07
3.10359e-06
4.1804e-07
2.24886e-06
9.35339e-07
6.93824e-08
3.60467e-07
3.50338e-07
1.59039e-06
2.26996e-06
4.5358e-08
7.90567e-07
3.31372e-06
1.5673e-06
1.2684e-06
9.00604e-07
9.02966e-07
1.90903e-06
1.24188e-07
4.55819e-07
5.16857e-05
3.3824e-05
1.66339e-06
8.5213e-08
8.80718e-07
4.2377e-07
9.73354e-07
1.53288e-06
6.65336e-07
8.66191e-07
9.5083e-07
3.16089e-07
4.43256e-07
2.0612e-07
1.03507e-06
3.58909e-06
8.78159e-07
3.8023e-05
4.30978e-07
9.69205e-07
4.99441e-06
3.87638e-07
6.02605e-07
2.16427e-08
2.02431e-06
1.45574e-05
3.41703e-07
6.05383e-07
6.02004e-07
6.63261e-07
7.66371e-07
6.43636e-05
1.08632e-06
8.33715e-07
3.69065e-07
9.92232e-07
2.78417e-07
3.01319e-06
1.0383e-06
3.0348e-07
7.16395e-07
6.44607e-08
4.39797e-07
1.12261e-06
8.94797e-07
1.54658e-05
4.70171e-06
4.94339e-07
8.50925e-06
6.00317e-06
7.96835e-07
1.48402e-06
1.62511e-06
7.25083e-07
6.95799e-07
7.83088e-07
3.50191e-05
1.30445e-07
2.3475e-06
8.17209e-07
6.17204e-07
5.71992e-07
4.34596e-07
5.82228e-07
4.47437e-07
8.87333e-08
7.95393e-07
4.63058e-06
4.61763e-07
8.49447e-07
5.13197e-07
2.34784e-06
7.27957e-06
8.37994e-06
1.65474e-06
1.83095e-06
3.33103e-06
8.26563e-07
2.95055e-07
1.28664e-06
8.33954e-07
7.32582e-07
4.3274e-07
3.4813e-06
1.73425e-05
5.41582e-06
2.72153e-06
2.82513e-05
4.52689e-07
1.45715e-06
1.13985e-06
6.07751e-07
1.71786e-06
2.21433e-07
2.84982e-08
6.56372e-05
6.87152e-07
2.16578e-06
1.21913e-06
2.21858e-06
3.14021e-07
7.45134e-06
1.75133e-06
1.92547e-07
1.07663e-06
9.15303e-06
1.48033e-06
2.46328e-06
1.2901e-05
2.92489e-07
1.07753e-07
1.50713e-06
3.30056e-06
2.55141e-06
1.31371e-06
3.92024e-06
8.67055e-06
1.39771e-06
5.84428e-07
1.95831e-06
3.61029e-06
6.6349e-05
5.73248e-07
1.35288e-06
6.60023e-07
1.7931e-05
9.15847e-07
5.33571e-07
2.05985e-06
5.25258e-05
8.32478e-07
8.13812e-06
2.99186e-07
1.38389e-06
1.38492e-06
7.36791e-07
1.74426e-07
1.89376e-07
1.42427e-06
1.31514e-06
7.91027e-07
5.73943e-07
5.81366e-07
1.46071e-06
1.24275e-06
1.91172e-06
2.5583e-06
1.56189e-06
1.02539e-06
8.53686e-07
1.16148e-07
6.9901e-07
2.05642e-05
1.12094e-05
1.28672e-06
2.3393e-06
7.35776e-07
3.93118e-07
3.23649e-06
1.46487e-06
2.2339e-06
1.0838e-06
1.11798e-06
2.41959e-05
1.47647e-05
9.33056e-06
6.90849e-07
8.69981e-07
4.79189e-07
5.36368e-07
4.30388e-07
1.76653e-06
1.73317e-06
1.52545e-05
1.24506e-06
3.31203e-05
1.25149e-06
4.40313e-06
1.16036e-07
4.88614e-07
8.35377e-07
2.23048e-07
4.80144e-07
6.39852e-07
2.94016e-07
4.41334e-06
1.16873e-07
4.19861e-07
2.44707e-06
7.48039e-07
6.66547e-05
1.25815e-06
1.41097e-07
9.39346e-07
1.88382e-07
9.28321e-07
9.05251e-07
4.90247e-08
4.29658e-06
6.22811e-07
1.00466e-06
1.86331e-06
1.04497e-06
1.19437e-06
3.47517e-07
1.57343e-05
1.22598e-06
1.33927e-06
1.93475e-06
6.95366e-08
4.01559e-07
1.82228e-06
1.32811e-06
1.20987e-06
2.08961e-05
7.46483e-07
8.9521e-08
9.69928e-07
1.10564e-07
1.16794e-06
1.03445e-07
8.43068e-07
2.13786e-06
1.25123e-06
6.29647e-06
8.03758e-07
1.22785e-06
2.86205e-06
2.16384e-06
1.14494e-06
1.26305e-06
6.20473e-07
1.22398e-06
4.56615e-08
4.76745e-07
2.05184e-06
4.3407e-07
6.20813e-07
9.49958e-08
1.21536e-06
1.07314e-06
6.52972e-07
6.76733e-07
6.77175e-07
1.46513e-06
6.80585e-07
9.3455e-07
9.19056e-06
1.19351e-06
1.2576e-06
1.12062e-07
7.52517e-07
2.17829e-06
2.80642e-07
4.99432e-06
3.15773e-06
5.25135e-07
7.28771e-07
1.92307e-07
1.92169e-06
1.75168e-06
2.70921e-05
2.18532e-06
1.35198e-06
6.72581e-07
1.42711e-06
1.29425e-06
1.86037e-05
4.34434e-05
3.22374e-07
2.273e-06
2.0296e-07
1.05031e-06
1.13649e-06
5.766e-06
3.55414e-06
1.10484e-05
8.23248e-07
2.00007e-06
4.4364e-07
1.32183e-06
1.71435e-06
4.45097e-07
1.19811e-06
1.00984e-06
3.50164e-06
3.91426e-07
1.37786e-06
1.70412e-06
1.33363e-06
9.01108e-06
4.54832e-07
1.89926e-06
1.78284e-06
1.7567e-06
3.898e-07
8.2743e-08
8.21435e-07
1.26311e-06
7.27584e-07
6.47512e-05
1.95112e-06
2.07701e-07
8.03161e-07
3.61026e-07
2.6325e-07
5.68459e-06
8.12412e-07
9.91717e-06
1.13654e-06
9.79155e-07
1.26223e-06
1.74144e-06
1.15679e-06
2.86189e-06
3.23786e-07
1.31795e-06
3.69816e-07
5.72411e-07
2.55189e-06
3.81571e-06
4.49099e-07
2.87171e-07
9.14674e-07
1.85588e-06
3.1834e-07
1.05363e-06
7.87811e-07
3.77414e-07
1.39465e-06
7.05227e-07
3.86392e-06
1.01966e-06
1.40194e-06
1.92785e-06
2.39e-06
6.6668e-07
1.86883e-06
2.77388e-06
2.19526e-06
4.861e-06
1.03846e-06
2.26831e-05
4.36891e-06
5.11063e-07
1.50821e-06
1.26348e-06
4.5114e-07
2.04543e-07
1.80554e-06
3.44321e-06
2.04001e-07
1.06693e-06
1.47682e-06
5.06646e-07
5.17173e-07
1.64723e-07
2.807e-07
2.07574e-06
1.30422e-07
7.34865e-06
2.92791e-07
1.00103e-06
4.52123e-07
1.88986e-06
1.93747e-05
8.38993e-08
2.40783e-06
5.39482e-05
4.76809e-06
1.42854e-06
1.8034e-06
4.9786e-07
9.68736e-07
6.31315e-07
4.69393e-07
1.54264e-06
1.05161e-06
1.63016e-06
9.36029e-07
6.82735e-07
7.51851e-07
4.65733e-07
1.40589e-05
5.3374e-07
2.21602e-07
7.0037e-07
1.30752e-06
9.01862e-07
7.65365e-08
1.26258e-07
1.1848e-06
1.15351e-06
5.80639e-06
1.40066e-06
5.81909e-08
1.01172e-06
5.49847e-07
2.638e-06
1.19706e-06
7.10179e-07
8.86728e-07
1.47438e-06
1.70048e-06
1.62106e-07
5.72379e-06
9.87247e-07
8.66362e-07
1.05261e-06
3.00133e-07
4.56964e-07
4.5361e-07
1.19992e-06
1.91286e-07
1.37255e-06
6.0785e-05
1.0112e-06
1.9267e-06
1.98199e-07
1.57364e-07
7.43583e-07
1.08101e-06
3.67105e-07
3.07467e-07
1.20539e-06
4.85817e-07
8.82903e-06
4.50374e-06
2.73895e-07
1.18459e-06
8.06892e-07
5.92874e-07
8.29989e-07
3.95388e-07
1.85354e-06
4.58699e-07
1.99726e-06
8.94696e-07
1.50451e-05
1.71483e-06
1.51991e-07
7.14727e-07
4.53204e-07
3.63681e-07
8.86993e-07
3.02736e-07
1.47171e-07
7.00562e-07
5.28407e-05
1.7748e-06
5.5186e-07
1.43668e-07
3.73364e-07
4.18064e-07
4.53641e-07
4.67584e-07
4.25622e-07
1.44313e-07
1.19092e-06
3.31129e-07
3.25779e-07
5.81127e-07
6.48174e-06
1.79777e-06
4.5064e-07
5.47271e-07
7.12661e-05
1.73946e-07
1.00419e-06
1.88128e-05
7.19002e-07
1.61498e-06
6.12753e-07
2.43492e-07
2.92207e-07
6.89905e-07
4.34186e-07
2.59247e-07
1.57818e-06
9.96132e-07
2.20691e-07
1.47105e-06
9.27821e-07
3.84132e-07
8.44661e-06
1.41767e-06
2.67489e-06
7.18016e-07
1.50078e-06
1.39705e-07
2.15609e-07
1.01753e-06
2.04558e-07
1.45953e-06
1.60355e-06
4.31202e-07
2.38727e-06
8.33718e-07
2.24655e-06
4.01707e-07
1.098e-07
6.44344e-07
1.29768e-06
1.42199e-06
4.43208e-07
5.00536e-06
1.23253e-06
1.02599e-06
1.35837e-06
4.7998e-07
2.75478e-07
8.52367e-08
4.27516e-07
3.06777e-07
1.74945e-05
1.30826e-07
5.52717e-07
1.50943e-06
4.93955e-06
6.61963e-07
1.29376e-06
1.86538e-06
2.05816e-06
7.8235e-07
6.53833e-08
7.00127e-08
1.13886e-07
1.11614e-07
1.08563e-06
1.03992e-06
4.49977e-07
1.10126e-06
6.28637e-07
2.43138e-06
2.48903e-06
5.1564e-07
9.88654e-07
3.51594e-07
7.44324e-07
1.16488e-06
1.42451e-07
1.13494e-06
4.26836e-07
3.90717e-06
2.70749e-05
3.79128e-06
5.12108e-07
9.51214e-07
4.2971e-08
3.61011e-07
2.79661e-07
3.50136e-07
3.54635e-06
1.53538e-06
7.1856e-07
2.79882e-06
6.93093e-07
5.61694e-07
7.5886e-07
4.34597e-07
1.44486e-06
5.41647e-08
4.51182e-07
1.66463e-06
5.89752e-07
5.07611e-06
4.11054e-07
4.83084e-06
1.34013e-06
3.09079e-06
1.54266e-06
2.86531e-07
6.36308e-07
1.57342e-06
1.37933e-06
1.34418e-06
4.12235e-07
3.48675e-07
8.03468e-07
1.42155e-06
1.33249e-06
5.79743e-07
4.09916e-07
8.42256e-08
3.40732e-07
2.00009e-07
3.25609e-05
1.0878e-07
9.10054e-07
5.75345e-07
5.86373e-06
8.8542e-07
2.39626e-06
4.63322e-07
4.52478e-07
2.82438e-07
1.68928e-06
2.86501e-06
6.03786e-07
1.25932e-06
3.10013e-06
1.95871e-10
6.57461e-07
2.69434e-06
1.32058e-06
6.86345e-07
7.44261e-07
7.18588e-07
3.39252e-07
1.36386e-06
1.70551e-06
1.89043e-06
1.66964e-06
1.67659e-06
1.46167e-06
1.94106e-06
7.95874e-07
3.13167e-06
9.491e-06
3.78151e-07
6.85059e-07
1.44746e-06
1.45919e-06
4.54314e-07
4.83839e-07
5.47094e-06
9.39379e-07
1.45522e-06
5.0227e-07
7.57036e-07
2.19637e-07
2.16572e-05
1.90085e-07
2.13184e-07
3.14404e-06
7.15999e-08
8.8934e-07
5.74864e-06
5.91084e-07
5.82532e-07
5.2933e-05
5.67312e-05
2.98959e-06
2.46614e-06
2.51037e-06
1.05567e-06
3.76081e-07
8.56258e-08
2.98599e-06
1.22206e-06
4.31828e-07
4.85081e-07
6.84119e-05
3.69136e-06
7.36322e-07
2.92498e-07
2.177e-06
1.28408e-06
1.28867e-06
1.46145e-06
1.00819e-06
2.6349e-07
5.14458e-06
8.14087e-07
7.33587e-07
9.99862e-08
1.38535e-06
4.14849e-07
6.56869e-07
9.20313e-07
4.27177e-07
1.25789e-06
1.10909e-06
3.86985e-06
3.21274e-06
1.13994e-06
2.27746e-06
6.06095e-07
5.28799e-07
1.38184e-06
1.29078e-06
6.44218e-07
2.17927e-07
1.66873e-06
8.99641e-07
5.45608e-06
4.18872e-06
1.06288e-07
2.96983e-05
1.25704e-07
3.76498e-07
2.31425e-07
1.84548e-06
1.42249e-06
2.4633e-05
4.48989e-07
5.46579e-08
6.37232e-07
6.16401e-07
2.4062e-07
2.21898e-06
1.37552e-06
3.01728e-06
1.29449e-06
5.9123e-07
8.55801e-07
2.57292e-06
3.30311e-07
7.01887e-07
2.19363e-06
8.47904e-07
1.52271e-06
4.12427e-07
2.96556e-07
5.33615e-07
1.89427e-06
2.34606e-05
1.51684e-06
1.64711e-07
2.36529e-07
2.20813e-06
1.21987e-06
1.05715e-06
1.38799e-07
1.876e-07
1.92185e-06
2.01915e-07
6.44775e-07
2.74811e-07
3.79178e-06
1.17906e-06
3.27685e-06
2.28693e-06
6.9253e-07
1.37443e-06
1.90576e-06
1.20575e-06
1.75281e-05
1.8241e-06
1.14928e-06
1.1076e-07
7.37503e-07
3.86135e-07
1.27913e-06
2.15053e-07
1.26236e-06
2.59896e-06
1.23153e-06
2.23595e-07
1.96173e-07
7.55031e-06
2.89704e-06
3.03924e-07
2.73992e-07
1.16112e-05
2.91236e-07
9.417e-07
2.37078e-06
1.20744e-06
1.72182e-07
7.17649e-07
1.35936e-06
1.24652e-06
1.82221e-06
1.5444e-06
1.40439e-06
1.94011e-06
1.32517e-06
5.54477e-07
2.56303e-07
1.48027e-07
1.92924e-07
1.8356e-07
1.37903e-07
2.10608e-07
2.37612e-06
2.18704e-07
1.33103e-06
1.01016e-06
2.42812e-06
1.93717e-06
1.12564e-06
9.71522e-07
1.58528e-07
7.45638e-07
6.04293e-06
1.37282e-07
2.41899e-07
9.15045e-07
1.43652e-06
9.74619e-07
6.0471e-06
1.48016e-05
5.98525e-07
7.93828e-08
7.46574e-06
1.51842e-06
1.56205e-07
2.31127e-07
8.42719e-07
8.26776e-08
1.5372e-07
5.73755e-07
1.41664e-06
6.53025e-07
1.57192e-07
2.79985e-06
1.67467e-07
1.10332e-06
1.48673e-07
1.78725e-07
1.25816e-06
4.06696e-06
1.37414e-07
9.87577e-07
3.60749e-07
4.8908e-06
4.44077e-06
2.29817e-06
2.40059e-06
2.08137e-07
5.09959e-05
7.99404e-07
1.47779e-06
4.9552e-07
9.37368e-07
4.68978e-06
1.93877e-07
5.03805e-07
5.82688e-07
1.17377e-07
2.69711e-07
1.60732e-06
1.58816e-06
5.25911e-07
8.31389e-08
3.809e-05
1.44098e-07
5.85233e-07
7.9061e-07
1.47752e-05
1.25393e-06
1.34075e-07
1.22507e-06
1.33678e-06
1.18729e-06
1.93841e-06
1.16479e-06
8.70808e-07
6.80251e-08
1.0915e-06
5.94277e-07
1.10853e-07
3.44056e-07
1.29054e-06
9.95109e-07
1.03755e-06
1.40788e-06
8.79632e-07
6.2076e-07
9.19809e-08
2.19694e-07
1.02202e-06
5.91125e-07
1.30964e-07
5.97905e-07
1.01111e-06
6.82534e-07
1.06604e-06
1.19901e-06
1.58207e-07
1.02091e-06
6.79484e-07
4.67707e-07
8.26299e-07
1.23144e-06
1.3775e-06
1.76422e-06
3.33999e-06
6.47893e-06
2.65949e-07
1.19183e-06
4.92143e-07
5.65322e-07
2.68946e-06
1.43919e-06
1.46873e-06
3.66509e-07
1.53955e-06
1.12884e-06
3.29619e-06
7.12783e-07
1.19564e-06
1.84559e-07
2.17229e-06
1.40201e-07
5.72542e-08
3.68471e-06
1.5525e-07
1.32411e-07
1.23025e-06
9.72763e-07
1.05792e-06
2.33872e-06
1.64513e-07
1.20643e-06
1.34388e-06
1.62545e-07
1.32371e-06
3.35934e-06
3.80537e-06
1.09782e-06
1.06759e-06
1.17622e-06
4.6385e-06
4.18719e-06
4.0813e-07
1.6887e-06
1.43777e-07
1.56432e-07
3.69655e-06
1.92904e-06
1.03895e-06
2.1075e-07
1.2415e-06
9.14723e-07
2.98689e-07
2.56908e-07
3.02996e-07
2.44996e-06
8.92501e-07
1.3698e-06
1.43165e-06
1.11041e-06
1.65494e-07
1.64752e-06
5.17712e-07
2.23455e-06
8.4901e-07
7.05374e-07
4.79345e-07
1.23668e-06
1.08976e-06
1.83466e-05
1.84723e-06
2.74844e-06
2.27245e-06
4.25856e-06
1.71579e-06
7.34418e-07
1.29186e-07
5.17987e-08
1.24613e-06
3.46645e-06
9.73954e-08
9.07499e-07
5.01543e-08
5.63451e-07
1.64038e-06
5.75057e-07
5.51832e-07
1.00007e-05
4.32237e-07
3.68297e-06
6.38627e-07
9.44509e-08
4.89385e-07
6.07756e-07
4.86551e-07
5.32118e-06
2.5457e-06
1.75332e-06
2.86073e-07
8.01584e-07
6.57588e-07
1.96948e-06
2.14534e-06
7.90877e-07
1.50261e-06
1.64053e-06
4.26755e-06
6.58086e-07
2.36027e-07
1.00151e-05
3.7661e-07
3.1528e-07
5.94779e-05
8.67743e-07
2.28244e-06
5.32742e-07
1.2383e-06
5.08581e-06
1.47784e-06
3.58937e-07
5.2483e-07
2.60178e-06
3.10256e-06
1.58873e-06
1.25977e-06
1.13318e-07
1.6014e-06
1.87728e-06
1.15259e-06
4.66082e-06
3.47425e-07
9.12086e-08
4.38171e-06
3.04422e-06
1.10529e-06
9.82466e-07
4.94787e-06
4.52083e-06
1.92134e-06
6.66926e-05
2.33445e-06
3.08231e-06
2.68238e-06
5.4668e-07
7.17365e-07
4.54941e-07
5.05546e-06
1.04858e-06
2.7116e-08
5.04111e-06
2.97731e-06
2.22374e-06
6.90248e-07
6.87373e-06
6.99559e-07
6.96374e-05
2.14344e-06
9.73865e-07
5.65041e-07
6.61657e-07
3.78491e-05
6.76799e-05
7.04989e-08
8.41824e-08
4.82942e-07
1.03562e-06
1.05895e-06
1.91597e-07
2.30511e-07
2.92061e-06
8.28052e-07
2.97498e-06
1.5044e-06
1.85217e-06
1.08218e-06
1.41279e-06
9.79476e-07
1.91308e-06
6.43307e-07
1.8106e-05
5.75361e-07
1.35436e-06
1.20498e-06
1.67307e-06
2.16581e-07
8.15006e-06
1.35574e-06
4.77779e-08
7.79172e-07
7.52713e-07
1.27222e-06
5.61753e-07
5.39786e-07
1.47908e-06
2.05085e-06
1.55054e-05
6.73678e-07
1.30658e-06
2.59716e-06
1.25222e-06
2.10708e-06
1.94284e-06
7.72428e-06
1.90773e-06
2.34625e-06
5.09478e-05
1.7757e-05
2.23567e-06
4.46425e-07
6.76776e-05
3.48289e-07
3.53792e-06
1.07502e-08
4.02205e-06
6.51112e-05
5.11765e-07
2.17805e-06
1.92072e-06
2.36595e-06
1.9111e-06
2.78278e-06
7.86817e-06
2.47431e-07
4.35662e-06
7.96709e-07
1.97543e-06
2.40294e-06
2.60048e-06
4.34216e-06
7.19831e-07
1.14119e-06
8.2103e-07
1.48138e-07
9.02259e-07
6.572e-05
7.28513e-06
2.86081e-06
1.77689e-05
4.0956e-07
2.10571e-06
2.43541e-06
1.5491e-06
1.59674e-06
4.63403e-07
1.65199e-06
1.54882e-07
1.77173e-06
7.34479e-07
1.63801e-07
8.00008e-07
1.41728e-06
7.21142e-07
5.37571e-07
3.08546e-08
1.64281e-06
3.11255e-06
2.7745e-07
6.07634e-06
2.48015e-06
7.15237e-07
1.8132e-06
7.71103e-07
3.13058e-05
5.77913e-05
6.42349e-07
2.01762e-06
8.91138e-06
1.80283e-06
1.11539e-06
9.372e-07
1.46603e-06
2.52119e-06
4.35062e-06
3.37902e-06
4.66459e-05
2.12892e-06
4.40502e-05
1.85741e-06
6.7263e-07
4.48817e-06
1.16196e-06
1.78775e-06
6.46118e-07
2.27475e-07
1.62331e-06
1.28842e-06
1.64424e-06
9.377e-07
4.60983e-06
7.57482e-06
3.20485e-05
6.54866e-07
1.5925e-07
2.0635e-08
4.65748e-06
1.65664e-06
4.28175e-07
2.51802e-07
7.07614e-07
8.48607e-08
1.55122e-06
6.59411e-08
5.41147e-08
1.49714e-06
1.0939e-06
5.64242e-07
2.44144e-06
1.28325e-06
5.18591e-07
1.04818e-06
2.08284e-07
2.03812e-06
5.31205e-08
4.57063e-06
9.29065e-07
2.68763e-06
1.49598e-07
2.25273e-05
5.49459e-06
8.33841e-08
2.38393e-06
8.34844e-07
8.12127e-07
9.45123e-07
4.99873e-08
4.9028e-07
1.50179e-06
8.17984e-07
3.17155e-06
9.22329e-08
2.48076e-06
7.56375e-07
1.47962e-06
2.651e-07
5.34974e-07
4.89371e-07
8.2035e-07
9.80288e-07
1.35125e-06
5.337e-06
1.25594e-06
2.46532e-08
3.01758e-06
5.35993e-08
7.5473e-07
1.51626e-06
1.84139e-06
6.60714e-07
3.60945e-07
5.99508e-07
6.71264e-07
1.83475e-06
6.18394e-05
1.3527e-06
1.89966e-06
1.36188e-05
3.56633e-07
8.93664e-07
5.19916e-07
4.00511e-06
1.0916e-07
1.81755e-06
5.31967e-06
4.77613e-08
3.99649e-08
6.42941e-08
1.52915e-06
7.03758e-08
2.72791e-06
2.0446e-06
2.44247e-06
1.32118e-06
1.73255e-06
3.93193e-07
4.80333e-05
1.32088e-06
5.54525e-07
5.72211e-07
4.05962e-07
3.7339e-07
8.02706e-06
5.95532e-07
8.74718e-07
8.44923e-07
2.24363e-06
4.16137e-06
5.5084e-08
2.52801e-06
4.83924e-07
4.65594e-07
1.78214e-06
5.96042e-05
8.49127e-06
7.75833e-07
7.43864e-06
1.0334e-05
3.61513e-05
7.56191e-07
4.30958e-07
5.6682e-07
2.70296e-06
1.24471e-06
8.05741e-06
1.02123e-06
8.63748e-07
2.13815e-06
7.61588e-06
2.06215e-06
1.68577e-06
1.19294e-05
2.68232e-06
6.11665e-06
3.68607e-06
5.58499e-07
1.99964e-07
1.47912e-07
6.63986e-07
1.69196e-06
1.05122e-06
3.76809e-07
6.09112e-07
1.66244e-06
8.52706e-07
4.89573e-07
7.89862e-07
7.64434e-07
1.47803e-06
5.14884e-05
1.61875e-06
1.4238e-06
5.65969e-06
5.7081e-06
1.16883e-06
7.30838e-07
1.54162e-06
1.61492e-06
2.83196e-06
4.50174e-05
1.24444e-06
2.37333e-06
3.66765e-06
3.32003e-06
5.03106e-05
1.24176e-06
5.34393e-07
1.66267e-06
1.62228e-06
5.23396e-07
4.48282e-07
1.2379e-06
6.25951e-05
1.19983e-05
8.33044e-06
5.84202e-06
1.68328e-06
1.39321e-06
6.65217e-08
1.84548e-06
8.37241e-08
3.11144e-05
1.80929e-06
1.06842e-07
4.99516e-07
8.57175e-08
1.87595e-06
1.84073e-06
4.69876e-07
4.287e-06
1.01121e-06
4.48621e-07
6.48159e-06
4.46424e-07
3.26116e-07
4.57044e-06
2.0354e-07
1.18542e-07
1.76203e-06
3.88193e-07
6.94692e-07
1.13488e-06
4.73161e-07
2.06284e-07
1.80234e-06
1.91712e-07
1.63765e-07
3.85027e-07
9.36433e-07
3.31082e-07
1.13419e-06
3.13963e-06
5.78748e-07
6.13583e-08
7.39831e-07
8.11161e-08
3.83091e-06
3.1775e-08
8.32848e-08
2.29575e-06
9.1395e-07
1.65443e-06
2.85681e-06
1.76114e-07
2.09391e-06
9.53819e-08
1.35598e-06
1.59549e-06
3.13996e-07
1.16276e-06
4.08874e-06
1.55046e-06
1.18401e-05
1.02709e-06
1.19726e-07
4.59237e-07
9.98646e-07
5.82154e-07
8.60716e-07
1.87362e-06
6.42542e-08
4.88698e-06
4.86789e-06
2.33035e-05
2.66163e-06
9.34085e-07
1.12944e-06
1.02231e-06
1.45852e-06
1.05976e-06
3.97795e-07
1.22617e-06
4.86306e-07
2.56265e-08
1.1027e-06
1.97192e-06
1.46586e-06
2.07806e-05
4.29873e-05
4.86439e-07
1.4922e-06
9.22475e-06
8.55999e-07
2.3694e-06
7.20491e-06
1.14005e-07
1.34481e-07
5.64945e-07
4.68252e-07
1.53557e-06
9.09338e-07
2.7998e-07
1.42765e-06
1.5732e-07
1.79706e-06
1.14058e-06
3.44216e-07
9.31098e-07
1.35813e-06
1.00748e-06
1.3649e-06
1.00376e-06
5.23077e-07
5.78074e-05
1.27494e-05
7.69295e-07
1.20858e-06
8.80015e-07
1.19394e-06
7.66944e-07
9.79311e-07
7.55339e-07
3.4196e-08
5.53e-06
7.50325e-06
9.20067e-06
1.85082e-06
5.72273e-07
9.08003e-07
1.33505e-06
1.35244e-06
4.6324e-08
7.31648e-07
1.54001e-06
2.7561e-07
6.10609e-07
1.43995e-06
2.66923e-07
1.7755e-07
1.59007e-06
1.01306e-06
8.32396e-07
3.46331e-05
6.6512e-07
1.14114e-06
2.32867e-06
6.88661e-07
1.93743e-06
1.35932e-05
1.93007e-07
4.42879e-07
1.50318e-06
1.47307e-07
2.0401e-06
4.89046e-07
1.5694e-06
4.87753e-07
1.43317e-06
1.47933e-06
4.49478e-06
1.76074e-06
4.90382e-07
1.3869e-06
1.39593e-06
3.13578e-06
1.87838e-05
6.71627e-08
1.71182e-06
1.10726e-06
1.00201e-06
2.70731e-06
1.71469e-06
1.06489e-06
2.71463e-07
6.61051e-05
4.11879e-06
8.81296e-07
5.97878e-07
8.9632e-06
4.71624e-06
2.52669e-05
6.81557e-05
4.46891e-07
1.18185e-06
3.90782e-06
2.47527e-07
1.32659e-06
7.21459e-07
1.06169e-06
7.58681e-06
5.11751e-06
2.17188e-06
3.48274e-07
1.12168e-05
6.0341e-05
2.16355e-06
2.50846e-06
1.32462e-06
6.67991e-07
6.31115e-07
5.59786e-07
2.60381e-06
1.0461e-06
2.54776e-06
2.11014e-07
3.96338e-06
4.91876e-06
1.44081e-06
2.67293e-05
7.68199e-07
6.9993e-07
4.19588e-07
8.0589e-07
8.02928e-07
4.89487e-07
1.22192e-06
3.03595e-07
1.2842e-05
3.75951e-06
3.82471e-07
2.00454e-07
1.0914e-06
6.99109e-07
4.42531e-06
2.53506e-07
9.55957e-07
1.38712e-06
1.04792e-06
1.03548e-06
9.1636e-07
3.56727e-06
4.48049e-07
1.25614e-06
1.58825e-05
8.59298e-06
9.76734e-07
1.16588e-06
5.11284e-06
1.34005e-06
4.959e-07
7.56629e-07
7.51584e-07
3.33348e-06
6.43637e-07
6.22271e-07
7.64879e-06
3.04293e-06
9.12357e-07
8.35978e-06
2.87272e-06
4.37274e-05
2.05541e-06
6.33881e-07
2.95999e-07
1.65661e-06
4.10457e-07
3.58488e-06
1.40721e-06
5.75503e-06
1.15584e-06
1.01838e-06
8.92032e-07
8.85025e-07
1.84992e-07
8.36268e-07
5.10691e-07
4.67082e-07
1.11583e-06
9.66009e-07
9.06285e-08
3.26661e-07
3.78631e-06
1.08577e-05
6.53921e-07
2.10357e-06
3.16403e-06
6.60569e-07
2.6406e-06
3.21429e-06
1.3949e-06
8.03077e-07
2.03002e-06
1.92817e-07
4.8283e-05
9.82462e-07
1.63745e-06
9.47205e-07
4.53122e-07
1.54583e-06
1.05088e-05
8.86808e-07
5.26413e-08
3.18238e-06
1.65841e-06
2.11872e-07
9.20321e-08
3.74103e-07
8.08047e-07
1.11591e-06
1.48003e-06
1.05176e-06
7.447e-07
4.31143e-07
2.92237e-07
4.76566e-07
7.45586e-07
8.21766e-08
1.80698e-07
1.48363e-06
1.36418e-06
1.2294e-06
1.09047e-06
3.58401e-07
2.53391e-07
4.2532e-06
3.41751e-05
1.88306e-06
1.24852e-06
2.0794e-06
3.9963e-08
6.58912e-07
1.6342e-06
1.65903e-07
5.44106e-06
1.16808e-06
1.64465e-06
2.51412e-07
7.08311e-07
8.83215e-07
4.9159e-07
1.00201e-06
3.24724e-06
5.50398e-07
3.39084e-07
4.12123e-06
3.72968e-06
5.48201e-07
1.88792e-07
3.36847e-07
1.73129e-06
5.63918e-06
2.75867e-06
2.28683e-06
1.36148e-06
1.06781e-06
2.8468e-07
2.04797e-06
4.73336e-08
8.67617e-07
3.60616e-07
1.72736e-06
2.39325e-06
6.43474e-06
4.19717e-06
2.06517e-06
6.55094e-07
4.14134e-07
1.39926e-06
3.97456e-07
1.78076e-07
1.06682e-06
4.11634e-07
6.8583e-07
8.1559e-07
9.97947e-08
3.71945e-07
4.7939e-07
7.49854e-07
8.06405e-07
2.19268e-06
2.39925e-06
2.20561e-07
3.56505e-07
1.12882e-06
1.40459e-06
1.36356e-07
4.42971e-07
4.6249e-07
7.91947e-08
4.30545e-05
2.45536e-06
9.04168e-07
4.06078e-07
6.75226e-07
4.06427e-07
1.09662e-06
2.35335e-07
2.93799e-07
1.15295e-06
6.26466e-07
3.06126e-06
6.5383e-08
6.977e-07
2.14549e-07
4.57815e-07
1.98996e-06
6.38298e-07
6.5746e-07
7.42927e-07
1.06709e-06
2.69467e-06
1.84002e-06
1.35549e-07
4.58725e-06
7.50107e-07
4.18663e-07
1.08388e-06
4.61289e-08
1.43198e-07
1.10171e-06
2.42663e-07
4.76443e-07
1.65303e-06
2.81901e-06
2.18455e-06
8.86295e-07
9.25639e-07
1.07554e-07
1.17727e-06
1.2734e-07
5.57009e-06
1.902e-06
1.42164e-07
1.88614e-06
1.7788e-06
6.62943e-07
3.24675e-06
2.12671e-07
1.25167e-06
5.11546e-07
4.27048e-07
1.81707e-07
1.71332e-06
4.55762e-06
9.22766e-07
4.54976e-07
8.42193e-07
1.99283e-06
1.35918e-07
5.81586e-05
1.00949e-06
9.60475e-07
1.97448e-06
3.04325e-07
7.74738e-07
1.47469e-06
6.23563e-07
4.09612e-06
1.49972e-07
4.788e-07
1.97468e-06
4.48528e-07
3.68129e-07
7.522e-06
1.57148e-07
7.07956e-07
1.82017e-06
5.13515e-06
1.23727e-06
1.66138e-06
1.88347e-07
2.12239e-06
7.10183e-07
8.8015e-08
1.77462e-07
1.10296e-06
3.58681e-07
4.91249e-06
6.65371e-07
9.23764e-06
5.20642e-07
5.0743e-06
1.34694e-06
3.33244e-07
1.43155e-06
1.64165e-05
5.83143e-05
5.27162e-06
3.99668e-06
9.92792e-07
3.36914e-07
2.03521e-06
1.17766e-07
7.61223e-07
9.24737e-07
6.54599e-07
1.0842e-07
2.04594e-06
1.12413e-06
2.74201e-07
2.42602e-06
1.48319e-06
2.12566e-07
1.51248e-06
8.64896e-07
2.99771e-07
8.58261e-07
1.93248e-07
2.10377e-06
1.57495e-07
5.90696e-08
3.59954e-07
5.35117e-06
1.47757e-06
1.12331e-06
9.20767e-07
1.56279e-07
2.17009e-07
5.65656e-07
1.25155e-06
4.73782e-07
2.24816e-06
6.60753e-07
2.07023e-08
1.14947e-06
2.86437e-07
1.33513e-06
2.52975e-06
1.20098e-07
1.88927e-06
5.69047e-08
1.67153e-05
1.2788e-06
4.00066e-06
1.16317e-06
6.0748e-06
1.04216e-06
7.00706e-07
9.27161e-07
1.05906e-06
1.40081e-06
1.31813e-06
4.5864e-07
1.20063e-07
1.87518e-06
8.32538e-07
5.9401e-07
1.49418e-06
4.85785e-07
1.76206e-06
6.88403e-07
5.23743e-09
5.32956e-07
2.42592e-06
3.7614e-05
9.67786e-06
2.85204e-06
1.37457e-07
1.11169e-06
1.21543e-07
1.73393e-07
4.62992e-07
5.65531e-08
4.1358e-07
1.00858e-06
1.05413e-06
7.32503e-06
1.16553e-06
2.09297e-06
1.09219e-06
4.20728e-07
1.20173e-06
1.05774e-07
2.72581e-08
4.76159e-07
4.12202e-06
2.96139e-07
4.27712e-07
1.35339e-07
3.21756e-06
1.47568e-06
5.95657e-07
4.2466e-07
3.0848e-07
1.00182e-06
1.66185e-07
1.66802e-06
8.57553e-08
2.92616e-07
3.35459e-06
1.62851e-06
5.56981e-07
4.90848e-06
9.94972e-08
3.42277e-07
6.60451e-07
2.06329e-07
6.21071e-07
1.36234e-06
6.07138e-08
2.81107e-07
9.9668e-08
9.03009e-07
3.6456e-07
3.08048e-06
1.14653e-07
6.08366e-07
1.22149e-06
2.47542e-07
1.35157e-06
6.40645e-06
8.99867e-07
3.56857e-06
6.43182e-06
8.95435e-08
4.63288e-08
5.93569e-07
2.45822e-07
4.95402e-07
3.36766e-07
1.59919e-06
1.933e-07
6.66739e-06
1.64796e-06
2.26992e-06
1.07033e-07
1.47596e-06
8.1657e-07
2.61548e-07
1.82765e-07
1.97537e-07
1.50577e-06
8.75039e-08
1.27616e-06
2.14264e-08
3.7407e-07
5.19947e-08
1.31561e-07
1.14319e-06
6.92583e-07
5.17064e-07
6.38048e-05
3.81092e-07
1.27201e-06
9.92657e-07
4.77608e-07
1.56537e-06
1.35154e-05
1.34215e-07
1.46758e-06
2.51153e-06
4.54125e-07
3.74622e-06
2.9192e-07
6.43102e-06
9.04947e-07
1.03619e-07
2.29367e-07
6.01745e-06
8.08765e-07
1.25337e-05
2.1727e-07
3.68756e-08
7.85025e-07
1.61264e-07
3.21881e-06
5.92447e-08
1.38662e-06
9.89403e-07
1.05673e-06
2.27992e-06
7.50777e-07
2.44848e-06
1.98067e-06
1.17766e-06
4.66721e-05
1.29984e-06
1.28654e-06
4.27109e-07
3.86434e-07
7.02011e-08
8.26508e-07
8.55404e-07
8.56418e-08
5.10192e-07
1.09825e-06
2.03157e-07
1.29171e-06
1.12418e-06
7.60115e-08
1.82273e-06
6.00186e-07
3.55657e-07
5.02583e-08
1.27539e-06
2.71429e-07
4.62324e-07
1.68882e-06
7.97786e-07
8.86305e-08
1.34198e-06
1.88166e-07
1.68214e-06
1.00713e-06
4.9711e-05
1.08752e-06
1.25987e-06
1.06835e-07
5.66311e-06
3.06255e-06
7.16513e-07
3.74804e-06
7.1008e-07
2.43014e-08
2.57974e-06
3.08595e-07
2.23735e-06
7.06895e-06
8.36318e-06
1.20013e-06
2.79904e-06
1.71024e-06
1.43193e-06
1.74571e-06
1.64262e-05
5.75027e-07
1.20555e-06
4.56665e-07
9.92477e-08
9.05888e-07
7.92466e-08
6.79042e-08
5.08503e-05
9.89734e-08
6.22816e-05
5.74079e-06
1.17622e-06
7.77046e-08
2.75599e-06
1.13655e-06
4.32878e-06
1.88113e-06
1.99225e-07
3.33979e-08
8.57314e-08
5.84244e-06
3.89574e-05
4.80174e-07
5.19928e-06
1.05803e-06
1.24595e-06
1.72045e-07
2.06108e-06
9.87679e-08
6.86007e-08
6.84433e-07
1.44612e-06
2.99264e-07
4.15787e-06
8.30494e-07
2.70015e-06
1.01036e-06
1.22153e-06
6.35819e-07
5.16383e-07
2.28611e-07
1.3976e-07
4.61768e-07
7.66935e-07
1.01107e-07
5.5176e-07
1.78065e-07
3.83162e-07
9.34339e-07
4.23548e-06
3.74503e-06
1.74881e-06
2.08372e-07
6.88735e-08
3.60232e-07
1.62626e-06
1.33616e-06
6.32056e-06
3.37278e-06
8.98447e-07
2.39027e-06
3.19355e-07
5.55692e-08
3.96354e-08
2.10051e-07
1.03543e-06
4.17464e-08
9.80791e-07
2.30083e-06
1.77395e-06
1.8694e-06
4.83245e-08
4.31029e-06
7.17953e-07
7.12702e-08
1.22412e-06
7.94082e-06
6.70153e-08
2.20853e-07
1.31933e-06
6.02815e-07
8.378e-07
2.21145e-08
4.93936e-08
1.98151e-08
5.60905e-08
1.58577e-07
3.36047e-06
6.79225e-07
5.46713e-08
8.48526e-08
2.30803e-06
1.26907e-06
5.96713e-06
1.7995e-06
1.05305e-06
1.94456e-05
5.09809e-08
2.47949e-06
2.67567e-06
1.80301e-06
5.31116e-06
8.22488e-08
1.2585e-07
4.1597e-06
1.60535e-06
1.39151e-07
2.59342e-08
7.71706e-07
9.8527e-07
4.94292e-08
2.9816e-07
6.67229e-07
2.91146e-07
1.33476e-06
1.13063e-06
2.13346e-06
2.01184e-08
2.12652e-08
1.17213e-06
4.45014e-07
1.14832e-08
2.01509e-05
5.15054e-08
8.81348e-07
8.02247e-08
9.32511e-07
1.60522e-08
1.42755e-06
3.71686e-08
6.04995e-08
3.9827e-08
2.50865e-06
2.28053e-08
2.90163e-06
7.83101e-08
5.77671e-08
6.308e-05
1.88605e-05
1.61157e-08
7.64919e-07
6.23232e-07
4.8399e-06
1.50696e-08
2.94208e-07
2.20039e-08
1.38756e-06
1.59765e-08
2.23136e-08
4.49356e-07
1.85742e-08
5.87908e-07
2.38334e-06
5.97882e-06
9.67018e-07
1.2338e-06
2.32322e-06
1.47291e-08
8.00131e-07
3.84342e-06
2.46696e-06
4.33992e-08
2.28909e-06
8.54315e-07
1.29019e-08
1.32771e-08
1.01881e-08
5.35125e-10
8.99467e-08
1.02537e-06
1.36259e-06
2.1317e-08
8.16677e-06
2.00311e-06
7.16538e-07
1.69024e-08
9.71958e-07
1.90566e-06
2.7104e-07
7.01943e-07
2.91607e-08
3.16456e-06
1.83245e-06
3.42542e-07
3.50453e-08
2.45436e-06
6.05038e-07
3.23833e-08
5.28766e-07
2.99214e-07
1.33491e-07
8.68293e-07
5.80594e-05
1.77754e-06
6.97457e-07
1.19547e-07
3.90182e-07
1.13945e-06
3.32731e-07
4.75302e-07
3.07628e-07
3.86924e-07
1.65486e-07
1.94119e-06
3.24125e-06
1.93407e-07
1.08125e-06
5.79743e-07
7.41907e-07
1.13814e-06
7.5432e-08
8.19108e-08
3.85091e-06
7.09491e-07
6.72825e-07
8.39952e-07
5.87065e-07
1.07709e-08
3.23817e-07
5.42739e-05
6.06731e-07
5.18923e-07
9.33165e-07
1.24385e-06
3.85205e-07
2.13042e-07
5.43939e-06
1.20683e-05
6.14102e-07
1.4212e-07
2.01348e-08
1.89101e-06
2.19898e-06
2.29132e-06
4.32756e-06
1.0075e-07
8.76902e-07
2.21531e-06
2.30925e-08
2.52632e-06
4.87668e-07
5.27143e-05
3.64011e-07
4.88896e-06
9.59333e-08
6.4346e-07
2.24414e-08
6.40694e-07
2.06617e-06
5.98181e-07
3.75744e-07
1.55733e-06
5.1836e-08
4.83838e-07
2.21491e-08
3.53619e-08
1.2119e-06
5.84811e-05
7.31036e-06
6.78539e-07
6.69833e-07
8.10073e-06
9.21788e-06
5.40306e-07
2.993e-06
5.10078e-08
1.45535e-07
7.42197e-08
8.33902e-07
6.99615e-06
4.79302e-06
4.56474e-07
2.46905e-06
9.80802e-06
5.05773e-08
1.20369e-06
5.5118e-07
3.05989e-07
5.30848e-07
6.39534e-07
3.02682e-07
1.73573e-06
4.85708e-07
2.94254e-06
1.16946e-06
4.43496e-08
5.58021e-07
3.64557e-06
4.14786e-07
1.10528e-07
1.99628e-07
3.45294e-07
6.25423e-07
7.13154e-07
2.41856e-08
2.48604e-06
2.0414e-06
3.31059e-06
3.80535e-07
1.36589e-06
2.78472e-07
5.05878e-06
1.00304e-06
4.56733e-07
2.54904e-10
2.04038e-07
8.52116e-06
1.35658e-05
1.0179e-06
1.82884e-06
4.42806e-07
1.83266e-05
4.76979e-07
1.32191e-06
4.5147e-07
2.16932e-06
3.89252e-05
1.69149e-07
2.14766e-07
8.04022e-08
1.58087e-06
9.89308e-08
1.75648e-06
1.58667e-06
1.15681e-06
2.60481e-06
5.43351e-05
8.47865e-07
1.21022e-06
5.35706e-07
5.34213e-06
9.24618e-07
3.79534e-08
4.02663e-06
1.28105e-06
1.7029e-06
1.97593e-06
2.07131e-06
9.96659e-07
2.83616e-07
5.67815e-07
4.61451e-06
8.75328e-07
4.74999e-06
5.54682e-07
1.12087e-05
1.71916e-07
1.86032e-07
2.14815e-06
4.13737e-06
1.09312e-06
1.58512e-06
9.33804e-07
2.47278e-07
2.88492e-07
5.18887e-06
1.36372e-06
1.71504e-05
4.87498e-05
1.14497e-06
3.43932e-07
6.79533e-05
1.64321e-06
5.75445e-05
6.71753e-08
1.08631e-07
8.70907e-07
1.49371e-06
1.22318e-06
2.51422e-06
1.74113e-07
1.10958e-05
1.99622e-06
1.99647e-07
5.60741e-07
6.66386e-05
1.08431e-07
2.20914e-07
4.69334e-06
8.49772e-08
1.54561e-06
3.39414e-06
1.3105e-06
5.30355e-05
7.10621e-06
1.32267e-06
5.21913e-08
6.48767e-05
2.74317e-07
3.99511e-06
1.25352e-06
3.89527e-06
1.19805e-06
2.16457e-07
8.32043e-07
2.51301e-06
4.80861e-06
3.40183e-06
4.34774e-07
8.09689e-08
8.21602e-08
9.52196e-08
4.91306e-06
7.19564e-08
1.14828e-06
5.72776e-08
1.28526e-06
1.14664e-06
4.58343e-08
3.45272e-07
4.17009e-08
4.7982e-08
7.38466e-08
5.94218e-07
6.3812e-06
2.99897e-05
5.02108e-08
2.23673e-06
6.80278e-07
5.14137e-05
3.37012e-06
6.07778e-06
7.96034e-08
5.4037e-07
1.15743e-06
7.12267e-08
4.85241e-05
9.18097e-06
4.9904e-06
9.87879e-07
6.59155e-06
5.68078e-06
7.61048e-06
1.76335e-06
3.72978e-05
2.85768e-07
1.69229e-07
6.00361e-07
1.09496e-06
1.08935e-06
1.3857e-05
2.38808e-07
4.71926e-06
2.59129e-06
1.35777e-06
3.30856e-05
1.95838e-07
1.21156e-07
1.92498e-07
2.35611e-07
1.19809e-05
6.74871e-07
1.18815e-06
2.50566e-06
1.76852e-06
1.06456e-06
6.31605e-06
1.79921e-06
8.53471e-07
9.70637e-07
4.16035e-08
1.98915e-07
1.11136e-06
4.22719e-06
1.20943e-06
9.99091e-07
7.36996e-06
5.90464e-07
4.26563e-06
3.75268e-05
7.75384e-07
2.67392e-07
2.53315e-05
2.15477e-07
1.00753e-07
1.65581e-06
3.26422e-06
2.49822e-07
1.09503e-06
1.09331e-06
1.04897e-07
7.84398e-06
6.0039e-05
9.26778e-08
1.5646e-06
2.33381e-06
4.3613e-06
2.03817e-07
7.50755e-07
2.09394e-06
5.29329e-07
9.73862e-08
7.70227e-06
2.07157e-06
4.74029e-06
7.66006e-06
7.24739e-06
2.07161e-06
4.08073e-06
5.91572e-08
9.85461e-07
1.28828e-06
2.40255e-07
6.78369e-07
6.44234e-07
8.52919e-07
2.37078e-07
3.25525e-06
1.61792e-06
3.98959e-07
4.14192e-08
5.2732e-08
1.96487e-06
1.78128e-07
9.29837e-07
1.13582e-07
5.29255e-08
8.61521e-07
5.18832e-06
2.18325e-06
1.8474e-05
5.99181e-07
2.5118e-07
4.81032e-05
4.67688e-07
6.27339e-07
5.35978e-07
8.56371e-07
1.38863e-05
1.16249e-07
1.00679e-05
2.00348e-07
1.70693e-07
3.49189e-07
4.00417e-05
2.13857e-07
1.10623e-07
4.37568e-08
2.90217e-06
6.50905e-06
7.97857e-06
2.6253e-07
3.98439e-06
2.36349e-06
4.60782e-07
1.0565e-06
3.48771e-07
4.17641e-07
2.27933e-06
3.65358e-07
8.79474e-07
6.02663e-06
2.46758e-07
2.23224e-07
1.14916e-07
1.19733e-07
1.3482e-06
1.67879e-07
2.28331e-06
9.79845e-08
6.85381e-08
8.0731e-08
4.17685e-07
3.36489e-07
1.62e-06
4.12795e-07
9.47632e-08
5.23872e-06
6.92101e-08
3.68549e-08
2.32554e-06
1.76066e-06
1.77147e-08
3.6415e-05
4.11646e-07
4.28448e-07
8.49283e-06
8.96548e-08
1.00385e-06
6.36965e-07
8.73803e-07
5.5327e-07
7.32147e-07
2.78366e-05
2.6299e-05
5.93127e-07
9.90707e-08
1.02009e-06
2.40917e-05
5.90885e-08
2.77089e-06
1.61188e-06
8.73901e-06
8.65629e-07
2.64889e-07
4.99191e-07
3.30938e-06
3.66384e-06
6.95766e-08
2.7037e-06
6.80242e-07
1.11009e-06
2.28515e-06
4.79056e-07
4.75202e-05
3.18721e-07
7.55726e-08
3.34766e-06
2.07018e-06
9.07143e-08
9.87306e-07
4.9857e-05
9.10387e-06
1.18266e-07
5.6603e-07
1.75918e-06
1.42354e-07
5.66921e-07
8.19272e-07
9.41698e-07
6.66892e-07
7.8127e-07
2.50133e-06
4.92171e-07
4.73061e-07
4.78094e-05
5.41867e-07
1.34567e-06
6.88133e-06
2.61935e-07
1.34112e-07
1.3363e-06
9.80415e-06
1.19692e-06
2.22921e-05
3.97998e-05
1.50652e-07
2.86542e-05
1.3346e-06
2.77662e-07
1.70461e-06
1.27288e-06
3.53578e-06
6.49336e-07
8.1343e-08
5.65095e-07
9.89842e-06
6.8308e-07
2.40626e-07
2.63756e-06
1.10098e-06
9.14953e-08
3.49555e-05
2.69983e-07
5.13379e-07
3.09963e-07
1.02329e-06
1.36417e-06
1.0914e-06
3.76277e-07
4.81722e-07
3.44641e-06
1.60823e-06
4.77415e-05
1.56599e-05
2.32365e-06
6.16315e-07
2.0836e-06
4.09406e-07
7.13232e-07
3.41493e-07
7.17697e-08
5.71089e-07
8.26015e-07
8.8931e-07
8.47218e-07
6.78871e-07
2.44994e-06
5.12323e-06
4.48461e-05
2.84406e-07
1.08143e-06
1.11502e-06
2.47286e-06
6.20722e-07
5.7418e-06
3.32771e-06
1.70451e-06
7.40665e-07
1.35246e-06
1.99221e-06
1.1793e-06
5.04852e-07
6.2754e-07
1.97645e-06
1.28266e-07
9.0817e-08
1.17411e-09
2.47334e-07
6.05811e-07
2.9472e-07
3.86942e-07
8.66342e-08
5.82726e-06
7.11303e-08
2.58551e-07
2.04266e-07
2.1259e-06
5.28361e-07
2.42162e-07
1.10857e-07
7.01384e-07
2.69871e-08
8.09547e-08
1.24017e-05
8.62545e-07
8.28593e-08
1.29034e-05
1.19125e-06
6.15292e-07
6.89226e-07
1.05957e-06
3.27196e-06
6.06851e-05
7.8189e-06
1.33491e-06
2.0823e-06
4.13357e-05
7.34442e-08
5.93243e-07
4.99648e-08
3.61348e-06
7.31479e-07
3.72429e-07
1.33679e-05
9.22374e-06
4.43359e-06
2.87253e-06
7.26023e-07
5.67735e-05
4.07119e-08
3.55928e-07
1.05247e-07
4.21422e-05
6.0428e-07
4.38886e-06
4.88304e-06
7.75349e-07
5.3097e-06
2.16176e-06
1.51801e-07
9.77719e-07
7.76129e-07
2.99692e-06
7.58222e-07
7.677e-07
6.50789e-08
4.54772e-07
8.81786e-08
3.47497e-07
2.47014e-06
6.327e-06
1.77994e-07
1.51183e-06
7.13683e-05
2.72268e-06
1.62705e-06
5.87957e-07
2.02613e-06
1.0407e-06
3.48695e-06
1.53436e-06
2.68152e-07
3.40528e-06
4.04541e-06
8.45188e-07
6.08844e-07
2.49289e-07
2.82136e-06
3.93411e-07
7.46116e-06
2.89946e-06
4.09564e-07
1.27595e-06
1.93266e-06
7.47327e-08
4.57613e-07
8.48492e-07
2.12814e-07
5.06838e-06
3.05542e-05
2.48709e-05
4.42622e-07
1.17053e-06
1.68082e-06
5.78007e-06
1.40755e-06
4.74057e-08
1.36149e-06
6.32703e-07
1.64267e-06
5.59264e-07
1.26696e-06
5.70616e-07
7.35713e-08
1.5812e-06
2.22946e-06
1.17421e-06
1.11025e-06
1.23168e-06
3.04138e-07
7.73772e-07
2.71118e-06
1.58552e-07
1.03446e-06
7.59968e-06
1.21509e-06
9.12172e-07
9.80257e-07
4.75912e-05
2.46351e-07
5.97726e-07
1.42096e-06
2.61284e-07
9.09829e-07
3.29732e-06
2.55698e-06
9.1852e-07
1.33388e-07
1.10225e-05
8.43514e-07
2.16278e-08
1.12999e-07
8.07209e-07
3.7816e-06
5.02114e-07
1.66366e-08
6.68691e-08
5.83485e-07
3.6375e-08
8.39897e-07
9.59291e-07
1.80295e-07
2.51421e-06
1.63465e-06
2.8386e-05
9.86166e-07
1.97803e-07
1.0492e-07
1.33996e-06
1.03061e-06
7.11318e-08
2.8904e-06
7.85365e-06
2.56567e-08
2.68139e-05
1.17488e-06
9.49077e-07
4.45199e-08
9.44813e-07
1.74489e-08
1.80307e-07
4.62205e-05
3.3731e-08
1.00491e-06
1.59919e-08
1.1215e-06
7.52902e-08
2.54874e-05
1.62137e-06
9.16326e-07
1.75205e-06
8.98903e-07
7.69214e-07
1.81156e-07
1.08504e-05
3.57986e-05
2.9094e-07
2.84068e-06
3.80784e-07
1.2768e-06
7.05104e-07
2.1871e-06
1.03345e-08
2.88152e-08
1.33937e-05
4.67961e-07
2.57085e-06
8.44651e-07
6.24393e-07
8.37726e-07
8.39048e-08
8.10744e-07
2.25061e-07
1.11301e-06
8.12941e-07
1.19073e-06
8.6975e-07
1.39764e-05
1.0209e-06
2.40362e-06
2.0304e-06
4.33571e-07
1.28861e-06
1.87575e-05
2.53439e-06
5.41941e-05
1.95997e-07
6.06738e-07
8.78262e-07
1.79662e-08
6.41862e-07
2.53004e-06
1.20425e-06
1.19574e-06
8.53321e-08
4.20869e-07
8.97717e-07
1.12778e-06
9.56163e-07
6.96355e-05
4.54081e-07
3.17651e-08
6.60798e-07
4.06866e-07
7.40042e-06
9.22138e-07
1.82458e-07
8.27094e-06
4.32153e-08
8.60534e-07
1.41499e-06
4.5616e-07
1.68585e-06
2.8156e-08
3.29718e-07
8.19509e-06
7.46601e-07
4.58029e-07
1.38337e-06
1.54471e-07
5.69911e-07
6.64513e-07
1.1447e-06
5.59984e-07
3.81257e-07
2.08071e-08
8.1173e-07
3.64631e-05
1.40862e-06
1.12982e-06
5.73139e-07
2.78735e-06
8.36167e-07
2.46527e-06
1.14246e-08
4.1823e-07
2.70834e-06
4.27613e-07
6.34126e-07
3.24645e-05
6.35778e-07
1.76301e-06
9.90815e-07
8.30532e-07
3.20018e-08
4.79677e-07
4.12635e-07
2.21023e-07
7.23502e-07
2.50732e-06
3.61947e-05
8.68948e-07
2.89778e-07
1.07436e-07
2.52044e-07
4.0389e-07
4.18121e-06
8.73465e-06
4.25752e-07
1.63129e-06
1.71662e-08
4.88058e-07
4.4563e-07
4.6955e-06
2.99326e-07
1.19427e-06
2.50048e-07
4.00586e-07
2.2685e-06
7.03927e-07
4.11678e-06
6.37625e-07
2.89191e-07
5.1811e-07
3.93468e-05
1.13755e-06
2.22285e-06
1.16644e-07
3.36837e-07
6.36578e-07
1.05988e-06
4.52508e-07
8.18985e-08
1.93652e-06
3.43654e-07
3.8726e-07
8.1908e-07
8.31189e-07
9.19489e-07
3.31808e-05
3.32821e-07
8.209e-07
3.20418e-06
3.56323e-07
3.48693e-07
3.88493e-07
2.24144e-06
3.44056e-07
1.26988e-06
8.0498e-06
7.37532e-07
2.04603e-08
2.44688e-06
8.70497e-07
3.01898e-05
6.04642e-07
6.10472e-07
9.72194e-07
9.44961e-06
3.45562e-07
5.59257e-08
2.09711e-05
1.00905e-06
7.81267e-07
1.47952e-06
8.35088e-07
5.30408e-07
3.28471e-07
7.30852e-07
2.22605e-05
7.08341e-06
4.0999e-06
1.38793e-06
1.56177e-08
1.04102e-06
8.95695e-07
1.67786e-07
1.04164e-07
3.51292e-07
7.93336e-07
9.26396e-07
3.07375e-07
6.73935e-07
2.25795e-05
4.47682e-08
3.72799e-07
1.30826e-08
2.86542e-08
8.95942e-08
6.31862e-07
3.92473e-07
7.25175e-08
1.66304e-08
6.05445e-07
5.16998e-07
4.45494e-07
4.6759e-07
3.09064e-07
7.66845e-07
1.55508e-05
3.17714e-07
1.63608e-06
1.36366e-06
8.49516e-08
1.60095e-06
8.56748e-08
2.40966e-07
3.38621e-08
3.83032e-07
4.7048e-05
3.9975e-07
4.16442e-07
2.70341e-08
4.97933e-07
3.50222e-07
5.74613e-07
6.35417e-07
9.42547e-07
2.88515e-06
9.2567e-09
1.0139e-05
3.06426e-08
1.2063e-06
7.60071e-06
2.22389e-06
2.83574e-07
2.18684e-06
4.59475e-07
2.49382e-06
1.30181e-06
6.35477e-07
1.0356e-05
6.38314e-07
4.47761e-05
8.81194e-07
5.67834e-07
6.83421e-08
6.02994e-07
1.2038e-07
1.00905e-06
2.89357e-06
6.2219e-07
1.00486e-06
1.39593e-08
2.4252e-07
5.73353e-07
1.64413e-05
1.66972e-06
2.22079e-08
3.62083e-07
2.80277e-07
3.80695e-07
3.20123e-07
4.47192e-07
4.09362e-07
1.01182e-06
9.89598e-07
6.53627e-07
5.87093e-05
9.14684e-07
9.73285e-07
1.12191e-06
7.6588e-07
4.06046e-06
9.48171e-08
8.60995e-07
1.30535e-07
6.35393e-07
9.20741e-07
6.38789e-07
4.56107e-06
1.01512e-06
9.66244e-08
1.89203e-08
9.45938e-07
7.09596e-07
1.04692e-06
5.62488e-08
5.86876e-07
2.24508e-06
2.76053e-06
4.91573e-07
5.62772e-07
8.07796e-07
8.93302e-07
5.98434e-07
1.02085e-06
3.65944e-07
6.64644e-07
2.61062e-06
6.51725e-07
8.83509e-07
7.75253e-07
6.25226e-07
6.5126e-07
3.21873e-08
1.07366e-07
3.2496e-07
5.58536e-06
8.8205e-07
3.55929e-07
1.01366e-06
6.67408e-07
1.10688e-05
3.93932e-06
9.33961e-08
2.14555e-06
3.56302e-07
9.65854e-07
3.36856e-06
5.32666e-07
3.61486e-07
7.74614e-07
1.13086e-06
5.20639e-07
2.81804e-05
4.17712e-07
3.83809e-07
1.60935e-06
7.54283e-08
1.00886e-06
4.79645e-07
1.00695e-06
1.08621e-06
2.33812e-07
3.40114e-07
4.54212e-06
1.5619e-06
3.00497e-06
8.96503e-07
3.13278e-07
6.13295e-08
2.15771e-06
5.47143e-07
6.67786e-07
1.95544e-06
6.68152e-07
2.69212e-06
8.58625e-07
1.76966e-05
2.95815e-06
8.50517e-07
4.66717e-08
3.75233e-07
1.85325e-06
5.29255e-07
6.6273e-07
1.90826e-05
1.90446e-06
3.84003e-07
9.56826e-07
4.10753e-07
7.59546e-07
4.79825e-07
6.59083e-06
3.66872e-07
8.93415e-07
5.98954e-08
5.20401e-06
2.29943e-06
1.72002e-06
4.74257e-07
6.41934e-07
9.62889e-08
1.23664e-05
2.16028e-06
6.72646e-07
1.39634e-06
5.23e-05
8.86054e-07
1.72115e-06
7.41987e-07
2.84778e-05
9.07677e-07
2.08041e-06
3.37268e-07
6.12369e-07
6.04732e-05
1.58757e-06
7.11097e-07
5.31585e-07
8.6548e-07
1.43492e-06
4.33042e-07
9.72894e-07
4.73228e-07
2.82519e-07
4.10401e-07
1.26089e-06
1.81892e-06
7.52396e-07
6.53631e-07
9.53936e-07
5.01015e-07
3.61601e-07
1.568e-06
4.58943e-07
2.3509e-06
1.54779e-06
2.64387e-07
1.78923e-06
4.92242e-07
8.06257e-07
5.44281e-07
1.97569e-05
5.79021e-07
9.08864e-07
1.39387e-06
8.84996e-07
1.09698e-06
1.14129e-06
4.67906e-07
3.28897e-07
6.03015e-07
1.0788e-06
1.34302e-06
2.33159e-06
4.80002e-07
4.43825e-07
1.3705e-05
3.37468e-05
7.41535e-07
3.47496e-07
8.42459e-07
1.01837e-06
9.88968e-06
5.95956e-07
2.35363e-05
6.44627e-07
6.25653e-07
4.85927e-07
4.14358e-07
3.87986e-05
4.26025e-07
5.4555e-07
8.08803e-07
8.15186e-06
6.55361e-07
1.46304e-07
7.37693e-08
8.81426e-07
3.768e-07
6.26569e-07
5.88181e-07
1.45552e-07
2.27098e-05
7.216e-07
1.25731e-06
6.3164e-05
4.06392e-07
4.54791e-07
3.25741e-06
7.20887e-07
8.3603e-07
1.09658e-05
6.30216e-07
1.50775e-06
1.02313e-06
1.04984e-06
1.69889e-06
5.91367e-05
1.25375e-06
4.09419e-07
3.18516e-07
9.87167e-07
2.4968e-07
1.06753e-06
2.55519e-06
5.93689e-07
6.44641e-07
1.88468e-06
1.26183e-06
6.48567e-07
5.58759e-07
8.74821e-07
3.93121e-07
1.19621e-06
8.22892e-08
5.78081e-07
2.13382e-06
2.77284e-06
9.18815e-07
9.9799e-07
1.29309e-06
6.36725e-07
6.73634e-07
5.30257e-08
6.36038e-07
3.6148e-07
1.11001e-07
4.42833e-07
8.29815e-06
6.60505e-07
1.39567e-06
3.3915e-06
6.4913e-05
4.88143e-07
1.79105e-05
9.78909e-06
1.75075e-06
8.23253e-07
1.29267e-06
1.08562e-07
3.39126e-06
8.46083e-07
8.03189e-07
1.47049e-06
8.79192e-07
9.77056e-07
5.904e-07
1.3702e-06
9.22864e-08
1.322e-06
9.20492e-07
3.58938e-07
3.85134e-07
2.70605e-05
3.58096e-07
1.83181e-06
5.9817e-07
9.55717e-07
4.74463e-06
1.41276e-06
2.67672e-07
2.06155e-07
8.18653e-07
3.89008e-07
1.52816e-06
9.11021e-07
3.63424e-07
3.58891e-07
1.46138e-06
3.55375e-07
1.09625e-07
1.27387e-06
3.73209e-06
3.47296e-07
3.65084e-07
3.23262e-08
3.57565e-07
6.95958e-07
2.18338e-07
1.08176e-07
2.48717e-07
1.50347e-06
7.9011e-07
1.83256e-05
7.43961e-06
3.42269e-06
1.89336e-06
2.18285e-07
4.03541e-07
8.97578e-07
7.59808e-07
4.11031e-07
4.79428e-07
5.87669e-06
1.86179e-06
1.49771e-07
9.82532e-08
2.37394e-07
1.20525e-07
3.83953e-07
4.09744e-07
1.45233e-06
2.65929e-07
9.8275e-08
4.04068e-05
2.42339e-06
1.20052e-07
9.94439e-08
9.78773e-08
2.02105e-07
4.22733e-07
9.39179e-08
4.21163e-07
8.39538e-07
2.42511e-06
7.50267e-07
1.45691e-07
4.53192e-07
1.99448e-06
2.12905e-07
4.81654e-07
8.10918e-07
4.76724e-07
5.36307e-07
1.72854e-07
1.7494e-07
1.69548e-07
1.692e-07
1.88416e-07
1.81798e-07
1.05167e-07
1.06893e-07
1.68434e-07
9.77848e-08
1.62904e-07
6.35778e-07
8.10913e-08
4.57589e-07
1.60209e-06
9.70128e-08
2.98563e-09
5.37938e-07
1.80568e-07
4.03373e-07
4.52251e-07
3.42413e-07
1.74794e-07
4.70669e-07
1.90883e-06
4.87623e-07
4.5841e-07
8.55557e-08
1.77774e-06
9.2451e-07
3.24681e-08
1.3223e-06
8.84855e-08
4.87104e-07
9.31135e-08
6.82609e-05
2.09175e-07
1.63174e-07
3.28843e-07
1.64455e-07
5.20079e-07
3.13221e-07
4.84687e-06
3.77688e-07
1.63063e-06
2.6106e-07
7.74786e-08
1.24421e-07
7.32593e-07
1.70925e-07
5.67531e-07
5.3142e-07
7.0347e-07
4.27118e-07
9.09514e-08
1.78558e-06
9.50002e-07
1.232e-06
1.0446e-06
1.60631e-07
1.69886e-07
2.59477e-07
1.01856e-07
3.37314e-07
5.81431e-07
7.99789e-08
2.20275e-07
6.57423e-07
7.5506e-08
7.49871e-08
1.08651e-07
4.6756e-07
1.50203e-05
2.56097e-07
5.51887e-06
9.48684e-07
1.082e-07
4.52254e-07
2.72349e-06
4.68432e-06
1.40072e-07
4.61621e-07
2.00288e-05
1.80514e-07
9.84905e-08
4.89904e-07
1.2653e-07
4.92059e-07
1.07851e-06
4.82835e-07
5.01921e-07
1.35534e-07
1.26541e-07
1.44354e-07
4.76446e-07
1.45703e-07
1.07927e-07
1.7585e-07
1.15613e-06
1.50195e-07
3.33776e-07
4.74131e-07
3.13332e-06
8.42262e-07
1.13335e-07
1.40569e-07
7.03722e-07
4.5546e-07
6.13463e-07
6.93389e-08
6.33149e-06
3.682e-07
1.4157e-07
9.13575e-07
9.12345e-07
1.53332e-06
3.53882e-07
1.71621e-07
5.12129e-07
4.95827e-06
1.16665e-07
3.03028e-07
4.94173e-07
1.50674e-07
1.08226e-07
1.0732e-06
1.68446e-07
1.2775e-06
1.36268e-07
6.12757e-07
5.19321e-07
5.20691e-07
1.33774e-07
3.49225e-06
2.94489e-05
1.39726e-07
1.12807e-07
4.88584e-07
4.0491e-06
2.1708e-07
6.17305e-07
1.34418e-05
1.82192e-07
1.15331e-06
3.45541e-07
3.52533e-08
4.94592e-07
3.61955e-07
5.14404e-06
6.09823e-07
9.67125e-07
1.25715e-07
1.75113e-07
1.50455e-07
6.84926e-07
2.47106e-07
7.50939e-07
8.79743e-08
3.7077e-07
3.1153e-08
7.16705e-07
1.07532e-07
8.24604e-07
1.26653e-07
1.43188e-07
2.35545e-06
8.85427e-07
1.28972e-06
1.27474e-06
1.04746e-07
1.43702e-06
1.45684e-07
4.54395e-07
1.25438e-07
1.18908e-06
3.76307e-07
4.5905e-07
1.00466e-06
6.45838e-07
2.93839e-06
2.11775e-06
1.93723e-06
8.11858e-07
2.25524e-07
3.64736e-05
5.28135e-07
4.78154e-07
1.39244e-06
2.0995e-08
2.60748e-05
6.07311e-07
4.99378e-07
9.80689e-07
1.2847e-07
1.70469e-05
1.48686e-07
2.34218e-05
1.264e-07
9.94555e-07
4.54516e-06
8.79599e-08
1.45026e-06
1.51614e-06
8.71521e-07
3.20557e-07
1.2729e-05
2.23595e-06
1.47319e-07
1.46726e-07
1.23649e-07
1.11569e-06
6.71341e-07
6.47175e-07
3.9525e-07
1.49969e-06
8.84287e-07
3.97897e-07
1.59146e-07
1.07863e-07
1.80479e-06
3.32016e-07
5.93688e-07
1.62214e-06
9.45125e-07
4.57957e-08
1.18351e-06
2.62891e-06
1.02093e-06
6.53061e-07
1.17729e-07
5.50194e-07
9.01905e-07
1.17007e-06
1.4016e-06
9.23421e-07
8.21958e-07
1.32192e-07
1.40644e-07
1.59227e-06
5.79052e-07
2.14128e-06
1.09302e-06
1.3461e-06
1.57498e-06
1.5326e-06
1.81941e-05
1.63699e-06
1.31938e-06
9.58883e-08
1.39013e-07
1.8703e-06
2.01517e-06
4.04376e-07
7.12886e-07
1.44687e-06
5.2809e-05
1.69633e-06
1.71338e-06
8.10359e-07
1.49252e-06
1.93482e-06
2.83297e-06
1.45952e-06
1.41493e-06
1.39161e-06
1.44874e-07
1.17071e-06
1.33753e-07
5.2481e-07
5.13283e-05
1.69783e-06
1.53406e-06
1.302e-07
1.47971e-06
1.90799e-06
1.92486e-06
6.54022e-05
2.43499e-06
1.22725e-07
2.2949e-07
4.26138e-07
1.87104e-06
1.21756e-06
5.41938e-07
5.14259e-07
1.9559e-06
5.26422e-07
6.82123e-07
8.70217e-07
3.89331e-06
2.1431e-06
1.27114e-07
5.32672e-07
2.17143e-06
2.11022e-06
8.77128e-07
2.08745e-06
4.83058e-07
8.68919e-07
5.21754e-07
8.33052e-07
2.89471e-06
2.12065e-05
1.75848e-06
3.01917e-08
2.10001e-07
1.48098e-07
5.254e-06
4.11823e-07
1.85334e-06
2.67713e-07
6.7604e-07
2.43653e-07
1.672e-06
1.0228e-06
5.73433e-07
1.53911e-06
1.37651e-06
1.27375e-07
1.12468e-07
1.38922e-07
1.51048e-07
4.67723e-07
4.34806e-08
1.04289e-06
1.53994e-06
7.83562e-07
2.55528e-06
2.21767e-07
5.22891e-07
3.1961e-07
2.0611e-06
4.7534e-07
1.13807e-06
2.747e-07
5.43428e-07
6.10921e-07
1.57921e-06
5.87157e-07
3.74954e-07
4.85196e-06
1.20835e-06
3.44059e-07
3.05165e-06
1.17714e-07
6.15789e-07
1.4508e-06
3.45026e-06
1.49248e-05
3.19037e-07
2.9652e-07
6.11089e-07
9.80745e-07
6.72867e-07
2.25708e-07
1.09243e-06
1.48189e-06
8.76331e-07
1.14771e-05
1.11798e-06
4.74046e-07
6.3181e-07
5.52349e-07
3.41303e-06
2.35848e-06
1.59959e-06
5.30117e-07
1.43699e-08
1.45161e-05
8.24951e-07
7.47662e-07
7.0904e-07
3.83722e-07
1.15024e-06
6.12816e-07
2.92362e-06
9.0371e-07
5.25125e-07
6.07205e-07
6.40827e-07
1.03605e-06
2.95949e-07
5.80643e-07
2.63172e-06
2.21832e-06
8.07299e-07
1.32998e-06
6.02511e-07
1.34927e-05
9.45613e-07
1.00929e-07
2.32249e-06
2.74678e-06
9.20521e-07
1.04632e-06
2.17572e-07
6.92668e-07
2.16872e-07
2.32487e-06
4.37749e-07
6.29975e-07
5.12552e-05
1.53585e-05
5.44634e-06
3.91437e-06
1.89993e-06
5.49482e-07
1.33336e-06
6.98522e-07
1.28854e-06
3.33861e-07
1.13323e-06
1.02245e-06
1.26531e-07
6.44748e-07
1.02248e-06
5.06697e-05
9.86894e-07
6.12915e-07
7.28369e-07
3.26121e-07
2.41193e-05
7.97311e-07
5.6275e-06
6.77768e-07
7.60604e-07
7.26046e-08
3.17293e-08
1.284e-06
6.84056e-07
6.89273e-07
5.5769e-07
5.68637e-05
1.52062e-06
4.39637e-06
4.61711e-07
7.61128e-07
1.61372e-06
1.27187e-06
7.15403e-07
2.19774e-07
2.33913e-05
1.25333e-06
2.28709e-06
2.48154e-05
3.84876e-06
1.75275e-06
6.01494e-07
6.63546e-07
2.69063e-07
1.47823e-06
1.99795e-05
5.2506e-05
1.10791e-06
6.95143e-07
1.01623e-07
3.34407e-06
8.18909e-07
2.07446e-05
8.69635e-07
1.80727e-06
2.3764e-06
1.04372e-06
1.06193e-06
1.20961e-06
1.2229e-05
5.95637e-07
2.58699e-07
1.6186e-06
4.06631e-06
1.74125e-06
4.92242e-07
7.35245e-07
9.65314e-07
1.14386e-06
1.17265e-07
1.42947e-06
1.16092e-06
2.81658e-06
2.3252e-06
7.06729e-07
1.57057e-06
1.12145e-05
1.53289e-06
2.44754e-06
2.06567e-07
3.16583e-06
2.64559e-06
1.02381e-05
2.59657e-06
1.12268e-06
1.34274e-06
7.55362e-07
1.01808e-06
8.32426e-07
5.56876e-07
6.12281e-05
8.89826e-08
1.10009e-07
5.48251e-07
4.78373e-06
1.29806e-07
2.25015e-07
1.03936e-06
1.72224e-05
1.33294e-06
4.82762e-07
3.33459e-06
1.27325e-06
1.37792e-06
6.92131e-07
3.15415e-06
5.24295e-05
2.41725e-05
2.05704e-06
5.60352e-07
1.8951e-06
6.01406e-06
9.15515e-07
7.47301e-07
1.42729e-06
2.44563e-07
5.19819e-07
3.12287e-06
3.95485e-07
1.13961e-05
6.78378e-06
1.7823e-05
1.23145e-06
2.65431e-05
1.93087e-06
8.12373e-07
4.11497e-06
4.25012e-05
9.30317e-08
1.80137e-06
2.00521e-07
5.02632e-06
1.22005e-06
3.94851e-07
3.13316e-05
1.34178e-07
2.69602e-06
1.94657e-06
7.92297e-07
3.97704e-06
1.04576e-07
1.59358e-07
4.49885e-08
1.9799e-06
8.93165e-07
1.1275e-06
7.06976e-07
4.85036e-06
7.59724e-07
1.83243e-07
8.59068e-07
3.15464e-06
2.86007e-07
5.50008e-06
1.40488e-05
1.15715e-07
3.19561e-06
7.37779e-07
1.11831e-06
9.24131e-07
6.26703e-07
1.50003e-07
2.42961e-06
3.00654e-06
6.19692e-07
2.62936e-05
2.67399e-06
7.51051e-07
6.91183e-08
2.11028e-06
6.61817e-07
7.02001e-07
9.67631e-07
3.7086e-07
2.98361e-06
8.78596e-07
6.30617e-06
8.07499e-08
7.53088e-07
7.52619e-07
5.60256e-07
8.59956e-07
2.32412e-06
8.67822e-09
1.21997e-06
6.3655e-05
7.17981e-07
7.94018e-07
5.97175e-07
1.1721e-06
1.26522e-06
5.95136e-07
1.50843e-07
5.95767e-07
5.6385e-07
2.61812e-07
4.12565e-07
1.57353e-07
9.76921e-06
6.26712e-07
9.02203e-07
3.51153e-07
3.33706e-07
3.06832e-07
8.34025e-07
1.15504e-06
5.62907e-07
2.87989e-06
1.50145e-07
1.14953e-06
1.82417e-06
4.43486e-07
2.16344e-06
3.28306e-07
4.40893e-07
7.89846e-07
1.10235e-07
1.31954e-06
2.06862e-06
5.64826e-07
1.51154e-06
3.37978e-06
9.82102e-07
2.05468e-06
6.34781e-08
1.33729e-06
1.56629e-07
1.9315e-06
8.81205e-07
4.31755e-07
7.49383e-07
5.90814e-07
3.07803e-07
1.24182e-06
9.27018e-07
1.96566e-06
5.08745e-07
5.83901e-08
7.2787e-07
4.57849e-06
1.31926e-06
1.31737e-06
3.38265e-05
6.13249e-07
1.87719e-06
1.34669e-06
1.10759e-06
1.386e-06
1.87588e-06
5.9093e-07
1.15333e-06
1.47937e-06
6.15561e-07
2.51927e-07
9.66433e-07
9.52947e-07
3.11046e-06
1.51679e-06
7.65379e-07
4.02101e-06
1.47076e-06
7.43833e-07
8.22612e-07
6.06378e-07
6.99417e-07
6.62986e-05
1.70635e-06
1.53097e-06
2.62392e-06
7.55372e-07
6.90838e-07
5.89153e-07
5.3699e-07
4.66658e-06
6.04714e-07
1.71073e-06
1.58186e-06
5.92359e-07
7.31211e-07
9.13068e-06
2.1716e-07
7.94808e-07
7.06303e-07
7.50688e-07
6.6072e-07
5.17624e-07
4.46573e-07
1.86736e-06
5.9133e-07
4.36684e-07
1e-06
1.99834e-06
8.28565e-07
5.86152e-07
3.47989e-07
6.71325e-07
9.32053e-07
1.81299e-06
6.5295e-08
3.81442e-07
1.01159e-06
1.71702e-06
2.38342e-06
7.45042e-07
5.9715e-07
4.23183e-06
1.60382e-06
8.01688e-06
3.2698e-07
6.26819e-07
8.27896e-07
6.89942e-06
8.91258e-07
1.78412e-06
3.0368e-07
9.13959e-07
3.20983e-07
3.13031e-06
1.17196e-06
1.45571e-06
1.08773e-06
1.92003e-06
3.28617e-07
2.03251e-06
3.4587e-07
1.12088e-06
2.70204e-06
3.63029e-07
1.22624e-06
1.2803e-06
5.68073e-05
9.39896e-07
2.40299e-05
6.02179e-07
3.84272e-06
1.02718e-06
4.03181e-06
6.1541e-07
6.59124e-07
6.3609e-07
8.30008e-07
3.36508e-07
1.86766e-07
6.35204e-07
6.43429e-07
9.41819e-08
4.95793e-05
1.33125e-06
2.62427e-06
2.35825e-06
8.98425e-07
3.66738e-07
2.21008e-06
1.20769e-06
2.9434e-07
1.71146e-06
7.20471e-07
1.68462e-07
5.96984e-06
1.51689e-07
1.5969e-06
8.18553e-07
3.27163e-06
2.31713e-06
3.5879e-07
2.38845e-06
1.57501e-06
5.72626e-05
9.03132e-07
9.25656e-07
1.39551e-06
1.07311e-05
2.4133e-06
6.30887e-06
2.27502e-05
1.3251e-06
1.32359e-06
7.54057e-07
8.4873e-08
1.39094e-06
1.192e-05
5.40251e-07
6.16883e-07
5.03935e-07
2.65333e-06
4.95395e-08
1.06145e-05
6.26212e-07
4.96993e-06
4.38614e-06
4.15977e-06
3.40243e-07
1.15136e-07
1.74414e-07
4.03968e-06
9.82295e-07
2.85441e-06
3.13987e-06
6.29581e-07
1.03765e-06
5.83693e-07
2.16921e-06
3.88569e-07
4.47096e-05
3.65902e-05
6.28097e-07
5.91244e-08
6.87538e-07
2.7552e-06
1.12645e-06
1.03946e-06
1.25738e-06
1.77013e-06
1.00182e-06
5.58378e-07
5.88266e-07
2.31845e-06
6.87898e-07
2.22598e-06
3.35184e-06
7.61892e-07
7.95989e-06
1.98352e-06
1.01296e-06
8.15553e-08
5.471e-07
3.04824e-06
1.60318e-06
1.09277e-06
8.59975e-06
9.84192e-06
6.11502e-07
2.0468e-07
6.33465e-07
1.05317e-06
5.76464e-05
8.26814e-08
8.42332e-07
6.78444e-06
4.77257e-07
1.2397e-06
1.41087e-06
9.58657e-07
6.15049e-06
3.75287e-05
7.8259e-07
3.40819e-06
5.34174e-06
6.67198e-07
4.09284e-07
6.86138e-06
9.87855e-06
1.51736e-06
2.58049e-07
1.39697e-06
1.43892e-06
4.73839e-07
4.68628e-06
7.85196e-07
5.58214e-06
8.88405e-07
1.31764e-06
2.53818e-06
3.94616e-07
9.83353e-07
9.87324e-07
6.2771e-07
6.96509e-07
6.99108e-06
9.57295e-06
5.29178e-06
5.38258e-05
1.22539e-06
7.63398e-07
2.03036e-07
1.0929e-06
1.39324e-06
1.05054e-06
1.90951e-05
6.67097e-06
1.23146e-06
1.69399e-06
4.14825e-07
1.37619e-06
1.13804e-06
1.20464e-06
1.12061e-06
2.92996e-06
1.55315e-07
3.28441e-07
1.18832e-06
1.62302e-06
1.28598e-06
4.08674e-06
1.67006e-07
5.146e-05
8.80385e-07
5.23371e-05
1.25245e-06
1.83208e-07
2.0522e-06
1.16146e-06
4.74724e-06
7.71844e-07
4.10648e-06
1.84704e-06
9.95391e-08
1.13188e-06
9.23947e-07
9.19773e-06
3.21119e-07
2.41056e-06
1.53454e-06
1.84437e-06
5.85679e-07
1.4319e-06
1.02723e-06
4.25013e-07
2.64608e-06
4.05265e-06
7.27749e-06
1.95422e-06
3.67616e-06
1.49765e-05
1.2745e-06
1.11035e-06
1.86997e-07
2.90745e-05
2.15114e-06
2.06612e-06
8.39317e-07
1.0187e-07
1.57002e-05
9.44249e-08
3.03039e-06
3.44207e-06
8.31583e-07
1.37446e-06
1.00797e-06
8.51144e-07
2.62567e-05
9.97108e-07
2.98934e-08
8.32456e-07
6.75372e-06
7.54596e-07
1.58863e-06
1.84902e-06
1.02714e-06
2.07348e-06
9.69535e-07
1.08388e-05
1.65544e-09
1.81343e-07
4.94012e-05
4.05873e-06
9.26415e-08
9.96421e-07
1.24322e-06
5.70455e-08
1.1619e-08
1.47421e-06
3.33557e-06
3.22497e-07
2.00563e-06
2.47901e-06
6.87339e-08
7.51971e-07
2.69495e-05
3.03996e-07
3.38875e-08
2.75148e-06
1.88606e-07
4.20245e-07
8.19458e-08
4.65519e-06
1.93009e-05
3.01701e-06
2.17514e-06
8.67111e-07
2.45394e-06
2.64777e-06
1.31365e-06
1.21968e-05
7.17678e-07
2.05454e-06
3.32883e-08
4.27559e-06
1.47982e-06
5.03975e-06
7.28038e-07
7.34048e-07
9.20524e-07
3.65315e-07
3.94202e-05
6.50295e-07
3.28317e-07
1.34679e-06
1.32552e-06
1.20765e-06
7.01397e-07
9.35266e-07
4.56622e-06
2.3795e-06
1.14599e-06
1.3183e-06
1.0528e-06
1.96736e-07
1.20505e-06
1.36053e-06
1.2353e-07
1.38948e-07
4.25391e-07
5.91885e-07
1.61621e-05
5.43552e-07
2.47352e-06
1.09339e-06
1.69687e-07
1.72558e-06
1.53217e-06
1.1422e-06
2.57891e-06
6.34581e-08
6.34247e-07
1.15252e-06
1.40572e-07
1.12467e-06
1.7164e-06
7.15084e-07
1.81254e-06
2.06331e-06
1.08721e-07
3.80071e-07
1.87149e-06
6.19118e-07
1.51658e-06
2.7534e-06
1.03692e-06
1.54626e-06
8.8591e-07
1.49559e-06
2.19192e-06
8.48565e-07
1.42684e-06
1.81212e-06
3.65118e-07
2.26647e-05
3.20155e-07
2.35048e-06
3.37558e-08
1.58259e-06
3.47386e-07
7.63625e-07
1.41641e-07
1.32735e-06
1.22074e-06
1.01044e-06
1.15305e-06
1.93497e-06
1.53511e-06
1.45929e-06
2.36675e-06
1.4454e-07
2.97194e-07
2.89893e-06
8.98361e-07
1.2828e-06
2.9024e-05
3.4424e-07
4.4668e-06
1.16207e-07
7.0055e-07
9.77331e-07
1.87389e-07
2.70231e-06
2.35627e-07
7.95835e-07
2.20737e-08
1.98346e-07
1.4768e-08
3.3228e-06
4.59877e-08
2.26699e-07
1.45069e-07
3.9749e-06
1.13985e-06
3.33093e-06
6.29852e-07
3.9388e-06
1.21909e-07
1.90181e-06
9.9083e-07
6.33138e-07
6.43924e-07
2.62522e-06
8.55873e-07
2.61568e-05
1.83711e-05
3.6814e-07
1.74647e-06
1.45717e-07
8.96871e-07
6.54987e-07
2.78425e-08
2.35874e-06
4.03032e-07
6.73754e-06
2.61123e-07
4.63439e-08
2.1427e-06
2.6526e-06
2.03183e-06
3.82832e-07
1.92137e-07
2.13297e-05
4.26219e-06
1.04191e-07
2.83912e-07
1.4521e-06
3.79408e-06
3.97345e-07
5.78003e-08
1.18988e-08
7.10894e-07
1.42135e-06
1.74013e-06
6.31436e-06
6.84546e-08
5.93035e-08
8.87002e-08
8.31019e-08
2.083e-06
5.43884e-08
3.25797e-08
1.35507e-06
3.16742e-06
8.74282e-08
5.84296e-05
2.73913e-06
6.87518e-06
4.06587e-06
1.00398e-06
4.61222e-08
6.69595e-05
7.30322e-08
1.64404e-05
9.66329e-07
4.5958e-08
3.09993e-06
5.81287e-08
4.26502e-06
2.99464e-05
2.86454e-06
5.98178e-07
2.31237e-06
8.84857e-07
1.98898e-06
7.31147e-06
3.63327e-05
8.20769e-07
1.9585e-06
2.21032e-06
6.95343e-07
1.69765e-05
2.47861e-06
2.2732e-05
1.39583e-06
3.86616e-07
4.42937e-06
2.90265e-07
1.3639e-06
6.72596e-08
4.86979e-07
1.17525e-06
5.92124e-05
1.97789e-07
4.68562e-08
8.7971e-07
4.0496e-07
9.45871e-07
2.7837e-06
1.1346e-06
1.66286e-06
8.31113e-08
5.78539e-05
9.52564e-07
1.42468e-06
9.62063e-08
1.17781e-07
2.62469e-06
1.20975e-06
6.68573e-06
2.38313e-06
1.57075e-06
7.57306e-07
1.21798e-06
5.66045e-07
3.43491e-07
1.19001e-05
1.26974e-05
1.59037e-07
2.99278e-06
4.40363e-05
8.50575e-07
3.58106e-07
1.56289e-06
1.37053e-07
1.23863e-06
1.80613e-06
3.66012e-06
7.75711e-07
1.63061e-06
6.74562e-08
1.1895e-06
2.40034e-07
2.96749e-06
5.90071e-07
9.33317e-07
1.94029e-06
2.89837e-07
5.06977e-07
2.32187e-06
5.72524e-06
5.67773e-06
6.78468e-08
5.80848e-11
3.57049e-06
1.27128e-07
9.5197e-07
2.18571e-05
1.03348e-06
1.21614e-06
3.99792e-06
2.198e-07
7.06452e-08
1.54803e-06
5.07905e-07
1.42065e-06
3.91141e-06
4.99986e-05
2.78378e-07
5.37472e-06
2.66005e-06
3.68681e-05
1.07588e-07
7.55621e-07
1.50329e-07
1.35551e-06
3.13737e-05
7.17943e-07
2.58641e-05
1.54278e-06
9.43767e-07
8.92498e-07
6.00809e-07
5.64128e-06
6.18151e-08
5.29412e-08
6.02415e-06
5.21603e-06
1.22081e-07
4.24983e-07
2.287e-07
4.86986e-06
7.10718e-05
4.99504e-05
4.48016e-07
7.80989e-08
3.3998e-06
1.17004e-06
2.62378e-06
1.67213e-06
2.17052e-07
1.17405e-09
1.00996e-06
1.29089e-07
8.38606e-07
4.99732e-07
7.64411e-07
2.42652e-06
1.81187e-05
3.48711e-06
1.5082e-06
7.769e-07
3.58378e-07
1.58258e-07
3.24342e-07
9.67488e-07
6.59339e-07
3.16555e-06
2.37165e-05
1.36262e-06
3.95793e-07
1.40329e-07
3.53557e-06
1.48812e-07
1.08596e-07
3.10246e-06
9.00203e-08
5.1789e-05
1.0875e-06
1.08152e-06
1.21835e-06
7.17693e-07
1.26072e-07
6.85039e-07
1.53942e-07
4.43525e-07
2.05942e-07
9.25196e-06
3.1055e-07
2.58062e-06
4.0638e-06
1.46791e-05
1.00712e-06
1.37906e-06
1.53464e-06
3.49718e-07
1.1936e-06
6.84135e-05
2.3022e-06
3.62056e-05
1.78919e-07
3.38431e-06
1.44653e-07
5.13634e-06
5.2931e-07
2.01133e-06
1.49628e-07
1.71071e-06
1.79328e-06
1.33561e-05
1.1184e-07
1.40879e-05
4.11168e-06
5.28885e-07
3.32921e-05
3.3124e-06
6.43162e-10
5.22097e-05
9.82506e-07
3.40419e-08
3.94327e-05
1.13437e-06
4.48367e-07
2.37737e-06
4.32165e-07
7.6831e-06
5.94741e-05
7.12087e-07
1.31919e-07
4.87035e-07
3.28313e-05
2.56315e-06
1.98725e-07
1.05691e-06
2.10457e-06
2.95635e-06
1.32939e-06
4.40466e-06
3.08459e-06
1.84865e-05
7.08462e-07
1.40079e-07
1.54199e-07
2.001e-05
9.34883e-07
4.04034e-07
2.16121e-07
2.15592e-06
1.41282e-07
3.81055e-08
8.94722e-07
2.41064e-05
4.81483e-05
7.49696e-07
2.99883e-06
2.43952e-08
9.99335e-07
6.9596e-07
1.62082e-06
7.20111e-08
7.52851e-07
1.12298e-06
1.57981e-06
7.22805e-07
3.43048e-06
7.26777e-07
6.27407e-07
1.20703e-06
8.29553e-08
1.10589e-06
9.19388e-07
6.32455e-07
6.57331e-06
3.36381e-05
3.89736e-07
3.7385e-08
1.79354e-06
2.31719e-06
3.94205e-07
1.00609e-07
5.09087e-05
2.20922e-07
1.80521e-07
7.94949e-07
3.38728e-07
2.98756e-06
3.84881e-07
9.81376e-07
2.1785e-06
2.24397e-07
3.77535e-06
1.77386e-06
5.94796e-06
5.37766e-07
9.81191e-06
2.40189e-05
3.30373e-08
2.6242e-07
9.25794e-07
1.22238e-06
2.5705e-05
1.19312e-06
5.02808e-06
6.75424e-07
2.37416e-07
1.5916e-06
7.28084e-06
2.3445e-07
4.05569e-07
2.03149e-05
5.21161e-07
7.42911e-07
1.16929e-07
7.05171e-06
2.85198e-06
1.39685e-06
1.15899e-06
6.54525e-07
4.85519e-07
1.70607e-05
3.41821e-06
5.04245e-06
4.77254e-06
2.9634e-07
5.97901e-07
5.46538e-06
2.60912e-07
2.29654e-05
1.3769e-06
4.40137e-06
6.00252e-07
1.28925e-06
1.57639e-05
1.19871e-06
7.97857e-07
5.25304e-08
1.74005e-06
1.21543e-06
4.16201e-07
5.09839e-07
1.39607e-07
3.30643e-05
5.41471e-06
1.10335e-06
2.01856e-05
1.40541e-06
7.73786e-07
5.52681e-07
3.836e-06
9.03717e-08
2.96309e-06
5.25404e-07
4.83793e-07
1.12585e-06
1.24464e-06
1.6045e-06
8.79895e-07
1.14873e-06
3.18425e-05
3.64867e-08
1.52972e-06
2.80436e-07
5.44574e-07
4.98662e-07
6.32197e-07
1.35716e-05
4.97319e-07
8.71584e-07
1.07215e-07
1.48773e-06
7.72119e-08
8.11978e-08
9.69929e-06
1.16923e-06
3.19697e-05
2.92938e-05
7.25838e-07
3.48612e-05
3.42624e-06
6.22381e-06
4.52389e-07
4.63844e-07
4.60348e-07
2.09241e-06
8.9518e-07
1.65976e-06
8.42546e-07
4.47186e-06
1.7846e-06
7.55204e-07
1.73206e-05
1.61759e-06
1.53247e-07
1.16768e-06
2.23469e-06
1.20219e-06
6.03868e-07
2.56522e-06
3.18527e-08
1.41277e-05
1.1443e-07
1.59074e-05
7.84809e-07
3.42808e-05
3.44303e-06
4.02758e-06
1.32576e-06
1.55372e-06
1.92432e-06
2.21074e-07
3.72818e-07
1.0799e-06
8.61916e-07
1.29774e-06
3.89814e-07
1.97732e-06
3.71595e-06
2.39722e-07
2.44457e-07
1.44222e-06
7.1948e-06
1.33172e-06
2.09917e-07
3.37534e-06
4.96989e-05
1.4655e-06
1.10698e-06
9.00727e-07
1.51249e-06
8.24577e-07
7.72248e-07
7.88434e-07
1.55261e-06
5.30042e-07
1.27143e-05
2.15675e-07
1.00689e-07
8.57912e-07
9.98102e-06
1.21727e-06
1.07763e-06
5.13666e-05
1.94372e-06
1.20015e-06
1.83893e-06
4.5496e-05
1.87316e-06
9.98434e-07
1.65739e-06
2.03665e-07
1.33831e-06
1.86908e-06
2.21441e-07
1.10437e-05
7.2246e-06
2.12481e-05
2.17929e-07
4.94235e-07
7.00571e-08
6.7308e-07
1.37871e-06
1.81342e-06
7.85736e-07
3.56834e-07
1.0779e-06
1.86297e-06
6.08557e-07
2.50159e-05
1.2462e-06
1.0761e-08
8.37024e-06
1.05983e-06
5.7619e-07
4.00587e-08
1.65994e-05
1.33735e-06
8.48727e-07
5.09224e-07
3.59703e-07
4.98226e-07
8.13306e-07
3.06443e-05
7.94379e-07
1.57096e-06
6.14182e-05
7.29679e-07
1.46402e-06
3.84996e-06
3.7972e-07
6.35565e-07
3.20296e-07
3.14209e-06
2.16891e-07
1.63837e-06
5.32744e-07
1.19059e-05
1.78128e-06
1.25999e-06
1.28845e-06
2.58388e-07
2.17153e-06
1.84742e-06
5.30011e-07
1.76784e-06
1.52059e-06
3.23753e-07
1.21869e-06
7.59261e-07
1.30305e-06
1.11955e-05
3.73252e-06
1.21357e-06
5.77498e-07
3.16763e-07
6.15045e-07
8.56513e-07
6.12993e-05
5.21514e-06
1.5667e-06
2.7077e-05
1.90114e-06
1.8762e-06
1.31477e-06
5.27897e-07
2.1976e-07
1.03114e-06
3.05049e-06
8.88259e-07
2.68749e-06
2.56539e-07
1.3741e-06
5.6194e-05
4.45226e-07
4.98918e-06
3.02424e-07
2.26849e-07
9.19262e-07
9.57326e-07
1.687e-06
2.16154e-06
1.18932e-06
1.33242e-06
9.60873e-07
6.06169e-05
1.01082e-06
1.88646e-07
5.20931e-07
6.3783e-05
3.02608e-07
6.00927e-07
3.34023e-07
2.92579e-08
5.14288e-07
5.91438e-07
1.11204e-06
5.27501e-07
6.99381e-07
2.91803e-07
3.52394e-07
1.55517e-07
8.32772e-07
1.14912e-06
8.14101e-07
1.02174e-06
3.98679e-06
1.77482e-06
1.02993e-05
1.95082e-06
9.48281e-07
2.51515e-06
1.57071e-06
2.32575e-07
9.54638e-07
1.23539e-07
8.86967e-07
7.64008e-07
7.49496e-07
2.51422e-07
2.1374e-06
4.71491e-05
5.14196e-05
5.61189e-07
2.92096e-07
2.20992e-06
8.59813e-07
5.64291e-07
1.39909e-05
7.64217e-07
1.8635e-06
7.94738e-07
2.79609e-07
7.21642e-06
8.18197e-07
2.67322e-08
1.25247e-06
6.11009e-07
6.66113e-08
4.3076e-06
5.32604e-06
1.25097e-06
2.21228e-08
1.26885e-06
1.60095e-06
5.70637e-07
3.76354e-06
4.41335e-05
1.61623e-06
2.68319e-06
7.00863e-07
6.19652e-07
3.11729e-06
5.9642e-06
4.74435e-05
4.79103e-07
5.36536e-07
1.23866e-06
1.86253e-06
3.16473e-08
2.05899e-06
9.79567e-07
7.04537e-07
5.3454e-06
7.11034e-07
3.96323e-06
5.71235e-07
1.50008e-06
4.63935e-07
1.48018e-06
1.5782e-06
7.12964e-07
4.18029e-06
7.21396e-07
7.79068e-07
1.18597e-06
3.44424e-07
4.23315e-07
9.95639e-07
6.75177e-08
2.36795e-06
5.12792e-06
5.86921e-07
2.51427e-06
9.81569e-07
1.27351e-06
4.33452e-07
9.25206e-07
1.90247e-06
7.18861e-07
9.57263e-06
4.36596e-07
1.3121e-06
8.01103e-07
6.10398e-07
1.09629e-06
6.1658e-07
8.9345e-07
1.01725e-06
4.50257e-06
4.87556e-07
1.67753e-07
5.29749e-05
2.30177e-06
7.68642e-07
7.22423e-07
9.7397e-07
5.67887e-07
4.62861e-07
2.14855e-06
2.00951e-06
8.30953e-07
1.32711e-06
6.62418e-07
2.82239e-07
5.15897e-07
2.89602e-07
4.58278e-07
5.50879e-07
6.28155e-07
2.64745e-09
1.68518e-06
2.78037e-07
2.61367e-07
1.83312e-06
3.51006e-07
1.39648e-06
6.61016e-07
4.30196e-07
1.45049e-07
1.72118e-06
1.93633e-06
2.06379e-07
6.45447e-07
1.68421e-06
4.24621e-07
2.65471e-07
2.65262e-07
3.15314e-07
7.69421e-07
1.10422e-06
2.11749e-07
1.72583e-06
4.14985e-06
2.7793e-06
3.96068e-05
4.24374e-07
3.714e-07
1.50003e-06
2.38443e-06
1.7002e-05
1.43841e-06
8.45812e-08
6.3757e-07
1.66418e-06
3.2894e-08
1.6364e-07
1.55543e-06
6.13768e-07
5.87546e-07
4.27759e-05
1.01397e-05
8.98979e-06
6.28652e-07
8.8874e-07
5.28885e-08
1.25322e-06
2.0097e-07
3.59538e-07
3.38134e-07
8.20188e-07
1.0266e-05
3.63703e-07
2.89916e-07
7.3551e-07
7.79415e-07
6.65502e-07
1.49846e-06
5.12034e-07
1.09243e-06
4.30602e-06
2.36088e-07
5.38582e-07
2.59446e-06
6.11784e-07
2.73944e-05
4.14304e-07
2.97395e-05
7.31048e-07
2.17272e-06
3.41783e-08
2.30913e-07
6.20311e-07
1.54867e-05
2.4767e-07
5.96201e-07
8.87196e-07
3.13544e-07
2.80105e-06
1.4846e-06
4.27907e-07
4.11416e-06
1.08811e-07
2.55406e-07
5.88101e-07
5.30455e-05
6.28658e-07
1.07337e-06
1.77558e-06
1.58367e-06
1.85138e-06
9.54175e-07
5.17224e-07
1.62927e-07
7.79855e-07
7.01583e-07
1.68433e-06
4.05867e-07
8.3491e-06
3.32913e-06
2.30069e-07
6.47789e-07
8.77438e-08
7.10453e-07
8.01953e-07
2.35423e-07
6.27568e-07
7.26027e-06
1.67669e-06
1.58765e-06
5.79251e-07
2.45264e-06
4.36147e-07
4.5328e-07
2.12453e-06
5.97038e-07
2.05131e-06
9.34088e-07
5.66999e-07
1.20466e-05
8.03275e-07
7.85851e-07
1.75396e-05
2.17224e-07
2.9369e-07
2.70782e-07
6.07689e-07
4.16538e-07
1.51539e-07
5.96643e-08
7.13355e-07
1.24986e-07
1.07663e-06
6.17244e-07
1.7424e-06
1.10511e-06
2.09431e-07
4.69127e-07
9.10112e-06
1.45899e-06
9.63203e-08
5.71327e-08
2.34591e-07
9.5302e-07
6.32705e-07
2.39569e-06
5.09502e-08
4.14931e-06
2.02522e-07
8.00974e-06
3.81867e-07
7.28115e-07
2.24848e-06
3.43651e-05
2.1895e-06
7.25334e-07
1.42086e-06
8.33547e-07
5.94647e-07
7.36927e-07
2.58265e-06
4.88608e-07
2.61376e-06
4.88822e-07
2.10233e-06
6.03566e-07
2.99158e-07
4.79294e-07
2.30289e-06
7.3649e-07
1.81287e-06
6.58178e-07
6.56112e-08
8.58293e-07
9.6385e-07
8.02488e-07
2.75404e-07
3.6405e-07
2.22939e-06
1.87818e-06
8.65491e-07
8.64148e-06
7.84784e-07
4.01863e-07
9.61544e-07
4.32418e-08
2.48467e-05
9.37065e-07
1.16673e-06
8.44407e-07
1.64532e-06
2.65284e-06
7.95513e-08
2.96109e-07
5.14385e-07
1.40817e-06
1.96962e-07
2.15987e-07
2.12273e-06
7.62202e-06
2.43142e-06
1.52764e-07
6.13971e-07
8.19326e-07
7.78545e-07
1.34522e-06
6.25696e-07
6.55815e-07
1.28033e-06
9.33998e-07
2.2354e-06
1.29088e-06
1.08614e-07
2.84169e-07
3.30645e-07
4.79127e-07
2.27758e-05
1.97186e-06
5.40619e-07
2.62319e-08
6.75367e-08
3.53681e-07
3.81576e-06
7.97218e-06
1.39956e-06
9.42775e-08
9.60012e-08
5.01252e-07
2.94128e-07
1.79367e-07
8.94174e-07
5.91002e-07
4.00641e-07
1.06945e-06
7.23623e-07
3.09743e-07
1.78362e-06
3.29103e-06
7.43104e-07
2.14222e-06
3.43409e-07
7.29329e-07
8.89819e-06
2.18756e-06
1.47695e-07
5.76636e-07
1.36791e-06
1.11589e-06
5.64857e-07
7.96857e-07
1.29558e-06
3.92469e-06
7.48057e-06
3.1739e-06
2.2019e-05
2.68274e-07
2.34394e-06
2.39437e-06
1.17758e-05
1.38427e-06
7.18631e-06
2.00909e-06
7.15884e-07
2.73181e-06
1.93964e-05
6.18611e-07
1.13678e-06
7.19288e-06
9.5329e-07
6.31311e-07
5.16361e-07
1.35931e-05
9.37832e-07
3.34289e-07
2.1566e-06
6.18691e-07
2.79629e-06
3.39424e-07
4.28775e-07
7.80766e-06
1.01708e-06
1.5606e-07
3.39223e-07
2.33271e-05
9.70609e-07
7.42543e-08
5.81464e-07
7.48551e-07
9.76957e-07
2.5859e-05
8.16395e-07
7.35285e-07
6.81892e-07
9.3762e-07
6.56439e-07
1.44885e-06
1.22458e-06
8.20571e-07
7.81468e-07
8.03622e-07
7.81396e-07
6.50291e-05
7.10902e-06
6.03516e-07
3.07613e-10
2.36643e-06
2.16899e-06
2.57185e-05
5.31955e-07
7.99335e-07
8.82561e-07
1.39044e-05
2.33799e-06
2.83545e-06
1.64296e-06
2.37057e-07
1.1638e-06
7.38972e-07
1.23217e-06
7.82718e-07
5.55274e-08
1.95756e-06
8.61364e-07
2.187e-06
8.12393e-07
8.65556e-07
1.17913e-06
2.25751e-06
2.44511e-06
9.24199e-07
1.13924e-05
7.92896e-07
6.40228e-07
5.54411e-07
3.64669e-07
1.11013e-06
9.72369e-07
7.31337e-07
2.4717e-06
1.66112e-06
1.99766e-07
5.98341e-07
1.0977e-07
8.98783e-06
4.79512e-05
2.06763e-07
1.12084e-07
1.53231e-06
5.61556e-05
1.96756e-05
5.86779e-05
8.55081e-07
4.41875e-05
4.57106e-05
1.41113e-06
6.14435e-05
8.52524e-08
2.31999e-06
1.19832e-06
2.2411e-07
9.0651e-08
2.0124e-06
1.00749e-06
1.74133e-06
9.15837e-07
3.68798e-05
6.14078e-07
1.02038e-07
7.14852e-06
1.60655e-06
6.87403e-07
1.00201e-06
6.52617e-07
6.93874e-07
8.89267e-07
7.20561e-09
8.33434e-06
1.13549e-06
1.87732e-06
2.41741e-06
6.06134e-07
7.55837e-06
3.31735e-07
1.18303e-07
4.69492e-07
1.14338e-06
1.6172e-06
5.54276e-07
2.575e-06
1.00488e-06
1.66519e-06
7.16615e-07
2.48191e-06
5.95137e-07
2.54067e-06
2.42343e-07
1.27951e-06
9.37217e-07
3.7134e-05
4.62894e-06
8.65044e-07
2.44763e-07
4.34275e-05
9.40331e-08
2.43198e-06
6.59654e-07
4.10826e-06
1.86129e-08
9.31133e-07
1.64086e-07
1.0818e-06
3.26146e-05
9.2748e-07
8.56868e-07
1.39094e-06
2.23469e-06
1.30906e-06
6.3754e-05
1.00275e-07
1.02321e-06
6.91935e-06
2.11163e-06
2.93271e-06
1.10075e-06
6.35946e-08
4.58463e-07
1.00801e-06
1.57996e-06
3.03705e-08
6.59178e-07
1.18388e-05
6.14346e-07
1.69691e-06
1.56305e-05
4.23871e-07
4.44323e-07
6.01078e-05
9.34571e-07
6.48287e-06
1.131e-06
9.61011e-08
1.61438e-06
4.22041e-06
1.79874e-06
5.09424e-07
1.85984e-06
1.54204e-07
2.24611e-06
1.50448e-06
3.39316e-07
2.55575e-07
2.28099e-06
1.14045e-05
6.8304e-07
1.7443e-05
2.53905e-06
1.28422e-07
2.38245e-06
5.55491e-05
1.46057e-06
1.00749e-06
1.91793e-07
1.9037e-05
6.08954e-05
1.58867e-06
7.17603e-08
3.12505e-05
1.02641e-06
1.5813e-06
6.47092e-07
5.79643e-07
6.16846e-07
7.88197e-07
2.72297e-07
6.47283e-08
1.3256e-06
1.10823e-06
2.47484e-07
1.10305e-06
3.10963e-08
6.04021e-07
9.2101e-07
1.32623e-06
7.03394e-07
1.81722e-06
2.51363e-06
1.22852e-06
2.63464e-06
1.15675e-06
2.83015e-06
1.34366e-05
2.60257e-06
6.42273e-05
3.45471e-06
8.72487e-06
6.61856e-07
8.4644e-07
1.22508e-06
6.74665e-05
1.57521e-06
1.35107e-05
1.53676e-06
6.89943e-07
1.36616e-05
2.18779e-06
3.28533e-07
4.99714e-05
3.57031e-06
1.55872e-07
1.08598e-06
2.57942e-07
7.9847e-07
3.94264e-07
8.39963e-07
1.20767e-06
6.54383e-06
2.16242e-07
1.09088e-06
2.59392e-06
1.22083e-06
8.12246e-06
1.50135e-07
1.18279e-05
1.31862e-06
4.39181e-06
2.73067e-06
1.5851e-06
1.59244e-06
4.69651e-06
4.11712e-07
7.68179e-06
1.41554e-06
1.28846e-06
1.00894e-06
1.53723e-07
7.74712e-07
6.11152e-07
5.19091e-07
1.33975e-06
5.98874e-05
7.14151e-08
2.86082e-05
9.7535e-07
1.45458e-06
1.23783e-06
7.42245e-07
8.69482e-07
4.29289e-08
7.77465e-07
3.17861e-05
6.21653e-08
2.76871e-07
7.85575e-07
1.36232e-06
1.1942e-06
2.23663e-06
1.11484e-05
9.28099e-08
1.34424e-06
1.37173e-05
6.36669e-06
1.18481e-07
4.51865e-07
3.9666e-06
2.29355e-07
1.23413e-07
4.3454e-08
4.12401e-07
8.34714e-08
2.46529e-07
6.13038e-06
1.2416e-06
1.15979e-06
1.34052e-06
1.02055e-06
1.86607e-06
1.38648e-06
1.45504e-07
7.48932e-07
9.61204e-07
1.41806e-06
1.68793e-05
1.04145e-06
2.35532e-06
1.71678e-05
4.52418e-07
3.67299e-07
8.9657e-07
3.91895e-06
1.8093e-07
9.03351e-07
8.08215e-08
1.289e-06
5.47845e-06
9.65038e-06
1.44876e-06
9.7588e-06
3.61378e-06
5.31396e-07
8.93635e-07
1.04646e-06
7.96202e-07
4.04528e-07
2.01942e-07
1.81041e-06
1.94462e-07
1.51275e-06
1.13723e-06
2.35294e-07
1.07402e-06
1.72142e-06
9.0562e-07
8.70297e-07
9.40488e-07
8.16505e-07
4.51396e-06
1.2263e-06
5.29588e-06
2.3806e-07
1.99511e-07
1.39665e-06
2.80353e-06
4.56351e-07
4.02462e-08
2.05346e-06
8.61735e-07
2.08884e-06
1.11881e-06
1.18845e-06
4.50216e-06
2.51091e-06
2.80222e-05
8.92904e-07
3.23337e-05
9.3126e-07
9.08833e-06
1.58882e-06
5.54466e-05
2.98295e-07
1.68477e-06
6.32191e-05
4.24083e-06
5.24631e-07
6.2524e-07
6.12846e-05
3.0531e-06
1.25649e-06
1.21501e-07
4.35563e-06
4.40583e-06
8.88603e-07
1.51878e-06
1.12393e-05
4.55446e-07
4.54625e-06
6.70411e-07
6.28997e-07
8.4768e-08
1.42887e-05
8.59062e-06
6.18687e-08
7.07746e-07
7.24759e-07
6.95791e-07
1.39181e-06
7.84933e-07
7.63061e-07
8.13583e-07
5.17785e-09
8.45097e-07
1.49285e-06
1.08659e-06
1.33411e-06
8.76595e-07
5.1834e-07
4.60309e-06
1.29687e-06
9.67638e-07
3.4723e-07
5.20034e-08
6.21747e-07
3.73602e-07
1.70517e-06
5.27872e-05
4.17339e-06
1.34711e-06
9.62521e-07
7.44968e-07
3.25842e-06
1.69021e-05
9.06822e-07
7.0768e-07
1.24521e-06
1.58544e-06
8.94965e-07
1.55423e-06
2.0152e-09
2.33247e-07
1.13492e-06
7.57584e-07
2.21257e-06
1.02895e-06
1.01487e-07
8.03737e-08
1.90175e-05
8.14462e-06
2.57932e-06
4.83532e-06
1.07587e-06
1.76833e-06
1.4611e-06
1.99686e-06
4.15351e-07
1.01828e-06
5.40496e-07
2.37966e-06
1.29952e-07
4.32437e-07
3.5276e-05
9.64758e-07
7.62674e-06
3.2553e-06
1.5703e-07
2.50624e-06
1.688e-06
7.15715e-07
4.61103e-05
3.35776e-06
8.85594e-07
1.30866e-06
2.22489e-07
3.01821e-06
2.11231e-06
7.88415e-06
1.09892e-06
8.8849e-07
1.04707e-08
5.01968e-07
3.77352e-06
2.68522e-11
3.42508e-07
1.99386e-06
9.16913e-07
8.90723e-07
2.33305e-07
1.63049e-06
5.50071e-07
1.93132e-06
7.0828e-08
1.98009e-06
1.35217e-06
4.68552e-06
5.44255e-07
1.01214e-06
1.2132e-06
1.92173e-06
3.07588e-06
2.5388e-06
9.54214e-07
2.50037e-06
9.67624e-07
4.91335e-07
8.26462e-06
5.6551e-07
1.36271e-06
6.96306e-07
6.32145e-06
6.63623e-07
2.24727e-06
2.81217e-06
2.79341e-07
1.3201e-06
7.88397e-07
1.69313e-06
1.12578e-07
7.84191e-07
1.20563e-06
5.97566e-05
2.18488e-06
1.09134e-06
7.32532e-06
6.96302e-06
2.42007e-06
2.52452e-06
2.94884e-06
9.12272e-07
1.04226e-06
1.49883e-06
2.17051e-06
1.24037e-06
7.32487e-07
7.48392e-07
2.95854e-07
1.05092e-06
1.99375e-07
6.68312e-05
5.62617e-05
7.51537e-08
4.86897e-05
1.27799e-06
1.83225e-06
1.21575e-06
1.69798e-07
7.0352e-07
9.88992e-07
2.88659e-06
2.52375e-06
1.99789e-07
1.14387e-06
1.90647e-06
9.33302e-07
1.19566e-06
4.5773e-07
2.21624e-06
1.98518e-06
4.21709e-07
1.31414e-06
1.34131e-06
4.5506e-06
1.14762e-06
1.31806e-06
2.46224e-06
6.13106e-07
7.39039e-07
8.58615e-07
1.04008e-06
9.94011e-07
7.76613e-06
2.5962e-07
1.3082e-06
1.02309e-06
2.57007e-05
6.97147e-06
6.2598e-07
8.57784e-07
8.58282e-08
9.671e-07
6.67816e-07
1.77163e-07
1.96962e-06
8.08477e-08
1.74283e-06
3.59312e-06
7.4447e-08
4.75227e-07
3.57779e-07
2.58922e-06
1.39675e-06
3.15506e-07
2.53757e-06
1.21018e-06
8.13235e-08
1.12783e-06
3.21317e-07
2.16068e-07
2.22602e-07
4.34892e-07
2.82876e-05
3.68677e-06
7.82522e-07
8.88052e-07
3.55757e-07
3.00634e-07
1.39446e-05
3.25511e-06
1.24169e-06
8.30848e-08
2.56649e-06
3.18074e-05
1.12382e-07
1.90618e-07
2.55346e-07
1.44015e-06
1.1622e-06
2.95281e-05
6.80742e-07
2.49895e-06
3.3967e-06
3.77522e-07
6.32845e-05
1.1968e-06
5.98857e-07
6.53774e-07
1.20655e-06
2.6768e-07
9.14515e-07
4.13284e-08
3.3629e-06
2.00835e-07
6.32543e-07
1.33794e-06
2.29684e-06
1.64277e-06
1.45751e-05
2.02661e-06
3.82149e-07
7.65442e-07
4.59575e-06
1.06608e-06
9.64384e-07
2.62512e-06
1.37056e-06
3.14106e-06
1.24543e-06
1.49681e-06
1.06646e-07
2.41912e-07
2.63673e-06
1.41835e-06
3.54382e-06
5.03294e-05
6.15989e-07
1.28501e-06
1.09091e-06
1.27334e-06
4.71601e-07
1.30244e-07
1.12823e-06
1.21667e-06
6.99369e-07
1.24418e-06
6.89623e-07
1.85417e-07
1.31052e-06
1.2265e-06
2.02618e-06
2.3553e-06
2.2413e-06
5.74534e-05
1.29019e-06
2.49045e-06
1.27125e-06
3.14402e-07
6.59013e-07
1.2932e-06
2.49545e-06
1.10667e-06
1.25309e-06
1.28982e-06
8.27391e-07
6.09162e-07
8.33303e-08
1.18197e-06
7.51626e-07
5.36395e-07
1.44119e-06
1.73836e-06
1.28059e-06
2.91117e-05
2.04495e-07
3.36783e-07
4.25235e-07
2.44503e-07
6.1461e-07
1.32439e-05
1.04246e-06
4.92528e-05
3.12735e-07
7.11999e-07
6.62356e-07
2.11286e-07
8.05817e-07
7.15138e-07
2.46619e-06
2.81105e-06
2.2574e-07
9.54633e-07
3.49056e-07
2.01207e-07
6.87377e-07
8.73593e-07
1.77225e-06
7.14446e-07
2.99327e-06
1.20995e-06
1.65878e-07
2.54531e-07
1.57115e-06
8.69603e-07
1.31765e-06
1.02988e-06
1.39616e-06
6.26149e-08
7.27943e-08
2.16292e-07
1.89249e-07
1.20946e-06
6.11197e-07
1.68307e-06
6.3817e-07
1.42565e-06
1.18193e-06
1.07597e-06
6.46367e-06
6.39534e-07
8.51875e-06
1.19452e-06
7.51931e-07
5.12941e-07
5.93204e-05
1.03468e-06
8.78902e-07
6.50733e-07
1.36258e-06
1.27254e-06
7.57771e-06
1.87875e-07
1.83234e-07
1.26599e-06
6.15424e-07
7.24369e-07
6.75074e-07
6.70406e-07
6.18217e-07
2.69099e-06
9.72909e-07
4.31017e-07
9.00883e-07
1.84303e-06
1.43765e-06
9.64403e-07
7.65539e-08
6.59853e-07
1.55432e-07
2.67359e-07
1.25186e-07
6.39598e-07
3.9444e-07
1.21096e-06
5.64204e-07
1.51161e-07
1.61122e-06
1.46019e-07
1.37652e-06
1.0866e-06
3.85381e-07
3.20672e-07
2.08292e-07
2.06373e-06
1.1104e-06
1.1072e-06
1.4406e-06
8.37996e-08
6.61443e-07
3.32858e-07
4.93407e-07
1.01701e-06
9.47146e-07
3.87436e-07
3.84805e-06
1.44129e-06
2.71491e-07
1.35944e-06
1.49642e-06
2.91662e-07
3.33684e-05
1.96528e-07
1.66882e-07
6.3296e-07
3.0745e-06
6.39098e-06
6.48073e-07
6.64686e-07
1.66247e-07
1.75174e-06
7.80671e-07
6.00532e-07
1.4548e-05
2.66872e-06
1.68223e-05
9.11705e-07
1.53152e-06
2.35351e-07
1.42324e-06
2.31773e-06
7.63274e-07
8.11969e-07
7.2027e-07
4.93047e-07
6.16058e-07
5.81027e-08
2.13506e-07
1.30562e-06
6.43143e-07
6.60276e-07
6.10969e-06
7.89504e-07
6.25745e-06
8.0463e-07
2.07999e-07
4.06016e-07
1.82875e-06
4.3201e-06
1.01507e-06
6.06778e-07
6.61602e-06
2.75291e-07
6.95795e-07
7.44755e-07
1.49305e-06
1.30317e-06
3.80726e-05
5.74527e-05
1.50223e-07
3.99218e-07
7.72424e-07
1.95282e-05
6.80903e-07
7.04399e-07
5.13323e-08
6.93782e-08
7.24508e-07
1.28535e-06
2.41149e-07
1.55714e-11
1.57532e-06
1.55012e-06
6.09563e-07
5.69648e-07
2.1018e-06
3.15258e-06
1.56013e-06
3.33718e-06
1.1213e-06
9.43801e-07
1.20821e-07
7.12487e-07
5.07446e-07
3.97054e-06
1.01591e-07
2.09199e-06
3.1449e-07
3.51107e-07
1.73386e-07
7.43729e-07
2.03086e-07
3.34511e-07
4.10971e-07
4.29928e-07
1.45644e-05
1.67747e-06
9.60676e-07
4.49899e-07
2.41927e-07
1.01332e-06
6.15244e-07
2.09926e-06
1.07478e-06
2.14254e-06
1.18375e-06
6.9388e-07
1.29619e-06
3.01154e-05
7.54813e-07
5.57089e-07
1.08777e-06
1.43869e-06
1.87936e-06
2.73929e-07
9.77923e-06
6.50504e-07
5.42532e-07
7.16269e-08
4.77993e-06
1.45725e-06
9.66659e-07
1.09468e-06
6.25974e-06
9.49546e-08
8.54145e-07
6.05158e-07
6.78264e-05
4.6429e-07
2.30633e-06
2.25706e-06
1.29632e-06
3.95887e-07
9.08242e-07
2.40123e-07
2.44237e-06
1.22684e-06
3.18745e-06
2.09046e-07
6.15454e-07
3.77432e-06
5.16089e-07
1.4679e-06
2.61067e-07
1.18266e-07
6.04129e-05
1.00763e-06
3.90785e-07
4.28888e-07
3.49909e-07
1.66223e-06
6.40923e-07
3.00351e-07
9.52303e-07
1.08295e-06
6.84092e-07
1.78006e-06
4.13452e-07
2.67923e-07
4.56848e-07
2.33565e-07
6.63304e-07
1.54998e-07
7.16431e-07
1.27084e-06
2.06464e-06
6.28133e-07
6.92037e-06
5.35205e-05
1.46441e-06
2.90447e-07
1.73252e-07
2.37917e-07
8.23218e-07
1.33272e-05
3.58584e-06
4.01513e-07
1.80054e-06
2.3623e-06
1.5797e-06
1.27004e-06
1.21355e-06
7.13519e-05
1.36654e-06
7.15015e-07
1.74222e-06
4.33087e-07
2.99497e-06
6.39982e-06
1.42788e-07
1.36592e-05
3.9026e-07
1.60468e-07
1.9674e-07
3.25263e-08
1.63465e-06
8.49904e-08
1.25357e-06
1.35303e-06
8.35496e-07
1.60014e-06
6.86476e-07
6.51839e-07
7.82502e-08
1.89887e-07
3.44938e-07
2.13829e-06
1.97677e-06
2.37585e-07
1.40542e-06
2.3255e-07
6.40436e-07
3.1541e-07
6.30851e-07
7.46563e-07
1.74605e-06
5.00651e-07
9.95869e-07
1.81235e-07
6.09183e-07
9.97739e-07
3.55345e-07
5.23783e-07
6.89066e-07
1.21127e-06
7.10514e-08
1.81761e-05
4.31763e-07
3.84887e-07
1.33759e-06
1.73974e-06
3.46345e-07
1.219e-07
3.67572e-07
1.98058e-07
2.26349e-07
4.02823e-07
1.87418e-06
1.81611e-06
6.66587e-07
1.52674e-06
9.92582e-07
1.75765e-06
1.70976e-05
6.52286e-07
3.80541e-07
1.04116e-06
5.0737e-06
6.68501e-07
2.12684e-07
5.48934e-06
9.60645e-07
6.37758e-07
1.75527e-06
6.99812e-07
2.79859e-06
1.07087e-06
1.26066e-06
1.37064e-06
7.89994e-07
2.11895e-07
2.90254e-06
1.82256e-06
1.64788e-06
1.42984e-07
2.53707e-07
7.00556e-07
1.40229e-07
3.91289e-07
8.10443e-07
9.31446e-07
7.26797e-07
6.05291e-07
4.10862e-07
3.04971e-07
1.68737e-06
4.65604e-07
7.724e-07
6.94945e-07
6.92395e-07
1.16778e-05
2.05323e-06
4.76176e-06
2.35207e-07
1.50254e-06
1.34e-06
1.23475e-06
1.39076e-06
6.8241e-07
2.65224e-07
3.6338e-06
1.87461e-06
2.76115e-07
3.23425e-07
3.49811e-07
3.29429e-06
6.11468e-07
2.19639e-07
6.60832e-07
9.24595e-07
9.43114e-08
1.47301e-06
8.20937e-06
3.22622e-07
1.87936e-06
2.0107e-07
5.12561e-07
6.79621e-07
7.60704e-06
1.05254e-07
8.91573e-08
1.87567e-06
5.03737e-07
5.20103e-07
3.20186e-07
1.27408e-06
4.34942e-07
5.4353e-07
1.30817e-06
2.42121e-07
2.05425e-06
6.75217e-07
1.16694e-06
2.54328e-07
3.99225e-07
2.95708e-07
3.93733e-06
3.64361e-07
4.57526e-07
2.00385e-09
5.48111e-05
1.57849e-06
2.5472e-07
8.43268e-07
1.83656e-06
1.50037e-06
7.3706e-08
6.32024e-07
2.07589e-07
1.13757e-06
2.26744e-07
2.26513e-06
7.74032e-06
1.96763e-06
5.84636e-07
7.4499e-06
5.73912e-07
1.1069e-06
5.03244e-07
7.81802e-07
3.02954e-06
1.04026e-06
7.0736e-08
1.37331e-06
4.81304e-07
2.80313e-06
9.35111e-07
1.00034e-06
9.50217e-08
2.14027e-06
6.52335e-07
3.25382e-08
2.15709e-07
3.94448e-07
7.51374e-07
5.36828e-07
4.19258e-07
9.5922e-07
1.96793e-06
2.10693e-07
1.16491e-07
1.32925e-06
4.21014e-06
1.44059e-06
6.27007e-07
5.01387e-07
4.27192e-07
9.39002e-07
4.21663e-07
5.95625e-07
2.27455e-06
3.94378e-07
8.15751e-07
4.08521e-07
1.63683e-06
3.18937e-05
1.18721e-06
8.67951e-07
6.45444e-07
3.78307e-07
1.13039e-06
1.97666e-06
3.09091e-07
1.23202e-06
1.11537e-06
1.1149e-07
7.41568e-07
5.50353e-07
1.73984e-07
1.08045e-07
1.39559e-06
6.06106e-07
2.21102e-06
2.31323e-07
8.19913e-07
1.63033e-06
1.28214e-06
1.3248e-07
5.86136e-07
5.72665e-07
5.5176e-07
3.4173e-07
6.14547e-07
6.97041e-08
2.51166e-06
3.32504e-07
7.49964e-07
1.53669e-07
3.60042e-08
1.59404e-06
1.41758e-06
1.22156e-06
4.2095e-07
4.66624e-07
2.40476e-06
1.29212e-06
1.29393e-06
5.63663e-06
7.44183e-07
1.05359e-06
3.52517e-06
2.2847e-07
2.15486e-06
7.35569e-07
2.34303e-07
7.32462e-07
1.31626e-06
1.18218e-06
3.73641e-07
1.12009e-07
7.94276e-07
6.65178e-07
1.40855e-07
2.74715e-05
1.53534e-06
8.58246e-07
2.58434e-07
6.2459e-07
6.5924e-07
3.40204e-06
5.30594e-07
3.38227e-07
1.10846e-06
7.06883e-07
8.804e-06
6.86838e-07
9.33454e-07
5.20199e-06
1.6068e-06
7.15475e-07
2.17469e-07
5.40382e-07
6.54673e-07
1.56613e-06
6.24263e-07
1.21068e-06
1.4942e-06
6.7464e-07
1.02427e-06
5.15102e-07
1.72092e-07
1.38972e-06
1.31762e-06
7.278e-07
2.2111e-06
6.37117e-07
9.87586e-08
1.47655e-06
1.35663e-06
2.25649e-06
6.82978e-07
1.65753e-06
1.60035e-06
5.06912e-07
2.26696e-06
6.67152e-07
6.0972e-07
6.75617e-07
1.38651e-06
8.34897e-07
4.9234e-07
1.91914e-07
1.9774e-07
3.98804e-06
1.49505e-06
5.67767e-07
2.36037e-06
1.0432e-06
5.32185e-07
5.94135e-05
1.85266e-06
1.0723e-06
6.30672e-07
2.48645e-06
1.43995e-06
9.39837e-07
5.64063e-07
2.2599e-06
1.07389e-05
1.08188e-07
1.1414e-06
6.51143e-07
1.37111e-06
1.58082e-06
5.8908e-08
5.62135e-06
6.09882e-07
1.54627e-06
1.3599e-06
1.46081e-06
5.74997e-07
5.69979e-05
1.03387e-06
6.61593e-07
6.32859e-07
1.90281e-06
1.15908e-07
2.44925e-07
2.27182e-06
6.52516e-07
2.10664e-07
3.41433e-08
6.71184e-07
1.40529e-06
2.05877e-06
5.57841e-07
1.26867e-06
6.65549e-07
7.43985e-07
2.7478e-07
2.36242e-07
8.92916e-07
2.19711e-07
3.06191e-05
8.67751e-07
2.36132e-07
3.45871e-07
7.99401e-07
1.44129e-06
1.44316e-06
1.5427e-07
5.62476e-07
4.72728e-05
1.18198e-06
6.20569e-06
6.94818e-07
9.8572e-08
5.4966e-05
6.92433e-07
2.25616e-06
1.09777e-06
5.20503e-07
6.51022e-07
1.48777e-06
5.68947e-07
1.95684e-06
2.11533e-06
6.84612e-07
2.9908e-06
1.43438e-06
1.84743e-06
5.14906e-06
6.18598e-07
2.24382e-05
6.11344e-07
1.49489e-06
4.55865e-07
8.63422e-07
2.10701e-06
2.295e-06
3.92841e-07
6.47955e-07
1.10351e-06
5.51175e-07
1.80312e-06
6.64507e-07
6.00827e-07
7.75994e-07
7.02669e-06
1.91867e-07
6.6092e-07
6.93756e-07
1.95779e-06
1.58561e-06
2.32298e-06
6.32964e-07
9.05066e-07
5.52843e-07
7.52084e-07
5.9001e-07
1.61127e-07
4.84311e-07
8.48044e-07
6.61077e-07
5.63849e-07
8.28983e-07
4.98238e-07
3.00219e-06
6.11193e-07
5.49428e-07
5.87457e-07
2.24411e-06
2.3015e-06
7.96533e-07
1.49135e-06
7.79407e-07
1.56513e-06
4.40814e-07
1.65452e-06
1.54797e-06
6.83343e-07
2.55881e-06
7.43414e-07
2.62725e-07
7.46485e-07
4.4109e-06
1.55618e-06
5.99809e-07
8.13228e-07
2.40848e-06
2.36577e-06
4.70622e-07
7.63734e-07
4.63776e-07
6.97999e-07
4.06991e-08
9.60855e-07
2.4202e-06
2.37724e-06
4.55157e-05
2.68937e-06
1.83707e-06
2.14057e-06
1.17975e-06
1.59756e-07
6.06276e-07
4.45869e-06
5.43663e-07
6.91255e-07
1.14907e-07
1.98991e-06
2.04775e-07
6.87878e-08
1.67325e-06
4.9042e-05
5.06489e-07
2.55024e-07
5.68538e-07
6.7203e-07
7.68114e-07
2.17655e-07
4.00473e-05
2.07454e-07
5.39008e-07
1.17994e-05
5.76692e-07
1.30095e-07
5.26219e-07
5.82323e-07
6.80071e-07
9.22206e-07
6.85985e-07
4.79009e-05
3.2119e-06
6.39557e-07
7.24469e-06
2.68273e-06
6.64969e-07
8.49456e-07
3.11932e-06
1.03144e-06
2.65134e-07
6.75265e-07
6.22321e-05
9.71165e-07
7.62295e-07
9.79706e-09
7.06828e-07
1.64855e-06
7.50028e-07
1.97915e-06
3.58492e-07
1.10743e-06
7.52436e-07
4.94448e-07
6.75465e-06
4.90402e-06
4.16895e-06
5.67764e-07
5.92264e-07
2.81982e-06
8.00573e-06
7.27281e-07
2.59208e-06
1.43971e-06
2.47181e-06
2.62723e-07
7.39661e-07
3.08259e-06
7.74752e-07
2.74678e-07
5.15622e-07
4.47125e-07
1.03049e-06
2.40628e-07
9.95862e-07
6.06637e-07
2.50488e-06
4.07271e-07
1.45275e-06
3.43145e-05
3.48974e-07
1.78839e-06
2.81179e-09
1.7113e-06
1.7723e-06
1.03851e-06
1.74423e-06
1.35323e-06
4.86666e-05
8.52365e-07
3.78983e-05
3.60633e-07
6.90039e-07
8.37529e-07
1.7513e-06
1.15541e-06
7.64776e-07
6.08068e-07
4.29337e-05
1.24748e-06
5.00588e-05
1.62626e-07
5.22245e-07
3.31425e-06
1.61078e-07
5.43742e-05
1.84661e-06
7.64213e-07
3.71337e-07
7.57108e-06
3.87048e-07
9.47075e-07
1.19489e-06
5.99787e-07
1.75182e-06
7.252e-06
6.14384e-07
6.14813e-06
1.81907e-06
1.07563e-06
2.27594e-06
3.71264e-06
3.65069e-05
6.17606e-07
8.87576e-07
1.91379e-06
6.61935e-07
4.10022e-07
2.06988e-06
1.95248e-06
1.6516e-06
1.75647e-06
2.32911e-07
9.81292e-07
3.88217e-07
2.18696e-06
5.95269e-07
1.8647e-06
2.77119e-06
1.81797e-06
5.16771e-07
6.97867e-07
1.6897e-06
6.5623e-07
6.35658e-07
5.84828e-05
1.18109e-06
3.9032e-05
1.86215e-06
9.28155e-07
3.38494e-07
5.56367e-07
1.59724e-07
1.76969e-06
2.3427e-07
9.56673e-08
7.83164e-07
1.10406e-07
1.03998e-07
9.78959e-08
1.33257e-06
1.35256e-06
3.50102e-07
9.82328e-07
6.67174e-07
2.60335e-06
2.53363e-06
6.89873e-07
6.11751e-07
1.68175e-06
1.52428e-06
2.58652e-06
3.73934e-07
1.06753e-06
2.67266e-07
2.11386e-05
7.52513e-06
4.02556e-07
8.04569e-07
6.30096e-07
1.87736e-06
6.41891e-07
4.15441e-07
1.28046e-06
2.71924e-06
7.0248e-07
6.62574e-07
6.08134e-07
8.59196e-09
1.56966e-06
3.45935e-07
1.46699e-06
5.49638e-07
2.5569e-06
3.84889e-07
6.67666e-07
1.02563e-08
5.26866e-07
1.45538e-06
3.00196e-07
2.84748e-06
1.94904e-06
7.43466e-08
5.78216e-05
5.37312e-07
4.1545e-06
7.21947e-08
1.50895e-05
2.19341e-06
6.65617e-07
2.63907e-06
1.3751e-06
6.51303e-07
7.09103e-05
3.22407e-07
1.87365e-06
1.87826e-06
4.00839e-07
3.7431e-06
1.10715e-06
4.96055e-06
1.63755e-06
8.07914e-07
6.15969e-07
7.47578e-08
1.17609e-06
5.82125e-07
4.39604e-08
1.23861e-07
3.67575e-06
4.58788e-07
9.59179e-08
2.96451e-07
6.8905e-07
3.38559e-10
9.88133e-07
6.06257e-07
2.66462e-06
2.09614e-05
6.29089e-06
9.52611e-07
1.26912e-06
1.60304e-06
1.00681e-06
1.42729e-06
1.03712e-06
1.61051e-07
9.28366e-08
3.1936e-07
6.55324e-07
1.85942e-06
2.67777e-06
6.91878e-07
4.66307e-07
5.9318e-07
1.57372e-06
6.24546e-07
6.14955e-07
7.84738e-07
6.75679e-06
3.42172e-07
3.14816e-07
2.0665e-06
1.96127e-06
5.80059e-07
6.60859e-07
1.971e-06
2.12847e-06
8.29809e-07
1.39776e-06
5.0429e-07
3.91912e-07
8.47013e-07
4.36197e-07
1.10608e-06
6.1316e-07
5.16569e-07
4.75446e-07
1.00117e-06
4.09076e-07
8.77313e-08
5.27882e-05
5.3458e-07
1.97024e-06
1.02428e-06
4.72066e-08
3.35991e-06
4.10153e-07
2.45044e-06
4.22821e-07
2.27785e-07
2.53291e-06
6.34585e-06
1.14462e-07
7.29887e-07
9.39318e-07
1.03664e-07
1.179e-06
3.45093e-07
1.93841e-06
2.44933e-07
5.01025e-05
1.49911e-06
1.60772e-06
4.49428e-07
8.73094e-07
7.16909e-07
1.09266e-07
5.99992e-07
2.5476e-05
1.8429e-05
7.41789e-07
6.23941e-05
3.78253e-07
5.87871e-06
8.76681e-07
2.73565e-06
3.3131e-08
2.42779e-06
1.40862e-06
1.67772e-06
9.37418e-07
6.12527e-08
8.92444e-07
6.33078e-07
5.22988e-06
4.11257e-07
1.94247e-06
1.94124e-06
3.87807e-07
1.50492e-07
1.64969e-06
8.55727e-07
7.09815e-07
2.22031e-06
2.12623e-07
5.49446e-07
3.31978e-05
3.47907e-06
6.39994e-07
1.50212e-06
1.47068e-07
4.8868e-07
7.71695e-07
8.51309e-07
8.23657e-07
7.56183e-07
1.05004e-07
8.60414e-07
6.91753e-07
1.234e-06
1.72622e-06
1.72006e-06
5.34963e-07
7.4472e-07
1.88101e-06
4.81674e-08
1.21551e-06
1.96826e-06
7.82719e-07
1.15279e-06
6.25241e-07
5.07188e-07
5.3732e-07
2.04429e-06
1.95504e-05
2.41064e-07
2.7956e-06
1.1198e-06
2.53814e-06
1.38064e-06
9.53519e-07
2.20699e-06
2.30153e-05
1.53742e-06
5.28175e-07
5.85864e-05
8.61637e-07
1.33305e-06
1.16809e-06
7.54428e-07
2.17632e-06
5.15662e-07
2.04821e-07
2.88064e-06
1.93022e-06
4.95136e-07
1.94994e-06
2.13674e-06
5.84442e-08
1.90829e-07
3.2004e-06
4.17959e-07
1.67103e-07
8.17287e-07
2.13255e-06
7.69784e-07
1.28774e-06
5.42765e-07
2.86027e-06
9.81352e-07
6.8468e-07
2.23917e-06
7.18554e-07
2.26547e-06
9.64317e-07
9.73764e-07
8.7293e-07
2.2503e-07
6.10216e-07
1.64613e-06
1.56665e-07
2.79464e-06
2.26906e-06
5.55303e-07
8.00315e-07
6.50111e-07
2.75462e-09
3.48333e-06
1.79417e-06
1.04801e-07
6.45297e-08
5.27164e-07
1.68661e-07
1.21329e-06
7.99153e-07
8.38694e-07
1.18015e-05
5.97923e-07
7.08759e-07
1.72546e-06
2.09682e-07
9.07252e-07
8.07723e-07
8.92266e-07
1.78938e-06
3.02423e-06
1.62116e-06
1.37107e-06
9.73387e-07
1.0222e-06
6.75388e-07
2.6159e-07
8.747e-07
2.37753e-07
1.05909e-06
5.01642e-07
2.28528e-06
9.69315e-06
1.01597e-06
2.70881e-06
5.57799e-07
4.89421e-07
7.39791e-07
8.1903e-07
2.27726e-06
1.22661e-06
3.64128e-05
1.38678e-06
1.25116e-06
1.39655e-06
1.74008e-06
1.30641e-06
2.63671e-06
1.59177e-06
1.63978e-06
1.33924e-06
1.82115e-07
6.06304e-06
6.90589e-07
2.29829e-06
5.47976e-07
2.01419e-06
1.85183e-06
5.49671e-07
2.15152e-06
4.81465e-07
1.1533e-06
1.10721e-06
6.03871e-07
9.31937e-08
3.32182e-06
5.72109e-07
5.6444e-05
8.40351e-07
2.37286e-06
9.32641e-07
6.92903e-07
9.13172e-07
3.18282e-07
4.62754e-07
2.36465e-06
5.6755e-07
2.38609e-06
8.12743e-07
6.0806e-07
9.4622e-07
1.44913e-06
2.24579e-06
1.18989e-06
1.7492e-06
5.53457e-05
2.30776e-07
2.18364e-06
2.36159e-06
3.30668e-07
6.42384e-07
6.31778e-07
2.16058e-07
4.34396e-05
2.36471e-06
5.39311e-07
2.41282e-06
3.02592e-06
5.60005e-07
3.73917e-07
2.75243e-06
8.97494e-07
6.08594e-07
1.75864e-06
2.39019e-05
9.43546e-07
1.04147e-06
6.17396e-07
1.63134e-06
7.04881e-07
5.89316e-05
1.26891e-06
2.14677e-06
7.41544e-07
8.76659e-07
5.59661e-06
1.71608e-06
6.78825e-07
8.63026e-07
1.32825e-06
2.21733e-05
1.04138e-06
9.93778e-07
8.04629e-07
7.38616e-07
1.52966e-06
7.73888e-07
2.83662e-08
4.62454e-06
2.27362e-06
8.96191e-07
1.93569e-06
1.44561e-06
7.35653e-07
8.83344e-07
6.99641e-07
1.77247e-06
2.24172e-06
5.91461e-06
1.98402e-06
5.24732e-07
4.63107e-05
2.33915e-07
7.45108e-07
6.4136e-07
5.91773e-07
8.9187e-07
2.48856e-06
8.445e-07
8.11313e-07
8.31731e-12
1.18643e-06
1.26821e-06
1.14908e-07
3.00532e-07
5.93321e-07
2.80105e-06
1.10645e-06
1.83299e-06
6.86465e-07
5.98978e-07
1.42448e-06
2.63443e-05
2.34436e-06
7.14055e-07
1.6228e-07
2.39171e-06
3.68191e-05
5.614e-07
9.41408e-07
5.56486e-06
5.60611e-07
1.02229e-06
3.98695e-07
2.50818e-06
1.29037e-07
6.10664e-07
6.02046e-07
9.83149e-08
1.06813e-06
1.24329e-06
1.31176e-06
7.08323e-07
1.80089e-06
8.99138e-07
6.1345e-07
3.67774e-07
6.67662e-07
1.32961e-06
8.95858e-08
1.19086e-06
9.6038e-07
4.33074e-05
1.00474e-06
9.17419e-07
7.19026e-07
7.76259e-07
3.74336e-05
1.005e-06
2.74147e-06
1.1583e-06
6.06177e-07
5.82245e-07
8.47715e-07
2.64454e-06
6.95428e-07
2.70815e-07
1.13361e-06
9.5847e-07
6.8856e-07
9.16706e-07
2.56277e-06
6.04259e-07
1.02921e-06
1.1792e-06
9.64308e-07
3.52572e-06
2.22847e-05
6.30246e-07
1.40836e-06
1.692e-06
2.6023e-06
1.17643e-06
3.13591e-07
1.78498e-06
7.95105e-07
9.94511e-07
1.67437e-06
6.96199e-05
6.16738e-07
1.63224e-06
1.49076e-06
2.18103e-06
2.5911e-06
8.63011e-07
3.08507e-07
2.82369e-06
1.32957e-06
8.89421e-07
2.2264e-06
6.21747e-07
2.60282e-06
2.21869e-06
1.07045e-06
9.04171e-07
1.78934e-07
1.18156e-06
1.05582e-05
1.09702e-06
6.76692e-07
3.06975e-07
5.8642e-07
8.94167e-07
8.47418e-07
7.19783e-07
6.656e-07
7.56658e-07
8.21975e-07
1.09174e-07
2.89029e-06
1.53802e-06
1.66465e-07
1.12504e-06
1.33818e-06
1.18001e-06
7.38595e-07
1.28568e-06
3.41574e-07
6.67402e-07
6.23792e-07
8.04655e-07
2.09633e-06
1.37606e-06
1.01554e-06
3.67633e-06
1.1457e-06
7.76851e-08
1.85974e-06
1.3244e-06
1.18652e-06
6.07428e-07
1.77779e-06
2.35828e-07
1.29264e-06
3.71423e-05
9.93976e-07
4.13652e-05
9.4966e-07
1.2684e-06
1.57508e-07
1.765e-06
5.08231e-07
2.67139e-06
2.23647e-06
6.57805e-07
1.25388e-06
1.26008e-06
1.36222e-06
3.89205e-07
1.09203e-06
2.64612e-06
6.78285e-07
1.51649e-06
5.05961e-07
6.57622e-07
1.74324e-06
5.99599e-07
8.44408e-07
2.66114e-06
1.66781e-06
2.60158e-06
1.60884e-06
7.20696e-07
2.0314e-06
1.19519e-06
8.09232e-07
9.18275e-07
1.47214e-06
5.52581e-06
5.87733e-07
1.23349e-06
5.83956e-07
1.07222e-06
1.91989e-06
1.92025e-07
1.3226e-06
6.69487e-07
1.21917e-06
1.46414e-06
1.09759e-07
1.55324e-06
4.3519e-05
7.46625e-06
1.49641e-06
7.3572e-07
7.53634e-08
1.30854e-07
5.00474e-06
1.77168e-07
1.30858e-06
1.20313e-06
1.2027e-07
1.58731e-06
3.4518e-06
1.03873e-06
5.23009e-07
3.02939e-07
9.68337e-07
8.36682e-07
1.17962e-06
1.23441e-06
6.91887e-07
4.38921e-07
7.57657e-07
7.25888e-07
3.07417e-06
6.88952e-07
1.55944e-07
2.08741e-06
1.06432e-06
1.25213e-06
1.59465e-07
8.88426e-07
1.52339e-06
5.69575e-06
9.79978e-07
6.80328e-07
6.31657e-07
6.0899e-07
4.82576e-06
6.05945e-07
9.9811e-07
1.09982e-06
4.51985e-07
1.7962e-06
1.51853e-06
5.79635e-07
6.2233e-07
3.64074e-07
1.4328e-06
2.89894e-06
8.82263e-07
1.87577e-06
4.39586e-05
2.69109e-06
5.47395e-07
1.51931e-06
9.57137e-07
6.10215e-07
9.34002e-07
2.53015e-06
3.79215e-07
1.60987e-06
9.14346e-07
2.08922e-06
8.76177e-07
2.08937e-05
1.72635e-05
4.74019e-07
9.89866e-08
4.50173e-07
2.77208e-06
3.39651e-07
1.56549e-06
2.79046e-06
5.08616e-07
2.53867e-06
1.10433e-06
9.58242e-06
1.05887e-06
1.06293e-06
1.11882e-05
5.10307e-07
1.27794e-06
1.97954e-06
9.69059e-07
2.43125e-06
2.70511e-07
7.71371e-07
7.36184e-07
1.65349e-06
2.66864e-06
1.23814e-06
7.20437e-08
1.14774e-06
2.91158e-07
4.8718e-05
1.94543e-06
8.6749e-07
7.18026e-08
1.02856e-06
1.6849e-06
1.19964e-06
1.13384e-07
2.61275e-06
5.26922e-07
5.29369e-07
3.64206e-07
1.73189e-06
4.95962e-06
2.23672e-07
1.68967e-07
7.55382e-07
2.83229e-06
5.35626e-07
1.11812e-06
6.28725e-07
1.67289e-06
1.37173e-06
7.74509e-07
6.98717e-07
2.87862e-06
9.21351e-07
4.86946e-07
5.87694e-07
4.54421e-07
1.43995e-06
1.12059e-06
2.66802e-06
2.91359e-06
1.59085e-07
1.16715e-06
8.9863e-06
2.8592e-06
6.93106e-07
5.23696e-07
1.44076e-06
5.75714e-07
6.26902e-08
3.38658e-06
4.13319e-06
3.37947e-06
9.60479e-07
1.04232e-06
7.43899e-06
2.96943e-06
1.3306e-06
1.41325e-06
5.53707e-07
7.4218e-07
5.65524e-07
1.05354e-06
2.33107e-06
8.06456e-07
6.07714e-06
1.4279e-07
1.00856e-06
1.56635e-06
3.4033e-05
1.98492e-07
6.33117e-07
1.77339e-06
5.93002e-07
1.5011e-06
1.55603e-06
1.10351e-06
1.02729e-06
7.59031e-07
1.07581e-06
4.12724e-08
4.8432e-07
9.47722e-07
1.07006e-06
1.03319e-07
1.66307e-07
1.80094e-06
5.97116e-07
4.92195e-07
2.1263e-06
1.59402e-06
4.76404e-07
8.98826e-07
1.94311e-06
8.53627e-07
9.71989e-07
8.79961e-07
5.65882e-05
2.22576e-06
1.17002e-06
1.37418e-06
1.19446e-06
1.01479e-06
2.09629e-06
8.34201e-07
5.15438e-08
1.10656e-06
7.54101e-07
1.69189e-06
2.92727e-07
2.84828e-07
1.05749e-06
3.50132e-05
6.92755e-08
1.00375e-06
1.25673e-06
1.16381e-06
7.82528e-07
4.20114e-05
6.03993e-07
1.04905e-06
3.48443e-05
2.21038e-06
1.08021e-06
1.00914e-06
2.59259e-05
2.78478e-07
1.10304e-06
2.48507e-06
1.70993e-06
1.44681e-07
1.63636e-06
8.19041e-07
1.15963e-06
2.51499e-05
6.1906e-05
1.84519e-06
1.76366e-07
1.56309e-07
1.76277e-06
2.68087e-06
5.8116e-08
1.10088e-06
4.13e-06
4.7789e-07
1.21968e-06
1.18851e-06
4.77664e-07
6.24925e-07
1.36211e-06
1.83907e-06
3.0958e-06
3.41428e-07
3.60334e-06
8.58024e-07
6.62416e-05
1.60843e-06
1.7177e-06
6.4493e-07
1.14826e-06
8.15046e-07
1.6017e-06
3.50671e-07
1.04122e-06
9.53078e-07
1.94891e-06
9.47766e-07
5.87554e-07
2.21509e-06
5.64049e-07
1.77871e-07
1.07366e-06
1.8071e-06
2.85103e-06
2.63063e-06
1.38166e-06
6.34774e-07
1.08412e-06
5.17782e-07
1.7526e-06
2.00207e-06
8.73658e-07
1.24818e-06
5.31967e-07
2.21861e-06
2.31275e-06
1.96296e-06
2.65146e-06
8.76674e-07
1.23275e-06
1.31647e-06
8.89445e-07
9.13105e-07
1.27754e-06
1.89998e-06
2.10054e-06
5.05744e-07
1.13852e-06
1.66053e-06
1.37247e-06
6.88413e-07
1.93395e-06
3.35323e-08
1.79912e-07
1.72068e-06
1.14323e-06
7.11062e-07
1.04312e-05
4.89028e-06
3.28745e-06
9.05035e-06
8.37028e-07
1.81943e-06
1.60787e-06
7.2855e-08
1.41338e-06
5.00878e-05
3.40129e-06
4.167e-07
7.21205e-07
8.53992e-07
1.28484e-06
1.26155e-06
1.29423e-06
3.2739e-06
1.53537e-06
1.15926e-05
4.47745e-06
2.97993e-06
2.86274e-07
2.2948e-06
2.59721e-06
1.13525e-05
1.1877e-06
2.94595e-06
1.38976e-09
4.24361e-08
1.88065e-06
5.78679e-06
3.52479e-07
2.40548e-06
6.46562e-12
7.94231e-07
5.13534e-07
2.3795e-06
1.99904e-06
4.8816e-05
9.85275e-08
5.98099e-07
8.92183e-07
1.38117e-06
1.30167e-06
9.46703e-07
6.68855e-07
8.93317e-07
2.64214e-06
2.81127e-06
1.98036e-06
2.03339e-06
3.87258e-07
1.99801e-07
3.43278e-06
3.93839e-06
3.01897e-06
1.49939e-06
1.23955e-06
1.65337e-06
4.1597e-06
5.26703e-09
1.10837e-07
5.14676e-07
1.30003e-06
3.61921e-06
9.46234e-07
1.57313e-06
7.6717e-07
1.14405e-06
9.80818e-08
7.31435e-07
8.56569e-07
9.93337e-07
1.91454e-06
3.38198e-07
3.02403e-07
6.98532e-07
1.90164e-06
1.62517e-07
8.00762e-07
1.4808e-06
9.34128e-07
1.39388e-06
1.19831e-06
1.72066e-06
2.43748e-06
2.48392e-06
1.13058e-06
1.0161e-06
9.437e-07
1.60856e-06
2.58081e-06
5.89562e-06
2.54259e-06
7.73856e-07
1.00861e-05
7.56811e-06
7.13572e-07
3.96405e-06
4.57285e-07
3.68458e-06
1.26805e-06
4.55486e-07
7.31369e-07
2.32637e-05
8.63802e-07
9.14909e-05
2.27536e-06
2.05617e-06
4.21213e-06
5.9988e-07
6.8016e-07
1.10911e-06
2.03694e-06
6.17791e-05
2.84529e-06
3.20539e-07
2.91388e-10
1.17201e-06
1.68554e-07
3.47298e-12
4.88157e-05
1.46858e-06
1.26166e-06
2.16666e-06
1.40261e-06
1.41836e-06
5.47638e-07
9.11602e-07
9.10844e-07
1.67485e-06
1.43405e-06
1.83074e-06
1.62748e-07
9.41903e-07
5.90687e-07
1.30907e-06
2.13084e-06
5.10597e-05
2.07909e-06
9.01324e-07
1.00146e-05
9.64959e-07
9.56373e-07
4.93453e-07
3.42428e-07
1.23301e-07
2.06255e-06
1.32937e-06
1.42428e-06
1.36295e-06
3.61151e-06
6.71315e-07
5.81221e-07
4.65795e-06
1.31528e-06
6.29999e-07
2.62442e-07
1.01797e-06
1.28476e-06
1.0243e-06
1.33306e-06
5.94499e-07
2.01451e-05
1.66918e-06
1.19764e-06
7.11384e-07
1.21285e-06
7.09574e-07
9.41787e-07
1.25608e-07
3.35205e-06
8.00794e-07
1.85521e-06
7.5575e-07
1.34355e-06
1.34888e-06
1.32022e-07
6.14801e-07
7.1747e-07
6.9457e-08
2.90233e-06
1.18738e-06
1.21192e-06
1.23863e-06
3.95974e-05
1.85414e-05
2.1838e-06
1.60802e-07
1.8973e-06
5.75822e-07
6.28526e-07
8.97395e-07
7.81711e-07
2.32511e-07
1.59209e-06
2.19391e-05
2.28536e-06
5.65265e-07
9.84512e-07
1.18702e-05
5.48624e-05
1.06068e-06
2.06873e-07
1.27398e-06
2.3306e-06
5.24701e-07
1.06788e-06
1.29057e-06
6.78987e-08
8.37797e-07
1.19253e-06
7.99098e-07
1.04182e-06
4.57319e-07
5.44014e-07
3.6101e-06
1.31497e-06
1.04909e-06
6.27617e-05
1.71066e-06
4.11505e-07
1.35032e-06
2.76967e-05
5.40927e-07
2.47333e-06
3.48539e-06
1.31196e-06
1.58143e-06
5.66584e-09
5.80557e-07
1.9028e-05
1.35427e-06
2.315e-05
1.43381e-06
7.12079e-07
5.64316e-07
2.17542e-07
2.4705e-06
1.61809e-06
2.09489e-06
2.9684e-05
1.59534e-06
1.72933e-06
1.30793e-06
7.33431e-07
1.01276e-06
3.54377e-06
4.55559e-06
5.10083e-05
1.42739e-06
1.68594e-06
6.91572e-07
8.67247e-07
7.04337e-07
1.7636e-06
1.50829e-06
9.60211e-07
5.8551e-07
7.97026e-07
1.59596e-06
4.50034e-07
1.78711e-06
1.48628e-06
6.69075e-07
9.8144e-07
3.61041e-06
7.12155e-08
8.21035e-07
6.25191e-07
1.69995e-06
1.44621e-06
1.40565e-06
4.50961e-05
3.53041e-07
9.75992e-07
6.0158e-07
1.08197e-06
5.6802e-07
1.49746e-06
2.77124e-07
6.21157e-07
1.09082e-06
5.41805e-06
1.68385e-06
1.78189e-07
2.30124e-07
1.19457e-06
1.74749e-06
1.11606e-06
2.72605e-05
7.06697e-07
7.33816e-06
1.3023e-06
1.50841e-06
2.38819e-06
1.67579e-06
1.54022e-06
6.96942e-05
6.79262e-07
2.81572e-07
2.27781e-05
4.29699e-05
1.2863e-07
7.02679e-05
5.26647e-07
1.41255e-06
2.16639e-08
1.51931e-06
1.25843e-06
1.131e-06
2.38615e-06
1.16681e-06
2.38658e-06
6.60554e-07
6.76933e-07
8.18505e-07
2.59604e-05
6.51037e-07
7.86907e-07
7.80382e-06
2.64752e-05
1.1674e-06
1.43448e-06
1.15461e-06
2.15544e-06
1.48733e-06
1.66964e-06
1.07815e-06
1.86453e-06
2.1284e-07
1.64286e-05
2.36387e-06
1.58146e-06
5.2655e-07
1.42226e-06
1.18484e-06
3.48874e-07
7.65619e-07
7.0205e-07
3.91517e-07
1.08106e-06
4.88953e-06
1.68833e-06
2.71611e-06
1.20024e-06
5.03933e-05
5.95679e-07
1.12909e-06
1.37881e-06
1.54136e-06
1.06046e-06
6.23062e-07
3.43085e-05
1.60572e-06
1.22604e-07
1.03376e-06
2.84792e-06
1.95526e-06
1.62408e-06
9.98063e-07
1.06216e-06
6.07221e-08
2.49418e-06
1.16775e-06
1.17231e-06
1.79825e-06
1.52926e-06
9.65442e-07
6.78079e-08
6.24076e-07
1.05123e-06
8.54858e-07
8.75385e-08
1.10925e-07
1.37241e-06
4.77746e-07
7.83028e-07
6.06426e-07
1.62465e-07
1.38936e-06
1.05037e-06
6.56322e-07
8.86028e-07
2.38166e-06
6.07479e-07
5.91805e-07
2.74246e-06
6.51786e-07
1.7352e-06
4.40806e-07
5.97745e-07
9.29447e-07
1.08753e-06
1.63309e-06
2.60073e-06
5.06041e-06
1.3682e-06
3.09452e-07
1.0898e-07
7.37794e-06
4.38634e-07
7.34688e-07
3.64729e-07
1.14847e-06
1.01341e-06
1.13007e-06
7.3408e-07
1.17245e-06
2.10287e-06
1.82477e-06
4.14067e-08
1.18143e-07
3.0459e-07
5.54648e-07
1.41025e-06
3.02272e-07
1.48372e-06
2.47487e-06
1.21719e-06
7.28864e-07
5.86365e-07
2.23843e-06
1.70164e-06
1.43824e-06
1.35543e-06
3.38865e-07
1.6331e-06
1.60815e-06
4.35114e-06
1.13283e-06
2.99331e-07
5.13057e-07
1.76061e-06
3.32628e-06
3.83819e-06
6.22499e-07
1.81111e-06
4.39755e-06
6.54019e-07
2.7529e-06
3.6198e-06
9.4565e-07
8.62573e-06
2.6635e-06
1.74108e-06
6.55886e-07
1.83608e-06
2.59208e-06
7.14531e-07
6.13813e-05
2.3487e-06
5.50232e-06
2.11763e-06
6.53053e-07
6.53513e-07
2.9322e-06
3.93338e-08
3.72525e-06
4.1999e-07
7.0697e-07
2.62142e-05
1.15383e-07
1.90883e-06
3.31039e-07
8.21195e-07
2.14175e-06
7.23742e-07
1.81833e-06
1.92522e-06
1.08087e-06
1.78387e-06
3.66891e-07
1.86116e-06
9.97688e-06
6.59611e-07
1.11503e-06
2.52759e-06
9.78515e-07
1.09083e-06
5.98866e-07
7.18433e-07
5.13815e-05
3.70055e-06
1.20717e-06
1.50863e-07
5.50438e-07
7.22674e-07
3.83665e-07
1.38255e-06
6.28166e-07
5.98869e-07
2.09356e-05
9.1332e-07
1.6163e-06
7.05953e-06
1.01961e-06
7.43516e-07
1.91642e-06
7.03667e-07
5.70044e-05
1.8589e-06
1.08201e-06
1.06798e-06
2.43984e-07
2.21645e-06
7.84086e-07
1.81956e-06
4.38263e-08
2.09209e-06
2.26798e-06
1.5989e-06
7.99794e-07
2.11799e-06
7.17531e-07
2.19756e-06
3.68944e-07
2.02349e-06
1.86986e-06
9.18879e-08
9.24541e-07
1.07287e-06
3.86952e-06
1.21094e-06
2.75127e-05
2.50923e-06
3.82968e-07
2.64253e-06
2.27842e-06
5.22203e-07
3.22727e-06
2.90823e-07
4.32945e-06
5.24527e-06
3.38234e-06
1.51581e-05
6.64722e-07
3.2491e-07
2.60617e-06
1.5554e-06
5.04378e-07
4.29267e-08
4.85958e-07
4.34414e-06
7.20922e-07
1.28955e-07
6.18926e-07
5.63991e-07
1.15762e-06
1.01213e-06
1.07516e-06
6.0951e-07
1.00005e-06
1.29767e-06
4.31918e-07
6.50494e-07
1.13962e-06
2.58154e-06
7.59238e-07
3.94243e-07
8.22808e-07
2.70534e-06
1.24107e-06
1.94784e-06
6.50332e-07
1.24521e-06
6.73076e-07
1.32367e-06
2.80048e-06
3.25586e-07
1.15814e-06
6.95036e-07
6.36801e-07
7.47408e-06
2.23966e-06
1.25017e-06
2.47405e-06
1.12128e-06
2.43907e-06
5.04688e-07
1.15065e-06
1.07741e-06
7.54388e-07
7.06921e-07
1.86627e-06
5.31397e-07
1.55511e-06
1.45051e-06
1.75314e-06
1.0213e-07
7.51497e-08
1.18133e-06
1.34152e-06
5.33183e-05
3.00802e-06
4.38402e-06
1.14868e-06
2.58795e-06
6.34758e-07
2.23516e-06
9.11203e-07
1.93931e-06
1.97304e-06
5.26987e-07
7.23565e-07
3.67323e-07
3.83492e-07
8.66626e-07
3.8345e-07
6.81287e-05
4.91593e-07
1.18411e-06
3.43346e-06
1.60183e-06
1.24032e-06
1.11738e-06
1.69041e-06
1.20663e-06
7.18054e-07
1.48392e-06
1.84016e-06
7.73774e-07
1.5179e-06
6.40327e-07
1.9514e-06
7.2695e-08
6.79865e-07
2.12712e-06
7.88869e-07
5.47898e-07
3.96086e-05
5.16728e-07
8.04033e-07
1.39884e-06
2.53357e-06
2.85559e-05
1.66003e-06
4.38742e-05
2.21232e-06
4.57131e-07
1.64324e-06
3.85245e-06
4.54157e-06
1.95283e-06
5.10189e-07
2.83937e-06
2.56248e-06
2.12232e-05
1.38532e-05
7.84024e-07
3.69243e-07
1.33649e-06
6.09326e-07
4.71481e-06
4.82938e-07
8.55639e-07
1.6606e-06
6.66442e-06
3.78251e-07
8.32043e-07
3.20807e-06
3.01919e-07
1.59981e-06
1.75957e-06
9.44671e-07
8.85595e-07
1.35718e-06
4.27739e-06
3.72256e-07
6.43526e-08
3.40234e-06
6.2624e-07
6.0418e-07
3.55647e-06
1.71362e-07
1.23182e-06
1.17822e-06
8.55149e-07
3.98535e-06
4.7911e-06
7.8836e-07
2.66956e-06
2.36682e-06
1.24528e-06
3.6632e-06
8.31022e-07
5.12129e-07
1.0311e-06
4.069e-06
4.43132e-06
1.16165e-06
6.78778e-07
2.35544e-06
5.18321e-07
2.71378e-06
9.67467e-07
9.67541e-08
2.18102e-06
1.70849e-06
2.42749e-06
7.61512e-07
2.72079e-07
1.13108e-06
8.57518e-07
8.19394e-07
1.2486e-06
6.40675e-08
2.05846e-06
1.45096e-06
2.6414e-06
2.20947e-06
5.50531e-05
1.03798e-06
2.27382e-06
1.6456e-06
2.28849e-05
1.06997e-06
2.67463e-06
4.73587e-07
1.17407e-08
4.55779e-06
2.21128e-06
6.0116e-07
3.61854e-07
8.78467e-08
2.68169e-06
1.11177e-06
2.18682e-06
4.3025e-07
1.44195e-06
4.11819e-07
3.99367e-06
1.38184e-06
2.40327e-06
3.53225e-05
3.78518e-06
7.18215e-07
4.56708e-07
1.3126e-07
3.08573e-06
5.23302e-07
3.38431e-06
2.38841e-06
1.79745e-07
2.5383e-06
6.97505e-06
8.18559e-07
1.26829e-06
1.53457e-05
1.10236e-06
2.90583e-07
1.23523e-06
1.14714e-06
9.13138e-07
1.24497e-07
1.70503e-07
1.42875e-06
6.7025e-07
8.01788e-06
7.0343e-07
9.36157e-07
5.75192e-07
1.22998e-06
1.54268e-06
1.07502e-06
4.89596e-07
1.62187e-08
3.97511e-06
2.02386e-06
1.29676e-06
7.23309e-07
3.52911e-06
4.12854e-05
7.77199e-07
3.71033e-06
1.00434e-06
7.38977e-07
2.65356e-06
7.36407e-07
7.82197e-07
3.50667e-07
6.81974e-07
1.37404e-06
2.37425e-06
1.67754e-06
6.08115e-05
1.10236e-06
3.53691e-06
2.69906e-07
2.09554e-07
6.69148e-07
2.20644e-06
1.09076e-05
8.43071e-07
1.23686e-06
1.41156e-06
6.0976e-07
2.56703e-06
2.74069e-06
5.28413e-05
8.52175e-07
1.01409e-06
2.72502e-06
5.74727e-07
1.33125e-06
1.67187e-07
6.69393e-05
5.08881e-06
9.71633e-08
4.07248e-06
2.54737e-07
9.75153e-08
3.61399e-05
1.92222e-05
5.38517e-05
1.38316e-07
4.61537e-06
8.63232e-07
8.24492e-07
2.59641e-06
6.7264e-07
6.33985e-05
1.55384e-06
6.02714e-07
7.59679e-07
8.5785e-08
1.3945e-05
1.00001e-06
1.51063e-06
2.22741e-06
3.36009e-06
3.85138e-06
4.96232e-06
1.82067e-05
2.46243e-06
1.56942e-05
1.60408e-06
2.27684e-06
6.92079e-07
2.44281e-05
1.25912e-06
5.63079e-07
2.2297e-06
5.90465e-07
7.824e-07
2.40208e-07
4.13678e-07
9.30173e-08
1.92551e-06
4.54751e-06
6.45754e-05
9.25797e-07
9.62383e-07
8.68572e-07
1.26918e-06
1.97544e-06
9.96244e-07
1.38346e-07
1.81975e-06
2.36133e-06
2.44216e-05
6.98133e-06
3.11103e-07
1.25211e-06
4.60321e-06
2.12309e-06
1.0781e-06
3.02326e-06
6.77952e-07
3.23135e-06
3.3686e-07
7.50366e-07
1.16441e-06
7.25466e-07
1.12962e-06
2.1679e-06
5.22663e-07
1.60799e-06
1.72974e-06
4.20815e-06
5.60796e-07
1.43294e-06
1.60554e-06
1.64781e-06
4.36747e-06
4.14899e-06
2.07541e-06
1.39846e-06
5.66207e-07
1.0369e-06
2.55417e-06
1.39268e-06
5.94771e-07
5.88818e-07
1.02955e-07
1.0211e-06
5.88297e-07
7.95906e-07
2.36153e-06
8.17241e-09
3.04921e-07
1.40091e-06
9.82793e-07
2.61667e-06
2.8506e-06
4.19376e-06
7.10477e-07
1.29744e-07
1.58837e-06
1.54594e-06
2.14456e-07
5.67993e-07
1.24239e-06
1.64599e-06
2.4764e-06
1.00694e-07
6.80451e-07
1.59917e-06
5.18875e-06
4.62422e-07
6.65664e-08
8.55569e-07
1.38466e-06
1.51479e-06
4.55507e-07
2.98168e-07
2.17456e-06
1.12673e-06
1.87349e-06
1.01304e-06
1.70392e-05
1.96332e-06
1.88034e-06
1.13592e-06
5.99769e-06
2.03858e-06
5.19576e-05
7.18579e-07
1.80406e-06
1.33967e-06
8.57042e-07
3.54289e-06
4.31968e-06
4.47371e-06
9.70885e-07
1.13438e-05
1.64721e-06
2.12334e-06
1.53578e-06
9.43053e-07
6.43217e-06
1.00667e-06
2.43461e-06
2.03674e-06
2.92928e-06
2.73082e-06
1.03909e-06
7.86079e-07
3.05733e-08
9.53572e-07
8.35182e-07
2.91214e-07
1.64098e-06
1.04746e-06
4.61111e-06
7.0221e-07
6.11913e-07
2.6863e-06
3.59632e-07
1.68146e-06
4.69115e-06
6.62291e-07
1.78329e-06
1.07638e-06
1.43884e-05
2.6152e-06
6.77444e-07
2.27893e-06
2.41737e-05
4.67661e-05
1.14502e-06
1.34737e-05
1.09162e-06
3.17034e-08
3.80478e-06
7.98221e-07
2.17874e-06
4.17512e-06
1.34936e-06
2.61585e-06
7.40573e-07
2.16222e-06
5.32879e-05
4.26674e-06
2.49923e-06
1.00521e-06
6.6291e-07
7.04901e-07
5.13322e-07
1.1669e-06
6.39165e-06
3.54966e-06
2.1217e-06
1.03185e-06
7.02862e-06
2.16604e-06
2.37382e-07
1.01343e-06
1.11141e-06
1.50066e-06
3.90805e-06
7.95354e-07
1.32091e-06
1.19447e-06
1.82634e-06
1.45796e-06
1.50116e-06
6.55015e-05
2.20954e-06
4.08815e-06
1.7331e-06
1.21729e-06
2.22849e-06
4.02083e-08
3.9411e-05
3.10059e-06
6.12125e-07
1.21424e-06
3.50067e-05
3.21118e-05
9.33314e-08
2.12384e-06
2.39118e-06
6.29495e-07
1.31447e-06
6.034e-07
1.53978e-05
2.89805e-07
1.46729e-06
1.73122e-06
9.56006e-07
2.7619e-06
6.17436e-07
7.09728e-07
1.55869e-06
1.1453e-06
4.24066e-06
1.85014e-06
4.92112e-07
4.80236e-06
3.81871e-07
1.51571e-06
4.21035e-07
1.682e-07
4.52171e-07
4.39133e-06
2.887e-08
6.36638e-07
8.16583e-07
8.04006e-07
9.02479e-06
1.41039e-06
7.36243e-08
1.15034e-06
2.92363e-07
1.23733e-06
7.61364e-07
7.3428e-06
1.41878e-06
1.68428e-06
3.26083e-06
1.20878e-06
1.68053e-07
1.67627e-06
2.61079e-06
1.94994e-05
1.16308e-06
2.96118e-06
2.82358e-07
4.70796e-06
2.81358e-06
1.41848e-06
9.70377e-07
2.75359e-07
1.31767e-06
1.17512e-06
9.91934e-07
1.22954e-06
1.18863e-06
7.729e-07
1.94877e-06
1.53451e-06
1.5733e-06
1.65742e-06
2.00666e-06
1.46531e-06
2.13861e-06
1.23549e-06
2.41338e-07
1.11535e-06
2.09617e-06
4.32865e-05
1.36488e-06
6.02202e-07
2.45194e-06
1.62799e-06
1.5142e-06
7.31363e-07
3.4799e-06
1.01744e-06
9.03274e-07
1.51933e-06
5.10096e-07
1.45507e-06
8.76998e-07
1.16149e-06
3.28584e-07
3.17036e-06
2.98397e-06
4.15357e-06
1.46086e-06
1.18027e-06
7.27101e-07
1.21162e-06
8.66645e-07
2.63728e-06
1.75836e-06
1.05473e-06
2.20554e-06
6.44045e-07
2.1691e-06
2.05873e-07
1.74893e-07
4.87935e-06
9.09362e-07
7.23788e-07
6.60221e-07
1.81156e-06
4.17255e-06
1.29458e-06
5.53474e-06
4.91499e-07
2.32114e-06
4.09492e-08
7.6438e-07
7.41336e-06
5.38107e-06
1.93334e-06
7.10793e-07
1.61229e-06
1.33239e-06
3.4893e-06
9.40333e-07
8.7942e-07
1.24047e-06
8.17803e-07
2.14695e-06
5.03355e-05
1.76639e-05
7.00763e-07
1.94005e-06
1.31238e-06
1.09425e-05
8.41854e-07
3.36318e-06
6.61511e-07
1.0525e-06
1.03371e-07
2.80189e-06
4.05122e-05
7.93337e-06
3.54911e-06
2.1317e-07
3.36517e-05
6.1697e-07
1.57066e-05
2.6419e-06
3.66354e-06
8.30621e-07
1.27209e-06
6.31346e-05
1.8056e-06
1.98883e-07
1.09473e-06
3.50181e-06
1.34153e-06
1.12825e-06
1.1092e-06
7.05001e-07
1.14779e-07
1.83532e-06
3.01329e-06
1.86043e-06
7.23749e-07
1.39922e-06
8.60336e-07
4.62992e-05
5.06722e-06
5.84933e-07
7.77229e-06
9.6907e-07
3.74508e-06
6.67564e-08
8.10578e-06
1.1698e-06
1.44883e-06
1.1628e-06
3.8232e-07
4.54857e-05
1.66027e-06
5.71792e-07
2.0499e-06
3.42578e-07
1.06719e-07
1.68475e-06
2.59857e-07
1.4141e-06
5.52399e-06
7.47852e-07
1.50257e-06
3.25032e-07
1.29368e-06
1.30003e-06
9.03146e-07
2.41399e-06
1.21148e-06
5.65467e-06
1.99449e-06
1.03295e-06
4.64431e-07
2.81388e-07
1.33783e-06
5.066e-05
9.8209e-07
3.72603e-06
1.48429e-06
8.94828e-07
1.64148e-07
1.61453e-07
3.83038e-07
9.33773e-07
1.82576e-08
1.43653e-06
1.71326e-06
1.03862e-06
7.64556e-07
7.1883e-07
1.01078e-06
1.53572e-06
2.26347e-06
2.80422e-06
1.65092e-06
9.33027e-07
1.15036e-06
6.81889e-06
1.72246e-06
2.62904e-06
4.88058e-05
3.90196e-06
6.40803e-07
6.0268e-06
7.41572e-08
4.63205e-06
1.01572e-06
7.37525e-07
4.36495e-06
7.32392e-06
1.06995e-06
1.63958e-06
5.15098e-06
2.55109e-06
4.67415e-06
1.24115e-06
1.74716e-08
5.30952e-05
1.59838e-06
1.40221e-06
2.88298e-06
7.61116e-07
9.99406e-07
1.49916e-06
1.20623e-06
1.54162e-06
1.03421e-06
7.28368e-07
2.85841e-06
1.80674e-08
1.06494e-06
8.83001e-07
6.14008e-07
1.16252e-06
3.46116e-07
8.18746e-07
2.50569e-06
3.98604e-06
1.55038e-06
6.24947e-08
1.51434e-06
2.23444e-06
3.13974e-06
3.38601e-07
6.47712e-07
1.829e-07
1.80141e-06
1.5407e-06
1.61734e-06
7.23946e-07
1.51302e-06
2.13806e-06
1.01753e-06
7.06414e-07
1.38429e-06
9.51417e-07
2.30424e-06
1.43553e-06
2.20008e-06
6.70993e-07
6.77938e-06
1.01509e-06
3.33251e-06
1.09079e-06
6.72466e-08
1.58124e-08
5.34657e-05
1.58964e-05
1.71938e-08
2.2993e-06
1.41254e-06
2.32436e-06
1.89695e-06
1.71994e-06
2.67676e-06
1.76465e-06
2.53309e-06
1.34646e-06
1.23262e-06
2.9177e-05
8.29176e-07
2.88657e-06
1.82224e-06
3.8966e-07
1.40725e-06
2.14509e-07
3.89201e-06
6.44421e-05
1.85534e-06
4.01409e-05
1.78148e-05
1.8101e-06
7.52731e-08
3.52362e-06
4.5764e-06
8.15543e-07
1.40244e-06
5.19018e-06
3.85196e-07
2.42836e-06
2.40321e-06
4.89444e-06
1.11714e-06
3.42469e-06
1.88988e-06
1.05394e-07
2.06717e-05
4.72304e-06
3.97767e-07
1.58449e-06
4.9426e-07
6.07562e-05
4.02623e-06
6.65957e-07
3.25085e-06
2.0013e-07
1.38292e-05
1.05246e-06
7.71715e-08
2.4066e-07
2.12761e-06
3.26854e-05
1.78509e-07
6.81294e-07
4.53929e-05
2.58051e-06
6.48472e-07
5.66298e-07
1.65052e-06
3.62421e-06
1.09303e-06
7.02514e-07
9.00725e-08
2.84603e-07
6.77112e-07
3.89368e-07
1.19026e-05
2.94768e-07
8.01907e-06
1.02247e-07
6.98459e-06
3.60781e-06
3.50702e-06
4.14999e-07
5.08239e-06
5.83742e-06
6.9943e-06
8.92946e-08
1.10334e-07
4.70759e-06
5.17205e-05
4.2663e-06
7.27503e-07
5.57389e-07
1.11834e-06
8.98105e-07
3.02917e-08
5.24364e-06
8.74168e-07
1.18055e-06
1.11066e-06
3.64009e-07
2.57811e-07
4.70419e-06
4.13352e-06
1.47472e-05
2.93412e-05
7.25007e-07
8.72469e-07
1.85352e-06
1.05507e-06
1.72908e-06
2.35722e-07
1.76095e-06
2.39599e-07
7.7593e-06
4.33447e-06
1.06379e-06
1.04568e-07
2.1387e-06
2.8911e-06
2.26995e-06
4.89489e-07
9.25476e-07
3.20397e-05
1.21632e-06
4.83643e-08
2.39135e-07
1.10988e-06
2.79622e-06
1.46556e-06
3.20188e-07
4.42412e-07
1.63997e-06
2.13442e-06
3.58074e-06
1.82203e-06
4.09612e-06
2.64265e-06
9.06195e-07
5.43651e-07
2.60559e-06
4.21236e-07
6.08752e-07
3.05902e-05
3.6989e-06
7.81691e-07
7.51454e-07
2.3344e-06
1.18451e-06
1.14513e-06
1.87909e-06
1.32357e-06
2.13633e-06
3.73623e-06
4.71285e-08
1.78488e-06
5.17743e-07
5.6812e-07
2.55817e-05
6.11187e-07
2.47205e-06
5.63497e-07
4.91456e-07
5.63682e-06
9.14528e-07
1.94405e-06
3.37085e-07
1.12358e-06
2.18527e-05
8.6981e-07
2.31951e-06
3.82677e-05
1.24154e-06
6.01503e-07
4.88684e-05
1.27832e-07
1.95393e-06
3.5192e-07
5.08337e-07
2.46567e-07
6.59563e-07
2.27021e-06
1.62285e-06
4.40175e-06
1.96244e-06
8.83211e-06
1.17772e-06
1.39052e-06
1.29803e-06
1.3507e-06
6.85958e-08
1.35763e-07
2.06102e-06
1.58111e-06
5.90314e-07
2.1114e-06
4.32915e-07
2.63677e-06
3.88773e-06
1.18044e-06
2.16822e-06
1.95128e-06
2.00485e-06
6.6073e-06
4.71162e-06
2.23217e-06
4.11239e-06
3.47042e-05
4.02434e-06
2.0057e-06
2.15367e-06
1.71929e-06
9.22783e-07
1.35245e-06
2.38597e-06
4.784e-05
1.07075e-06
1.10952e-06
8.12734e-07
1.48646e-06
3.79389e-06
1.49545e-06
2.74713e-07
1.61361e-06
1.09805e-06
6.15745e-07
2.4039e-06
2.31618e-07
4.6671e-06
7.86465e-07
1.01484e-06
3.13091e-07
1.31387e-06
1.30574e-06
1.77285e-06
4.05332e-06
7.05409e-07
2.68428e-06
1.12726e-05
1.58381e-06
4.05286e-06
4.24088e-06
5.51814e-07
9.31508e-07
1.18493e-06
6.51591e-08
1.91717e-06
1.6026e-06
3.68034e-06
1.35696e-06
3.11907e-07
1.3614e-06
6.26443e-07
2.14659e-05
1.21312e-06
4.86062e-06
3.43057e-05
1.33624e-06
1.13286e-06
9.13435e-06
5.0858e-06
6.44131e-06
4.02218e-06
9.87247e-07
2.44107e-06
5.25879e-07
1.30172e-06
2.78015e-06
4.78012e-06
1.3961e-06
1.23691e-06
5.08127e-06
2.9363e-06
6.23532e-07
6.051e-06
1.34126e-06
1.24028e-06
1.13792e-06
2.63222e-06
9.54599e-07
4.6354e-06
3.48435e-07
3.70057e-06
4.54535e-06
1.25053e-06
7.13134e-07
1.58836e-06
3.46806e-06
1.78596e-06
1.86094e-06
1.01701e-06
7.21017e-07
2.23395e-06
1.48424e-06
1.90133e-06
1.56958e-06
1.25467e-07
1.11673e-05
3.23012e-06
2.34618e-12
3.01606e-06
2.73524e-06
6.72518e-07
1.25775e-06
4.32431e-06
1.46543e-06
1.37774e-07
4.58393e-07
2.72349e-06
1.36455e-06
4.95109e-06
1.13656e-06
1.40143e-07
4.11528e-06
1.33408e-06
1.89096e-06
1.38882e-06
9.05787e-07
8.4244e-07
1.64585e-06
1.82781e-06
5.55235e-06
1.37995e-06
2.79027e-06
4.40856e-07
1.04778e-07
1.0637e-06
2.03813e-06
2.56824e-06
1.95627e-06
1.49372e-06
7.77222e-07
5.74873e-07
3.74273e-05
6.23593e-07
1.83966e-06
1.3481e-06
1.3315e-06
2.56055e-06
1.80511e-06
4.57684e-06
3.78643e-06
1.24388e-06
7.41142e-06
5.9768e-07
8.47202e-07
3.02797e-06
5.03351e-06
4.70572e-07
2.4156e-07
1.88394e-06
5.91097e-08
8.37185e-07
4.59201e-06
1.80373e-06
2.01833e-06
2.49308e-06
4.40074e-06
9.91584e-07
2.19636e-06
3.35131e-06
9.33539e-07
1.1055e-07
1.48173e-06
7.65121e-07
4.58791e-06
2.96007e-06
2.08703e-06
1.62265e-05
4.28026e-06
1.30343e-06
4.23e-06
3.98205e-05
4.46753e-06
1.27375e-06
1.98863e-06
1.5513e-06
4.17903e-06
4.00782e-06
8.15554e-07
5.03751e-07
8.77853e-07
8.07857e-07
1.11002e-06
2.8119e-06
2.70873e-06
1.4994e-05
7.82259e-07
6.74725e-07
2.35414e-05
2.94512e-06
2.51818e-07
1.51559e-06
7.07814e-07
3.54264e-05
5.98907e-08
1.51058e-06
4.82344e-06
1.82266e-06
6.97036e-05
8.59325e-08
3.33435e-06
5.12076e-07
1.31935e-07
1.21692e-06
2.11635e-06
2.23605e-05
1.96708e-06
2.1964e-06
3.53032e-06
4.04759e-06
4.29419e-07
9.55728e-07
1.20841e-05
9.80289e-06
1.88005e-08
2.52913e-06
2.31805e-06
2.99052e-07
2.56952e-06
1.52108e-06
3.37266e-06
2.80882e-07
5.78415e-07
9.50113e-06
1.02994e-06
2.6452e-06
6.64786e-07
1.00153e-06
2.98624e-05
1.55136e-06
2.16948e-06
3.73628e-05
3.53659e-05
6.87055e-07
4.41316e-06
9.75881e-07
4.05889e-06
9.55159e-07
4.24808e-06
1.09137e-06
3.9968e-06
1.46558e-05
1.58454e-06
1.34423e-06
9.0821e-06
1.30488e-06
9.4114e-07
4.89842e-07
7.43635e-07
1.4704e-06
3.80387e-05
5.64538e-07
1.9348e-05
6.10166e-07
7.5082e-06
5.30221e-06
1.61768e-06
5.31434e-07
2.06489e-05
1.75789e-07
4.42397e-06
8.04616e-06
5.86565e-07
1.1433e-07
4.5497e-06
1.88407e-06
1.0082e-06
9.41201e-06
8.4949e-07
1.76851e-06
1.65168e-06
1.37703e-06
3.14078e-06
2.64921e-05
6.77914e-07
8.29595e-07
1.68321e-06
2.5908e-06
5.22149e-06
1.12718e-06
9.45672e-07
1.25046e-06
1.32974e-06
5.27217e-07
1.43602e-06
2.14304e-06
2.7084e-05
6.97107e-07
1.44761e-06
2.55035e-07
2.58719e-06
2.30043e-06
1.45334e-06
3.29414e-06
3.58371e-06
4.19003e-07
3.16426e-06
1.41619e-06
8.77413e-07
5.6843e-06
2.67852e-06
1.1065e-06
4.12188e-06
1.78241e-06
1.30062e-06
2.14007e-06
8.74075e-06
1.28622e-06
8.3987e-07
1.30429e-06
2.38428e-06
1.63278e-06
1.52482e-06
1.62243e-07
2.71114e-06
2.83424e-06
8.68238e-07
8.14131e-07
8.50432e-07
2.27949e-06
2.7729e-07
4.92281e-06
5.35002e-06
9.71635e-07
1.30733e-06
1.22292e-07
1.61784e-06
1.1033e-06
5.63896e-06
2.6878e-06
3.6639e-06
2.39178e-06
8.35071e-07
1.79969e-06
2.81035e-06
1.31398e-06
2.11483e-07
2.94814e-05
1.40992e-06
2.59721e-06
3.03105e-06
1.00334e-06
2.60624e-07
1.21854e-05
2.58384e-07
3.57736e-06
9.18988e-07
1.23845e-06
1.01566e-06
3.09632e-06
2.43263e-06
6.33009e-08
5.91099e-07
3.01765e-06
8.02547e-07
9.93133e-07
1.38053e-06
6.87093e-07
7.36889e-06
8.04532e-06
4.91035e-06
2.92683e-06
1.02392e-06
1.29602e-06
4.00614e-06
2.44992e-06
1.25438e-05
1.55362e-06
6.11158e-06
1.71157e-06
5.7879e-06
5.10737e-07
1.50498e-06
8.4718e-07
1.59255e-05
6.65439e-07
2.15158e-06
4.57398e-07
2.79449e-06
2.91057e-06
1.84041e-06
3.99318e-06
1.92623e-05
7.0106e-07
1.20383e-07
1.04444e-06
3.48756e-06
3.03612e-05
8.65023e-07
7.9987e-08
2.83423e-06
8.73356e-06
2.98183e-07
1.17621e-06
9.26531e-07
2.40415e-06
7.85842e-08
7.99761e-06
2.23715e-05
4.35969e-07
3.38484e-07
5.45321e-06
1.48398e-06
6.86507e-07
2.61392e-06
2.19658e-06
1.94278e-06
1.5799e-06
4.86372e-06
1.41844e-06
1.48108e-06
1.40114e-06
3.46361e-06
3.74744e-07
1.8743e-06
1.55062e-06
9.18159e-08
1.15603e-06
9.25834e-07
7.76416e-08
1.71089e-06
1.08715e-07
4.59961e-07
1.58848e-06
2.4188e-06
8.89019e-07
2.57404e-06
3.89548e-07
2.56251e-06
3.18656e-07
2.07794e-06
1.56787e-06
1.16186e-06
3.27854e-07
8.53382e-07
1.0194e-07
1.1006e-06
4.36121e-06
6.70247e-07
2.97203e-06
1.21345e-06
4.06143e-06
4.75672e-08
7.68221e-07
1.96326e-07
1.67201e-05
4.55627e-06
2.72693e-06
1.73548e-06
1.71071e-06
2.68656e-06
3.04567e-07
7.22048e-06
1.35074e-07
1.78565e-06
8.8978e-07
1.83142e-05
1.26534e-06
8.79538e-07
5.79626e-07
4.74302e-06
8.63565e-07
7.52508e-06
2.47449e-06
2.60357e-07
2.65437e-06
5.65876e-05
7.62897e-07
2.34291e-05
3.40816e-05
1.38604e-08
9.70618e-07
4.32947e-06
2.28468e-05
2.13526e-06
3.4751e-05
1.69921e-05
1.02488e-05
2.26248e-06
4.79944e-05
3.54709e-06
2.24485e-05
1.65646e-05
4.95057e-06
6.52698e-06
8.64756e-06
1.72215e-05
4.12625e-06
7.79898e-06
2.56695e-06
2.63384e-06
2.40775e-06
9.2379e-06
4.95038e-05
3.07483e-06
2.99912e-07
6.85022e-05
3.06252e-05
9.00815e-06
1.72079e-08
2.41284e-06
2.05392e-06
2.66267e-06
1.32757e-06
1.73154e-07
6.2111e-06
2.88798e-07
2.96557e-06
9.18399e-06
7.19303e-06
1.08257e-06
7.84448e-07
1.19661e-06
5.24003e-06
1.55331e-06
5.97836e-07
3.34206e-06
2.81597e-07
4.69875e-05
5.51013e-07
2.13307e-05
5.4048e-07
6.94632e-06
1.09873e-06
1.82723e-06
5.2049e-06
2.9511e-05
6.85908e-07
4.41307e-07
6.87819e-07
1.44586e-05
1.18731e-05
8.74091e-07
7.57626e-07
4.75098e-07
1.1738e-05
3.22502e-05
2.84033e-07
6.40615e-07
2.04201e-06
2.58358e-06
4.35056e-06
5.61106e-06
3.80651e-06
1.43074e-06
1.4564e-05
8.14886e-07
8.61602e-07
2.45343e-06
8.59937e-06
3.44923e-06
1.85131e-06
1.65916e-05
1.98543e-06
2.42927e-05
1.23666e-06
2.8491e-05
2.16552e-06
1.10494e-07
3.74181e-06
1.18384e-07
2.07467e-06
7.47005e-07
8.54224e-07
9.78574e-07
1.84605e-09
2.03275e-07
9.8699e-07
5.57876e-06
1.57165e-06
1.46318e-05
7.19837e-06
3.91781e-06
1.02671e-05
3.18444e-05
3.01202e-07
1.33085e-06
1.04617e-05
9.00185e-07
6.58984e-07
1.48708e-06
7.26086e-08
2.27717e-06
1.32133e-06
1.52783e-06
1.91674e-05
1.19718e-06
3.0114e-06
8.47824e-07
8.47361e-07
4.65317e-07
3.40026e-06
2.23846e-06
3.75971e-06
1.05044e-06
1.8345e-06
1.09879e-07
1.99699e-05
5.08197e-06
3.22823e-07
4.05883e-07
1.12644e-06
1.73631e-06
2.26763e-06
1.19807e-06
1.97999e-06
8.46892e-07
9.58967e-07
1.78169e-06
1.62511e-06
1.91771e-06
1.64604e-06
1.17347e-07
4.29715e-12
1.67022e-06
1.70665e-06
3.22199e-05
3.45613e-06
1.16199e-05
5.31161e-06
1.39885e-06
1.54447e-06
2.04575e-06
2.9557e-06
1.47054e-06
8.13263e-06
1.78399e-06
1.09291e-06
7.24196e-07
1.40333e-06
7.17277e-08
1.879e-06
1.20193e-06
1.64995e-05
1.62378e-06
2.7703e-06
1.50872e-06
1.6171e-06
1.53723e-06
2.86504e-07
1.27745e-05
1.26865e-06
3.52885e-07
1.22016e-06
1.80509e-05
5.45716e-06
1.31618e-05
1.93446e-08
7.39841e-06
7.08601e-06
7.52166e-07
1.7162e-06
1.34721e-06
2.58063e-08
9.43192e-07
9.12529e-07
1.3538e-06
2.09419e-06
3.36075e-07
7.33674e-08
3.32119e-06
1.8629e-06
5.73155e-06
2.50432e-06
5.0159e-06
2.30156e-07
6.24095e-06
2.53266e-06
2.90185e-06
7.65507e-06
9.19196e-06
2.28255e-05
5.51442e-07
1.86527e-06
4.95038e-07
1.21927e-05
4.81681e-07
2.86229e-06
2.4176e-07
6.46101e-07
9.60956e-07
1.5125e-06
1.20502e-06
1.94133e-06
5.12626e-07
1.12144e-05
8.97117e-07
1.72047e-05
1.50353e-05
2.0009e-07
1.71701e-07
2.91907e-05
2.37438e-06
5.89102e-06
1.47738e-05
8.93697e-07
1.1927e-05
1.29636e-05
4.88757e-06
4.73757e-08
2.24366e-06
8.99942e-07
7.03042e-06
8.89944e-07
3.04468e-06
2.07064e-06
7.54717e-06
5.06526e-05
2.52765e-07
6.10562e-06
8.01855e-07
7.87757e-07
1.30654e-05
2.09637e-06
3.50668e-06
1.64153e-07
4.35527e-07
4.9421e-06
1.38187e-05
1.04533e-06
3.18474e-07
6.3248e-06
6.29374e-07
4.50719e-07
6.86593e-06
6.19861e-06
8.91829e-07
6.28111e-07
1.39077e-06
1.36963e-06
8.20075e-07
3.54942e-06
1.96877e-06
1.02808e-05
7.41173e-08
3.68181e-06
5.37098e-06
4.06353e-06
4.02636e-06
6.31722e-06
4.34742e-08
1.90598e-06
1.93457e-06
3.36687e-06
7.49046e-06
1.73252e-07
7.75248e-06
6.77227e-07
4.22133e-06
1.60217e-06
6.63767e-06
3.56811e-06
9.19911e-07
4.01185e-06
8.87e-07
8.23021e-07
1.56232e-06
1.35637e-06
1.86249e-06
3.21029e-06
7.74646e-06
3.14104e-07
2.96652e-06
9.02039e-06
2.08718e-06
2.1497e-06
1.60194e-06
4.47363e-06
4.10184e-06
9.53501e-06
3.28551e-05
8.42247e-07
4.04493e-07
1.54081e-05
2.71026e-06
4.17281e-06
1.38109e-06
1.42882e-06
3.22457e-05
2.54774e-05
3.65382e-06
5.89711e-07
3.40708e-06
2.22986e-06
6.96191e-07
7.99147e-06
6.74957e-06
1.20442e-05
7.61777e-06
1.05061e-06
1.1828e-06
1.63436e-06
1.18216e-06
1.92827e-06
1.61971e-07
4.40951e-06
1.09452e-06
3.82512e-06
9.93885e-07
1.9754e-05
4.7829e-06
1.0946e-05
8.93997e-06
2.87662e-07
2.13018e-06
4.04892e-06
3.01527e-05
3.01258e-05
7.06412e-06
2.37972e-06
7.66367e-06
2.17106e-06
3.71953e-06
5.70704e-07
6.28133e-07
7.06097e-06
8.06577e-07
2.47742e-05
3.753e-06
8.07295e-06
3.53173e-06
8.54584e-07
2.11023e-06
1.22873e-06
8.39186e-06
9.44599e-07
1.10839e-05
7.51398e-06
4.27616e-05
1.04923e-06
6.92419e-07
4.51507e-07
1.33618e-07
1.35347e-06
2.58356e-05
4.63033e-05
1.75706e-06
2.85822e-06
2.36817e-07
1.90743e-06
1.51491e-06
3.03162e-06
5.42679e-07
2.66577e-08
1.14457e-05
7.90817e-06
7.56298e-06
7.31601e-06
1.87512e-06
1.07437e-05
6.80136e-08
1.32283e-06
3.65422e-06
7.48497e-07
2.66277e-06
4.72007e-07
3.917e-05
5.82823e-07
3.78359e-07
4.54188e-05
1.04119e-05
3.44935e-06
3.72741e-06
8.83752e-06
9.70906e-06
7.89111e-07
7.16985e-07
3.78182e-05
9.02449e-06
4.88162e-07
8.32947e-06
1.5731e-05
4.37795e-06
1.45343e-07
1.60715e-06
1.97812e-06
2.08845e-06
1.38205e-05
1.06726e-06
9.71061e-06
3.46694e-06
4.04981e-06
2.38648e-06
8.27883e-07
4.52688e-06
2.05292e-06
9.54504e-06
5.45594e-06
2.89972e-05
2.5415e-06
2.09233e-06
2.45448e-06
9.53879e-06
2.1493e-05
4.37932e-06
1.75991e-05
3.51629e-06
7.87899e-07
1.27379e-05
2.48357e-06
6.19828e-06
1.02182e-05
6.44425e-06
2.91216e-06
8.02085e-07
9.59725e-06
1.31114e-06
1.36134e-06
2.07275e-06
6.24646e-07
1.8259e-06
6.12129e-07
1.4128e-06
1.24635e-05
8.53094e-06
1.02362e-05
1.00155e-06
5.9166e-07
1.69556e-05
1.58692e-05
7.10713e-08
2.25689e-06
1.26369e-06
2.82177e-06
1.15577e-05
1.3098e-07
1.51476e-06
3.40421e-07
2.93776e-05
6.01396e-06
2.173e-06
1.82593e-06
1.14835e-05
5.74452e-06
2.09527e-06
5.67807e-06
1.21486e-07
6.76341e-06
2.33513e-06
5.23068e-06
6.81669e-06
6.02045e-06
2.92851e-06
1.79283e-06
1.43701e-07
1.23133e-06
5.93134e-06
7.21938e-06
3.12834e-07
1.11233e-05
2.73274e-06
7.18143e-06
2.11102e-05
1.01207e-05
5.81374e-05
5.19888e-07
5.98735e-07
1.46042e-06
1.21793e-06
3.0237e-07
1.54274e-06
1.61796e-05
2.7018e-06
2.52535e-06
1.74124e-07
2.62846e-06
4.28373e-06
3.59548e-05
4.41419e-06
1.09676e-05
7.13575e-07
1.07069e-06
1.22361e-06
7.88279e-07
2.93355e-06
1.93768e-05
1.2462e-05
1.1893e-05
6.05861e-06
3.7062e-05
1.60816e-06
5.00418e-07
1.28294e-06
1.38188e-05
3.82197e-08
3.37021e-06
2.41542e-06
2.33223e-07
6.22939e-06
2.57143e-06
1.0106e-05
6.23242e-05
6.12753e-07
1.00355e-09
4.48003e-11
1.37103e-05
4.66699e-06
4.23153e-07
6.64292e-07
1.49177e-05
1.81407e-05
1.18557e-06
3.40652e-06
1.84899e-05
6.798e-07
2.60227e-06
3.67594e-06
7.96046e-07
9.84663e-07
3.28808e-05
9.92789e-07
7.23031e-08
1.7183e-05
6.41543e-06
4.19014e-06
2.35466e-06
2.16617e-07
7.54949e-06
6.65324e-06
8.44616e-07
3.29778e-06
9.41203e-06
1.47239e-06
5.48136e-06
9.46251e-07
5.05724e-06
1.82162e-06
4.92061e-06
1.6475e-05
1.09684e-06
4.53217e-06
2.37789e-06
2.54643e-05
1.46498e-06
8.90437e-07
1.17002e-06
1.11821e-06
9.41401e-07
3.63252e-05
1.266e-06
6.5735e-06
2.52585e-06
1.35423e-07
5.46457e-07
3.76675e-07
2.45133e-06
1.11722e-05
9.54343e-08
2.04109e-06
5.15676e-06
1.03482e-05
2.46614e-06
6.05629e-06
2.73088e-05
1.65463e-06
3.61206e-06
4.13637e-08
3.5959e-06
1.93154e-05
6.97686e-06
2.4475e-06
6.66487e-06
4.06981e-06
4.4745e-07
1.2893e-06
1.4761e-06
6.42869e-06
6.77187e-07
7.31873e-06
1.25821e-06
1.2105e-06
5.94863e-05
5.44255e-05
9.80239e-07
1.99967e-05
4.73091e-05
5.20103e-07
6.96908e-06
4.99766e-06
8.92511e-07
8.23976e-06
1.23607e-06
3.69937e-06
7.27562e-06
4.93024e-05
4.19182e-06
7.64513e-06
1.31842e-06
7.2651e-06
3.64018e-05
2.61293e-06
7.39942e-06
5.65521e-07
1.63728e-06
9.06661e-07
2.01429e-06
6.51135e-07
2.17965e-05
3.38047e-07
1.61719e-06
9.20661e-06
2.51458e-06
4.74808e-07
7.82312e-06
7.72058e-06
4.33404e-06
7.33322e-07
1.61661e-06
3.91591e-06
1.09166e-06
2.14887e-08
1.24584e-06
1.19221e-06
7.53364e-07
4.39882e-06
6.92796e-07
8.76111e-06
1.34979e-06
8.21825e-06
1.53218e-05
8.15112e-06
8.04814e-06
4.68632e-05
8.51951e-07
4.10317e-06
5.57315e-05
1.86394e-06
7.65382e-06
1.69836e-06
8.62596e-06
4.46424e-05
7.53944e-06
2.79645e-05
7.36534e-07
4.21004e-06
5.11335e-07
1.98239e-06
1.48674e-06
2.26033e-06
9.4549e-06
7.4015e-06
1.88838e-06
3.44615e-06
1.75469e-06
1.82807e-06
8.48933e-06
1.10836e-06
3.04032e-07
6.23467e-07
4.62945e-07
2.05226e-06
8.76309e-07
1.72353e-06
2.27379e-06
1.26125e-06
1.13311e-06
5.74841e-06
2.59172e-06
9.17844e-06
2.29316e-06
1.07445e-06
9.18679e-06
7.54613e-06
5.67726e-07
9.2258e-06
8.93253e-06
5.68447e-06
2.15789e-05
1.47153e-05
2.7023e-07
7.92557e-06
3.27508e-05
1.35482e-06
1.50956e-06
6.7861e-06
8.26342e-06
2.3159e-05
4.74844e-06
2.88614e-06
3.7906e-07
1.49612e-06
4.45136e-06
6.21479e-07
2.88663e-07
1.59259e-05
1.17497e-06
6.50005e-07
8.87608e-07
1.16994e-06
7.2102e-06
1.63749e-06
6.11662e-07
9.67296e-06
1.03796e-06
1.27589e-05
1.67071e-07
7.1236e-06
3.8748e-07
2.07044e-06
1.31077e-06
1.92041e-05
4.54282e-06
1.81974e-07
1.4238e-06
9.34773e-06
1.03971e-05
3.54941e-06
2.61086e-06
7.73595e-07
1.97812e-07
1.66916e-05
3.05235e-06
2.48519e-06
1.89845e-06
7.15351e-08
7.17153e-07
1.32889e-05
9.65294e-07
7.25043e-06
7.52025e-06
1.18682e-05
1.12982e-05
1.02639e-05
1.3614e-06
5.49118e-06
7.25995e-07
2.6842e-08
8.8209e-07
4.89506e-06
6.95875e-07
1.59855e-06
1.94879e-06
1.57821e-05
9.34815e-07
2.95476e-06
1.27332e-05
1.846e-05
4.51722e-07
1.9744e-05
2.14154e-06
1.51806e-05
4.51717e-06
1.523e-05
7.11079e-06
1.44369e-06
1.40997e-05
1.40154e-06
4.94359e-06
4.15243e-06
3.26523e-05
1.12533e-06
1.17687e-06
2.97926e-07
1.80205e-06
1.69811e-05
2.95683e-06
4.78523e-06
6.29532e-07
1.2503e-07
1.59304e-05
1.13808e-06
1.39092e-05
4.59596e-05
1.38243e-05
7.40442e-06
9.36924e-07
4.83305e-07
1.49653e-06
1.76811e-09
9.2246e-07
3.86108e-08
2.27483e-06
1.81854e-06
8.02738e-07
6.92335e-07
4.82117e-05
1.00518e-06
9.60073e-07
2.601e-06
1.97009e-06
1.82841e-06
7.7618e-05
1.38175e-05
2.62031e-05
1.82542e-06
5.5648e-07
1.07273e-06
6.93455e-06
2.33198e-06
5.97304e-07
4.03817e-07
7.50765e-06
5.98457e-08
7.13076e-06
4.63402e-06
7.56703e-07
8.03816e-07
3.28746e-06
5.26568e-07
4.43804e-06
9.6935e-07
8.44674e-07
6.20408e-08
7.97527e-06
1.61459e-06
6.04502e-07
6.706e-06
2.62281e-06
2.07588e-06
4.09045e-06
6.66382e-05
1.67258e-05
1.67687e-07
7.12575e-07
7.86325e-07
1.09985e-06
3.77224e-06
2.35617e-06
2.89224e-06
5.80636e-06
6.10318e-07
1.94148e-06
9.20051e-07
1.6578e-05
2.87663e-07
4.6849e-06
6.71e-07
1.24003e-06
4.50455e-05
5.64348e-05
2.40176e-06
6.8346e-08
1.14733e-06
1.328e-06
4.36824e-07
5.22667e-06
8.6042e-07
3.90287e-07
8.41821e-06
9.08343e-07
2.20081e-06
1.88868e-06
1.04883e-06
1.94896e-06
2.84546e-06
3.13022e-07
2.7071e-07
6.36096e-07
1.78402e-07
4.73776e-06
5.20649e-06
1.00498e-06
5.27838e-06
2.95721e-05
5.05464e-06
1.9098e-06
3.85803e-08
2.96511e-05
1.31111e-07
3.10965e-06
2.63538e-07
4.79883e-05
1.29622e-06
6.21701e-07
2.43943e-06
3.32566e-07
1.23533e-06
4.66932e-06
6.01208e-05
8.74178e-06
1.0281e-06
8.58377e-07
2.38755e-05
1.39305e-06
1.27376e-06
6.30405e-07
4.29515e-06
1.90789e-06
1.59515e-07
4.19594e-05
2.49215e-06
8.04639e-07
6.51208e-06
2.24863e-05
2.86713e-07
6.87654e-07
4.43013e-06
5.30054e-07
3.58561e-06
9.34812e-08
1.25766e-06
1.01249e-06
5.08284e-07
3.94476e-05
1.05517e-06
1.94807e-07
4.58299e-06
1.20726e-05
4.73344e-06
1.44787e-06
7.33978e-06
1.87263e-05
1.92281e-06
1.29543e-06
1.32499e-06
8.44805e-08
1.07503e-06
2.60681e-05
1.17667e-05
4.70165e-06
1.8589e-06
8.84474e-07
4.37904e-05
3.40819e-06
4.69507e-06
2.63886e-07
3.85339e-05
7.83617e-07
6.0713e-07
1.24981e-07
8.06833e-08
3.56725e-06
2.51145e-06
2.25523e-06
6.36802e-06
7.67198e-08
2.16584e-06
1.86978e-05
2.60996e-06
3.45294e-06
2.14673e-06
6.77137e-06
7.59495e-06
6.02211e-07
1.40765e-06
3.38074e-06
1.80793e-06
4.36582e-06
7.22583e-07
7.4612e-06
8.26455e-07
2.19771e-06
3.23105e-07
2.65325e-07
1.58693e-06
5.97465e-08
6.08074e-05
9.26929e-07
1.11477e-06
1.14845e-07
6.71417e-07
8.95898e-08
4.80037e-06
2.48338e-06
2.62509e-07
7.95019e-06
3.23485e-06
4.69084e-05
2.50009e-06
4.62931e-06
4.90185e-06
2.45837e-05
8.81229e-07
2.56106e-06
7.55242e-06
8.32118e-07
2.54978e-07
4.24599e-06
6.57392e-07
3.36414e-06
2.70072e-05
1.42045e-06
6.79821e-07
2.21833e-06
6.87167e-07
9.2346e-06
9.47455e-07
8.2991e-07
2.94708e-06
7.04042e-07
1.44717e-06
8.50223e-07
4.12448e-06
3.80607e-06
1.70909e-06
1.5721e-06
4.36606e-06
1.28988e-06
1.13691e-06
2.84523e-06
2.63057e-06
4.58969e-06
4.18866e-06
5.40192e-05
8.51624e-07
8.50506e-07
3.45348e-06
4.79462e-06
1.26249e-06
9.31184e-07
5.29424e-07
1.65977e-05
1.48103e-07
1.39478e-06
5.18048e-06
6.715e-06
7.14203e-07
2.54965e-09
4.52654e-06
2.59746e-06
1.64695e-07
1.95371e-05
2.30592e-06
5.65729e-07
1.03071e-06
2.64631e-07
6.60627e-07
2.78609e-07
3.33083e-06
1.78328e-05
3.72849e-07
1.54607e-06
4.52706e-07
1.54154e-06
4.27647e-05
2.72047e-06
6.41356e-07
7.45467e-07
1.12973e-06
9.86784e-07
6.66568e-06
1.4723e-06
1.69837e-06
2.64607e-06
1.10475e-06
8.51988e-08
3.35148e-05
5.0162e-07
2.19528e-06
1.08071e-06
6.68876e-07
9.25477e-07
1.348e-05
2.6579e-06
7.75507e-06
5.03204e-06
1.41869e-06
3.08718e-07
6.60527e-06
3.51271e-07
4.25111e-05
1.21639e-06
1.72658e-06
1.15401e-06
7.24873e-06
1.60399e-07
5.72232e-05
6.78969e-06
1.15957e-06
3.44368e-06
2.61678e-06
5.48392e-07
2.63589e-06
6.20762e-07
3.22571e-06
4.7919e-05
2.96022e-07
5.1788e-06
2.63809e-07
1.14997e-07
1.62252e-06
2.0857e-06
3.93081e-06
2.22566e-06
3.33905e-06
2.47161e-06
1.07797e-07
2.82873e-08
3.91639e-05
1.80431e-06
1.52712e-06
1.53421e-05
1.22542e-06
7.32136e-07
2.70032e-06
2.9029e-07
3.34062e-07
4.39043e-06
1.77973e-07
4.22053e-07
6.81058e-07
6.57764e-05
6.97403e-07
1.39811e-06
4.35908e-06
1.09946e-06
1.30992e-07
3.68467e-06
3.25831e-06
4.56331e-07
4.07919e-06
3.39581e-07
3.86109e-07
1.1073e-05
4.82815e-06
4.76042e-07
1.86466e-06
4.1006e-06
2.36741e-06
4.80888e-06
1.6863e-06
2.4226e-06
4.39402e-06
7.96575e-07
1.20143e-12
1.43075e-07
1.58897e-06
4.88468e-06
4.80096e-07
4.19773e-07
1.19374e-06
4.57729e-06
2.72287e-06
4.90407e-06
1.47893e-06
4.67709e-06
9.50191e-06
2.2834e-06
1.22298e-06
7.6113e-07
2.96206e-06
1.56623e-05
2.04516e-05
4.98068e-06
8.91719e-07
3.48947e-05
8.24451e-08
4.14978e-05
1.6077e-06
8.65912e-06
5.14652e-07
3.87766e-07
2.49153e-06
8.50264e-07
1.24023e-06
4.13492e-07
4.83609e-06
4.90635e-08
2.06792e-06
4.71022e-05
1.24315e-08
4.54126e-06
9.33466e-07
2.35179e-07
3.71462e-05
1.28681e-06
5.86929e-05
4.79286e-06
6.9392e-06
6.85118e-07
1.00554e-06
1.72957e-06
1.15419e-06
3.97245e-07
1.47592e-06
2.16685e-06
1.59962e-07
1.23849e-05
2.10396e-06
2.39233e-06
1.96089e-06
2.84312e-07
2.04698e-06
5.67683e-06
2.23966e-06
2.16617e-06
1.03703e-06
2.67691e-07
1.76184e-12
1.59028e-05
3.81981e-06
1.85128e-06
2.57835e-06
1.2316e-07
9.43748e-07
2.93801e-06
1.39452e-07
2.71036e-06
4.82628e-06
2.04882e-06
2.63093e-07
6.33376e-06
1.86667e-07
6.10207e-05
8.39883e-06
2.78444e-07
3.95444e-06
1.00384e-06
9.36994e-07
4.58997e-06
8.72112e-07
6.05522e-07
1.79533e-05
1.13838e-07
1.17341e-06
3.71024e-06
9.12876e-07
3.28286e-08
3.10691e-06
1.45354e-06
4.37802e-07
1.35844e-06
2.17979e-05
3.18364e-06
8.91677e-07
1.16205e-06
7.969e-07
1.59073e-05
1.30681e-06
3.23435e-06
1.22202e-06
6.18017e-07
1.68531e-12
2.11205e-06
1.32969e-06
4.10014e-05
4.43129e-06
2.03482e-06
3.61717e-06
2.54887e-06
2.53428e-06
2.55699e-06
2.10075e-06
1.1526e-07
8.2044e-07
2.2092e-07
9.26846e-07
4.16307e-06
6.2515e-07
3.90516e-06
2.63647e-06
1.33545e-05
2.37261e-06
2.35892e-06
5.75338e-08
2.47263e-05
1.81396e-07
2.73834e-06
2.39652e-06
1.77624e-06
9.32809e-07
2.83366e-06
4.01542e-06
9.31444e-07
2.60581e-07
1.0044e-06
1.50198e-06
5.75184e-05
1.01369e-06
6.98844e-07
5.04575e-06
1.87614e-06
3.77674e-07
1.10364e-06
2.51038e-06
7.40741e-06
3.2427e-06
9.78089e-07
5.38866e-06
4.9841e-06
7.8305e-07
7.83797e-06
2.38173e-06
6.94866e-07
5.42272e-06
2.58322e-06
5.83629e-06
3.37781e-06
4.32978e-06
9.108e-06
2.47416e-08
5.69721e-05
1.15322e-05
2.92228e-06
6.74405e-07
1.12583e-06
7.51187e-07
2.01804e-06
2.4507e-06
6.53111e-08
1.67897e-06
3.63557e-07
6.98243e-07
3.03445e-06
1.04779e-06
6.27317e-07
1.15455e-06
2.74253e-06
8.79293e-06
1.43699e-06
1.82353e-05
5.8026e-06
3.94383e-06
9.07119e-06
2.5805e-06
4.3577e-06
1.09249e-07
3.65101e-07
2.1581e-05
3.35559e-06
5.73303e-06
5.35015e-06
5.55917e-06
2.04472e-06
3.57495e-06
6.81392e-06
1.7099e-07
4.54645e-06
4.09382e-06
8.38279e-06
9.98467e-07
2.12502e-05
1.79848e-06
2.00616e-06
2.7667e-06
2.29959e-06
4.36058e-06
4.36741e-07
1.3194e-06
8.86594e-07
1.9822e-06
2.08072e-06
3.00935e-06
4.84852e-06
8.04616e-06
1.37628e-06
4.03602e-05
7.06871e-07
8.7547e-07
2.11343e-06
3.63368e-06
2.02669e-06
5.85203e-06
1.48493e-06
2.67906e-06
1.35966e-06
7.61562e-07
3.9536e-05
4.40592e-06
2.66046e-06
8.88543e-06
3.22951e-06
1.08776e-07
9.22123e-07
4.99724e-06
9.16076e-07
2.17102e-06
6.84929e-08
1.04878e-06
1.54164e-05
1.60994e-06
4.60665e-05
5.18798e-06
3.74865e-06
1.06178e-05
2.53136e-06
4.59159e-06
4.96309e-07
8.01476e-06
1.59434e-06
2.95282e-06
1.77512e-06
8.77378e-08
2.20522e-06
3.18449e-07
1.60235e-06
5.77132e-06
1.91837e-06
1.03709e-06
6.34254e-06
2.73349e-06
1.02527e-06
8.30318e-07
3.28598e-05
3.64926e-05
8.90953e-06
4.46682e-05
3.87177e-06
2.35424e-06
8.45633e-07
1.71234e-05
4.96818e-07
1.10671e-05
6.87339e-06
6.56632e-06
3.53624e-07
2.38563e-05
5.8728e-06
1.43874e-06
4.80051e-06
2.72456e-06
4.30531e-07
1.44281e-06
1.32319e-06
1.01516e-07
2.27224e-05
8.21547e-07
6.44161e-07
3.4538e-07
2.99822e-07
3.00912e-06
1.79044e-06
8.09077e-07
6.06569e-06
5.82739e-07
1.13322e-05
1.23825e-05
2.58869e-06
4.16562e-07
3.23961e-05
1.09727e-06
1.3427e-06
8.1717e-07
5.03218e-06
8.23303e-07
1.32221e-06
4.90291e-07
1.00593e-05
1.55284e-07
1.02461e-06
1.44508e-06
5.15883e-07
5.4049e-08
2.12991e-06
7.76857e-06
6.26288e-06
6.62882e-06
3.41718e-07
6.46132e-06
6.48346e-08
2.49413e-05
3.64636e-05
3.26116e-06
6.30277e-06
2.51275e-06
3.3496e-06
4.75048e-06
4.54476e-06
6.71731e-07
1.88394e-07
1.65421e-06
4.39228e-07
1.2478e-05
3.73378e-05
2.86584e-05
4.29376e-06
5.8942e-07
1.64678e-06
7.10449e-07
9.41204e-07
5.16536e-06
2.23467e-07
1.66391e-06
5.41231e-06
1.01699e-06
2.7054e-06
5.2974e-07
4.72975e-06
3.91251e-05
3.1768e-06
3.62415e-06
1.30874e-07
4.57288e-06
6.24643e-07
2.69443e-06
1.06136e-05
3.75538e-06
6.61573e-06
3.43949e-05
1.79464e-06
8.539e-08
1.69413e-07
3.17386e-06
1.43477e-05
6.62638e-06
5.71915e-06
1.37333e-06
1.57071e-06
6.16426e-08
4.86725e-07
2.44327e-05
3.83707e-05
5.61846e-06
5.31244e-06
1.17854e-06
9.11997e-08
1.58123e-06
2.30991e-07
2.88424e-06
4.54184e-05
8.9091e-07
1.26856e-05
2.06243e-06
1.14759e-06
1.79017e-06
2.63757e-08
2.44521e-06
4.66301e-06
1.40873e-06
7.54712e-08
1.27673e-07
1.80763e-06
7.54444e-07
4.87622e-07
4.52033e-07
3.51071e-06
2.43176e-06
6.77437e-06
7.99041e-06
4.75981e-06
9.26661e-06
1.78131e-06
8.126e-06
2.20424e-07
2.99612e-06
1.54075e-06
4.22352e-08
8.07017e-08
1.33056e-06
3.36514e-05
3.56158e-05
2.02904e-06
3.18821e-05
1.62049e-06
1.14473e-05
6.59036e-06
2.80813e-06
2.02407e-06
3.47658e-06
2.15896e-06
8.24388e-07
3.96674e-06
1.1302e-05
4.78552e-06
3.34665e-06
1.52773e-05
1.6317e-06
9.69559e-07
6.18069e-07
3.74268e-05
1.83879e-07
3.42154e-05
1.09708e-06
2.58356e-06
6.9883e-07
7.03128e-06
5.97884e-06
8.39672e-06
7.44679e-06
7.47705e-07
1.47172e-06
2.84774e-06
1.47046e-06
1.81078e-06
4.37049e-06
8.96441e-07
9.40033e-07
2.09803e-06
1.71948e-06
8.73071e-07
2.53714e-06
8.90263e-07
6.99128e-07
3.10563e-06
2.4861e-06
7.09304e-07
1.77524e-06
1.84881e-07
8.12257e-06
1.0941e-07
1.36532e-06
8.6497e-07
3.36704e-05
2.18698e-05
1.17945e-06
2.94341e-06
9.82337e-06
3.86293e-06
1.77598e-06
7.84541e-07
5.25471e-06
3.25785e-05
7.66832e-06
2.70735e-05
1.55321e-06
6.73621e-05
1.44496e-06
1.6064e-06
3.85914e-06
1.11194e-05
3.41214e-05
1.36927e-06
5.71532e-06
1.66176e-06
2.03228e-06
8.46704e-07
1.21498e-07
4.80894e-07
8.67593e-07
4.95635e-06
1.60287e-06
3.37812e-06
4.93091e-06
1.65606e-06
1.41626e-07
6.39274e-07
2.2417e-05
5.77102e-07
8.13032e-05
7.24331e-06
7.35859e-07
2.309e-06
6.96088e-06
5.4953e-06
1.77421e-06
2.19866e-06
2.98988e-05
3.29227e-06
4.81119e-06
2.02468e-05
1.8247e-06
5.29239e-07
2.31179e-06
1.29789e-06
2.49966e-06
6.59937e-07
2.26085e-06
4.27987e-07
5.42091e-07
2.10003e-07
3.00156e-07
1.22888e-06
3.77921e-06
9.10405e-07
3.19174e-06
5.37605e-08
4.1769e-07
4.12518e-05
3.09796e-07
1.10373e-06
7.21607e-06
3.77272e-08
1.48702e-06
4.8639e-06
3.8304e-06
2.99502e-05
6.25344e-08
9.85913e-08
2.39386e-07
8.84366e-06
5.9679e-07
1.44066e-07
2.67401e-05
3.65066e-08
4.74244e-07
1.86404e-05
9.52136e-06
1.58458e-06
1.85261e-07
2.88288e-06
7.25976e-07
1.72255e-06
5.6684e-06
6.56476e-08
2.20746e-07
5.03905e-06
1.93267e-07
7.9201e-06
3.79845e-05
3.67663e-05
1.73704e-06
6.57632e-07
1.23736e-06
6.92527e-07
4.50656e-07
8.79564e-06
1.17576e-05
2.61414e-06
1.05206e-07
2.47837e-05
2.6294e-05
5.15131e-06
6.2598e-05
2.42977e-08
2.96705e-06
6.06215e-06
1.41902e-06
2.27821e-05
1.26964e-07
3.21083e-05
5.30349e-06
1.01898e-06
2.93951e-05
5.02358e-07
2.03643e-06
5.1859e-06
1.41508e-07
1.15374e-06
1.20845e-07
4.67447e-07
6.28249e-05
5.89482e-06
3.70663e-06
1.23839e-06
2.57977e-07
1.41857e-06
1.15531e-07
1.8889e-06
4.72246e-07
4.94566e-06
1.13568e-06
2.68138e-06
4.13656e-05
2.95249e-05
1.0861e-05
5.8996e-07
1.04097e-06
1.07528e-06
7.669e-06
4.24825e-06
1.00745e-06
2.4855e-05
1.56003e-07
2.78298e-06
4.02373e-06
1.40936e-06
1.31389e-06
3.78691e-06
3.05353e-07
8.27638e-07
1.86317e-06
1.18438e-05
2.85363e-06
6.60109e-06
3.91317e-06
3.83901e-06
1.94802e-06
6.38859e-07
4.3383e-06
3.22651e-06
2.19893e-06
7.22265e-06
2.77766e-07
3.23449e-05
3.80342e-06
7.79911e-07
3.68364e-05
1.07216e-06
6.53401e-09
1.81484e-06
1.91531e-06
7.15949e-06
4.4719e-05
1.38476e-05
6.35024e-07
1.8182e-07
2.67032e-06
2.75118e-06
2.65724e-06
5.15358e-06
9.27252e-07
1.09444e-05
8.77997e-08
5.73356e-05
4.43639e-05
2.21395e-06
1.26539e-07
1.19813e-06
9.15183e-07
4.77719e-08
8.94131e-07
1.70408e-06
3.21126e-05
3.0986e-06
1.44989e-06
4.07803e-05
1.51161e-06
1.78759e-06
2.0984e-05
2.59626e-06
2.55365e-08
5.36926e-07
1.50859e-07
3.35959e-06
5.34208e-06
9.05334e-06
9.88329e-07
2.97115e-05
7.15442e-07
1.15235e-06
1.49679e-06
8.69781e-07
5.21373e-06
3.43083e-06
5.26978e-06
1.51724e-05
7.6994e-07
8.23901e-07
3.17335e-06
7.48664e-08
3.19151e-06
1.12071e-06
7.80127e-09
2.77543e-06
1.80155e-06
9.79639e-07
1.20647e-07
4.15859e-06
2.7131e-06
3.60077e-05
1.74867e-07
1.68006e-07
1.91846e-06
1.7969e-06
5.638e-06
9.95609e-06
3.99539e-07
2.65742e-08
4.35886e-06
1.80483e-07
1.86917e-07
5.65461e-06
3.56757e-05
1.09722e-06
1.49811e-06
5.58433e-06
4.31221e-05
6.26559e-06
1.65708e-06
1.99097e-06
5.70411e-06
9.93514e-06
6.53393e-07
8.90613e-06
8.39091e-07
6.01069e-06
3.54742e-06
8.71995e-06
8.76333e-07
1.73127e-06
1.1395e-06
9.07431e-07
6.93442e-07
8.94228e-06
6.43767e-06
3.6278e-05
2.80877e-06
4.06793e-07
2.11563e-06
3.63992e-05
5.40605e-06
6.68402e-07
8.99499e-07
4.50769e-06
2.03905e-06
9.10665e-08
1.01644e-07
3.54026e-06
9.65872e-07
6.66795e-06
7.40659e-06
4.13633e-06
3.64537e-06
1.00965e-06
1.44815e-06
2.76701e-05
3.466e-05
5.22798e-06
1.3371e-07
2.76874e-07
1.82768e-06
2.33178e-06
1.29052e-07
8.93725e-07
1.58286e-05
1.42161e-06
4.90677e-06
5.9878e-07
7.5694e-06
4.33094e-07
7.81324e-06
4.35087e-08
9.81092e-06
3.44844e-05
4.21912e-06
4.99705e-07
6.17269e-06
1.62594e-06
2.05025e-08
2.0863e-05
1.63011e-07
8.93886e-07
8.2202e-06
1.16988e-06
2.77163e-07
5.90999e-06
3.62332e-06
2.80007e-07
5.53846e-06
5.2459e-05
5.55547e-05
3.16242e-05
1.36332e-06
2.21087e-06
1.31833e-05
1.2251e-05
5.6277e-06
4.86798e-07
9.23033e-07
8.66844e-06
1.27675e-06
4.00232e-06
2.87439e-07
1.90462e-06
2.19762e-06
5.26044e-08
2.55012e-06
4.33387e-06
4.18652e-05
7.06365e-07
4.33617e-06
3.5866e-07
6.55542e-08
7.95998e-06
1.15326e-07
1.9496e-06
3.02641e-07
8.55129e-07
9.36236e-06
1.13409e-07
6.27133e-06
1.33656e-06
5.25696e-08
3.96182e-05
6.4793e-06
5.00757e-05
4.21501e-06
1.08279e-06
6.76297e-06
2.95639e-05
1.7932e-05
4.72584e-07
3.82615e-06
1.01216e-06
4.28677e-06
4.09668e-06
5.06433e-05
1.41457e-06
1.58174e-07
3.19653e-07
3.45549e-05
3.22912e-07
1.10158e-06
1.09473e-05
1.18935e-06
3.1805e-07
3.07846e-07
1.60792e-06
5.49414e-07
8.59232e-06
1.22141e-05
2.53605e-05
3.62552e-06
1.66829e-06
5.3675e-05
1.5366e-05
1.69977e-06
3.41244e-06
2.55556e-06
1.41268e-06
3.59413e-06
1.45161e-07
6.4845e-06
5.76124e-06
5.36099e-07
1.79279e-05
1.17731e-05
8.07688e-07
4.77007e-08
4.87474e-07
4.85462e-06
9.76475e-07
7.52992e-07
4.84392e-05
9.88794e-06
4.9561e-05
4.92378e-07
3.63281e-06
6.05937e-06
2.98879e-06
6.84666e-07
1.79303e-06
2.93346e-07
8.60055e-08
6.84527e-07
2.01246e-07
4.28169e-10
1.04635e-05
1.37925e-06
7.95759e-07
8.55596e-07
4.71918e-07
4.70488e-07
3.33956e-05
8.98846e-08
7.77389e-07
1.79982e-06
1.65909e-06
7.77207e-06
1.57358e-06
6.96816e-06
1.09731e-06
1.12156e-06
1.39808e-06
1.75081e-05
1.97367e-06
2.06809e-06
4.08495e-05
3.53065e-05
6.27432e-05
4.87974e-06
3.18293e-05
4.47578e-05
6.63923e-06
1.39008e-06
1.42552e-07
8.51299e-07
1.09959e-06
9.96939e-07
1.48452e-06
9.23787e-07
4.30309e-06
8.83105e-07
4.00193e-05
1.36775e-06
1.89082e-06
2.76356e-06
3.33837e-06
2.44538e-06
1.47299e-05
1.07746e-05
2.25247e-05
1.33105e-06
8.5409e-07
3.81584e-06
2.75381e-05
6.51735e-07
6.43609e-07
4.97842e-07
1.84925e-06
4.20978e-06
2.76206e-06
1.1979e-06
3.68784e-05
3.97366e-06
3.9751e-06
2.54018e-06
2.61958e-06
1.52247e-06
1.14634e-06
3.11207e-05
1.9204e-06
1.25333e-06
1.02266e-06
5.27844e-07
1.26316e-07
9.36539e-07
4.96433e-07
8.59366e-06
5.4995e-06
2.2543e-06
1.38758e-06
5.1895e-07
1.27243e-05
2.11196e-05
3.84978e-05
1.1832e-07
1.80433e-06
7.46537e-06
2.49464e-06
9.85493e-06
7.9977e-06
6.24531e-07
1.60343e-06
5.67768e-11
2.35881e-06
4.75822e-06
2.34846e-05
1.59382e-06
5.04053e-06
1.84451e-06
2.78659e-07
4.70575e-07
1.0312e-05
1.86522e-07
3.67404e-05
7.28176e-06
3.3512e-06
4.328e-06
2.16378e-06
1.47598e-06
7.26895e-07
4.18556e-09
1.14416e-05
3.59269e-05
7.3767e-06
2.07919e-06
8.33705e-07
2.06728e-07
9.17047e-07
2.68417e-06
1.4368e-06
1.63048e-07
2.13357e-06
7.62297e-06
3.98786e-06
1.91778e-05
2.54822e-07
3.24969e-06
4.94911e-07
2.32525e-07
7.8478e-07
2.91363e-05
5.10244e-06
2.9024e-07
7.52041e-07
8.2058e-06
1.94467e-07
1.24177e-06
3.04046e-06
6.38637e-06
1.11184e-07
5.53318e-06
2.58485e-06
9.03087e-07
1.11216e-06
1.82765e-06
2.4932e-06
1.56948e-06
1.51987e-11
3.36065e-06
1.74003e-05
6.28147e-08
2.83612e-06
2.79552e-07
1.27015e-06
3.35936e-05
9.32881e-07
5.21406e-06
3.18164e-05
8.15444e-06
7.60993e-06
2.75403e-06
9.40732e-07
3.53829e-07
4.51947e-06
3.22528e-05
2.02469e-06
2.0101e-06
2.97639e-06
5.11098e-06
8.83576e-07
3.12094e-05
7.95026e-07
3.91069e-08
3.96389e-05
1.88348e-06
3.12109e-05
5.12529e-05
2.22459e-06
7.45953e-06
3.166e-05
3.13395e-05
4.32248e-06
1.24332e-06
1.95232e-07
4.43271e-07
2.56038e-10
8.7336e-07
9.90692e-08
8.06712e-06
8.92209e-07
3.93846e-06
3.15482e-06
1.13834e-06
2.65183e-05
2.47146e-06
4.11734e-06
1.41958e-06
3.59862e-05
3.01471e-05
5.42589e-06
3.00075e-07
2.09839e-06
1.24481e-06
1.23556e-06
4.71966e-08
1.77327e-07
2.22672e-06
1.01815e-06
1.47968e-05
9.84752e-07
5.27361e-06
4.59628e-05
6.58466e-07
3.82467e-07
3.1811e-06
9.01486e-07
1.08288e-05
5.84115e-05
3.78402e-06
2.2653e-11
9.83812e-08
3.00626e-05
1.38254e-06
1.5175e-05
9.82179e-07
2.14814e-06
1.51522e-06
2.07255e-06
1.28024e-05
1.35858e-05
9.87033e-06
4.74733e-06
2.59153e-05
6.27599e-07
3.63413e-05
1.07823e-06
1.18934e-07
3.8943e-08
2.90239e-05
1.09996e-05
8.18221e-07
1.99839e-05
3.31986e-05
1.21494e-06
9.91305e-06
3.76822e-06
3.08202e-05
1.01523e-06
2.71163e-05
3.92832e-07
8.59174e-07
9.40679e-07
4.59311e-05
3.04078e-06
9.2411e-07
1.48114e-06
3.60526e-11
3.57622e-06
1.91918e-06
6.31962e-07
4.65757e-05
2.34335e-05
3.74092e-06
1.72228e-05
9.784e-08
1.93414e-06
8.05771e-07
6.54753e-07
4.58054e-06
3.32253e-08
4.91946e-06
1.27405e-06
1.03554e-06
2.19158e-06
4.06188e-12
4.01294e-06
4.63653e-06
3.00229e-07
1.12518e-07
9.61038e-06
3.08221e-06
4.02846e-05
1.82763e-07
5.08481e-07
1.0974e-05
1.20117e-05
1.28574e-05
9.40731e-07
4.81879e-05
1.36245e-06
5.15683e-07
5.68851e-07
9.21992e-07
1.26882e-05
1.83077e-05
4.86874e-07
8.03627e-07
7.85681e-06
2.061e-05
1.82496e-06
3.40197e-05
3.65942e-06
5.72916e-07
1.80553e-06
1.12574e-07
2.33695e-05
4.79035e-07
2.79625e-05
1.16185e-06
3.29544e-05
4.29182e-06
2.16074e-06
3.42317e-07
2.11045e-06
2.89847e-05
7.87051e-07
5.16299e-06
1.63093e-05
2.83658e-05
6.56447e-07
1.32191e-06
4.81203e-06
3.73429e-07
3.01937e-05
5.83476e-06
5.7779e-06
2.92696e-05
1.43718e-06
1.0545e-06
3.57818e-06
4.56142e-07
1.24758e-06
7.05712e-06
1.09294e-06
4.2174e-06
2.3435e-05
2.64313e-06
3.3122e-05
5.92308e-06
4.46228e-06
2.20351e-06
1.03652e-06
4.97108e-07
1.22107e-05
2.96176e-05
1.52555e-06
2.26863e-06
2.75228e-05
2.05377e-06
2.71276e-07
3.13881e-05
2.87034e-07
2.15638e-06
1.7138e-05
1.47787e-05
8.24658e-08
6.03739e-07
1.16854e-06
4.63055e-06
4.96397e-07
2.15721e-06
3.84442e-05
4.83025e-06
8.3964e-07
8.77502e-06
1.31143e-06
4.44347e-06
4.26462e-06
4.21575e-06
2.99501e-06
3.6731e-06
4.80055e-06
1.88136e-07
2.69632e-05
3.31782e-07
1.42678e-06
8.32418e-07
7.9663e-07
7.14131e-06
6.44543e-06
3.35442e-07
2.4551e-05
1.01433e-06
1.68185e-06
6.11297e-07
1.23295e-05
3.13972e-06
2.4866e-06
1.56652e-06
1.28748e-06
1.08133e-05
4.72371e-07
4.25301e-06
5.98987e-06
1.45303e-06
2.58689e-05
1.8223e-07
1.51975e-05
4.80588e-06
1.32757e-07
9.82142e-08
1.99062e-06
2.00815e-06
1.46373e-06
2.56428e-06
1.44011e-06
4.2463e-06
9.65824e-06
2.60181e-05
2.81506e-08
5.30493e-06
1.78811e-05
2.42705e-06
5.56884e-07
4.06349e-06
3.15648e-05
2.49433e-05
1.00829e-06
3.53652e-05
2.24264e-05
1.3143e-06
7.6997e-06
1.34308e-05
1.45358e-06
3.43582e-05
2.76976e-06
2.08647e-07
5.28354e-06
4.12378e-05
5.01263e-06
1.12795e-06
2.30086e-05
1.01693e-05
1.90217e-06
9.63e-06
4.74819e-07
2.39497e-06
1.31718e-05
1.31593e-06
1.07108e-06
1.36183e-05
5.42479e-06
9.05666e-06
3.82287e-06
1.2886e-05
2.83397e-05
9.24309e-06
2.34647e-05
5.69866e-06
1.41003e-06
1.05866e-06
2.10052e-06
2.58459e-06
1.51976e-07
1.39685e-05
2.00607e-06
3.88008e-08
2.08189e-05
4.83962e-06
2.83984e-06
6.05423e-06
2.68257e-06
2.36824e-05
6.13358e-06
4.05524e-05
6.38664e-06
9.2971e-06
7.4466e-06
9.38945e-06
2.55097e-06
8.13694e-11
1.63026e-09
5.61577e-06
3.52924e-06
6.26781e-06
2.02887e-06
2.81226e-06
8.54017e-06
5.12008e-06
1.9396e-07
1.18768e-05
1.01057e-05
8.74333e-06
6.57908e-06
2.04168e-06
1.96392e-06
1.17664e-06
4.54524e-06
4.19069e-06
6.55808e-08
2.04189e-07
4.72738e-06
8.01406e-07
3.73545e-05
1.09407e-06
2.28213e-05
1.12823e-05
6.38152e-05
7.00107e-06
4.9251e-06
7.38231e-06
4.93705e-06
1.78211e-06
9.84758e-07
3.29108e-06
4.7063e-07
1.90017e-06
5.21857e-06
5.74133e-06
1.78267e-05
7.23307e-06
1.58979e-06
5.08129e-06
7.86696e-06
7.94696e-06
8.62943e-06
8.2367e-06
1.26803e-07
2.50216e-05
4.39989e-06
7.3405e-06
1.17451e-06
9.42259e-06
1.96247e-05
2.15991e-05
9.8898e-07
1.10816e-07
1.04878e-06
2.62514e-06
4.35828e-06
1.03748e-06
1.60489e-06
2.60426e-07
1.00804e-05
5.19875e-07
1.25427e-06
3.16895e-06
1.91927e-06
8.05342e-06
2.43337e-07
2.12896e-05
7.14626e-06
6.47865e-07
2.34911e-06
1.04911e-06
8.55689e-07
4.6397e-06
2.19748e-05
2.63178e-06
1.53669e-05
3.0566e-07
1.56284e-05
5.71665e-06
3.622e-05
2.26146e-05
1.08263e-06
6.92598e-05
1.40044e-05
7.60846e-06
5.04758e-07
2.60969e-06
1.11964e-06
5.9008e-06
1.47365e-05
1.53479e-05
2.38359e-05
1.93578e-07
2.21421e-05
6.78585e-07
2.04022e-07
3.6398e-05
6.75686e-08
1.15784e-05
5.65669e-06
6.73418e-06
7.45988e-06
6.19291e-06
7.06092e-06
1.36725e-05
5.45343e-06
2.05975e-06
5.05166e-06
6.26277e-06
1.93902e-06
8.85021e-06
5.87007e-07
1.97211e-06
1.41489e-06
5.62181e-08
1.16576e-07
2.07688e-07
6.37425e-06
1.42195e-05
4.64603e-05
2.90385e-06
2.11392e-07
1.23779e-05
6.563e-07
5.12269e-07
1.69268e-05
1.2664e-05
2.00911e-05
5.179e-06
8.55747e-07
2.03985e-06
5.91299e-07
6.6031e-06
2.21938e-06
2.24682e-06
1.80864e-05
1.48009e-06
5.60878e-06
7.26274e-06
2.08899e-06
1.10005e-05
3.81933e-05
6.07982e-07
5.84415e-08
9.97886e-06
8.94535e-07
8.47968e-07
6.3499e-05
9.76897e-06
3.50355e-05
3.54244e-06
1.10351e-05
1.20437e-06
6.92325e-06
1.01645e-05
1.09362e-06
1.20197e-05
5.98768e-06
1.09406e-05
6.49849e-06
2.78302e-06
2.64904e-06
2.08942e-07
1.52915e-06
6.36378e-06
7.25382e-06
9.47626e-06
1.93784e-05
1.0279e-05
2.40471e-06
9.58898e-06
1.33291e-05
2.8245e-05
2.12336e-05
8.10839e-06
6.90568e-06
2.66254e-06
1.93216e-06
1.7648e-06
9.18044e-06
3.5516e-07
3.20649e-07
2.73838e-05
8.78385e-06
1.62085e-05
1.30798e-06
6.77202e-07
5.48634e-05
2.02857e-05
7.79135e-06
1.7102e-07
7.64449e-06
8.658e-06
7.83486e-07
2.1914e-08
2.16383e-07
6.90952e-06
2.10835e-07
8.37052e-06
7.77671e-08
7.6298e-06
3.13147e-05
6.18605e-06
8.18721e-06
8.06251e-06
3.09623e-05
8.01333e-06
8.3675e-07
2.7394e-06
7.96715e-06
1.2261e-05
1.86795e-05
7.22494e-06
7.75861e-06
1.3029e-06
2.22501e-06
8.53005e-06
3.55264e-05
1.40668e-06
7.76364e-06
6.20683e-05
9.78107e-07
2.38244e-07
8.67866e-06
5.74287e-07
8.87796e-07
8.43119e-06
1.8223e-05
7.37069e-06
1.27393e-06
2.10539e-05
9.08218e-06
1.83327e-05
3.57731e-05
1.06022e-05
7.06273e-06
3.39542e-05
8.86491e-06
7.41492e-06
4.48586e-07
2.10912e-05
1.7195e-05
6.62882e-05
6.74005e-06
5.17127e-07
6.74603e-06
6.0199e-06
1.36282e-06
7.5416e-07
4.53122e-06
2.44913e-06
1.05718e-05
9.58253e-06
1.57663e-06
9.80374e-06
8.46405e-07
1.81855e-05
6.46304e-06
5.35014e-06
1.97369e-05
1.05508e-07
1.02877e-05
5.34917e-07
1.53936e-06
9.81275e-06
6.31653e-06
1.03626e-05
4.64141e-07
1.91511e-05
2.30064e-05
8.81157e-06
1.11639e-05
1.04019e-07
6.03585e-06
5.45239e-08
1.66011e-05
3.50108e-06
2.26607e-06
1.25656e-05
3.6129e-06
1.50117e-05
1.3902e-05
1.80782e-07
2.44982e-06
1.54575e-05
1.57212e-05
7.77856e-06
7.35239e-07
8.90109e-07
1.18597e-06
1.59916e-05
5.85813e-06
5.41682e-06
4.91722e-06
9.85303e-06
4.28816e-07
5.11325e-06
9.83697e-08
7.08991e-08
2.34806e-05
1.66312e-05
1.62646e-07
5.23241e-07
7.4186e-06
7.01855e-06
8.99509e-07
1.62646e-05
1.50045e-05
2.30321e-05
1.26921e-06
1.59394e-05
1.68455e-06
1.86368e-06
7.19549e-06
1.7067e-06
6.55204e-06
1.55086e-05
5.84708e-06
5.69258e-05
1.05362e-06
1.42662e-05
6.75252e-06
7.52889e-06
1.9612e-07
1.60925e-06
5.05599e-06
4.72989e-05
5.04585e-06
2.39738e-06
7.20538e-06
6.41157e-06
6.26763e-05
1.19636e-07
5.02353e-08
5.95579e-05
1.39661e-06
4.5466e-06
9.47895e-08
5.7938e-07
6.23877e-06
1.32501e-05
3.64271e-06
4.15218e-05
7.49998e-06
9.04637e-07
2.10834e-06
1.33401e-06
5.85589e-06
2.3475e-06
4.94006e-06
1.63594e-07
1.68006e-05
2.11811e-05
6.23055e-06
7.39898e-06
1.28378e-05
5.57472e-06
3.92461e-06
1.20417e-05
5.92192e-05
1.00182e-05
3.05338e-07
8.36077e-06
1.44693e-05
9.99599e-07
7.40937e-06
2.33819e-05
7.48965e-06
1.16846e-05
1.13679e-05
8.51913e-07
2.22459e-06
1.07253e-05
3.0822e-05
2.30646e-05
1.09784e-05
1.4554e-06
4.07892e-05
9.5615e-07
7.95233e-07
2.77829e-06
1.2437e-07
1.04609e-05
8.7232e-06
9.9394e-06
1.20165e-05
2.68425e-06
9.14073e-07
2.8036e-06
2.14264e-06
9.23791e-07
3.29395e-06
9.78738e-06
9.53727e-08
9.71541e-06
9.29521e-06
2.57313e-06
2.0913e-11
4.34036e-08
4.17459e-07
1.08228e-06
9.77158e-06
6.88771e-06
8.63666e-06
9.12163e-06
3.50198e-06
1.66403e-06
8.93536e-06
9.70925e-08
7.51753e-06
1.96504e-06
8.78112e-07
1.67267e-06
1.71965e-08
1.44005e-06
8.67556e-06
1.62217e-06
2.20705e-07
8.24668e-06
5.52274e-07
1.04579e-06
8.49466e-06
1.40546e-06
5.00958e-06
2.3896e-06
6.21588e-05
4.92367e-06
8.23283e-06
3.65534e-08
6.36946e-07
7.8778e-06
8.12059e-06
1.96472e-05
8.0047e-06
7.95774e-06
6.76914e-05
1.41135e-05
1.75299e-08
1.16796e-06
7.48265e-06
9.59313e-07
2.36033e-10
7.70343e-06
7.78728e-06
3.28109e-05
7.05656e-06
2.77291e-07
3.61448e-05
1.59312e-07
3.86973e-08
3.13021e-05
2.81496e-06
1.86876e-07
7.41335e-06
7.28833e-06
2.80922e-06
1.24393e-05
6.57101e-06
7.49814e-06
7.63407e-06
1.70546e-05
3.50136e-06
8.58888e-07
8.00341e-06
2.76791e-05
4.59638e-06
8.99189e-06
4.83317e-06
7.56809e-06
4.17962e-06
4.66056e-07
5.2696e-06
7.13724e-06
4.70797e-06
1.26321e-05
1.27305e-05
6.65187e-07
6.11383e-06
6.65936e-06
1.89462e-07
6.81257e-06
2.87777e-05
1.10565e-06
6.71298e-06
2.49485e-06
1.41617e-06
9.23796e-06
4.77803e-06
2.88057e-12
4.50646e-06
7.92415e-07
2.3428e-07
1.81804e-05
4.44428e-06
6.53201e-06
1.08122e-05
1.8572e-07
3.42097e-05
4.38075e-06
1.82833e-06
1.16984e-07
4.37219e-06
1.09835e-05
1.1117e-05
1.60469e-06
3.66409e-07
1.01425e-07
1.10505e-05
6.61077e-06
3.59632e-06
1.31077e-05
1.81584e-09
3.03303e-05
3.44419e-07
1.04831e-05
3.68709e-06
1.69603e-05
1.72514e-06
1.24217e-07
4.3053e-06
1.01712e-06
5.30522e-08
6.14419e-06
1.0671e-06
1.14136e-07
3.81847e-06
9.46331e-07
6.75856e-08
2.00359e-08
5.46671e-05
1.05313e-05
4.19793e-07
7.8993e-06
1.30514e-07
7.49655e-06
1.33103e-07
3.41961e-06
1.18298e-05
8.97363e-06
6.79405e-05
1.21717e-05
5.98922e-06
1.13635e-06
2.62017e-06
8.468e-07
6.061e-06
1.56641e-07
5.19288e-06
7.43308e-06
1.4356e-05
5.8271e-08
1.07675e-06
9.09564e-06
1.44018e-05
7.92184e-06
9.20809e-06
1.15103e-05
1.45678e-05
1.07665e-06
1.36338e-06
4.62452e-06
5.45276e-07
7.53382e-07
2.75524e-05
6.20124e-06
9.07697e-07
7.51737e-06
7.55618e-06
3.17964e-05
7.55414e-07
8.01086e-06
1.19982e-06
2.40593e-06
1.29882e-05
6.3079e-07
8.88873e-07
1.78917e-06
2.27402e-06
2.1569e-05
8.74946e-07
2.00637e-06
1.91441e-05
2.30857e-05
6.13916e-06
2.96823e-05
7.65045e-06
8.53304e-07
7.12693e-06
1.27803e-05
1.97679e-06
3.06934e-05
7.68302e-06
6.84385e-06
9.05442e-06
1.21217e-06
1.28674e-05
5.19401e-06
6.34845e-05
9.45186e-06
1.89234e-07
2.82391e-07
1.29678e-07
4.39308e-05
1.06271e-05
2.79351e-08
8.85494e-06
1.38194e-05
6.51263e-06
3.23625e-06
1.91438e-06
8.65308e-06
3.13612e-06
1.06448e-05
6.73701e-06
1.3714e-05
7.42586e-06
9.1738e-08
4.29289e-05
6.60521e-06
1.11027e-06
2.85143e-05
5.21042e-06
6.60036e-05
3.27198e-05
1.16769e-05
1.29556e-07
4.02569e-06
7.14482e-06
5.98148e-06
2.95573e-05
2.22678e-07
8.89261e-06
1.00055e-06
1.83128e-06
2.9112e-05
7.11364e-06
7.65429e-07
5.69205e-06
9.36175e-06
6.69219e-07
5.74052e-06
4.09649e-07
3.37259e-05
1.38022e-05
1.56131e-06
6.77043e-05
4.69488e-07
7.68866e-06
5.55113e-06
9.34397e-06
2.42797e-07
7.46149e-06
5.89959e-06
1.61532e-06
6.07496e-06
2.8705e-05
8.52785e-07
2.23048e-05
1.56948e-07
7.27456e-06
2.86228e-05
9.79191e-07
6.75294e-06
1.85675e-05
1.46368e-06
7.64974e-07
3.45682e-12
2.72074e-05
1.76148e-05
5.84828e-06
5.19251e-07
1.15466e-07
1.37049e-06
7.04177e-06
5.88868e-07
3.68106e-05
9.72248e-07
6.03093e-06
3.07155e-06
4.03381e-05
1.47614e-05
7.4592e-06
7.43233e-06
7.45567e-06
1.35116e-05
2.73142e-06
6.19881e-06
2.94452e-06
6.14805e-07
1.07437e-05
5.58434e-06
1.99363e-06
7.11595e-07
2.15016e-06
7.78453e-08
1.62727e-05
7.41284e-06
1.32007e-05
9.28597e-06
4.6309e-06
3.32899e-06
9.59814e-06
1.61414e-05
3.8534e-07
8.50409e-06
7.26529e-05
1.83042e-07
2.67431e-06
7.32386e-06
9.68166e-06
9.83452e-06
3.30756e-06
2.63839e-07
1.57295e-06
6.62343e-06
1.99446e-06
9.6898e-06
1.07695e-05
7.57938e-06
1.1169e-05
5.25553e-07
1.11623e-06
1.37014e-05
4.77735e-06
9.55851e-06
1.07919e-06
8.54526e-06
9.4776e-08
5.69446e-08
1.16923e-07
3.53884e-07
7.72141e-06
1.17963e-06
7.38511e-06
2.4581e-06
3.55306e-07
4.15963e-06
8.74037e-07
2.33568e-07
8.61247e-07
1.18141e-09
7.8374e-08
6.34546e-05
4.42116e-05
7.95039e-06
2.74846e-05
3.29398e-06
7.77506e-06
1.12367e-06
7.98713e-06
1.7242e-06
5.15072e-06
1.02035e-06
1.6307e-05
7.23078e-06
7.19152e-06
8.33997e-06
6.65395e-06
3.65475e-06
3.48885e-05
1.84073e-06
4.54337e-08
5.95622e-06
3.36144e-05
7.88132e-07
2.09414e-05
2.07673e-05
6.46773e-07
5.09812e-07
4.13333e-07
1.19798e-05
8.76919e-06
4.22981e-07
1.08975e-06
3.67599e-06
1.83386e-06
2.066e-07
1.96635e-07
1.57072e-07
8.89462e-07
2.92466e-07
6.96618e-07
1.99246e-07
9.44714e-06
2.48927e-05
1.70823e-05
3.80773e-06
1.51491e-05
2.44186e-06
3.68703e-06
8.92062e-06
5.15144e-06
1.18364e-06
2.65714e-05
1.72225e-06
2.96561e-05
1.0879e-05
2.48835e-05
5.80854e-06
6.09297e-06
6.66119e-06
1.96417e-06
1.78672e-05
1.09909e-05
6.20034e-06
1.28035e-05
1.82986e-05
1.37051e-06
5.88552e-06
6.44011e-07
1.23038e-05
7.30527e-06
5.16691e-08
1.7807e-05
1.61474e-05
2.69484e-07
4.77515e-07
9.91813e-08
2.95476e-05
1.89983e-06
2.04106e-06
7.86223e-06
2.43882e-09
2.56132e-05
2.16395e-06
5.05412e-05
7.2109e-06
1.11656e-07
4.41213e-06
7.86522e-07
4.24579e-07
2.57758e-05
6.93472e-06
6.92498e-06
9.42953e-07
2.41353e-05
1.79383e-05
5.79868e-06
6.50948e-06
4.78371e-05
4.886e-05
5.97827e-07
7.94349e-07
8.62042e-07
1.49639e-05
1.22876e-06
7.52831e-06
1.18048e-07
1.00851e-06
1.94252e-06
3.73334e-06
3.60591e-05
8.20335e-06
3.70756e-07
3.99467e-06
6.13343e-08
7.59816e-06
2.58633e-05
1.3346e-06
5.21307e-08
9.21046e-06
9.80608e-07
1.4009e-05
2.09483e-05
6.76629e-06
1.9118e-05
1.10481e-06
8.25982e-07
5.42987e-07
2.64941e-05
1.05068e-06
9.80369e-07
2.32956e-05
2.69519e-06
1.52515e-07
3.52935e-08
1.74553e-05
2.26381e-05
1.2894e-05
1.27031e-12
3.09405e-07
1.96036e-05
9.84642e-08
4.91967e-05
7.55486e-06
1.55268e-06
1.51284e-05
4.02269e-06
6.96124e-06
5.39117e-07
1.35332e-06
6.97786e-06
5.31775e-06
1.00839e-06
1.99523e-06
2.07932e-05
9.36712e-07
1.97641e-06
8.28358e-06
2.17307e-07
8.0262e-07
4.17322e-05
1.0979e-06
7.21938e-07
1.85042e-06
1.05245e-05
1.40869e-06
5.41667e-05
3.70536e-07
2.22587e-05
3.91394e-06
2.55432e-06
7.43939e-06
1.38747e-06
4.56426e-07
2.24428e-05
1.48999e-05
1.40125e-05
1.09549e-06
3.07705e-05
2.73495e-05
9.88562e-07
6.72542e-05
3.99446e-06
1.56386e-05
1.04526e-05
2.90172e-05
6.51057e-06
9.90788e-07
2.86045e-07
7.4463e-08
2.04929e-05
3.58319e-05
2.05084e-05
4.43237e-06
4.67895e-06
9.12501e-07
8.64644e-06
1.11408e-06
2.16218e-05
1.31447e-05
9.85288e-07
2.52993e-05
3.84357e-06
2.08349e-07
2.37564e-07
6.5947e-07
7.6565e-07
1.25312e-07
1.5056e-06
1.45994e-07
1.18805e-06
1.82216e-06
1.18641e-05
4.22029e-05
2.98623e-05
4.81383e-06
8.37507e-07
9.75833e-06
2.46342e-06
8.39878e-07
2.55411e-05
1.4251e-05
3.02743e-05
1.80934e-05
1.63919e-06
1.92946e-05
5.35704e-07
1.9779e-05
3.17988e-06
1.73235e-08
5.78436e-07
1.12168e-06
7.13009e-06
5.89144e-05
1.21934e-06
9.88839e-07
2.497e-06
5.76933e-05
1.03546e-07
3.00861e-05
2.98485e-06
2.42522e-06
1.22294e-06
6.67962e-06
1.10695e-05
9.47437e-06
1.09438e-05
1.75622e-05
2.66627e-05
1.35583e-05
8.65284e-07
2.22865e-06
1.20869e-05
8.00444e-07
6.70558e-05
3.32376e-08
2.10815e-05
6.99629e-07
7.18126e-06
1.90755e-05
1.98755e-12
1.87056e-05
1.0145e-06
2.16416e-06
5.86582e-07
1.21931e-06
5.34632e-06
5.02932e-07
1.83914e-05
1.33864e-05
2.79661e-05
1.67038e-05
8.08192e-06
1.04202e-05
6.89235e-07
1.51596e-05
5.54254e-06
2.27491e-06
1.23409e-06
5.81894e-06
1.46707e-06
4.56667e-05
7.84895e-06
1.5152e-05
6.19225e-06
2.99374e-07
5.37426e-06
1.03706e-07
1.02351e-05
1.29176e-05
3.25956e-06
1.28009e-07
6.35888e-06
9.86287e-06
1.84129e-06
8.70273e-06
6.6939e-06
1.45328e-05
7.69143e-06
8.87174e-07
1.721e-06
7.12601e-06
5.00897e-06
8.01569e-06
7.34416e-06
1.84996e-06
1.69378e-05
7.74494e-07
1.58394e-05
4.89731e-06
1.34807e-05
1.94804e-06
1.97497e-06
2.34884e-07
1.22772e-05
5.83444e-06
7.5315e-06
3.67436e-06
6.00717e-06
1.24398e-05
6.28427e-06
7.14903e-06
2.22587e-05
1.22313e-05
3.52346e-08
6.42193e-06
1.63612e-05
6.69552e-06
9.65191e-06
7.01135e-06
1.56832e-07
7.30447e-06
2.04643e-06
7.6987e-06
9.08194e-06
8.10691e-06
8.56445e-06
7.73609e-06
1.63555e-05
1.08754e-05
7.92682e-06
1.00644e-05
8.31272e-06
9.39297e-06
8.71774e-06
1.82002e-06
2.67872e-06
1.57747e-05
2.02143e-06
1.31843e-06
6.03071e-06
1.60447e-05
8.22715e-07
1.56793e-05
1.84742e-07
1.58697e-07
2.16163e-05
1.05159e-07
5.25247e-07
1.10107e-05
6.55359e-07
4.36222e-06
1.98726e-06
1.52858e-05
1.04728e-05
7.42952e-06
1.49697e-07
1.06486e-05
2.14727e-06
1.08324e-05
7.07796e-07
1.10019e-05
4.91196e-06
6.15246e-07
1.30081e-06
2.79103e-06
2.77451e-05
4.53685e-06
1.40677e-05
3.49799e-06
2.04611e-07
1.03244e-05
5.70436e-06
2.92135e-05
1.49333e-07
5.94684e-06
1.242e-06
5.86885e-06
1.3061e-05
7.86694e-06
5.52739e-06
8.8674e-06
1.45663e-06
6.46205e-06
1.16607e-05
1.09664e-06
6.77799e-06
1.35492e-06
3.91217e-06
8.21146e-07
7.83068e-06
8.99454e-06
7.47483e-06
6.55594e-06
1.26718e-05
1.18784e-05
2.11889e-06
7.90934e-06
5.09373e-06
7.57619e-06
1.15548e-05
6.11258e-06
4.05727e-05
9.67036e-06
1.06118e-05
1.12435e-05
6.49503e-06
6.75775e-06
8.58979e-06
9.84351e-06
7.34652e-06
8.14384e-06
9.65028e-06
9.22053e-06
7.67541e-06
1.0347e-05
7.84349e-06
6.56966e-06
8.57687e-06
8.19114e-06
2.26685e-06
9.62351e-06
5.62281e-07
9.04475e-06
8.86728e-06
7.75204e-06
8.43776e-06
8.07531e-06
7.95803e-06
3.20649e-06
9.61749e-07
7.57072e-07
1.65791e-06
7.60786e-06
1.50604e-06
1.49427e-05
1.63515e-06
1.40842e-05
1.84148e-06
1.09383e-06
4.07875e-07
1.52919e-05
5.46375e-06
7.20768e-07
2.73681e-06
4.73481e-05
2.87429e-06
5.96443e-06
1.36055e-05
1.64576e-05
1.8858e-07
1.0582e-06
6.47349e-07
4.99592e-06
3.52221e-05
4.1585e-07
3.49977e-06
2.22312e-06
3.78633e-07
3.50687e-07
1.24859e-06
5.22872e-07
6.4886e-07
1.31241e-06
8.21204e-07
1.45499e-05
6.75081e-06
7.88479e-07
5.14675e-05
2.32836e-07
6.11736e-06
8.84896e-07
4.00405e-07
3.31943e-07
6.10866e-06
1.96953e-06
1.26648e-07
2.49654e-06
7.54968e-06
8.00671e-07
1.78325e-07
4.91131e-06
1.60392e-05
1.85961e-06
2.74149e-06
4.64948e-06
6.32283e-07
4.5951e-06
1.26077e-07
1.94794e-05
2.14234e-05
1.00661e-05
6.45985e-06
1.09915e-06
5.32915e-05
2.59556e-05
4.85594e-05
3.54707e-06
1.12965e-06
3.59849e-06
2.2492e-05
2.07049e-07
1.222e-06
1.45767e-07
4.40388e-06
6.0102e-07
1.09816e-07
8.5245e-07
1.24114e-07
2.19774e-07
4.40096e-07
3.4221e-05
5.00056e-05
5.72616e-07
9.53595e-07
2.43608e-06
9.70861e-07
2.86292e-05
2.03195e-06
4.25845e-08
1.60487e-06
7.35448e-07
4.82342e-06
2.78854e-05
7.47595e-06
2.73076e-08
2.96891e-06
2.06039e-06
6.49495e-05
4.77006e-06
4.70131e-06
7.80493e-08
6.8473e-07
7.41375e-06
2.22846e-07
2.56605e-05
5.90837e-07
5.33954e-06
1.43693e-07
1.04097e-05
3.65792e-05
5.33342e-06
3.38421e-05
4.97566e-06
2.47495e-06
4.23297e-06
1.14294e-06
5.51813e-06
8.73469e-07
7.93189e-07
1.30337e-06
4.59028e-06
7.64844e-06
5.28199e-05
2.00635e-06
1.52012e-06
3.62804e-05
2.41348e-05
4.19141e-08
7.12895e-07
1.4206e-06
3.1455e-07
1.25489e-05
5.70834e-07
2.33199e-05
3.72884e-06
4.50221e-06
1.06202e-06
4.01613e-08
9.66224e-07
4.43962e-06
2.62742e-06
1.65615e-06
4.37818e-06
2.2001e-07
4.61735e-07
3.03977e-07
4.7595e-06
1.31431e-07
9.99765e-07
2.15881e-05
3.64307e-06
3.25607e-08
7.39554e-06
2.32065e-07
5.87206e-07
5.19194e-07
5.7055e-07
4.95332e-06
7.4865e-06
2.48072e-05
2.63434e-06
1.84105e-06
9.81051e-07
9.25196e-08
1.62336e-07
1.46493e-06
6.56995e-07
1.00537e-06
2.08135e-06
5.05201e-06
4.9347e-06
1.35733e-05
8.08554e-06
6.1848e-06
2.56992e-06
6.98488e-07
2.02563e-07
2.10594e-07
2.57626e-07
2.892e-06
1.32223e-05
1.70402e-05
3.59867e-06
1.21257e-07
4.81585e-06
2.5631e-06
2.21689e-06
2.90135e-05
7.47578e-06
4.92495e-07
5.24427e-07
8.53876e-07
2.15596e-05
6.65535e-05
6.65514e-07
4.2965e-06
1.76688e-06
2.00203e-06
8.81305e-07
1.99355e-05
5.46404e-07
1.22809e-05
1.03023e-06
9.98031e-07
9.27059e-09
1.57231e-07
2.20119e-05
9.00549e-06
4.03542e-07
2.89767e-06
1.65983e-05
8.8746e-07
3.6713e-06
2.37815e-05
1.68659e-05
3.17084e-05
7.74854e-07
7.65753e-07
1.361e-06
2.32484e-05
4.91697e-07
9.87827e-07
1.05906e-05
1.46091e-08
1.49851e-09
3.98641e-06
7.6259e-07
1.34995e-06
4.25363e-07
2.1238e-05
6.38402e-08
4.98443e-06
1.8952e-06
2.63582e-06
1.83773e-06
1.2441e-06
4.9847e-06
8.66821e-07
6.11867e-06
1.34463e-05
1.14994e-06
9.10071e-07
2.90617e-06
7.4652e-06
1.47913e-05
6.5618e-08
1.26974e-06
2.16162e-06
1.97035e-07
1.21311e-07
2.42911e-06
3.11343e-05
5.31819e-09
2.89677e-07
9.28192e-06
1.55095e-06
2.20611e-07
7.4455e-06
7.40331e-06
4.84466e-05
1.27426e-05
7.45513e-06
9.82374e-07
5.4104e-07
3.56939e-06
1.28204e-05
1.00811e-06
4.4554e-07
2.19302e-05
9.28251e-06
1.14516e-05
1.21499e-07
1.51259e-08
1.8e-05
5.8129e-06
4.75167e-06
2.42327e-06
7.91081e-06
1.42762e-06
1.57395e-07
1.56577e-05
3.66266e-06
8.05984e-07
1.8796e-05
1.53012e-05
1.88894e-05
6.583e-07
6.61375e-07
7.34016e-06
7.53592e-06
1.98008e-07
5.63327e-06
1.01285e-07
3.42711e-07
5.38974e-06
3.66873e-09
1.76634e-07
1.15109e-06
1.98713e-07
3.88206e-08
5.26589e-06
6.97696e-07
3.93709e-07
4.57866e-06
6.12525e-07
1.07975e-05
6.04006e-08
3.57257e-06
1.01676e-06
1.06839e-06
3.94395e-06
1.07705e-05
3.78454e-07
1.30855e-06
3.12982e-06
1.0957e-05
1.36913e-05
8.91411e-06
7.4596e-06
6.03913e-06
1.99219e-05
1.7751e-05
1.23753e-05
2.96768e-07
4.93407e-07
5.49248e-06
2.04501e-07
9.50941e-07
8.39665e-07
9.68573e-06
9.59742e-06
4.29162e-08
1.36219e-05
6.98672e-06
2.13374e-06
9.35406e-07
2.77082e-06
7.59682e-06
1.00961e-06
4.87946e-07
1.13816e-06
6.17087e-07
6.55397e-07
5.00309e-06
6.39349e-07
1.13228e-07
1.04569e-06
2.49543e-06
7.80982e-06
3.56187e-06
5.42352e-07
6.30996e-06
5.96781e-06
1.28711e-05
8.59374e-08
9.99234e-07
1.99559e-05
1.62539e-06
3.29112e-08
1.78404e-06
6.24319e-06
1.45568e-06
1.19283e-05
9.98575e-07
9.45112e-07
2.73399e-07
3.48861e-06
7.60861e-06
3.27076e-06
1.46728e-06
4.24356e-06
7.95046e-07
1.91423e-07
1.22381e-06
2.78772e-05
9.64868e-08
6.68616e-06
5.89965e-06
2.06632e-05
6.61e-06
1.08344e-06
5.32325e-06
1.42784e-06
5.112e-06
1.05627e-08
7.77203e-06
2.07822e-06
5.43384e-06
9.25935e-07
1.14311e-08
4.72507e-06
7.25832e-07
1.1252e-05
9.74228e-07
2.28752e-06
4.87448e-06
3.73746e-06
6.52774e-07
2.16372e-05
3.92381e-06
4.05345e-06
1.4021e-05
4.0205e-08
1.58724e-06
1.24856e-07
6.26558e-07
1.0774e-06
2.43303e-06
2.14367e-06
2.68922e-05
5.78881e-07
6.02429e-07
5.68867e-08
5.71009e-07
6.51303e-07
4.82628e-05
1.13545e-05
2.86649e-05
1.33755e-05
2.59949e-05
2.19109e-07
3.01331e-05
2.46274e-05
1.89264e-06
8.89474e-10
9.41341e-06
4.05401e-05
9.51085e-07
1.13631e-06
8.25832e-06
6.02213e-06
1.4908e-05
8.05257e-06
3.30269e-08
2.60907e-05
4.08268e-06
2.27576e-07
2.35837e-06
2.95216e-07
3.45322e-07
2.18275e-05
1.80949e-06
7.31608e-06
4.28732e-08
1.43111e-05
2.62982e-06
4.00838e-07
2.42982e-06
1.17012e-08
2.51797e-05
9.95973e-06
1.79874e-07
6.45754e-06
1.07634e-06
6.75228e-07
1.89659e-08
1.84145e-06
8.11282e-07
1.85466e-06
4.0673e-06
1.20684e-05
2.32518e-06
7.43193e-07
2.54652e-07
2.13956e-07
4.75578e-06
9.28773e-06
4.88942e-06
9.80618e-07
3.8101e-07
9.02886e-06
7.1435e-06
3.1704e-06
4.59199e-06
4.45664e-07
5.22193e-06
2.82971e-06
9.78091e-12
9.14915e-07
2.39138e-07
9.43308e-06
1.81757e-06
8.0346e-07
7.42387e-08
3.92034e-08
8.45078e-07
9.09269e-07
8.35318e-07
5.44236e-05
3.1583e-07
2.88539e-05
6.41652e-07
1.65477e-06
8.98646e-06
2.05875e-07
4.59849e-06
1.71932e-06
1.64432e-06
4.81487e-06
1.95924e-07
1.07584e-05
1.58165e-06
1.0361e-06
2.52585e-06
4.39364e-07
1.53166e-06
2.00872e-05
1.53764e-06
1.2036e-05
1.44866e-05
5.10145e-08
4.20993e-07
5.15597e-07
1.85664e-06
9.22584e-07
4.64252e-08
2.81962e-06
7.02379e-06
2.00697e-07
8.17276e-06
1.73111e-05
2.07821e-07
9.88547e-07
6.38933e-07
8.71264e-08
7.54799e-07
6.07386e-06
5.14102e-06
1.22168e-05
7.30862e-07
3.94594e-05
8.4532e-08
2.27875e-05
1.27242e-05
2.32913e-05
6.33188e-06
1.52154e-07
1.01452e-06
1.2557e-06
7.46663e-06
1.55995e-05
2.06722e-05
4.4438e-05
6.17592e-05
1.22804e-08
9.95873e-07
8.53977e-07
1.02506e-06
1.2701e-07
1.83324e-06
2.77311e-06
7.10697e-06
5.44475e-05
1.59912e-07
2.55175e-06
9.15226e-06
1.3268e-05
8.25214e-07
4.72309e-06
1.09049e-05
5.15684e-07
6.46771e-08
2.74681e-06
1.13274e-05
2.95265e-07
8.55255e-07
1.4454e-06
1.20487e-05
7.4862e-06
9.47815e-07
8.65679e-07
6.59944e-05
1.49092e-05
1.07525e-05
1.40677e-05
6.41157e-07
1.52398e-08
1.97855e-05
1.3845e-06
4.62627e-07
2.49444e-06
1.07764e-06
4.95177e-06
9.19612e-06
2.36578e-06
6.54702e-07
2.06316e-07
1.79988e-07
9.77617e-07
2.08568e-07
4.52424e-07
9.50768e-07
8.51191e-07
1.61811e-05
3.77873e-05
4.01721e-06
2.51826e-06
4.45666e-05
1.70059e-07
8.50115e-07
4.98243e-06
1.34273e-06
1.17228e-05
1.944e-05
8.89082e-08
1.55457e-05
2.78136e-06
1.03973e-06
4.62509e-05
9.44354e-07
1.22273e-06
1.68376e-07
1.58284e-05
1.48616e-06
3.27815e-07
9.07645e-06
1.87827e-05
2.58637e-07
6.34032e-06
3.83794e-06
4.8367e-07
1.00408e-05
1.57031e-05
5.50261e-07
1.28582e-05
6.05413e-06
2.43582e-05
2.49527e-06
6.77082e-07
5.57374e-06
1.92268e-07
2.04974e-06
1.97087e-07
7.3321e-06
5.83235e-05
1.57149e-05
6.26486e-05
5.49215e-07
1.91758e-06
7.58701e-07
1.10407e-06
9.10666e-07
1.7921e-06
2.54193e-07
7.08518e-06
8.93065e-08
7.45902e-06
6.71231e-06
1.20662e-06
9.0503e-07
1.16882e-06
1.04175e-05
9.16445e-07
1.32625e-06
5.54266e-06
2.72618e-06
3.69226e-06
3.99573e-06
6.84767e-06
1.31907e-06
2.46128e-07
2.51553e-06
6.67249e-06
5.08055e-06
9.09577e-06
9.71556e-07
1.48157e-05
2.64881e-06
2.79015e-06
2.27404e-05
1.19819e-06
3.37366e-05
1.36185e-07
2.05421e-06
3.11984e-05
6.93992e-05
2.10189e-05
6.2709e-05
2.08723e-05
7.77606e-06
8.84295e-07
1.7705e-06
2.33504e-06
1.49855e-12
1.49012e-07
6.86492e-06
1.72765e-05
2.1649e-07
4.04861e-07
4.8329e-06
5.57203e-08
1.10411e-06
2.85567e-05
8.39847e-07
2.54757e-06
4.88788e-06
6.14874e-06
1.31653e-05
5.28009e-06
5.22116e-06
5.73277e-06
4.75036e-06
1.44989e-07
8.30174e-06
3.17009e-05
1.98259e-07
2.51249e-06
4.63259e-06
5.05176e-06
7.14487e-07
1.84994e-06
1.28934e-05
1.42462e-07
3.11958e-06
5.49043e-07
2.72389e-06
2.2843e-05
1.96354e-07
4.84141e-08
1.59814e-06
7.59984e-06
1.68103e-07
1.44292e-06
3.32737e-06
1.65071e-07
1.82802e-06
6.80739e-06
1.17373e-07
8.39163e-06
5.81863e-07
1.0659e-05
2.31029e-06
2.15233e-09
2.1312e-05
9.42361e-06
5.34571e-07
5.88225e-06
3.32241e-05
2.58799e-06
4.27794e-06
6.48681e-07
2.47976e-06
1.77584e-05
1.59624e-07
1.77996e-07
9.29158e-07
1.09426e-06
1.35613e-07
2.81918e-07
2.59396e-06
1.33207e-05
2.76271e-06
7.69253e-07
2.89978e-05
3.12808e-07
1.63127e-06
5.49404e-06
1.20981e-11
3.48652e-05
3.06022e-05
7.97327e-07
1.457e-08
9.40217e-07
1.35805e-07
1.1385e-06
9.50731e-07
2.90998e-05
7.60163e-06
3.69775e-06
6.8331e-05
5.58149e-07
5.32713e-07
2.71895e-05
1.11787e-05
4.68238e-07
7.83924e-06
1.14413e-05
2.85564e-06
5.40644e-07
1.29088e-05
1.40476e-06
9.7114e-06
6.67926e-07
3.27909e-06
9.15084e-06
8.45745e-07
2.52727e-05
5.01051e-06
8.5229e-07
3.32843e-05
8.2315e-06
2.48417e-05
9.11149e-07
2.36329e-07
1.51774e-05
1.06886e-05
2.10643e-05
1.08359e-06
1.23951e-05
2.47165e-05
3.41297e-05
8.64799e-06
1.94693e-07
2.0532e-05
4.60772e-06
1.86636e-06
1.99033e-06
9.08671e-06
1.2616e-05
2.14183e-06
5.97605e-07
1.00874e-06
1.0017e-05
7.18904e-07
6.75406e-07
3.05143e-05
1.02849e-05
1.28461e-06
9.31864e-06
1.5552e-06
3.79761e-07
9.58163e-07
1.86463e-06
7.54154e-06
4.64356e-06
5.66732e-07
8.33156e-06
1.78496e-07
1.03558e-07
3.01389e-06
3.5059e-05
2.85387e-07
9.91896e-06
1.25987e-06
3.10772e-05
1.24059e-06
4.86311e-07
8.35383e-07
1.64909e-06
5.18049e-06
1.08564e-05
7.55944e-06
1.76419e-05
1.55161e-05
3.23979e-06
3.46822e-05
1.21105e-05
4.13286e-06
3.51629e-05
1.05061e-07
1.36279e-05
9.27223e-06
1.3297e-06
7.59188e-06
6.2351e-07
5.43538e-05
4.83402e-07
3.88774e-05
1.11633e-07
2.1526e-05
9.50721e-07
3.18513e-05
7.21266e-06
5.53658e-07
9.97563e-07
1.18307e-07
2.05368e-08
1.16231e-08
6.15139e-07
4.25918e-07
7.92071e-07
2.80784e-06
1.23032e-05
1.44369e-05
2.32745e-07
9.75755e-08
1.6232e-06
9.36939e-07
1.96701e-05
6.35342e-05
4.03342e-07
6.29734e-08
1.20974e-07
2.20474e-08
6.17825e-07
1.34037e-06
4.14249e-06
4.15481e-06
1.0348e-06
6.68335e-07
5.97551e-07
6.11561e-07
1.07459e-07
4.41911e-06
1.08555e-05
7.98861e-07
9.00629e-07
1.38522e-06
1.31674e-06
5.32494e-06
1.30789e-06
4.84911e-06
3.55684e-05
6.70076e-05
1.88919e-06
2.14453e-06
1.4709e-05
3.23993e-06
7.80433e-07
1.7184e-06
6.74191e-08
9.99346e-06
9.36037e-08
5.19812e-07
3.39337e-06
2.99527e-07
6.1957e-07
2.61746e-07
3.32638e-05
2.58344e-07
3.23775e-06
1.51229e-05
1.18471e-06
6.16452e-05
3.88688e-06
2.32413e-07
9.32018e-06
3.79582e-07
1.25512e-06
1.15893e-05
4.87932e-08
1.07604e-06
3.34423e-05
1.58516e-07
4.50406e-07
9.90442e-06
1.02259e-05
1.80392e-05
8.67939e-07
4.77342e-06
8.57386e-07
4.17648e-07
1.11042e-07
4.84058e-07
1.74566e-07
1.12807e-06
8.8669e-07
1.47821e-07
8.1824e-06
1.47073e-07
3.85511e-07
1.49599e-07
3.78809e-07
2.17861e-07
1.3719e-06
1.06883e-05
4.9489e-08
1.26142e-06
6.14929e-06
1.17123e-07
6.7972e-07
9.11051e-06
9.03984e-08
5.36966e-06
1.06998e-06
6.29609e-05
4.86463e-06
1.69758e-06
1.05634e-05
3.15871e-06
3.63597e-06
1.06773e-05
7.05598e-06
1.55391e-05
1.36591e-06
9.5338e-07
1.57063e-05
7.51298e-06
8.68036e-06
1.5292e-05
1.76549e-06
1.25383e-06
9.47764e-06
5.7866e-06
1.152e-06
1.06228e-07
7.32702e-06
1.15633e-07
2.90152e-05
4.53845e-06
3.5194e-05
3.72514e-06
6.90149e-07
1.64405e-06
4.50319e-07
2.90149e-07
6.44651e-07
4.8132e-06
2.06264e-06
1.16818e-05
1.16372e-07
1.15427e-06
3.79046e-05
7.31339e-06
3.64042e-05
7.86187e-06
1.27219e-05
9.19255e-07
7.67724e-07
1.61005e-07
8.91445e-07
2.42928e-07
1.45458e-06
7.52916e-06
2.09871e-06
2.25963e-08
5.97138e-06
3.2602e-06
5.16657e-08
1.058e-05
2.17417e-05
2.05882e-06
1.67917e-05
1.86381e-06
4.20957e-07
1.97295e-06
7.20062e-06
2.26217e-06
1.07294e-06
8.30368e-07
1.46882e-07
5.96877e-07
1.14332e-05
2.95112e-07
1.44842e-05
1.70379e-06
3.14778e-09
7.82869e-10
8.98309e-08
2.95236e-07
4.859e-05
1.80664e-05
7.56399e-06
3.11356e-05
1.10088e-06
6.25756e-06
8.66424e-08
3.34531e-06
3.77702e-07
6.89468e-06
5.34713e-07
5.39404e-07
3.56572e-07
7.09531e-06
1.39803e-06
6.66364e-06
6.1456e-07
5.74415e-07
1.36116e-06
6.80528e-07
6.3949e-05
2.49244e-06
1.1056e-06
2.89383e-06
3.42333e-07
2.46509e-05
7.53407e-07
5.69119e-06
1.87998e-08
1.92825e-05
1.06506e-07
9.372e-07
5.96829e-07
1.01114e-06
6.68176e-06
5.15519e-05
2.6567e-07
2.05681e-05
1.35056e-06
5.64823e-06
2.40433e-07
3.32883e-05
5.08771e-06
5.37413e-06
1.38399e-05
1.09528e-06
2.78618e-06
1.81992e-06
7.58887e-07
6.21251e-07
1.40087e-05
8.48141e-07
1.00046e-06
4.42262e-05
4.12432e-06
4.98209e-06
1.65461e-07
2.04007e-05
4.034e-05
1.66208e-05
7.97438e-09
6.23692e-06
9.40861e-06
5.37233e-05
8.3448e-08
1.97219e-06
1.24399e-07
1.91643e-06
9.71378e-09
5.15307e-07
1.22032e-06
1.0529e-05
1.17038e-05
8.65795e-06
9.00747e-07
7.0164e-08
1.46135e-06
1.09039e-05
5.49333e-07
7.87099e-06
7.95365e-07
6.12416e-07
2.47003e-05
9.40091e-06
1.10183e-07
2.77544e-06
5.06606e-08
2.94904e-05
1.19247e-06
1.05099e-07
2.96803e-08
6.49433e-07
7.12414e-06
6.82324e-08
4.36301e-08
4.08501e-06
6.59972e-05
6.50659e-07
1.44433e-07
8.54608e-08
7.51021e-07
5.6609e-06
9.00556e-07
6.03635e-07
2.57282e-05
4.82716e-06
1.08185e-06
9.07028e-07
2.77095e-05
1.75816e-05
1.44465e-06
2.65662e-09
6.72241e-06
6.35135e-06
8.41105e-06
2.42578e-06
9.78435e-07
1.44736e-05
8.19065e-06
6.43419e-06
5.63515e-07
2.99035e-07
8.13467e-06
6.76943e-07
7.72518e-06
7.93443e-06
5.50551e-06
1.92647e-06
8.6537e-07
8.30672e-06
8.50844e-07
1.04119e-06
8.71744e-06
2.09352e-06
2.00995e-06
1.65722e-06
5.17857e-05
1.8548e-07
3.39768e-05
1.26881e-06
9.37004e-06
1.76608e-07
4.52207e-10
6.98075e-05
6.02725e-07
9.54419e-06
1.2185e-05
5.90684e-06
7.3971e-06
1.08659e-05
1.05392e-05
1.07855e-07
9.13287e-06
1.8412e-05
5.70626e-07
2.60916e-07
8.66252e-08
2.50614e-05
5.13295e-05
5.19307e-05
7.51932e-08
3.55978e-05
2.3668e-07
2.27215e-07
8.3922e-07
6.1804e-07
5.38163e-06
3.13017e-05
1.97675e-06
8.89866e-07
8.89316e-07
5.41747e-07
4.24996e-05
4.12352e-07
5.83223e-06
6.5343e-06
1.0886e-06
2.277e-06
1.95059e-08
2.07948e-05
3.41601e-05
1.01227e-07
5.15493e-05
9.21482e-07
3.67932e-06
1.96256e-06
2.48148e-05
2.44851e-06
3.0029e-07
1.43454e-05
1.1294e-07
6.97295e-06
6.62906e-06
2.91902e-05
1.31705e-07
1.15362e-08
1.22114e-06
1.44052e-07
8.82783e-09
1.17573e-06
2.68772e-07
1.47732e-05
5.85636e-08
7.37408e-07
1.57891e-06
8.98212e-07
3.22713e-07
5.42984e-07
4.83926e-05
3.26281e-06
4.3014e-08
7.82569e-07
6.47491e-07
4.62728e-05
3.42971e-05
8.20043e-07
8.62492e-07
3.64044e-06
1.02253e-07
4.13399e-05
1.31603e-06
1.745e-06
7.16982e-05
4.84189e-05
6.76718e-06
1.80388e-06
1.39255e-05
1.07035e-06
1.28309e-06
5.96723e-08
6.29982e-05
1.82491e-06
1.52413e-07
1.70662e-06
1.77253e-05
2.96464e-05
1.38779e-06
6.41372e-05
2.37364e-05
1.08144e-06
9.69197e-07
1.24326e-06
8.15771e-06
6.15358e-06
3.27009e-06
8.52462e-06
6.07874e-05
6.68758e-05
4.46425e-07
6.78736e-06
9.56236e-06
1.06081e-06
3.18838e-06
6.90476e-07
1.09723e-06
7.24391e-06
6.94368e-05
9.22303e-06
1.19167e-05
3.01824e-05
9.12897e-07
2.75885e-07
6.45737e-06
3.34647e-05
6.80408e-06
9.88365e-06
8.74188e-07
2.07285e-05
9.30017e-11
6.00853e-07
6.84987e-05
1.97582e-07
8.35073e-07
7.98444e-07
1.52116e-05
5.39898e-07
1.94768e-06
3.84885e-05
2.76541e-05
5.49726e-07
2.11581e-05
8.45039e-07
1.40575e-05
2.127e-05
2.22178e-06
3.06477e-05
1.80891e-06
1.18335e-05
1.60108e-06
1.05166e-06
7.87147e-08
1.99453e-06
5.47772e-06
1.94334e-06
1.07183e-06
1.20197e-07
2.83773e-06
6.59793e-07
1.01707e-05
1.0454e-05
8.57356e-07
7.32667e-06
2.4127e-06
9.29063e-07
1.96012e-06
7.20384e-06
4.7232e-06
2.36838e-06
1.36042e-05
1.68857e-06
3.78279e-07
2.40072e-06
1.04249e-07
7.3248e-07
1.73647e-05
3.35499e-06
3.14309e-07
7.39037e-06
1.8e-06
1.22828e-05
1.27109e-05
3.54563e-05
1.05044e-06
7.52917e-06
2.20002e-06
8.97418e-06
6.5786e-08
2.09431e-06
1.47288e-05
9.43145e-07
1.40042e-07
1.93089e-06
8.28775e-07
8.36616e-07
1.09141e-05
6.2776e-06
3.13781e-06
1.44185e-05
2.00044e-05
1.0637e-05
1.59504e-07
1.83601e-05
4.77959e-07
1.49612e-05
1.00812e-05
3.38012e-05
6.06416e-08
6.59464e-05
1.28465e-06
2.37526e-07
3.92827e-07
1.116e-06
1.48612e-08
8.29148e-07
9.40487e-06
1.01224e-06
1.58839e-06
1.16831e-05
5.49694e-06
1.7998e-05
1.22719e-05
9.61859e-06
6.66989e-07
2.06673e-07
6.83117e-06
4.16251e-06
6.43532e-05
6.83423e-07
7.55212e-06
3.22304e-08
1.34701e-07
3.13017e-05
2.13722e-06
8.29167e-06
6.53185e-07
1.58842e-08
4.12708e-06
2.44077e-06
8.60859e-06
6.16959e-06
8.16367e-06
7.66634e-06
4.69991e-06
1.69787e-07
3.6234e-06
1.18144e-05
5.79092e-06
5.03472e-06
9.5372e-07
6.58997e-05
1.21058e-06
3.29568e-07
1.12285e-05
2.20195e-05
6.56666e-07
7.41661e-06
5.49552e-06
1.53012e-06
4.30028e-07
1.54259e-05
4.55518e-05
8.38318e-07
5.10963e-07
8.46524e-07
6.8181e-06
1.8467e-06
7.12487e-06
2.58796e-05
9.12526e-07
6.69772e-05
7.27176e-07
2.78631e-06
1.05857e-07
1.13222e-05
6.84589e-07
3.36411e-07
4.16673e-06
6.12177e-07
5.25698e-06
1.51714e-05
3.49214e-06
1.32713e-06
3.94485e-06
4.35072e-07
1.33415e-08
1.07529e-06
6.22566e-06
2.32482e-05
1.65376e-06
2.83968e-06
7.57494e-06
1.22227e-06
1.37895e-05
3.10726e-06
3.84586e-06
1.86592e-07
1.49363e-06
6.32324e-06
1.64036e-07
6.53838e-07
5.28982e-06
6.17774e-07
8.0031e-06
1.24273e-05
9.32767e-07
1.0132e-05
2.77732e-05
2.24368e-05
1.10254e-05
5.51027e-08
1.46344e-05
3.17229e-05
3.02736e-10
1.61383e-07
8.54916e-10
1.12627e-06
5.96687e-07
8.65569e-07
1.10554e-05
2.30965e-05
4.05616e-06
1.24567e-05
7.34076e-06
6.57481e-06
1.18415e-07
4.52595e-05
5.72022e-06
3.00073e-05
1.01855e-05
6.87015e-06
3.45051e-07
9.38289e-07
9.52833e-06
7.85575e-07
2.06599e-07
9.4881e-06
2.43623e-08
8.37807e-08
6.05525e-07
9.74121e-06
1.34814e-06
8.18881e-07
9.89422e-07
2.88381e-05
5.49206e-07
1.08233e-06
1.81138e-06
6.09556e-06
8.34663e-06
8.47839e-06
1.10978e-06
5.18708e-06
8.5825e-07
5.70981e-06
1.32577e-07
1.23388e-06
4.33349e-06
5.18101e-06
7.40464e-07
1.33491e-06
8.69927e-06
5.24721e-06
1.17289e-06
6.78783e-07
1.22024e-06
7.83913e-07
5.10527e-08
7.6925e-06
2.24821e-08
8.24684e-06
7.66604e-06
7.77928e-06
1.22776e-06
4.86499e-07
1.79233e-06
1.06133e-06
4.29833e-07
3.72773e-07
6.83911e-05
1.34269e-07
1.36392e-05
8.16454e-07
2.50748e-06
2.06857e-06
1.43916e-06
1.68508e-07
1.10473e-06
3.2332e-07
1.21272e-05
6.53089e-07
2.73338e-07
3.8228e-05
7.40435e-07
1.23423e-06
3.35252e-07
7.47233e-06
1.88234e-05
2.64053e-05
4.00574e-11
4.04102e-07
3.68826e-05
3.17716e-07
1.44001e-06
1.27098e-06
4.50198e-05
6.89721e-05
1.06973e-06
1.34609e-06
1.94758e-06
7.3518e-07
5.85796e-05
6.70981e-07
4.29391e-05
5.28364e-07
5.84867e-05
6.87058e-06
3.47139e-05
2.41162e-06
2.378e-07
5.97062e-06
1.55807e-06
5.96186e-05
3.52677e-06
3.68744e-07
1.30534e-06
5.89676e-07
5.06675e-05
1.12553e-06
2.49709e-06
2.65729e-06
7.35685e-06
1.88183e-06
6.25552e-06
2.34668e-06
1.69754e-07
8.00864e-07
1.91307e-07
9.65565e-06
1.12024e-05
2.12181e-07
4.95408e-05
9.11638e-07
8.87237e-07
8.62796e-06
6.2789e-05
8.09341e-06
4.91846e-06
1.89755e-08
1.36514e-05
5.50462e-07
1.52528e-05
3.0751e-05
9.98328e-06
2.61243e-07
7.62108e-06
2.57714e-06
5.98511e-06
3.28964e-06
7.56705e-06
8.41535e-07
1.80592e-06
6.22324e-06
2.96192e-06
1.62521e-05
4.13731e-06
1.15437e-06
7.25462e-06
1.97766e-06
5.65274e-08
9.39632e-07
7.35645e-06
6.71373e-05
1.89724e-05
1.43131e-06
8.16366e-06
3.77684e-07
6.92852e-06
2.80021e-05
6.32459e-06
7.76642e-07
2.16391e-06
1.30386e-06
9.55948e-07
2.88136e-06
3.34883e-07
4.73104e-06
2.55652e-06
1.53652e-07
8.0504e-07
1.77194e-06
2.48976e-06
7.05004e-06
7.25309e-07
2.43972e-06
7.26006e-12
6.13119e-06
1.1894e-06
6.62137e-05
1.38987e-05
1.04467e-06
1.82999e-06
2.0615e-06
2.17746e-07
4.47511e-05
1.66629e-06
5.5516e-06
3.5546e-09
2.23809e-05
1.99423e-05
2.56886e-06
3.48773e-07
8.093e-06
1.17606e-05
8.2316e-07
2.53903e-05
1.54588e-06
6.69597e-07
6.14827e-06
6.72178e-06
6.80213e-07
4.04578e-06
6.77591e-06
2.87496e-05
5.08687e-07
3.19871e-05
1.59762e-05
3.23613e-05
1.15824e-06
4.90742e-07
1.28802e-06
1.18921e-06
2.44463e-08
1.63447e-07
3.28606e-08
4.39551e-06
1.04392e-06
1.69159e-05
8.78427e-06
1.21918e-07
1.0447e-06
6.47062e-06
1.51402e-05
4.42242e-05
1.96599e-07
5.52878e-06
4.93981e-07
5.20811e-06
1.35224e-06
4.83522e-06
4.93121e-05
2.72389e-06
2.97346e-06
4.41365e-05
6.46639e-07
1.14025e-10
6.71616e-05
9.77643e-07
2.36997e-06
6.47047e-07
2.5005e-06
8.1286e-06
1.13203e-06
1.26519e-06
1.29361e-07
3.75868e-07
3.81108e-06
1.70004e-06
1.00649e-07
2.07843e-07
1.04333e-05
3.42953e-07
1.90851e-05
1.78868e-07
6.05342e-07
1.06631e-06
1.98241e-05
9.0808e-06
2.15466e-07
2.47951e-05
8.07654e-07
7.36458e-06
5.87215e-05
2.92309e-05
2.15465e-05
2.78145e-05
6.58129e-07
1.93459e-05
4.35165e-08
8.55867e-07
8.73703e-07
1.55287e-05
4.96654e-07
1.85592e-06
2.65549e-07
4.03292e-06
8.71692e-07
8.22114e-07
1.30715e-06
2.94713e-07
8.44038e-07
1.28164e-05
1.48018e-05
1.15815e-05
4.27263e-05
2.73798e-07
1.76975e-06
4.62485e-05
6.25135e-08
8.16708e-07
1.05956e-05
5.50735e-08
2.10406e-06
1.33112e-06
1.91299e-06
3.77145e-06
1.1652e-06
4.93854e-07
1.68305e-07
5.99709e-06
1.64262e-05
2.31731e-06
7.13801e-07
5.16312e-07
6.90149e-06
6.88772e-06
3.84662e-07
6.06282e-07
5.73429e-06
7.13228e-06
1.13112e-07
9.1665e-06
4.81603e-06
9.91624e-07
2.79215e-06
1.33356e-05
4.10912e-05
1.01916e-07
1.42225e-07
4.81613e-06
1.477e-07
2.29251e-06
9.65155e-09
1.44804e-07
1.99961e-07
8.41631e-06
1.30384e-06
7.77944e-06
8.42664e-06
7.251e-07
6.25451e-06
1.07003e-05
8.25047e-07
1.10118e-07
4.28543e-08
8.03093e-07
1.16408e-07
3.7049e-06
3.09454e-06
9.57272e-06
6.8192e-06
9.80269e-06
1.03605e-06
9.16256e-06
1.03054e-05
5.28902e-08
4.79757e-11
9.91963e-07
3.92209e-07
8.95168e-07
6.95197e-07
5.17247e-07
7.01972e-06
1.33627e-06
2.99261e-06
1.22434e-05
1.17892e-05
2.49447e-06
3.83094e-06
1.17955e-05
5.0711e-05
1.44211e-05
1.70562e-05
3.13472e-05
2.09513e-06
4.84753e-07
5.06561e-07
1.75422e-06
1.00408e-05
5.45842e-08
6.10262e-07
3.56711e-08
1.25615e-05
3.21468e-06
5.58682e-06
4.87392e-05
6.20664e-05
5.61564e-06
1.16705e-06
8.45822e-06
7.832e-07
6.30821e-07
1.69716e-10
3.2832e-07
1.03709e-06
5.99549e-06
5.02965e-07
7.9301e-07
2.94938e-05
1.15905e-06
1.33877e-05
4.80393e-07
2.97147e-07
6.07021e-07
1.00582e-06
2.45208e-06
2.21306e-11
1.15019e-05
2.58005e-07
5.98987e-07
4.10202e-06
1.03935e-05
3.89341e-06
3.14971e-06
1.00491e-06
4.14027e-05
3.30523e-06
9.12025e-06
1.94531e-06
8.24325e-07
7.85535e-06
6.39451e-05
2.71787e-08
1.49382e-07
2.80498e-07
6.68565e-06
6.04434e-06
2.61903e-05
9.52657e-06
1.38195e-06
5.11699e-06
1.88157e-06
4.65183e-05
3.94788e-06
5.66971e-05
8.40807e-06
6.45307e-07
1.05522e-07
5.04439e-06
1.28567e-05
2.38468e-06
1.45841e-06
1.93465e-06
1.35582e-07
4.32146e-07
2.79991e-08
5.55743e-05
8.65961e-08
3.83243e-07
2.86863e-06
5.08297e-05
2.08469e-06
4.87683e-06
7.53593e-06
1.37358e-05
2.39609e-05
5.44114e-06
3.52322e-07
5.06447e-07
2.54706e-06
1.05817e-05
7.64731e-07
1.46666e-06
2.7563e-05
2.37241e-06
9.71038e-06
8.57574e-07
3.47671e-07
3.83295e-07
4.93719e-06
1.04403e-06
2.21515e-07
1.35232e-05
5.54546e-08
7.07788e-07
9.67785e-08
1.77481e-06
2.67005e-06
2.81046e-06
1.98351e-06
1.91006e-07
3.01531e-06
1.57406e-06
1.32146e-07
1.27299e-06
6.50742e-07
7.40324e-06
5.43525e-05
2.02513e-06
1.44418e-07
5.26774e-06
2.8521e-07
5.92765e-08
7.94537e-07
1.70792e-05
2.59123e-08
8.2976e-08
8.61845e-07
9.4702e-07
5.29936e-07
1.81354e-05
6.67001e-07
7.06941e-07
2.6304e-06
4.87521e-05
1.49225e-06
1.02903e-05
7.2516e-06
6.68669e-07
9.38497e-08
4.54164e-06
4.22088e-05
7.9174e-07
1.73005e-06
2.65806e-09
1.31418e-05
2.94672e-06
5.15916e-06
2.42131e-06
7.66629e-06
3.26888e-05
6.31207e-07
3.27793e-08
7.50593e-06
1.10751e-06
5.56974e-06
4.28787e-06
3.81531e-06
3.18252e-07
3.23073e-06
1.4491e-05
4.39454e-06
1.13464e-06
8.80905e-07
3.65192e-06
7.25424e-07
8.78378e-07
1.18401e-06
7.06095e-06
8.22903e-08
1.15907e-06
3.91195e-06
8.78219e-07
3.42062e-07
5.46967e-06
1.45103e-05
2.00185e-07
1.64622e-06
3.49011e-07
4.16995e-06
5.41501e-07
7.55055e-07
5.02219e-06
3.75132e-05
1.07846e-06
1.2642e-06
1.23939e-07
5.67541e-05
2.84864e-05
1.03246e-07
2.60423e-06
5.70027e-07
1.80562e-07
6.00984e-08
1.16562e-05
2.24092e-06
5.08968e-07
7.27158e-07
7.32594e-08
3.96715e-07
4.58622e-07
3.061e-07
3.86196e-06
4.51943e-06
4.46447e-06
8.50779e-07
1.68234e-06
6.69464e-07
7.52575e-06
7.56144e-06
9.08899e-06
1.27274e-07
6.59487e-07
2.86522e-06
1.88092e-06
6.96502e-05
8.50522e-06
9.65511e-06
5.32931e-06
1.97677e-06
2.51293e-05
1.11333e-06
3.98649e-06
1.35875e-06
1.11393e-08
2.0195e-08
7.43081e-06
2.44095e-05
7.27371e-07
1.4898e-07
1.14788e-05
1.05163e-07
3.2248e-06
6.27613e-07
3.36837e-05
1.92548e-06
5.76576e-07
3.42178e-06
5.50603e-07
1.4569e-05
3.86638e-07
1.70655e-05
5.44845e-06
6.66749e-07
2.3383e-06
1.40085e-06
1.39264e-07
1.32474e-07
8.34001e-07
1.1189e-06
1.45406e-06
2.38755e-06
5.82891e-07
2.35149e-06
2.64929e-06
4.11153e-05
1.96283e-05
5.90879e-07
4.04344e-05
4.42684e-05
4.28885e-06
4.64631e-07
2.1703e-06
1.61512e-06
9.22016e-08
3.41402e-05
7.06766e-10
2.32642e-05
6.96616e-06
2.74407e-08
3.99821e-06
1.01846e-07
1.36788e-05
1.78124e-06
6.65068e-05
1.25542e-05
1.96425e-06
1.44446e-06
1.35417e-07
6.89652e-05
5.90784e-07
8.67511e-07
1.33281e-05
5.50828e-08
1.09261e-07
1.47487e-06
5.91452e-08
1.6904e-06
1.54621e-05
3.16683e-07
2.78085e-06
3.79595e-06
7.60883e-06
4.76553e-05
1.09099e-05
1.47206e-08
3.11201e-06
9.51194e-07
9.35566e-07
1.00816e-05
1.931e-07
5.69527e-06
3.81504e-06
3.59646e-06
1.95428e-06
6.37884e-05
6.83876e-06
3.08833e-05
7.51633e-06
2.12506e-08
9.22951e-06
1.35412e-06
1.07706e-06
1.42437e-05
4.21457e-05
1.93179e-05
7.58352e-06
8.12687e-07
9.61802e-07
2.11215e-06
6.56822e-06
1.16628e-06
2.12315e-06
4.88466e-08
6.12936e-06
1.90792e-06
4.02972e-07
6.50254e-06
5.39197e-08
3.35145e-07
2.20103e-06
6.64456e-06
2.49852e-06
5.86581e-06
8.74374e-06
1.82041e-07
8.2214e-08
3.40389e-06
4.63552e-06
5.82505e-06
3.73729e-06
6.67467e-06
4.63932e-07
4.63468e-06
1.0754e-06
7.39906e-06
5.97104e-06
1.4416e-06
5.24014e-07
2.24432e-06
3.12761e-08
4.74318e-06
1.74466e-06
3.2673e-05
4.48619e-05
1.4781e-07
2.72014e-07
1.0197e-06
5.81672e-06
2.4382e-09
1.02814e-07
2.14453e-05
1.233e-07
1.67962e-07
9.67876e-08
5.26319e-08
1.81946e-07
7.18469e-07
1.42809e-07
2.12659e-07
4.6517e-05
4.40452e-05
5.29034e-08
1.08753e-05
2.87305e-06
5.04432e-06
8.03955e-07
7.74247e-08
8.58419e-09
3.99952e-06
4.91944e-06
9.78613e-07
1.58224e-08
7.43538e-06
1.86932e-05
6.46496e-07
6.64293e-06
8.60399e-07
7.91244e-07
6.0292e-06
1.83569e-06
3.59757e-06
7.70979e-06
1.32129e-05
3.77981e-06
7.71997e-06
2.2494e-06
6.33412e-06
1.09755e-06
1.31063e-06
1.42403e-05
3.85241e-06
3.86149e-07
1.50228e-05
4.55497e-06
1.00552e-05
1.20863e-05
1.92008e-07
7.44777e-07
2.93171e-06
9.10486e-08
8.64889e-07
7.46392e-06
2.37101e-06
9.77792e-06
2.64795e-05
1.1268e-05
3.51908e-05
4.71065e-07
7.15596e-06
4.50891e-05
1.4539e-05
4.44535e-06
1.20319e-06
5.26892e-06
6.11382e-07
6.70054e-07
2.95614e-06
9.98601e-06
3.47991e-08
1.15832e-06
1.74072e-05
4.84426e-07
1.77338e-07
8.06059e-07
5.60705e-07
1.34515e-05
8.13157e-07
1.81819e-07
1.37117e-07
1.44579e-07
6.94264e-07
7.512e-07
1.0902e-07
2.49001e-05
8.28221e-07
7.5022e-07
1.36603e-06
1.85649e-06
3.44616e-06
1.42757e-06
9.40485e-07
1.17278e-07
1.28764e-06
3.01497e-06
1.2715e-06
8.5298e-07
1.82847e-07
1.09188e-06
7.22957e-07
4.92223e-05
7.55562e-07
2.42559e-06
1.30637e-06
1.16196e-05
6.21807e-06
1.39349e-07
3.997e-06
6.89924e-08
1.13722e-06
2.12443e-05
4.67085e-07
3.82275e-05
6.64144e-11
8.97621e-07
1.60795e-06
1.75353e-05
2.18707e-05
1.09911e-06
6.90121e-05
6.74729e-06
7.11791e-07
1.06844e-06
1.84734e-08
1.21004e-06
7.16336e-06
1.30846e-07
7.9587e-06
5.27903e-06
4.52931e-05
9.68265e-07
4.87498e-08
1.022e-05
3.948e-06
1.85868e-06
2.1925e-07
1.15784e-06
3.90079e-06
7.5022e-06
3.5102e-06
5.74511e-07
3.99952e-06
4.71806e-08
1.26423e-06
7.52521e-06
6.21302e-07
3.51395e-06
1.18998e-06
1.10717e-06
5.63667e-05
1.16736e-06
9.50258e-07
1.19565e-05
1.34457e-05
7.73467e-07
1.40835e-06
9.9619e-07
2.16925e-07
3.75999e-06
1.08214e-07
2.36652e-06
1.69345e-07
3.07173e-05
4.91444e-08
1.03339e-05
5.27465e-05
4.50722e-06
1.17363e-06
1.73788e-06
6.04488e-07
1.04448e-06
3.41239e-06
5.87989e-07
4.01141e-06
2.15102e-06
4.62544e-06
2.42015e-06
1.35681e-06
3.08021e-05
9.29177e-07
1.99539e-12
1.28225e-07
3.05044e-07
4.20115e-05
7.40896e-06
1.39154e-06
2.38803e-05
1.04252e-05
1.15531e-06
1.11358e-06
5.34689e-06
4.87201e-05
6.79373e-08
6.373e-07
4.99952e-06
1.41182e-06
2.1382e-07
2.04252e-06
8.04985e-07
2.79341e-06
8.956e-07
5.14791e-06
5.74455e-07
9.65914e-07
1.31616e-06
1.05692e-06
1.78475e-05
1.45572e-06
1.49528e-07
7.29105e-06
2.93592e-06
2.76189e-08
7.57731e-07
1.79194e-06
5.15596e-05
5.59945e-05
7.99432e-07
3.52863e-06
2.09266e-06
8.78303e-07
3.66991e-06
2.25871e-06
4.80606e-05
2.01075e-07
2.52385e-06
1.23442e-06
2.5597e-06
2.19016e-06
6.29484e-07
9.0286e-07
1.53674e-06
3.97418e-05
5.46717e-05
8.78279e-07
1.43571e-07
2.3233e-06
3.24135e-05
2.58117e-06
4.84413e-07
5.34559e-07
1.38206e-07
1.87681e-06
1.0222e-07
1.96232e-07
5.24125e-06
3.21247e-05
1.28458e-05
8.18532e-08
6.7991e-07
8.49712e-07
8.71145e-07
1.11503e-06
1.82882e-07
3.00896e-07
5.78057e-07
1.60552e-06
5.37808e-06
8.20846e-07
4.67608e-07
6.8507e-05
5.665e-05
5.76601e-09
3.72496e-07
1.34911e-05
1.08456e-06
2.06338e-07
9.30118e-07
1.28267e-07
4.04047e-08
7.95697e-08
1.83213e-06
5.46912e-08
3.98569e-06
3.18857e-06
2.31685e-08
1.16637e-05
8.59823e-07
6.12439e-05
7.68499e-08
3.79579e-06
1.01652e-06
1.32785e-06
6.54634e-06
1.86917e-05
2.72372e-06
1.24795e-06
1.04116e-06
7.279e-08
5.35216e-07
2.7445e-07
5.08717e-07
5.85576e-06
4.03819e-06
2.80361e-07
4.85339e-06
5.73171e-06
8.85262e-07
1.2587e-06
1.37762e-06
4.89737e-07
6.02334e-07
1.81071e-06
4.12735e-06
2.81308e-07
1.34867e-06
6.28017e-06
3.4011e-06
2.6889e-06
8.91364e-08
1.65237e-06
1.38996e-06
4.38152e-05
6.90911e-07
6.68074e-07
5.158e-07
8.89977e-07
4.52925e-07
1.42271e-05
3.56275e-06
1.26646e-09
1.95674e-07
7.21446e-05
5.38102e-07
1.19978e-06
6.55097e-08
8.62181e-07
1.52442e-07
1.13242e-06
2.22988e-06
3.38622e-05
2.1787e-06
7.33228e-07
1.70235e-07
1.21729e-08
4.55086e-05
5.50259e-07
1.28721e-06
2.36306e-07
6.18859e-06
5.81046e-06
1.4166e-06
1.97087e-07
1.65407e-06
2.50013e-06
1.79171e-06
1.55985e-06
1.15653e-06
2.29134e-06
9.21882e-07
4.65954e-07
1.22641e-11
1.25967e-06
1.29039e-05
2.33258e-06
4.46117e-05
3.69544e-08
8.72853e-08
7.36253e-07
9.15333e-07
7.97894e-07
7.41403e-07
4.41429e-08
3.99961e-06
7.73659e-07
1.25053e-06
2.20352e-06
1.48967e-05
1.13876e-06
5.15932e-05
2.65896e-05
1.36126e-07
1.62535e-06
1.59589e-05
6.97391e-07
1.97245e-05
4.2231e-06
2.61239e-06
1.47828e-06
6.25474e-06
1.1432e-06
8.31053e-06
1.06529e-06
8.38747e-07
3.6587e-06
1.16292e-05
9.85002e-07
5.04972e-06
2.24815e-06
1.90012e-07
1.39485e-05
3.20341e-07
9.76376e-07
2.7276e-08
6.55378e-06
1.69414e-05
8.46945e-07
1.08112e-05
1.35066e-06
7.66493e-07
3.09918e-05
2.84594e-05
3.89358e-05
3.67851e-06
2.67133e-07
4.64631e-10
5.70384e-07
4.50195e-07
5.705e-06
2.12705e-06
1.79829e-07
6.81126e-06
1.64607e-05
1.04547e-05
5.51986e-06
6.0128e-06
3.4195e-07
1.55733e-07
2.02936e-06
7.91244e-07
1.29971e-07
1.00078e-06
3.31245e-08
5.25763e-07
4.68317e-08
8.58339e-06
2.45495e-06
1.09058e-10
1.07371e-05
7.66566e-06
2.0256e-05
4.48702e-06
1.60791e-06
3.71329e-06
5.60091e-06
6.81747e-08
5.93302e-07
8.29131e-07
1.89617e-08
1.3975e-06
7.3832e-07
8.32106e-07
5.67531e-06
1.94513e-07
9.01629e-07
1.70832e-06
5.30591e-07
5.45585e-07
5.75516e-06
3.08752e-07
1.86546e-06
2.58764e-07
4.63656e-06
8.68036e-07
1.00386e-06
3.695e-07
4.61275e-08
1.57771e-06
2.51956e-06
3.28301e-07
4.31897e-06
1.67928e-06
3.77936e-06
1.04075e-06
1.40048e-06
6.53744e-06
2.58547e-06
2.48073e-06
2.9546e-05
1.97849e-06
1.66871e-05
6.03673e-07
9.85159e-08
1.19367e-06
4.11293e-08
1.93437e-05
1.41786e-06
1.23102e-06
7.54878e-07
7.51049e-08
2.80449e-07
5.37402e-06
4.43314e-07
3.87847e-06
6.60558e-06
3.48365e-06
8.15505e-08
6.03334e-07
9.6495e-08
4.51979e-06
7.92888e-06
2.24017e-05
3.3024e-05
4.34709e-06
6.85176e-07
6.25858e-08
8.62464e-07
2.18942e-07
5.60333e-07
8.33607e-06
3.74884e-07
3.50293e-07
6.68361e-07
3.15149e-05
1.35388e-05
9.48778e-07
6.32317e-06
2.65599e-07
3.39166e-09
2.32656e-07
1.0863e-06
3.64401e-07
4.50858e-05
2.66618e-06
4.96327e-07
7.42477e-06
3.96658e-08
1.71276e-05
1.07697e-06
1.03369e-05
4.18317e-06
7.47375e-07
2.1232e-05
4.57911e-06
2.47614e-07
2.3644e-07
1.35578e-06
3.04479e-06
1.85325e-07
6.917e-12
2.47984e-05
1.66014e-07
3.46947e-05
4.3485e-06
9.40775e-07
4.44039e-07
2.57623e-05
7.77501e-06
2.14001e-07
8.82529e-07
6.49175e-07
4.88093e-05
1.79117e-07
2.08405e-08
5.35218e-06
1.88953e-11
1.65381e-05
2.96542e-05
7.54062e-06
2.85716e-06
2.82258e-06
1.22218e-05
1.01058e-06
5.04061e-06
1.81566e-06
1.20171e-06
3.75949e-08
1.01962e-06
4.46545e-06
1.7988e-05
3.05139e-07
8.70891e-07
6.43656e-07
4.10604e-06
4.49863e-06
8.07559e-07
1.75006e-05
4.41185e-06
7.86214e-07
2.56839e-06
7.44944e-07
3.96693e-06
3.97633e-06
1.40514e-05
1.49589e-05
3.04743e-07
2.98228e-05
3.81332e-06
3.81391e-05
5.64462e-07
4.79839e-06
3.98757e-05
1.05928e-06
6.5794e-07
1.7282e-05
2.07203e-07
1.38844e-06
6.64019e-05
3.66444e-10
8.40696e-07
4.50187e-06
2.23083e-06
7.34379e-07
7.04641e-06
3.57089e-05
1.97578e-07
3.17655e-05
3.08925e-07
1.7606e-05
7.67588e-07
2.77413e-06
3.33891e-06
7.64477e-07
7.62797e-07
8.26833e-07
1.06768e-05
2.62803e-06
3.53028e-08
2.13595e-05
2.13596e-06
4.89569e-07
9.09237e-07
1.48872e-06
4.80301e-05
2.00179e-05
1.58278e-07
6.71761e-08
8.91427e-06
4.7621e-06
1.93551e-07
1.79099e-06
1.18822e-05
4.27667e-05
9.92787e-07
1.75996e-07
1.89964e-06
2.45009e-06
7.42926e-07
9.43971e-08
5.70799e-07
4.67615e-06
1.66321e-06
7.54892e-06
2.7715e-05
1.03093e-07
8.34563e-07
6.50538e-06
3.51171e-06
3.74705e-06
9.50109e-06
5.26676e-07
1.05051e-06
6.77203e-07
3.81554e-08
7.47681e-07
1.44151e-10
5.40701e-05
3.31781e-07
7.40499e-06
3.7958e-07
7.33485e-07
5.49275e-06
2.44395e-06
4.05795e-06
7.16416e-07
6.72552e-07
1.26801e-07
1.26077e-06
3.93572e-05
5.58776e-06
5.36283e-05
1.31992e-08
3.79368e-07
1.26908e-07
2.93477e-06
3.13123e-06
2.77222e-07
7.86673e-07
1.44518e-07
3.95765e-07
5.69688e-08
9.19598e-09
5.14978e-07
6.41735e-08
2.35016e-06
4.66085e-05
4.501e-07
4.9963e-07
1.18139e-05
2.60964e-05
3.78683e-06
2.01348e-05
2.06921e-06
9.02152e-07
2.48358e-06
5.35924e-08
7.40765e-07
3.37483e-07
9.16188e-07
1.01425e-07
2.81878e-06
4.21108e-07
5.13897e-07
1.92152e-06
1.28757e-06
1.33385e-06
6.50421e-07
1.7309e-05
1.17269e-06
8.8725e-07
4.49849e-06
8.68223e-08
4.73583e-07
2.52363e-05
8.71871e-07
2.94284e-06
1.22842e-06
1.12983e-06
1.90949e-06
1.39913e-05
5.16235e-06
3.40227e-06
5.29588e-06
7.28162e-08
1.92958e-05
1.27359e-06
5.81282e-07
2.02315e-07
4.61504e-07
2.08619e-07
2.02118e-07
2.20856e-05
5.74297e-08
6.88602e-07
1.98512e-06
2.18734e-05
2.28549e-06
1.7867e-07
7.39294e-07
1.45408e-06
8.78802e-07
6.90769e-06
7.68609e-07
1.91452e-06
9.67295e-07
2.98073e-06
1.36301e-06
2.57021e-06
6.92773e-07
5.88276e-07
1.28256e-06
3.72173e-07
1.41515e-06
1.97942e-06
9.32911e-07
8.58933e-07
5.41065e-07
4.63019e-06
1.02178e-06
1.95926e-05
8.66033e-06
3.95374e-06
5.87981e-07
2.95257e-07
2.83547e-05
7.16734e-07
5.42952e-06
2.11294e-07
1.73485e-06
3.06091e-06
1.0905e-05
6.62253e-05
1.59683e-08
5.02526e-11
3.19438e-06
4.53548e-05
3.34936e-06
2.33007e-07
2.12539e-07
5.0467e-05
7.14019e-05
4.7294e-06
6.61396e-07
6.01151e-07
2.68159e-07
2.90034e-07
9.58859e-06
6.5666e-08
9.76331e-07
1.92818e-06
9.50759e-08
7.61228e-06
1.39749e-06
3.76339e-06
9.34532e-06
2.82183e-06
1.00535e-06
3.37633e-06
1.33852e-06
6.17521e-08
1.60682e-06
1.84319e-06
1.58797e-06
5.33871e-05
4.67471e-06
2.77464e-07
9.64157e-06
6.41389e-06
6.81783e-05
1.60473e-06
7.90153e-07
1.95215e-06
7.97331e-07
3.25005e-06
2.98568e-06
1.19404e-06
3.36055e-11
4.33927e-07
4.31925e-05
1.21194e-05
5.71955e-07
4.45691e-06
6.57477e-07
6.23688e-07
1.01569e-05
1.4298e-06
4.3139e-05
2.89954e-07
7.56557e-06
7.40523e-07
1.12422e-05
3.26343e-05
2.51445e-07
9.8469e-07
7.7723e-07
2.1649e-07
2.07047e-06
1.95563e-05
8.99501e-12
7.57828e-07
2.28275e-06
9.51237e-07
5.29233e-07
3.91768e-06
4.23073e-06
7.6338e-07
3.96385e-05
1.70784e-06
4.28917e-07
7.71837e-06
4.33454e-07
2.30959e-06
6.56004e-05
2.76991e-05
5.0434e-06
2.3203e-06
1.18617e-06
1.06606e-07
5.21662e-07
5.70587e-07
8.88583e-07
2.94006e-07
1.82401e-06
1.17403e-06
1.85588e-06
4.79879e-06
1.03463e-06
1.18772e-05
2.51364e-05
1.21385e-05
3.84987e-05
1.88316e-05
1.11408e-06
4.98355e-06
2.15916e-07
4.41767e-07
7.76601e-06
4.52882e-09
9.78628e-07
7.49619e-06
1.15803e-05
1.66948e-05
1.19548e-06
8.74822e-07
4.25261e-06
1.52701e-06
8.91036e-07
2.53022e-06
1.42053e-07
2.61732e-05
2.81806e-05
2.05793e-05
3.29672e-07
1.09824e-06
1.64211e-06
3.02174e-06
9.19174e-06
1.03012e-05
6.08376e-06
6.9033e-07
1.66568e-07
1.01656e-06
1.63016e-05
1.36822e-07
9.12662e-12
6.52107e-07
8.99999e-06
1.06839e-06
5.43704e-05
3.32176e-07
7.26793e-07
9.60523e-07
2.44762e-06
9.9285e-07
1.58276e-05
1.16401e-06
2.66508e-07
2.30034e-07
4.06671e-06
3.01519e-06
1.3185e-05
3.27339e-07
2.23589e-06
1.95805e-06
2.62833e-06
1.69405e-07
5.86559e-07
7.15113e-08
2.13886e-07
3.96423e-07
6.03421e-07
6.62216e-07
1.73831e-06
3.00228e-05
1.61564e-06
1.94551e-08
7.77762e-07
4.34448e-07
6.24736e-05
8.37324e-07
2.53473e-07
9.77328e-07
1.76333e-07
2.32066e-06
8.99886e-07
4.31519e-06
5.56111e-08
2.5164e-06
7.30045e-07
4.14113e-07
3.84509e-05
1.32644e-06
1.5787e-06
4.15665e-05
8.06613e-07
7.58882e-07
3.39685e-05
5.74081e-07
1.23081e-06
7.90031e-07
1.24545e-08
1.17993e-06
1.83338e-05
1.21396e-06
5.47302e-07
2.20708e-07
4.14661e-07
8.59078e-07
1.90417e-06
4.85747e-08
5.14883e-06
9.65532e-06
3.65683e-07
1.26539e-06
1.64801e-06
1.34727e-06
7.15368e-06
1.69319e-05
8.55884e-07
9.80635e-09
1.1908e-05
3.59482e-06
2.72439e-06
4.83374e-07
3.79053e-06
4.06875e-06
4.93503e-07
5.18975e-07
2.4713e-06
2.03878e-07
2.94105e-05
5.62486e-07
2.4716e-06
1.28009e-06
1.61446e-07
4.7431e-05
9.75364e-07
6.50311e-07
5.04168e-07
9.46821e-07
2.05446e-08
4.42831e-08
2.39224e-05
9.88621e-07
3.32397e-07
6.65332e-06
1.05733e-06
8.81054e-07
1.30185e-07
1.32982e-08
1.20819e-07
9.4446e-08
2.66314e-05
8.35482e-07
1.09922e-08
4.12393e-07
1.80946e-06
3.85274e-06
1.31392e-05
2.36481e-06
1.33448e-06
1.55994e-06
2.61664e-07
1.81597e-05
5.32189e-06
5.05685e-08
1.01886e-06
1.30457e-06
2.14634e-07
8.94998e-06
2.72119e-06
1.26661e-05
7.20087e-06
1.53099e-05
1.57678e-06
1.12954e-05
1.95305e-07
7.07247e-06
9.6679e-06
1.93856e-06
4.6199e-07
1.13402e-05
1.28736e-06
8.00042e-08
7.18176e-07
2.07141e-07
6.36261e-07
5.08731e-07
8.10104e-08
3.37125e-07
2.52871e-06
9.49455e-07
7.42881e-06
1.52059e-07
3.9675e-07
3.3636e-07
6.01261e-05
1.12422e-07
2.64468e-06
2.38932e-07
5.83812e-05
9.20552e-07
6.68262e-07
7.50206e-06
1.88399e-05
3.75051e-07
9.8222e-06
4.66865e-07
3.03217e-05
7.26793e-07
1.53595e-06
1.23696e-05
3.68368e-07
1.50855e-06
3.01691e-07
7.83113e-08
3.21752e-05
9.19251e-06
7.53887e-07
3.07431e-07
3.86647e-06
2.04389e-06
4.0373e-07
2.26479e-07
2.6895e-05
5.78999e-06
6.30534e-05
2.74576e-06
8.83883e-06
8.20078e-07
1.46594e-07
2.13798e-06
9.11033e-07
2.95549e-07
2.5071e-06
4.69479e-06
4.49767e-07
5.56796e-06
6.20764e-05
2.88537e-06
2.89302e-07
1.35207e-08
3.48647e-06
2.51638e-06
1.40707e-06
4.77564e-07
7.14109e-07
4.55073e-07
3.10317e-07
9.85767e-07
2.62696e-08
3.46467e-06
2.46042e-05
6.94244e-05
9.15715e-06
1.96085e-05
2.37075e-07
7.54821e-06
1.73659e-06
7.96933e-06
2.53078e-06
7.19228e-07
1.88935e-06
2.03969e-06
2.9462e-06
4.55848e-07
2.73612e-07
2.71283e-06
7.6329e-08
3.57781e-07
2.60714e-05
1.75113e-05
5.01787e-05
1.56657e-06
2.33507e-07
1.97802e-06
9.91412e-07
1.83083e-06
2.91753e-05
2.06637e-06
9.48348e-08
3.67001e-06
8.97367e-10
5.89333e-08
5.70935e-06
1.03374e-06
6.45071e-05
3.2789e-07
1.09514e-05
2.46352e-06
1.45943e-06
1.92917e-07
4.23895e-07
1.23231e-06
4.26702e-06
1.2485e-06
2.10904e-08
1.29676e-06
3.65841e-05
6.31278e-07
6.29593e-05
1.14933e-06
3.31758e-07
3.34025e-07
7.88812e-06
1.01395e-05
2.34573e-08
4.68302e-12
2.41758e-05
2.01613e-06
7.57115e-07
1.77761e-05
1.97145e-07
6.06406e-07
2.31431e-07
4.59343e-07
3.14281e-10
4.90238e-10
1.50688e-06
1.80989e-08
1.08919e-06
1.38315e-06
3.21685e-05
7.3007e-06
1.35268e-06
3.21435e-07
1.18468e-06
1.05569e-06
5.54295e-07
4.10543e-07
7.6966e-06
1.96174e-06
3.72869e-07
1.36149e-06
4.1832e-08
8.39724e-07
4.28181e-07
6.74234e-07
1.13202e-06
5.783e-07
1.0584e-11
1.5224e-05
1.35151e-07
5.48704e-06
5.08877e-06
2.08278e-06
8.39133e-07
9.7868e-06
1.91761e-06
4.04465e-07
3.06757e-07
7.60302e-07
3.27025e-08
9.96267e-07
7.59283e-07
2.81758e-07
1.68104e-06
6.96668e-08
2.84208e-07
8.0144e-08
5.91076e-07
1.8076e-05
6.16184e-08
1.30142e-06
2.24976e-08
4.53742e-06
2.29001e-07
2.00754e-07
2.49691e-07
6.34285e-07
7.67658e-06
1.65692e-06
4.27742e-06
1.2527e-05
3.22234e-05
3.85383e-07
2.05933e-07
4.94902e-05
7.09439e-06
7.93469e-07
4.58924e-05
1.85418e-05
5.75893e-08
3.32658e-07
1.15737e-05
1.0487e-06
3.92037e-07
2.22938e-06
5.25506e-06
2.8318e-07
1.96431e-07
4.50961e-06
6.63688e-07
9.7072e-06
6.07841e-08
6.41065e-08
9.07571e-09
1.36282e-06
2.01297e-05
6.50889e-07
2.738e-05
1.19262e-06
9.95742e-07
4.68875e-05
1.48268e-06
9.13292e-07
2.81482e-05
1.7023e-08
1.0194e-05
1.94636e-07
6.90942e-05
3.7842e-07
1.04356e-06
2.96331e-08
1.84248e-08
2.7969e-05
3.90644e-07
5.9904e-07
4.90842e-07
3.07796e-07
1.40509e-07
6.63956e-07
9.70581e-07
3.58311e-06
7.3086e-06
1.84256e-05
7.99524e-07
1.32489e-06
2.1389e-06
9.36305e-07
6.27957e-06
2.09361e-07
2.57775e-05
2.0959e-06
3.86041e-07
2.97103e-06
2.80952e-06
2.55421e-05
2.09138e-07
6.51786e-07
1.54021e-07
8.18097e-06
5.12413e-08
1.92601e-05
3.53214e-07
2.29145e-07
2.12427e-06
3.72736e-06
8.75174e-07
2.1271e-06
1.41089e-07
1.12092e-07
7.90849e-06
9.00445e-07
3.24114e-06
2.05919e-06
2.25782e-06
6.81084e-06
4.27118e-06
1.47233e-07
1.43458e-05
5.72045e-06
6.53065e-07
2.11058e-07
5.65227e-05
8.23904e-06
1.59841e-06
1.45046e-06
5.66267e-06
1.11711e-05
1.2164e-06
6.76395e-07
3.1522e-08
1.67016e-05
2.28844e-06
2.50892e-07
8.09045e-07
6.58671e-07
1.08673e-07
5.56293e-06
2.16302e-07
1.10313e-06
5.67681e-07
6.99241e-07
2.53163e-07
1.85335e-07
1.20488e-06
3.95872e-05
2.9927e-06
9.1802e-06
4.20486e-08
1.29196e-06
1.49939e-06
6.60793e-07
1.25019e-06
5.3879e-07
6.33811e-07
1.19765e-06
1.77393e-06
2.41381e-07
3.14807e-06
2.32677e-08
4.72494e-05
3.96985e-05
3.43574e-06
3.30489e-07
1.17762e-06
1.74389e-05
3.71983e-06
1.29021e-06
8.26959e-07
7.01562e-06
3.87457e-07
1.01831e-06
4.36366e-07
9.12394e-07
4.55111e-06
3.89588e-05
1.99241e-06
4.31597e-06
2.23143e-08
5.31765e-06
1.09338e-06
1.07915e-06
8.30299e-07
3.56075e-07
4.1553e-07
8.41579e-07
8.50468e-07
3.77653e-06
1.30975e-07
5.91111e-07
2.04097e-07
1.86662e-07
7.85642e-07
1.06303e-05
1.11902e-05
8.01451e-07
2.06249e-05
1.04934e-06
2.38479e-06
3.27194e-06
1.92956e-06
1.3258e-06
1.46257e-06
3.85167e-06
2.20032e-07
2.21711e-06
2.03352e-06
2.05774e-05
3.08787e-06
2.76197e-07
1.21844e-06
8.35641e-07
2.81155e-08
1.92893e-07
1.24988e-05
2.90277e-06
1.69139e-05
3.5325e-06
8.16789e-07
2.63015e-05
1.78585e-08
7.36408e-07
4.37454e-06
3.30815e-05
2.72277e-07
8.40495e-08
9.28871e-07
6.29419e-06
4.48916e-06
6.54279e-07
6.85678e-09
3.20882e-07
3.96227e-06
1.21952e-07
2.03929e-07
4.24817e-07
1.98532e-06
8.2581e-07
1.11393e-06
1.13811e-06
1.87246e-06
3.63161e-06
1.11515e-06
1.92533e-07
1.5312e-06
2.39195e-06
2.08644e-05
8.70253e-11
1.95586e-06
5.87421e-07
1.16224e-07
5.7368e-07
4.44857e-07
8.27573e-06
2.52953e-06
8.46697e-07
7.61418e-06
8.74494e-06
8.11906e-07
1.71876e-06
6.59986e-07
3.77993e-07
1.04209e-05
4.17426e-06
1.01805e-05
1.36691e-07
2.2368e-07
1.92845e-06
1.87112e-06
4.60667e-07
6.77669e-07
1.00559e-07
1.21073e-06
4.92513e-06
6.24775e-07
2.93657e-06
7.23431e-07
8.85341e-07
3.60725e-08
3.00239e-05
3.06806e-07
1.70764e-07
5.93394e-07
5.26725e-07
2.89314e-05
5.65192e-05
2.10016e-06
2.81581e-07
8.28875e-07
6.59583e-07
1.44422e-06
1.29248e-08
1.80921e-06
5.82132e-08
4.73422e-07
1.73917e-06
2.02373e-07
4.80165e-07
1.90286e-07
6.6547e-07
1.39999e-07
2.28925e-06
1.16816e-05
3.3474e-07
1.30041e-06
4.49466e-06
1.25786e-11
2.60551e-05
3.92939e-07
3.24502e-06
2.84732e-06
8.97693e-07
2.02649e-06
2.5878e-06
7.55763e-07
1.05244e-08
4.29571e-05
5.24512e-05
3.5964e-06
4.45716e-06
3.22036e-05
7.73293e-06
1.80656e-06
1.92001e-06
7.68399e-06
7.72374e-07
3.21818e-07
1.39032e-06
7.05593e-05
2.34471e-06
1.48158e-06
2.08452e-07
2.5558e-07
7.37709e-07
7.38247e-07
5.79552e-07
3.13362e-06
5.2678e-07
3.09197e-07
3.72092e-06
2.27571e-06
6.58613e-07
9.81439e-07
9.34821e-07
1.94982e-05
7.45853e-06
1.69437e-06
7.58652e-07
1.06555e-06
3.52139e-06
1.07205e-07
2.03682e-07
8.57583e-07
1.52016e-05
2.77339e-07
1.20877e-05
8.18629e-07
3.61502e-06
5.8322e-05
6.29982e-07
1.43001e-07
8.12145e-07
9.49758e-07
6.51722e-05
2.49479e-07
3.22925e-06
9.58617e-08
4.33609e-06
5.28375e-07
1.37735e-06
3.42504e-08
1.71437e-07
3.84073e-07
7.39559e-07
3.98973e-07
5.65826e-06
1.63662e-06
6.02924e-07
7.31746e-07
3.92478e-06
1.47347e-05
2.15783e-06
1.31868e-07
1.94209e-06
8.90358e-07
5.00801e-05
6.92386e-05
3.40869e-07
6.62035e-06
3.45777e-06
8.64932e-07
1.3356e-05
3.02832e-11
4.01112e-05
1.21099e-07
2.43656e-05
5.06197e-07
3.90413e-06
5.27612e-06
4.8644e-05
3.35658e-08
3.64446e-06
8.7873e-07
2.03197e-06
1.6754e-06
8.20605e-08
9.54696e-07
4.24635e-06
9.23803e-07
9.27175e-07
5.39542e-06
4.89292e-07
6.29655e-07
1.34725e-06
7.92559e-07
8.46322e-08
6.52542e-05
5.84781e-06
4.91973e-05
5.90828e-07
1.12566e-07
2.19942e-06
7.87895e-07
1.11636e-06
6.61622e-05
6.43075e-06
3.33456e-05
8.38619e-07
5.90411e-07
7.38999e-07
1.94853e-07
1.14763e-06
1.09623e-05
4.94176e-06
1.77374e-06
1.41917e-06
1.17764e-06
6.88323e-07
7.43174e-06
2.33275e-06
5.06365e-06
2.76497e-05
8.30282e-07
1.30226e-06
2.20496e-06
6.62597e-07
3.02178e-06
1.05667e-06
4.95465e-08
1.39063e-06
5.78959e-07
7.55005e-07
7.10302e-08
4.04387e-07
3.27088e-05
3.30982e-05
1.94976e-07
1.19825e-06
4.94732e-06
5.09309e-08
5.86943e-06
2.04918e-05
1.89945e-08
2.39856e-06
8.95324e-07
5.70873e-06
7.27745e-07
6.30653e-05
9.20956e-07
3.79859e-07
4.42536e-06
9.83664e-06
2.03421e-07
2.01937e-06
1.40292e-06
7.75367e-08
1.29328e-06
2.49817e-05
4.09571e-07
1.34517e-07
4.10392e-07
2.06555e-06
1.43461e-06
9.01081e-07
2.00057e-07
2.58743e-07
1.72628e-06
1.35665e-07
4.47408e-07
2.21728e-06
3.59017e-06
1.1492e-06
6.17774e-06
1.89197e-07
1.93344e-05
4.14926e-07
7.49885e-07
1.8243e-06
1.18631e-09
1.87836e-06
7.99087e-06
1.303e-08
6.67906e-05
2.94219e-07
7.07626e-08
1.26083e-07
7.51184e-08
3.88514e-07
3.42732e-07
4.42749e-07
8.86289e-08
4.69144e-08
2.53296e-06
4.96226e-05
8.39761e-07
8.61491e-07
6.98454e-07
1.96925e-06
6.7152e-07
3.03166e-05
9.94336e-07
8.81708e-06
5.99277e-06
2.36873e-06
1.84248e-05
4.32586e-06
4.06616e-07
1.4013e-06
7.62315e-06
4.63959e-05
1.09477e-06
5.61272e-06
8.14836e-06
9.06033e-08
6.69158e-05
1.2579e-06
2.03066e-06
9.62211e-07
1.88691e-07
3.03557e-05
9.2505e-07
1.0685e-06
6.03564e-06
3.03409e-07
3.3237e-06
1.49762e-06
1.30449e-10
3.28786e-06
1.43839e-12
2.94486e-07
9.00221e-07
5.33198e-05
5.33074e-06
6.6314e-05
2.61024e-07
5.17178e-07
6.65171e-06
6.90441e-07
2.36059e-05
7.53049e-06
2.58306e-06
5.65864e-06
3.77163e-06
1.1147e-06
6.47464e-07
2.07683e-07
3.33863e-06
1.23528e-06
1.12348e-07
7.35967e-06
7.56978e-07
4.89991e-06
1.42644e-06
9.35463e-07
6.56706e-06
7.46392e-07
1.21605e-08
7.98976e-07
4.88196e-08
1.88887e-07
2.0737e-05
3.58489e-08
4.37952e-05
1.05913e-05
1.67839e-05
2.21115e-07
9.99697e-07
1.90597e-07
1.09287e-06
3.60137e-06
4.23486e-05
1.68249e-06
7.42937e-06
1.07053e-05
3.50931e-05
3.57227e-07
7.64006e-07
5.94126e-06
6.73106e-05
8.17291e-06
3.75846e-08
4.39757e-05
1.56046e-06
2.96437e-05
2.13491e-06
5.02115e-06
3.9217e-07
3.29157e-06
7.62859e-08
3.54235e-05
3.7473e-07
1.22687e-07
1.78405e-07
2.61048e-07
1.27135e-06
8.50744e-06
5.49167e-06
9.81509e-08
6.9229e-07
6.77465e-05
1.09575e-06
6.18275e-08
9.54611e-07
7.92785e-07
9.94782e-07
1.95412e-06
3.32152e-06
4.09323e-06
3.47497e-06
9.18627e-07
1.42223e-06
1.5166e-07
1.20253e-05
5.86095e-07
8.08485e-06
1.12478e-07
2.26765e-06
5.1994e-06
2.03098e-05
5.94792e-06
4.18892e-06
8.52874e-07
2.29153e-06
7.20009e-07
9.90631e-07
4.70422e-06
4.48241e-12
2.98816e-07
2.94453e-07
1.26913e-05
3.3063e-07
7.61114e-06
7.60828e-07
4.94681e-06
2.7889e-07
3.88566e-07
7.69335e-06
9.82231e-07
1.41406e-06
2.07038e-06
4.27179e-06
2.81211e-07
4.13681e-08
8.21303e-07
2.62404e-06
1.2478e-05
1.18345e-08
7.60317e-07
5.52761e-07
6.68777e-07
5.26139e-07
2.31849e-06
6.31094e-07
2.81389e-06
1.10624e-06
1.79827e-06
7.13872e-07
4.86803e-07
2.40083e-06
8.45024e-07
1.71606e-07
3.04585e-06
1.5183e-07
9.03364e-08
7.54046e-08
8.2694e-08
6.16308e-08
1.53932e-06
6.06918e-07
9.58203e-07
5.76135e-05
4.42238e-06
6.6375e-07
1.8453e-06
9.45552e-06
4.66101e-06
5.58003e-07
1.06115e-07
9.24305e-07
1.3418e-06
8.29155e-07
1.22015e-06
8.15976e-09
9.1398e-07
9.39678e-07
1.14167e-06
1.10074e-06
8.06974e-07
2.54938e-06
2.40226e-07
6.7865e-06
2.35159e-07
2.8005e-06
1.73125e-06
9.96777e-06
1.1967e-06
2.76892e-06
1.58576e-06
2.29352e-08
8.07066e-06
2.2196e-06
2.07682e-06
2.77011e-07
9.70202e-06
4.55161e-05
2.44193e-07
1.96924e-07
1.46205e-06
1.38602e-07
1.09357e-06
5.69548e-06
1.01024e-06
9.67205e-08
7.30443e-07
6.71237e-06
1.08398e-06
2.55522e-06
1.58304e-05
5.60191e-08
7.32372e-07
1.41153e-06
7.52834e-07
2.19768e-06
6.05093e-07
1.14756e-06
1.23609e-08
2.65602e-06
1.38576e-06
6.01531e-07
9.5189e-06
2.69406e-08
5.52149e-07
1.09476e-06
1.06882e-05
6.38463e-05
6.00348e-06
4.64878e-06
1.26511e-06
1.91566e-06
6.32647e-06
5.11038e-07
2.52859e-06
7.08257e-07
1.996e-06
2.89572e-06
2.04131e-07
4.24979e-06
1.76153e-07
1.17462e-05
1.78758e-06
1.67706e-08
9.98135e-07
8.68881e-07
1.3886e-07
9.64901e-07
1.96833e-08
1.35302e-06
1.11195e-07
1.2213e-07
1.231e-07
2.7186e-06
6.70013e-06
7.14284e-06
2.259e-07
7.32509e-07
2.78643e-05
7.80644e-06
1.84675e-06
8.89731e-08
1.35587e-06
1.28711e-07
6.93579e-07
1.1731e-05
1.06148e-06
4.24396e-06
2.4342e-05
1.94199e-06
6.65126e-07
2.12421e-07
2.10232e-07
1.46634e-05
2.2442e-05
8.94589e-08
7.64879e-07
2.25132e-05
2.45163e-06
2.63247e-05
7.63811e-07
2.56844e-06
1.48527e-06
1.4874e-06
1.34417e-06
1.04542e-05
2.27997e-07
3.85843e-07
1.57924e-06
1.10068e-08
1.15357e-07
1.58046e-06
4.70188e-08
9.25403e-07
1.19867e-05
3.12256e-06
2.18087e-05
3.3459e-06
4.44379e-07
6.52399e-06
8.73897e-06
1.54105e-09
4.90502e-07
4.42437e-07
5.2726e-07
1.04275e-05
1.42981e-06
2.69285e-06
2.32708e-06
3.32294e-06
1.30088e-06
7.5417e-08
4.58695e-06
6.0094e-06
8.62744e-07
5.88152e-05
7.3538e-07
2.76049e-06
1.1088e-05
1.85263e-07
6.25041e-07
4.07997e-07
5.31337e-06
7.58853e-08
2.6615e-06
8.23934e-08
7.84953e-07
2.17014e-06
3.59838e-06
4.61785e-06
5.45846e-06
6.68013e-07
2.26153e-06
6.09832e-08
9.10304e-07
8.83458e-08
8.61288e-06
2.61903e-05
9.92596e-08
3.49445e-05
4.18792e-05
3.99658e-05
8.21532e-07
1.15747e-06
2.5359e-05
8.84866e-06
5.86705e-06
2.27703e-06
3.87032e-11
7.47952e-10
1.12481e-06
5.02585e-07
4.1978e-08
9.737e-07
3.36566e-05
7.14045e-07
1.23074e-05
4.42545e-06
1.85268e-06
1.70193e-07
1.84813e-06
5.59333e-08
1.87546e-06
2.21461e-06
7.87038e-08
9.3712e-07
4.69516e-07
7.01676e-07
6.9807e-06
5.69634e-05
1.84478e-06
5.80118e-07
2.22321e-06
1.97706e-07
1.9701e-06
1.07408e-06
2.71817e-08
3.88334e-07
1.05947e-06
1.33651e-06
2.73749e-07
7.59097e-06
3.34876e-07
9.0155e-06
1.99335e-06
1.07259e-11
1.80526e-06
2.30589e-06
1.04277e-06
3.69602e-06
3.34564e-07
1.3318e-06
3.27267e-06
1.02225e-07
2.47691e-06
1.15675e-06
9.23617e-06
1.80316e-07
3.33995e-06
9.8021e-07
1.69998e-06
4.80948e-06
1.97398e-06
7.04715e-06
2.43494e-06
6.03516e-08
3.37393e-05
3.95863e-07
4.43537e-06
1.3516e-05
6.61306e-07
1.0035e-06
8.90325e-07
3.52062e-06
3.19224e-07
4.65735e-05
2.22306e-07
8.43798e-07
7.33593e-07
6.84089e-07
5.81783e-05
8.65724e-06
1.5959e-06
4.69709e-07
6.24948e-07
1.02948e-05
2.52479e-05
4.45833e-06
9.88368e-08
6.88835e-07
4.73553e-07
1.24145e-05
1.38383e-08
1.13246e-07
1.22958e-06
5.3298e-06
4.37232e-06
1.12821e-06
3.74733e-07
1.20633e-06
5.3496e-07
1.88559e-06
1.66875e-06
1.17786e-05
8.83094e-08
1.17691e-06
7.74144e-06
4.21519e-06
2.68469e-08
1.45336e-07
1.1615e-07
5.65533e-05
2.45679e-06
3.31897e-06
1.31954e-06
1.00631e-07
1.2745e-06
1.57882e-06
1.29821e-06
7.49525e-07
1.48489e-06
2.5566e-06
1.24449e-06
6.62006e-07
2.80251e-05
2.30932e-05
3.62765e-07
2.20073e-07
4.51302e-06
4.64329e-06
2.40729e-06
1.0777e-07
8.57776e-06
2.2059e-06
1.47628e-06
7.38112e-06
5.30711e-06
1.26897e-05
6.50932e-07
9.75751e-07
2.06725e-07
8.73875e-07
9.5326e-11
1.52609e-09
7.71034e-08
6.41733e-07
1.33545e-06
3.79914e-07
4.10498e-06
4.0147e-06
8.78085e-08
3.43493e-06
3.37769e-07
7.54151e-07
2.8182e-06
6.67729e-07
7.31201e-07
1.14983e-07
2.61586e-05
4.38413e-05
8.87272e-07
2.8481e-05
4.94977e-07
1.52206e-06
7.34858e-07
6.2175e-05
2.25798e-06
1.69964e-07
1.56494e-08
7.64593e-07
2.50623e-07
1.69305e-08
3.46457e-06
8.26647e-07
2.74738e-07
7.13733e-06
4.82078e-06
6.42866e-06
4.15686e-07
6.93428e-08
2.07594e-07
6.98235e-06
1.7079e-07
1.04528e-06
2.83303e-11
9.24536e-07
4.79066e-05
3.53861e-07
2.62569e-09
3.10951e-07
8.86807e-06
2.79488e-06
1.79323e-06
6.41569e-05
1.22067e-06
2.73171e-08
7.8947e-07
3.67591e-05
7.11765e-06
6.84418e-06
3.29126e-05
6.25992e-05
3.47145e-07
1.18405e-05
1.07102e-07
7.57942e-09
7.00041e-06
1.53786e-10
1.17631e-07
8.08638e-06
4.25965e-06
7.14351e-12
3.33104e-06
5.79059e-07
3.67507e-06
6.68405e-05
1.29704e-06
1.82998e-06
1.13365e-06
4.15999e-06
5.70187e-05
1.18012e-05
7.3554e-07
1.22531e-07
9.18285e-07
6.35007e-06
7.01719e-07
1.008e-06
2.5152e-06
1.09399e-06
2.32454e-07
3.49147e-06
1.97667e-05
2.96959e-05
7.75941e-07
2.22502e-06
1.19065e-05
1.11415e-05
1.54017e-05
7.74561e-06
5.48605e-05
2.49023e-06
2.85443e-07
1.71623e-05
5.60211e-05
7.60751e-06
9.31466e-08
3.58335e-07
9.73556e-07
2.68146e-05
2.93441e-07
4.19295e-06
2.60377e-06
1.23589e-06
3.65829e-06
4.59536e-07
1.34026e-08
2.95894e-06
1.50712e-06
7.66593e-07
1.69203e-06
7.42818e-07
2.45802e-06
3.39003e-07
9.26801e-06
5.62425e-05
6.93098e-07
2.55175e-06
2.79244e-07
2.73625e-08
1.58732e-06
1.20287e-07
4.41915e-06
2.34125e-07
1.143e-06
2.28907e-05
3.0143e-08
6.65707e-07
5.42047e-06
3.49199e-08
4.08525e-07
2.39683e-08
1.45949e-06
1.96056e-07
6.56762e-06
9.17997e-06
1.03959e-05
3.23541e-05
1.2922e-06
5.47771e-05
1.11599e-08
8.2796e-06
2.10429e-07
1.69639e-05
1.60032e-06
7.57229e-06
1.89656e-07
3.26938e-05
6.6365e-08
1.00272e-07
1.79525e-06
5.80795e-07
8.55164e-12
2.43421e-06
1.13277e-06
3.41995e-06
1.34844e-06
9.81544e-07
9.43487e-07
1.84029e-06
5.4925e-08
1.57963e-05
8.64098e-06
4.93586e-06
1.13281e-06
5.26858e-07
1.94445e-06
2.58816e-06
4.0008e-05
1.8741e-07
6.89715e-05
1.12369e-06
7.02884e-08
3.42396e-08
2.63007e-07
9.64442e-07
2.43846e-07
3.57211e-07
7.41413e-07
1.23062e-06
4.11753e-07
3.36695e-05
2.40615e-06
4.69411e-05
3.80836e-08
2.47754e-07
2.1918e-06
1.13232e-06
5.24028e-06
8.85363e-07
1.49569e-07
1.13088e-07
9.9224e-07
6.30436e-07
1.4025e-05
1.38773e-06
1.28718e-05
1.65771e-08
1.264e-06
2.92108e-07
4.43009e-07
1.15928e-07
1.94693e-07
2.56731e-06
6.9001e-08
1.2495e-07
2.3104e-06
2.38965e-08
8.60597e-09
1.3049e-06
2.42563e-06
4.56869e-07
1.63035e-06
3.66808e-05
1.10287e-05
7.51123e-06
1.26606e-06
8.37271e-07
6.49483e-07
7.55816e-06
1.73554e-07
1.78612e-05
7.98187e-07
4.74092e-06
2.01331e-07
1.91293e-06
3.41732e-05
1.79362e-06
3.83919e-06
1.39317e-06
2.02471e-06
1.17138e-06
1.48625e-05
4.67139e-05
3.07642e-06
1.21299e-06
1.60969e-06
5.88841e-06
5.28306e-07
1.56304e-06
3.24563e-05
9.55416e-07
2.82002e-07
5.70084e-07
1.06186e-06
2.7497e-08
1.98876e-07
5.52861e-07
7.31079e-07
3.5045e-05
8.93359e-07
6.42917e-05
2.25215e-06
8.94034e-07
3.33275e-07
8.00388e-07
7.98136e-06
1.45798e-05
3.33244e-05
2.10276e-05
2.96905e-05
4.52764e-06
7.82477e-09
9.74854e-07
1.30818e-06
8.63906e-08
2.17875e-05
1.22837e-07
8.91192e-07
5.07648e-05
2.38282e-06
8.78705e-06
8.98375e-08
2.32644e-06
1.59364e-05
1.0656e-06
2.24896e-06
2.66353e-06
1.28819e-05
5.23796e-07
6.04235e-06
8.32339e-07
9.48319e-07
3.35746e-06
1.4417e-05
3.35515e-06
4.02913e-06
4.0575e-07
2.98165e-07
5.49233e-07
4.49993e-05
1.14745e-06
2.32118e-06
9.24156e-07
4.51852e-05
1.38896e-08
3.24914e-06
1.50904e-07
3.3049e-07
9.23396e-06
1.01227e-06
1.534e-12
8.17648e-07
4.74212e-08
1.11805e-05
1.02558e-11
2.00316e-06
5.06166e-06
5.60715e-06
2.21259e-06
1.55131e-06
1.51676e-05
7.72679e-07
4.2544e-06
1.63298e-08
1.8613e-06
3.53858e-06
4.39954e-07
3.89073e-08
3.51748e-05
6.13226e-07
1.05785e-06
1.37553e-08
2.38368e-05
7.75567e-06
3.17166e-07
7.40323e-08
4.8624e-07
2.58488e-08
1.98405e-06
5.64686e-07
6.05986e-07
4.34254e-07
3.06657e-08
5.95315e-05
6.39217e-06
1.83223e-06
1.32173e-05
1.8832e-06
3.34953e-07
1.41897e-05
9.3892e-07
2.86276e-05
2.12007e-07
8.23626e-07
7.61052e-07
2.50131e-06
1.30373e-06
7.79277e-07
2.52547e-06
5.31052e-06
1.29989e-05
1.77539e-07
1.77139e-06
1.03717e-05
4.25123e-06
2.86181e-08
3.43902e-05
3.76821e-05
1.25746e-06
7.89719e-07
2.07047e-06
7.45802e-07
3.57043e-07
2.77145e-07
2.31978e-08
2.14855e-06
4.26754e-06
1.45156e-06
1.73137e-07
1.81677e-05
4.25808e-06
6.5487e-05
1.19011e-06
4.50495e-06
3.24991e-06
7.88427e-06
2.57577e-05
1.05683e-06
6.19258e-08
4.95397e-06
1.14681e-06
2.64151e-06
1.01457e-06
4.41663e-07
6.35848e-06
7.43027e-07
7.46164e-07
1.62886e-06
2.01791e-06
4.20079e-05
3.95301e-05
9.9163e-08
2.80413e-05
2.36612e-06
6.10992e-05
8.45081e-06
1.61016e-08
1.96354e-07
3.20987e-05
1.76541e-07
3.98123e-06
2.77712e-07
3.77899e-06
7.7174e-06
1.74542e-07
4.35521e-06
2.9181e-07
3.51575e-06
2.36047e-07
2.35054e-07
2.82689e-05
1.33852e-06
1.17747e-06
4.64553e-06
6.09754e-06
2.58349e-07
2.49982e-06
1.32465e-07
2.05726e-05
3.82708e-07
4.62535e-06
6.07797e-08
1.57295e-08
3.23838e-05
1.36582e-06
3.981e-06
5.72401e-06
8.10702e-06
1.7957e-06
1.0618e-05
2.28398e-06
6.98619e-07
1.06765e-07
6.15735e-07
1.58725e-07
3.69083e-06
8.96721e-07
8.90547e-07
4.55097e-06
6.82229e-07
1.93795e-06
7.87656e-07
3.35725e-06
1.72105e-07
2.66261e-07
2.08808e-05
2.53061e-07
1.11156e-05
1.15117e-06
7.87868e-07
2.33654e-06
8.07559e-07
2.44572e-06
1.27336e-07
2.87689e-05
8.94815e-07
1.95397e-06
2.46875e-06
2.54204e-06
4.24089e-06
4.64139e-05
3.51215e-07
3.9409e-06
1.69915e-07
1.65329e-06
9.69673e-07
8.2066e-06
1.07705e-06
5.64465e-07
6.36355e-09
5.03075e-07
7.45657e-07
1.28187e-05
6.93562e-06
1.79083e-05
4.82611e-07
2.09716e-06
1.23493e-06
7.90161e-06
3.74215e-07
1.32919e-07
8.59871e-08
5.63351e-07
1.20741e-07
4.44817e-06
3.27479e-07
8.71946e-06
1.31823e-06
1.54064e-06
1.06002e-06
2.49635e-05
1.26411e-06
1.15816e-06
4.09986e-07
2.01043e-07
3.34489e-06
8.21149e-07
6.40347e-08
2.47648e-08
1.15365e-05
3.65347e-06
6.7018e-05
1.17285e-06
7.7342e-07
4.8895e-07
1.57377e-07
1.05209e-06
1.44977e-06
6.62598e-07
6.8374e-08
3.03202e-06
7.55516e-06
1.9521e-07
6.15252e-06
5.7519e-07
9.50906e-06
3.31233e-07
2.06981e-07
2.67205e-06
1.10005e-06
2.95053e-06
3.35861e-06
5.8647e-05
9.71372e-07
8.4071e-08
2.70986e-05
1.30114e-06
7.87235e-07
2.57388e-06
4.41517e-05
1.11085e-06
8.95848e-06
7.00223e-06
5.49134e-08
1.82675e-07
1.35252e-06
2.66267e-07
4.99566e-06
3.98027e-08
5.40314e-07
9.7473e-07
6.53502e-07
1.34715e-06
6.31695e-07
1.79804e-07
1.23345e-06
1.64801e-07
2.60647e-05
5.72989e-06
4.76006e-07
3.94946e-05
7.48978e-06
3.72899e-06
5.73738e-07
1.14311e-06
3.98748e-06
1.21932e-07
2.56001e-06
3.4509e-06
2.89015e-07
3.24245e-06
9.46388e-07
1.28041e-05
3.91593e-08
6.42237e-07
1.22883e-06
1.09547e-06
1.06832e-06
1.26008e-05
1.06928e-06
6.93009e-05
8.78906e-07
1.08581e-06
9.49637e-06
3.78951e-07
1.92004e-07
1.17109e-05
9.79191e-07
5.78244e-08
1.25944e-06
5.94115e-05
9.44223e-07
1.82608e-05
2.48132e-07
7.97534e-07
1.02241e-06
1.13294e-06
6.44726e-05
3.15447e-06
1.95107e-07
3.64482e-07
3.86327e-06
3.25181e-06
3.54307e-06
1.32677e-06
7.81025e-06
1.43374e-06
6.50757e-07
9.94092e-07
6.06165e-07
1.18829e-05
1.3958e-11
1.14108e-06
5.11795e-06
8.95167e-06
1.42508e-07
3.17675e-06
9.54634e-07
1.56288e-06
4.27901e-07
2.08962e-06
6.87235e-07
5.6028e-07
9.11399e-08
6.75268e-06
4.09361e-06
1.32933e-06
7.57766e-07
4.36979e-06
1.70731e-06
5.36192e-06
9.05096e-08
7.08106e-09
1.93678e-07
9.41697e-07
8.27564e-06
2.22984e-07
7.72221e-07
4.97404e-06
1.05408e-06
7.52316e-07
7.18873e-07
9.76611e-06
6.7399e-07
5.26375e-09
3.65912e-06
3.81434e-07
1.54908e-05
1.37549e-06
2.17367e-05
9.02626e-06
1.21755e-08
8.80015e-09
2.07135e-09
2.49058e-06
5.6083e-06
5.11226e-07
7.06143e-06
1.57293e-07
9.17697e-06
5.34244e-05
2.14769e-05
1.70348e-07
9.68442e-07
5.88765e-06
5.2624e-06
1.5925e-06
6.09344e-06
4.40996e-06
8.68358e-08
2.19956e-07
1.52809e-08
2.67362e-06
1.26631e-06
4.7242e-07
6.32249e-07
2.98503e-06
3.4932e-06
7.44523e-06
6.02614e-08
1.68422e-07
1.0002e-08
5.5953e-06
3.58731e-06
8.68096e-09
3.31952e-06
3.66316e-07
9.74177e-09
3.8929e-06
7.72089e-06
1.83724e-06
1.00771e-06
1.27592e-06
1.78316e-07
4.30921e-06
2.37545e-07
8.43928e-09
1.41895e-06
2.45984e-05
5.65096e-07
5.07547e-06
2.63665e-06
1.26272e-06
1.98764e-06
2.224e-06
1.93215e-05
9.64519e-07
6.20331e-07
2.18129e-07
4.40989e-06
9.6999e-08
1.52586e-06
6.97768e-07
9.53324e-06
2.9457e-06
8.44425e-07
7.81002e-06
1.00994e-06
1.37969e-06
5.16172e-07
1.58603e-06
7.8206e-06
7.71043e-07
9.12655e-06
2.40546e-07
1.5986e-05
8.7656e-07
3.37184e-07
1.33359e-06
6.12955e-07
1.67834e-07
2.76189e-07
4.82206e-05
1.07736e-07
6.75579e-06
3.48781e-07
1.64461e-05
1.17134e-07
1.59758e-06
1.4034e-06
4.80984e-07
4.00511e-06
1.5853e-07
2.8788e-06
3.34877e-06
7.46954e-07
5.14182e-07
8.36663e-07
4.13788e-05
1.51015e-07
8.26913e-07
4.49114e-07
3.91876e-06
5.24413e-07
1.58473e-07
7.84861e-07
6.84636e-05
1.99732e-06
2.99296e-05
3.00578e-07
2.49992e-06
8.10857e-06
7.98986e-06
2.52492e-06
1.15384e-06
9.47862e-08
2.21124e-06
7.26464e-06
2.08473e-07
1.12423e-06
3.33432e-06
4.58543e-06
4.69828e-06
1.85275e-05
7.69671e-06
9.54622e-07
4.61311e-06
3.29139e-08
7.82821e-07
5.41815e-07
1.96926e-07
1.10202e-08
3.41055e-05
4.99966e-06
7.83522e-07
2.97962e-05
3.99302e-06
4.47266e-07
5.14756e-08
3.12808e-06
1.05527e-07
1.58947e-06
1.11949e-06
5.56631e-07
2.6172e-05
7.15756e-07
1.42748e-07
7.23717e-06
4.34389e-06
4.28976e-07
6.78678e-06
2.38804e-06
1.79867e-06
6.10448e-07
3.23517e-06
7.20379e-09
1.78017e-05
2.15712e-06
1.70396e-06
2.05647e-06
7.16622e-07
8.60932e-06
1.6057e-05
7.94317e-06
4.63234e-06
1.1072e-06
1.73312e-08
3.14799e-05
1.30488e-06
1.14863e-07
2.00973e-07
5.3542e-08
2.1322e-07
8.13801e-07
2.03044e-08
7.85346e-06
8.19482e-07
9.87105e-07
2.4029e-06
7.45593e-07
2.38086e-07
9.89792e-07
1.25195e-06
2.46429e-07
3.40794e-05
4.70246e-06
9.39145e-07
1.00641e-06
3.36715e-06
8.20315e-08
9.01539e-07
2.28875e-07
1.06484e-06
5.03684e-05
1.11787e-05
2.25449e-08
8.56517e-06
2.69244e-07
8.46757e-06
3.03054e-07
6.92891e-07
6.01946e-07
6.67945e-07
2.65191e-06
7.22462e-06
6.34961e-08
1.40505e-06
6.80338e-07
1.1231e-06
4.19935e-06
1.3262e-06
5.89789e-06
1.52135e-06
2.48936e-05
1.81509e-06
8.04409e-07
7.9393e-07
2.39528e-06
2.08731e-05
4.56857e-06
2.88977e-06
5.18014e-06
7.87818e-07
2.61098e-07
3.25383e-05
1.42024e-07
4.11465e-06
3.86276e-06
2.89821e-06
1.10775e-08
1.29672e-06
6.45853e-06
4.90309e-05
1.12304e-06
2.76538e-06
3.48991e-06
7.30783e-07
2.63543e-05
5.74757e-06
3.266e-06
1.1232e-06
5.93333e-12
5.90313e-08
2.05395e-05
1.05761e-05
3.78753e-06
4.49753e-05
1.14781e-06
2.36912e-05
1.50882e-06
9.83922e-07
7.30353e-07
4.02144e-11
1.82609e-06
7.58204e-06
3.57594e-05
5.21887e-06
3.62912e-07
2.24892e-07
7.34773e-07
8.90613e-07
1.02334e-06
3.84594e-07
1.47705e-06
8.7135e-06
8.85809e-07
3.09494e-06
3.86593e-07
6.84555e-07
9.06447e-06
1.65288e-06
7.88423e-07
6.31685e-07
4.10414e-08
1.24143e-05
8.26751e-07
3.11337e-07
9.37505e-07
6.52479e-05
7.61763e-08
1.30921e-08
4.80633e-06
2.28636e-07
1.23639e-08
2.58654e-07
7.55307e-07
1.85547e-05
6.13003e-08
2.2034e-07
1.79873e-08
8.9641e-07
1.02071e-05
7.50296e-06
1.77352e-05
8.18109e-06
9.01035e-07
9.03362e-07
1.9098e-06
8.91363e-07
2.42665e-06
8.67482e-07
8.8934e-06
6.87795e-07
3.81475e-08
7.6471e-06
2.57891e-08
1.68228e-07
4.73882e-07
5.53242e-05
1.00386e-05
8.21187e-07
1.22989e-06
2.29965e-07
1.81405e-05
2.54168e-06
5.92517e-07
9.03973e-07
7.58253e-07
1.97797e-05
7.51294e-06
1.82598e-05
3.93971e-06
1.56495e-05
2.69361e-06
3.4601e-06
2.1347e-07
1.15109e-07
4.60873e-06
4.05662e-06
5.34281e-07
1.49922e-06
6.56715e-06
9.38686e-08
9.14817e-08
2.30027e-07
6.88902e-07
4.78066e-06
9.30042e-06
1.62103e-07
1.46149e-07
2.48868e-06
1.00186e-06
2.52832e-06
7.08835e-06
7.76957e-08
1.47134e-10
5.04268e-07
1.96071e-06
1.02849e-06
1.28635e-05
4.04206e-05
2.50874e-07
2.05673e-07
1.02522e-06
7.90378e-06
8.75575e-07
9.7757e-07
5.16537e-06
5.57627e-06
6.36188e-07
7.73293e-06
1.05417e-06
3.2811e-06
1.52232e-06
1.94555e-07
1.28978e-05
1.62202e-07
3.7471e-07
1.82805e-06
7.6297e-08
1.39038e-07
1.12763e-06
6.33095e-07
8.95911e-07
3.35175e-07
1.53554e-05
1.25806e-06
1.30237e-06
3.87643e-05
2.79051e-05
3.78124e-07
1.29308e-06
3.49524e-06
5.05805e-07
1.78625e-05
5.17693e-08
5.50232e-07
2.66859e-06
7.21374e-08
1.6965e-06
4.57328e-05
7.61399e-06
1.12508e-07
6.77479e-08
2.54596e-07
6.02804e-08
8.38084e-06
1.13233e-06
1.95296e-06
1.96708e-06
1.13443e-07
1.90405e-06
2.89624e-05
1.3467e-06
1.78156e-06
8.40767e-08
4.99659e-06
2.24543e-06
2.71667e-07
6.38141e-06
2.61168e-05
6.97634e-06
7.28158e-07
1.98901e-07
3.49024e-06
6.26764e-06
1.40829e-06
3.18001e-06
1.33185e-06
1.87121e-06
8.66159e-06
8.32128e-07
3.53347e-06
3.29522e-05
1.07753e-05
3.54256e-06
1.439e-06
5.9776e-08
1.14754e-08
2.64537e-06
1.48382e-06
8.29115e-06
6.18122e-07
1.64173e-06
2.68961e-06
1.33771e-06
1.93782e-07
6.32876e-07
1.92256e-06
4.35433e-07
8.34531e-08
7.44877e-06
1.57319e-05
6.38787e-05
1.67353e-05
3.70794e-08
2.28191e-06
4.21083e-05
1.01995e-08
2.0773e-06
7.8669e-07
1.86995e-06
7.85985e-07
3.50207e-06
2.34104e-07
5.8566e-06
2.9985e-07
1.06505e-06
8.90733e-08
5.62835e-09
1.14183e-06
4.09868e-07
1.41854e-07
5.25864e-08
2.24448e-06
1.5306e-06
2.80209e-06
2.65077e-05
7.02252e-07
1.13031e-05
5.70913e-07
7.65774e-06
4.5685e-07
2.03249e-06
5.65691e-07
8.68057e-07
1.42016e-06
8.9989e-07
3.61039e-06
2.21127e-08
9.43607e-07
9.68399e-06
7.41512e-07
3.07834e-07
4.57816e-06
2.8281e-05
5.54262e-06
1.12498e-06
8.62816e-06
7.75972e-06
1.83866e-07
1.00449e-06
2.35313e-06
1.01359e-05
4.98862e-06
6.72697e-06
2.17707e-05
8.41232e-07
1.01166e-05
1.11378e-06
6.87829e-07
9.11205e-06
2.61042e-05
2.63358e-08
3.44863e-08
1.07633e-05
1.64349e-08
1.34719e-05
7.75839e-07
1.14058e-05
8.06452e-06
3.27194e-06
2.57468e-05
2.28208e-05
4.19054e-07
1.79662e-06
5.28831e-07
5.43734e-06
1.95059e-05
6.67795e-05
3.37733e-06
2.96661e-06
5.92062e-07
2.32165e-06
3.06107e-07
1.21901e-06
2.5871e-05
3.17489e-11
9.00409e-07
4.13758e-06
1.57342e-09
6.69821e-07
1.28766e-06
7.54716e-06
3.40337e-07
8.41249e-06
5.89559e-06
2.3113e-06
7.6815e-09
1.78736e-06
9.09817e-07
4.14079e-05
1.02476e-06
1.92393e-07
3.16605e-06
4.29666e-05
1.06902e-06
1.61532e-07
1.47773e-05
6.02002e-07
3.2075e-06
3.09952e-05
1.04731e-06
1.40641e-07
5.44566e-05
7.4499e-08
4.03079e-08
1.43889e-06
2.95489e-05
2.27353e-06
4.53839e-05
8.54189e-11
4.19118e-06
1.42697e-06
8.08545e-07
2.80458e-06
2.48033e-07
1.83615e-06
1.25212e-06
3.78009e-07
1.95283e-06
2.06689e-05
5.39594e-06
3.54831e-06
7.35761e-07
1.32784e-06
1.51192e-08
2.32297e-06
1.46093e-07
9.06387e-06
2.55177e-08
2.35917e-07
1.38255e-05
2.37905e-05
1.008e-06
7.48036e-06
8.19592e-07
2.43534e-05
4.18569e-06
4.63118e-06
1.10953e-06
1.49688e-06
2.99725e-07
1.41672e-06
8.16101e-07
1.969e-06
2.01935e-05
1.46651e-07
8.56635e-07
7.09763e-07
2.31126e-05
2.53751e-06
1.41531e-05
8.45138e-06
2.13016e-06
9.05177e-09
2.63661e-06
4.87178e-05
5.77954e-07
3.59753e-06
2.97225e-06
6.11669e-07
7.53456e-06
4.47608e-05
3.58465e-06
3.78067e-07
6.6147e-07
3.77563e-06
7.62209e-06
9.84746e-06
2.87175e-06
3.15804e-07
1.27936e-06
2.43561e-06
9.27804e-07
7.404e-06
7.09966e-07
8.51377e-07
2.31718e-07
7.80631e-07
3.70462e-07
4.89865e-05
6.36081e-07
3.96884e-06
1.05524e-06
1.29897e-06
8.80493e-08
1.71418e-07
5.50468e-07
1.04599e-06
1.27644e-05
1.26544e-05
2.69892e-07
5.08554e-07
1.65072e-07
5.23447e-07
2.46552e-06
1.70612e-06
1.34089e-05
8.25861e-07
6.62447e-07
6.06199e-07
1.48989e-06
1.19756e-06
1.04442e-05
3.97133e-06
1.15532e-07
6.59121e-07
9.70763e-07
2.97153e-07
5.86939e-07
6.33648e-08
6.78963e-06
5.59319e-06
4.17389e-07
2.99415e-06
7.93747e-07
2.65341e-07
5.07708e-07
8.04909e-07
7.42002e-07
6.9787e-07
1.62453e-08
3.13748e-07
8.60797e-07
2.8016e-06
2.25013e-07
5.16732e-06
1.12297e-06
3.22027e-06
2.62737e-06
8.1087e-07
7.24236e-07
1.25837e-07
7.36913e-08
1.38553e-06
1.9397e-06
1.12509e-06
1.15264e-06
7.79159e-07
7.24304e-06
4.10271e-06
2.95669e-08
1.41343e-06
1.12746e-07
9.13821e-07
4.15137e-08
1.3246e-06
8.60169e-07
1.22124e-07
4.67322e-06
1.9393e-07
1.0097e-05
2.34422e-06
3.48954e-06
9.51313e-07
3.93251e-05
2.55032e-05
6.65844e-07
3.72246e-06
1.02909e-06
7.53416e-07
3.26964e-07
1.31508e-06
5.7015e-05
4.58115e-08
1.09622e-06
5.96636e-07
3.98828e-06
2.74607e-05
4.58459e-05
2.78793e-05
7.95427e-07
8.50759e-07
9.98116e-07
8.28239e-07
1.04509e-06
1.82548e-06
1.26359e-06
1.7647e-07
1.05361e-05
4.98706e-06
1.66258e-08
2.99457e-07
1.06534e-05
2.98544e-07
4.86681e-06
7.57271e-07
1.41539e-05
1.08473e-06
9.02513e-07
2.6547e-05
6.45889e-07
2.98141e-06
5.77682e-07
1.86997e-06
6.78556e-08
1.13926e-06
2.46676e-07
1.64504e-05
9.91431e-06
4.14892e-07
7.40008e-07
4.74836e-06
2.00986e-06
6.26325e-07
1.93412e-06
1.72407e-05
6.77096e-06
1.96793e-07
8.69869e-07
1.23734e-07
6.10667e-07
7.06412e-06
1.02289e-09
1.61281e-06
1.2897e-06
2.58692e-06
5.13269e-06
3.03174e-05
2.69566e-06
4.54981e-06
4.68888e-06
6.65581e-08
7.23551e-08
1.99633e-06
5.28801e-07
2.63066e-06
9.59831e-08
4.76451e-05
2.95172e-05
1.06145e-08
5.53437e-07
4.6685e-06
2.60666e-05
1.24458e-07
4.12374e-07
1.61257e-07
8.60712e-07
7.14979e-06
2.77323e-06
1.78782e-07
2.86324e-10
6.47859e-06
1.01176e-06
8.92416e-06
2.58092e-07
6.94857e-06
4.86925e-07
7.86008e-06
4.62511e-07
9.57444e-06
6.26998e-06
1.16926e-06
3.42874e-06
1.95681e-07
9.27153e-07
2.28817e-05
1.87717e-07
1.34645e-06
5.79739e-07
8.48286e-07
2.46325e-06
2.9654e-07
2.57381e-06
7.71618e-07
6.15814e-07
2.88881e-06
3.83385e-06
5.9647e-07
3.48286e-06
2.61505e-05
7.17034e-07
6.40391e-05
1.42294e-06
1.68753e-06
1.59226e-06
1.16093e-06
1.58839e-07
1.21597e-06
1.73836e-06
9.44822e-06
5.12225e-05
5.68964e-06
1.97329e-06
3.30849e-07
4.89706e-06
1.76431e-06
8.40634e-08
1.44109e-06
1.14409e-06
2.49109e-06
6.52558e-07
1.54599e-07
6.21706e-07
7.56709e-08
3.77984e-07
6.33083e-07
1.58038e-06
1.76119e-07
2.03247e-05
5.98638e-07
1.11081e-06
8.55596e-07
1.96946e-06
8.41844e-07
7.14049e-06
5.23157e-07
1.2631e-06
1.88081e-06
2.32086e-06
2.05207e-07
4.28862e-07
2.91786e-05
5.09604e-06
3.53973e-06
7.95879e-06
4.10679e-06
6.14698e-05
5.15671e-05
2.25804e-06
8.57411e-10
2.70532e-06
1.30369e-06
9.55123e-08
7.76748e-07
1.62331e-05
6.89337e-07
2.84059e-07
1.82525e-06
1.16694e-06
8.67606e-07
1.60207e-07
6.07378e-08
2.33424e-06
5.139e-08
7.01195e-06
1.02655e-06
1.72129e-05
4.22396e-05
6.06525e-06
4.77655e-06
2.45859e-06
3.02599e-07
3.27583e-06
4.3813e-05
1.92346e-06
9.42029e-07
6.02324e-08
2.13027e-08
3.18854e-05
1.62758e-07
1.17659e-05
1.45867e-07
2.56211e-05
3.64524e-07
1.45882e-06
8.99246e-07
1.00188e-06
5.79288e-06
7.21226e-08
4.46616e-07
5.33396e-06
3.66144e-06
8.3264e-06
1.94851e-07
8.32096e-07
1.69716e-06
1.03812e-06
1.51359e-08
1.80136e-06
1.98093e-07
1.66683e-07
9.91892e-10
2.24294e-07
1.8883e-07
2.6788e-05
4.61015e-05
7.20713e-06
7.67147e-07
8.73031e-08
1.80721e-05
5.32311e-06
1.0586e-05
2.19448e-06
9.3016e-07
4.40357e-05
9.40952e-08
2.00893e-05
6.98521e-06
1.43147e-05
3.86597e-06
5.5671e-08
7.47078e-07
2.17653e-07
6.01459e-08
1.69558e-06
7.79576e-07
1.09454e-07
7.60269e-07
1.4603e-05
3.51208e-05
6.33749e-07
1.45386e-07
5.07415e-05
2.3661e-06
5.63138e-08
6.76444e-07
1.42412e-05
2.48164e-07
3.63098e-06
5.01082e-05
1.14184e-06
1.68011e-07
2.31987e-06
1.76986e-05
8.55279e-08
9.31998e-07
8.42841e-09
2.51708e-06
8.65504e-08
4.39515e-08
1.15585e-05
6.15466e-08
1.27168e-07
8.9837e-06
6.20994e-07
3.18222e-05
3.78264e-07
2.99237e-06
1.19185e-06
1.55346e-07
8.52128e-08
1.73501e-07
2.33912e-06
1.95419e-07
4.47954e-08
1.14483e-05
1.33324e-07
2.93189e-06
3.98899e-05
7.15723e-06
9.90913e-08
3.94922e-07
2.3951e-06
5.36442e-06
1.30133e-07
5.29894e-07
2.61424e-05
1.75349e-08
4.43665e-05
1.59661e-06
4.49344e-06
1.80239e-07
2.63084e-08
2.52843e-06
9.94614e-06
4.57363e-05
1.82273e-06
5.27835e-06
6.27461e-06
3.25948e-06
5.80246e-06
1.98729e-07
9.12979e-07
3.01021e-05
1.05607e-06
1.2526e-07
5.15398e-06
3.67364e-07
1.46393e-08
2.37416e-06
8.95555e-07
1.01187e-05
3.09005e-06
4.47618e-06
1.51776e-06
4.22002e-05
4.32096e-05
2.75542e-05
2.59968e-05
1.49771e-05
1.1514e-06
2.51166e-06
5.94541e-06
3.05602e-07
3.48318e-05
4.10053e-06
7.179e-08
4.29544e-06
8.60294e-06
4.30964e-06
2.40151e-07
2.62194e-07
1.39319e-06
5.67817e-05
2.4548e-06
7.11618e-08
1.17314e-05
4.75005e-06
9.50584e-07
1.22435e-06
6.0944e-06
3.51474e-06
3.73171e-06
7.09978e-07
4.60036e-07
6.66686e-07
2.28007e-06
5.73901e-07
7.00518e-07
8.30818e-08
7.46934e-06
7.13567e-06
9.83359e-07
6.34453e-08
1.69747e-06
5.93428e-07
7.78559e-07
2.45903e-08
3.29563e-10
8.44101e-07
7.96754e-07
7.48337e-06
7.23695e-07
8.76893e-07
3.35345e-06
3.98107e-06
3.63961e-07
5.27343e-06
1.5133e-06
5.18154e-07
4.48772e-07
4.85179e-06
4.75052e-07
7.50115e-06
3.22028e-07
2.64833e-05
2.87017e-07
2.02631e-07
3.01881e-05
1.34017e-06
2.69301e-06
4.09556e-06
9.40746e-06
2.34763e-05
8.77857e-06
7.45454e-07
4.9083e-06
4.23243e-06
1.85142e-05
9.66634e-07
4.23486e-06
2.94803e-07
5.91366e-07
5.83739e-05
1.99199e-06
3.2713e-08
2.01523e-06
1.19095e-05
6.43104e-07
2.95472e-07
3.21042e-05
3.20829e-06
2.76541e-06
4.60203e-06
6.28788e-05
2.0434e-05
2.92535e-06
9.42972e-07
7.22226e-07
1.4874e-05
1.87455e-08
9.44309e-07
2.91457e-07
3.76412e-07
3.19972e-07
1.28263e-07
5.72261e-07
9.94183e-07
1.20979e-07
2.23758e-07
3.77306e-06
2.28781e-05
6.36027e-07
4.59817e-07
9.33794e-07
4.65305e-06
5.45813e-07
3.37448e-06
6.50643e-06
1.60784e-05
1.85903e-05
2.60943e-06
5.77252e-08
2.99321e-06
8.61395e-06
1.34622e-07
1.66235e-06
3.14592e-06
1.01301e-05
3.42162e-05
6.16105e-07
1.73452e-06
7.95024e-07
1.13475e-06
3.42813e-06
2.72619e-07
1.5742e-05
1.11075e-05
3.71265e-06
3.99603e-07
9.08583e-09
9.45231e-07
1.13766e-05
7.79909e-06
3.43186e-06
9.91957e-07
3.1637e-07
1.01438e-08
4.77195e-05
5.49501e-07
3.23888e-06
1.82883e-06
1.47589e-05
7.53135e-07
8.34073e-06
1.76354e-06
6.36645e-07
5.22238e-07
3.23201e-05
3.42356e-05
2.15421e-07
1.27949e-05
6.16653e-07
1.19606e-06
4.65437e-07
4.60657e-08
6.90654e-07
6.30697e-06
8.57512e-06
1.49945e-06
2.93928e-07
2.76547e-08
5.19244e-06
1.34045e-06
2.08387e-10
1.10691e-06
2.09412e-06
9.23989e-08
6.54239e-07
8.17736e-07
6.39405e-05
5.2603e-08
1.87483e-07
1.60936e-06
1.30553e-06
1.56633e-08
2.03203e-07
5.41672e-10
5.86435e-07
7.37738e-06
1.37269e-08
8.51599e-07
1.94446e-05
1.19706e-06
2.58955e-08
1.02593e-05
2.82394e-05
7.5673e-07
4.02942e-06
2.36209e-06
2.74167e-08
4.76321e-06
7.96201e-09
4.48667e-07
7.59888e-07
2.91381e-07
2.68483e-07
8.07662e-07
7.94382e-06
1.06644e-06
1.907e-07
1.72179e-05
9.4032e-07
7.09159e-07
2.3598e-07
6.52475e-06
7.51379e-06
3.37509e-06
3.15884e-05
1.50428e-06
2.83767e-06
3.74491e-06
5.91539e-07
6.64109e-07
7.5067e-08
4.48554e-06
4.2718e-06
1.35573e-06
2.46742e-08
1.84582e-07
7.5119e-07
2.20739e-08
3.89916e-07
1.34276e-05
2.36436e-07
2.33983e-06
3.13581e-06
2.56317e-07
5.95345e-06
1.1851e-05
4.71909e-05
1.69379e-06
6.9158e-07
2.67453e-07
7.8604e-07
2.52992e-07
1.18564e-07
2.6113e-06
5.27234e-07
8.44099e-07
6.93009e-07
2.02948e-07
6.12757e-07
6.8607e-06
1.1578e-06
4.55916e-07
1.76e-07
4.4323e-09
9.252e-07
6.75068e-08
8.42724e-07
2.56365e-06
2.01795e-06
1.09262e-07
1.12918e-06
4.46159e-05
2.32189e-07
5.8497e-05
4.89506e-07
8.30418e-07
6.59912e-07
2.69466e-06
2.60975e-06
6.60862e-05
7.84107e-07
1.11371e-06
3.87266e-06
2.90922e-07
2.6913e-07
4.85267e-06
4.36203e-06
9.54456e-07
7.26801e-06
1.38609e-05
1.67533e-07
2.2863e-07
1.92116e-05
2.99566e-07
1.76191e-06
8.46983e-07
5.1523e-06
2.41232e-06
1.02285e-09
3.80693e-07
6.32897e-07
1.80781e-06
6.42151e-08
9.32765e-06
4.41212e-06
1.51519e-06
2.66385e-08
5.96537e-07
4.59065e-05
8.6005e-07
1.44867e-07
2.43718e-07
5.60542e-05
8.84509e-06
1.20366e-06
1.26574e-09
4.35678e-05
7.74324e-06
4.84494e-07
8.09327e-06
4.10797e-06
3.73575e-07
9.06784e-07
3.89286e-05
1.14623e-06
5.84019e-06
4.86546e-05
2.87318e-07
8.47357e-07
7.166e-06
1.85121e-07
5.2038e-07
7.09459e-07
2.10043e-06
1.41458e-05
4.7017e-06
2.6542e-07
9.95186e-07
2.51054e-08
4.2077e-07
8.25523e-07
3.91285e-06
3.63405e-06
1.2246e-07
1.50695e-06
4.48936e-06
4.53601e-06
1.19022e-06
8.38464e-06
4.42487e-07
2.26707e-06
1.17524e-06
3.64749e-06
6.04843e-06
4.62458e-05
2.33141e-05
5.14893e-06
7.95367e-06
1.16321e-06
3.83934e-07
3.03276e-06
6.66024e-07
2.65554e-06
1.6005e-06
1.08187e-06
3.25206e-06
1.6467e-08
7.65966e-08
2.11584e-06
5.07006e-06
1.06383e-07
1.03305e-06
4.35172e-06
2.61366e-07
7.00831e-06
3.49176e-06
3.73649e-05
8.0724e-07
1.26423e-06
2.08958e-06
6.31756e-07
3.91841e-05
3.96661e-06
9.94123e-07
1.42536e-05
1.25423e-07
2.85784e-08
5.82096e-08
3.11019e-05
9.44029e-07
2.96762e-08
2.87007e-06
7.20451e-07
1.51489e-05
2.68668e-06
1.02579e-06
1.10971e-07
8.20125e-06
1.75509e-05
3.79199e-06
9.37372e-07
2.45207e-06
1.35015e-05
6.11546e-05
2.33894e-06
3.84687e-05
1.84084e-05
3.40287e-06
7.81659e-08
9.29077e-07
9.29892e-07
9.82617e-06
1.12561e-06
3.0696e-06
1.56166e-07
8.06293e-06
4.37089e-05
6.81083e-07
1.56773e-05
9.84631e-07
2.80585e-07
1.37737e-07
2.25331e-06
1.92508e-08
5.83538e-07
5.3303e-08
3.67884e-07
2.00514e-05
2.38547e-07
3.71412e-06
8.87075e-07
5.71368e-06
7.41047e-08
4.64963e-05
2.25502e-06
1.63009e-06
1.80258e-05
5.45098e-05
1.44765e-06
5.00396e-06
2.10349e-08
2.06932e-06
6.09287e-05
3.48388e-07
1.00107e-06
6.21716e-07
3.71296e-06
2.08964e-06
3.05246e-06
6.9403e-07
2.13931e-06
8.2454e-07
3.84018e-08
7.8936e-07
6.22562e-05
2.78149e-06
7.09638e-07
2.60459e-07
1.15353e-06
1.20964e-08
1.62293e-06
4.14134e-07
2.32617e-07
4.9142e-06
2.55035e-06
1.8402e-06
4.37103e-06
1.20386e-05
1.62492e-07
1.42232e-06
2.03801e-06
6.40133e-06
7.8022e-06
6.67845e-06
1.11202e-07
2.23689e-06
3.58495e-06
3.47677e-06
6.16866e-07
5.79087e-06
5.19317e-07
4.43876e-07
8.14122e-08
5.38705e-07
3.9104e-09
4.51545e-06
1.08991e-06
3.68248e-05
1.07147e-06
7.20716e-07
4.26878e-05
9.33759e-07
5.18316e-06
3.71855e-08
2.42409e-06
1.12431e-06
1.42933e-07
1.20614e-06
1.35874e-06
6.50005e-06
3.00199e-05
3.69071e-07
8.20559e-07
3.12864e-05
5.02991e-10
1.40641e-07
2.03726e-06
6.09957e-08
4.408e-07
1.87151e-06
1.99966e-06
2.15996e-07
3.56639e-09
8.71563e-07
1.70945e-07
7.26343e-07
1.62391e-06
1.23798e-07
3.37462e-06
1.92258e-08
1.38032e-06
1.1861e-07
6.12481e-08
8.86744e-08
4.75366e-06
1.00837e-05
6.3566e-06
1.73959e-06
1.17258e-07
2.59235e-07
7.11649e-07
6.9899e-06
7.36248e-06
9.65953e-09
2.1418e-08
2.77223e-06
2.8861e-06
9.97717e-07
1.3585e-06
5.52211e-06
1.74269e-05
4.72617e-07
5.12251e-06
4.47983e-05
2.22819e-06
9.1414e-07
4.90392e-07
2.23781e-06
2.05841e-07
5.49586e-06
8.85479e-07
7.85549e-07
4.80133e-05
5.28991e-07
6.20111e-07
3.1135e-06
4.09011e-07
6.45903e-06
1.44022e-06
3.94464e-07
2.30302e-08
1.62154e-07
3.9597e-05
7.75227e-09
4.26275e-07
1.34059e-07
1.65863e-06
1.6169e-07
5.3551e-07
3.3467e-07
1.35183e-06
8.61769e-07
4.23805e-05
5.55325e-05
2.73201e-07
6.27068e-07
7.68852e-07
1.00752e-06
1.17125e-06
4.32423e-07
3.50295e-08
2.57279e-06
5.94094e-07
8.4666e-06
6.98057e-09
1.52267e-06
2.09338e-06
1.30402e-06
1.72357e-05
1.90729e-06
6.4894e-08
9.50631e-07
1.381e-05
2.87796e-06
1.20359e-05
8.48174e-07
8.7553e-07
6.54044e-06
6.15624e-05
4.71147e-06
1.23632e-07
1.19525e-06
3.88619e-06
8.0911e-08
8.57468e-07
1.7988e-06
9.03631e-08
6.8888e-06
9.09567e-07
1.83439e-09
8.85007e-06
2.15466e-06
2.48899e-06
4.98608e-06
2.7814e-05
1.79718e-07
2.26285e-08
1.89262e-06
1.61572e-06
2.68825e-06
9.26477e-07
5.95405e-05
2.27362e-06
7.89835e-07
2.24596e-05
7.73674e-07
6.7417e-06
6.4839e-06
1.96767e-05
1.54607e-06
2.65003e-06
8.18899e-07
2.44617e-06
1.36629e-07
6.61016e-08
6.41161e-06
1.21341e-07
1.31306e-06
6.35505e-07
6.3356e-07
1.94643e-08
9.91202e-07
3.15e-06
9.72991e-07
1.06973e-06
9.05642e-09
6.57708e-06
3.14031e-05
1.25165e-05
4.71867e-05
2.1964e-06
9.13351e-07
9.47072e-08
3.47513e-07
6.65034e-07
5.57784e-07
2.37767e-06
3.95919e-07
1.39707e-06
7.59378e-07
3.25048e-06
3.77123e-06
1.66185e-06
7.69974e-08
6.48658e-06
1.01684e-05
5.20674e-08
2.45221e-06
5.26026e-05
7.80406e-06
7.34116e-08
2.4745e-07
8.50615e-07
6.23159e-06
7.0777e-06
3.4941e-08
9.8696e-07
4.56787e-08
1.04815e-05
1.99224e-06
1.71211e-06
2.44247e-06
7.19843e-06
1.73824e-05
3.98206e-06
2.56724e-05
2.32079e-06
1.28774e-07
7.51257e-06
7.86858e-07
6.11747e-07
3.03043e-07
3.54517e-06
1.00305e-06
9.87631e-07
3.58807e-05
2.80191e-07
6.496e-08
2.2366e-06
1.22163e-06
5.3145e-06
2.5916e-08
1.06559e-05
4.81584e-06
1.22955e-06
2.66786e-08
2.58701e-05
5.27928e-06
8.17308e-07
2.28703e-06
1.82459e-06
3.59501e-06
9.96879e-07
2.99435e-05
3.26172e-06
4.33695e-07
1.12249e-07
1.67299e-07
3.69369e-07
4.91902e-06
1.10862e-06
2.91811e-06
6.85414e-06
3.92591e-06
1.51983e-05
1.02154e-06
6.99743e-07
1.06588e-06
1.61232e-07
7.65767e-07
1.30374e-06
2.64434e-05
7.70499e-06
1.81008e-06
2.55451e-06
2.28244e-06
1.06283e-06
9.99388e-06
6.72448e-06
2.77948e-05
2.19299e-06
4.43879e-06
1.94021e-07
1.80583e-07
4.09396e-05
8.0876e-07
1.51982e-06
5.41833e-08
5.8147e-06
1.1027e-06
6.5918e-07
2.99139e-06
1.19647e-06
1.16536e-06
1.06783e-06
3.4697e-05
6.54689e-07
5.13993e-05
3.95726e-06
9.33818e-07
1.08307e-06
2.50432e-07
8.27956e-06
1.25378e-07
7.9194e-07
2.6628e-07
9.4967e-06
1.7391e-05
6.61076e-07
4.18526e-06
6.89643e-07
1.7232e-05
8.18728e-06
2.1831e-06
1.49295e-05
2.13701e-10
2.64689e-06
3.66574e-06
2.39864e-07
3.44577e-06
2.26282e-06
5.54607e-05
2.24891e-06
1.38305e-08
2.75187e-07
1.98274e-08
1.59082e-08
1.37376e-06
1.31439e-06
4.77555e-06
1.52606e-08
9.64201e-06
1.97545e-05
9.54274e-09
2.97259e-05
7.93728e-08
2.21508e-09
1.6656e-05
3.13278e-06
5.77711e-07
4.08497e-05
2.7513e-06
3.7339e-08
1.07724e-06
1.39173e-08
2.57333e-05
8.86749e-06
1.49897e-06
1.41507e-07
3.29284e-05
1.88258e-06
1.54042e-05
3.39517e-08
2.46423e-07
1.37734e-06
9.89573e-07
1.22549e-06
4.80621e-06
1.81221e-07
1.22999e-06
6.71485e-05
2.74703e-07
5.84265e-06
3.09709e-07
3.36689e-05
9.66346e-08
7.85853e-07
1.36851e-06
1.66795e-07
1.24487e-06
4.27047e-08
1.4558e-05
4.6209e-08
3.82589e-06
4.98497e-07
1.73178e-05
4.12025e-06
2.70394e-07
1.20336e-06
4.83075e-08
1.41409e-07
3.29548e-06
2.24534e-06
2.31414e-08
3.78936e-05
3.19293e-06
8.81084e-06
2.01181e-06
5.21552e-06
2.46237e-07
4.1942e-06
1.60433e-07
4.6843e-07
7.7383e-06
2.90732e-06
4.41478e-07
9.69431e-08
5.5882e-07
2.50555e-06
7.37704e-06
2.51669e-08
2.93105e-06
3.05066e-05
5.90169e-07
7.69273e-06
4.01412e-06
6.90224e-06
1.14647e-07
4.13389e-10
4.38194e-07
3.19669e-05
7.19996e-06
2.71024e-07
1.58655e-05
2.88231e-08
1.32396e-06
3.67448e-05
2.12457e-08
2.70962e-07
4.3085e-06
8.27174e-06
4.58909e-07
2.57854e-06
1.56873e-07
1.58683e-07
1.34425e-06
3.89847e-06
4.44985e-07
2.58182e-06
1.76747e-06
5.62723e-06
2.31219e-05
2.34349e-06
6.11172e-05
2.63486e-07
2.4749e-06
3.45815e-06
4.65446e-07
2.49818e-06
1.6751e-06
6.55967e-08
1.11644e-06
5.83216e-06
1.21266e-06
2.68013e-07
5.3219e-05
1.05508e-06
3.9397e-09
1.70083e-06
5.16769e-08
5.75584e-07
1.1976e-05
5.73985e-06
3.75763e-05
1.08446e-06
1.07901e-06
1.11935e-07
5.00836e-06
9.80302e-07
4.99983e-06
4.6417e-06
9.09535e-07
4.19039e-08
1.18956e-05
7.33577e-07
6.39681e-07
1.89156e-07
1.58362e-06
1.11623e-07
1.31432e-06
6.79327e-07
7.81808e-06
1.16868e-06
2.66715e-06
6.11219e-06
8.76532e-08
2.09164e-07
1.0132e-06
4.38009e-05
6.00374e-06
7.24405e-07
3.65764e-06
2.85144e-05
4.68391e-07
2.24411e-06
2.07812e-06
3.42184e-08
2.73323e-05
2.28992e-07
9.24498e-07
3.41701e-06
6.94023e-09
3.52073e-06
1.66714e-05
1.10245e-05
2.97339e-07
8.1713e-06
4.47787e-08
5.06914e-06
1.83823e-07
2.59805e-07
2.89464e-06
1.30419e-06
1.21446e-05
2.83885e-06
2.31821e-07
1.00266e-06
6.04134e-07
8.32757e-09
6.89198e-05
4.07675e-07
7.17285e-07
6.89846e-06
7.32779e-06
7.20945e-06
6.42197e-07
4.97183e-07
1.79863e-07
1.07989e-07
7.52419e-06
3.66954e-06
2.00349e-06
6.61001e-06
1.69663e-05
3.26347e-07
1.93691e-07
9.2708e-07
2.27493e-06
1.49273e-05
4.39308e-07
2.0916e-06
3.14083e-05
5.89498e-08
1.30572e-06
7.57366e-06
1.08823e-05
1.48234e-06
8.78235e-06
1.75269e-06
1.23398e-05
1.9741e-06
2.67253e-07
2.49624e-08
9.35798e-06
8.70349e-08
2.52493e-06
1.088e-07
3.42558e-05
3.23283e-06
2.4775e-08
5.88212e-06
5.64428e-07
3.4261e-06
4.71763e-05
5.89793e-07
5.87854e-07
4.61976e-08
3.17094e-08
9.13474e-07
1.4317e-08
5.62008e-08
4.98205e-07
9.25084e-08
1.69947e-05
3.96747e-05
9.37315e-08
1.05196e-06
3.32677e-07
1.30718e-08
1.64114e-06
8.05135e-06
3.10882e-07
1.89746e-06
1.96172e-07
8.95275e-06
6.1582e-07
5.51668e-07
1.25504e-07
1.02058e-06
7.60039e-07
1.59225e-07
3.42837e-06
3.80072e-07
2.50356e-07
1.51845e-09
1.83183e-07
4.36643e-05
3.03011e-11
3.08439e-07
1.83648e-05
1.08392e-05
7.26475e-07
1.19444e-06
9.04983e-07
1.58863e-09
2.26727e-08
9.14969e-06
1.86993e-07
2.48676e-07
3.23754e-07
7.33944e-07
7.87061e-08
1.63718e-06
2.43388e-07
2.75569e-06
4.20445e-06
4.69853e-05
2.45862e-07
3.07047e-06
7.8487e-07
7.62944e-06
9.88871e-06
2.75384e-06
2.46319e-06
2.83688e-06
8.20488e-06
2.75231e-08
5.35014e-06
2.26053e-07
1.12721e-06
3.3196e-09
2.90575e-06
2.55156e-07
4.29632e-08
1.60628e-05
9.72286e-08
2.18911e-05
3.5509e-06
6.85948e-06
2.39049e-07
1.55433e-06
2.44812e-07
9.87368e-06
6.62225e-06
3.80324e-06
4.54557e-07
1.79186e-07
5.12363e-06
4.17383e-06
2.81466e-06
2.73689e-07
4.81721e-07
2.01582e-07
2.3514e-05
1.40693e-05
1.20685e-05
7.43586e-07
1.86136e-07
6.72669e-07
1.32596e-07
4.93122e-07
1.64671e-07
1.52349e-06
2.96052e-06
1.10892e-07
2.23869e-05
1.21031e-06
3.60317e-06
1.53603e-06
4.69725e-08
8.57263e-06
3.38744e-06
1.49944e-06
3.5799e-07
1.05145e-06
1.14973e-07
7.29783e-07
1.67213e-07
8.61335e-07
3.28389e-05
2.15906e-07
4.92443e-07
5.78157e-06
8.03024e-07
9.7857e-07
2.59762e-06
2.06255e-07
9.37538e-07
2.73871e-07
3.05106e-06
3.52795e-06
5.62899e-06
5.5541e-05
7.93595e-06
7.89833e-07
2.25341e-06
6.13391e-08
2.26136e-08
4.72339e-07
2.17006e-07
1.8718e-05
3.30947e-06
1.02352e-05
1.68921e-06
3.49469e-06
2.8361e-06
1.02108e-06
1.72563e-08
3.60265e-06
5.10528e-07
4.32598e-05
3.05646e-06
7.8347e-07
4.63013e-06
1.65839e-05
1.23166e-07
3.20821e-06
1.63745e-06
4.18828e-06
1.73382e-06
9.76302e-07
2.01275e-06
2.08791e-07
1.85232e-06
9.90255e-08
2.59765e-09
4.4489e-06
8.9489e-07
1.48428e-06
1.00139e-06
3.65944e-06
4.30135e-06
1.96719e-08
2.12791e-06
4.88012e-08
1.07331e-06
2.31143e-05
2.92855e-07
3.54754e-06
4.35128e-05
1.11433e-06
8.13473e-06
2.5029e-06
3.9281e-05
1.64318e-06
3.33129e-06
9.68972e-07
1.7845e-07
1.61546e-07
3.52299e-06
1.01485e-07
2.76501e-07
5.37259e-07
4.41645e-06
5.72314e-07
1.2286e-07
7.6164e-07
1.13061e-06
3.07466e-05
1.12365e-06
4.31648e-07
1.9905e-06
1.6354e-08
4.66483e-06
1.3716e-06
4.70147e-05
1.20275e-06
6.37947e-06
8.07692e-07
1.35933e-06
1.14286e-07
3.64252e-08
4.75649e-06
4.37942e-06
1.6859e-06
6.9565e-06
9.06142e-07
7.81518e-06
8.71457e-07
2.26547e-06
8.38877e-06
5.38785e-05
3.13028e-07
2.42363e-06
2.48414e-06
7.86431e-08
8.68133e-06
5.66061e-06
5.42584e-07
1.49129e-06
8.59191e-07
3.02532e-06
5.55067e-08
5.64558e-05
1.9925e-07
1.0256e-06
2.74065e-05
3.47924e-06
9.71246e-07
4.06749e-07
6.05287e-06
6.78029e-07
4.0173e-06
6.89342e-08
2.40965e-05
1.84357e-05
2.7745e-06
9.71963e-07
2.39707e-07
5.72786e-06
1.78164e-05
7.06407e-07
1.87575e-06
1.9465e-07
8.73588e-07
7.61338e-07
7.64318e-07
2.28361e-06
5.50685e-07
1.04459e-06
2.92832e-05
9.5376e-08
1.37301e-08
4.5183e-07
6.00754e-05
1.69153e-06
6.41843e-07
9.87654e-08
1.33537e-06
1.10066e-05
3.86424e-07
3.49839e-06
2.05086e-07
3.68602e-05
5.67715e-07
5.45861e-07
5.52945e-07
6.42342e-07
7.30441e-08
7.82034e-06
1.09868e-05
2.27769e-05
8.48745e-07
1.77239e-07
5.45558e-06
3.97391e-06
4.18611e-06
2.33833e-06
7.45088e-08
4.12729e-06
1.08778e-05
1.06847e-06
5.83406e-05
1.49962e-06
1.13215e-06
1.01748e-05
8.0379e-06
3.91319e-06
9.77365e-07
7.73458e-11
1.61313e-09
2.5406e-08
2.45783e-06
3.46754e-06
2.66114e-06
3.43777e-05
2.79762e-05
9.72631e-06
5.37609e-05
3.69252e-05
6.53745e-07
4.01859e-06
1.5789e-07
1.04537e-06
4.09111e-07
6.2072e-06
1.39316e-06
7.54739e-07
1.0422e-06
1.2341e-06
2.02e-06
7.36342e-08
9.11919e-06
6.01184e-08
1.10697e-05
1.75538e-06
4.7735e-06
4.02204e-06
4.77739e-07
4.98268e-06
6.8259e-07
2.04389e-05
6.23739e-07
1.7337e-06
4.7084e-06
7.65388e-06
1.01424e-06
1.97163e-07
1.26313e-06
7.45078e-06
1.99518e-07
1.68845e-05
8.48737e-07
3.60069e-06
1.0572e-06
3.98353e-07
1.47183e-06
5.24153e-05
3.70866e-07
2.06172e-06
1.10863e-06
3.22569e-05
1.98952e-06
9.94731e-08
2.64429e-06
4.01062e-06
1.45203e-06
5.87711e-08
1.97941e-06
8.67984e-07
4.59006e-07
1.60738e-05
1.29831e-05
4.38592e-06
5.7185e-06
2.85789e-06
1.44055e-06
1.76558e-06
1.2431e-06
4.49209e-05
3.44376e-06
2.11808e-06
2.54023e-06
7.59519e-06
9.21652e-07
2.45386e-06
6.42483e-07
1.43094e-07
1.84725e-07
7.9953e-07
1.88207e-06
1.09376e-07
3.6223e-06
1.65458e-08
2.5147e-07
2.19602e-06
2.03516e-06
5.80371e-08
4.82637e-06
2.75433e-07
2.77993e-06
7.76878e-07
2.62251e-06
1.99254e-06
1.13262e-06
2.18306e-06
2.36775e-07
3.62787e-06
1.32404e-07
3.77606e-07
1.82178e-05
4.27021e-07
5.39912e-05
1.4352e-07
3.14175e-07
1.03319e-06
6.32073e-07
1.33007e-09
4.34668e-06
9.82376e-07
3.46945e-08
1.66261e-07
7.69927e-06
3.28438e-08
5.79801e-06
1.12745e-06
9.84559e-08
5.79809e-06
1.05596e-07
3.86039e-07
2.83099e-08
7.0931e-07
7.92369e-06
5.29193e-07
1.02932e-06
4.11658e-06
2.5118e-05
9.28405e-06
2.43508e-07
4.22038e-06
8.93346e-07
1.05299e-06
2.83552e-05
4.24526e-06
6.91706e-07
5.70913e-06
1.12405e-06
2.85489e-08
4.09581e-08
2.61225e-07
6.95554e-05
6.56161e-07
5.5447e-07
4.89572e-05
9.32156e-07
2.12731e-07
2.02514e-06
1.08726e-06
7.2301e-06
4.34911e-06
6.30523e-08
8.48978e-07
6.56183e-07
6.84464e-08
6.11869e-10
4.16425e-07
1.12093e-06
6.83632e-08
4.35637e-07
1.13641e-06
1.16569e-07
6.66483e-06
9.522e-07
3.981e-06
1.10407e-06
2.75778e-07
2.16983e-05
2.90473e-09
4.95649e-05
2.26024e-06
7.1101e-07
1.01747e-06
7.03271e-08
1.58211e-06
4.0171e-05
3.17964e-07
5.68685e-05
1.22098e-06
4.29728e-06
7.75223e-07
2.46357e-05
3.95341e-06
8.02972e-06
7.26276e-07
1.13701e-06
5.14919e-06
4.74127e-06
7.97891e-08
1.0429e-06
1.05794e-07
3.29654e-06
1.23429e-06
1.09546e-06
1.31864e-06
1.50188e-06
2.87992e-06
2.03661e-06
4.12052e-06
2.14428e-06
2.83581e-07
2.39406e-07
2.70167e-06
5.37618e-08
6.37119e-06
2.79953e-06
9.53407e-06
1.08214e-05
1.36496e-07
5.15968e-05
6.84413e-08
7.22832e-06
7.80808e-09
3.78216e-06
8.90798e-07
1.28102e-05
9.03454e-08
3.96194e-06
6.09318e-07
2.22604e-06
1.88285e-07
5.65567e-06
2.40974e-06
1.25714e-07
1.10733e-06
7.13294e-07
5.62898e-06
1.02381e-06
1.10499e-05
2.71849e-06
4.95551e-06
1.89982e-11
8.29157e-07
7.13219e-07
1.01077e-05
8.75229e-07
3.3142e-06
7.65381e-07
7.90227e-07
5.0911e-06
3.76302e-05
6.50445e-05
7.65594e-09
3.70424e-06
4.72455e-06
7.88277e-09
1.1733e-05
1.54955e-06
1.35895e-06
4.35888e-06
1.01112e-06
7.97743e-07
3.89676e-05
2.73116e-05
1.1063e-07
1.37664e-05
1.03826e-06
2.33317e-06
8.28131e-07
3.71863e-06
1.00477e-06
3.94259e-05
5.35969e-09
5.05408e-08
2.13663e-06
2.1432e-06
6.49868e-06
2.30475e-05
9.92708e-07
1.39458e-06
4.71035e-07
4.13615e-06
3.39257e-08
8.98544e-07
1.03981e-05
1.51049e-07
2.83396e-05
4.6669e-07
6.60468e-07
6.26859e-05
2.7433e-05
7.82404e-07
7.26522e-06
2.49274e-06
1.30211e-07
6.79759e-05
2.5428e-05
4.21216e-07
3.60457e-08
7.60457e-06
1.74682e-07
2.07844e-06
1.90886e-06
7.65984e-07
2.44764e-06
6.31701e-07
5.45608e-05
1.24399e-05
4.48688e-06
2.33243e-05
5.79253e-06
7.22706e-06
6.28383e-07
5.05538e-05
1.63971e-06
5.20074e-06
2.82927e-07
7.01637e-07
6.18039e-05
1.47965e-06
2.65729e-06
7.77948e-07
7.46471e-06
2.92661e-07
7.74593e-07
5.20623e-07
3.84584e-08
4.82216e-06
2.77813e-05
3.69455e-07
6.27542e-06
6.26789e-05
1.6793e-06
1.54723e-07
4.28218e-06
2.32159e-07
1.84339e-07
1.02873e-05
4.44735e-06
5.78018e-05
4.40898e-06
6.92026e-08
2.33507e-06
1.33271e-07
7.9705e-07
4.37104e-06
2.57607e-06
6.931e-08
4.36812e-06
4.54831e-07
6.99993e-07
8.75124e-09
1.89422e-07
2.40526e-08
3.76919e-07
1.78508e-07
9.90997e-07
7.34137e-07
3.44948e-06
4.88327e-07
8.63024e-07
1.22568e-05
3.93018e-07
1.95005e-06
1.18418e-07
7.71506e-06
2.91052e-05
2.5707e-06
3.4291e-06
3.30315e-06
6.68089e-06
6.91935e-06
2.25985e-06
5.41973e-07
6.14295e-07
3.78916e-05
3.61838e-08
7.31287e-06
2.27717e-07
6.92036e-05
3.53825e-07
1.10431e-06
3.90864e-07
6.42471e-07
7.33014e-06
1.06116e-05
2.89639e-07
1.21229e-07
4.80889e-08
7.25708e-06
7.25333e-06
6.30516e-08
5.55387e-05
3.98461e-05
1.60541e-06
7.46589e-07
4.65542e-07
1.66539e-06
2.20025e-06
3.33534e-06
3.06105e-06
6.48159e-05
1.14937e-06
9.6498e-07
1.86253e-05
5.42039e-07
7.32349e-07
1.65578e-07
2.2284e-06
2.46714e-06
6.91722e-06
2.20201e-06
1.36591e-05
8.30219e-07
1.7399e-07
6.75413e-08
5.31404e-05
5.90165e-07
9.27274e-07
2.92087e-06
6.25045e-06
4.1704e-08
9.03787e-07
1.71127e-06
3.62923e-08
1.46967e-06
2.63916e-06
6.55584e-06
1.29502e-06
8.81713e-07
1.1309e-06
3.02651e-07
3.37753e-06
1.10962e-05
5.22668e-07
8.71594e-06
1.12986e-07
8.61121e-07
1.18728e-07
2.716e-05
9.37845e-07
4.80111e-05
1.90516e-07
8.94359e-06
4.31275e-06
8.30638e-06
3.74997e-08
1.01433e-06
1.07615e-06
1.11267e-06
2.11383e-07
3.25557e-06
3.93859e-06
1.25123e-07
2.09874e-06
3.50696e-05
5.69417e-06
6.12204e-07
1.03572e-06
1.64516e-07
1.49185e-06
1.51334e-05
4.63901e-06
2.74314e-07
5.92746e-08
2.90879e-07
1.27362e-06
3.68184e-05
2.71202e-06
1.81839e-06
1.84455e-05
2.7096e-06
5.4243e-06
7.0321e-07
1.50327e-06
3.91868e-07
3.95012e-06
5.04243e-05
5.37499e-08
6.33076e-06
6.48303e-06
3.03827e-07
2.71844e-07
2.29157e-10
9.37526e-07
1.20101e-06
1.05829e-05
1.36567e-06
1.24167e-07
1.76675e-06
1.48725e-06
1.04905e-08
1.35453e-06
6.76728e-07
2.62453e-08
2.21804e-06
1.88316e-06
1.79282e-07
8.73234e-09
7.56432e-07
2.1495e-05
8.44943e-07
8.53498e-07
2.95056e-07
1.38949e-06
9.69896e-07
1.86079e-06
7.34684e-07
1.58012e-05
1.10133e-07
2.81286e-06
8.70171e-07
2.03677e-08
4.37354e-06
1.29626e-06
5.01533e-05
6.16437e-07
2.45657e-07
1.74907e-06
4.30884e-06
7.31857e-06
3.26371e-05
1.0889e-06
4.45779e-06
8.52544e-07
4.29009e-05
2.33461e-06
1.34957e-06
2.04539e-06
1.43212e-05
3.9332e-06
9.46029e-09
6.97038e-05
1.43979e-06
1.66678e-07
1.50746e-06
1.05659e-05
5.58322e-07
1.29638e-06
1.88079e-07
1.02032e-05
3.10437e-06
8.84024e-07
1.2072e-06
9.05504e-07
7.22916e-07
5.92841e-06
1.0697e-05
4.7717e-06
9.18427e-07
7.80444e-07
2.17283e-07
6.7215e-07
1.06923e-06
4.57066e-08
1.39923e-06
5.32001e-06
7.58818e-06
1.20677e-05
3.56483e-06
8.41502e-07
9.83711e-07
4.31046e-06
6.84651e-07
5.32159e-06
1.01956e-06
1.51198e-06
2.00708e-06
6.92117e-07
4.61594e-06
1.55296e-06
1.49358e-06
1.78347e-08
5.3398e-06
1.27529e-06
7.14038e-07
9.72944e-07
1.62064e-05
2.19283e-07
1.12819e-06
2.7156e-07
1.4261e-07
3.7173e-06
3.07912e-05
2.25804e-08
2.41903e-06
4.50212e-05
7.12185e-07
1.75826e-05
1.25101e-05
5.98443e-05
1.01176e-05
6.1322e-07
6.49104e-07
6.02843e-06
1.54976e-06
2.11543e-06
7.08944e-07
5.47254e-06
9.97994e-07
9.73065e-07
1.35335e-06
9.92454e-06
8.72222e-07
7.08199e-07
7.62759e-07
1.09683e-06
1.88973e-06
1.7411e-07
3.11313e-07
2.77485e-05
2.25036e-07
2.18676e-06
1.86833e-07
9.84605e-07
1.81867e-05
2.90356e-06
7.37654e-06
1.86547e-06
1.47667e-06
1.86948e-06
9.76769e-07
4.00776e-07
1.80517e-07
2.14591e-08
3.40693e-06
7.67238e-07
5.86092e-07
9.1852e-08
2.09814e-07
8.47816e-08
7.8111e-06
9.76636e-08
4.75276e-08
7.70775e-06
1.07121e-06
2.09748e-06
3.21177e-07
3.97127e-06
1.03953e-07
5.90742e-07
2.07738e-06
7.50261e-07
1.47362e-06
9.5653e-07
5.74355e-06
3.21116e-07
2.28082e-06
3.97933e-05
9.00302e-07
3.97169e-06
3.27912e-06
1.28975e-06
7.0608e-07
8.76911e-07
2.20974e-05
5.03338e-05
7.92868e-08
1.30308e-06
1.31979e-06
4.8245e-06
4.48825e-07
2.27562e-06
1.82609e-06
2.79513e-06
7.05468e-05
8.32756e-07
4.81037e-05
3.28404e-06
1.03567e-06
1.29497e-06
7.27628e-07
9.61737e-08
6.7158e-07
2.85471e-06
6.18819e-07
1.22949e-07
6.46573e-07
6.52308e-07
1.11669e-06
1.59755e-06
8.24426e-07
5.74198e-10
4.13019e-07
1.91848e-06
3.28858e-06
1.27414e-05
7.1263e-06
1.96482e-06
9.08909e-06
9.03831e-07
7.28275e-06
5.1918e-07
5.70232e-07
3.45969e-06
4.29529e-08
5.03014e-06
9.62118e-07
3.10193e-05
5.6619e-06
4.70918e-05
4.0085e-06
5.42215e-08
9.71847e-06
9.92363e-07
6.2466e-05
6.73327e-07
5.23015e-07
1.78766e-07
1.80565e-05
9.96334e-08
2.84152e-05
2.00727e-07
6.4989e-07
6.66144e-07
8.56525e-07
4.96386e-05
9.92306e-07
5.96408e-07
7.02608e-07
9.22397e-07
4.8756e-06
2.75823e-06
2.11296e-06
2.41615e-05
1.11844e-06
4.41461e-08
3.53264e-06
5.46839e-07
4.8331e-06
4.0082e-07
1.46435e-07
6.99102e-07
1.23272e-06
6.90735e-07
3.70608e-05
4.61019e-06
1.31331e-06
2.58156e-06
1.14903e-06
2.86475e-06
3.08126e-06
1.38558e-07
1.67044e-06
2.86787e-07
5.91525e-06
3.88349e-06
3.64898e-06
6.63172e-07
3.09636e-05
1.30872e-06
2.12335e-06
8.79e-07
1.9871e-06
3.25638e-07
1.48768e-07
2.36058e-06
1.14498e-06
5.61168e-06
2.77455e-07
3.42741e-07
2.17015e-06
2.52357e-05
1.20865e-06
5.78373e-05
6.72556e-08
1.07002e-06
1.88838e-06
9.13469e-07
1.33686e-06
6.65891e-07
1.41177e-06
1.60708e-05
6.11695e-05
4.85226e-06
2.85106e-08
1.31187e-06
1.20299e-05
1.22126e-05
7.21708e-08
1.87644e-07
1.24059e-07
9.86028e-06
8.00505e-07
8.84819e-06
7.41199e-06
4.07134e-05
4.76474e-06
1.00956e-07
5.58506e-07
2.52258e-06
5.41968e-06
6.5481e-07
5.03392e-05
4.09773e-06
7.63263e-07
1.69127e-06
1.29383e-07
8.78706e-07
4.03952e-06
5.41682e-06
1.11921e-06
9.15636e-07
2.37937e-06
8.41468e-08
1.8954e-06
2.59372e-05
5.79544e-07
3.02541e-05
1.64165e-07
3.41803e-06
7.80394e-07
1.2063e-05
1.11371e-05
4.13085e-06
1.58331e-05
6.41398e-07
3.97846e-07
2.67091e-05
6.07636e-07
7.30077e-07
2.2815e-07
2.79157e-06
8.80491e-07
4.47771e-07
4.42863e-06
2.47583e-06
2.07837e-06
2.37055e-06
3.13466e-06
7.81508e-07
5.48404e-07
5.99646e-09
5.70576e-10
3.24437e-06
1.72034e-07
3.48493e-06
3.81396e-07
1.34333e-08
1.72924e-06
1.75627e-05
2.98769e-05
6.43128e-05
6.96712e-06
1.45463e-07
5.79993e-07
1.57414e-07
1.15186e-05
2.50161e-08
2.27595e-06
9.2107e-07
8.56434e-06
4.08082e-08
2.91047e-06
7.87907e-07
6.59481e-06
4.51721e-05
2.07709e-08
7.57837e-07
2.0659e-08
5.0553e-07
3.52413e-06
3.59956e-05
3.15894e-05
7.63681e-07
7.39334e-06
3.17118e-07
2.75613e-05
7.13037e-07
2.35433e-06
7.52478e-07
4.8157e-05
2.9078e-05
1.27673e-06
1.02246e-05
1.43527e-06
7.69898e-06
5.21727e-06
9.25142e-07
1.26279e-05
6.1464e-07
4.35541e-06
1.02042e-06
3.30269e-06
6.07274e-07
8.96426e-07
1.5109e-06
2.27854e-06
7.79256e-06
4.43333e-06
1.31566e-07
6.9293e-07
3.50239e-05
1.06397e-07
2.23629e-06
1.20677e-06
1.23817e-07
6.2057e-07
4.32394e-05
5.58991e-07
4.08358e-06
1.95567e-05
2.40495e-06
8.10063e-07
2.09482e-05
4.31995e-06
1.03679e-07
3.49108e-06
5.49851e-06
6.47268e-05
5.83983e-09
4.47954e-10
1.02742e-06
9.5021e-10
2.66491e-05
2.07307e-06
7.5515e-06
1.39259e-07
3.40478e-05
7.47463e-07
5.71865e-06
6.14544e-07
1.18655e-07
5.48853e-06
2.55004e-07
1.41095e-07
2.3514e-06
4.91e-05
3.44928e-06
2.52308e-06
4.3774e-05
7.90094e-07
1.64954e-06
5.54571e-08
2.2693e-06
6.24386e-06
1.30069e-05
8.88346e-07
8.22158e-07
1.64034e-10
4.49123e-06
1.83554e-07
1.02857e-06
5.44103e-08
1.12949e-06
9.12834e-07
7.67442e-06
1.98967e-07
5.73443e-06
2.85021e-07
7.36087e-07
3.29977e-06
5.58564e-07
1.2216e-06
7.03208e-06
1.92027e-06
1.43541e-06
4.38817e-07
1.48839e-05
2.2199e-06
1.43062e-07
1.04033e-06
2.70493e-07
4.51821e-06
2.66587e-06
1.84517e-06
5.26996e-06
5.88296e-06
3.56911e-06
1.73082e-08
5.71319e-07
9.15782e-07
5.06679e-05
6.0109e-06
3.2036e-06
4.28612e-05
4.26812e-06
1.04242e-05
7.74023e-08
1.30401e-06
7.61049e-06
1.95965e-06
5.60671e-07
3.65083e-06
5.32522e-08
1.24418e-06
1.54186e-05
4.43627e-06
3.11836e-06
9.93789e-09
1.13107e-07
1.06084e-06
4.18609e-08
1.2227e-06
3.23159e-07
7.86349e-07
1.98244e-06
7.11048e-06
2.16283e-06
2.33738e-06
7.85049e-07
5.66225e-05
4.58268e-05
4.73514e-07
1.05312e-05
2.14788e-07
2.44707e-07
1.93983e-07
4.44466e-08
3.52523e-08
6.40721e-08
9.53224e-07
2.75422e-05
7.95117e-06
3.8714e-06
1.91534e-07
1.22339e-06
2.62203e-05
1.68328e-07
1.79695e-06
4.68281e-06
6.52862e-07
6.7002e-07
1.88133e-06
1.08784e-06
7.15449e-07
1.4733e-06
1.25523e-05
3.658e-05
1.36739e-06
6.67415e-08
2.76406e-05
5.77126e-07
2.12406e-06
4.42827e-05
9.18296e-07
9.50067e-07
3.54629e-07
1.70848e-07
2.7601e-06
6.63829e-07
1.16405e-06
9.4577e-06
7.33861e-07
2.32112e-06
4.82012e-05
8.20272e-06
1.00982e-06
9.09509e-06
5.53525e-06
1.25711e-08
4.22769e-09
7.93718e-07
1.68786e-07
1.4842e-06
3.35727e-05
3.01166e-06
7.49773e-07
7.74609e-07
2.27697e-06
1.32482e-06
1.49036e-05
6.32969e-07
8.66631e-07
7.74519e-07
7.00467e-05
8.63136e-07
4.64512e-05
1.04662e-06
5.55475e-06
5.56172e-05
9.44718e-08
2.50821e-06
6.10584e-07
2.77532e-06
1.34036e-06
9.9229e-06
6.2989e-07
5.37894e-05
2.83183e-06
1.58808e-06
2.74091e-06
1.59203e-07
1.58635e-06
1.25492e-07
2.70996e-07
3.39317e-07
1.33309e-06
1.46487e-06
8.38112e-07
8.94021e-07
2.34405e-06
1.63823e-07
2.26699e-10
8.14161e-07
1.00296e-06
2.36294e-06
1.00926e-05
9.90828e-07
1.99048e-07
4.11456e-05
6.26187e-07
5.5247e-06
9.93165e-08
8.65892e-07
2.34334e-07
1.45818e-05
2.54703e-07
7.64578e-06
1.53344e-06
4.9343e-05
7.83806e-07
2.25972e-06
3.25457e-09
5.72272e-08
3.39508e-06
3.78097e-06
6.18189e-07
5.9393e-06
2.11683e-05
7.78678e-07
1.24403e-07
1.21486e-06
6.98571e-08
2.78528e-06
3.93235e-07
2.30323e-06
9.26228e-07
2.23905e-06
7.5258e-07
9.22458e-07
7.28474e-06
9.64039e-07
1.09703e-06
1.21461e-07
1.37879e-06
2.49806e-06
9.17887e-07
1.19019e-07
5.36989e-06
7.70304e-07
8.74208e-08
3.39186e-07
3.63048e-05
4.05597e-06
1.31369e-06
7.8494e-08
4.14862e-06
1.61657e-08
1.47091e-05
2.99648e-07
9.77073e-07
8.61556e-08
2.88211e-07
9.46425e-07
1.0564e-05
5.00034e-06
6.45488e-06
1.76122e-07
2.66733e-07
2.15716e-08
7.06439e-07
2.11971e-06
7.06249e-06
8.48987e-07
8.50281e-07
7.46838e-07
9.86064e-07
7.93599e-07
3.02999e-06
5.73389e-07
1.87679e-07
1.72465e-06
7.71039e-07
6.3136e-07
1.68902e-07
2.83386e-06
1.22896e-07
5.08472e-06
9.02581e-08
2.21291e-06
5.78496e-05
1.04693e-06
5.72999e-09
6.53426e-06
6.53808e-07
2.24756e-07
6.02303e-06
4.19364e-08
1.08492e-08
1.12728e-06
1.8638e-05
9.00978e-06
4.17273e-06
2.03592e-06
5.24844e-07
1.71405e-07
1.31748e-05
1.1276e-06
7.93576e-07
1.16049e-07
6.24461e-06
9.55294e-07
1.22547e-05
3.08677e-07
7.9767e-07
8.84058e-07
2.00882e-06
2.47505e-06
4.37732e-07
3.13367e-07
2.3101e-06
2.28556e-07
2.56235e-06
2.54845e-06
3.79521e-10
2.39052e-06
1.03186e-06
1.7446e-06
3.68759e-05
8.30718e-07
3.03029e-05
1.79038e-07
5.64082e-07
1.32986e-06
3.5866e-06
1.1131e-05
2.25781e-06
8.25489e-07
6.55255e-06
1.96869e-06
5.81754e-08
7.04785e-07
1.9203e-06
1.7417e-07
1.63822e-06
1.79051e-06
6.03813e-05
7.46635e-06
1.20054e-06
2.5613e-06
1.53322e-06
6.76799e-07
4.41341e-05
7.37389e-06
2.76194e-06
3.10185e-06
7.58481e-07
3.91055e-06
8.26029e-06
3.81986e-06
1.84311e-06
1.80865e-07
6.97587e-07
2.64923e-07
4.34168e-09
3.29233e-08
2.25012e-06
2.7451e-05
1.69212e-06
5.11616e-08
1.29813e-05
1.99269e-07
6.23038e-08
1.23351e-06
5.48976e-06
5.17423e-07
1.13628e-06
1.05951e-06
3.47571e-06
7.15343e-06
2.12422e-08
5.42572e-07
3.78674e-07
5.54171e-07
7.12349e-07
4.57636e-06
6.60509e-07
5.06756e-06
1.39603e-07
1.46723e-06
4.72227e-05
7.48931e-06
1.42633e-06
9.80385e-08
7.42698e-07
4.16447e-05
8.62191e-08
7.52865e-07
9.95903e-07
4.01581e-05
1.10584e-05
7.01778e-06
9.325e-08
6.33493e-07
3.39657e-06
5.18827e-06
6.03912e-07
1.15143e-05
4.50776e-06
5.10171e-06
2.51374e-06
6.57228e-07
2.04247e-06
2.50037e-07
2.44022e-06
1.84351e-06
1.3398e-05
1.29346e-06
2.60041e-06
2.09203e-06
1.36604e-06
3.36891e-05
2.27244e-07
4.26867e-07
1.12991e-06
5.43937e-07
9.49019e-09
5.44662e-07
6.11525e-06
2.34273e-07
6.22868e-08
8.28268e-06
2.04096e-06
4.01085e-08
5.36929e-08
5.50985e-06
3.41739e-06
1.44075e-07
5.63926e-08
1.85595e-06
2.65076e-07
1.43957e-06
1.22303e-07
1.26593e-06
2.61591e-07
1.83568e-05
1.30842e-07
2.60245e-07
2.87324e-05
2.10269e-06
1.31782e-09
3.85226e-06
7.59702e-06
4.29824e-05
7.67888e-06
5.25233e-07
8.04952e-06
4.00244e-06
6.24646e-07
1.75667e-06
2.92512e-06
7.69312e-07
1.61608e-07
1.22876e-06
4.14773e-08
6.30125e-05
1.83813e-06
2.50206e-06
9.64247e-07
3.39909e-06
6.37465e-10
1.12359e-05
1.76051e-06
1.89404e-05
2.21086e-07
1.45335e-07
4.30814e-05
2.26453e-07
5.98104e-05
9.87001e-07
1.60652e-06
3.27612e-07
3.79266e-05
3.0069e-08
5.8179e-07
1.968e-07
7.35247e-06
1.98684e-06
1.36271e-06
7.85835e-08
3.66403e-05
3.06724e-07
2.21457e-06
3.61825e-05
2.20396e-06
1.42312e-07
8.09244e-06
7.03019e-06
1.51445e-07
9.16601e-07
1.58264e-06
7.21422e-07
2.98763e-06
1.22751e-06
4.1412e-06
2.38279e-06
9.44861e-07
4.55871e-06
1.04224e-05
7.42179e-07
8.80829e-07
6.57824e-07
1.43527e-06
5.90149e-07
1.2537e-05
5.27645e-06
6.23598e-07
6.62246e-07
7.8292e-07
5.80548e-06
5.00729e-06
9.05758e-07
9.65298e-06
7.65721e-07
6.1571e-07
8.86544e-07
2.06384e-06
6.27114e-07
2.56211e-06
4.22015e-05
7.95759e-07
5.84762e-12
6.044e-07
3.10828e-06
1.66722e-07
2.16292e-06
1.11021e-06
1.04544e-08
1.02368e-06
6.50208e-06
8.33126e-07
3.71607e-06
9.43749e-07
1.98081e-06
1.23702e-07
2.24718e-06
6.75042e-07
6.28896e-07
6.41971e-06
2.94525e-06
1.80346e-05
3.41486e-05
1.65224e-07
9.61628e-06
5.26917e-05
9.45558e-07
1.07803e-05
1.23651e-06
8.94052e-07
1.41613e-06
2.92766e-05
1.98631e-07
1.21134e-07
7.79915e-07
3.57794e-07
3.15346e-06
3.14023e-06
7.2604e-07
7.78643e-07
7.82969e-08
9.03532e-06
3.4639e-06
1.23555e-07
4.24642e-06
1.22857e-06
1.03225e-06
3.05445e-05
1.00831e-05
1.37998e-07
9.68047e-06
6.11151e-06
3.096e-07
2.68373e-05
2.78544e-07
2.3429e-07
6.25602e-06
1.74211e-08
2.00669e-06
1.20959e-06
7.70842e-06
8.78952e-07
4.28143e-07
1.67598e-06
1.9155e-07
1.48257e-06
2.1678e-06
9.60278e-07
6.35442e-07
1.1916e-05
1.20322e-06
6.01148e-06
1.13668e-06
7.79419e-07
1.65897e-07
5.47629e-07
5.36873e-07
1.35574e-06
1.8959e-07
7.33215e-07
1.19553e-06
6.91085e-07
3.16013e-06
1.07953e-06
1.80542e-07
3.96559e-07
1.24615e-06
2.33889e-06
1.02039e-06
2.8872e-07
4.2417e-07
1.11294e-05
1.34336e-07
3.00316e-07
6.95662e-06
1.71975e-05
1.00808e-05
1.01924e-06
5.24625e-07
2.42371e-07
5.50751e-06
1.40476e-06
5.71079e-07
3.56382e-06
4.72403e-06
1.36929e-06
3.21139e-08
1.61783e-05
3.12641e-06
4.46006e-06
1.93594e-08
1.67464e-06
5.35838e-08
4.54763e-06
4.97804e-07
7.79273e-07
2.43833e-07
1.14382e-06
2.52154e-06
7.60495e-07
8.92009e-08
4.96041e-05
8.07479e-08
3.46361e-05
2.61888e-05
8.46616e-07
6.2453e-06
3.02911e-05
1.98916e-06
7.12783e-08
1.0132e-06
2.51705e-06
7.00574e-07
8.05974e-07
1.53925e-06
1.06997e-06
5.51931e-05
1.00334e-06
4.19281e-06
1.19561e-06
6.97223e-06
2.02497e-06
8.2337e-07
6.87023e-06
1.81837e-05
8.11732e-07
2.61741e-06
2.77214e-06
2.08302e-05
7.88739e-06
1.37437e-06
2.5183e-06
4.65775e-06
4.06143e-05
4.56403e-08
4.49165e-09
1.66636e-05
6.98633e-06
5.81101e-08
3.5297e-06
1.86994e-06
4.48704e-07
7.73073e-07
1.79337e-05
6.40231e-06
7.05098e-08
1.24969e-06
2.09476e-06
1.4149e-06
1.09096e-07
5.64373e-05
3.38011e-07
1.9983e-05
4.30888e-07
3.4713e-07
5.39387e-05
1.39397e-07
4.65842e-05
6.3252e-06
2.96355e-07
1.47171e-05
4.5558e-06
7.02238e-06
1.00882e-06
3.88778e-06
6.3608e-08
4.63234e-06
5.55397e-08
5.58272e-07
1.74419e-07
1.97209e-06
3.21746e-07
3.46777e-07
2.16998e-07
8.49657e-06
1.53772e-09
4.09144e-07
6.42765e-07
7.47619e-06
2.75131e-05
7.06594e-05
2.24327e-07
2.00954e-06
1.98789e-06
2.83874e-07
1.60968e-07
8.99557e-06
2.03209e-06
4.14055e-05
7.35239e-06
1.11085e-07
1.56337e-06
5.13907e-07
6.88544e-07
5.95667e-07
8.53592e-07
2.29e-06
7.79187e-07
2.11013e-06
1.9124e-06
7.38209e-06
7.59699e-06
9.21797e-07
1.58359e-08
5.46012e-05
2.44739e-05
1.80134e-06
5.44645e-07
1.85865e-07
3.69855e-06
7.37401e-07
1.48949e-06
2.38739e-10
7.25414e-06
8.22297e-07
6.79244e-05
2.24659e-06
2.43119e-06
1.66566e-07
1.16581e-06
1.11611e-07
2.98881e-05
2.02477e-06
2.57435e-05
1.8711e-06
1.50525e-05
6.01539e-07
4.56979e-06
4.71432e-07
1.08133e-06
1.10825e-06
4.30332e-06
1.53134e-07
8.49847e-07
1.06534e-06
1.41205e-08
8.94515e-07
1.44302e-06
7.54289e-06
7.57451e-06
2.90135e-06
8.19848e-08
8.90148e-07
2.67057e-06
1.92472e-05
2.74827e-05
8.44075e-06
9.41325e-07
2.87802e-06
5.60653e-10
9.24211e-07
1.79926e-06
5.97854e-06
1.09974e-05
9.21308e-07
6.99872e-07
1.09463e-06
1.94525e-09
2.24108e-06
4.21451e-07
8.21031e-07
9.76113e-07
7.28974e-06
7.945e-07
1.2879e-06
2.55076e-06
3.56138e-06
2.29154e-07
2.45143e-05
1.85951e-06
1.34522e-06
2.22521e-07
1.51406e-06
7.16255e-06
1.15634e-05
4.59342e-06
3.79416e-07
3.37574e-06
9.57441e-07
9.59027e-07
7.74838e-06
5.23495e-07
1.00448e-06
3.68582e-07
8.93301e-07
4.53044e-06
2.90229e-05
1.03347e-06
6.13081e-06
1.13758e-07
5.69362e-07
7.27858e-06
1.29802e-05
9.42989e-06
2.19683e-08
4.31806e-05
2.27999e-08
2.47838e-10
3.20658e-05
2.86401e-08
1.69933e-06
8.5018e-07
6.76557e-06
1.77273e-06
6.82704e-06
6.20117e-05
3.27547e-06
1.02458e-08
6.29637e-06
4.67713e-09
9.28443e-07
6.13075e-05
2.15617e-07
4.75056e-06
6.65567e-06
8.75983e-10
1.22246e-07
2.31995e-06
1.29527e-06
7.89186e-07
7.62736e-06
2.10215e-06
6.38851e-07
5.82741e-08
6.25365e-06
1.94834e-06
8.3703e-08
5.6298e-05
4.17002e-07
1.57908e-06
3.34856e-06
5.51546e-08
1.24539e-06
7.80538e-07
4.3727e-07
8.63942e-08
1.27555e-08
1.16003e-07
1.12138e-05
3.20165e-07
2.29522e-06
4.61388e-05
2.02818e-05
8.84033e-10
1.58397e-07
2.71216e-05
6.55454e-07
9.05242e-08
6.62403e-06
2.03739e-06
8.32524e-06
1.77393e-10
1.79971e-06
1.02254e-06
1.18853e-07
2.26982e-07
7.21707e-07
4.55483e-06
7.61393e-06
2.50802e-06
3.67843e-07
2.41601e-07
3.34562e-08
1.30337e-07
2.4352e-06
1.4683e-08
1.06153e-06
3.67469e-05
5.47137e-07
2.77375e-07
1.29276e-06
1.47009e-05
1.8646e-08
6.80109e-06
1.44148e-06
6.87848e-07
9.50498e-06
1.64568e-07
2.21591e-05
1.27238e-05
2.82715e-08
4.85974e-05
1.08342e-07
1.22279e-06
3.62216e-05
5.55919e-05
9.41339e-09
4.62576e-05
8.55257e-07
1.34486e-06
1.48423e-09
6.40314e-07
2.397e-09
2.32566e-08
3.49738e-08
1.54193e-06
2.24969e-06
4.24636e-06
2.96531e-07
8.964e-07
9.38435e-07
2.13149e-05
4.66839e-07
2.97203e-06
8.75455e-07
6.12452e-06
1.3702e-06
7.55263e-07
1.03671e-06
6.03459e-08
5.09433e-07
1.07011e-06
1.29851e-06
3.52906e-09
8.90525e-08
3.26678e-06
1.27526e-06
1.16449e-06
1.50203e-07
2.86504e-05
3.05839e-07
2.42782e-05
3.56813e-05
3.31999e-07
2.36051e-07
8.12203e-09
1.70052e-06
1.17707e-05
2.10394e-06
4.98592e-06
3.00254e-06
8.32739e-08
5.66467e-06
9.69054e-09
1.66605e-07
4.73721e-06
2.214e-08
4.00984e-07
5.20533e-06
6.85945e-06
1.65627e-06
1.2357e-05
4.61936e-07
1.73912e-08
4.64878e-07
3.31641e-05
2.56019e-06
6.39978e-07
1.00607e-07
7.19656e-08
2.99362e-07
2.06176e-07
1.59887e-10
1.00224e-06
4.62593e-05
7.23286e-07
9.44409e-07
7.64108e-07
4.80082e-06
2.76663e-07
1.9682e-08
3.64342e-09
3.35763e-06
9.15235e-09
2.04668e-10
9.86576e-07
2.58456e-08
4.6816e-05
8.68429e-07
3.36709e-05
1.2031e-05
1.01755e-07
1.25646e-05
5.59464e-06
9.78129e-07
7.65212e-06
1.81663e-06
2.57062e-10
2.19356e-06
2.06194e-07
1.51287e-06
1.32522e-05
2.28694e-06
9.93112e-09
1.75764e-05
6.18131e-06
6.01942e-08
2.59153e-08
1.55506e-08
3.44901e-06
1.16649e-08
1.38571e-07
1.78958e-06
1.40387e-08
2.55016e-07
1.13178e-08
6.67731e-07
2.68413e-06
7.87693e-10
1.62915e-07
2.28872e-07
3.03238e-08
6.52006e-06
5.54475e-05
4.27382e-06
2.71139e-07
3.82671e-06
1.07573e-06
6.20783e-07
3.34392e-08
1.83393e-06
3.66648e-06
1.3123e-05
1.20491e-07
1.26818e-08
3.91405e-06
1.16728e-07
3.06953e-07
1.70968e-05
1.74872e-08
6.16718e-05
1.37426e-06
8.04332e-06
3.03451e-10
1.91823e-06
4.66167e-05
3.49402e-07
2.33916e-07
4.78371e-06
3.56374e-07
1.34118e-06
5.11376e-07
6.42213e-05
3.45305e-06
3.95102e-07
1.77726e-07
1.9267e-05
7.74603e-06
6.03366e-06
6.82037e-06
4.08441e-07
4.97436e-05
6.23599e-05
1.5167e-08
2.89612e-06
1.03905e-07
6.82263e-08
2.45855e-08
9.73386e-09
2.72223e-10
1.20727e-06
1.14692e-07
2.20119e-06
1.34853e-07
3.31228e-06
1.99013e-06
1.10436e-09
5.20827e-06
3.07094e-05
2.82654e-08
3.98849e-09
5.73289e-05
4.53218e-09
2.52987e-08
1.26598e-06
4.37926e-07
1.55845e-05
1.26959e-05
2.89966e-08
6.25515e-07
6.96772e-10
5.25229e-07
2.21047e-06
2.10228e-06
3.12754e-06
5.71562e-07
1.11534e-08
1.47935e-07
7.07738e-08
5.86317e-07
8.01726e-08
1.26236e-06
1.16917e-08
8.92628e-08
8.60966e-06
6.93906e-07
1.41555e-05
5.81901e-07
4.17771e-09
9.77297e-06
2.06991e-07
9.34941e-10
3.97114e-06
4.48221e-05
9.98922e-07
7.27726e-08
1.03832e-07
2.86423e-08
3.54659e-06
1.79582e-08
1.38604e-05
1.46111e-06
4.05761e-06
3.93561e-05
1.47901e-06
1.31537e-06
2.18144e-07
5.4965e-07
1.19582e-08
2.73937e-07
3.04416e-05
8.06135e-07
8.01299e-08
8.54562e-06
7.53601e-06
3.68426e-07
6.50149e-06
5.28586e-06
3.88475e-06
6.95376e-09
2.18314e-06
1.74189e-09
6.78305e-06
6.49284e-06
9.40291e-07
2.47589e-06
1.38078e-06
2.69318e-06
2.64429e-06
1.19101e-05
8.23999e-06
1.48652e-07
5.38649e-08
2.6303e-05
6.1212e-06
2.64612e-05
2.51121e-08
2.58821e-07
2.83288e-06
6.02211e-07
3.5054e-06
1.33757e-06
3.72544e-06
1.35967e-08
7.70838e-06
6.03685e-07
3.3995e-09
2.89788e-06
1.35996e-05
1.35881e-08
2.13453e-08
1.02109e-06
1.11035e-05
1.06523e-05
1.8075e-05
1.12579e-08
2.11882e-06
1.64307e-07
2.04919e-07
1.10089e-06
3.09529e-08
3.52245e-06
3.06825e-08
8.71027e-07
8.86629e-06
1.39588e-05
1.24824e-06
8.81041e-06
1.90953e-07
1.60913e-08
4.3795e-09
2.10389e-06
1.76928e-06
1.94876e-08
9.23779e-07
1.12291e-07
9.11846e-07
2.45696e-08
1.62163e-06
3.82443e-06
5.75989e-05
2.24209e-08
1.46649e-05
5.45256e-08
2.51281e-08
2.91601e-06
2.01891e-09
5.9686e-10
6.18891e-06
2.0412e-07
8.00712e-06
2.21019e-05
4.35395e-06
1.3035e-05
2.21045e-06
1.56378e-06
6.67435e-07
4.17739e-07
2.94518e-05
1.29989e-05
2.0052e-06
4.00608e-08
1.73651e-06
4.91037e-07
3.15181e-10
1.27228e-07
9.24747e-08
1.0556e-07
6.73307e-06
2.80598e-08
1.1249e-07
2.10269e-06
1.78661e-05
3.72642e-05
8.98268e-07
1.51304e-06
6.6741e-07
1.17948e-07
1.36376e-06
1.13943e-07
2.30078e-06
7.53524e-07
6.05413e-09
1.44944e-06
6.26628e-08
6.84079e-05
7.58692e-09
8.00724e-09
6.46185e-07
1.13154e-05
4.37478e-08
1.69998e-07
8.3136e-07
3.23054e-06
1.53156e-06
8.3009e-07
1.51931e-05
8.06625e-07
1.49178e-08
5.79191e-07
4.34702e-08
6.45304e-05
4.06791e-06
1.21691e-07
1.24076e-07
7.69598e-07
1.98467e-07
6.30516e-07
1.25851e-06
3.85635e-06
5.93647e-08
6.41665e-09
5.96126e-07
2.51341e-06
9.6679e-07
2.49424e-06
1.5108e-08
2.27425e-07
1.24241e-08
3.74745e-07
9.03064e-07
3.81276e-07
2.03497e-07
4.97492e-07
8.12984e-07
8.90119e-07
1.16461e-08
5.89907e-07
4.34018e-07
1.85998e-05
2.93237e-10
1.19264e-07
9.08909e-07
7.39579e-10
2.23641e-08
8.7271e-06
1.11677e-07
9.64378e-08
8.64312e-07
2.49962e-06
9.62253e-07
2.80362e-06
1.50168e-08
3.22301e-06
1.16482e-07
3.39376e-06
1.92279e-09
8.89182e-07
2.29068e-06
5.16872e-06
1.6e-07
4.32872e-07
2.32333e-06
8.93074e-07
1.80209e-06
3.38622e-06
3.03373e-07
2.19567e-07
3.43248e-10
7.58787e-06
9.54309e-07
6.64755e-07
6.36048e-07
8.46773e-07
4.32833e-06
5.92758e-07
1.27557e-09
)
;

boundaryField
{
    back
    {
        type            empty;
    }
    front
    {
        type            empty;
    }
    gasjet
    {
        type            compressible::alphatWallFunction;
        Prt             0.85;
        value           nonuniform List<scalar> 
710
(
0
0
0
0
0
0
0
0
0
0
0
0
0
0
0
0
0
0
0
0
0
0
0
0
0
0
0
0
0
0
0
0
0
0
0
0
0
0
0
0
0
0
0
0
0
0
0
0
0
0
0
0
0
0
0
0
0
0
0
0
0
0
0
0
0
0
0
0
0
0
0
0
0
0
0
0
0
0
0
0
0
0
0
0
0
0
0
0
0
0
0
0
0
0
0
0
0
0
0
0
0
0
0
0
0
0
0
0
0
0
0
0
0
0
0
0
0
0
0
0
0
0
0
0
0
0
0
0
0
0
0
0
0
0
0
0
0
0
0
0
0
0
0
0
0
0
0
0
0
0
0
0
0
0
0
0
0
0
0
0
0
0
0
0
0
0
0
0
0
0
0
0
0
0
0
0
0
0
0
0
0
0
0
0
0
0
0
0
0
0
0
0
0
0
0
0
0
0
0
0
0
0
0
0
0
0
0
0
0
0
0
0
0
0
0
0
0
0
0
0
0
0
0
0
0
0
0
0
0
0
0
0
0
0
0
0
0
0
0
0
0
0
0
0
0
0
0
0
0
0
0
0
0
0
0
0
0
0
0
0
0
0
0
0
0
0
0
0
0
0
0
0
0
0
0
0
0
0
0
0
0
0
0
0
0
0
0
0
0
0
0
0
0
0
0
0
0
0
0
0
0
0
0
0
0
0
0
0
0
0
0
0
0
0
0
0
0
0
0
0
0
0
0
0
0
0
0
0
0
0
0
0
0
0
0
0
0
0
0
0
0
0
0
0
0
0
0
0
0
0
0
0
0
0
0
0
0
0
0
0
0
0
0
0
0
0
0
0
0
0
0
0
0
0
0
0
0
0
0
0
0
0
0
0
0
0
0
0
0
0
0
0
0
0
0
0
0
0
0
0
0
0
0
0
0
0
0
0
0
0
0
0
0
0
0
0
0
0
0
0
0
0
0
0
0
0
0
0
0
0
0
0
0
0
0
0
0
0
0
0
0
0
0
0
0
0
0
0
0
0
0
0
0
0
0
0
0
0
0
0
0
0
0
0
0
0
0
0
0
0
0
0
0
0
0
0
0
0
0
0
0
0
0
0
0
0
0
0
0
0
0
0
0
0
0
0
0
0
0
0
0
0
0
0
0
0
0
0
1.92297e-07
0
0
0
0
0
0
0
0
0
0
0
0
0
0
0
0
0
0
0
0
0
0
0
0
0
0
0
0
0
0
0
0
0
0
0
0
0
0
0
0
0
0
0
2.17986e-07
0
0
0
0
0
0
0
0
0
0
0
0
0
0
0
0
0
0
0
0
0
0
0
0
0
0
0
0
0
0
0
0
0
0
0
0
0
0
0
0
0
0
0
0
0
0
0
0
0
0
0
0
0
0
0
0
0
0
0
0
0
0
0
0
0
0
0
0
0
0
0
0
0
0
0
0
0
0
0
0
0
0
0
0
0
0
0
0
0
0
0
0
0
0
0
0
0
0
0
0
0
0
0
0
0
0
0
0
0
0
0
0
0
0
0
0
0
0
0
0
0
0
0
0
0
0
0
0
0
0
0
0
0
0
0
0
0
0
0
0
0
0
0
0
0
0
0
0
0
0
0
0
0
0
0
0
0
)
;
    }
    inlet
    {
        type            calculated;
        value           nonuniform List<scalar> 
20
(
6.87899e-06
3.03959e-06
1.75316e-06
1.71658e-06
5.74806e-06
3.36027e-06
2.89931e-06
4.79439e-06
4.56389e-06
6.7592e-06
7.46611e-06
8.13159e-06
8.17862e-06
3.59944e-06
3.399e-06
5.86435e-06
7.89914e-06
7.43193e-06
7.86592e-06
2.93582e-06
)
;
    }
    outlet
    {
        type            calculated;
        value           nonuniform List<scalar> 
110
(
3.22144e-08
1.00488e-07
5.40194e-09
3.93288e-08
1.87967e-07
3.12686e-08
1.1944e-07
7.57178e-09
1.21381e-07
9.7342e-09
1.10193e-08
1.20648e-09
8.67147e-08
1.25143e-08
1.58482e-07
6.92661e-09
1.13141e-07
9.42132e-09
1.22606e-07
5.54977e-08
6.27046e-09
1.17567e-07
1.18912e-07
4.32632e-09
3.278e-09
2.04005e-09
7.79405e-09
1.15543e-07
1.99551e-07
1.31825e-07
1.41202e-08
1.4963e-08
9.29117e-08
2.94615e-12
1.18676e-07
8.29526e-09
1.22354e-07
2.81008e-09
1.23296e-07
1.06382e-07
6.34717e-09
1.76981e-08
1.55389e-08
1.54071e-12
2.48493e-12
2.42173e-08
1.27805e-08
2.17736e-12
1.0724e-07
2.02162e-08
9.81877e-08
1.09915e-07
2.88852e-08
8.43701e-08
5.26588e-08
4.7332e-08
1.02192e-08
5.36603e-10
8.12755e-08
5.02089e-08
1.02289e-07
5.92289e-08
5.30519e-08
9.57722e-08
6.97103e-08
7.57677e-08
8.65508e-08
2.70602e-08
8.09253e-08
7.33377e-08
8.53243e-08
3.1964e-08
9.39397e-08
9.26935e-08
3.12387e-08
3.18652e-08
8.10555e-08
3.4008e-08
6.72399e-08
3.7378e-08
3.32015e-08
3.23592e-08
7.7098e-08
7.24841e-08
1.81459e-12
2.3169e-12
6.26072e-08
5.81847e-08
9.50686e-08
1.08747e-07
5.25913e-08
5.4572e-08
4.11005e-08
3.95818e-08
7.00988e-08
6.14566e-08
2.30971e-12
2.01183e-12
9.47396e-11
1.53636e-09
5.6378e-08
1.66386e-07
1.00596e-07
7.64484e-08
3.72152e-08
3.59187e-09
6.49214e-08
1.12907e-07
3.39258e-08
3.62691e-08
)
;
    }
}


// ************************************************************************* //
