/*--------------------------------*- C++ -*----------------------------------*\
  =========                 |
  \\      /  F ield         | OpenFOAM: The Open Source CFD Toolbox
   \\    /   O peration     | Website:  https://openfoam.org
    \\  /    A nd           | Version:  8
     \\/     M anipulation  |
\*---------------------------------------------------------------------------*/
FoamFile
{
    version     2.0;
    format      ascii;
    class       volScalarField;
    location    "0.0005";
    object      epsilon;
}
// * * * * * * * * * * * * * * * * * * * * * * * * * * * * * * * * * * * * * //

dimensions      [0 2 -3 0 0 0 0];

internalField   nonuniform List<scalar> 
34060
(
1.41063e+09
501591
7.29946e+08
226325
1.50917e+09
3.05277e+08
5.37632e+09
1.62778e+08
1.16734e+09
8.736e+06
5.04328e+08
1.36534e+09
3.12909e+09
1.27292e+07
517923
324497
2.3602e+07
6.02147e+08
1.88532e+09
492569
1.32542e+08
2.92238e+08
9.91486e+06
694776
2.62798e+07
2.63273e+06
1.54296e+07
153955
3.83035e+08
4.68062e+07
199313
1.03087e+06
2.7865e+08
1.14147e+09
4.92537e+08
1.76805e+09
5.78056e+08
153371
1.09052e+08
1.87519e+07
3.81463e+07
4.37392e+07
741690
176494
2.49999e+07
2.48541e+08
7.68781e+08
4.73283e+07
9.16464e+07
1.723e+08
119981
1.26091e+07
5.84586e+07
7.82973e+06
6.84198e+06
5.06404e+07
2.97786e+08
5.65188e+08
633014
1.91034e+07
6.96314e+06
7.89506e+08
2.6683e+08
1.76109e+07
5.09395e+08
5.57755e+08
1.19653e+07
307437
8.1163e+06
1.75638e+08
2.37315e+08
1.67702e+08
822182
1.97709e+09
1.24262e+08
1.46556e+09
2.71358e+07
150765
1.01836e+07
5.32928e+09
4.29861e+07
5.96215e+07
1.31042e+08
6.58917e+07
2.09262e+06
582305
2.87514e+08
2.07669e+08
1.46334e+08
1.58095e+06
1.74562e+08
1.22066e+06
1.54061e+07
1.784e+07
1.09056e+09
2.1761e+08
154916
1.01878e+07
8.40327e+07
2.85469e+08
1.97611e+07
1.62499e+08
3.47006e+06
9.25824e+07
7.5634e+07
3.34601e+07
3.88915e+06
5.52736e+07
1.16669e+08
1.44196e+09
2.57485e+08
4.93469e+07
5.47627e+07
2.90052e+08
1.95994e+06
5.06301e+07
1.07731e+09
2.47053e+07
2.25211e+07
4.93098e+07
3.56039e+06
6.98714e+07
217692
2.2826e+08
3.93051e+06
1.54878e+07
1.1593e+07
1.42236e+07
9.58087e+08
2.95341e+08
2.89826e+07
1.67732e+06
9.54595e+06
178098
1.32955e+09
6.30113e+08
5.58316e+07
8.59767e+07
7.85601e+06
4.27218e+06
4.97287e+07
583568
1.58113e+09
2.33121e+07
4.4952e+08
6.14679e+07
9.2688e+06
1.11154e+08
6.86381e+06
7.45755e+08
1.72622e+07
5.51163e+08
2.46769e+09
9.1179e+07
2.87736e+08
1.91213e+08
380249
1.63165e+07
3.3516e+08
3.43357e+08
105474
5.52289e+08
1.45559e+09
6.24966e+07
1.22718e+08
7.57551e+07
1.52199e+07
2.36793e+07
2.5201e+07
4.58229e+07
5.79264e+09
2.7474e+06
213344
2.0566e+06
147360
1.07266e+08
894155
8.3208e+08
8.3725e+07
2.53271e+07
3.76172e+08
9.54789e+06
1.58603e+07
1.13444e+09
2.21792e+06
1.83605e+08
7.39713e+08
2.85745e+08
2.70494e+07
4.41943e+09
9.45686e+08
2.54213e+07
1.72606e+07
2.35087e+06
2.97157e+06
3.09214e+08
8.80483e+07
1.03646e+09
147390
1.65256e+07
8.28342e+07
3.24392e+08
1.90248e+07
1.17512e+08
9.36515e+07
4.88119e+07
6.61344e+08
112484
1.05823e+07
1.17923e+09
2.61463e+08
3.0001e+09
2.80106e+06
3.79609e+06
3.56616e+06
3.3572e+07
2.71222e+08
2.04303e+08
5.52613e+06
1.68134e+09
7.16786e+08
1.48118e+09
592303
7.35621e+08
3.51566e+09
2.37129e+09
4.17661e+07
1.60669e+08
155928
3.78658e+07
4.79356e+06
5.11885e+07
1.15609e+08
8.01431e+08
4.46628e+08
1.83542e+09
1.05424e+07
157299
297763
2.59234e+08
1.04512e+08
4.51463e+06
1.66765e+07
1.22476e+07
198539
2.13553e+06
6.18655e+09
3.63926e+06
2.18614e+06
5.65058e+07
7.68674e+08
1.41704e+08
9.03952e+06
4.8389e+07
90837.9
7.28619e+08
5.92527e+06
1.20981e+08
1.81443e+08
1.30566e+07
1.17545e+08
8.82002e+07
7.10682e+06
5.01166e+07
1.0734e+08
1.12902e+07
1.53409e+08
149373
4.70415e+08
114322
3.75788e+06
4.51345e+07
6.02018e+08
121073
804584
3.01368e+08
4.57252e+06
1.61966e+07
95933.1
2.10176e+07
1.25645e+06
7.31924e+08
4.34867e+08
3.63331e+06
3.74146e+08
8.4478e+06
4.5919e+09
5.97207e+08
7.49054e+08
4.90088e+09
2.20234e+08
143802
2.11956e+07
847926
595843
426571
4.2445e+07
1.18397e+07
334627
1.40778e+07
1.57347e+07
1.11507e+08
2.78013e+08
7.98473e+07
3.22595e+08
1.20037e+06
7.78433e+08
5.19993e+07
2.11326e+08
4.13766e+09
6.07469e+08
9.49412e+08
1.08396e+08
4.48224e+08
1.29568e+09
231100
1.43481e+07
203031
5.70545e+06
1.39599e+09
3.37949e+06
118990
2.8815e+08
1.89404e+09
9.50684e+08
2.93649e+06
5.31247e+08
3.17523e+06
4.2821e+06
4.32605e+07
3.20683e+07
2.99312e+07
6.09803e+08
5.09499e+07
4.56146e+07
3.52888e+07
1.14835e+07
386667
4.00132e+06
1.25239e+07
2.21104e+06
6.44609e+08
196388
3.44865e+08
3.1991e+07
2.94055e+08
1.92489e+08
8.94345e+07
3.066e+07
8.45904e+08
121204
3.01189e+08
5.03326e+08
3.19893e+08
8.58388e+08
1.50797e+09
331662
4.73203e+07
7.53965e+06
1.25953e+08
2.75263e+08
1.10607e+07
1.45034e+07
2.66433e+08
1.88897e+09
1.88827e+09
6.78724e+06
101172
4.9839e+08
295200
1.89214e+09
156264
1.84863e+08
3.34044e+07
3.48038e+06
2.55782e+08
3.69879e+08
203832
2.45865e+07
9.84246e+06
1.00268e+09
2.16979e+09
9.67661e+06
6.00679e+06
4.28694e+06
2.90359e+08
8.33417e+08
2.15472e+08
7.73046e+06
1.81276e+07
5.78901e+06
573540
1.06798e+07
1.62675e+08
3.552e+07
2.32847e+07
3.07075e+08
4.14298e+08
205468
2.1228e+08
1.31159e+09
1.87507e+08
7.54902e+07
2.68544e+08
1.55904e+09
3.02803e+06
832569
6.29617e+08
9.08269e+08
7.08319e+07
4.44136e+08
6.22311e+08
1.0891e+09
1.67776e+07
5.33501e+09
2.73365e+08
1.33555e+07
2.72353e+08
5.23061e+08
4.42591e+06
4.5458e+08
150092
2.31227e+06
2.41714e+07
6.14733e+07
2.14667e+08
8.3621e+08
4.34044e+06
3.63302e+06
2.17067e+08
1.35559e+09
2.17008e+08
102396
1.66574e+07
1.98708e+08
1.94939e+07
4.70599e+08
572900
1.68017e+09
2.05658e+07
7.43403e+06
1.39695e+09
2.15811e+08
1.08126e+08
516567
5.06747e+06
3.88502e+06
4.78903e+07
2.11401e+07
2.14751e+08
296025
5.47747e+06
232558
1.85213e+09
5.28811e+08
2.93959e+09
1.04315e+09
155180
5.78594e+07
4.5317e+08
4.30899e+09
6.38277e+08
1.49629e+09
3.01074e+07
5.73578e+07
3.39955e+06
3.09029e+08
135402
1.2436e+09
1.95495e+08
7.03371e+07
7.74964e+06
7.00236e+08
1.53009e+07
1.14946e+07
3.62186e+07
2.44075e+06
1.30074e+07
2.1251e+07
1.08043e+09
6.87307e+06
5.19476e+06
1.06781e+08
3.65655e+07
1.88033e+06
1.57525e+09
4.06458e+09
1.98135e+08
2.01025e+08
3.76838e+06
2.6678e+09
1.34067e+09
97994.5
4.12994e+06
5.41495e+08
2.25054e+06
2.34267e+08
92684.5
3.61735e+06
534997
2.13058e+09
2.37765e+06
2.37058e+07
8.06962e+08
3.1122e+08
2.58384e+07
4.14149e+06
4.74267e+06
1.65786e+08
2.25699e+06
6.33089e+07
8.39078e+07
1.13065e+09
5.83453e+07
5.63882e+07
8.1462e+07
1.39043e+07
2.24241e+06
7.49568e+06
2.11059e+09
2.26093e+06
1.26948e+08
2.63456e+07
8.60551e+08
2.64673e+09
1.02486e+06
1.84641e+07
2.33147e+06
3.00634e+09
3.1161e+06
1.81758e+07
355390
2.94539e+07
3.20177e+07
8.42093e+08
3.70524e+07
2.298e+08
1.42341e+09
1.07271e+09
3.03727e+07
3.5521e+08
2.34635e+08
8.66699e+09
3.25611e+06
1.1099e+08
5.99174e+07
8.25015e+08
1.1586e+08
8.78753e+08
3.39186e+07
3.57085e+07
7.80909e+07
575279
2.76422e+09
1.55626e+07
2.35213e+09
2.24443e+07
2.49559e+06
3.32653e+07
7.08073e+07
7.03042e+07
1.85117e+07
5.71131e+08
8.03213e+07
5.38283e+07
2.18196e+08
4.82383e+07
126725
7.17318e+07
1.53081e+07
5.10181e+08
1.84679e+07
6.64777e+08
2.45279e+06
2.17078e+06
3.01506e+09
112583
4.29949e+08
1.44118e+08
4.57956e+06
201652
2.73645e+07
7.08334e+07
1.55528e+06
2.50695e+09
1.33528e+08
598055
2.78619e+06
5.8169e+07
6.48542e+07
2.11876e+06
2.0851e+09
2.70599e+08
3.27928e+08
124504
1.03605e+09
1.51554e+09
5.4486e+07
4.80124e+06
5.83589e+07
1.07142e+07
213074
2.70337e+06
1.52329e+07
2.64797e+07
2.2537e+06
7.0591e+07
276883
1.28681e+08
5.58578e+07
196236
6.69734e+07
1.31587e+06
3.78068e+06
1.50554e+08
7.1227e+06
9.00057e+07
1.56902e+09
135756
142304
9.34761e+07
6.06169e+08
2.16986e+08
2.37229e+08
511276
916482
2.62763e+09
2.11962e+07
7.43159e+06
3.52142e+07
3.24088e+08
9.00272e+07
2.25448e+08
1.71489e+07
7.26145e+06
4.39825e+08
1.95947e+08
4.21858e+09
2.83651e+08
1.64075e+06
1.68945e+07
1.08058e+08
6.93196e+07
5.00496e+07
2.64018e+08
3.48307e+07
4.48299e+06
9.50963e+06
4.71945e+08
1.78497e+07
1.61613e+07
203949
1.04929e+08
107015
156010
1.31601e+09
247472
4.65385e+06
9.25378e+08
4.0082e+08
2.75356e+08
3.04746e+09
7.01477e+07
111010
2.58284e+06
155461
231417
1.7243e+07
5.92981e+07
3.18588e+07
169623
2.86738e+09
2.61407e+06
2.81273e+07
93643.1
1.37839e+07
133775
6.6236e+08
4.70319e+06
2.62593e+09
3.1476e+07
144715
8.86192e+07
199057
2.86621e+08
2.54632e+09
1.96841e+08
2.55858e+08
6.98848e+06
2.67513e+07
2.97149e+06
2.31484e+08
1.21134e+08
644448
3.44716e+07
4.02888e+07
1.3291e+09
3.59418e+08
1.14911e+07
450794
9.88767e+07
1.9393e+07
2.36578e+08
2.31185e+08
4.62652e+07
5.59066e+06
3.16145e+08
2.40074e+08
1.77668e+09
187803
4.22109e+08
3.69833e+08
2.58958e+07
2.1932e+08
172299
4.9908e+08
1.53075e+09
5.20263e+07
1.1859e+06
2.16984e+08
5.30066e+07
1.22384e+08
3.16761e+07
3.24462e+09
4.87387e+08
4.66809e+08
5.17681e+07
5.37356e+07
2.45839e+06
4.0358e+08
2.26715e+08
2.49844e+07
8.09623e+08
4.41735e+07
1.76599e+08
3.62095e+07
1.12127e+09
2.82669e+07
7.28935e+07
2.51737e+07
7.66577e+07
863650
1.33773e+08
5.14307e+07
370922
2.07879e+08
3.49184e+07
1.97474e+06
2.33916e+06
4.22825e+09
7.90835e+07
2.03221e+06
2.24775e+09
7.09479e+08
870252
1.80029e+09
431468
6.04303e+07
2.40922e+07
2.78058e+07
7.48061e+07
943208
2.71056e+09
1.20015e+09
6.52988e+07
8.75751e+08
716005
1.50207e+08
3.18277e+07
7.72726e+08
5.45594e+07
1.59684e+08
1.92684e+07
1.0521e+09
8.45375e+08
2.72618e+07
8.19322e+06
194673
8.22115e+07
2.3464e+06
6.13536e+07
1.56501e+07
2.4924e+06
259294
800164
7.91444e+08
2.29664e+06
2.23019e+08
1.22463e+08
3.84252e+08
2.51864e+06
2.94206e+07
3.50956e+07
1.30681e+08
907009
781235
1.15478e+09
1.5084e+09
3.9904e+07
3.14718e+07
2.46949e+09
3.17858e+07
9.11743e+07
5.89305e+06
7.18013e+07
2.82985e+09
2.894e+08
6.09133e+07
2.00921e+06
1.0387e+07
6.94402e+07
6.62509e+07
6.41681e+07
4.07535e+06
8.37005e+08
1.57728e+07
2.89798e+08
4.68707e+08
6.05298e+07
240439
130313
1.30552e+08
2.92109e+08
5.01111e+06
4.68505e+07
1.07049e+08
1.18253e+08
9.28527e+08
358530
3.0027e+08
5.13502e+06
3.61962e+08
100808
9.10545e+07
1.74113e+07
9.41826e+08
5.11219e+08
1.88325e+09
3.62832e+06
1.48378e+09
2.59958e+08
7.14e+06
2.7244e+09
5.38002e+07
2.66621e+08
8.96542e+08
5.56196e+09
1.52278e+08
198932
3.57845e+08
2.52763e+08
102043
1.13267e+09
174889
2.5834e+06
2.00119e+07
8.15754e+07
3.60603e+08
4.89105e+07
145021
6.31201e+08
2.27983e+09
3.5922e+09
1.08524e+08
2.57619e+08
3.14667e+07
5.99611e+08
1.10799e+08
5.94802e+06
313133
6.17416e+06
1.1765e+08
2.04549e+09
1.79529e+08
5.33175e+08
1.23173e+08
198704
1.10629e+08
1.11617e+09
6.52701e+07
6.04097e+06
8.4818e+08
1.51362e+07
1.62704e+09
4.25271e+07
3.3249e+07
9.95496e+07
6.75962e+07
923646
92112.1
161795
135181
1.34234e+09
1.01005e+09
3.5244e+07
1.78163e+08
1.65349e+09
2.30104e+08
6.44935e+07
198020
4.60395e+06
2.14742e+08
194383
2.22503e+08
8.68674e+06
3.20671e+06
3.66862e+08
3.18766e+07
930636
9.08799e+06
9.57437e+06
2.47243e+07
3.27688e+06
2.49651e+09
6.84583e+07
5.11616e+07
7.37749e+08
2.63247e+08
1.32195e+07
3.99582e+07
2.61752e+09
5.11101e+08
3.97404e+07
3.01535e+08
369315
8.49862e+08
73209.9
4.65637e+08
769692
3.02368e+09
1.63707e+09
1.33326e+07
3.3438e+06
95961.9
1.61478e+07
1.18488e+08
6.25266e+07
4.44718e+08
1.74384e+07
2.09462e+07
107219
5.59493e+06
1.10648e+08
1.01616e+06
272776
9.56879e+07
7.78151e+08
1.70973e+06
3.44966e+06
1.66556e+06
4.48698e+07
3.85721e+06
2.70689e+07
1.387e+09
1.23745e+08
6.73358e+07
1.15131e+09
108117
3.08675e+07
104958
3.48003e+08
3.07811e+08
1.2385e+09
8.22094e+08
2.61596e+08
9.96027e+07
435019
6.63774e+06
665235
3.11652e+09
3.29704e+09
8.35453e+08
1.68123e+06
1.14383e+08
2.30051e+06
7.76092e+07
6.2912e+07
7.93603e+08
1.24076e+07
106357
1.428e+08
2.02845e+09
9.81758e+06
327516
3.4018e+08
2.90004e+06
675675
1.16189e+08
917194
3.28944e+07
4.21995e+07
7.35939e+07
2.68406e+08
6.66571e+07
1.16243e+08
1.12565e+09
3.15956e+07
1.89073e+08
7.31735e+08
6.90891e+08
8.25965e+09
3.41363e+08
8.57983e+08
2.80861e+09
1.04001e+09
7.6481e+07
3.55182e+07
1.53269e+07
97765.2
6.33912e+07
416055
1.32658e+09
4.75975e+07
163532
3.92382e+09
333502
4.32088e+09
630485
614720
477630
2.90057e+07
9.22857e+08
3.57005e+08
960858
1.68705e+07
1.08528e+08
9.22345e+07
2.48876e+07
6.96731e+08
6.72033e+07
983597
526178
1.51061e+08
7.60688e+07
9.8508e+07
2.23342e+07
2.45806e+07
341267
137428
2.05547e+09
1.77543e+07
4.42051e+08
2.29152e+08
1.0643e+08
1.64063e+06
1.98372e+08
165582
3.49943e+07
9.23026e+07
314502
1.83723e+08
2.99491e+07
4.55429e+08
5.65822e+07
2.35284e+08
4.23233e+08
1.58744e+08
537791
2.96958e+07
1.16773e+06
7.88146e+09
2.96251e+07
2.10524e+09
2.43158e+06
3.87437e+08
7.44384e+07
8.69578e+07
1.08495e+08
6.06665e+07
128349
8.19755e+08
1.83338e+06
1.11496e+08
106149
1.09476e+08
3.46747e+08
9.41104e+08
2.10529e+07
471893
1.13355e+07
7.9942e+08
4.54264e+07
1.31763e+08
4.53736e+07
1.29358e+09
1.28983e+08
2.051e+07
8.94906e+08
5.27473e+07
4.09265e+08
421214
1.449e+09
1.01811e+10
99735.6
1.01137e+09
3.3232e+08
121044
8.04816e+06
1.39267e+09
4.58759e+08
1.29197e+08
7.31428e+06
109959
3.28771e+07
1.11972e+09
1.27539e+08
1.41444e+08
1.48839e+08
1.63291e+07
3.85241e+08
2.34323e+06
6.80696e+06
7.00385e+07
9.55652e+08
1.81071e+08
7.99564e+06
3.4724e+07
3.70176e+06
2.86048e+06
5.50997e+08
1.84804e+09
575266
1.39367e+09
8.43173e+08
97532.1
165591
4.29321e+08
1.68729e+09
6.0575e+08
8.03101e+08
9.59916e+08
3.82984e+08
4.71324e+08
2.79504e+09
1.66673e+08
1.35096e+07
1.01754e+08
1.97202e+06
1.80275e+06
8.60296e+08
6.60948e+08
2.71051e+07
1.15892e+09
1.14233e+07
9.11008e+06
7.08538e+07
4.84838e+07
8.1256e+08
1.79633e+08
7.44432e+06
8.73531e+06
2.13791e+07
2.60731e+09
1.78319e+08
6.80198e+06
166915
3.1969e+07
1.44646e+07
2.29337e+07
3.30455e+08
7.28297e+06
155288
8.41732e+08
2.40581e+09
1.39829e+09
1.29933e+08
1.89892e+07
5.5434e+07
9.7225e+09
4.93868e+07
233618
8.15662e+06
9.83509e+06
1.34088e+09
5.48472e+07
1.07434e+08
7.18519e+06
4.51505e+06
7.34273e+06
2.25848e+07
4.04889e+07
5.64618e+07
3.21947e+06
4.13473e+09
2.29139e+07
6.62319e+08
2.86794e+07
7.41708e+06
709535
1.54394e+09
3.93513e+06
4.051e+07
1.31051e+06
3.93027e+09
1.89589e+08
1.10478e+09
193040
2.34915e+07
1.45447e+09
155155
1.54286e+06
1.23554e+07
7.2388e+08
1.34483e+09
7.75791e+09
1.61921e+09
1.46346e+07
5.36256e+06
4.46681e+09
229630
1.2956e+09
3.75913e+08
1.09832e+08
3.69986e+07
3.15389e+07
205259
8.00093e+08
1.7143e+09
1.7258e+06
1.57821e+09
6.91829e+07
3.72566e+07
1.24859e+09
4.00487e+07
1.93793e+06
6.30213e+08
577594
2.75326e+07
3.78532e+06
1.33434e+07
6.65098e+08
2.29984e+06
7.33597e+07
2.0738e+06
5.94975e+07
4.18303e+06
1.21145e+08
6.06396e+08
4.68103e+09
2.09537e+06
1.77199e+07
8.168e+08
1.12197e+08
668798
6.67267e+07
2.35221e+06
2.3437e+08
2.06157e+09
4.36289e+09
2.79526e+07
2.00082e+06
6.91416e+08
2.28906e+07
1.13285e+06
681570
2.44547e+07
3.38375e+07
107518
46892.2
5.25952e+07
164268
5.20698e+08
2.06398e+08
198438
2.93957e+09
1.06119e+09
2.10217e+07
203009
2.61442e+09
1.08485e+07
6.51001e+07
2.78461e+08
1.12163e+09
1.50334e+08
7.80801e+08
132875
800125
3.94066e+07
722361
4.1436e+07
1.93178e+07
2.96167e+08
145625
2.01424e+09
2.96027e+06
3.75893e+08
1.74634e+07
4.58383e+08
2.30949e+08
4.33824e+07
1.82455e+09
1.96519e+08
2.59269e+09
4.22302e+08
177427
5.73483e+07
2.83419e+08
1.15083e+09
180230
3.86346e+09
4.78538e+06
6.6737e+07
4.54174e+06
1.04996e+08
5.16808e+07
1.57146e+06
6.70901e+07
1.2639e+07
731005
1.09355e+07
2.21964e+09
8.12053e+06
3.20259e+06
4.7689e+08
1.67253e+06
4.25031e+07
2.01589e+06
6.02218e+08
2.89875e+08
7.6721e+08
8.27442e+08
3.91444e+06
2.44419e+08
6.92691e+07
2.16531e+08
1.54069e+08
1.87354e+09
2.99025e+07
8.47839e+07
2.02217e+08
3.52877e+06
1.17491e+08
2.3864e+08
2.3523e+06
2.75445e+06
1.5959e+09
1.11054e+07
2.35948e+07
2.33845e+08
3.42087e+08
1.43254e+06
2.52101e+07
3.06219e+08
1.38862e+08
2.68525e+07
1.25752e+08
1.61818e+06
9.58278e+06
1.15618e+07
2.12776e+08
1.0316e+07
8.34668e+06
7.02088e+07
2.02603e+09
287203
2.48963e+06
6.77297e+06
8.59665e+08
1.94906e+09
845737
2.21138e+08
1.02808e+07
3.54279e+08
6.84807e+07
123814
5.12547e+07
6.85178e+06
8.70879e+07
3.46757e+06
1.91321e+06
3.27745e+07
1.2231e+07
1.47525e+10
1.46662e+08
2.95205e+07
5.06403e+08
1.92093e+08
1.7762e+06
1.14133e+07
6.66172e+07
6.74944e+08
9.9564e+08
3.46259e+08
2.41438e+09
2.90166e+08
829962
1.24143e+08
8.73268e+09
1.35548e+08
2.18812e+09
1.7157e+09
2.25547e+06
3.5005e+06
4.64885e+08
2.51635e+06
3.31519e+07
1.99634e+06
146933
3.76683e+07
150043
127714
2.38907e+08
434912
4.0005e+07
3.78464e+07
163856
5.83877e+07
5.5859e+08
4.16675e+07
3.06389e+08
1.04379e+08
6.99289e+07
6.16838e+08
1.40357e+07
7.12152e+07
1.81016e+08
2.13907e+07
4.9591e+07
3.05397e+06
1.74028e+09
99089.7
113235
2.50515e+06
9.64308e+06
2.2182e+06
1.62567e+08
190792
5.83086e+08
2.28015e+08
3.77157e+08
2.76784e+07
9.11832e+08
1.08695e+10
1.07788e+09
5.26061e+08
4.10686e+08
1.03528e+07
1.76281e+06
126128
1.44509e+07
3.55808e+08
1.83665e+08
9.55904e+08
1.20743e+07
5.66734e+07
2.1792e+08
9.13666e+08
1.02812e+09
3.2506e+08
6.65177e+07
3.26463e+07
4.92363e+08
3.03085e+08
1.12926e+07
3.60533e+08
1.18958e+08
1.37458e+08
4.79544e+06
1.51629e+07
3.614e+07
1.27493e+08
465776
3.90925e+08
1.59912e+06
1.2543e+09
1.29085e+08
3.20102e+08
1.76508e+07
6.32392e+06
3.99212e+08
300343
1.83303e+07
7.84022e+07
145940
2.60848e+08
2.9798e+07
3.85263e+06
5.92152e+08
5.28229e+07
1.00192e+08
2.14874e+08
1.79723e+07
167532
1.40362e+09
3.20095e+07
4.70329e+08
1.60937e+08
2.97844e+07
1.74193e+09
6.53649e+06
1.41205e+08
113901
2.03439e+06
2.3196e+08
6.69425e+07
2.14226e+09
1.63214e+09
2.19494e+08
5.24591e+09
3.43893e+07
9.54418e+07
3.04612e+08
3.37603e+08
3.06591e+06
1.03627e+06
6.95422e+07
1.32725e+09
3.73167e+06
270331
2.66693e+08
4.38958e+07
1.26909e+07
2.58343e+07
7.35071e+07
143134
2.19338e+08
686037
197742
2.24627e+07
3.1204e+08
4.31518e+07
268552
1.96051e+07
126566
189833
5.72902e+07
7.48577e+07
8.14843e+08
1.14581e+07
1.94619e+06
2.56929e+08
3.96946e+06
135871
9.61181e+07
2.84259e+08
2.77119e+07
2.39774e+08
7.00401e+06
1.81237e+07
4.46623e+07
9.08202e+07
4.01617e+08
899269
1.24573e+09
1.26019e+08
3.65672e+06
3.82216e+08
1.3585e+08
1.7685e+07
2.12089e+09
1.99456e+07
2.79218e+09
5.0567e+07
191822
3.07701e+08
6.52151e+08
1.28468e+09
293837
6.38017e+06
666261
100249
2.02062e+06
1.90648e+08
6.65271e+07
4.5943e+08
4.05392e+07
1.80342e+06
8.7873e+06
7.62789e+08
1.27713e+08
2.35541e+09
1.08737e+08
1.80183e+08
169891
6.0885e+06
2.91619e+07
1.53627e+09
3.52989e+08
9.30864e+08
5.74923e+08
163810
1.53626e+07
4.13209e+08
2.4481e+06
1.08796e+06
4.73211e+07
4.09587e+07
2.30404e+08
3.67456e+08
1.05383e+09
1.62615e+07
2.1535e+08
695766
228029
1.86366e+09
6.70859e+07
5.33905e+07
245648
5.81958e+09
3.06109e+08
1.4584e+08
1.01461e+09
2.15513e+07
4.23988e+06
1.18764e+08
1.12792e+09
5.24328e+08
1.23447e+09
2.09717e+06
1.05959e+09
156289
7.94632e+07
4.00457e+09
5.80964e+08
1.78933e+09
1.64571e+07
5.01224e+06
382222
131264
8.37718e+08
1.99171e+09
1.35692e+06
3.17863e+08
3.66424e+08
752173
2.29674e+09
2.11259e+07
5.4659e+08
137236
2.8061e+09
5.7416e+07
147521
2.69319e+09
1.73687e+06
2.56186e+07
2.288e+08
1.18604e+08
2.80671e+09
1.50943e+09
7.83826e+06
7.77504e+07
510566
4.40408e+07
3.46162e+07
5.43652e+08
1.2013e+09
170168
1.96422e+08
571297
6.07321e+08
1.17359e+09
3.25866e+06
9.27474e+08
3.44223e+08
280424
5.77024e+07
6.63051e+07
193239
3.45274e+07
4.8488e+07
4.0052e+09
4.00845e+06
1.95286e+07
1.2642e+07
1.59215e+09
1.59584e+09
2.51078e+08
5.32634e+08
1.279e+07
5.34551e+08
4.65764e+08
768793
1.41723e+08
7.98649e+07
2.56683e+06
5.87124e+07
4.03527e+07
2.53277e+08
3.31608e+07
1.9524e+07
1.41047e+07
8.32778e+07
4.42558e+08
7.04641e+07
1.04511e+07
1.69433e+09
3.19621e+06
1.95569e+09
7.39903e+08
415610
2.74985e+07
9.68149e+07
5.14994e+08
1.41807e+07
7.49206e+08
3.94686e+07
8.59661e+08
2.86518e+07
8.28097e+07
3.09702e+08
799586
1.25491e+08
3.69481e+06
2.63124e+08
5.9935e+09
1.34471e+07
3.49389e+08
1.1214e+07
188588
3.53301e+07
1.57329e+07
125263
2.26442e+06
7.01099e+08
1.56976e+08
43787.1
2.61551e+07
2.58244e+09
1.18193e+08
2.08014e+06
1.38831e+07
2.40175e+07
2.31756e+08
1.58512e+08
3.20771e+08
693753
3.24864e+08
1.09889e+08
1.01066e+07
3.49369e+09
2.62253e+08
234289
9.59622e+06
1.69297e+09
5.2605e+08
2.04981e+08
9.95084e+07
3.04744e+07
96489.1
2.08898e+07
7.87442e+08
2.75712e+07
3.85556e+07
2.63606e+07
1.15681e+09
1.29028e+08
149077
1.65617e+06
6.72571e+08
3.34067e+09
5.94119e+07
1.77745e+07
5.85742e+08
1.41453e+08
1.50723e+07
4.35226e+07
1.25609e+08
1.52441e+09
2.17331e+07
9.21932e+07
3.24473e+08
9.1989e+07
4.44501e+08
4.95251e+08
1.22338e+07
2.62096e+08
9.26261e+07
1.75095e+07
1.53359e+09
3.82543e+09
1.57816e+08
1.45015e+09
2.2652e+07
4.15035e+07
3.36261e+09
3.64415e+07
1.00224e+07
2.80346e+08
6.1479e+07
4.33098e+08
2.07598e+08
6.28312e+07
1.2241e+06
1.37329e+06
3.60723e+07
6.79768e+08
3.05481e+08
8.01778e+08
4.02578e+07
6.57098e+08
8.78925e+08
2.26946e+06
3.76443e+06
1.98347e+07
5.95485e+09
722522
502826
9.13374e+06
3.24071e+07
2.85511e+07
4.88584e+07
1.68641e+09
121771
5.44223e+06
2.20181e+06
1.80329e+07
9.16772e+08
460250
2.23051e+07
1.6355e+09
3.20204e+06
2.23301e+09
94590.9
3.47942e+07
7.42146e+08
1.34982e+08
1.85167e+09
1.26655e+08
559804
1.08216e+06
1.23204e+07
1.70826e+06
259394
1.23871e+08
5.89283e+08
6.68445e+08
92707.3
1.00812e+09
2.67712e+06
2.96049e+08
8.81097e+08
8.07316e+08
1.35066e+09
4.37653e+06
1.01928e+07
5.33871e+08
2.19503e+08
2.98658e+08
3.72858e+06
1.26968e+09
4.49715e+08
6.27705e+07
4.85012e+07
1.20379e+07
3.08521e+07
2.0483e+08
3.60381e+09
7.28557e+08
3.97467e+07
1.13555e+07
4.80559e+07
6.15952e+06
2.98634e+08
3.51882e+06
2.36641e+07
3.20972e+09
7.93311e+07
1.8265e+08
3.00024e+08
1.37974e+08
6.13346e+07
1.81661e+09
8.91141e+07
1.32501e+09
1.34795e+07
3.25242e+09
5.9491e+07
4.25243e+08
1.56421e+09
391561
2.22804e+08
1.14985e+07
3.29114e+08
6.53811e+08
328975
2.44814e+07
2.81515e+07
9.89767e+07
3.39215e+07
631873
216203
9.56443e+07
8.34997e+08
3.17211e+07
1.932e+08
1.93974e+07
2.67207e+09
3.81982e+07
100147
2.39814e+09
6.13455e+08
1.38244e+08
2.68194e+09
2.96631e+08
2.78472e+08
9.76672e+08
2.24225e+07
1.89976e+08
84068.7
8.48981e+07
8.01411e+08
802831
8.98972e+06
5.08001e+09
1.00413e+08
1.12823e+07
1.81046e+09
8.78321e+07
1.04253e+08
2.1369e+09
193230
1.26406e+09
1.23166e+09
1.30791e+08
6.90804e+07
4.30118e+06
2.62026e+08
1.43044e+07
780570
1.07142e+09
1.28804e+09
1.87081e+07
1.66825e+08
407099
1.48546e+07
8.67614e+08
1.99175e+09
517725
8.48542e+07
2.91308e+09
7.21077e+08
944571
353706
1.69183e+08
1.52942e+07
1.06521e+09
1.65074e+08
2.11759e+08
2.24117e+08
3.25034e+06
5.73915e+07
1.32099e+08
4.28577e+09
4.04651e+08
2.10272e+08
1.17826e+08
151762
5.56368e+07
8.58484e+07
8.82889e+07
3.43655e+08
1.01562e+07
2.24569e+06
6.47076e+07
149847
164501
400487
7.41291e+09
7.73153e+08
7.98284e+08
5.14168e+07
3.19432e+07
8.49599e+08
9.18249e+08
3.39857e+07
5.61493e+08
729601
3.97343e+06
2.00962e+09
667649
6.67762e+07
7.6379e+08
1.62424e+06
4.56638e+07
1.39763e+08
1.07488e+08
2.51708e+08
203256
629946
3.71743e+06
1.37655e+09
1.46828e+07
6.25861e+07
1.60436e+06
1.35674e+08
2.86716e+08
1.01345e+08
1.52923e+06
2.04723e+09
4.83793e+07
5.7146e+08
2.91652e+08
1.32367e+09
1.01374e+07
1.38153e+08
7.22175e+08
1.10791e+09
4.81861e+07
1.70136e+08
3.78711e+08
143225
1.05495e+07
1.61125e+07
6.46065e+08
2.67092e+09
2.1658e+06
4.94218e+08
1.79195e+08
6.39141e+07
239626
7.42271e+08
3.9379e+07
133858
2.93305e+09
2.85412e+08
8.66499e+07
2.74597e+07
4.11599e+08
2.1121e+07
6.04661e+06
1.07877e+09
5.75747e+07
4.44461e+07
8.95145e+08
2.15341e+06
1.32471e+07
2.95045e+09
1.25482e+07
6.70353e+07
1.25728e+08
118509
1.2189e+09
2.6954e+07
1.35042e+06
1.13259e+08
3.19758e+06
951834
5.93597e+06
1.65906e+06
3.79048e+07
2.88396e+08
3.38835e+08
3.18154e+07
9.51634e+07
2.91206e+06
6.88992e+08
3.21051e+07
2.82082e+07
2.98881e+07
8.69049e+08
3.05477e+07
1.78869e+09
5.65386e+08
3.70306e+09
1.02994e+09
8.74608e+08
2.33935e+06
2.96144e+07
5.51431e+07
780413
2.03356e+08
4.32757e+06
1.16388e+09
2.14471e+06
5.80156e+08
3.21108e+09
5.77517e+07
3.40266e+08
7.16289e+08
2.16046e+08
3.6087e+08
2.09593e+07
1.6926e+06
3.19342e+08
2.23667e+08
1.4401e+07
4.96626e+08
3.6811e+08
2.31683e+09
6.428e+09
5.80347e+08
2.11165e+08
6.91864e+08
5.52735e+08
3.47598e+07
3.03226e+08
1.41941e+06
406305
4.70237e+06
918376
1.13308e+07
3.12077e+07
1.91402e+08
1.55391e+09
6.41913e+07
1.07335e+06
2.1869e+06
6.32165e+06
1.31763e+10
166401
4.39651e+08
7.36069e+08
2.20121e+07
637322
8.10101e+07
1.07416e+06
7.25887e+07
2.30506e+06
3.18886e+06
1.62999e+07
3.8853e+07
1.79478e+08
2.41097e+07
1.72355e+06
154742
1.82507e+09
8.72169e+08
2.13384e+09
2.23473e+08
3.62771e+07
8.41119e+08
2.18863e+08
3.55767e+09
4.06489e+07
6.56818e+07
4.75988e+06
2.43211e+06
3.54665e+07
4.88704e+08
5.78855e+06
1.93823e+08
1.98542e+07
953051
3.6098e+07
6.57978e+07
6.21101e+07
1.99467e+08
4.02467e+07
1.4836e+09
3.14956e+07
112737
2.94727e+07
1.16245e+08
128395
7.46899e+07
238226
229461
285245
3.88444e+07
2.19749e+08
1.80913e+08
2.9458e+08
3.69722e+07
2.44925e+09
5.95265e+08
2.60174e+09
6.27365e+06
1.32537e+09
3.28398e+07
273424
1.99549e+08
1.14988e+08
1.03728e+07
1.11169e+09
2.23392e+08
232281
4.73875e+08
3.76607e+08
5.36229e+08
3.87312e+06
2.22624e+06
3.24943e+06
2.93089e+07
7.53854e+06
5.09279e+07
1.00276e+07
4.88196e+08
1.28645e+07
3.11459e+08
4.17482e+08
2.02716e+08
6.88431e+06
735407
394129
141196
135932
3.68067e+06
8.13565e+07
931103
2.64154e+08
2.25121e+08
1.02e+09
1.90284e+06
4.21955e+08
1.11249e+06
3.86145e+06
9.67009e+07
616062
4.36057e+06
1.15836e+07
2.18593e+08
2.93317e+07
1.60854e+08
9.43314e+08
1.53402e+07
1.02585e+08
1.69854e+07
94489.1
1.62225e+07
1.07785e+07
6.49287e+07
2.31839e+07
6.8531e+07
6.59512e+08
1.8846e+07
3.68101e+08
2.20744e+07
4.40723e+07
9.59159e+08
798347
470987
2.47287e+09
1.27854e+08
5.65803e+07
6.35078e+08
2.12053e+08
5.8782e+08
3.36981e+08
1.19092e+08
5.25604e+08
2.94827e+08
1.77203e+08
8.34168e+08
102237
5.8767e+06
4.22046e+07
2.19018e+08
3.441e+08
4.3083e+07
165282
5.40711e+07
1.27602e+09
2.86811e+08
1.59174e+07
1.29337e+08
1.48391e+06
4.31101e+07
2.44054e+08
1.88744e+08
2.64569e+07
475651
7.63017e+08
1.16861e+09
1.76653e+08
164451
8.36273e+08
1.02731e+07
51557.2
51152.3
2.73216e+07
9.23019e+08
764675
9.58545e+08
237035
152526
4.67515e+08
1.90971e+09
3.79111e+07
1.67541e+08
2.86826e+07
2.78145e+06
6.92092e+08
9.46479e+08
8.98346e+07
2.79786e+09
894092
98229.9
1.45431e+07
691525
1.25858e+08
2.90442e+07
1.0995e+08
5.48351e+09
1.68042e+06
2.99004e+06
1.56564e+09
3.61975e+09
8.7417e+06
1.74884e+09
2.94067e+07
1.27033e+08
6.51591e+08
5.54836e+08
4.90577e+07
2.91318e+07
2.55527e+08
1.15159e+06
4.02103e+06
133211
561581
3.77425e+07
1.36126e+08
4.8274e+07
223496
101502
1.79755e+09
643150
5.26842e+07
113391
1.15373e+08
3.26867e+09
1.52493e+08
5.00002e+07
115717
1.30937e+07
96173.2
1.78194e+07
1.84001e+08
1.59814e+07
8.76631e+08
6.6451e+08
2.75578e+07
1.12728e+08
240638
3.65338e+07
4.92048e+07
1.838e+08
168011
3.24904e+07
4.07213e+06
8.10488e+06
1.80109e+09
5.46263e+07
6.39447e+07
1.21787e+09
8.64177e+07
4.32987e+09
4.78537e+06
8.09486e+08
882364
4.5164e+06
1.20004e+09
3.51051e+07
1.12338e+08
4.52032e+06
2.03369e+08
6.30344e+07
4.31059e+07
4.31479e+08
155717
8.45986e+07
5.92006e+07
1.23448e+07
2.65725e+07
3.45296e+06
3.15353e+07
7.00354e+08
3.89473e+08
9.79249e+08
4.96299e+09
1.1405e+06
2.263e+07
1.9141e+08
167419
2.22982e+08
2.38786e+09
886693
8.92603e+08
1.32717e+09
6.55927e+08
5.75987e+07
5.72089e+08
1.67872e+08
5.64168e+07
1.12868e+09
7.99267e+08
1.75098e+09
2.77383e+08
7.60884e+08
145113
1.21193e+08
2.40391e+09
1.17407e+08
5.73485e+07
92323.1
1.07979e+09
5.54007e+08
1.64334e+06
2.0801e+07
5.54399e+07
102247
4.48509e+07
1.35946e+08
1.47915e+07
4.21902e+07
3.61706e+06
4.19818e+07
648747
4.38656e+09
1.414e+09
4.56028e+07
3.99733e+08
2.12143e+08
5.54654e+07
1.74832e+09
1.25542e+08
4.51602e+06
1.4422e+07
2.68938e+08
1.34385e+08
1.40308e+08
2.74283e+07
9.88169e+07
2.88157e+06
3.82649e+09
4.11053e+06
4.74867e+08
2.40609e+09
9.80691e+07
6.89879e+06
3.97475e+07
2.51267e+06
8.15622e+08
5.52814e+07
8.07215e+08
96804
1.10894e+09
3.41921e+06
3.92242e+07
167922
1.42272e+09
3.10859e+07
273667
3.43839e+06
2.03455e+06
1.69184e+08
3.70737e+07
8.20408e+08
5.51819e+06
3.60624e+06
2.68369e+08
8.22387e+07
3.86149e+07
2.64115e+09
961278
7.40244e+07
2.842e+08
1.09064e+09
1.57447e+08
6.83192e+08
7.36263e+07
5.38539e+08
6.09551e+07
2.31346e+08
4.37731e+07
1.20107e+07
1.86596e+08
146396
1.84334e+06
2.21144e+06
2.14171e+06
4.78975e+07
131921
2.75464e+09
2.67656e+09
1.08248e+08
6.85858e+07
1.83739e+06
3.17518e+07
6.74323e+07
8.08341e+07
2.19484e+08
5.78934e+08
301349
1.68958e+08
1.3211e+06
2.13442e+08
2.20596e+08
1.3751e+06
194550
1.50896e+07
184239
2.21778e+06
7.00989e+07
1.04706e+08
1.18117e+09
123427
8.18863e+07
3.2372e+06
3.76312e+08
3.46071e+08
250675
3.7817e+08
4.37514e+06
3.04671e+08
4.43993e+07
6.54835e+08
2.75076e+07
191012
4.44476e+08
2.93407e+08
1.10763e+09
1.05876e+08
5.46801e+07
5.93549e+07
1.49833e+06
3.03458e+08
147727
195765
5.16913e+08
5.80685e+07
2.12681e+09
193289
7.64591e+07
1.55975e+08
6.71529e+08
2.83402e+08
9.3968e+06
5.30571e+07
4.15036e+08
1.04092e+09
3.21373e+09
8.51055e+07
7.76604e+06
8.38935e+07
1.55129e+09
7.31122e+07
303952
7.05126e+08
8.15924e+07
2.88416e+06
6.44648e+08
2.31702e+08
5.44149e+07
1.35285e+08
6.11181e+09
6.75998e+07
1.80853e+08
2.22742e+06
4.10661e+08
5.85064e+08
4.07901e+08
1.0344e+09
1.12048e+09
1.94871e+08
4.41983e+06
1.07021e+08
3.84216e+06
1.69421e+09
8.79026e+06
1.25558e+06
2.23729e+08
2.33418e+08
8.1733e+06
1.80963e+07
2.57099e+06
2.91347e+08
1.50707e+09
2.61171e+08
1.897e+07
1.15357e+06
289519
2.11812e+07
5.88543e+08
1.85086e+06
1.67452e+08
608698
662360
9.12716e+07
6.83998e+07
6.12669e+07
1.43666e+08
7.47922e+06
3.82309e+07
114397
2.0296e+07
1.29684e+08
1.02344e+09
2.4264e+06
3.28698e+06
134524
2.46807e+06
1.08636e+08
1.71206e+07
3.04627e+06
3.65678e+08
1.53333e+07
6.75599e+07
1.66205e+07
736845
8.02118e+08
1.1392e+08
3.17482e+08
6.7486e+08
2.59076e+06
415915
1.3103e+08
1.06732e+09
1.6012e+08
5.03433e+08
7.93473e+08
3.32817e+07
2.37727e+06
1.07578e+09
4.99596e+08
3.9846e+07
2.76096e+09
3.54209e+08
7.99212e+06
199341
9.8849e+07
1.49074e+08
6.26347e+07
3.29093e+06
1.13124e+08
1.16413e+07
3.78881e+08
4.83622e+06
5.62694e+08
864566
2.87419e+09
5.14502e+07
1.68921e+07
7.77308e+07
1.34453e+08
2.42554e+08
4.7072e+08
1.05937e+08
1.06732e+09
1.71393e+08
2.35643e+08
5.7858e+08
1.02076e+08
1.16252e+08
4.83601e+07
1.06533e+09
3.56491e+08
4.18201e+08
3.47772e+08
1.28891e+09
6.57526e+08
4.24652e+07
5.53318e+08
5.77471e+07
2.70798e+07
178697
1.7336e+09
1.83828e+07
196705
1.59553e+06
4.4207e+07
1.14262e+08
2.90072e+07
142442
2.95422e+07
5.50582e+07
251841
1.65099e+08
1.64639e+08
4.08017e+08
154773
1.42985e+07
1.11874e+07
6.3384e+08
186547
2.88819e+09
146066
7.39999e+07
355751
9.25942e+08
1.03486e+09
1.85775e+07
1.06317e+08
7.32619e+07
6.2974e+07
3.21421e+07
1.13255e+08
1.04531e+09
5.50289e+07
2.90182e+06
2.26569e+07
1.09255e+09
93524.4
1.88873e+08
9.67719e+08
3.82039e+07
1.41657e+07
1.20584e+09
2.84823e+09
2.04872e+07
3.77523e+06
5.21987e+08
149476
2.88969e+07
2.20531e+06
3.31383e+06
1.34628e+08
1.0654e+08
1.58712e+09
3.3986e+07
5.17072e+07
1.59359e+07
1.48438e+08
1.42308e+07
5.93346e+07
6.82017e+07
982612
3.75722e+07
1.26086e+09
1.46695e+08
1.54159e+08
4.97746e+08
5.72489e+07
1.08752e+07
3.37842e+08
6.62393e+08
2.74435e+08
2.10859e+06
3.33884e+08
4.25595e+07
825490
6.92055e+08
5.42076e+08
4.39031e+08
4.55131e+06
4.37273e+07
2.90519e+07
3.08263e+07
2.10732e+08
3.17467e+07
9.30021e+06
1.34915e+09
1.17385e+08
4.45902e+07
4.4873e+07
5.10249e+07
1.60852e+09
295691
180103
5.90348e+07
1.00719e+06
2.30165e+08
3.75043e+07
1.89391e+07
1.25758e+08
3.40474e+08
4.07831e+08
8.29798e+08
3.05481e+07
1.06152e+08
9.35153e+06
2.42397e+09
2.11182e+07
3.6545e+08
7.28693e+07
1.35219e+07
357578
1.62954e+09
5.88722e+09
1.18851e+07
8.98229e+06
123870
7.07371e+07
4.66133e+08
663111
1.05092e+06
2.11987e+06
102913
2.08796e+07
3.77738e+09
234593
1.5495e+07
3.52336e+06
9.01276e+07
5.73893e+07
8.13389e+08
1.32314e+08
2.99888e+08
2.59261e+08
2.36193e+08
1.0673e+07
2.71145e+10
248967
4.8631e+09
2.11168e+06
1.23753e+08
5.3609e+07
2.01743e+08
1.54461e+06
1.43645e+07
1.56888e+08
2.26058e+06
9.57904e+08
4.67145e+06
1.54333e+07
2.19519e+09
2.43389e+07
1.66791e+07
1.68987e+08
2.98507e+07
698141
1.83835e+08
2.67071e+09
1.62958e+07
1.08709e+07
1.80455e+09
1.95309e+07
154209
7.2877e+08
5.81252e+07
112854
6.00069e+07
1.60777e+08
3.55447e+08
3.25503e+08
1.9875e+09
4.48257e+06
4.01298e+07
327991
156298
4.61379e+06
5.27557e+07
1.47968e+09
1.00013e+09
1.54468e+09
5.59059e+06
208662
93246.3
3.53682e+08
1.85263e+07
1.1511e+08
3.48168e+06
393277
1.11894e+10
2.24612e+07
142993
1.62846e+08
1.06569e+08
311587
3.68782e+08
6.94526e+07
1.84316e+07
4.89776e+07
1.4299e+06
2.6851e+08
3.38534e+06
3.14987e+08
2.16215e+06
1.52893e+07
1.25427e+09
2.66164e+06
5.52727e+07
5.79564e+07
5.22356e+09
1.8662e+08
1.48506e+07
4.05261e+06
6.65658e+08
4.65191e+08
1.70719e+06
1.76172e+06
419441
1.28686e+07
2.3156e+07
2.07341e+07
7.55473e+08
1.67951e+09
5.78944e+07
2.3813e+08
159520
4.80331e+08
8.03665e+08
2.96861e+07
7.98005e+08
4.94162e+08
114810
1.21121e+08
627319
8.86077e+08
2.33317e+07
3.81573e+07
7.7244e+07
2.23751e+09
442771
2.28071e+07
1.43274e+07
1.25549e+08
1.36346e+08
162530
6.06213e+07
5.44859e+08
9.4088e+08
2.29439e+08
1.17041e+09
5.26462e+07
1.89943e+07
1.97534e+08
1.02296e+07
2.01012e+07
2.12125e+06
1.85608e+08
1.00298e+09
2.82615e+06
1.32153e+08
7.73945e+08
147944
2.83696e+08
879268
2.43955e+07
478692
6.65106e+08
1.80866e+09
2.16202e+09
3.05829e+06
7.47558e+06
4.14805e+09
3.05153e+06
1.42145e+07
998890
8.43087e+07
2.26708e+07
6.33082e+07
2.47534e+07
1.28655e+08
2.07079e+07
1.91371e+08
1.17846e+09
2.86605e+07
5.37448e+08
5.79884e+07
8.27645e+06
4.19146e+07
2.92717e+07
201403
1.48489e+07
1.15248e+08
5.60227e+06
121017
1.71353e+08
6.04888e+08
5.96772e+08
1.25556e+08
6.23751e+07
1.5582e+09
7.19617e+07
206744
927162
624382
2.28677e+06
1.2301e+06
9.50005e+08
5.30532e+08
1.2053e+09
3.03995e+07
1.95376e+06
7.83797e+07
1.17923e+09
6.33819e+06
812377
6.29281e+06
7.7979e+07
2.5537e+08
1.19139e+09
4.22882e+07
1.9324e+09
1.40479e+07
4.87873e+07
1.01002e+07
255412
125369
5.06987e+08
2.50719e+07
649921
1.82618e+09
116636
4.87974e+08
1.07563e+09
6.02186e+07
1.99805e+08
109413
2.48047e+07
164330
2.96033e+07
6.88203e+07
3.33701e+06
300696
3.9408e+06
2.04392e+08
8.9113e+06
1.6087e+08
2.26801e+06
4.78634e+07
129179
120960
4.30962e+07
1.30018e+07
1.65374e+09
4.56623e+06
1.32075e+06
3.26982e+08
1.70866e+09
4.00326e+08
5.87137e+08
120836
1.5058e+07
8.31692e+08
202715
1.33993e+07
1.47053e+08
3.6738e+07
5.04407e+08
7.14693e+07
2.72692e+09
1.67088e+08
1.94687e+08
6.0283e+07
1.38217e+09
1.58264e+08
2.91155e+07
1.84678e+07
9.99218e+08
7.05937e+08
2.75e+08
1.80784e+08
2.28824e+09
1.54385e+08
2.31604e+09
147198
1.54307e+07
4.73629e+07
5.95087e+08
2.21297e+06
1.28513e+09
4.26301e+08
114088
9.74058e+06
1.98385e+07
3.42151e+06
3.60813e+07
3.46954e+08
2.98714e+07
1.57244e+09
8.92007e+08
1.90427e+09
8.58078e+07
2.78497e+08
6.7467e+07
4.20662e+07
6.23991e+08
2.28868e+07
146667
1.49825e+07
1.47038e+07
2.20753e+07
1.60399e+06
6.21028e+08
1.80188e+09
2.93799e+09
131485
3.56364e+08
3.31884e+06
1.14759e+07
1.25758e+08
1.70264e+07
4.23372e+08
7.54057e+09
1.83785e+08
4.94991e+07
4.54018e+06
116790
1.25313e+10
123289
2.10818e+07
3.90182e+07
9.83553e+07
1.49664e+06
2.53297e+07
6.28716e+08
2.35539e+07
5.07091e+08
8.60329e+07
2.20638e+07
1.05586e+09
2.073e+08
4.38729e+09
2.01009e+08
2.82335e+07
5.12125e+07
2.82481e+08
1.87501e+08
6.66901e+07
3.3707e+06
1.88443e+08
1.52033e+07
122212
2.48476e+06
4.17848e+07
3.43987e+06
2.37642e+06
3.03967e+07
1.05251e+08
1.77237e+08
7.84561e+08
8.62295e+08
1.27686e+09
3.24859e+07
1.83956e+08
143833
6.10468e+07
4.53073e+06
5.22967e+07
6.83911e+07
5.98335e+07
391626
8.16149e+07
1.17237e+08
3.46097e+06
1.49169e+08
4.86524e+07
3.14217e+07
5.63324e+07
6.71257e+07
109849
1.31197e+09
1.83631e+08
1.53875e+06
2.41582e+06
3.59378e+08
1.898e+07
6.02559e+07
1.20792e+07
3.29852e+08
1.73192e+07
2.61309e+08
3.75365e+08
4.66555e+06
144552
3.22127e+07
1.06867e+09
651508
4.10589e+08
3.03258e+06
1.05608e+09
7.68259e+07
5.74622e+07
1.01286e+08
1.34424e+07
1.43295e+08
2.61272e+06
1.90225e+08
7.80175e+07
2.11126e+08
8.7747e+06
7.13219e+08
9.75061e+08
143236
3.52239e+08
7.32646e+07
6.1572e+06
6.37698e+07
4.00652e+07
2.1675e+06
5.85524e+07
7.02189e+07
2.2922e+07
4.88855e+08
101302
4.47307e+08
2.67012e+08
1.2642e+07
1.06038e+07
9.922e+07
2.0614e+07
2.12766e+09
5.36465e+08
193513
9.21847e+07
2.41744e+09
1.60945e+07
8.94681e+07
1.39896e+07
1.36371e+08
2.88327e+08
1.1937e+07
2.19868e+09
3.16941e+08
1.27725e+08
1.56177e+07
2.74048e+06
2.66667e+06
3.61829e+09
1.27787e+09
1.63817e+09
1.77292e+08
8.07679e+08
7.35048e+08
4.15912e+07
1.97053e+08
2.87255e+06
175239
2.76303e+08
1.28594e+07
1.47488e+09
4.92155e+06
2.56996e+08
3.11795e+07
8.27146e+06
1.94708e+06
1.95774e+07
4.9779e+09
3.56566e+08
2.19447e+08
1.02191e+08
1.30213e+06
128241
1.13562e+09
6.03212e+07
753528
1.95149e+07
1.27975e+08
1.21801e+07
7.21313e+07
4.40086e+07
4.99666e+08
777330
2.8585e+06
1.04379e+09
1.04602e+09
4.1651e+08
1.99181e+07
2.74862e+08
5.48882e+08
1.36786e+06
6.3892e+08
2.03888e+07
2.41713e+09
3.41908e+07
1.84881e+08
3.08259e+08
8.32088e+07
2.54489e+06
1.901e+08
6.46058e+08
3.0069e+08
672542
2.01065e+06
193503
9.57811e+06
3.4059e+07
1.48805e+07
146197
2.65614e+09
7.1216e+08
138624
4.46586e+06
3.38423e+07
6.99312e+07
303935
2.86547e+07
8.85152e+06
5.34178e+09
5.01364e+08
350772
8.16699e+07
734789
1.48827e+09
1.61776e+09
7.60282e+07
1.93018e+08
5.52894e+07
3.55541e+09
2.0042e+06
1.45319e+08
450875
8.81896e+08
2.42228e+07
8.11271e+08
2.23545e+07
240275
8.46354e+07
563188
3.23988e+08
1.41483e+08
5.43463e+08
6.96378e+07
1.63509e+08
2.20851e+06
1.68286e+09
6.29359e+08
322828
4.84853e+07
5.01453e+06
643489
2.09155e+08
109740
6.2472e+08
1.95855e+06
102000
3.70929e+06
6.77309e+07
5.17256e+08
2.20097e+07
160033
2.11148e+08
4.4335e+07
4.5889e+07
5.98543e+07
5.79082e+07
2.54941e+08
1.05527e+07
349299
111401
3.92049e+07
4.27201e+08
1.55266e+07
1.37676e+08
5.22336e+08
5.8742e+08
2.23601e+06
1.35626e+09
309685
9.83693e+07
168213
7.50049e+06
5.1023e+08
90659.4
4.93327e+08
2.03871e+08
5.51505e+08
7.13174e+06
4.15023e+07
4.91742e+07
1.02183e+08
5.45113e+07
1.30193e+07
1.86591e+09
4.1207e+08
3.94407e+06
2.61001e+07
3.09223e+07
6.09677e+06
4.94648e+08
5.53074e+06
1.53386e+09
2.31835e+06
6.35655e+08
7.23906e+07
139824
4.12974e+07
2.45708e+06
5.91581e+07
2.67347e+08
7.18783e+06
1.03432e+07
5.43294e+07
1.05954e+09
5.92929e+07
5.00835e+06
185005
2.03387e+09
182040
5.18211e+07
6.99e+06
3.51878e+08
3.45808e+09
3.96566e+07
2.95216e+07
2.34823e+08
3.94184e+07
3.92034e+08
2.14703e+07
2.12615e+06
1.85344e+06
3.89146e+07
1.88537e+08
4.75881e+08
8.50981e+08
4.60113e+07
1.75318e+08
8.51536e+07
1.00346e+09
2.9752e+06
1.48367e+08
7.75747e+08
1.19429e+07
1.8867e+08
4.03482e+06
2.29883e+06
1.85453e+08
1.497e+08
462399
202149
1.64402e+09
1.674e+09
5.24804e+08
1.04399e+08
3.58964e+08
2.25983e+06
1.49885e+08
151037
2.09823e+09
1.60002e+07
4.78811e+07
1.29032e+07
1.64818e+09
3.06036e+08
2.73741e+06
4.57427e+08
204867
3.03179e+06
1.71541e+07
2.00392e+08
4.705e+07
3.45278e+06
373360
1.52963e+09
9.40748e+07
6.93665e+08
4.05987e+06
1.68039e+06
583673
4.42508e+09
3.94618e+07
2.03655e+08
5.7639e+07
1.30688e+06
5.22917e+07
4.24142e+08
9.52905e+06
1.45905e+09
1.12766e+08
1.53994e+09
4.87076e+08
1.36271e+06
1.57096e+07
1.42787e+07
3.79683e+06
3.01321e+08
1.32135e+07
1.5575e+09
4.0773e+08
265354
2.40829e+09
1.48204e+09
7.38347e+08
6.86018e+07
1.74343e+06
1.31923e+08
6.47337e+08
1.5107e+06
3.62256e+07
3.14786e+07
3.49332e+07
1.48305e+07
7.89723e+08
1.13391e+06
306583
2.08719e+07
4.65518e+08
6.12464e+06
1.81286e+09
1.15826e+07
1.23761e+09
1.23984e+07
1.75751e+07
148869
2.42792e+06
4.95096e+07
3.64104e+06
3.59856e+06
510402
2.03874e+07
3.59154e+06
1.73848e+08
4.29088e+08
2.3631e+07
1.85923e+08
9.15866e+08
1.6172e+07
161270
1.08533e+08
1.0877e+08
4.74338e+06
3.40342e+07
4.47514e+08
2.52203e+08
195357
2.95074e+08
4.62148e+08
2.3375e+07
9.14928e+06
2.44962e+07
4.26929e+06
9.17298e+06
136576
1.41064e+09
2.14594e+09
3.74075e+08
563394
3.82513e+07
83542.3
9.99213e+08
156276
2.19089e+08
2.90376e+07
1.44085e+07
4.62234e+07
1.84459e+08
6.34713e+08
2.01435e+06
3.24478e+09
2.90178e+06
1.13002e+07
9.17319e+08
3.49008e+09
2.52815e+06
2.68463e+09
2.76659e+07
2.5701e+09
120640
4.78931e+07
4.91226e+07
5.75155e+08
1.59321e+07
4.97331e+08
1.12238e+08
1.14411e+07
5.24868e+06
3.49797e+06
247149
8.57833e+07
1.7627e+09
4.64173e+06
4.67592e+07
2.15457e+07
2.8239e+08
3.07734e+06
3.0979e+08
1.87975e+07
1.689e+06
2.46529e+09
8.9951e+07
1.55929e+06
7.07224e+08
8.9412e+08
1.8488e+07
4.26972e+07
1.58452e+08
4.92013e+06
5.83601e+07
9.65016e+06
4.50454e+08
146405
3.36994e+07
1.50317e+08
1.99861e+09
6.82774e+08
1.71742e+07
1.19011e+08
1.90375e+07
1.46187e+07
7.40436e+08
2.0577e+08
5.01763e+07
1.31732e+08
1.77093e+09
1.02138e+09
111591
8.57945e+07
5.08656e+08
4.01403e+08
1.24792e+07
3.77723e+07
230032
5.04522e+07
1.56503e+07
7.34368e+07
119747
2.13601e+08
2.05722e+07
1.60715e+06
2.19277e+07
3.12037e+07
1.6933e+08
123600
3.03443e+08
2.35816e+09
3.11892e+09
2.27596e+08
3.03133e+08
1.67839e+07
1.09689e+06
9.71984e+06
3.98325e+07
2.19215e+09
3.09811e+08
1.7604e+09
1.77876e+07
1.06289e+09
1.27633e+07
7.62024e+07
1.46203e+08
202286
2.72626e+09
8.92543e+08
1.58075e+08
3.66849e+06
1.99463e+06
1.83213e+07
1.43003e+06
3.88791e+06
1.27271e+06
130291
186310
1.30593e+07
4.20745e+07
6.74144e+06
6.91161e+07
2.40059e+06
6.7655e+08
4.59428e+07
7.42347e+06
1.48931e+07
1.14364e+09
1.47305e+07
1.85711e+07
5.99138e+08
2.13283e+08
6.02299e+08
3.76157e+09
2.7971e+09
3.03208e+08
8.87683e+06
8.12516e+07
1.93063e+06
1.35491e+09
127378
1.59694e+07
5.96224e+08
1.8761e+08
3.25344e+07
9.40369e+08
1.25435e+08
142997
5.70374e+07
3.68112e+06
3.88371e+08
183215
1.47526e+08
313338
1.9398e+09
2.91754e+09
2.05883e+08
1.31615e+09
2.26935e+07
4.71505e+08
2.52583e+08
1.91421e+08
1.71045e+07
529560
3.1412e+08
6.12941e+08
2.1691e+07
5.24551e+07
4.80253e+06
3.41651e+07
9.05494e+07
4.70956e+08
8.27263e+07
1.58532e+07
3.49141e+07
3.68879e+08
1.75882e+08
6.48561e+07
1.45513e+09
146272
3.20899e+07
1.48323e+07
9.76877e+06
1.36263e+09
1.45054e+06
222378
1.03432e+09
2.04102e+08
2.1933e+09
9.91585e+08
5.82999e+08
1.4869e+09
8.28763e+08
4.65206e+07
1.31285e+09
4.35321e+07
2.31617e+06
114263
2.49184e+09
5.49825e+07
1.03034e+07
2.00093e+08
3.36898e+06
2.17699e+06
1.13029e+08
2.86829e+07
202998
2.75671e+07
971690
1.47196e+08
6.1331e+06
2.82904e+06
162605
1.25719e+09
2.25181e+06
1.1499e+09
8.16086e+08
1.94655e+09
1.06197e+08
5.3839e+08
4.25106e+06
3.86386e+07
2.52676e+08
1.51497e+06
6.29206e+06
6.08307e+07
1.76258e+08
3.10518e+08
198570
8.00805e+07
1.70608e+06
1.25743e+09
3.8381e+06
926935
2.04543e+07
6.25199e+07
3.18713e+08
1.21564e+07
5.64774e+06
1.61783e+07
1.69808e+06
1.32795e+08
109567
5.05482e+08
207146
1.12574e+09
2.08084e+06
4.24672e+06
2.87234e+07
2.10005e+07
4.97133e+08
2.44265e+09
837661
5.92377e+08
2.35976e+06
9.10413e+08
2.0391e+09
2.2933e+07
1.50569e+07
1.2311e+08
5.53965e+08
2.61566e+09
732650
1.60693e+09
7.03479e+06
1.89708e+08
8.40479e+06
2.85784e+09
4.9587e+07
7.06125e+08
1.92554e+06
1.74423e+08
2.77752e+09
3.15153e+06
5.55067e+08
2.88185e+08
6.41857e+06
1.64963e+09
5.2762e+08
4.37387e+06
5.66625e+07
9.90973e+07
3.65203e+07
4.26477e+06
1.06765e+07
1.7853e+09
1.43075e+07
5.78656e+08
7.19407e+06
5.26869e+08
7.86609e+07
3.23237e+07
3.8579e+06
2.65586e+06
1.49913e+07
1.14206e+08
4.27515e+08
5.60429e+08
9.9968e+06
3.90271e+08
5.43889e+07
7.28268e+09
184936
2.68418e+08
2.20817e+08
4.0719e+07
3.14963e+06
4.49222e+08
5.68147e+08
1.11263e+08
5.8686e+06
6.45701e+06
177094
5.33173e+09
2.79949e+08
3.00984e+08
3.33809e+08
2.32391e+07
2.85118e+06
154404
1.49251e+07
5.65803e+08
2.95355e+07
1.01552e+09
4.49355e+08
2.25084e+06
7.39108e+08
4.5809e+08
4.30964e+08
2.908e+08
3.80528e+08
3.18626e+08
1.57054e+07
5.30645e+08
8.1224e+07
3.55773e+06
3.9567e+07
289777
2.8308e+08
5.31047e+08
9.77415e+08
2.61599e+08
6.34229e+08
3.94633e+06
3.09275e+08
1.73016e+07
1.52844e+09
6.51881e+06
7.18659e+06
3.29603e+08
1.03782e+06
3.63817e+08
9.06318e+07
3.38547e+08
6.03158e+08
1.3997e+09
3.19095e+06
4.85715e+06
178603
1.53368e+07
1.06792e+07
1.05546e+09
1.89994e+07
6.50088e+06
8.73204e+08
1.77244e+07
7.17549e+08
3.29735e+07
1.36038e+06
6.45805e+08
2.96564e+07
201602
4.06889e+07
461572
7.47027e+07
1.52636e+08
3.91003e+09
6.51335e+06
7.72336e+08
2.79488e+07
1.16492e+07
2.30226e+07
7.23999e+08
1.82901e+07
1.33733e+09
5.55944e+06
1.47644e+06
6.00258e+08
1.75939e+09
1.15336e+09
1.7382e+07
2.41979e+08
2.0042e+07
6.40701e+06
4.98605e+06
3.03183e+08
3.61454e+08
287992
3.55541e+07
6.9846e+07
2.05493e+09
5.07268e+08
5.23289e+08
8.00066e+06
6.56278e+07
3.49108e+07
1.09019e+07
3.19688e+09
1.23382e+08
8.75507e+08
3.42883e+06
8.2114e+07
7.48917e+08
2.04396e+07
1.49561e+08
3.9166e+07
1.59072e+07
5.48133e+06
5.66752e+07
1.14749e+06
2.29867e+07
1.71901e+09
4.12949e+07
4.05654e+06
6.72481e+08
3.91889e+07
570023
1.38834e+08
231425
1.28971e+09
1.48839e+08
1.87052e+09
2.90728e+08
5.73298e+08
658795
1.02019e+09
2.76616e+08
1.01277e+09
4.38418e+07
1.31169e+06
1.72561e+08
4.64014e+07
1.69934e+09
7.18174e+08
1.21905e+09
4.49061e+08
8.44499e+06
4.9543e+07
4.68469e+08
1.73769e+09
6.89678e+07
1.21521e+06
6.27059e+07
3.8109e+08
1.10874e+07
963253
1.18244e+07
1.25673e+06
1.56479e+08
1.28731e+07
3.02549e+08
1.51572e+09
6.67721e+08
2.75986e+07
5.48694e+07
254228
2.76729e+06
1.03098e+08
1.40408e+07
2.89266e+06
1.08118e+06
9.53525e+08
4.23014e+08
3.18416e+09
2.99811e+07
8.01911e+07
1.80255e+07
8.06264e+07
2.07123e+08
4.53457e+06
8.55957e+07
273195
2.65446e+08
5.21249e+08
1.79088e+06
7.65061e+06
6.41229e+08
1.5275e+09
2.26445e+08
5.19455e+07
9.04126e+08
1.61618e+06
1.50111e+07
1.01736e+07
1.04155e+07
2.92473e+07
2.35528e+07
1.30783e+08
2.73221e+06
8.87532e+08
7.67582e+07
3.04082e+08
2.57625e+09
166126
4.14493e+08
1.09536e+08
8.32883e+07
2.11435e+08
8.27402e+07
5.323e+07
1.61855e+08
1.24284e+08
3.70067e+06
1.474e+09
1.85939e+08
3.73825e+06
1.45168e+08
8.27047e+06
3.08768e+07
1.07176e+07
8.52317e+06
1.4596e+09
118705
1.85316e+06
2.00884e+09
7.82727e+06
4.7047e+07
3.58398e+07
4.46964e+07
9.08927e+07
1.36305e+08
9.76364e+06
5.18356e+07
1.03455e+09
4.6688e+08
5.57704e+08
3.36119e+09
1.61378e+09
4.34721e+08
1.49485e+09
1.4468e+09
1.66765e+08
2.84367e+08
2.75398e+06
3.25326e+09
9.10266e+06
1.70091e+08
1.8862e+08
1.01846e+06
4.76963e+07
6.01542e+07
3.63111e+08
1.63839e+08
108659
2.16623e+08
2.05834e+08
154810
5.12944e+08
8.7592e+08
2.02351e+09
1.93872e+06
2.50097e+08
1.83601e+08
2.2338e+06
2.41603e+08
2.08485e+07
5.8452e+06
5.27222e+07
4.19064e+06
150604
4.44417e+06
181774
3.01327e+07
2.07205e+07
172357
1.74515e+07
6.83476e+08
2.59278e+09
8.67095e+07
1.6334e+06
96956
2.16425e+07
139297
3.38187e+06
7.32081e+08
1.86333e+06
9.94892e+06
4.92573e+08
4.2891e+08
4.0465e+07
2.57452e+07
1.42178e+09
6.39373e+07
4.1531e+09
9.30492e+07
3.05199e+06
7.90445e+08
4.26975e+07
1.74524e+06
2.00373e+08
515105
1.16951e+07
1.49676e+10
2.9821e+08
3.0612e+07
4.35393e+06
177074
4.95833e+08
126091
1.15267e+07
1.1817e+08
8.99544e+07
1.88126e+08
5.14678e+08
1.42481e+08
1.18847e+08
4.02208e+08
3.15961e+08
2.60802e+08
1.40311e+09
2.07876e+09
3.77159e+07
2.80558e+08
9.92882e+06
1.31144e+06
1.0243e+06
1.64562e+06
2.77744e+06
2.18088e+08
1.74346e+07
1.04746e+08
4.08494e+08
5.47223e+07
7.83711e+08
1.23545e+08
5.56062e+07
1.3069e+07
2.93732e+07
5.15899e+08
5.57154e+06
2.06161e+07
1.07495e+09
94439.1
5.20829e+07
1.00783e+09
1.28534e+06
2.74473e+07
115609
658517
8.47624e+06
1.38723e+08
9.06751e+06
5.91669e+06
3.1371e+08
1.21444e+07
1.29583e+08
3.04661e+08
3.20785e+07
2.11791e+07
5.85707e+08
5.49641e+06
1.74347e+07
8.06044e+06
1.54838e+08
1.75235e+08
2.16076e+08
1.12417e+09
2.62775e+06
1.13061e+09
4.99644e+08
1.51682e+08
5.7046e+08
3.71833e+07
2.07516e+06
4.00659e+08
164401
3.18413e+06
7.72249e+07
6.66659e+07
7.65631e+07
1.47148e+09
1.44737e+07
3.51096e+07
7.33236e+08
1.91662e+06
2.85037e+08
3.10189e+08
1.27316e+07
6.3543e+08
5.02909e+07
7.23366e+07
2.8719e+06
2.08058e+06
397362
4.07922e+07
2.06364e+08
4.2649e+07
2.99581e+08
9.39317e+07
2.34536e+07
3.07871e+07
638858
1.14836e+09
2.68263e+07
1.08639e+07
1.60987e+06
1.28661e+06
263363
3.45464e+06
3.73232e+08
1.32534e+09
4.2253e+07
1.88585e+07
9.89971e+08
1.83615e+08
1.75917e+06
7.51488e+08
347013
4.66956e+09
8.08627e+07
9.15619e+07
2.88874e+09
1.12126e+06
2.53072e+08
4.04231e+07
1.78255e+08
7.01235e+08
5.60008e+08
5.21688e+08
1.6059e+06
99621.8
3.43749e+06
9.65917e+07
1.53299e+09
1.16024e+08
4.53508e+09
9.39199e+07
1.33829e+09
1.76822e+07
5.8506e+08
1.0033e+09
1.98976e+08
2.61304e+07
4.59892e+08
9.34267e+07
2.14389e+06
9.76942e+06
1.8471e+07
5.1003e+07
3.41315e+07
952663
1.33717e+07
3.65303e+08
2.74959e+08
3.37244e+08
3.07982e+07
9.0222e+08
2.60225e+08
4.14516e+07
1.20986e+09
3.33482e+07
9.811e+07
1.99576e+08
5.56461e+06
3.62084e+07
6.23405e+08
1.84822e+06
1.08108e+07
9.27107e+06
1.30392e+08
1.99291e+08
5.4165e+08
2.54873e+07
6.30886e+06
1.52227e+09
538975
2.34439e+08
2.97891e+07
4.59846e+07
2.05069e+08
4.94447e+09
6.30685e+08
7.86308e+08
1.25251e+09
4.42896e+06
1.90872e+08
2.65439e+09
1.01511e+09
2.43781e+07
2.25456e+06
1.37573e+08
4.99011e+07
1.85166e+06
5.67171e+09
7.05237e+07
3.70215e+07
3.14344e+07
165905
8.83893e+08
3.72054e+08
1.25933e+08
5.85367e+07
1.66117e+09
2.07228e+07
2.7906e+08
5.68118e+08
2.42598e+08
5.08274e+08
3.90861e+07
1.33597e+09
1.11692e+08
3.18971e+07
2.70373e+08
966634
208827
8.65018e+08
2.20101e+09
95581.1
9.01677e+06
3.91091e+08
3.69582e+09
6.94731e+07
9.65592e+08
1.70986e+09
5.56697e+08
1.37443e+09
3.25033e+07
2.55631e+08
1.6699e+09
6.39242e+07
1.03869e+08
6.53362e+07
3.11618e+07
1.68868e+09
408968
1.18384e+07
1.22908e+07
8.97126e+08
8.62323e+07
6.78839e+07
4.18813e+07
6.51849e+06
1.66656e+09
3.99006e+06
1.41275e+08
1.54983e+06
5.36201e+08
1.11301e+08
7.11434e+08
9.25422e+07
2.65702e+07
6.54705e+08
3.66053e+06
2.87246e+07
2.2152e+06
1.23969e+07
3.64649e+07
1.00233e+07
2.55011e+09
126433
3.81555e+06
182673
1.84771e+09
2.88224e+07
4.03692e+06
8.10419e+07
2.44882e+08
4.82242e+08
132043
4.17243e+06
7.52861e+08
2.01594e+06
1.8705e+07
7.55812e+07
2.08858e+07
5.32387e+09
3.69253e+08
3.74912e+06
3.3984e+08
6.47506e+06
2.20277e+07
8.55074e+06
1.00179e+07
1.62827e+08
2.85151e+08
1.03656e+09
4.50143e+06
2.0508e+07
1.14511e+08
1.14004e+09
1.47506e+08
2.96118e+06
4.19675e+06
1.07578e+07
4.57558e+08
3.00144e+08
7.59404e+07
8.0848e+07
1.25317e+09
8.5852e+08
1.75266e+07
2.49224e+08
168033
1.09743e+09
1.36429e+08
3.98679e+08
1.0485e+07
5.6517e+08
9.54876e+08
5.12814e+08
1.41078e+06
4.11628e+07
2.10418e+07
2.7836e+06
1.97221e+09
1.79267e+07
3.04373e+06
3.15732e+08
191525
1.68106e+09
2.75158e+06
5.08867e+06
1.30659e+08
1.23841e+09
1.11486e+09
632275
2.2683e+06
5.38561e+07
1.50049e+07
4.92803e+08
6.17906e+06
1.42423e+09
3.07979e+08
3.0684e+06
7.1557e+07
1.76027e+07
137832
3.55948e+08
9.26546e+07
3.55195e+08
489272
5.82214e+08
3.84526e+07
8.07584e+06
3.48465e+06
179064
2.09898e+07
3.97224e+06
2.98661e+07
1.17637e+09
8.19813e+08
176959
1.99261e+08
2.27395e+08
5.39192e+06
8.63032e+08
3.86271e+06
1.70403e+07
1.23737e+07
1.86933e+09
5.42271e+07
8.50772e+07
1.21383e+07
1.84811e+09
3.12946e+07
3.99791e+07
8.21199e+07
1.22114e+09
1.39829e+09
1.06842e+07
1.12705e+09
1.44905e+09
4.79156e+08
4.19969e+07
1.0455e+09
1.10025e+09
6.86374e+06
1.32528e+07
4.75712e+07
1.99944e+08
297630
8.22454e+07
1.20583e+07
528805
5.18405e+09
8.57758e+07
1.10886e+07
233609
127705
6.56079e+07
2.59892e+09
4.56233e+08
1.90296e+08
3.624e+07
1.5558e+09
2.18122e+07
6.93597e+06
6.26272e+08
1.90274e+09
2.11319e+08
3.78732e+08
2.33938e+09
4.3835e+06
1.25546e+07
1.46031e+08
5.62707e+07
144395
1.02875e+08
1.63689e+07
9.96126e+07
1.02508e+08
1.3403e+09
184967
127531
1.11927e+09
6.70163e+08
7.86951e+07
4.42962e+08
2.16715e+06
1.21564e+07
8.05838e+08
1.51695e+09
1.20044e+07
4.65641e+08
1.08246e+07
1.27392e+07
1.0324e+09
3.90175e+07
1.59504e+09
1.71245e+07
1.80516e+09
8.74478e+08
3.35729e+07
174005
1.78862e+06
5.18313e+08
1.69732e+07
2.80872e+09
2.21609e+07
130875
4.43733e+08
2.67307e+08
1.49784e+08
181103
2.77764e+07
176957
1.92955e+06
1.42316e+08
2.16807e+07
4.69474e+06
1.4304e+08
4.15993e+09
3.43037e+06
1.10619e+07
4.72034e+07
4.67724e+06
6.57533e+08
1.14407e+09
2.80704e+07
3.40591e+08
370906
1.03435e+07
2.86354e+07
1.32655e+08
7.35078e+07
2.22232e+07
1.16858e+09
1.4409e+08
1.17457e+08
1.45591e+09
9.68223e+06
1.87537e+09
1.78819e+09
6.84521e+07
1.02183e+06
2.92635e+07
1.5649e+08
3.86977e+08
1.0911e+09
3.96463e+07
3.44569e+07
879594
7.30601e+08
970410
139325
2.4508e+08
1.65218e+08
3.81071e+08
2.28179e+06
2.60367e+08
2.1525e+07
3.94162e+06
2.21027e+06
6.16083e+07
1.1637e+07
4.2553e+08
7.03962e+08
1.51311e+08
141408
205137
8.50446e+07
2.60229e+06
3.22792e+07
5.67337e+07
1.20354e+08
2.23937e+08
1.69894e+08
1.78368e+08
5.51323e+07
1.06e+09
6.64976e+07
157266
2.97903e+08
2.28034e+07
108427
4.46499e+08
5.47107e+08
1.93673e+06
5.84585e+07
2.02335e+06
1.28271e+09
1.06433e+07
1.81785e+08
942204
1.43044e+08
1.78413e+08
7.03013e+08
7.7052e+06
1.09087e+08
6.43056e+08
2.29246e+07
2.92872e+08
4.09347e+09
4.28161e+06
6.72791e+06
1.2436e+07
5.37507e+08
1.62189e+08
8.90034e+06
2.24624e+06
8.80362e+07
204352
4.68426e+08
4.09777e+07
129221
1.69609e+08
4.97652e+07
9.5102e+07
1.36815e+09
8.30545e+08
9.00041e+08
1.12356e+07
5.71534e+07
2.73468e+07
1.13269e+09
4.45116e+07
2.54297e+06
1.32658e+08
597345
2.30696e+08
187049
8.27842e+07
6.62907e+08
2.2396e+06
1.15843e+09
1.12883e+09
3.37396e+09
8.40647e+07
1.94906e+08
1.94867e+08
3.39912e+07
1.93251e+07
3.87919e+07
2.93828e+08
5.52668e+08
1.28331e+09
2.38235e+07
1.688e+09
2.04234e+07
6.85915e+07
2.46658e+07
9.18207e+06
1.26838e+09
5.38001e+08
1.22529e+06
897186
2.05233e+06
3.08208e+08
4.97709e+08
1.62513e+08
109756
1.58509e+08
239433
1.05033e+08
3.90127e+06
6.89065e+07
198084
1.37369e+07
2.07681e+08
4.98007e+06
5.43165e+08
1.60452e+07
5.80145e+07
2.88455e+07
2.37956e+07
929416
4.49446e+08
1.44036e+09
2.48201e+08
1.07484e+08
4.97083e+08
1.39362e+09
9.72796e+07
192659
7.01627e+08
7.44465e+08
1.37168e+07
8.27536e+07
2.45146e+07
1.49964e+09
928278
256728
1.89444e+07
1.35144e+06
4.47094e+08
4.17028e+09
3.95078e+07
2.87202e+07
7.07162e+08
1.21651e+06
2.72586e+09
1.21972e+08
5.6249e+07
1.46893e+07
8.95536e+06
1.86973e+06
4.82514e+06
1.01945e+06
9.1277e+08
4.12246e+08
1.93052e+09
1.02755e+08
7.97015e+08
2.43491e+06
1.6952e+09
3.99149e+08
621429
1.46468e+09
1.47567e+07
1.4624e+09
286500
8.46518e+08
1.13261e+09
2.42843e+08
1.35969e+08
1.50969e+09
2.65001e+07
1.59643e+08
4.77099e+08
1.44102e+09
1.16723e+09
2.24195e+06
7.89715e+07
6.05456e+07
3.51017e+07
95770.3
1.6623e+09
2.13634e+06
5.11588e+07
1.45071e+09
2.2561e+08
2.45494e+07
190212
4.86125e+07
1.26919e+09
1.55257e+09
2.4071e+08
1.39074e+07
3.50779e+08
1.43752e+07
2.8028e+09
5.30155e+08
1.30973e+09
1.40489e+08
2.76789e+07
1.17456e+07
2.75187e+09
2.84807e+06
8.84942e+07
197436
3.70116e+08
3.9079e+07
2.44775e+08
7.1097e+07
2.73147e+07
3.80135e+08
1.13861e+09
6.83562e+07
5.92243e+08
2.17649e+08
130123
8.51459e+07
3.05315e+07
3.74656e+08
2.08035e+06
2.37357e+08
9.00527e+07
1.90309e+07
2.68805e+08
1.63829e+09
1.71483e+08
2.59021e+07
1.0208e+07
4.93955e+07
1.8598e+07
388974
6.58527e+08
2.7381e+07
6.56564e+08
1.56373e+08
2.43047e+08
1.15923e+09
186899
4.92057e+08
5.46791e+07
4.10852e+08
5.56304e+07
1.68001e+08
2.31478e+06
1.43949e+07
8.99117e+07
2.19755e+07
8.09822e+07
1.1411e+09
6.40871e+08
6.62109e+06
1.08291e+06
2.37698e+08
6.68858e+07
808909
1.81457e+07
3.30261e+07
140467
2.82724e+07
1.57346e+08
1.3406e+08
1.37485e+09
4.42288e+08
4.61131e+08
8.88268e+08
4.03398e+08
2.3043e+06
2.97261e+08
1.73256e+09
2.54766e+08
3.85185e+08
350156
1.5266e+09
2.62262e+08
161907
1.71305e+07
5.63831e+07
6.65533e+08
232516
2.06899e+08
4.48536e+06
1.26809e+08
8.19933e+07
274963
1.23315e+06
1.64599e+08
2.64819e+07
1.53554e+08
7.85075e+06
1.75627e+08
1.53266e+09
5.20374e+08
8.03523e+08
9.27744e+08
2.16247e+08
5.98795e+07
3.67727e+07
2.96017e+09
1.88019e+07
1.78913e+07
2.76117e+07
5.77264e+07
1.48406e+09
3.12558e+07
3.42387e+07
6.46111e+07
1.16379e+08
5.69873e+07
5.17982e+08
4.65376e+06
3.4826e+07
4.8564e+07
8.63842e+07
1.25984e+07
2.81361e+07
122844
2.05686e+07
3.43737e+06
2.83087e+07
9.69774e+08
2.03177e+06
4.22802e+08
1.07077e+08
1.38213e+06
172120
8.9102e+06
7.51354e+09
2.49335e+08
3.49883e+08
3.99309e+09
1.31444e+06
4.24218e+06
3.89065e+07
1.78361e+09
4.0374e+08
2.42877e+07
1.69007e+07
3.13838e+06
1.95324e+08
1.32028e+08
381235
2.98158e+06
1.37035e+08
1.7306e+06
4.92507e+08
4.88509e+08
2.97229e+07
2.41297e+06
2.19823e+06
5.63321e+08
2.44146e+06
8.67337e+08
5.27874e+07
5.82477e+08
2.70362e+09
719682
8.58662e+08
2.0013e+09
1.63395e+09
4.92285e+08
1.13713e+08
1.8157e+09
6.81484e+06
6.08575e+08
2.19676e+06
1.15261e+06
1.11696e+07
1.81045e+07
1.30365e+06
1.46709e+09
3.80719e+08
4.62321e+06
2.02744e+06
1.47542e+08
2.28769e+08
1.17023e+09
2.84484e+07
1.82036e+08
9.67781e+08
2.07159e+08
5.86803e+07
1.00983e+09
3.93466e+08
5.80503e+08
2.62246e+07
2.19628e+08
1.79908e+09
9.94396e+08
374778
1.80764e+06
1.13647e+06
114243
7.6107e+07
2.13258e+06
4.25705e+07
7.61643e+07
163596
1.34149e+08
1.44329e+08
1.11917e+07
7.45366e+06
3.35185e+06
4.39074e+06
9.18912e+08
309644
276812
9.33125e+08
7.60971e+07
3.00346e+08
5.43179e+08
2.88848e+07
4.44855e+08
2.26161e+07
880864
4.67861e+06
3.4265e+07
2.69212e+09
7.29404e+08
1.46366e+07
1.67362e+09
2.41612e+08
2.4902e+08
2.2669e+09
2.31298e+09
983136
3.35433e+08
4.05769e+06
5.90561e+08
4.7344e+08
6.29828e+07
2.66144e+08
2.01757e+08
1.07926e+08
2.43103e+06
5.76062e+07
4.21871e+06
1.71391e+08
3.05645e+06
8.21004e+07
5.19398e+08
5.50425e+06
4.39461e+08
2.91609e+08
8.84485e+06
1.11984e+07
9.87963e+06
3.67724e+06
1.11486e+08
1.41184e+09
2.11973e+06
1.7547e+09
1.30714e+08
3.10435e+07
2.98986e+08
1.56434e+09
5.10876e+07
5.8882e+07
1.40258e+08
6.14891e+08
1.84576e+09
1.19634e+08
2.36848e+07
5.41278e+08
1.53725e+08
2.47324e+07
1.14251e+08
6.1348e+07
1.30319e+09
1.49568e+08
6.86316e+08
3.17342e+08
4.22463e+08
3.1612e+08
5.34424e+07
1.30756e+08
1.66492e+07
1.59818e+09
4.01005e+08
1.97493e+06
2.24175e+07
1.56684e+06
8.43133e+07
3.79476e+06
1.245e+09
2.35568e+08
8.35556e+09
7.47784e+07
104266
7.57233e+06
6.97786e+08
2.94093e+08
156471
5.83246e+08
3.87137e+08
2.41831e+07
187794
385264
2.46332e+07
1.568e+08
2.43748e+08
1.39352e+08
1.4855e+09
1.51543e+07
5.30237e+06
5.54786e+06
1.50229e+09
7.53744e+08
876450
471901
1.2148e+09
3.78281e+08
1.99875e+06
5.28712e+06
9.17089e+07
1.58104e+08
1.48092e+09
4.94902e+09
1.12517e+07
2.45791e+09
1.41726e+10
2.06997e+06
1.24061e+08
4.84042e+06
4.84561e+08
7.91555e+08
2.44705e+09
4.48489e+08
4.09963e+08
1.8931e+06
4.90866e+08
2.78472e+07
2.60644e+09
1.01691e+09
1.0823e+07
2.81839e+08
4.87533e+07
1.23258e+09
276736
2.11771e+06
2.86468e+08
1.24017e+09
1.59945e+07
4.01394e+07
2.47529e+08
231283
850345
1.71303e+07
1.95703e+08
9.56422e+06
1.65847e+09
4.58136e+07
2.88412e+07
1.45264e+09
1.39038e+07
4.49959e+06
1.29218e+08
7.97266e+08
4.19891e+07
3.8924e+08
6.90458e+06
1.46396e+08
5.55941e+08
2.57323e+08
2.4822e+09
4.76028e+08
9.52418e+08
8.49235e+07
3.20324e+07
2.50676e+07
2.26507e+06
5.06816e+06
2.36032e+08
5.8946e+08
2.03815e+07
2.10741e+07
1.92453e+06
1.12331e+09
2.58072e+08
904429
2.09685e+08
9.53708e+06
1.266e+06
2.19772e+07
1.52666e+09
2.13785e+06
1.78345e+08
5.91771e+08
2.17961e+08
5.73443e+06
3.86234e+07
7.63504e+08
2.28401e+07
1.43784e+09
4.62924e+06
1.04831e+09
152099
1.81313e+07
1.47185e+07
4.50943e+08
2.11198e+08
4.02749e+08
1.49224e+09
2.94636e+08
2.25353e+07
5.52466e+07
2.794e+07
1.43449e+06
6.34995e+06
1.45215e+07
5.0006e+07
2.48591e+08
5.43015e+07
2.6658e+07
103425
695791
7.48741e+08
4.26418e+07
8.47249e+08
6.84038e+08
557345
2.17874e+06
2.69745e+09
3.84985e+08
3.30649e+07
5.79669e+08
1.90262e+06
2.60111e+08
1.00088e+09
2.62817e+07
1.9554e+07
9.21307e+07
5.55527e+06
4.71333e+06
5.43241e+07
2.74096e+06
6.12586e+08
9.64427e+07
4.93796e+06
2.68829e+07
1.99141e+07
5.31426e+06
4.93722e+06
8.37791e+08
4.42069e+09
1.14603e+08
5.63824e+08
209002
6.90627e+08
9.82248e+07
1.57439e+08
2.84018e+09
3.44832e+08
139231
3.75881e+06
3.54783e+08
103099
8.25653e+07
3.93653e+09
1.43928e+08
3.57514e+08
3.67507e+07
6.50073e+08
6.19317e+08
2.5285e+08
1.53131e+08
7.11987e+08
3.88893e+08
4.9014e+08
1.75653e+07
1.70316e+09
1.38623e+07
1.7666e+06
1.64646e+06
3.06371e+07
181343
3.21639e+08
3.48642e+07
4.50785e+06
2.11369e+09
1.77401e+08
288480
1.49344e+07
2.59908e+09
1.32803e+09
6.98535e+07
179711
134887
1.67522e+07
4.32093e+07
2.7681e+07
8.00232e+08
3.02333e+07
3.12467e+08
3.28098e+07
8.75564e+08
7.83973e+07
3.29633e+07
5.79175e+08
2.40553e+08
2.77632e+08
1.58566e+08
1.17541e+09
1.6152e+08
1.89628e+06
2.41307e+07
7.71326e+08
4.47027e+08
1.21088e+08
2.69472e+07
1.20082e+07
7.82395e+08
3.0369e+07
2.07705e+06
1.7939e+07
2.20477e+08
2.66494e+09
1.72886e+09
3.27574e+08
1.44343e+08
5.35375e+08
220984
2.14115e+09
7.72777e+08
1.83568e+06
9.37172e+07
6.43845e+08
1.56313e+09
1.91562e+08
2.04731e+09
1.96329e+06
3.01814e+07
1.7921e+07
6.61845e+08
5.78496e+08
3.35157e+08
3.29238e+08
6.6967e+06
163741
1.23381e+09
3.31533e+07
2.02819e+08
6.20541e+08
1.94767e+07
4.12885e+09
1.14702e+07
1.07171e+07
1.44417e+09
2.06399e+09
1.98284e+06
1.03281e+07
289561
2.14083e+06
1.15969e+09
1.50027e+09
1.45978e+09
1.42178e+08
2.08588e+06
1.37315e+09
4.17678e+06
2.08896e+06
1.32342e+08
2.18738e+09
7.10264e+08
508893
126874
2.33078e+09
2.06057e+09
3.38062e+07
1.6131e+08
9.42177e+08
1.85308e+06
6.34629e+07
1.08622e+08
2.70601e+06
1.3077e+06
2.9047e+09
1.52755e+09
4.89706e+08
8.84897e+08
1.72847e+09
2.29739e+09
4.38616e+06
2.80884e+06
266642
1.2244e+08
9.21822e+08
1.34615e+07
1.92762e+08
1.51559e+09
7.75859e+08
8.54116e+07
8.0823e+08
1.76789e+09
1.40313e+09
3.25198e+06
1.35137e+08
8.80654e+06
1.32047e+07
1.51424e+09
1.06137e+07
3.35774e+06
1.6031e+06
1.1974e+09
9.33081e+08
4.05408e+08
5.37388e+08
2.1765e+07
1.49595e+07
2.55326e+08
7.97742e+09
4.02179e+08
231602
6.7215e+08
8.58525e+08
5.66622e+08
2.43402e+08
1.87104e+09
2.99473e+08
6.17849e+07
1.8443e+08
1.27378e+07
4.29391e+06
5.68694e+08
154287
1.16813e+07
4.13372e+07
3.48034e+06
1.13001e+07
1.53241e+09
5.36665e+07
1.8566e+07
119082
121455
551417
104605
148244
1.17071e+07
1.73352e+07
181791
1.49003e+09
1.22713e+09
5.34395e+07
180888
1.68842e+06
3.92004e+08
1.5499e+07
2.75674e+08
2.18666e+08
3.50762e+06
8.64364e+07
7.77947e+08
1.24527e+08
3.31142e+06
1.86552e+08
682687
1.19331e+07
1.53782e+09
7.86725e+08
8.22763e+07
164747
1.82312e+07
234112
2.98581e+07
1.75325e+08
2.81685e+06
3.63946e+08
1.49545e+06
3.41003e+06
2.61378e+09
1.38243e+06
2.35911e+09
120440
376755
3.60325e+07
3.11552e+08
1.21419e+06
470969
1.91472e+07
97375.9
2.63928e+06
9.76189e+08
2.62865e+07
6.57632e+06
1.53774e+08
1.75353e+07
2.73613e+07
4.99643e+07
1.38783e+08
3.92638e+07
5.81678e+08
1.05513e+07
1.65862e+06
9.35932e+08
4.35115e+08
4.73402e+06
1.59915e+09
4.43164e+08
1.30172e+08
4.64356e+08
1.21898e+07
6.91973e+08
4.80814e+08
2.96809e+08
2.37598e+09
3.55532e+06
1.14989e+07
1.0866e+07
1.85756e+09
2.99881e+08
1.89597e+07
200652
1.43463e+09
9.0622e+08
3.60925e+08
5.18919e+07
5.13884e+06
9.37346e+08
4.18668e+07
700770
3.06307e+06
2.15513e+08
9.85761e+07
4.12829e+07
7.55881e+08
4.5962e+08
1.81433e+08
2.32139e+08
407080
2.06914e+07
1.65861e+06
1.49826e+08
6.96867e+08
165435
186658
1.22205e+09
2.76845e+08
3.5721e+07
674717
1.42892e+09
817271
2.62612e+08
8.36423e+09
1.4111e+07
1.4388e+07
2.36745e+08
5.02143e+08
2.04278e+08
1.8761e+09
1.78184e+07
3.91456e+08
1.11972e+09
6.79335e+08
3.00204e+06
6.88793e+07
4.10428e+06
961163
9.81502e+06
135285
1.32597e+09
2.38176e+09
5.2603e+08
1.07024e+07
1.41094e+08
5.32365e+07
203310
1.80504e+07
2.53493e+08
9.74452e+06
1.47213e+06
2.69223e+08
3.37042e+06
4.8475e+06
1.02971e+07
1.95505e+08
1.57706e+08
1.24703e+09
6.52815e+09
2.72654e+07
5.53192e+08
1.46595e+09
2.57665e+08
6.89086e+07
1.05719e+07
1.34639e+07
1.3199e+08
241342
1.68765e+09
127298
5.56763e+08
3.39212e+07
2.07229e+06
2.47097e+09
3.88436e+08
3.17402e+07
2.53828e+09
5.34709e+07
2.45032e+08
5.76289e+07
1.55517e+09
122296
7.70448e+08
8.46729e+07
8.74602e+08
3.34296e+08
3.57753e+09
3.33015e+06
5.5002e+06
2.15061e+07
2.17056e+08
1.6816e+09
3.98466e+07
1.3403e+08
5.73845e+07
1.84719e+07
3.64895e+06
3.03287e+07
1.12982e+07
7.267e+08
3.03048e+06
1.02463e+08
3.50654e+08
1.12207e+09
2.19327e+08
1.37614e+09
3.27851e+08
2.1904e+08
1.5836e+06
8.32454e+07
2.97505e+07
7.95136e+07
3.47557e+08
1.8565e+06
3.16719e+06
3.09902e+07
4.56703e+07
9.3848e+06
6.4656e+08
150561
2.6113e+08
6.63236e+08
219727
1.14765e+06
7.98577e+06
2.88087e+06
2.88357e+07
5.13377e+07
8.5117e+06
6.66705e+07
2.01861e+08
3.85692e+07
7.63599e+08
2.51942e+08
1.27619e+09
2.48206e+07
7.89173e+08
3.02851e+07
9.79766e+08
5.52545e+09
1.66365e+09
2.94369e+08
1.73401e+07
2.05757e+07
1.48199e+08
2.96842e+08
184568
1.71784e+07
3.89344e+07
2.08504e+07
3.45372e+08
130842
9.27443e+08
4.00714e+09
6.5164e+08
239241
1.74747e+07
2.17952e+08
1.76677e+08
8.38277e+07
1.69261e+09
2.46169e+07
3.49698e+08
1.81185e+08
3.11868e+06
8.06902e+08
2.4787e+09
4.55126e+06
3.9849e+07
1.47247e+09
2.37441e+07
8.27031e+08
1.47256e+09
1.80716e+08
4.51975e+09
2.45864e+09
1.02073e+09
5.16369e+06
2.62807e+09
5.64953e+06
1.78774e+08
3.98121e+08
5.16211e+09
2.05291e+06
2.31252e+09
1.86903e+06
6.36812e+06
7.09135e+06
192810
2.05251e+07
3.80668e+08
1.21142e+06
9.3393e+08
2.31017e+07
5.32758e+08
9.88076e+07
1.04439e+09
2.17585e+07
2.08373e+07
4.76409e+08
146084
3.57047e+07
7.57871e+08
2.89636e+08
3.26428e+08
486030
1.70067e+09
5.3423e+08
1.44177e+09
1.09918e+08
4.43909e+06
2.22087e+08
2.83854e+07
2.02432e+07
1.6593e+08
3.66415e+08
8.59407e+07
4.56971e+06
2.48329e+09
1.69816e+07
1.78633e+06
764241
1.00051e+09
206109
1.434e+09
3.40233e+06
6.48384e+08
187525
2.12207e+08
4.31449e+07
7.87401e+08
7.3915e+07
1.64285e+09
2.21643e+07
5.29325e+08
7.83951e+07
5.95086e+06
1.05121e+07
2.21315e+09
4.36319e+08
1.23657e+09
2.86125e+06
7.71656e+08
632102
6.93629e+07
3.65156e+06
9.79112e+07
3.15736e+07
1.27319e+08
4.67311e+08
4.89752e+08
3.54429e+06
7.90896e+08
5.12858e+08
3.42042e+06
2.15037e+09
8.48797e+08
2.36121e+08
1.06138e+09
3.89912e+08
1.86681e+08
117812
1.34629e+09
624139
1.57783e+08
1.86153e+06
2.16686e+07
5.38772e+06
1.64438e+09
1.90012e+06
2.17768e+08
2.48344e+09
5.1348e+07
4.02675e+08
1.4558e+08
1.6802e+09
7.96043e+08
1.11972e+09
102901
1.54629e+09
3.82518e+06
5.53141e+07
4.02309e+07
5.27495e+07
1.32304e+06
2.23712e+09
1.35387e+06
2.41029e+08
5.84169e+06
1.03428e+06
147080
2.93579e+08
7.59043e+08
1.11801e+09
277213
8.2804e+07
5.84213e+06
1.42148e+08
7.75383e+08
1.16905e+07
1.66948e+09
5.85113e+07
305779
9.24695e+06
7.42633e+08
6.20644e+07
2.47533e+09
9.7329e+06
3.52414e+08
4.19174e+08
2.58646e+07
8.5271e+06
1.22535e+09
1.02196e+09
3.74468e+08
2.32101e+08
2.21755e+08
2.12821e+08
7.2128e+08
5.1149e+08
4.10707e+08
4.12254e+08
902189
2.94291e+09
2.45619e+09
2.00445e+08
6.32363e+08
4.07803e+06
1.16805e+08
1.00638e+08
1.3537e+09
6.84872e+07
5.2267e+06
1.00328e+06
1.88121e+08
2.69522e+09
4.97071e+07
9.09423e+07
8.20671e+08
1.4438e+07
4.85705e+08
5.16416e+08
5.11749e+08
8.43345e+08
340009
1.54036e+06
4.15985e+07
656458
1.80013e+07
4.95888e+06
1.78769e+09
1.87044e+08
7.75055e+08
2.74227e+08
797388
1.40814e+09
1.74232e+09
412987
1.82944e+08
3.70112e+07
3.76673e+08
5.6378e+07
5.02121e+08
1.96073e+08
1.20572e+07
2.18916e+09
2.2186e+08
5.35524e+08
1.5205e+06
1.70041e+06
1.16183e+09
2.68464e+07
3.95246e+06
5.05215e+08
1.95126e+08
158730
2.53378e+07
672026
1.23065e+07
2.16257e+09
2.56291e+07
2.00475e+09
7.27372e+07
6.32214e+07
8.09417e+06
2.89922e+07
1.11693e+09
119784
2.14475e+07
2.40568e+06
1.08286e+07
4.69378e+08
5.79465e+08
4.47261e+06
8.069e+07
1.89595e+09
1.14311e+09
1.50007e+09
1.01759e+07
2.77775e+08
2.64997e+07
1.35009e+06
8.2951e+08
1.17686e+09
1.39969e+08
7.91701e+08
2.12308e+08
1.12588e+09
3.24593e+07
7.91078e+07
4.55407e+06
7.73474e+09
297907
9.90987e+08
1.7515e+08
100475
1.8111e+08
1.19263e+07
2.76843e+08
1.60839e+09
1.12174e+09
2.31805e+08
7.18961e+07
3.86142e+08
2.53537e+08
8.61403e+08
150279
2.11057e+08
5.3689e+07
4.69528e+08
7.2926e+08
2.33112e+08
2.56095e+08
8.62508e+07
5.32881e+08
1.29841e+08
2.16358e+07
2.56397e+08
1.06111e+09
8.94027e+08
5.15669e+07
1.40712e+07
4.03709e+08
3.02495e+07
1.96068e+07
5.75659e+08
8.25834e+08
9.04944e+07
1.48489e+09
8.55813e+06
4.85594e+07
1.48399e+09
9.70586e+08
1.22706e+09
3.09857e+08
2.05988e+08
682854
2.65535e+07
3.02666e+07
2.69485e+08
1.32147e+09
2.21575e+07
4.39911e+07
7.83581e+08
5.69221e+08
1.30032e+08
2.04032e+07
1.62202e+08
709866
7.5382e+08
1.08665e+07
4.57789e+08
5.99992e+08
2.23746e+07
3.06967e+08
3.87178e+07
2.05571e+06
6.82238e+09
505019
5.01138e+08
301760
1.27077e+09
1.09592e+09
1.71599e+07
5.09645e+08
1.29549e+09
1.42803e+09
8.59359e+08
1.43248e+09
8.84208e+08
1.73113e+09
205925
1.37848e+08
1.81575e+09
2.07904e+07
2.12986e+09
6.14201e+08
136152
1.59967e+07
2.16019e+09
317488
1.21898e+09
1.72246e+09
1.61251e+06
186894
1.06201e+07
646702
1.00848e+07
6.08937e+07
2.36113e+07
2.03375e+07
1.31226e+08
1.12257e+07
153153
8.08266e+09
1.8495e+09
3.01943e+06
2.70302e+08
6.38157e+07
240576
6.73229e+06
361060
1.75422e+07
1.45439e+08
168555
1.77282e+09
1.64005e+09
3.19355e+07
1.75091e+09
1.33968e+09
1.57371e+09
3.74694e+09
194398
3.44639e+08
8.61528e+08
2.00905e+06
2.1611e+09
1.9906e+06
1.81861e+06
6.04205e+06
2.19556e+06
1.39227e+09
5.68514e+07
1.69872e+06
966517
1.98252e+06
6.2222e+08
2.01325e+09
9.41084e+06
137609
1.61137e+09
3.42627e+07
1.65062e+08
1.09218e+07
4.932e+07
6.65435e+07
1.24047e+09
119124
3.16392e+08
6.10212e+08
304057
1.1205e+09
2.22525e+09
7.19624e+07
3.02963e+09
9.80448e+07
4.42761e+07
5.41792e+07
3.20326e+08
7.10593e+07
9.71763e+07
1.31748e+09
164359
1.03181e+08
498461
1.27054e+08
4.64984e+08
2.25606e+08
5.69225e+07
1.69818e+06
2.75384e+08
648277
1.5593e+07
2.46085e+08
2.59208e+08
7.88357e+07
1.1024e+09
1.12179e+08
2.50242e+08
6.11199e+08
1.08346e+07
2.17597e+07
9.44366e+08
103328
5.04382e+07
1.1703e+08
6.6835e+07
6.88225e+07
1.14634e+09
1.62496e+07
7.75101e+08
4.39012e+08
9.39975e+07
1.03274e+07
1.67226e+06
1.65067e+09
1.18245e+09
1.23343e+09
5.20033e+07
7.39929e+08
1.69321e+07
6.06184e+07
9.34478e+06
143229
6.3388e+07
3.63106e+07
1.88503e+06
192303
2.07049e+09
3.918e+08
2.00249e+09
2.4023e+08
176129
1.09204e+07
1.10163e+09
1.04806e+07
197322
6.14198e+08
157784
3.74706e+08
1.17378e+08
3.72862e+06
8.86659e+08
3.10063e+06
1.21591e+07
3.19095e+08
323028
4.12732e+08
941225
1.7523e+07
1.79747e+09
9.34388e+08
5.41466e+07
4.16365e+08
1.85156e+08
6.13108e+07
3.26076e+06
2.83432e+08
9.64339e+08
1.12755e+08
105211
124310
5.98239e+08
2.14189e+09
1.863e+07
2.65133e+09
3.1327e+07
3.34047e+06
116138
1.79424e+07
4.59721e+06
2.34397e+08
1.64545e+07
2.17511e+07
4.74827e+06
3.35913e+07
2.89972e+07
8.15406e+07
2.17989e+07
1.63906e+06
9.90811e+06
1.04754e+09
1.00374e+06
1.97524e+08
4.506e+08
5.03988e+06
1.0812e+09
7.91345e+08
9.50543e+08
1.12432e+08
2.1237e+08
2.14018e+07
3.70699e+08
2.20698e+07
1.28076e+09
5.43672e+06
2.92644e+06
2.91498e+08
5.96253e+08
6.25895e+08
1.76996e+09
6.96726e+07
1.09527e+06
1.72877e+09
2.25185e+08
654963
1.07387e+09
2.46771e+08
1.9765e+09
5.02625e+08
1.83849e+08
9.24646e+07
1.58978e+08
110861
1.24937e+06
7.80881e+07
2.68192e+09
623200
1.30412e+09
2.87107e+08
1.08435e+08
2.5631e+08
5.40403e+06
4.97723e+07
1.84198e+09
532162
2.1792e+07
1.04723e+07
1.70005e+07
4.1764e+08
1.70244e+09
1.75583e+09
9.18039e+07
1.33615e+06
1.39001e+09
2.786e+08
7.37078e+08
2.6399e+06
186012
1.62994e+08
2.34843e+08
3.88556e+08
133250
3.68619e+07
2.22987e+09
1.35205e+08
7.04814e+08
2.56888e+08
1.16846e+08
1.76602e+07
1.09576e+09
1.34794e+09
2.04766e+07
4.52883e+08
1.46232e+08
1.50667e+06
3.76221e+08
7.56505e+08
1.01338e+06
9.13733e+08
6.20965e+07
1.38022e+08
3.43255e+06
3.7779e+08
1.03893e+07
7.55979e+07
5.32003e+08
4.49096e+06
8.7239e+09
6.36515e+08
7.08702e+06
1.78304e+08
8.80636e+08
4.81902e+06
1.214e+09
9.36278e+08
3.80619e+07
1.03504e+09
9.16201e+06
4.81687e+06
5.44662e+07
1.42032e+06
1.08212e+07
3.80991e+08
8.55394e+07
4.6554e+08
2.3454e+08
1.02838e+09
530184
8.28343e+06
335937
2.02446e+08
7.13602e+07
8.86525e+07
1.86547e+07
1.15783e+09
4.22907e+08
1.96693e+09
1.02173e+09
3.57366e+07
1.49348e+06
583245
2.68607e+09
7.2837e+08
8.81387e+08
2.81028e+07
8.38046e+09
2.6736e+08
2.95105e+09
1.90877e+07
2.91978e+08
5.3539e+08
4.40005e+06
1.4086e+09
1.56977e+06
2.52572e+08
7.26708e+07
1.78934e+08
100178
1.04522e+08
1.21841e+08
5.0685e+06
2.73643e+07
1.03542e+07
2.29494e+09
2.78431e+06
3.83021e+07
3.95915e+08
1.36231e+07
1.48739e+09
1.00162e+09
1.17164e+08
1.36857e+09
1.95984e+07
5.97033e+06
4.37526e+06
153576
708580
1.02085e+08
2.32172e+09
5.25104e+08
1.52789e+06
292396
2.90306e+08
1.34258e+06
1.31598e+07
4.49403e+07
6.98346e+07
2.23004e+07
121087
4.58055e+08
8.68877e+07
103539
1.45742e+06
4.68998e+08
1.73996e+09
1.71981e+08
5.16114e+07
1.7589e+08
1.44306e+09
2.12087e+08
8.46822e+08
6.6561e+08
1.04791e+09
1.90577e+09
6.17571e+06
1.83412e+07
1.24103e+09
7.23368e+09
1.92175e+09
3.95727e+09
428430
9.92954e+06
6.04981e+07
4.04341e+08
1.79549e+08
486382
176142
2.04205e+07
1.19934e+08
7.05803e+07
1.76879e+07
9.51412e+08
1.77997e+09
288919
8.38046e+08
8.39728e+08
4.23061e+06
9.52743e+07
7.9624e+08
1.86568e+07
1.46167e+08
8.70744e+08
2.16428e+08
954106
2.52964e+07
2.79218e+07
183472
586552
4.24486e+07
4.50421e+07
1.74459e+07
102179
1.16551e+08
2.47387e+07
5.04368e+06
2.36156e+08
1.08502e+09
2.50439e+08
2.1697e+09
1.37647e+08
2.02454e+07
1.73542e+07
1.38168e+08
2.09813e+09
2.20394e+09
1.46832e+08
3.60689e+08
4.18982e+06
4.68138e+08
7.93251e+07
2.20864e+08
4.75451e+06
2.82047e+08
5.19084e+08
3.02836e+08
9.92295e+08
296096
8.44845e+06
9.88167e+07
9.44667e+07
1.20303e+07
9.42374e+07
3.81188e+07
6.83673e+08
1.79907e+07
1.70425e+09
1.5041e+09
207658
192875
1.14449e+09
635779
9.33386e+08
1.86545e+09
2.01101e+07
3.9786e+08
1.18728e+07
4.72193e+08
1.51255e+07
1.15608e+09
1.62349e+08
1.71934e+08
1.928e+09
3.8189e+08
153363
2.06439e+07
1.1221e+09
4.31504e+08
6.20737e+07
243214
6.30207e+07
363797
9.3957e+08
1.44208e+08
166652
178760
1.18809e+07
1.62949e+09
1.11271e+08
1.73149e+09
1.15702e+08
1.12717e+07
7.81279e+08
9.85548e+06
1.17665e+09
3.51411e+07
695099
1.74893e+07
2.27718e+07
1.72741e+06
1.21072e+06
2.48426e+07
156163
2.02982e+07
4.71236e+06
1.5926e+09
3.63655e+07
8.80532e+08
6.12787e+08
2.92614e+07
3.32827e+07
2.39396e+08
7.12043e+07
8.3988e+08
4.87024e+08
1.99337e+07
3.51664e+08
2.93276e+09
559499
137421
2.02395e+07
8.6875e+08
6.16787e+08
4.89793e+07
2.05942e+08
1.1557e+09
2.21135e+08
4.21599e+08
1.38786e+08
9.73658e+08
147385
1.72351e+09
1.89229e+08
5.99514e+07
3.61805e+07
9.69258e+07
8.79102e+07
6.32096e+06
133704
4.44141e+06
5.73923e+06
6.21328e+08
112607
3.13621e+08
2.84183e+08
1.05571e+08
192407
9.33953e+06
8.76294e+06
5.01453e+08
2.03898e+07
3.72261e+08
5.51164e+06
261951
4.09217e+08
7.85834e+07
1.56008e+08
2.6418e+08
380753
179035
116042
1.59926e+09
168715
110913
1.07296e+06
1.90626e+06
220610
1.11798e+06
2.46941e+09
4.65857e+08
209980
4.39832e+07
2.03359e+06
411654
98019.5
2.02652e+08
642879
2.14063e+06
4.02979e+08
6.10035e+06
1.13585e+08
1.71435e+08
7.51539e+08
676419
816070
3.08095e+07
1.64797e+09
1.18072e+07
1.80872e+08
191006
7.51385e+08
172067
768468
359676
109359
721175
1.79587e+06
180548
694287
7.3306e+06
122987
177323
1.21412e+06
9.39094e+08
5.67689e+08
3.25419e+08
429667
9.37591e+08
8.73808e+08
121633
605525
2.49996e+08
4.3286e+06
8.07016e+08
96521.4
3.12326e+08
1.0126e+09
228547
8.15223e+08
195282
299102
2.04519e+08
131112
1.41881e+06
1.75009e+08
1.85508e+06
1.30729e+08
306711
2.88383e+07
8.047e+08
7.56466e+08
3.02625e+07
1.86319e+08
4.94976e+08
4.95625e+06
1.17369e+08
5.65752e+06
4.81259e+08
286125
1.50263e+06
437969
6.28615e+08
173863
2.74204e+08
7.76472e+09
963036
1.58717e+06
2.11137e+08
1.48041e+09
1.14126e+06
3.01865e+08
7.37901e+08
1.69134e+06
6.38223e+07
7.59017e+07
3.40784e+08
3.08568e+08
2.17307e+07
1.65015e+08
9.2324e+07
2.1653e+06
1.84773e+06
1.93179e+07
1.84396e+06
1.44081e+06
1.35641e+06
2.4056e+06
1.07308e+07
940369
5.58176e+08
2.83809e+07
5.01359e+08
1.67912e+06
320777
1.1207e+06
7.09166e+06
7.93382e+08
5.47123e+08
1.20033e+07
2.44272e+07
1.81549e+07
3.08235e+07
1.74157e+09
7.588e+08
2.38078e+08
2.15561e+07
1.88251e+08
2.8367e+08
1.72765e+06
6.06539e+07
5.94788e+06
7.97283e+08
1.13335e+08
303112
2.5332e+08
4.76426e+08
1.74612e+07
7.10414e+08
112713
5.79094e+06
1.91432e+08
1.98588e+07
1.05566e+09
2.83113e+06
1.49066e+08
2.17316e+08
1.96304e+06
1.91439e+07
1.19882e+08
9.36369e+08
4.24424e+08
6.00728e+07
324002
3.01832e+06
1.28344e+06
8.11129e+08
1.14652e+08
1.01547e+07
3.16305e+08
1.09999e+08
3.07235e+08
7.05998e+06
4.09492e+06
775059
199883
8.13518e+07
7.09347e+08
6.0265e+08
3.08672e+07
2.41595e+08
1.9725e+07
5.8973e+06
8.91587e+08
7.12004e+08
1.27706e+08
5.44356e+06
7.54544e+08
1.51062e+06
9.43304e+08
3.09173e+08
8.16589e+07
2.34571e+06
1.46808e+06
1.40013e+09
4.19364e+06
7.78724e+08
503992
1.55288e+09
9.54944e+07
3.41666e+08
264555
4.40268e+09
2.84663e+06
2.40558e+09
3.22105e+08
2.4276e+08
1.47675e+07
418939
6.44662e+08
7.08176e+07
2.83067e+08
4.91226e+08
6.52245e+08
7.27741e+08
4.2671e+06
6.91233e+08
8.40632e+07
309634
97515
234165
1.57686e+08
2.48411e+09
2.46175e+08
3.96223e+08
2.16745e+08
1.65146e+09
4.42523e+08
4.96417e+07
9.70053e+07
6.56138e+08
156554
6.9247e+07
6.80417e+08
3.52197e+08
1.04413e+06
1.16401e+08
2.36752e+07
5.19965e+08
3.98772e+08
1.09168e+09
177319
1.39801e+09
1.56198e+09
3.22188e+06
9.67446e+07
8.75695e+06
211578
3.91544e+07
211310
94469.5
6.41793e+06
2.84157e+08
5.182e+06
181643
8.84143e+06
1.92396e+08
1.97245e+06
9.38125e+06
1.49001e+09
1.93754e+09
2.638e+08
9.87553e+08
8.7666e+08
8.11216e+08
155857
162984
1.08623e+08
1.00974e+07
1.13188e+07
3.9426e+06
2.88756e+08
9.49562e+07
3.77555e+08
9.64603e+07
6.20079e+08
2.1694e+08
2.10383e+08
4.27263e+08
1.83483e+07
2.71834e+09
4.99023e+08
1.26768e+07
3.01822e+09
7.0558e+08
7.7148e+08
1.8716e+09
1.18551e+06
1.64353e+06
1.53285e+08
1.61418e+08
97429.3
3.16966e+08
4.24678e+06
5.91194e+08
4.53652e+08
2.61058e+07
216816
3.68833e+06
1.27115e+09
1.45523e+06
4.82524e+06
6.131e+06
170565
106472
1.25688e+08
120682
2.28012e+07
1.53107e+06
139552
6.77909e+08
1.21281e+07
9.33273e+07
6.12964e+07
1.1461e+09
2.06228e+07
6.99469e+08
4.52096e+06
5.07133e+06
5.04143e+08
9.88458e+06
1.59441e+08
9.53712e+08
1.09645e+09
130102
1.0757e+07
605377
5.04503e+06
1.54754e+06
2.75711e+07
2.92959e+08
1.47422e+06
207378
5.65153e+07
1.9609e+07
724554
9.35263e+08
9.34494e+06
1.18323e+07
1.43008e+09
242311
1.53268e+08
1.15711e+07
2.34994e+06
1.86109e+06
9.03146e+08
8.1159e+07
162623
1.61425e+09
3.15811e+06
1.53342e+08
5.65021e+07
1.52028e+07
115322
1.29584e+09
1.09577e+08
114405
160409
5.30143e+07
1.0781e+09
6.52421e+08
110311
4.61297e+06
1.46277e+09
1.21324e+06
2.70022e+09
2.73157e+09
1.19045e+09
6.87939e+08
4.71665e+07
182884
1.20466e+07
2.96825e+08
117509
169500
5.10561e+06
859513
3.80098e+06
2.05456e+07
231299
290623
108476
1.76661e+06
5.29014e+06
2.67279e+08
166808
2.30756e+07
1.10674e+09
186801
186441
3.30452e+06
3.24272e+06
136925
653452
1.83695e+08
475316
1.0834e+08
165194
2.15775e+08
1.74646e+06
158557
1.56095e+06
175888
6.70227e+08
5.84131e+06
1.39912e+09
3.34173e+08
9.68371e+07
1.36874e+08
121624
191384
342124
1.02431e+09
228437
5.42549e+06
192801
1.07494e+06
3.99884e+06
1.4111e+09
5.39009e+08
2.43702e+07
596866
2.82036e+08
565631
1.81273e+08
1.70567e+08
4.3569e+06
465005
2.7735e+06
2.76978e+08
3.0823e+09
1.55319e+07
4.32783e+08
96036.9
1.35007e+06
5.50637e+06
2.87931e+06
5.17456e+06
141758
4.00842e+07
177876
5.13952e+07
2.37292e+08
6.12521e+06
1.37098e+06
1.88928e+08
3.54571e+06
5.32696e+08
1.30684e+08
1.73572e+06
3.60593e+08
370454
8.66476e+07
4.54956e+07
1.06764e+07
5.13374e+07
7.38125e+08
1.22287e+09
1.75903e+07
1.592e+08
438365
1.5947e+06
4.07184e+06
1.55587e+09
5.78365e+06
1.09827e+07
6.57287e+08
9.18387e+06
149816
675803
2.06542e+08
204588
652152
786050
1.74572e+07
102498
1.17749e+09
739695
1.04192e+08
694506
3.49462e+08
108717
617978
3.99952e+07
1.16617e+06
2.19426e+06
1.72196e+07
6.7727e+08
1.22945e+09
7.1097e+08
1.83658e+06
2.87169e+09
1.76606e+06
5.97208e+07
341845
2.4059e+06
6.52361e+08
1.41939e+09
393988
3.76455e+06
7.24524e+06
139638
4.14577e+07
178378
7.35718e+08
1.4426e+09
1.88007e+06
1.78943e+06
1.88531e+07
8.47297e+06
371777
5.05402e+08
6.71106e+07
169094
6.78316e+08
129341
2.18996e+09
8.09644e+08
3.37922e+07
1.35844e+09
3.58581e+06
1.46016e+08
3.89997e+07
1.38129e+09
1.25697e+09
4.73864e+07
1.17605e+09
190938
1.15784e+07
3.17977e+06
1.38085e+09
221940
1.28932e+08
96372.9
186813
1.53738e+09
2.8907e+09
86698.1
350469
3.78635e+08
2.81927e+08
4.01002e+07
1.08474e+06
4.02715e+07
147157
2.06192e+07
1.63648e+06
8.66042e+06
7.77345e+08
2.24365e+06
7.02714e+08
1.86413e+07
120667
1.14586e+07
2.49857e+08
170808
1.79927e+07
6.13083e+08
1.31292e+08
4.1748e+08
2.77811e+08
3.22754e+08
8.24731e+08
206978
2.29415e+08
1.21238e+09
1.6499e+06
158078
1.12069e+09
3.12339e+08
7.87127e+06
4.02679e+07
2.00663e+08
3.60221e+07
2.88722e+06
1.01512e+09
1.08915e+08
3.62937e+09
1.23598e+08
584230
613867
5.93062e+07
6.77562e+08
2.57707e+08
1.45412e+08
6.17991e+07
5.61478e+07
1.70975e+08
7.72479e+07
8.59256e+08
6.42361e+08
9.4161e+06
1.93725e+06
1.46723e+06
3.41146e+07
418817
4.45865e+08
403881
6.40349e+08
408402
1.60675e+07
1.91093e+08
745490
6.90014e+08
1.67115e+06
142765
6.63848e+08
905607
4.20565e+07
4.08239e+06
1.0897e+07
2.40762e+08
8.91991e+08
1.4712e+09
1.87214e+07
270153
925123
1.35202e+06
176474
1.02561e+06
3.40422e+09
4.18294e+08
1.57871e+09
1.15998e+08
9.68645e+08
4.13185e+08
1.27016e+08
6.54134e+08
222347
5.54096e+08
1.38057e+06
7.09454e+08
174647
5.63931e+08
2.36781e+08
1.20457e+09
8.58961e+08
7.87522e+09
4.50852e+08
175576
155032
5.11419e+08
2.78669e+07
286198
1.67765e+09
359405
171607
4.92038e+08
156789
1.40285e+07
1.28688e+06
283607
4.87638e+08
151787
4.77728e+06
154431
1.06794e+06
5.81874e+06
147814
2.61318e+07
1.2149e+09
218254
1.34466e+08
1.77562e+09
1.0955e+06
3.18553e+06
1.02819e+07
6.36923e+08
2.16129e+08
7.24397e+08
8.19958e+08
1.82151e+07
3.22631e+07
2.0823e+08
1.82527e+08
117248
1.20464e+06
1.72995e+09
2.47144e+08
2.70826e+06
6.49235e+08
2.09911e+07
8.49049e+07
143577
6.15992e+08
1.89486e+07
1.28722e+07
1.41953e+06
5.4987e+08
3.8366e+07
4.86498e+06
3.52717e+06
8.92373e+08
4.55927e+06
1.65317e+06
3.97719e+08
6.21954e+08
1.60914e+06
5.5567e+08
4.39663e+07
2.41177e+07
142361
9.22435e+06
1.26053e+09
1.89623e+09
131559
1.42582e+08
6.1076e+08
4.27173e+08
186108
6.72934e+08
8.90648e+07
4.16972e+06
6.1358e+06
1.81462e+06
8.592e+08
3.15582e+08
2.54944e+06
1.33159e+09
2.23645e+08
8.22336e+06
1.98714e+06
4.94436e+08
6.80876e+08
1.1187e+08
212127
3.96774e+07
2.24744e+06
4.10642e+08
7.40284e+07
1.87513e+06
184565
1.66736e+08
484361
222915
2.67121e+09
3.84628e+07
301489
3.59127e+08
1.62989e+08
3.52092e+06
3.83525e+07
853970
9.5554e+08
1.03999e+07
7.49544e+07
1.28534e+07
330601
1.1215e+07
1.85795e+08
1.8966e+07
166690
2.04893e+09
1.52179e+07
3.13462e+06
1.50367e+09
125947
1.55479e+09
5.55914e+08
1.3061e+07
8.5193e+08
1.02269e+07
7.4499e+07
3.06158e+08
4.87872e+06
3.141e+06
4.27095e+08
8.58358e+08
1.48727e+09
2.59955e+08
4.17271e+06
5.36143e+07
1.5099e+08
154388
1.25606e+07
6.75964e+07
149832
120394
150032
3.70728e+08
1.98214e+09
1.4856e+06
6.21037e+08
2.89775e+09
1.24993e+07
3.42197e+07
2.275e+08
6.9705e+09
3.69632e+06
257071
2.64498e+06
171966
1.05768e+08
1.48802e+06
5.62792e+06
1.55113e+09
378336
8.4716e+07
2.21058e+06
9.84154e+06
976379
3.50059e+08
6.63717e+08
1.78194e+08
2.8922e+06
1.31894e+07
281885
2.46896e+08
3.09212e+09
6.93687e+08
2.31696e+08
1.07844e+07
1.2987e+09
5.22846e+08
2.55124e+06
1.38548e+07
7.9251e+07
7.09503e+08
5.07305e+08
2.4248e+08
1.47206e+07
8.14972e+08
1.0097e+08
2.74156e+07
8.32927e+07
8.62822e+07
9.28141e+08
2.80659e+07
1.25667e+06
7.84317e+09
2.13576e+08
477844
9.2719e+08
4.4861e+06
3.34406e+08
4.14636e+08
2.11131e+08
1.46955e+07
5.4812e+08
5.76351e+08
3.46014e+09
2.79897e+07
135764
3.15302e+08
5.40717e+08
6.66825e+08
8.77634e+06
9.12849e+07
3.37745e+09
1.27746e+07
1.48109e+08
3.04777e+09
9.4861e+07
1.14995e+08
4.03281e+07
1.75312e+06
6.31018e+08
6.33545e+08
3.5574e+08
2.22044e+08
2.54899e+08
6.07699e+08
8.70402e+08
2.42841e+08
1.33711e+07
8.40275e+08
1.54367e+08
7.20735e+07
1.07043e+09
5.58986e+08
3.30861e+08
3.0031e+08
6.7061e+07
2.66371e+07
4.63336e+09
6.4071e+07
3.79492e+09
3.62872e+06
1.17354e+09
107419
4.776e+06
2.3562e+08
8.37241e+06
3.20971e+06
1.66885e+07
2.43149e+09
3.80247e+06
5.25073e+08
1.94902e+07
5.49172e+08
6.89665e+08
3.02243e+06
3.42947e+06
3.56883e+08
2.07699e+09
4.51644e+07
5.2527e+08
7.32253e+09
1.0696e+07
3.08033e+08
3.62533e+06
1.72967e+06
4.2712e+06
685740
3.40061e+08
4.41235e+06
6.7414e+07
2.4412e+08
4.17135e+09
4.23532e+07
1.0025e+09
2.01866e+09
1.15101e+08
1.21913e+09
8.29625e+08
3.47321e+06
1.73582e+07
5.36961e+08
6.58014e+08
102371
1.70481e+07
5.13274e+08
1.06555e+06
8.39368e+07
3.68618e+08
1.6362e+07
4.77457e+06
2.19836e+08
1.06569e+08
4.78399e+06
4.12353e+06
6.12691e+08
6.54612e+06
1.90369e+07
1.30571e+09
1.90235e+08
2.5509e+07
3.97913e+08
3.50272e+06
4.32654e+06
2.33982e+09
3.81926e+08
6.35334e+08
1.4883e+07
5.65518e+08
1.09842e+07
1.50236e+06
5.62482e+08
2.61203e+06
8.34314e+07
1.96634e+06
7.33222e+08
2.40917e+09
7.30286e+08
1.04178e+07
2.74831e+08
1.02456e+06
3.46903e+07
2.11235e+07
161685
6.28457e+08
7.33943e+07
195372
96702.2
6.33415e+08
2.02862e+09
1.67228e+06
222249
6.0499e+08
2.73466e+08
2.07138e+07
4.14042e+09
1.07499e+07
1.38963e+07
1.71124e+07
1.4542e+08
4.11908e+06
8.80412e+07
2.23831e+08
3.43717e+08
1.59439e+08
1.32261e+07
8.89246e+08
3.63918e+08
1.06363e+09
1.12497e+07
288299
7.9045e+08
1.53181e+07
6.29947e+08
966783
3.99271e+06
3.74756e+09
9.21401e+06
6.65161e+08
4.56638e+06
3.14198e+08
4.84683e+08
1.07133e+07
3.62548e+06
140292
1.04133e+08
3.45899e+06
5.22767e+07
1.29395e+07
7.8656e+06
1.55115e+07
1.99733e+06
2.34557e+08
112325
2.45241e+07
1.78957e+07
1.9824e+09
7.42396e+08
9.03176e+07
1.67804e+07
460365
1.70765e+07
1.18211e+06
6.22441e+06
202465
7.58136e+07
7.926e+07
4.18897e+07
7.4875e+08
231190
354398
6.40374e+08
6.42501e+08
1.77965e+06
153108
189291
4.85265e+06
4.39485e+06
2.88634e+09
2.58661e+08
7.03013e+08
1.08789e+07
1.27779e+07
1.58057e+09
7.90622e+08
1.31237e+07
171418
186122
2.08728e+08
9.21747e+08
919376
1.03328e+07
1.37626e+08
6.28834e+08
6.15349e+07
6.97389e+06
6.85878e+08
6.25302e+08
8.58049e+06
7.09452e+06
1.546e+07
1.18104e+07
733385
8.11199e+07
2.91053e+09
4.72133e+06
2.51143e+07
5.84787e+07
1.15195e+08
4.79129e+06
140424
6.14793e+07
8.55349e+08
1.23413e+09
430171
6.88682e+07
9.01202e+08
6.20661e+06
7.18008e+07
1.74035e+07
173368
3.20967e+08
387778
4.3375e+08
1.54778e+09
7.94766e+06
1.70835e+06
1.55402e+07
3.90877e+06
6.25686e+08
980662
114656
6.74443e+09
1.69875e+07
4.63157e+06
7.61622e+09
5.64463e+08
1.10331e+07
1.72059e+09
7.99948e+08
1.63815e+06
864581
4.54967e+08
605608
2.04624e+09
6.45811e+08
9.48015e+07
4.75975e+09
1.15497e+08
5.12379e+06
1.55746e+08
1.94044e+09
173408
6.67081e+08
438703
272906
3.5584e+08
2.14001e+09
7.95763e+08
613864
5.68953e+06
4.64493e+08
1.3247e+06
1.8634e+09
605630
1.64678e+07
2.06002e+07
445186
1.99598e+06
1.95743e+07
1.56897e+08
1.72617e+08
6.43551e+08
5.04407e+07
468312
2.62724e+08
6.49394e+08
6.30497e+08
9.222e+07
6.44254e+08
2.14356e+07
1.02662e+08
7.69347e+08
1.34451e+08
270824
7.26598e+07
5.65233e+08
602097
6.21324e+08
1.58985e+07
5.75178e+08
8.10256e+08
225498
7.76011e+08
7.11448e+08
1.08381e+07
3.04982e+09
1.22284e+06
3.06486e+07
1.3734e+09
7.3155e+08
2.27553e+08
2.43651e+08
2.06761e+08
370313
5.826e+08
8.54298e+08
1.46108e+08
168621
5.91017e+08
1.05501e+07
5.50933e+07
6.00317e+08
4.56766e+07
5.91969e+08
5.39211e+06
2.87109e+08
8.54364e+07
2.28169e+07
7.9403e+09
1.15421e+09
8.00376e+08
2.60098e+07
1.72234e+09
118402
2.79685e+08
1.1448e+06
7.37739e+08
5.94521e+08
9.3376e+08
149206
3.37811e+06
5.92051e+08
5.87232e+06
1.76711e+07
3.99161e+09
2.33279e+07
2.7029e+06
1.29536e+06
1.60539e+08
1.42027e+09
1.6801e+08
1.56734e+06
6.08501e+09
1.1735e+09
2.72785e+08
1.17968e+07
3.59942e+09
1.12292e+07
1.86931e+06
5.71701e+08
1.80415e+06
142620
2.50944e+08
6.75164e+07
1.5808e+09
5.26866e+08
7.59676e+07
3.00862e+07
6.08137e+08
5.89688e+08
6.33109e+08
2.12742e+08
1.62966e+09
2.80902e+08
126182
4.36518e+08
1.62265e+08
167827
1.68956e+08
1.6937e+09
1.28768e+07
2.51091e+08
1.50849e+07
2.04935e+09
1.68497e+09
1.2711e+07
2.46565e+08
5.91722e+08
1.1714e+07
6.61916e+08
4.06788e+09
3.80875e+08
1.25338e+07
5.49502e+09
2.11501e+06
1.57217e+07
2.70454e+08
1.86721e+09
5.00805e+07
2.18494e+06
6.10159e+06
9.86091e+08
87065.3
1.41244e+09
2.24726e+08
3.40842e+07
7.56657e+08
4.80929e+08
7.14681e+08
1.32031e+09
1.08532e+07
1.32214e+08
5.52426e+06
5.19813e+08
7.34678e+08
5.81072e+07
5.65117e+08
1.55048e+07
1.61393e+07
1.04591e+08
1.23926e+09
1.76282e+07
3.32551e+08
3.73745e+08
6.36928e+06
1.32014e+08
3.5789e+08
2.69168e+06
1.58279e+08
9.17795e+06
94002.4
1.52571e+09
1.87326e+08
4.9896e+06
1.69849e+07
3.02456e+09
8.21014e+08
2.52052e+07
4.22421e+08
5.03373e+06
1.4557e+06
2.82396e+07
3.97576e+06
3.30181e+07
3.32226e+08
5.00113e+09
2.62692e+08
5.53823e+08
4.47501e+07
158471
655093
1.04808e+08
5.17084e+08
1.80316e+09
2.51702e+08
2.96154e+09
298439
6.5394e+06
1.70125e+08
3.2065e+08
7.88205e+08
5.78037e+09
1.25223e+08
1.92919e+08
3.90242e+06
5.06687e+06
6.84617e+08
2.92962e+07
2.39891e+08
1.14511e+07
177795
6.16913e+08
4.068e+06
1.49848e+07
1.09188e+09
7.44181e+07
7.24892e+07
3.02971e+09
8.20572e+08
1.94612e+08
1.60067e+08
3.22063e+06
4.14411e+08
2.04935e+07
1.97814e+07
9.15435e+08
7.48086e+07
1.42605e+07
2.39374e+07
4.82739e+09
2.88151e+07
2.46768e+07
1.68967e+08
5.60435e+07
5.75542e+06
1.39057e+06
1.95816e+07
4.42425e+06
2.15362e+08
7.24173e+06
2.32563e+09
1.01271e+08
1.77551e+08
7.6651e+07
1.70891e+08
276309
1.1292e+08
6.31746e+07
8.48821e+06
3.4257e+07
5.78171e+08
7.73807e+07
2.32885e+08
1.10292e+08
2.62851e+07
3.17539e+09
1.59886e+09
1.72389e+06
1.51619e+08
286333
1.79803e+07
2.33574e+08
4.58338e+08
9.84429e+08
7.05031e+06
1.10256e+08
1.8743e+08
5.25887e+07
5.11352e+08
6.18139e+08
1.0756e+07
245293
149386
1.06613e+08
2.07054e+08
7.23602e+08
4.85579e+09
4.34527e+07
1.19566e+08
5.47889e+08
2.28251e+08
5.25044e+06
1.58909e+08
192200
1.48187e+09
5.26034e+08
3.57028e+08
5.29036e+08
3.92354e+08
1.59871e+07
1.79948e+06
4.96477e+09
2.3453e+08
7.40746e+08
2.89296e+07
1.21857e+09
8.24725e+08
9.6073e+07
1.67949e+08
3.93121e+08
5.32213e+06
1.26474e+07
1.18271e+09
1.36222e+07
8.44931e+08
5.66627e+06
5.08347e+08
6.30111e+08
7.83623e+09
4.0627e+06
4.68521e+09
446000
9.81635e+08
5.49225e+06
1.28303e+07
3.11314e+07
5.54317e+08
2.81513e+08
5.14293e+08
5.93299e+09
6.53741e+09
9.98189e+06
1.53011e+08
7.04394e+08
1.53352e+09
1.523e+08
129418
3.97793e+08
9.84472e+06
5.23841e+08
5.37454e+08
1.01456e+08
4.57846e+08
9.7824e+07
3.87184e+06
4.07317e+08
1.28109e+09
8.93397e+08
5.49937e+07
5.44022e+08
8.8151e+07
4.83097e+09
4.04255e+08
1.71439e+09
122119
1.53745e+08
6.75008e+08
7.15724e+07
103595
6.01048e+08
3.13248e+06
2.12518e+07
5.54119e+09
5.98046e+08
2.7954e+08
1.93453e+09
92677.9
93233.8
2.37718e+08
1.27808e+07
745393
1.19096e+09
5.17394e+08
112080
2.11904e+08
1.85637e+07
1.29029e+08
4.43882e+07
5.3712e+09
4.34796e+06
98839.8
2.00871e+08
9.25622e+06
1.2361e+09
1.4978e+07
3.90689e+09
6.87396e+06
5.95723e+08
6.00549e+08
6.07779e+08
6.3371e+08
382256
1.3781e+07
6.82293e+06
5.12324e+09
2.06208e+08
2.81698e+08
6.83679e+06
2.23346e+08
2.0269e+07
5.16484e+07
1.79308e+06
92105.7
1.49308e+08
1.12107e+07
4.08601e+07
3.37119e+06
1.87661e+09
3.49028e+08
8.24813e+08
1.66977e+08
6.23163e+07
1.80375e+08
2.44752e+08
2.15678e+08
1.19447e+06
8.68935e+08
4.3109e+08
4.65351e+08
4.02239e+08
5.76627e+08
667118
1.34337e+07
4.38912e+07
3.87193e+06
1.25075e+07
3.64748e+08
1.29606e+08
1.86673e+08
3.03708e+08
6.54451e+08
6.09833e+07
515932
6.40461e+08
4.9416e+09
5.51625e+06
4.76841e+06
5.50158e+07
5.66448e+08
2.18938e+08
3.2723e+09
1.48649e+07
180446
1.54537e+09
1.55368e+09
2.14182e+06
4.23644e+08
169311
406667
3.54224e+09
1.89904e+08
6.98158e+08
1.79146e+09
6.76531e+08
9.79671e+06
1.34438e+09
5.13131e+09
8.14983e+06
1.21067e+06
4.10415e+08
8.21921e+07
6.09407e+08
1.76317e+08
3.65633e+08
3.94513e+09
7.20303e+08
4.829e+09
8.12344e+08
2.15845e+08
1.78037e+07
5.12054e+08
3.58121e+08
7.44319e+07
5.00841e+09
2.52744e+07
5.18974e+07
3.51536e+06
2.93134e+07
2.5973e+07
5.58507e+08
3.31422e+06
1.31453e+08
2.72102e+07
2.12518e+09
4.89722e+08
4.37318e+09
1.70457e+08
6.88364e+08
1.23159e+09
1.15663e+07
1.80131e+08
9.88303e+06
184631
1.64769e+08
8.12284e+08
3.09431e+08
5.23418e+08
7.60094e+08
5.53171e+08
6.11432e+08
1.57221e+09
6.7795e+07
2.51215e+09
1.98384e+06
2.83621e+08
7.88739e+08
8.11863e+06
398550
2.43691e+08
2.12134e+08
4.10324e+08
1.25504e+08
3.84678e+07
2.72324e+07
2.8885e+07
5.91614e+08
1.82156e+08
1.47334e+07
8.09487e+08
2.05258e+09
7.50357e+08
3.24919e+07
2.84451e+10
4.3891e+06
3.82884e+07
3.10331e+06
1.89372e+08
3.84997e+07
4.17059e+08
9.90536e+06
2.1086e+06
4.65953e+07
1.00148e+07
7.41276e+06
3.05776e+07
5.88195e+06
5.08414e+06
6.5949e+08
2.76914e+08
8.13663e+08
2.67054e+08
1.93945e+06
1.33258e+07
1.95586e+07
260595
172789
5.37557e+07
6.17338e+07
7.46728e+07
1.6803e+06
4.98653e+09
3.70385e+08
6.50911e+08
2.64681e+08
126190
1.05479e+07
1.22695e+08
1.40642e+07
2.90505e+07
2.87515e+07
1.03819e+08
4.74417e+08
3.95877e+08
4.25153e+08
1.76224e+08
4.82508e+07
161395
6.67854e+07
147087
3.86823e+08
2.98724e+08
1.37393e+09
6.47387e+08
1.09405e+07
4.05803e+06
1.88729e+08
3.04336e+08
1.25676e+07
1.69017e+09
5.02135e+06
3.82888e+08
8.37682e+08
3.94191e+08
331606
7.26004e+07
1.76879e+07
9.77014e+08
1.11638e+07
1.40749e+09
1.50657e+09
142616
138522
1.70647e+07
1.23005e+09
4.5933e+06
3.79426e+06
5.43957e+07
5.68844e+09
5.434e+08
1.35665e+09
4.80897e+08
5.87175e+07
1.02782e+07
1.93438e+08
5.40692e+06
6.61725e+07
247234
9.58498e+08
2.28615e+07
3.46668e+06
2.50075e+07
9.64141e+08
4.56595e+08
2.00898e+08
2.13045e+09
2.61476e+07
3.22952e+08
468312
277185
313829
4.45773e+07
5.58646e+06
185586
1.16383e+07
216155
2.8569e+07
2.33726e+08
5.38296e+09
5.23078e+08
3.13257e+08
1.75445e+07
5.37325e+08
2.90863e+06
6.21887e+08
9.81164e+07
2.38244e+07
1.33586e+07
1.11504e+07
6.48927e+07
698074
1.41991e+08
1.64138e+08
92570.4
2.08713e+07
1.12977e+07
2.46948e+08
1.64875e+09
1.44716e+07
5.87404e+09
195321
8.37757e+07
2.45656e+08
1.29736e+07
3.69739e+06
1.27757e+07
1.14466e+08
5.9527e+08
4.13821e+08
6.0714e+07
1.40333e+07
136171
3.27547e+07
1.29172e+07
2.87508e+08
3.46174e+07
3.1335e+06
1.57762e+08
6.22133e+07
1.52996e+09
1.95874e+09
2.78327e+06
3.51036e+08
8.31547e+07
3.86902e+07
5.5199e+09
2.77829e+09
9.20525e+06
1.62551e+06
3.8509e+07
1.7468e+08
1.64579e+07
1.35839e+07
1.79594e+08
2.11691e+09
3.19779e+08
6.13473e+07
3.53784e+08
6.69846e+08
3.14674e+08
5.2567e+09
8.70016e+06
152610
4.30211e+09
1.91555e+06
140714
5.40111e+08
3.82829e+07
1.14195e+09
5.16083e+09
4.04176e+07
8.14094e+07
1.59104e+08
5.39434e+06
690048
1.00518e+08
3.40481e+06
1.0075e+06
3.925e+06
4.69742e+08
1.4213e+09
9.26685e+08
4.58142e+08
5.81863e+08
1.50337e+09
1.68492e+08
1.56312e+08
3.175e+07
3.45002e+07
1.32924e+09
3.16127e+09
1.19433e+09
4.63987e+08
1.37729e+07
123143
6.80184e+08
7.1731e+08
9.31334e+08
5.54735e+08
1.65577e+08
4.86031e+09
2.0708e+08
7.07778e+08
6.1624e+08
3.63428e+09
1.62107e+08
3.12494e+08
7.34702e+08
3.06581e+09
2.08921e+08
4.88476e+08
186579
2.07722e+07
5.50425e+08
203625
1.69614e+09
5.972e+08
1.47308e+09
2.5554e+08
2.39588e+08
5.95726e+06
1.28203e+09
5.20795e+08
4.72617e+07
4.47157e+08
7.28565e+09
9.87211e+08
2.17789e+07
1.11214e+07
4.42789e+09
7.95382e+07
5.84174e+09
5.72852e+08
6.52546e+06
231426
4.45355e+08
1.27554e+07
1.64194e+08
152406
1.24696e+08
2.07061e+08
6.81473e+07
1.58111e+08
4.10718e+08
4.11343e+09
217258
1.55008e+08
1.30167e+06
2.81866e+08
238324
115864
2.43904e+07
1.39155e+09
400489
141400
753936
1.03012e+06
5.04021e+08
8.14218e+06
1.01011e+08
3.67575e+06
6.4371e+08
1.61091e+07
6.67881e+07
1.72831e+07
726382
3.7878e+09
1.47751e+08
2.36798e+06
1.65348e+08
2.59407e+08
1.51965e+07
2.90517e+08
1.98265e+09
2.46646e+08
2.46519e+07
6.82285e+09
4.80465e+08
1.62738e+09
4.75026e+06
8.31141e+06
4.8253e+08
1.16668e+08
4.39164e+06
9.84331e+07
4.74443e+08
7.74501e+06
1.30334e+06
168184
1.25486e+08
4.81487e+06
3.40815e+09
6.70739e+07
2.92828e+07
3.05222e+07
4.16669e+08
8.17577e+06
4.19368e+08
3.32315e+08
6.20204e+08
1.14981e+09
2.82792e+08
180979
2.5833e+07
3.24329e+06
166293
5.21285e+07
4.64188e+08
1.57199e+08
1.61305e+08
287007
2.25889e+09
1.65663e+09
1.12484e+08
5.17274e+07
6.10234e+09
3.07645e+08
1.64575e+08
1.11844e+08
4.00424e+08
2.6009e+06
4.17925e+08
3.71472e+09
2.647e+08
3.53779e+08
4.64815e+09
461759
1.19789e+08
1.25211e+09
716329
1.29836e+09
639115
3.1516e+08
1.61067e+09
723566
1.8457e+08
7.07521e+08
9.34868e+08
1.53527e+08
5.56942e+08
870138
1.85183e+08
1.86146e+07
2.22255e+08
380502
3.07342e+09
7.70806e+07
4.9487e+06
2.27076e+08
1.29715e+06
1.38187e+09
1.48447e+08
8.87698e+08
4.54895e+06
396230
1.51607e+08
283633
1.02838e+07
450158
1.48486e+08
1.76199e+06
1.03041e+08
4.6445e+07
2.03381e+08
3.39056e+08
5.82763e+09
1.32622e+07
6.13625e+08
1.2158e+09
634171
7.90923e+08
1.10139e+06
5.3118e+06
1.02563e+06
1.25344e+09
1.27668e+07
1.77493e+08
4.40266e+08
461682
1.4477e+07
2.02186e+07
2.50356e+07
1.09243e+07
2.81143e+07
5.21729e+09
6.93389e+08
1.66743e+08
8.80392e+07
3.92797e+07
5.88786e+06
9.22181e+08
5.08075e+08
8.63399e+08
1.15546e+06
1.1103e+07
1.54124e+06
1.15918e+07
1.79587e+09
9.61503e+08
7.82084e+07
8.11297e+08
5.82663e+08
5.23907e+08
4.82442e+08
1.0935e+08
4.376e+06
1.55851e+07
2.23878e+07
1.34552e+08
883682
950686
4.95683e+07
8.66686e+08
1.51294e+09
107609
5.35148e+09
1.85552e+06
4.19965e+08
161086
4.13647e+09
4.74835e+08
1.98323e+07
3.89607e+08
1.30393e+08
144616
2.09322e+07
5.24556e+09
5.65272e+08
2.70531e+08
1.09902e+07
1.49666e+08
183640
2.92966e+08
1.92473e+08
4.77259e+09
7.72226e+07
4.651e+08
9.03127e+07
1.60703e+09
874007
1.25661e+09
1.50419e+08
4.7082e+07
2.2841e+08
9.09971e+07
3.8561e+08
5.23189e+07
4.02591e+08
2.38443e+08
746612
288723
2.03821e+07
6.66702e+06
1.53529e+07
6.57684e+09
189323
6.24144e+08
4.96493e+08
1.53823e+06
2.92631e+08
8.83904e+08
2.22806e+08
4.77995e+07
5.05947e+09
2.86058e+07
1.46047e+09
2.48315e+06
1.63688e+06
4.83463e+08
6.63459e+06
3.69369e+08
1.8486e+07
1.34372e+08
5.95917e+06
1.34257e+09
1.75275e+08
8.65041e+08
134534
1.76245e+07
120049
1.20376e+08
5.03535e+08
1.7898e+08
2.30387e+08
2.3229e+08
624996
2.18609e+08
9.26489e+08
6.6695e+06
5.37176e+09
2.09209e+07
479145
1.90618e+06
8.67325e+08
3.90692e+09
8.34459e+08
6.5612e+08
2.41969e+09
748618
3.25236e+06
110935
2.12098e+08
1.58968e+08
1.20101e+08
1.05438e+07
8.48914e+09
1.50316e+08
4.14106e+07
6.52371e+07
3.09714e+08
4.40365e+06
1.08785e+09
1.68744e+09
2.41285e+07
5.68189e+07
753865
1.3478e+07
757873
2.11576e+06
4.66171e+09
5.29674e+08
4.41672e+09
4.18007e+08
1.70125e+08
1.03356e+06
161555
1.50697e+08
2.8938e+08
116224
9.01e+08
1.02719e+07
235814
1.92396e+07
164563
6.86962e+06
836830
979136
235162
4.59524e+08
8.20404e+08
359991
1.13257e+09
1.05826e+07
2.25397e+08
5.5595e+08
2.02717e+07
133348
7.15176e+08
154485
490347
1.26155e+08
1.08924e+07
4.3538e+09
6.21419e+06
1.47393e+06
4.26485e+09
2.10409e+09
7.93766e+08
5.16556e+06
183617
2.83214e+08
4.54764e+08
1.83677e+08
7.27608e+07
2.23351e+07
5.49808e+09
137639
2.08985e+06
2.5308e+08
1.06966e+07
157393
1.08917e+07
1.04116e+07
2.80897e+08
2.52751e+06
2.22614e+09
3.54363e+08
217995
2.68769e+08
1.61781e+07
1.1516e+07
3.55132e+08
213790
4.00494e+09
1.86031e+07
1.61038e+08
1.58971e+09
6.63542e+07
239662
169344
5.26301e+08
4.21669e+08
213063
4.12694e+07
3.28567e+08
3.63764e+09
1.13429e+06
2.47919e+08
4.33445e+08
1.15859e+06
1.80978e+06
5.65858e+08
5.08662e+08
2.58412e+09
1.56127e+06
153003
850316
1.30944e+06
1.85137e+08
6.07401e+08
431114
188317
1.04115e+08
4.79236e+09
9.57335e+06
1.67751e+07
3.27144e+06
2.26631e+09
5.26629e+08
731754
1.06731e+07
5.92953e+08
172675
2.24645e+08
7.45343e+08
4.06853e+08
3.78356e+09
332456
7.2546e+07
209320
3.99052e+08
3.58577e+08
2.81897e+07
4.53764e+08
1.78121e+08
182983
8.89385e+08
9.24148e+08
3.84585e+09
2.1884e+09
223859
3.44615e+08
3.86833e+08
1.51864e+09
9.035e+08
159069
3.26259e+09
3.62574e+08
1.79478e+07
546690
562223
4.64832e+08
2.46622e+07
2.40993e+08
575199
2.93116e+07
1.78833e+09
1.39459e+06
3.10782e+07
122290
1.04931e+09
2.70357e+06
6.41885e+07
267706
5.01283e+08
6.5284e+08
1.1074e+07
141372
9.32868e+07
95056.9
1.2496e+07
1.45872e+07
181671
4.1995e+08
889895
8.17537e+08
1.72033e+06
2.84844e+09
4.90189e+07
1.757e+07
4.07526e+06
8.89738e+08
6.64201e+06
1.07399e+07
3.52738e+08
7.1444e+08
3.40776e+09
5.00928e+08
2.05093e+08
3.49347e+08
1.01197e+08
158117
1.59424e+08
1.10615e+09
1.87122e+08
3.07224e+07
169275
6.29943e+06
2.99075e+06
3.25776e+08
9.73839e+06
253319
286226
193481
374019
974463
290506
1.04964e+06
447991
509863
168832
515380
183334
154116
3.89965e+08
2.7697e+08
283196
1.63824e+07
3.25134e+06
1.11818e+07
9.03642e+06
603464
3.18187e+07
2.09097e+07
151704
155851
1.16309e+06
8.69993e+08
149456
447915
1.01802e+06
4.16335e+08
1.44918e+07
164395
3.40189e+07
262678
863995
5.25153e+07
153306
584222
914097
268837
7.81056e+08
7.51315e+08
1.56345e+06
3.02279e+08
113267
1.39175e+06
1.75599e+07
3.34377e+09
3.57439e+06
6.11856e+08
6.79678e+08
1.68785e+08
2.47172e+07
6.36095e+08
124402
217213
4.02711e+08
3.13717e+08
1.68224e+06
4.80363e+06
7.33972e+08
1.51761e+08
3.96804e+08
5.65352e+08
1.11794e+09
6.4955e+07
1.59996e+09
5.09555e+09
1.04818e+08
1.33911e+08
6.33222e+08
8.31033e+08
2.98303e+09
1.51757e+08
2.45249e+06
7.35718e+09
3.39672e+08
2.24224e+08
2.58915e+07
1.65421e+09
3.88293e+06
8.10601e+07
5.89425e+07
4.62368e+08
4.63825e+08
7.60579e+08
3.06943e+09
142397
1.28082e+08
1.34097e+09
198609
5.96956e+08
1.56753e+09
5.15716e+08
1.03518e+09
7.38089e+09
2.13078e+07
158265
4.62099e+08
6.20533e+08
3.54348e+07
1.33213e+07
9.54247e+07
4.11144e+08
1.36852e+06
4.05725e+08
4.46523e+07
1.15229e+07
2.67674e+09
2.84162e+06
3.35813e+07
1.16497e+08
2.16267e+07
3.80019e+08
1.41428e+06
1.37562e+08
3.98045e+06
191197
2.10426e+09
5.11966e+07
3.48964e+09
5.72857e+07
1.23938e+06
4.65836e+09
8.50915e+08
558926
2.61761e+07
4.10968e+08
7.90065e+08
5.5354e+08
1.19261e+08
5.94136e+08
2.0092e+08
1.85648e+09
1.54503e+06
2.99013e+09
2.21597e+07
352276
3.82494e+09
6.20832e+06
7.15712e+07
104885
3.30994e+08
119993
6.39145e+08
2.87973e+07
9.91648e+08
175589
2.31965e+09
3.90284e+08
1.22946e+07
243125
3.79758e+08
4.57081e+06
1.04745e+09
5.61824e+09
1.36731e+07
1.37209e+09
2.16837e+07
7.76967e+07
7.54506e+07
935166
4.45493e+08
6.71493e+06
1.16617e+07
1.13519e+07
9.24125e+07
1.3391e+09
1.31493e+08
8.96945e+08
5.23217e+06
3.52409e+06
1.36495e+07
1.68696e+06
9.9861e+07
1.19319e+07
2.62001e+09
1.32589e+09
1.46648e+07
1.27172e+08
1.03383e+07
4.21329e+09
1.13532e+08
1.09835e+07
4.05027e+08
1.28965e+08
175348
5.98149e+08
2.3739e+08
419754
7.78292e+06
4.32184e+07
1.26478e+07
4.0092e+09
1.18064e+06
110804
1.24943e+08
4.6367e+07
1.4391e+06
9.27651e+07
4.55472e+06
9.10132e+07
4.29074e+09
3.45409e+06
4.03452e+08
886985
1.01249e+07
1.19105e+07
398453
2.07511e+06
4.27764e+08
1.18648e+09
117529
5.03322e+06
2.30728e+09
1.90638e+09
2.8791e+07
7.85671e+08
3.62953e+08
8.20022e+08
7.50107e+07
1.06452e+07
2.049e+07
279240
2.93841e+07
4.93298e+07
6.22358e+07
2.06183e+06
3.40652e+08
7.49356e+07
8.01565e+08
1.90662e+08
178255
7.22383e+07
1.54973e+09
1.82205e+08
1.70238e+06
5.93122e+07
1.97601e+06
1.91986e+08
9.52097e+08
7.65687e+08
1.13648e+07
1.75241e+08
6.1339e+07
1.74625e+08
301743
3.37162e+08
1.33021e+07
3.49883e+08
3.03702e+06
1.78994e+08
2.05026e+09
2.45588e+07
1.20932e+06
7.90778e+07
1.06437e+09
4.26386e+08
8.05304e+07
8.10432e+07
3.66575e+06
7.63208e+06
1.28605e+07
3.28969e+08
2.12595e+09
106434
1.55497e+07
3.696e+06
6.37133e+07
6.08726e+07
172704
1.28833e+08
8.72396e+08
6.19028e+08
3.50626e+08
1.19317e+07
187951
161092
4.70785e+07
3.23275e+06
146575
9.82762e+06
4.70519e+08
1.64453e+08
4.27018e+08
4.4613e+08
4.27622e+09
2.83655e+08
3.07225e+08
8.73951e+06
4.64963e+09
3.65311e+09
268724
4.86204e+08
3.02448e+07
2.65609e+09
3.23598e+07
1.89678e+07
2.69611e+09
2.29929e+08
5.60307e+08
6.5757e+08
2.91545e+08
5.70415e+06
6.17442e+07
1.03733e+09
5.11273e+08
1.89944e+09
1.64553e+09
9.38432e+08
1.22764e+06
3.09108e+08
1.98331e+09
6.00266e+08
1.35403e+08
8.53968e+07
5.79869e+08
6.58427e+08
8.32437e+08
1.68001e+07
1.05546e+07
1.46167e+07
7.10158e+08
8.38363e+07
2.39964e+08
2.5509e+07
1.88386e+08
1.96229e+07
1.04444e+08
3.45272e+08
5.26537e+08
800866
5.87748e+08
3.18699e+09
5.52994e+06
2.5564e+06
2.1007e+07
320342
4.41139e+07
5.05928e+08
2.23399e+09
1.03418e+06
1.87355e+07
2.13641e+08
4.84164e+06
6.43731e+07
6.33518e+07
1.01405e+09
9.41483e+08
1.87508e+07
3.53385e+07
7.18697e+06
8.26044e+08
1.90972e+09
3.00641e+06
6.20845e+08
5.84586e+07
6.06445e+06
1.16885e+06
8.43901e+06
1.41636e+09
1.88962e+08
4.84454e+08
95776.9
8.02763e+07
832311
1.3167e+08
1.31533e+07
2.9288e+09
3.44111e+08
4.83707e+06
1.57724e+08
1.47032e+07
1.48387e+07
3.44069e+08
5.52188e+07
2.02166e+08
2.69012e+08
228496
3.74063e+08
2.6558e+08
103883
2.41968e+08
3.3626e+08
2.67442e+07
8.00744e+07
1.28296e+07
1.63304e+08
3.9028e+07
2.93859e+06
5.49263e+06
2.29379e+08
8.63508e+08
5.17077e+08
5.78662e+08
3.28643e+07
1.06862e+09
650411
9.82592e+07
8.94595e+07
109843
1.22084e+07
1.02439e+08
5.28893e+08
1.2528e+06
7.79951e+06
1.26348e+08
1.14511e+08
8.56009e+08
2.56117e+09
6.43736e+07
3.61706e+08
3.35424e+08
1.48473e+07
4.8222e+09
1.22626e+09
8.60367e+07
4.39053e+06
1.67284e+08
117651
8.47628e+08
6.60653e+08
2.11692e+07
3.57642e+08
6.84465e+07
1.31897e+08
1.43101e+09
2.53687e+08
1.41152e+09
8.26692e+07
1.66565e+08
9.94036e+08
3.1737e+08
5.67343e+08
2.36701e+07
1.72769e+09
1.54903e+09
2.50482e+07
1.41787e+09
907656
231929
2.7715e+06
3.89135e+06
5.35062e+07
2.45357e+09
8.51355e+08
7.16601e+08
3.39465e+08
2.18942e+09
1.53925e+06
3.11639e+08
3.34851e+06
8.27041e+06
1.41191e+06
4.6819e+07
9.21664e+08
3.91163e+08
1.5242e+08
4.71453e+08
5.35907e+06
5.04017e+08
109180
1.54591e+07
2.79235e+07
1.18865e+06
2.42107e+09
3.11251e+07
1.72994e+08
1.616e+08
194516
7.33872e+08
2.68673e+07
165603
1.44155e+09
1.14881e+07
1.48066e+07
1.15766e+08
3.58394e+07
5.01331e+09
4.52055e+08
6.15475e+07
1.56309e+07
1.33697e+08
5.61186e+07
2.12215e+09
2.51611e+09
2.23167e+09
2.53637e+08
4.17661e+06
4.06723e+06
4.26519e+08
4.46397e+08
5.30186e+08
2.3841e+08
4.06121e+08
1.90093e+07
5.20574e+08
6.78832e+07
3.06621e+06
3.49993e+08
99314.7
1.2446e+08
4.56661e+06
5.65658e+07
5.68976e+08
1.78882e+07
6.6943e+07
1.21094e+08
3.9782e+07
1.72294e+08
1.10491e+08
8.30657e+08
4.04942e+08
1.93112e+06
5.32751e+08
9.04496e+06
3.33049e+08
2.13018e+08
1.14735e+09
6.83893e+07
5.9187e+08
7.78793e+08
1.75667e+08
4.79171e+08
107756
2.21325e+09
7.07436e+08
2.21912e+09
1.24228e+07
8.11539e+08
6.86857e+09
112958
1.44036e+08
4.24147e+08
1.70642e+07
1.46956e+09
5.96756e+08
6.45606e+09
8.15863e+07
292825
8.78774e+08
1.17295e+08
2.87832e+08
1.30021e+09
661783
3.839e+07
1.16223e+07
6.2727e+08
2.51237e+08
1.55452e+07
2.77747e+07
1.66114e+08
1.85191e+08
5.02716e+09
6.40956e+06
6.75612e+07
9.21855e+06
1.44345e+07
2.63374e+07
486966
2.27813e+07
5.84251e+06
1.76184e+08
424830
5.49987e+08
1.90884e+08
741835
4.20652e+08
7.42224e+08
4.36092e+08
7.93378e+08
4.3293e+09
1.39622e+07
5.10323e+07
3.12107e+08
1.3536e+08
3.2972e+08
4.60421e+08
1.20573e+08
924954
1.85942e+08
1.43709e+06
3.92073e+06
2.03772e+09
1.49874e+07
114008
1.28357e+08
552796
1.85459e+08
1.75175e+08
1.29412e+06
5.58591e+07
6.2715e+07
9.41829e+08
5.6875e+07
5.78753e+08
1.94776e+06
7.08474e+07
2.45283e+08
1.05233e+08
2.46248e+08
8.58073e+08
2.71007e+09
3.35556e+08
1.28846e+07
2.09712e+08
1.9282e+07
2.01867e+09
3.14857e+08
1.33566e+07
1.39405e+09
3.29072e+06
349894
1.99754e+09
5.50401e+08
2.84658e+08
3.94914e+08
9.52647e+07
4.87615e+08
4.5527e+08
3.74051e+08
1.00572e+06
3.30538e+08
5.06219e+07
1.80316e+08
1.9654e+07
8.8921e+08
2.43698e+08
5.07781e+08
3.65941e+07
2.485e+08
6.3845e+07
1.86876e+07
8.29783e+08
7.96873e+07
1.60953e+09
2.45255e+08
1.99112e+07
1.31996e+06
8.47102e+08
3.09227e+08
171994
1.3808e+07
138386
2.41613e+07
5.70467e+07
2.30207e+09
1.67964e+08
1.64563e+08
4.05263e+08
1.20208e+09
3.86466e+07
1.8654e+08
3.25236e+07
7.6771e+06
8.48402e+08
3.11426e+07
3.40784e+08
1.16796e+09
1.49869e+08
5.56075e+08
4.34113e+08
1.05312e+09
8.76558e+07
86765.7
1.71312e+07
752631
2.9696e+08
6.84223e+07
5.27923e+09
2.2912e+07
1.27257e+07
6.70246e+07
1.15737e+07
3.53468e+08
7.88246e+07
5.49612e+08
7.85341e+08
1.67844e+07
2.05861e+08
168212
5.41113e+07
139069
1.347e+06
1.61638e+08
1.28752e+07
7.98825e+08
833076
172894
3.95978e+06
1.48249e+09
1.10479e+07
1.86263e+09
1.12154e+08
4.72201e+06
6.68714e+06
2.54586e+08
8.42217e+08
5.05914e+08
1.33509e+06
157351
299489
9.82623e+07
1.8794e+08
8.52761e+08
1.93973e+08
1.09159e+07
2.84887e+08
2.04446e+09
1.72762e+07
1.25703e+07
1.95069e+08
1.25633e+07
1.84666e+09
7.77175e+08
2.92268e+08
2.05538e+08
1.7052e+06
2.96997e+07
6.7158e+06
4.72514e+08
159676
3.29819e+07
1.3407e+07
6.94405e+07
3.53549e+09
3.85826e+08
1.52872e+09
9.68611e+07
1.1392e+07
3.11857e+08
3.43724e+08
3.22607e+07
1.42461e+08
7.21449e+07
217366
3.29904e+07
1.79206e+07
5.69057e+07
6.45853e+08
5.15418e+08
1.63662e+06
2.02096e+08
2.51125e+07
4.81321e+08
8.46066e+07
3.27227e+09
246784
171599
3.37219e+08
1.5638e+07
1.41208e+07
9.5742e+08
1.35405e+09
8.0826e+08
4.66415e+07
9.01315e+08
8.45303e+08
2.84893e+08
9.78287e+08
3.09964e+08
6.99223e+08
5.29406e+06
1.28139e+09
5.81434e+08
104698
3.78532e+09
4.98163e+08
4.77728e+06
2.87378e+08
3.48028e+06
2.06579e+08
1.63404e+07
2.28762e+07
4.07953e+08
2.46428e+08
5.45367e+08
1.61097e+09
189917
2.28914e+08
1.56794e+07
9.33401e+06
1.57092e+09
456125
1.2023e+07
343775
190875
3.4057e+08
1.72014e+09
8.22059e+08
370943
415203
6.12726e+08
1.00445e+08
3.05265e+07
2.0784e+07
1.63631e+09
5.93045e+08
226505
5.61238e+08
2.28926e+08
2.86038e+08
2.4063e+08
1.27434e+07
5.44504e+06
5.07511e+07
1.53683e+08
2.0698e+07
1.79827e+09
9.79824e+07
6.56058e+07
1.91097e+08
1.24899e+06
1.22403e+08
6.03185e+09
2.57482e+08
3.84121e+09
268540
970556
1.84937e+09
6.9157e+07
528256
4.59025e+08
6.62296e+08
9.73015e+07
2.76137e+08
1.29888e+08
1.47482e+08
3.10202e+07
9.52014e+06
8.1445e+07
8.19045e+08
5.60509e+06
2.56747e+06
3.47743e+08
2.36485e+08
1.25234e+08
1.30885e+08
2.35735e+08
332030
1.27324e+07
6.58505e+07
1.45612e+09
9.84409e+07
3.09566e+08
3.25826e+09
2.33677e+08
5.85137e+07
5.16304e+07
9.51191e+07
2.11535e+07
4.86081e+08
1.27387e+08
1.98394e+08
5.95132e+09
1.78928e+08
1.46143e+09
3.00036e+07
1.97435e+08
6.9424e+07
1.37166e+08
445868
2.73756e+07
3.74561e+08
7.42834e+08
4.14003e+08
8.11405e+09
3.54067e+07
5.08243e+08
5.14009e+08
4.33615e+08
5.4885e+08
3.86246e+06
5.31301e+06
1.171e+07
585088
1.677e+07
5.76268e+08
3.58444e+08
5.81695e+08
4.55901e+08
1.93818e+07
2.60044e+08
5.49143e+07
1.27006e+06
2.29358e+08
5.65831e+08
7.32628e+07
5.28894e+09
5.45177e+06
3.31682e+09
7.05114e+08
3.12413e+06
2.49041e+09
1.15401e+07
1.76624e+08
3.03752e+09
5.04997e+07
3.79167e+08
2.77805e+07
375734
4.20656e+09
2.58029e+07
5.5089e+07
2.92729e+06
1.53507e+08
1.08759e+08
1.00076e+06
2.44094e+07
710169
7.10213e+08
4.75381e+07
4.11385e+08
6.54677e+08
1.39976e+10
1.16548e+07
3.9707e+08
6.99281e+08
1.4751e+09
2.15666e+08
8.45158e+08
5.66786e+07
205067
3.09916e+08
7.75018e+07
4.09885e+07
2.79952e+09
5.68359e+07
3.79546e+08
2.97427e+06
2.91674e+08
7.51373e+08
2.43646e+07
3.59482e+06
4.79929e+06
5.46055e+08
144380
3.29746e+08
1.50574e+06
7.07133e+08
1.40954e+07
94492.8
3.32215e+08
3.91629e+08
1.2369e+08
2.25028e+08
4.71291e+07
706263
5.81741e+07
1.85854e+08
6.47035e+09
1.86743e+08
2.16782e+07
3.10902e+08
1.81759e+08
1.236e+06
2.08258e+08
5.72013e+06
1.73961e+08
5.63318e+08
5.84289e+08
4.97001e+07
8.19834e+09
1.3886e+06
7.36144e+09
2.05115e+08
8.08178e+06
8.04832e+07
3.20121e+07
3.3061e+08
1.20023e+07
2.02613e+09
1.80464e+08
2.52042e+08
1.16654e+09
5.54102e+08
1.97104e+08
1.85878e+08
1.69593e+07
4.91496e+06
7.68915e+08
2.10948e+09
1.82286e+08
1.76748e+08
841863
1.13166e+06
5.08159e+07
6.47514e+08
1.4284e+09
5.0056e+08
2.09456e+08
1.86059e+07
2.06628e+07
4.80389e+07
5.06144e+08
1.89998e+06
1.19127e+08
1.28951e+07
3.26033e+08
9.77251e+07
5.44095e+09
1.62656e+06
3.07176e+07
1.21186e+08
2.97723e+07
5.25654e+07
1.70144e+08
7.99645e+07
1.77628e+08
1.78462e+09
6.49712e+08
5.09183e+08
4.34843e+07
1.07573e+08
1.69624e+08
4.79758e+09
2.32572e+07
1.65748e+09
1.29601e+07
3.31398e+09
4.62011e+06
2.03031e+09
904732
1.45952e+08
2.62043e+08
7.96783e+07
5.53683e+07
1.69635e+09
1.76291e+07
2.99334e+06
169948
4.09837e+08
6.12262e+06
2.28831e+08
2.50126e+07
738668
3.65483e+07
2.40706e+07
4.90323e+06
1.21861e+07
1.60097e+08
1.46272e+06
2.4949e+07
6.8149e+07
8.70971e+07
3.98002e+08
6.16262e+07
2.92918e+07
2.50346e+08
1.17893e+07
1.28255e+08
9.31329e+08
4.0106e+08
5.22601e+07
1.69419e+08
1.12061e+08
2.765e+08
1.02817e+07
1.90274e+08
2.61494e+07
3.94764e+06
1.77945e+08
5.19546e+08
5.20498e+06
8.27879e+08
1.17712e+09
1.62838e+09
1.88557e+07
6.7959e+08
3.87074e+06
4.67948e+06
4.26614e+09
1.07171e+08
1.58446e+07
2.31691e+09
3.82863e+08
2.97385e+08
5.38445e+07
1.13777e+07
4.98421e+08
1.09217e+09
1.4377e+09
6.88813e+07
4.17054e+09
2.27029e+06
938009
1.96727e+08
157410
3.65378e+08
3.55668e+08
7.71792e+06
1.73667e+08
142949
3.07643e+08
2.16223e+06
1.04967e+08
7.67539e+06
1.67949e+07
2.79548e+08
5.31597e+08
4.02092e+08
4.43581e+07
6.33021e+08
2.22173e+07
1.98862e+07
2.07182e+07
5.664e+08
2.78569e+08
2.01032e+07
1.18583e+09
2.47627e+06
2.26671e+09
93422.3
1.67106e+06
1.97419e+08
1.83615e+08
3.58676e+06
5.02044e+08
3.76597e+08
1.04591e+09
5.40506e+08
5.73959e+08
1.05964e+06
7.18346e+07
3.80978e+07
8.75399e+07
5.44656e+07
7.5496e+07
4.74754e+07
2.26103e+06
1.22237e+08
3.57244e+08
1.68212e+08
5.53157e+06
3.85585e+08
1.34819e+08
3.45735e+08
1.1546e+07
3.80603e+07
1.26083e+08
1.50015e+08
7.74895e+08
1.35206e+07
1.28835e+08
5.57813e+08
594839
4.76602e+06
4.17243e+09
5.3987e+06
5.60679e+08
1.21496e+07
1.03499e+09
8.91024e+08
2.27814e+07
3.1106e+08
1.65116e+07
1.00726e+08
2.27394e+07
8.41665e+08
3.35745e+08
3.15812e+08
1.79582e+07
1.87598e+06
6.84507e+07
2.91726e+08
1.3788e+09
3.26196e+09
4.4952e+07
173347
4.47707e+06
5.95311e+08
5.55936e+08
3.00817e+07
3.23929e+08
1.41611e+08
6.05796e+07
7.18891e+08
5.31178e+08
3.11973e+06
1.53312e+08
9.3706e+07
1.99172e+07
2.34234e+07
96983.9
1.8885e+08
1.80391e+08
3.83932e+08
1.96256e+08
4.50927e+08
1.55644e+07
1.77188e+08
2.17721e+08
1.42866e+08
1.60675e+09
5.29938e+06
8.53562e+07
1.31175e+08
4.64887e+08
1.07713e+08
3.91127e+09
6.82714e+07
3.59295e+08
1.43769e+08
1.53447e+06
1.2301e+07
5.55306e+07
1.76512e+08
2.20541e+09
7.11979e+06
1.22161e+08
1.86304e+07
8.0682e+07
7.9552e+06
5.66219e+07
7.46114e+06
2.37445e+08
6.03542e+07
5.15624e+06
1.02538e+06
7.92406e+08
2.08835e+08
2.04257e+08
6.41579e+08
2.49781e+08
1.14124e+08
1.45462e+07
3.12105e+08
394081
6.42793e+06
2.22592e+08
1.2862e+08
6.80987e+07
2.92999e+08
7.84306e+08
2.00624e+08
1.7683e+07
4.91952e+07
2.17005e+09
1.06244e+08
9.89907e+07
4.05354e+06
3.78589e+08
5.40279e+07
4.73346e+07
4.01912e+06
1.53524e+09
1.78205e+08
3.37273e+07
2.69577e+07
2.28095e+08
1.18644e+08
1.26173e+06
985364
5.23811e+07
2.81188e+07
2.86387e+08
2.45958e+07
1.55677e+08
2.93212e+08
1.36752e+07
5.20042e+07
1.77972e+09
2.95747e+08
1.99742e+08
3.33372e+09
6.1175e+08
4.88038e+08
3.09933e+08
6.6425e+06
1.68772e+08
1.00765e+08
5.03609e+07
2.49587e+08
4.23203e+08
4.37623e+09
4.15311e+08
2.22536e+09
1.24627e+07
8.86502e+07
4.88018e+07
3.94886e+07
2.73303e+08
2.79563e+08
1.13082e+08
1.31462e+08
1.32693e+09
2.75595e+08
1.05642e+08
4.06271e+08
4.86556e+08
7.7072e+08
3.03483e+08
8.13598e+07
4.17204e+08
9.21441e+08
1.28859e+07
2.26279e+08
1.59586e+06
139728
9.47745e+07
5.31182e+07
8.22098e+06
6.56089e+07
1.55055e+08
243342
7.10531e+08
6.33411e+07
4.01411e+08
6.40857e+08
4.30888e+08
1.51872e+08
4.40642e+08
4.34425e+08
6.58036e+07
3.09345e+07
274898
5.76456e+07
9.12207e+07
4.14643e+08
2.20493e+08
325449
2.0034e+08
1.70075e+08
5.50102e+08
9.45565e+07
5.41091e+08
5.01908e+06
3.21297e+07
5.09749e+08
2.7141e+07
1.49388e+08
8.85247e+07
2.79782e+08
2.23001e+08
459906
1.28957e+07
6.4251e+07
5.06173e+07
1.172e+09
5.50122e+06
4.86577e+08
1.40354e+08
1.15494e+06
1.62431e+08
2.46281e+07
2.38166e+08
1.73989e+08
2.44228e+08
4.97357e+06
171869
5.65216e+08
6.03849e+07
8.15157e+07
1.43491e+08
4.65575e+07
7.18983e+08
5.55285e+07
1.09624e+06
303594
2.04695e+07
5.47707e+08
5.80137e+08
3.05971e+07
2.29832e+08
5.07216e+08
7.29374e+08
7.95262e+07
2.86178e+08
4.00348e+09
9.16822e+09
4.56163e+08
2.52842e+08
3.11602e+07
3.1963e+09
2.19668e+08
5.27499e+07
1.82879e+08
1.08531e+08
3.89875e+08
4.03425e+08
581544
4.21986e+08
1.45799e+08
3.34643e+08
1.6947e+09
1.05199e+08
5.6761e+07
1.59036e+08
3.84268e+08
1.11267e+08
1.78419e+08
2.25123e+08
2.53824e+08
1.65812e+09
1.10895e+09
2.9153e+09
2.16087e+07
7.58085e+07
4.38732e+08
6.24429e+08
2.64318e+09
1.17501e+09
4.95192e+08
2.60949e+08
4.92591e+08
4.94672e+07
1.89954e+08
7.15575e+07
5.55248e+07
1.82232e+08
2.0374e+08
1.83217e+08
2.10274e+08
5.28457e+08
2.10169e+08
1.79246e+08
1.81049e+08
2.56814e+09
3.53752e+09
1.82485e+08
1.9183e+08
2.03575e+08
1.78619e+08
2.02146e+08
1.74725e+09
1.49592e+07
1.87805e+08
6.60977e+07
6.73177e+07
4.55504e+06
2.30761e+08
1.93888e+08
7.10611e+07
4.79559e+07
265151
6.56298e+08
4.16218e+08
9.38424e+08
1.78066e+08
7.21581e+07
2.14958e+09
2.76148e+08
2.34785e+08
7.99817e+08
4.35459e+08
6.51559e+07
1.65327e+08
1.78223e+08
1.07399e+08
1.53204e+08
5.49782e+07
2.18313e+07
5.07423e+07
2.09559e+08
2.2095e+08
1.9983e+08
1.0867e+08
2.31299e+07
1.9881e+07
1.85504e+08
5.47551e+07
3.49504e+08
1.8818e+07
1.36556e+08
266345
9.85727e+07
5.54906e+08
4.11952e+08
4.77071e+07
1.65273e+08
5.87449e+06
5.296e+08
1.60115e+08
1.79181e+09
1.12885e+09
1.04306e+09
1.65842e+08
3.88933e+08
1.12674e+08
1.04495e+08
3.06168e+07
1.37411e+08
5.15461e+07
5.8036e+07
3.88192e+07
1.93434e+08
6.32148e+07
1.49493e+06
1.4071e+08
2.74905e+07
1.7402e+08
3.39694e+08
1.81993e+08
2.69932e+08
8.60041e+07
4.71459e+07
2.04549e+08
1.08215e+08
3.13927e+08
1.55591e+08
2.32741e+08
2.92381e+07
1.73453e+09
3.93762e+08
9.53592e+08
3.17217e+08
2.78041e+08
3.94875e+08
1.54268e+07
6.64083e+09
5.26627e+07
1.43743e+08
6.16436e+07
190341
3.3012e+08
1.45818e+07
1.12537e+08
2.69934e+08
4.05591e+08
5.99399e+08
1.77003e+08
9.7378e+07
1.28406e+08
7.46659e+07
2.45231e+08
5.45246e+07
1.84667e+08
2.28373e+08
9.8819e+07
1.62705e+08
1.9096e+08
2.60033e+07
3.06548e+08
8.95248e+07
3.17095e+08
8.24525e+07
388001
6.25426e+08
8.53801e+07
8.04113e+07
2.34514e+08
8.86621e+06
5.40308e+07
1.55988e+08
147057
5.86798e+07
3.83604e+08
2.3683e+07
1.72599e+08
1.67176e+08
1.68197e+07
9.78666e+07
1.43922e+06
566606
5.73485e+07
1.78474e+07
5.5804e+07
2.35501e+07
6.01004e+08
1.01248e+08
1.01168e+08
6.76211e+06
1.75666e+08
8.3952e+07
1.64341e+08
1.77381e+08
1.77442e+07
1.59329e+07
1.59191e+08
1.43437e+07
3.00803e+08
5.39708e+07
6.90085e+07
6.79133e+08
1.322e+08
9.5061e+06
1.584e+07
1.43715e+08
8.02541e+07
2.87666e+08
1.09561e+08
8.26031e+08
1.04523e+08
1.75842e+07
5.77532e+08
2.74518e+07
2.11928e+08
1.54053e+08
1.49411e+08
9.65172e+06
1.0958e+09
5.62071e+06
7.01125e+08
4.69817e+07
5.45325e+08
1.00032e+08
3.22637e+07
2.48892e+08
5.52382e+07
1.79458e+08
1.00917e+08
1.18999e+08
1.65058e+09
1.34375e+06
1.74562e+08
9.30936e+07
253739
1.04445e+09
9.27121e+07
6.40851e+08
1.20484e+08
6.16745e+07
4.11218e+08
1.986e+07
5.21348e+07
3.5963e+08
4.37358e+08
3.04414e+08
1.56201e+08
3.3926e+08
1.25613e+08
1.65302e+09
1.61647e+08
9.32532e+06
3.73177e+07
258273
144807
3.89092e+07
319316
1.07034e+06
475227
1.18556e+07
144349
197764
1.72559e+06
5.4895e+07
295900
8.18715e+06
412824
324378
241098
424636
142196
2.12992e+07
1.18841e+06
996950
532197
469556
261326
172084
122648
457104
1.62336e+07
122169
3.375e+07
588890
1.38471e+07
1.34162e+06
149444
5.76803e+06
900167
4.11102e+06
3.88679e+07
520111
112736
268351
3.09014e+06
1.62146e+06
1.54459e+07
226756
3.60769e+06
197140
2.06375e+06
2.16768e+06
364820
156868
1.90966e+07
152843
956337
148070
1.64537e+06
731164
404175
1.58845e+07
968239
186816
151345
6.54012e+07
6.53225e+07
2.49511e+06
1.58289e+06
788182
621859
377874
835084
3.7126e+06
172235
4.771e+06
1.19161e+08
3.30834e+08
2.61681e+08
5.4947e+07
2.58482e+09
1.48028e+08
2.64946e+08
616766
5.06209e+07
9.88324e+08
2.85915e+08
1.18879e+08
4.04686e+08
4.38529e+07
2.61523e+08
5.72225e+07
1.05879e+06
1.47802e+08
8.85484e+07
3.80959e+07
1.27775e+08
1.55885e+08
7.17519e+08
1.92377e+08
4.03803e+08
1.92406e+07
1.70971e+08
2.09041e+09
3.06289e+08
2.11334e+08
1.48641e+08
9.25271e+07
2.08592e+08
1.23857e+09
4.78676e+07
1.12413e+08
1.18837e+08
1.39014e+08
131501
9.50166e+07
214949
1.85134e+08
4.83251e+07
2.15274e+06
2.42096e+07
176445
2.42429e+08
1.8412e+08
2.09557e+07
1.10669e+08
1.20546e+07
6.49266e+07
1.74046e+06
6.95921e+08
4.97566e+08
1.60931e+06
1.8105e+09
9.74772e+07
1.69471e+08
5.1526e+08
6.09577e+07
1.57047e+07
1.20333e+08
5.71187e+08
2.8878e+08
1.3821e+06
8.71405e+07
1.39855e+08
1.79398e+06
1.26086e+09
2.60094e+08
3.14842e+07
2.66266e+08
1.76328e+08
6.23431e+07
1.03107e+08
1.20914e+06
1.40495e+08
1.79797e+07
4.03363e+08
4.12851e+09
2.65304e+08
2.77023e+07
3.00571e+07
1.65873e+09
4.07379e+07
5.19105e+08
1.2477e+08
1.56517e+07
2.74777e+08
2.1428e+07
7.48911e+07
8.61397e+09
3.19438e+06
1.73668e+08
2.11608e+08
1.43891e+08
2.54526e+08
1.44757e+07
2.26804e+08
7.61634e+07
1.38435e+07
1.275e+08
2.69569e+08
1.7564e+08
1.01873e+08
7.74016e+07
3.54092e+08
8.71223e+07
1.41143e+08
2.64732e+08
1.90291e+07
4.12554e+08
1.58365e+08
5.40402e+07
1.37426e+09
1.59237e+08
7.96131e+07
2.39238e+08
1.30897e+08
3.36883e+08
8.65382e+07
8.70234e+07
1.26619e+08
1.76909e+08
4.04782e+07
2.50756e+07
1.20981e+09
1.80213e+08
1.27929e+08
2.51968e+07
9.21708e+07
3.78924e+07
2.4889e+07
1.47624e+07
7.22993e+07
1.15599e+07
8.72608e+07
3.94221e+08
3.1843e+07
1.91955e+08
8.23819e+07
1.89251e+08
1.72166e+08
1.28212e+09
8.09353e+07
5.1007e+08
4.10512e+07
3.11999e+08
2.494e+09
9.14073e+07
1.1019e+08
3.13533e+08
2.2416e+08
2.07436e+08
4.00044e+08
1.08146e+09
8.2012e+07
1.58831e+08
1.22436e+08
7.00876e+08
3.52503e+07
3.61552e+08
7.7144e+07
3.54315e+07
5.89187e+07
4.47361e+07
1.99552e+08
6.5181e+08
581439
2.10959e+07
2.12539e+09
2.03281e+08
2.37361e+08
7.2473e+07
2.51267e+07
2.6827e+08
1.90263e+07
3.56564e+07
4.59906e+07
1.99491e+07
6.02087e+08
3.75231e+06
1.03104e+08
3.38357e+07
9.86822e+07
1.91278e+08
1.2438e+08
6.83132e+07
7.73977e+07
1.46893e+07
7.15043e+07
4.96737e+06
1.03133e+08
4.85047e+08
1.0385e+08
1.00754e+07
3.21982e+07
1.85058e+08
702617
1.89539e+07
1.37463e+07
8.51415e+07
2.47342e+08
87605.5
1.65594e+07
4.92126e+07
7.0902e+07
5.04725e+07
7.97728e+07
8.2121e+07
2.00685e+08
6.44993e+07
3.92917e+07
9.35485e+08
3.53556e+07
1.59359e+09
1.58942e+08
3.42913e+07
5.1491e+07
2.9614e+08
3.06528e+07
9.18082e+08
2.49972e+07
1.05963e+06
2.19666e+09
6.85319e+07
115248
3.16477e+08
6.868e+07
5.0486e+08
5.61677e+08
6.02912e+07
5.05686e+07
9.00687e+07
9.76114e+06
8.44815e+07
3.01264e+08
1.85504e+07
1.5746e+07
6.94728e+07
4.61934e+06
1.43023e+07
2.93675e+07
5.32144e+06
1.06595e+08
292317
3.30119e+07
2.30501e+07
7.47216e+07
2.10267e+08
173674
119399
2.11941e+08
1.12462e+08
8.37242e+08
1.07635e+08
3.19963e+07
1.36425e+08
6.0838e+07
1.41914e+07
3.16358e+07
1.23652e+09
5.58077e+06
9.96631e+08
2.29193e+08
8.63981e+08
2.82869e+07
9.115e+07
1.2525e+08
7.11594e+07
1.11998e+08
2.18317e+07
995103
7.65405e+07
4.84094e+07
4.06999e+08
6.35149e+08
3.10815e+08
1.00248e+09
215431
1.03988e+08
7.54075e+06
4.58811e+07
8.74762e+08
1.8267e+08
1.49324e+09
5.01026e+06
1.52286e+07
1.11588e+06
6.95666e+07
1.36727e+09
8.56742e+08
1.96367e+08
1.61452e+06
7.89253e+06
1.75833e+08
3.36014e+07
1.18476e+08
1.93978e+09
1.15403e+08
1.36954e+07
8.27656e+07
5.06469e+07
1.60343e+06
2.52698e+07
5.03789e+07
2.10799e+08
2.88947e+07
8.09606e+07
3.12172e+06
2.97898e+07
1.65344e+08
8.37187e+07
6.39882e+07
1.95631e+06
9.88629e+06
8.43858e+07
1.46992e+08
5.80033e+07
6.87358e+07
1.04475e+07
4.81299e+08
1.46336e+08
3.05949e+08
5.49546e+08
1.89298e+08
2.70844e+07
6.17271e+07
1.20249e+06
5.31194e+07
76005.6
3.52486e+06
1.36147e+08
9.25238e+08
6.22014e+07
3.88991e+07
1.98948e+08
8.49741e+07
4.08537e+08
1.90204e+08
1.06003e+08
1.15884e+07
3.90231e+06
1.25645e+07
4.88147e+07
1.12446e+08
4.57096e+07
5.73618e+06
2.39737e+07
5.22137e+08
1.59394e+08
8.71665e+08
1.32405e+08
1.10801e+09
1.467e+08
641781
5.5097e+06
5.34942e+07
2.10561e+07
6.66262e+06
1.67223e+07
7.30245e+07
1.61761e+07
1.14218e+09
2.06428e+07
1.69272e+07
3.88807e+08
6.45559e+07
9.44686e+07
1.30097e+08
1.78853e+07
8.93229e+07
6.94142e+06
2.17033e+08
9.89006e+07
552928
5.08783e+08
8.41652e+07
9.14278e+07
2.33392e+08
3.07718e+07
1.2963e+08
3.86942e+07
6.58873e+08
1.31799e+08
2.22928e+08
1.03664e+08
6.57176e+06
3.18752e+07
3.18091e+08
1.55051e+08
1.30904e+08
2.65184e+06
6.55487e+07
1.29352e+07
1.07897e+08
1.33695e+06
3.09376e+07
6.02852e+06
2.13972e+08
4.00175e+08
8.42595e+08
4.21212e+09
8.58705e+07
1.23488e+08
2.28328e+08
2.00567e+08
6.50747e+07
2.04191e+08
6.8698e+07
6.16744e+07
573035
1.0547e+09
2.95263e+08
1.28574e+07
4.21733e+07
8.75344e+06
1.2298e+08
1.01836e+08
1.16748e+08
5.49203e+07
5.65806e+07
1.76867e+08
5.8038e+07
8.35077e+07
4.71544e+06
1.16858e+08
6.22776e+07
1.32569e+06
6.96425e+07
4.53264e+08
1.22961e+07
5.33398e+08
6.94804e+08
1.35673e+07
6.07358e+07
3.04074e+07
1.10138e+08
1.16245e+08
4.15157e+06
4.26926e+08
1.59684e+08
5.30299e+07
1.72555e+08
6.26646e+07
3.66991e+06
2.60098e+08
4.03179e+07
3.51579e+08
2.1982e+07
1.28652e+08
3.59936e+07
2.89153e+09
1.80851e+09
96676.7
1.1312e+08
3.25669e+08
5.33495e+07
2.19297e+08
1.2741e+08
6.04708e+07
1.16279e+08
1.10489e+08
1.52345e+09
4.60494e+07
7.88185e+07
1.02139e+08
6.307e+07
5.22852e+08
4.95576e+07
3.15698e+08
5.83918e+08
2.4423e+08
2.59648e+07
1.06485e+06
8.42832e+07
2.50164e+08
7.85508e+07
6.72014e+07
7.18744e+08
6.42416e+06
6.0969e+07
4.17838e+07
1.72238e+07
1.38426e+06
2.26537e+07
110727
1.1119e+08
1.28691e+08
5.69104e+07
1.76667e+09
1.10523e+08
1.70321e+09
1.45956e+07
1.19586e+08
1.28351e+07
7.67157e+07
1.1343e+09
1.52058e+09
4.46866e+07
4.79705e+07
7.02022e+07
2.6925e+08
1.6679e+07
9.68925e+07
6.54559e+07
4.56767e+07
5.66958e+07
5.33238e+07
2.93537e+09
9.16172e+07
1.23035e+08
3.47289e+08
8.07078e+08
5.12618e+07
3.14574e+08
2.64591e+08
1.76279e+08
8.80404e+08
9.55763e+07
1.43753e+07
93742.8
1.92374e+07
1.24821e+08
5.18666e+07
3.30086e+07
2.95436e+07
2.80719e+08
4.92456e+09
1.76179e+07
1.08e+08
7.36693e+07
3.53044e+07
4.71781e+07
2.0251e+07
4.29898e+07
3.97484e+08
6.49734e+06
3.98718e+08
1.48557e+07
8.67284e+07
3.49443e+07
3.36288e+08
2.06365e+06
1.81657e+06
3.17743e+08
7.03773e+07
94483.4
1.82593e+08
6.27327e+08
4.50026e+07
8.12219e+07
4.3436e+07
5.59651e+07
2.20282e+08
1.07111e+08
5.41243e+08
7.644e+07
6.45361e+07
6.78334e+07
4.71732e+07
88676.6
1.78801e+08
1.5046e+07
6.07856e+07
1.34728e+08
7.2101e+07
850106
2.43828e+07
4.72602e+07
1.61666e+08
3.15247e+09
9.18336e+07
1.96404e+07
8.86799e+07
4.6999e+07
1.85989e+09
1.03691e+08
6.5088e+07
1.02565e+08
1.50374e+08
2.45255e+08
1.64894e+07
2.54739e+09
6.19176e+07
6.78841e+07
1.12294e+08
5.82111e+06
2.72522e+07
2.74775e+07
5.56896e+07
9.78168e+08
1.19898e+08
6.94128e+07
7.05461e+07
2.88694e+08
1.52542e+07
1.75232e+07
5.39715e+07
8.29631e+07
3.92319e+07
3.97111e+07
4.85486e+07
2.8171e+07
1.6108e+09
7.98034e+09
1.95269e+09
1.12666e+08
9.21372e+07
4.33334e+07
2.50957e+08
3.80599e+07
2.62482e+08
3.26158e+07
7.58047e+08
2.2705e+07
91320.4
2.35429e+08
1.62601e+07
5.0775e+07
3.62468e+07
1.63626e+07
2.74807e+07
2.8403e+07
1.61024e+07
2.97953e+07
2.93245e+07
2.02302e+09
5.16823e+06
1.59219e+07
3.69355e+07
3.46676e+07
7.52582e+07
1.49381e+07
3.30834e+07
1.74183e+07
4.95487e+07
3.73083e+07
4.77278e+07
8.9344e+07
198246
2.17403e+08
3.84934e+07
1.35661e+07
9.93253e+07
1.54207e+07
8.01063e+07
2.4016e+07
1.89781e+07
1.25172e+08
1.4589e+07
3.83651e+07
3.94804e+07
4.94222e+07
3.14049e+07
3.78653e+07
6.66476e+07
3.21606e+07
3.65412e+06
1.97592e+08
5.37359e+07
6.4236e+07
6.98325e+08
1.97722e+08
2.78326e+08
1.65963e+08
8.54308e+07
1.5608e+07
8.89362e+07
3.22992e+07
2.93687e+07
1.32777e+08
1.72173e+08
3.68435e+07
4.40349e+08
6.4104e+07
3.49098e+08
1.13823e+07
1.4863e+06
5.38749e+07
5.08225e+08
9.04389e+07
2.99367e+07
135961
3.87722e+07
3.26488e+07
1.85274e+08
3.79655e+07
3.41661e+07
1.15823e+06
2.36086e+07
3.28815e+07
72043.7
1.44507e+06
1.79944e+07
9.19721e+07
2.60859e+09
4.72551e+07
1.73574e+08
3.01762e+08
1.68507e+08
6.50969e+07
2.27703e+07
5.43581e+06
1.24098e+06
1.51753e+06
3.80366e+07
3.30827e+07
2.87312e+07
9.99336e+08
4.78052e+07
1.90547e+08
2.75775e+08
3.97761e+07
1.15412e+08
1.42878e+07
1.87668e+08
3.43166e+08
1.7375e+06
1.39415e+08
3.11301e+07
9.62634e+08
5.22598e+06
1.6603e+09
1.18046e+07
7.80445e+07
2.91126e+07
3.10413e+07
3.30374e+07
4.37571e+07
4.5068e+09
1.92151e+08
5.19673e+07
1.34751e+09
4.97637e+07
4.9234e+07
6.30156e+07
3.11837e+07
1.89831e+08
4.62504e+07
3.54188e+07
2.12047e+08
3.88639e+07
1.75642e+09
6.05358e+07
147739
8.16701e+07
4.44628e+08
4.89347e+08
3.12573e+07
7.40825e+07
6.34023e+08
8.24871e+07
1.74704e+09
3.01764e+07
1.13024e+07
8.29875e+07
8.31473e+07
6.02428e+07
9.95997e+08
3.70901e+07
967488
3.07292e+07
9.17161e+06
6.42239e+06
1.28985e+06
2.37023e+07
7.86942e+07
4.62118e+09
8.25735e+07
2.31302e+08
1.38306e+07
3.11846e+07
1.22741e+07
5.02985e+08
6.74387e+08
4.59871e+07
1.60051e+08
7.18343e+08
2.01902e+08
4.56285e+07
7.4664e+08
7.44791e+07
4.83354e+07
7.4213e+07
1.9179e+07
1.75854e+07
6.31323e+07
2.24507e+08
1.20805e+08
8.21874e+07
2.26712e+08
1.80117e+08
1.07483e+08
5.86771e+07
1.11784e+09
2.82096e+06
1.87753e+07
4.77868e+07
1.71492e+08
8.96818e+07
2.76985e+07
2.87779e+07
419517
7.40233e+07
1.74164e+08
1.59374e+08
5.47212e+07
2.13825e+07
6.79956e+06
1.48183e+07
1.51528e+07
1.47921e+09
1.87517e+07
2.4713e+07
120517
6.69278e+07
4.41284e+07
5.3696e+07
1.39906e+08
7.42842e+08
4.43807e+08
2.00382e+08
2.65824e+08
6.8214e+07
1.12428e+06
6.41098e+08
6.09347e+07
1.12173e+07
2.96243e+07
1.17563e+08
4.37856e+08
6.69324e+07
2.94688e+07
7.04948e+08
5.19244e+07
7.44607e+07
8.37648e+07
2.68503e+07
1.50514e+07
3.61955e+09
1.91143e+08
1.7713e+07
1.89954e+07
1.84367e+08
3.63854e+07
4.54435e+07
1.01236e+08
2.37261e+07
6.14667e+07
2.65867e+08
4.50273e+06
3.22697e+08
1.46147e+08
3.43135e+08
1.86203e+08
4.9944e+07
6.06664e+07
6.18284e+07
3.52783e+07
3.77821e+07
1.21939e+08
2.4846e+07
3.74503e+08
1.73115e+09
1.20578e+06
5.05305e+06
1.14781e+07
1.78934e+07
1.50325e+07
1.06071e+08
1.71603e+08
5.06469e+06
1.48288e+07
3.21972e+07
4.42088e+07
4.3505e+07
2.25345e+07
9.64263e+08
1.70151e+08
3.98143e+08
5.81454e+07
1.44576e+07
3.18194e+07
5.57613e+08
1.44031e+07
7.37811e+07
3.25369e+08
8.37513e+07
7.64289e+07
2.1056e+07
1.468e+07
5.52321e+07
1.06423e+08
3.63116e+06
8.56594e+08
4.24656e+06
6.8031e+06
1.60754e+08
9.89611e+07
3.30816e+07
2.2442e+07
2.1867e+07
1.02876e+08
2.15777e+07
1.5694e+07
2.05322e+07
1.44448e+09
4.31281e+07
1.87777e+08
4.24906e+08
1.73444e+07
7.77936e+07
1.09062e+08
1.48097e+08
2.63018e+06
1.11224e+08
4.70021e+07
1.95935e+07
1.8984e+07
1.67419e+07
4.70724e+07
2.03496e+07
3.69677e+07
4.81629e+08
1.65699e+08
7.13296e+06
2.00336e+07
1.47784e+09
9.11877e+08
5.23424e+07
1.51576e+07
777966
1.71329e+07
6.6721e+07
9.68156e+08
3.19027e+08
1.45884e+07
5.42707e+07
7.05095e+07
5.80848e+07
2.11445e+09
3.40772e+08
3.75544e+08
1.10161e+08
6.21634e+07
3.44663e+07
1.50137e+07
1.73196e+07
1.56801e+07
1.88111e+07
1.45886e+06
1.51485e+07
6.46946e+08
1.85015e+07
7.62218e+07
1.07087e+08
8.04984e+08
1.13143e+08
3.26282e+07
1.33773e+08
1.65193e+07
7.76197e+06
1.80287e+06
2.37855e+07
1.94622e+07
6.63894e+07
6.96933e+07
8.94627e+07
3.26644e+09
99353.6
3.99713e+07
1.05655e+06
166581
7.19342e+07
1.58113e+07
7.45533e+06
7.10662e+07
2.32175e+07
1.54821e+07
5.42498e+06
7.36501e+07
4.5394e+07
2.09429e+07
7.42417e+08
2.02082e+07
5.25195e+07
1.52953e+07
1.58174e+07
5.11938e+07
2.2816e+08
2.114e+07
9.59531e+07
1.83077e+07
131585
655604
9.41809e+08
2.76881e+08
1.72858e+07
3.58097e+07
4.27196e+07
7.24682e+07
3.47131e+07
8.79987e+07
109935
1.73164e+07
7.22994e+06
8.6435e+07
2.56804e+07
2.01597e+07
7.29411e+07
1.33908e+08
4.88459e+07
2.55822e+07
1.09047e+07
1.87652e+07
6.12586e+07
2.08767e+07
7.48539e+08
5.56046e+07
2.35723e+07
1.47659e+08
5.79878e+07
3.81763e+07
1.0606e+08
5.28156e+07
2.94585e+07
821415
4.65863e+07
5.47518e+06
8.78111e+07
1.69668e+07
2.23283e+09
3.17358e+07
9.25214e+07
5.96218e+07
1.60801e+07
4.71215e+07
2.03786e+07
1.49024e+07
1.07895e+08
8.73103e+07
1.82225e+07
4.96449e+07
3.19611e+07
5.71407e+07
3.54316e+07
5.48323e+07
1.73987e+07
3.23696e+07
9.9447e+06
1.08225e+08
6.76597e+07
3.75196e+07
5.98888e+07
1.71495e+09
7.45176e+08
1.35941e+09
2.05707e+07
4.88648e+07
5.09685e+07
9.88393e+07
5.2712e+08
6.14639e+07
6.04543e+07
1.63759e+07
2.14934e+08
3.7278e+07
1.1851e+09
1.77412e+07
8.51115e+07
1.20588e+08
3.08095e+08
1.7481e+07
3.18056e+07
5.3034e+08
2.23707e+06
1.56487e+07
3.83305e+07
8.78984e+07
1.35487e+08
9.99532e+08
1.5744e+07
3.73335e+07
3.17937e+08
1.47855e+07
1.68707e+08
1.11054e+09
1.28561e+09
1.99112e+08
3.577e+07
1.60857e+08
8.2342e+08
1.20088e+09
3.86185e+07
1.46736e+08
1.49931e+07
1.67069e+07
1.8561e+09
5.84558e+08
3.26769e+07
8.01064e+06
3.90269e+08
2.49881e+07
1.27924e+07
2.02615e+07
2.07539e+07
1.98416e+08
8.01229e+07
1.99212e+08
2.18648e+08
1.85944e+08
1.62977e+07
1.0395e+08
1.55485e+07
1.28613e+08
2.28e+07
4.68296e+07
1.36395e+07
3.74727e+07
3.73262e+07
1.77286e+09
1.15811e+08
5.26368e+08
3.81175e+08
1.38704e+09
1.36244e+09
1.74683e+07
1.59125e+06
585409
3.67367e+07
2.46417e+08
7.82147e+07
4.39213e+07
6.06332e+08
5.70181e+07
7.60004e+07
3.8788e+07
4.21347e+07
333585
4.54545e+06
1.05045e+09
1.84199e+09
1.20163e+06
2.86629e+07
4.68589e+07
3.28778e+07
2.15583e+09
3.47643e+08
1.14295e+08
2.41963e+07
6.45579e+07
1.45473e+07
1.60644e+08
3.98929e+08
9.49607e+07
6.14136e+07
4.18268e+08
5.68323e+08
8.70723e+07
6.85874e+07
1.96382e+06
3.06644e+07
3.16645e+06
2.3573e+08
8.54851e+07
3.44122e+08
6.75376e+07
2.39015e+08
1.19934e+06
1.14428e+09
5.79791e+07
1.56793e+07
2.39819e+08
2.8778e+08
6.75123e+07
3.74477e+07
1.39883e+06
1.22002e+09
4.13422e+08
7.27943e+07
7.30646e+08
2.63124e+07
2.86807e+06
1.30091e+09
5.51128e+08
1.95126e+08
2.73363e+07
7.3013e+08
1.51187e+09
1.38338e+08
3.90359e+08
4.95401e+08
5.4137e+08
6.45952e+08
6.22033e+06
5.5503e+07
2.76354e+07
173411
8.82983e+07
2.26325e+07
137740
2.77048e+08
4.6168e+08
5.43995e+07
169181
6.0761e+07
1.49963e+08
3.20278e+08
2.45772e+07
2.15739e+07
8.83221e+06
6.89699e+08
1.52731e+08
1.79996e+07
1.05389e+06
1.70588e+07
1.6353e+08
6.02967e+07
7.08132e+06
4.20928e+06
5.22473e+08
4.3788e+07
2.25509e+09
4.10847e+08
3.06112e+08
1.08997e+08
1.72639e+09
2.48546e+07
2.97859e+08
6.26743e+07
4.34145e+06
3.78056e+07
2.09359e+08
3.85364e+07
9.53235e+07
8.28984e+06
165357
2.37412e+08
594727
6.44134e+07
1.86314e+08
1.65161e+08
1.80937e+07
6.10965e+06
6.17589e+08
3.01252e+08
1.73929e+06
6.77743e+07
9.73013e+07
5.29561e+08
2.03289e+08
1.2936e+08
2.81753e+08
1.55206e+06
2.86593e+08
5.43952e+08
4.8502e+07
9.19868e+06
4.50243e+08
2.18291e+07
1.06013e+08
2.88344e+07
3.24822e+08
7.23306e+08
8.17377e+09
1.23591e+08
3.70142e+08
3.77253e+08
3.88395e+08
3.89535e+08
1.04403e+08
4.26787e+09
6.22651e+08
2.19489e+07
1.08465e+09
1.17634e+08
3.3577e+08
4.07448e+08
5.42938e+08
3.22668e+06
7.75838e+06
3.34339e+08
1.73421e+07
4.149e+07
1.25446e+08
6.92874e+07
160134
2.89902e+09
90239.1
1.51336e+08
3.98921e+08
1.35601e+09
3.21558e+08
3.87562e+08
1.20868e+07
4.97173e+08
2.45863e+07
9.80827e+08
1.17674e+07
1.8819e+06
2.52103e+08
3.57443e+08
5.94517e+07
3.10052e+08
4.73634e+07
9.54345e+07
8.3539e+08
1.87574e+07
141181
4.63436e+08
5.67038e+07
1.08873e+08
2.03311e+08
6.67258e+06
4.19568e+07
8.4927e+07
2.64133e+08
410744
3.05856e+08
5.63176e+07
3.51304e+07
1.12598e+09
2.24609e+08
1.02971e+09
8.90084e+08
2.65299e+07
3.72249e+08
6.67666e+07
2.6405e+08
9.29386e+06
7.61426e+08
1.20142e+08
2.6103e+08
8.55967e+06
1.61674e+07
2.00523e+08
1.98762e+08
7.28844e+07
3.20275e+07
1.11842e+09
157047
7.59448e+07
1.00233e+08
8.91115e+08
1.06269e+07
1.12234e+09
2.66591e+08
1.26992e+07
1.33243e+07
5.27772e+07
1.11245e+06
2.5314e+08
1.59725e+07
609402
1.83477e+08
6.42943e+07
5.99405e+07
1.98382e+08
2.20345e+08
5.69823e+07
4.96083e+07
2.83682e+07
3.8077e+08
5.34907e+07
1.20921e+09
1.11379e+08
5.88106e+08
3.86995e+07
3.43505e+06
362444
6.10973e+07
4.03217e+08
6.51284e+07
2.89446e+07
1.3401e+08
1.42861e+07
1.94745e+07
5.99284e+07
6.77016e+07
5.10114e+08
3.24212e+07
4.93865e+08
6.20137e+07
9.65947e+07
1.48913e+07
5.44183e+07
5.22094e+07
1.95378e+09
2.97465e+07
5.06742e+07
2.93499e+08
1.45201e+08
1.25247e+06
1.03585e+09
1.5667e+07
5.97477e+07
1.88966e+08
2.61958e+08
4.71322e+07
1.26322e+07
1.74221e+08
6.13056e+06
2.60904e+08
7.497e+07
3.18486e+08
3.0758e+08
1.08632e+06
1.47099e+07
2.66891e+08
4.63431e+07
89094.5
2.53417e+07
2.4957e+08
427410
605164
990257
5.42802e+07
1.44392e+08
4.86233e+06
1.67151e+09
1.26395e+08
3.87295e+08
4.55506e+07
8.81224e+08
2.27236e+07
5.9577e+07
1.4316e+08
1.9429e+07
6.84252e+07
1.55334e+08
3.67956e+07
178494
4.07115e+07
1.16323e+08
2.52571e+08
1.61291e+08
9.60542e+08
5.1e+07
2.41844e+08
1.62716e+07
1.81186e+07
2.90125e+08
4.60706e+07
174928
7.81349e+07
8.93527e+08
1.91491e+07
3.40082e+07
7.0003e+07
2.64099e+07
6.74548e+07
7.92324e+08
1.30353e+08
163301
1.63197e+08
1.94107e+07
6.58605e+08
160462
3.86773e+08
2.37766e+08
695592
7.67813e+08
339418
4.47137e+08
7.54312e+07
8.72289e+06
1.8664e+06
8.0053e+07
1.97834e+08
1.74357e+08
8.02256e+08
1.2746e+08
2.09556e+08
1.18936e+08
5.34582e+07
6.74947e+07
8.95149e+07
1.75659e+08
3.16159e+07
2.07983e+08
9.75564e+08
1.20426e+09
6.18383e+09
1.16614e+08
9.86779e+07
1.90647e+08
1.4335e+08
8.55959e+08
1.74924e+09
4.3598e+08
4.30077e+08
9.89969e+08
4.30534e+09
3.95281e+07
3.69535e+07
1.72331e+08
2.4552e+08
2.47148e+09
4.25875e+07
3.75383e+07
4.21586e+07
2.8649e+08
578894
183887
2.16797e+09
1.44537e+08
3.42443e+08
1.10523e+07
4.2167e+09
1.09645e+06
6.39202e+06
2.32422e+08
1.29922e+06
3.50106e+07
4.58049e+08
3.28749e+08
2.60362e+08
4.79357e+07
2.9177e+09
9.39332e+07
3.46737e+07
1.24841e+06
7.0129e+07
7.80999e+06
7.0575e+08
1.58949e+07
4.49229e+06
224213
818628
505518
274944
579072
1.38295e+06
201486
1.60747e+06
1.67054e+06
833931
302812
852242
284207
168484
490697
1.61663e+07
410871
1.33969e+07
152315
3.92149e+07
2.28181e+07
5.88776e+08
2.8315e+07
2.15238e+08
5.77478e+09
1.56203e+06
4.31756e+08
1.9823e+07
1.564e+08
2.05924e+08
3.25973e+07
1.77729e+08
8.38617e+09
4.93654e+08
736223
3.50935e+08
2.09698e+07
3.11336e+07
1.3633e+08
1.01412e+08
8.48356e+07
1.02476e+08
8.01636e+07
130661
1.04204e+10
3.37934e+06
2.30878e+08
1.57501e+08
3.19178e+07
1.57905e+08
1.49428e+08
2.53886e+08
4.00083e+07
1.30113e+08
6.49119e+07
1.08771e+08
1.98786e+08
2.71618e+09
6.4372e+08
75537.6
4.51147e+07
6.78205e+07
1.32802e+08
77772.1
2.27203e+07
2.15457e+09
160641
1.26369e+06
8.48677e+07
1.85543e+08
2.92208e+07
2.00464e+08
8.2436e+07
4.313e+07
1.07886e+09
2.99983e+07
9.19178e+07
1.12175e+08
2.81805e+07
2.43104e+08
1.68123e+08
8.72856e+07
1.61059e+08
1.77048e+08
1.33931e+07
7.49439e+07
865057
7.81486e+07
1.28783e+08
1.00706e+08
1.27462e+08
9.86578e+07
1.04324e+08
2.40743e+07
4.74305e+07
269669
156896
278148
1.25915e+09
3.82717e+07
7.35356e+07
2.51564e+08
1.70347e+08
4.04166e+08
6.95431e+07
4.14019e+09
1.12806e+09
1.46995e+07
1.47257e+08
7.21923e+06
4.52713e+06
1.02336e+08
9.95853e+07
6.41154e+07
7.81943e+08
9.07007e+06
1.70146e+08
3.34206e+09
4.8687e+07
6.10809e+08
1.95372e+06
8.82194e+06
3.30278e+07
9.08381e+07
2.11987e+06
3.8888e+08
1.59837e+08
9.3063e+07
3.44783e+07
1.74023e+08
1.02865e+09
7.03955e+08
4.43421e+08
2.99303e+07
1.65958e+08
1.05354e+09
6.585e+08
106524
804809
1.05188e+08
8.14526e+07
7.03835e+07
1.82507e+09
2.54519e+08
1.0624e+08
2.08743e+07
7.24446e+07
1.21557e+09
3.49147e+08
2.39021e+07
9.58867e+06
238623
4.12399e+06
8.87046e+07
2.45667e+07
1.3935e+08
205310
3.77403e+07
1.54457e+08
5.4871e+07
1.02727e+08
157266
1.06172e+09
3.08472e+08
1.26038e+08
76430.4
6.43722e+07
4.12241e+08
2.15702e+09
1.56229e+08
2.15318e+07
6.87863e+06
1.04398e+07
6.46573e+08
9.99574e+07
5.27988e+08
8.75188e+06
1.05546e+09
4.02613e+09
1.68891e+08
2.32743e+09
7.93503e+07
5.58125e+07
3.08009e+07
1.62092e+08
9.59832e+07
1.1958e+07
2.50402e+08
7.25034e+07
3.12361e+06
5.45981e+08
4.39313e+07
8.18635e+06
7.07644e+07
6.51438e+07
2.24989e+09
1.31213e+07
2.31228e+08
4.91923e+07
9.81665e+07
1.18902e+08
2.42915e+08
2.21473e+09
4.30223e+07
1.26783e+08
3.38603e+06
293379
9.06896e+08
3.64438e+08
3.40099e+09
6.82195e+07
4.36985e+07
2.10125e+08
1.30387e+08
8.20692e+08
6.95142e+06
6.66062e+07
7.01892e+08
6.5418e+08
9.81573e+07
628932
2.43348e+09
5.50619e+07
1.67332e+08
7.36933e+07
4.70534e+07
1.02015e+08
1.27652e+08
6.12247e+08
6.87778e+07
8.98092e+08
1.41993e+08
5.82998e+07
7.2105e+07
7.5584e+07
7.44936e+06
6.18509e+07
1.5516e+07
1.76188e+08
1.21401e+08
9.64378e+07
1.00405e+06
3.62881e+07
135208
1.34629e+09
5.06105e+07
3.31476e+08
1.36615e+09
4.64779e+07
4.99881e+08
1.91178e+09
1.87473e+08
6.05214e+07
2.47373e+08
9.42976e+07
3.75936e+07
8.93134e+07
9.38884e+07
1.23556e+08
1.02079e+07
1.91496e+08
282063
7.8847e+07
970559
1.51709e+09
5.94363e+08
4.27453e+07
6.60858e+07
3.58246e+07
2.37044e+07
1.04272e+08
1.83304e+08
9.69311e+07
5.38294e+07
3.59027e+07
3.8165e+07
3.72851e+07
5.98818e+07
1.23204e+07
1.30049e+08
2.92881e+08
5.62649e+07
7.17505e+07
2.70526e+07
1.46288e+07
1.48353e+08
130759
8.05268e+06
3.25634e+08
3.702e+07
3.6403e+08
4.75787e+07
6.77988e+07
4.26474e+08
2.42123e+07
6.86983e+08
1.26343e+08
1.72779e+08
1.51231e+07
1.7685e+08
8.85022e+07
2.92056e+07
8.9693e+07
9.27086e+08
2.06229e+07
3.18777e+07
6.66963e+08
6.49932e+08
4.58777e+07
9.54684e+07
1.47535e+07
1.56179e+08
8.08981e+08
4.76313e+08
5.97881e+08
6.94177e+07
1.2832e+08
3.23296e+07
2.075e+08
545131
9.73328e+07
2.8998e+07
3.07679e+08
2.01873e+08
1.39052e+10
118384
1.80455e+08
4.50862e+07
2.96288e+07
2.6605e+08
1.44121e+07
1.87478e+07
4.52908e+07
2.09936e+07
4.79846e+07
4.23637e+09
1.424e+07
3.63768e+07
1.34024e+07
6.44313e+07
9.03536e+07
1.7568e+08
2.04882e+08
2.13629e+07
1.39822e+07
2.58923e+08
1.6508e+08
2.31613e+07
1.58666e+08
1.48208e+07
1.03002e+06
1.50342e+07
4.27878e+08
7.61025e+07
1.75815e+07
5.08928e+07
3.82283e+07
5.18577e+07
1.47646e+07
1.30221e+08
7.17834e+07
8.01735e+06
1.06622e+09
5.57195e+07
5.23827e+07
1.02135e+08
2.37915e+07
1.59144e+08
1.88147e+08
4.98843e+07
9.28297e+07
3.50202e+07
1.48208e+08
1.04796e+08
2.10936e+07
6.88189e+09
4.38958e+07
1.14718e+07
4.60474e+07
6.21888e+07
1.8657e+07
3.52892e+07
1.31474e+08
1.56473e+08
3.9939e+08
9.34739e+08
4.11109e+08
2.71745e+07
1.85348e+07
1.93647e+07
3.76998e+07
1.80773e+07
1.69779e+07
2.73628e+08
1.76279e+07
4.02151e+09
9.80298e+08
7.80234e+07
1.0689e+09
4.11448e+06
1.65876e+08
3.92096e+07
8.28097e+08
1.64314e+07
1.2454e+08
1.42968e+09
3.45947e+07
1.89512e+07
1.76091e+08
1.31433e+08
1.71125e+07
8.1815e+07
1.27344e+08
4.67745e+07
3.21266e+08
1.55757e+07
2.2093e+08
7.6387e+07
4.15205e+07
9.45256e+09
1.00872e+08
4.49411e+07
1.40982e+08
3.07651e+07
2.23395e+07
243871
2.39173e+07
7.8843e+07
6.11492e+08
122823
6.61592e+07
8.11812e+07
2.13603e+07
4.04367e+08
1.99155e+08
1.21618e+07
1.66398e+07
5.44289e+07
1.23859e+08
2.0608e+09
6.64408e+06
110980
3.60736e+09
1.02154e+09
4.60282e+07
3.82592e+07
6.85848e+07
1.35279e+09
5.10332e+07
177455
1.16235e+09
6.15328e+07
3.03473e+07
1.26523e+08
8.24462e+07
5.52571e+07
7.03579e+07
5.29741e+07
6.30786e+07
5.30068e+08
3.67346e+07
3.46913e+06
4.78852e+08
5.58625e+09
2.02085e+07
7.10931e+07
5.77658e+07
1.22465e+08
5.30211e+07
1.52201e+07
4.97961e+08
2.05656e+07
3.43409e+08
4.10657e+07
5.09295e+09
1.47687e+08
2.68494e+08
9.25935e+07
7.68995e+06
1.5659e+07
3.53684e+07
5.4938e+07
2.71083e+07
3.55e+08
5.4545e+07
1.04499e+08
3.84919e+07
1.11918e+08
5.72643e+07
5.07805e+09
2.65168e+07
1.05012e+08
1.62256e+07
1.30248e+06
3.74042e+08
117524
5.20427e+07
198820
4.89781e+07
7.38916e+07
5.32102e+07
3.52449e+07
5.88446e+07
7.35327e+07
2.66091e+07
9.13036e+07
1.79706e+08
4.8146e+07
6.5728e+07
8.42891e+07
2.74656e+07
8.43767e+07
4.84448e+07
1.23023e+07
7.13204e+06
4.32898e+08
2.72773e+08
1.68379e+09
6.12844e+08
1.0918e+08
1.5417e+09
2.02396e+07
1.72639e+07
1.35693e+07
6.35658e+07
5.00454e+07
4.86093e+07
5.96127e+07
1.21172e+06
3.12514e+07
3.45993e+06
6.38438e+07
1.44961e+08
3.68275e+07
1.92293e+07
1.04212e+07
1.18342e+07
169627
2.81789e+07
1.48706e+08
1.53899e+07
7.69839e+08
1.95244e+08
6.55206e+07
2.32633e+07
1.18578e+07
4.19126e+07
1.52183e+07
9.38641e+07
7.78898e+07
1.43977e+09
5.78245e+08
2.15465e+08
1.7402e+07
2.05075e+09
1.04752e+06
2.59452e+07
9.59369e+07
9.26764e+07
4.28017e+09
6.2147e+07
765490
2.12413e+07
1.28093e+06
2.86948e+07
1.12919e+07
6.00696e+08
1.9834e+07
4.76483e+07
3.71437e+07
1.36443e+07
4.32711e+08
9.97156e+09
1.45899e+08
9.33261e+08
133539
981395
3.60573e+07
2.37371e+08
1.90228e+07
1.4619e+07
1.72824e+07
7.19135e+07
4.61825e+06
214314
2.24164e+08
4.47709e+08
2.1933e+07
2.17895e+08
6.65347e+07
1.67479e+07
2.57499e+07
1.71075e+07
6.85527e+07
2.85541e+07
5.12502e+07
4.53192e+07
1.85682e+07
570715
1.0385e+08
4.63839e+07
7.30934e+06
1.55856e+07
7.38201e+07
1.79792e+07
1.34279e+08
2.82677e+08
1.95111e+07
1.99045e+08
1.14639e+06
2.07169e+07
5.95323e+07
2.20806e+08
1.11093e+07
1.77004e+09
1.62986e+07
729023
3.69825e+07
1.74122e+06
1.51949e+07
8.33539e+09
2.24007e+07
2.06865e+07
1.26986e+08
4.05442e+07
2.25567e+07
7.65082e+07
3.87084e+09
4.61987e+07
5.60085e+07
4.15089e+07
3.26239e+07
9.15682e+08
5.93698e+07
1.94743e+08
3.90444e+08
4.25682e+07
2.11418e+07
1.94155e+08
1.64073e+08
2.62015e+07
1.66173e+07
4.58216e+06
2.61434e+07
3.14367e+07
7.85732e+07
5.67626e+07
1.84574e+08
9.06084e+06
4.51463e+07
1.87541e+08
805055
3.66525e+08
3.96137e+07
1.58087e+08
803233
4.65407e+07
2.12786e+07
1.79278e+07
2.96483e+08
2.64064e+07
5.00581e+07
1.57223e+08
1.59093e+07
4.07246e+08
8.69382e+07
2.37547e+07
9.30129e+08
5.59614e+07
7.56981e+07
6.25754e+09
5.28534e+08
5.7739e+07
287558
1.09483e+08
4.78842e+07
5.1477e+08
1.64756e+07
1.58917e+08
9.44834e+08
1.18426e+09
4.8164e+07
6.79901e+08
3.00613e+08
1.61907e+08
2.8183e+08
1.82213e+09
6.58605e+06
1.73337e+08
2.79953e+07
1.18097e+08
1.43522e+08
849831
7.5961e+07
3.38935e+07
9.52724e+07
5.39067e+07
2.41745e+06
4.66456e+07
8.27526e+07
7.09208e+08
3.55249e+07
92152.5
3.19065e+08
1.52122e+07
4.44052e+07
1.83716e+07
5.23801e+09
2.17036e+07
3.2979e+07
276612
1.19367e+08
1.44323e+08
7.07366e+07
3.56639e+08
1.17302e+06
5.74532e+07
6.33227e+07
1.68314e+08
9.33298e+07
228973
7.8022e+07
151136
288956
262768
447294
695961
1.29908e+06
3.97969e+06
712630
407597
1.14243e+07
529375
1.59458e+06
860561
352428
141736
145459
213310
1.53535e+06
1.51188e+07
811425
1.7476e+08
1.71268e+08
300002
1.33096e+09
2.29622e+07
3.3017e+08
1.32301e+09
7.48821e+07
3.66478e+07
1.50285e+07
2.44201e+07
4.95439e+07
6.24067e+09
4.03003e+08
3.58329e+08
1.01114e+08
5.43061e+07
449562
5.90037e+07
5.61075e+07
1.42102e+08
596583
6.91493e+07
3.05201e+07
1.61793e+08
4.07072e+07
8.12307e+07
4.67958e+07
5.94402e+07
4.25703e+07
7.43586e+07
1.54722e+07
1.67223e+09
7.13086e+06
7.11074e+07
1.02624e+06
3.52746e+08
1.36244e+08
442073
9.06663e+07
1.11281e+08
1.3045e+07
1.96663e+07
2.71942e+08
4.76397e+08
9.39434e+07
605022
1.06276e+07
1.92075e+07
152961
2.17569e+08
8.87828e+07
6.17104e+07
8.79182e+07
8.87279e+07
6.29478e+07
3.29855e+06
6.3777e+06
3.09398e+07
5.11334e+07
3.08557e+07
3.80451e+08
3.64811e+07
4.56989e+07
1.41945e+08
2.24966e+07
4.40087e+07
5.74103e+08
5.13556e+07
8.17509e+07
1.15463e+06
8.20815e+07
8.66669e+07
1.22705e+08
4.41749e+07
973513
5.13221e+07
4.18649e+08
4.26756e+07
4.15694e+08
4.36646e+06
6.76304e+07
5.72563e+07
3.3243e+06
3.81056e+07
6.62807e+07
6.06825e+06
112898
4.2052e+07
3.00306e+07
4.54451e+07
4.86095e+07
4.86416e+07
5.0168e+07
1.38775e+07
5.21105e+07
2.37767e+07
2.27808e+08
4.25717e+09
8.81383e+07
3.70823e+07
1.99713e+08
4.60977e+07
9.67146e+07
1.15249e+06
4.33082e+08
4.67373e+07
3.71152e+08
6.92923e+07
4.04634e+07
9.12045e+07
2.94258e+08
7.43213e+06
3.68137e+08
2.35828e+08
3.33379e+08
3.52883e+07
7.22083e+08
4.4414e+08
5.33212e+07
4.8725e+07
9.03071e+07
2.73738e+08
2.04622e+07
9.04815e+07
3.87221e+07
8.09008e+08
1.04915e+08
1.63814e+07
1.47184e+08
4.3745e+08
7.99822e+07
4.6614e+07
2.98395e+08
6.19194e+06
6.90332e+08
1.02034e+08
4.67776e+07
217850
499243
4.33843e+06
795459
269492
828990
561711
1.22607e+06
820017
1.62106e+06
189118
157900
1.55811e+06
280063
483003
402531
281491
1.50897e+07
1.2867e+07
147688
7.73946e+07
6.88803e+06
7.97099e+07
1.43801e+08
4.75394e+07
5.43319e+07
6.57355e+07
4.60371e+07
3.21135e+07
1.21861e+07
3.65225e+07
2.54303e+07
3.34188e+07
353619
5.21174e+09
4.2928e+07
2.01725e+06
4.0924e+07
1.1882e+08
1.58369e+08
1.78041e+08
7.01092e+08
1.10479e+06
3.52737e+07
333965
9.79935e+07
341048
6.59147e+07
2.58884e+10
1.80468e+07
128367
1.62636e+06
9.79403e+07
4.50518e+07
1.61359e+08
1.43658e+08
3.76948e+07
1.01312e+09
9.01543e+08
6.28141e+07
2.93704e+07
2.98162e+07
3.94897e+07
8.40999e+07
1.54158e+08
188661
7.24737e+06
6.68688e+06
919843
77529.5
4.26978e+07
2.82782e+08
7.34809e+07
8.65114e+07
956379
6.23012e+07
145420
1.44163e+06
1.07498e+07
648024
1.29186e+06
832238
6.73135e+07
3.41795e+07
1.1593e+08
1.91218e+07
7.39972e+07
9.11851e+07
4.67426e+08
2.83225e+07
4.20902e+08
1.18704e+08
3.39136e+07
6.35065e+06
134895
5.27466e+07
1.43044e+06
2.00513e+07
5.21948e+07
6.55316e+06
4.77888e+07
5.15365e+07
713159
1.2448e+08
1.09276e+09
2.50601e+07
1.29911e+09
3.50498e+07
3.15786e+09
1.79787e+08
6.43264e+08
9.45679e+07
3.31799e+07
1.40595e+06
1.62543e+06
2.67734e+07
1.03407e+08
2.44768e+07
6.89102e+08
1.58123e+08
6.65513e+07
2.1681e+07
3.99912e+08
2.57022e+07
1.91052e+07
9.11066e+06
895425
9.43201e+07
1.83112e+07
9.30236e+07
6.65828e+07
5.01913e+07
3.56486e+08
7.49785e+07
3.59667e+07
1.25797e+08
2.1215e+07
160424
1.21094e+07
4.66984e+07
1.64626e+09
5.00113e+07
8.29787e+07
7.41634e+08
1.31664e+09
4.14034e+07
1.64013e+07
2.13796e+07
4.05865e+09
3.48339e+07
1.39672e+09
1.91214e+07
76426.1
1.57593e+07
2.48992e+07
4.09116e+08
113203
4.22026e+07
1.91556e+08
3.47032e+07
2.0595e+07
1.52749e+07
132359
5.00098e+07
4.11498e+08
1.56524e+09
3.65579e+07
3.80534e+07
1.90291e+08
7.49504e+07
1.90162e+08
774999
2.12535e+07
2.91167e+07
6.06666e+07
2.55964e+08
2.50785e+09
7.78167e+07
1.51246e+06
3.32177e+08
1.73852e+07
1.79792e+07
1.12133e+08
7.04891e+07
3.31065e+07
2.09262e+09
2.52124e+07
9.3073e+07
7.47101e+08
1.18391e+08
3.09288e+07
227466
4.5197e+07
4.95314e+09
6.27476e+07
1.726e+07
3.97796e+08
4.15391e+07
1.58056e+06
3.81748e+07
3.42055e+09
2.08351e+07
726090
2.47981e+09
9.10337e+08
2.30857e+07
1.04396e+06
7.37593e+07
2.05513e+07
93318.2
1.3463e+06
6.58823e+07
1.19453e+07
5.0569e+07
8.77485e+07
1.78939e+07
4.75072e+07
4.30997e+07
4.90791e+07
5.64432e+07
6.31757e+06
139546
1.85808e+07
554046
3.15745e+08
7.7175e+06
2.67358e+07
237308
1.25981e+09
1.11463e+06
6.719e+07
5.09465e+07
4.24366e+06
7.11334e+07
1.18196e+07
94545
1.03213e+09
311401
156431
114738
4.34463e+08
1.47524e+09
1.65355e+07
1.612e+07
4.037e+07
4.27905e+07
2.86494e+07
2.43608e+09
2.20335e+07
2.55481e+08
7.01261e+08
5.03167e+07
1.62268e+07
1.09487e+07
1.63907e+06
3.61547e+07
4.96969e+07
1.02124e+06
1.0669e+07
3.41853e+07
1.05083e+09
1.99963e+08
1.81052e+08
276832
1.7133e+06
2.48353e+07
1.40764e+08
1.17783e+06
1.0242e+07
3.55802e+07
6.92817e+08
6.81398e+07
1.01737e+08
151433
6.65947e+07
3.0348e+09
9.73701e+06
8.84385e+07
1.58063e+07
1.04185e+07
9.47355e+06
6.12529e+06
3.11801e+08
817002
4.85269e+07
1.55754e+08
3.54453e+07
1.97793e+07
160058
3.68698e+08
3.80418e+06
2.69479e+08
6.49584e+08
140969
1.20751e+07
6.05958e+07
4.24318e+08
1.03617e+07
8.40319e+07
451790
3.12083e+08
2.4825e+08
154478
620263
1.90753e+08
1.14194e+09
850832
2.07123e+08
5.74416e+07
9.65453e+06
9.74981e+06
7.29024e+06
9.29976e+06
1.05424e+07
1.43192e+09
2.07416e+08
3.12844e+07
5.07199e+07
7.21322e+07
1.26329e+08
1.47067e+07
9.46625e+07
1.36476e+06
582076
1.46716e+08
231278
6.17248e+08
1.40051e+06
4.50856e+07
1.10718e+07
2.38208e+07
3.92646e+07
1.97612e+07
9.72825e+07
7.04585e+07
2.10808e+09
1.87152e+07
961701
2.80285e+07
7.23122e+07
7.50657e+06
1.20901e+07
7.01853e+07
1.1224e+07
998298
1.84979e+09
229760
164254
3.24175e+07
1.88856e+06
2.60689e+08
1.5381e+07
2.96048e+07
3.09069e+07
6.52054e+06
4.58172e+08
1.23825e+07
1.3122e+07
8.63238e+08
1.203e+07
5.25049e+07
1.16049e+06
1.73032e+07
1.19351e+08
1.60136e+07
1.31443e+08
1.02372e+06
2.71961e+07
965621
5.89707e+07
5.80555e+07
3.67741e+08
3.59688e+07
5.37363e+06
108481
1.51288e+07
1.22011e+07
2.02852e+08
2.23654e+08
4.95246e+09
2.1957e+07
5.19326e+07
1.48048e+08
182984
2.40657e+08
2.49248e+07
4.88133e+07
1.69643e+07
1.76599e+07
1.24548e+08
8.66229e+06
1.47304e+07
3.88651e+07
1.22379e+06
6.68522e+08
4.66882e+08
1.09245e+08
7.29935e+08
4.1008e+08
210225
1.86944e+08
1.23696e+07
6.76354e+06
1.98226e+08
2.15545e+08
908004
8.18917e+08
2.75893e+07
3.98228e+08
1.81289e+08
1.74473e+08
2.06139e+07
4.088e+07
973083
7.95861e+08
1.45695e+08
1.05071e+06
8.97651e+07
2.44381e+07
215390
3.78016e+07
5.84013e+07
9.42585e+07
3.84429e+07
3.11932e+07
1.79064e+08
1.15224e+08
2.11313e+07
9.49118e+06
5.5736e+08
6.15905e+07
6.59963e+06
6.25035e+08
7.01233e+06
4.63909e+07
154381
1.46199e+07
1.36918e+06
2.32007e+08
1.06374e+07
6.1948e+07
5.02923e+08
2.58325e+07
2.06825e+07
1.91158e+07
4.57799e+07
7.67456e+06
8.43488e+07
1.94258e+08
7.83225e+06
7.05367e+06
3.36961e+06
1.74979e+07
259406
1.68392e+08
4.46268e+06
1.59144e+08
6.34336e+07
4.63315e+06
7.79204e+06
1.31237e+07
4.09434e+07
3.65964e+07
1.10506e+08
2.50186e+08
1.32575e+08
1.26407e+07
5.34205e+07
8.47115e+08
3.92629e+08
6.58501e+07
912631
3.76577e+08
7.69422e+06
1.6393e+08
8.88885e+07
7.354e+06
4.30848e+07
3.81252e+06
1.02396e+07
7.83433e+06
1.3419e+07
1.07591e+08
7.63252e+06
6.29152e+08
2.98616e+08
1.82092e+09
9.13433e+06
3.50318e+07
1.46898e+08
6.62297e+08
7.81023e+06
132905
7.81124e+08
1.02008e+08
8.34072e+07
5.63296e+07
3.89988e+08
1.22863e+08
6.8691e+06
4.61859e+07
2.90765e+08
6.32e+07
1.68688e+08
3.24424e+08
1.52077e+07
5.40209e+09
1.33848e+07
1.14218e+08
1.0293e+06
1.25833e+06
4.06272e+06
3.65646e+06
1.13135e+07
3.30769e+08
2.14225e+07
1.39054e+07
2.14398e+07
8.85778e+07
962916
948508
535480
1.65017e+08
3.22448e+06
547099
3.46545e+07
7.5719e+06
1.58958e+08
1.42585e+08
2.03673e+08
1.89199e+08
1.04741e+09
1.53408e+08
3.06046e+08
1.34921e+07
786863
1.22117e+08
3.67838e+06
5.39154e+08
7.17829e+07
3.99632e+07
559065
109338
1.88684e+09
4.8589e+08
8.5281e+06
5.47242e+07
3.67515e+07
1.64659e+07
1.40006e+06
2.51963e+07
4.48272e+07
354308
8.672e+08
1.7601e+07
9.92354e+08
3.16097e+08
4.31833e+07
4.60954e+07
2.07845e+07
6.98896e+08
8.44133e+06
9.11858e+07
2.23147e+07
6.17416e+06
1.14738e+06
2.33635e+07
1.40696e+08
160386
1.15786e+08
4.2979e+08
1.05457e+08
4.17958e+08
2.06098e+08
9.87411e+08
4.04403e+08
1.05077e+09
110577
1.91811e+08
1.48637e+07
1.2218e+09
90929.9
7.31301e+07
8.62303e+07
2.1118e+07
6.87699e+08
5.48262e+06
172024
1.38298e+09
1.63354e+08
1.49847e+08
1.08836e+08
1.24148e+06
3.16977e+07
8.31957e+06
1.61326e+07
2.10985e+09
7.24826e+06
2.4624e+07
1.28087e+07
3.81342e+07
4.08288e+08
803189
3.04621e+08
5.37457e+07
1.58789e+08
2.31142e+07
2.3074e+08
3.14256e+07
1.30488e+08
3.80852e+07
787954
6.71723e+07
1.89545e+09
1.14315e+08
9.92324e+07
1.2363e+08
1.42396e+07
5.75281e+07
7.51946e+08
1.55927e+06
8.84424e+07
155390
1.18329e+08
1.18784e+07
7.89575e+07
2.25104e+07
2.04862e+07
1.01491e+08
1.75716e+08
1.89559e+07
9.3183e+06
7.70643e+09
1.21045e+09
1.19875e+07
7.71896e+08
95615.4
1.2194e+08
3.8514e+07
5.70454e+08
6.34804e+07
133550
3.58843e+07
4.09692e+07
752232
7.49037e+06
4.15316e+07
4.86298e+07
1.58974e+08
1.56284e+07
1.44214e+08
5.61097e+08
5.08487e+08
1.64913e+08
1.53196e+07
2.12682e+07
6.11226e+07
2.50554e+07
1.29771e+06
4.0472e+08
157090
4.50511e+07
3.8803e+06
3.21296e+07
1.60195e+08
2.32075e+08
1.6315e+08
3.84931e+07
1.48668e+07
3.55468e+07
1.71408e+08
1.71145e+09
1.09497e+08
2.7614e+08
1.16543e+06
6.73419e+06
7.88468e+07
1.35043e+08
2.48342e+08
9.0092e+06
9.78247e+07
1.05391e+09
5.62538e+08
1.70974e+07
1.62674e+09
6.09958e+08
4.82426e+07
2.91376e+09
1.83932e+08
2.9743e+08
4.52303e+07
6.37869e+07
105194
5.45083e+07
5.22816e+08
8.10363e+06
1.41831e+08
7.589e+06
7.62916e+07
8.21895e+07
1.9819e+07
9.95838e+07
9.70136e+07
8.05785e+07
8.70965e+07
5.09428e+08
7.07548e+07
4.70918e+08
1.32559e+09
2.25584e+07
7.54273e+07
1.46117e+06
2.80288e+08
3.61614e+07
1.42202e+07
7.97541e+06
8.61347e+06
4.43341e+07
8.29565e+06
2.03252e+08
7.36662e+07
5.68616e+07
1.01852e+06
5.30469e+07
8.6109e+06
5.55467e+07
3.0074e+07
1.40683e+08
6.70996e+07
4.19876e+07
5.65053e+07
1.57763e+07
234501
2.92785e+07
1.64573e+07
168885
4.65653e+07
1.03146e+08
1.10531e+08
1.09755e+07
4.27188e+08
1.34722e+08
1.44091e+07
166604
8.39464e+06
1.74909e+07
1.77152e+08
1.81307e+06
7.72293e+07
5.61657e+07
8.30507e+07
7.19388e+07
3.5271e+07
4.89653e+07
9.61978e+07
2.64151e+08
1.09021e+08
4.48647e+07
7.2823e+06
2.65878e+08
8.7056e+06
1.90695e+08
4.16501e+07
2.94828e+07
4.38723e+09
2.69594e+07
2.61884e+07
6.25468e+06
5.24827e+07
3.05059e+08
7.32549e+07
6.00344e+07
861987
3.38523e+07
3.73744e+07
8.29911e+08
8.03219e+06
8.44499e+08
8.68742e+06
1.27996e+07
1.428e+07
1.07502e+06
3.24322e+07
5.03702e+07
6.75524e+08
186318
2.64114e+07
2.40444e+08
4.65923e+07
4.62977e+06
1.12072e+07
8.4566e+08
1.88066e+07
1.20989e+08
3.19372e+07
5.63993e+07
2.99723e+08
6.34719e+07
274978
5.61401e+07
1.77344e+07
5.4016e+06
1.41601e+07
7.75637e+07
1.53897e+08
4.65283e+09
1.5734e+07
9.81722e+07
7.21104e+07
2.94215e+07
2.20929e+07
1.05105e+08
2.07014e+07
6.56595e+07
1.20603e+08
9.65271e+06
1.10284e+07
8.43822e+06
1.76632e+07
6.05256e+07
7.88806e+08
1.63517e+07
1.82814e+07
4.96562e+07
3.86869e+08
1.94225e+07
1.66719e+08
325467
5.7618e+07
4.92371e+07
1.37813e+08
6.26691e+07
5.08991e+06
8.06315e+06
8.48149e+06
1.51194e+08
221787
2.20066e+07
3.9534e+07
1.98416e+06
9.93891e+07
6.37094e+07
2.00519e+08
6.83234e+07
6.44509e+07
5.09209e+06
5.90515e+07
2.96193e+06
4.83953e+08
2.26288e+08
1.71717e+08
4.02426e+07
1.3972e+08
1.08256e+07
1.56471e+07
4.89246e+08
2.40602e+07
7.82188e+07
1.1183e+07
1.68852e+07
7.72881e+07
4.47748e+07
2.14086e+08
1.40048e+07
4.48375e+07
4.60141e+07
1.1691e+06
8.29849e+07
5.07495e+06
5.36074e+07
8.90552e+07
4.63868e+07
5.04777e+07
2.62211e+07
4.70899e+06
1.5836e+07
9.77179e+07
1.08458e+07
1.16595e+07
2.15877e+08
1.67312e+08
1.10076e+06
2.43782e+08
2.42246e+07
7.07527e+08
4.95882e+07
4.99218e+06
3.4167e+07
5.38742e+06
1.4434e+07
1.17816e+08
2.15992e+07
2.65853e+07
1.05632e+09
8.89464e+06
1.16714e+07
290032
4.35974e+07
262049
3.80849e+07
1.45363e+08
156656
2.02457e+08
1.54751e+07
4.82542e+08
5.96298e+06
6.13613e+09
4.87952e+09
4.78466e+07
4.38446e+08
8.72034e+07
2.51127e+07
9.92875e+07
2.11187e+07
1.42426e+06
7.43511e+07
1.4147e+06
1.00225e+07
4.84526e+08
1.48614e+08
1.0419e+07
4.9881e+07
1.71608e+07
6.75923e+06
1.17143e+06
1.50991e+08
4.64341e+07
2.86508e+07
3.66517e+06
5.19512e+06
1.90252e+07
2.73676e+07
2.43998e+07
9.74082e+07
1.00883e+07
6.65581e+07
4.32638e+07
1.11651e+07
1.27155e+08
1.2727e+08
8.36238e+06
1.19109e+09
4.4438e+06
1.01968e+07
1.88236e+07
6.20604e+07
9.55171e+06
6.92617e+07
1.70293e+09
2.36565e+08
6.87662e+07
4.85722e+07
9.62269e+06
1.59072e+07
1.70257e+08
5.98434e+07
4.47832e+07
1.0878e+09
1.5227e+08
5.23182e+07
8.30428e+07
9.22028e+06
1.39137e+08
8.62858e+06
1.05116e+07
1.14744e+07
1.37437e+08
6.27754e+08
8.64377e+07
1.03697e+07
1.07361e+07
4.40438e+07
9.22875e+07
836965
4.41778e+07
1.42958e+07
2.92532e+09
2.59661e+08
4.84427e+06
1.06709e+07
5.13002e+07
323762
4.61405e+08
3.68581e+06
2.30939e+08
2.00158e+07
1.1597e+07
219515
3.44328e+07
3.18369e+07
9.97771e+07
1.24683e+08
4.99278e+07
1.68679e+09
5.71797e+06
4.26311e+07
2.04571e+08
6.729e+07
1.0293e+07
1.49321e+07
1.06101e+07
2.14456e+08
1.58041e+07
4.49673e+06
147231
1.31677e+08
5.35396e+08
6.97276e+07
2.28405e+07
5.48706e+07
3.10801e+08
6.16239e+07
9.48723e+06
2.11459e+08
1.19111e+08
6.89835e+08
1.23551e+07
1.27059e+06
5.29968e+08
9.49514e+06
6.10106e+07
2.05637e+07
1.13989e+08
4.441e+07
1.12986e+08
1.78883e+06
3.88597e+08
3.28641e+07
1.16581e+07
5.58601e+06
1.09141e+07
6.3992e+06
362046
1.8696e+07
9.84156e+06
739052
2.62678e+08
1.74491e+08
8.24522e+07
4.35135e+07
1.00734e+08
5.16846e+07
434399
1.70091e+08
7.50974e+07
1.91562e+08
3.90131e+07
1.10438e+07
1.40061e+08
8.99319e+07
1.5551e+07
1.03226e+07
1.26106e+08
4.4489e+06
9.182e+06
4.77934e+07
2.33297e+08
5.46922e+07
5.57539e+07
1.04161e+08
7.87391e+07
1.74993e+07
8.95521e+07
3.74473e+07
4.27697e+06
3.48411e+07
7.04367e+07
2.72934e+08
9.64637e+07
6.68301e+07
2.88108e+07
2.93667e+07
4.54419e+06
7.41355e+07
3.53783e+07
4.94643e+08
1.99737e+08
3.74604e+06
8.36396e+07
3.7871e+07
1.11102e+07
3.83286e+07
6.72247e+08
4.12786e+07
1.06319e+07
1.68346e+08
1.1351e+07
4.47653e+07
1.06765e+08
2.77077e+07
1.83199e+07
4.27069e+07
9.9987e+07
1.59978e+08
4.1499e+08
4.74916e+07
2.63102e+07
566564
3.55824e+07
1.05814e+07
4.61569e+06
2.66299e+07
9.27459e+07
7.83405e+08
1.82742e+08
5.17656e+08
1.78666e+07
4.73137e+07
5.28589e+07
2.531e+07
1.08593e+07
2.94734e+07
5.32322e+07
1.07869e+08
6.29092e+08
5.1008e+07
1.90519e+07
3.30807e+06
1.01193e+08
4.78079e+06
6.60042e+07
6.22637e+07
1.6895e+07
1.15816e+09
7.40774e+07
2.21412e+08
5.72501e+07
1.86398e+07
5.07054e+06
316561
1.0691e+07
1.03057e+07
390953
5.41482e+07
2.11429e+08
4.94309e+07
6.38827e+07
9.73841e+07
9.82258e+08
2.38985e+08
1.69276e+07
1.68147e+07
1.25192e+08
1.54833e+07
9.97138e+07
4.294e+08
4.1232e+07
5.35299e+07
2.63073e+08
6.22109e+07
4.58025e+07
3.547e+07
1.05445e+07
4.90318e+06
4.31437e+07
3.24371e+06
7.22998e+06
3.9296e+08
5.07963e+08
1.14767e+07
1.07088e+07
5.19706e+07
5.71668e+07
8.00604e+07
2.94052e+09
5.72037e+07
4.35858e+06
2.31395e+07
2.4524e+07
189271
1.42323e+08
6.29791e+07
1.12046e+09
1.238e+08
3.2946e+07
5.97604e+08
453881
2.55463e+08
2.28027e+07
2.27855e+08
3.13169e+06
1.4025e+09
2.09694e+08
7.03472e+07
5.37286e+07
4.87261e+07
5.44237e+07
2.31855e+07
7.68115e+07
2.6385e+07
4.05736e+07
5.56279e+07
4.21245e+06
4.18934e+06
3.7983e+06
4.4945e+06
1.61215e+08
4.04195e+07
9.82782e+07
8.24374e+08
1.63739e+08
4.45277e+06
3.27005e+06
1.11874e+08
4.45402e+06
8.58559e+07
1.17109e+07
4.2228e+06
4.5398e+06
1.53027e+08
4.11916e+06
4.16088e+07
1.87584e+08
9.72357e+08
1.73954e+07
4.20689e+06
799138
4.10414e+06
5.75344e+07
2.50238e+07
3.06375e+06
4.45118e+06
1.11915e+08
9.43557e+07
1.62394e+09
3.34809e+08
7.86736e+08
1.51311e+08
3.14878e+06
2.23221e+07
1.16445e+07
4.56737e+07
4.58925e+06
5.16149e+07
1.20674e+10
9.54765e+07
2.66074e+06
3.16153e+06
2.84817e+06
2.47313e+07
6.6894e+07
4.50893e+06
1.35936e+08
3.37548e+06
3.07506e+06
4.14278e+07
4.53933e+08
3.47784e+07
3.27962e+06
3.24149e+06
4.24692e+07
4.72903e+06
3.46773e+06
4.7044e+06
5.89433e+07
3.8323e+08
6.9508e+07
2.77045e+06
4.82542e+06
1.22304e+08
3.00519e+06
4.73301e+06
8.09021e+07
4.86025e+06
3.30292e+07
2.60698e+06
2.61638e+06
2.82403e+06
2.75689e+06
2.59162e+06
2.70098e+06
3.35388e+06
3.30471e+06
2.88762e+06
3.40014e+06
2.78763e+06
6.32598e+07
3.51252e+06
5.27974e+06
2.05656e+08
3.39215e+06
2.09517e+08
5.47993e+06
3.24745e+06
2.15422e+07
4.82684e+06
3.72283e+07
2.83677e+06
4.77075e+06
2.73342e+08
4.82642e+06
4.61971e+07
3.46707e+06
1.26963e+08
9.67123e+07
4.82945e+07
1.38844e+08
3.49689e+06
5.12628e+06
3.48988e+06
2.61692e+08
3.02863e+06
3.01805e+06
1.92344e+07
2.90951e+06
5.22712e+06
1.57225e+07
1.48626e+06
2.10332e+07
2.09761e+08
4.37728e+06
3.46479e+06
3.0716e+06
6.5635e+07
2.96244e+06
5.66083e+06
5.34345e+06
1.03563e+07
2.59785e+07
3.48067e+06
1.8067e+08
3.99105e+07
1.31015e+08
6.09306e+07
3.19214e+06
3.10625e+06
3.02537e+07
3.44832e+06
4.19782e+06
8.40408e+06
3.51271e+06
3.62396e+07
5.3984e+07
3.53837e+06
3.501e+06
3.07443e+06
5.36797e+06
833031
4.28072e+06
1.74449e+09
1.60212e+08
3.35595e+06
5.25636e+06
4.86541e+08
7.52764e+08
3.25669e+06
2.61569e+07
1.01317e+07
3.24202e+06
3.51457e+06
5.08368e+06
3.04714e+06
5.55496e+07
1.4015e+08
5.67434e+06
5.38316e+06
3.28076e+06
2.21777e+06
3.2154e+06
2.66667e+07
3.17383e+06
3.40267e+06
3.66293e+06
2.106e+08
3.12494e+06
4.44776e+06
5.68091e+06
1.06066e+09
1.00826e+08
3.29825e+06
2.87979e+06
4.65901e+07
7.49527e+07
6.27413e+06
2.3171e+07
1.08042e+10
3.96607e+07
3.15221e+06
1.0339e+08
8.93674e+07
6.07054e+07
1.97352e+07
3.19027e+06
2.00976e+07
581374
3.18336e+06
2.71842e+07
5.16573e+06
3.11266e+06
3.20694e+06
3.30028e+07
3.21177e+06
1.49906e+08
3.06184e+06
1.0437e+08
5.592e+06
5.27422e+06
3.23088e+06
3.96258e+08
1.74173e+07
2.73296e+06
3.3496e+06
5.74463e+06
1.11665e+09
1.57586e+07
4.66759e+07
2.38778e+06
5.30036e+07
1.19441e+08
4.33653e+06
6.89211e+08
1.81215e+07
2.1238e+07
6.01383e+08
8.87353e+07
8.57264e+07
2.26656e+07
1.35387e+08
3.17082e+06
2.82748e+09
2.82922e+07
4.41478e+07
2.96424e+07
1.72102e+07
835938
1.01603e+07
3.11243e+06
4.35465e+07
3.06601e+06
2.97441e+06
2.21688e+08
7.25463e+07
4.6946e+07
3.20674e+08
1.48708e+06
1.65978e+08
2.65148e+06
1.90477e+07
3.06546e+06
3.90559e+07
4.09577e+07
2.77485e+07
1.56316e+08
7.0514e+06
6.74948e+08
1.25653e+09
1.16357e+08
2.67488e+07
3.77903e+07
5.74785e+08
1.68828e+07
5.60222e+06
4.66965e+08
3.48654e+09
8.81714e+08
1.20327e+07
5.71508e+06
1.09236e+08
2.98271e+06
1.80932e+09
3.27706e+06
2.49926e+06
2.7744e+06
1.78842e+08
3.11846e+08
2.6709e+07
1.97033e+08
8.67049e+07
3.1915e+07
1.96171e+07
549968
2.51319e+08
2.75009e+06
3.40811e+06
3.33604e+06
5.56119e+07
5.05527e+07
1.23162e+08
2.3345e+07
5.90126e+07
3.1484e+07
1.92388e+07
4.65375e+06
3.22927e+06
9.24941e+07
4.24897e+07
1.7799e+08
7.21134e+07
7.47831e+07
3.52195e+06
3.10032e+07
2.2516e+08
4.6495e+07
4.94151e+07
3.14478e+06
1.73419e+08
4.24966e+07
1.37937e+08
5.65943e+07
3.77828e+07
3.21301e+07
2.94042e+06
3.6117e+06
7.69923e+07
7.37202e+07
1.82895e+08
6.11285e+07
4.55214e+07
6.56992e+07
5.98752e+07
1.2048e+06
8.58704e+07
4.50394e+07
4.71477e+06
3.717e+06
9.36219e+07
1.43593e+08
4.77594e+07
9.44913e+07
1.71987e+08
3.59887e+07
7.34345e+07
7.4291e+07
2.85767e+07
1.8423e+08
2.73056e+08
6.05356e+08
5.35595e+07
1.62212e+08
1.75214e+08
2.75938e+06
1.10255e+08
3.992e+06
5.43313e+06
2.69703e+07
9.5164e+07
6.92881e+07
4.2673e+06
1.8063e+08
1.03042e+08
1.35862e+08
6.64678e+07
1.96158e+08
4.43231e+06
1.59139e+07
2.32554e+07
3.54819e+08
2.381e+08
3.61431e+07
6.06869e+06
2.79927e+08
5.87607e+06
7.33951e+06
7.17475e+07
1.59726e+09
2.09859e+08
4.64842e+06
6.41357e+07
1.88226e+08
1.45548e+08
6.9825e+07
1.63761e+08
3.25086e+07
7.58114e+07
5.4795e+06
3.47297e+07
7.98113e+08
1.84395e+06
2.12372e+08
1.23989e+06
2.40803e+07
2.64599e+06
1.7386e+09
2.25496e+07
2.5809e+08
1.58501e+07
6.54296e+07
2.21036e+07
1.19994e+08
7.4188e+07
3.73767e+07
2.1976e+08
2.2027e+08
2.87639e+06
3.02562e+06
3.17206e+07
1.90853e+06
9.50708e+06
3.72265e+07
1.02098e+08
2.04365e+08
2.17417e+08
2.78289e+08
1.1957e+08
6.23747e+06
2.10926e+07
3.97417e+08
2.72296e+07
9.28465e+07
1.84579e+07
3.3096e+07
1.08348e+08
2.03482e+08
4.8711e+07
3.01687e+07
2.2296e+09
2.60548e+08
2.53512e+07
7.11097e+08
4.72954e+06
6.20727e+06
1.77705e+08
115993
8.28259e+08
1.9322e+07
2.1714e+07
9.16928e+07
1.3411e+08
5.60168e+07
3.21484e+07
1.76804e+08
3.034e+08
8.1788e+07
423367
2.39496e+08
5.02258e+07
6.35312e+06
5.686e+06
8.33673e+08
5.07648e+08
1.74711e+08
5.88996e+06
3.1274e+09
5.16153e+08
2.50977e+07
8.29024e+07
7.20092e+07
2.99571e+07
3.57723e+07
4.14281e+07
5.47119e+08
2.91433e+07
6.21492e+06
4.80065e+07
7.29492e+06
9.89773e+07
5.28003e+07
7.54912e+06
8.43192e+08
4.51533e+08
8.40484e+07
7.51925e+07
9.34692e+07
589266
1.18444e+08
4.92033e+06
5.51305e+08
6.32064e+08
9.93764e+07
9.59286e+07
1.24285e+07
1.4591e+08
2.2317e+07
1.29116e+06
3.23998e+07
8.404e+06
4.25038e+07
2.57857e+09
1.03568e+07
1.03549e+09
4.08231e+08
4.16115e+07
4.00761e+07
5.19233e+07
1.78455e+08
1.78753e+07
1.36393e+08
9.54172e+07
4.74538e+06
1.28608e+08
3.20574e+07
2.98797e+07
1.12535e+08
7.66844e+07
2.06033e+07
3.70089e+07
3.86648e+06
6.60591e+07
7.9659e+08
7.28314e+06
2.30097e+07
1.17091e+06
798216
1.84795e+08
5.70176e+07
5.42595e+07
2.10818e+07
6.46862e+07
2.06082e+08
1.11257e+09
8.44224e+06
6.91773e+07
4.00624e+08
3.73419e+07
1.53068e+07
2.14139e+07
3.06782e+06
1.99933e+08
5.15682e+08
2.88768e+06
8.84349e+08
6.14763e+08
6.45286e+07
6.8453e+07
2.88293e+06
2.52511e+08
1.85459e+06
3.15583e+07
3.45584e+07
7.55975e+06
5.09109e+06
1.20242e+09
8.8045e+07
1.90524e+06
7.87614e+07
3.11272e+08
1.40505e+09
1.06018e+08
1.71289e+08
1.74817e+08
450679
8.62915e+07
1.64693e+07
4.2861e+08
8.15082e+08
4.29486e+08
4.3381e+07
7.21167e+07
9.63453e+07
1.58208e+08
4.64848e+06
2.12442e+08
3.03316e+07
3.3234e+08
9.37781e+08
9.55108e+07
3.07621e+08
8.86017e+08
2.20638e+08
4.656e+08
4.141e+06
3.62112e+08
5.14026e+08
4.68911e+08
3.40932e+08
1.7554e+08
1.61902e+08
9.03293e+07
1.50735e+08
2.41368e+08
6.3427e+06
5.04249e+07
1.18438e+06
4.95323e+06
6.53094e+06
2.22457e+09
4.4468e+06
1.34107e+07
2.4073e+08
1.21156e+06
1.66491e+08
4.8987e+07
1.30476e+09
6.29082e+07
1.94448e+08
1.52832e+08
6.617e+08
2.85777e+07
5.80239e+06
1.83872e+08
6.53335e+07
6.57853e+08
7.89842e+08
6.56576e+07
1.756e+08
2.1744e+08
4.37429e+06
5.70562e+07
6.76755e+08
4.75784e+06
6.92291e+08
1.54917e+09
1.23756e+06
1.27148e+08
1.64542e+08
7.44819e+08
1.11105e+08
4.97238e+08
5.47741e+08
4.85752e+06
2.82164e+08
1.64037e+07
4.12095e+09
1.20195e+08
1.54713e+08
5.64734e+06
4.19999e+06
5.40994e+08
3.99685e+08
2.0716e+08
7.33956e+09
4.5986e+07
2.94835e+07
1.60717e+06
2.7924e+08
8.66771e+07
1.19691e+08
5.64238e+07
108899
1.6041e+08
5.29235e+06
8.65558e+07
7.22071e+08
3.23037e+07
196693
7.54642e+08
6.38143e+06
5.06394e+08
1.40183e+07
3.49303e+07
4.30169e+07
4.46589e+07
4.15339e+06
1.41741e+08
2.26324e+09
8.11966e+07
4.20405e+08
2.36727e+08
8.27894e+08
1.47383e+06
3.59303e+08
1.14501e+08
5.10272e+07
8.6959e+07
3.76384e+07
8.02259e+08
6.56686e+07
208391
3.22996e+06
1.84398e+08
2.0765e+07
9.70475e+07
2.59097e+08
2.16941e+08
4.53165e+09
1.79976e+08
7.71608e+07
1.0306e+08
2.26563e+07
2.17102e+07
1.38766e+08
3.78516e+07
3.90985e+07
4.4111e+06
7.82896e+07
6.97107e+06
1.80228e+07
4.14954e+07
4.65839e+06
262741
6.82476e+07
2.70342e+08
2.09261e+07
1.92287e+07
1.56912e+07
2.26948e+07
3.8415e+08
5.92959e+07
2.23812e+08
4.98468e+06
2.19985e+08
1.13403e+08
1.55719e+07
1.94466e+08
1.95644e+07
8.09792e+06
2.19037e+08
2.13494e+07
8.98341e+07
3.6779e+08
7.32895e+06
1.03138e+08
1.22371e+07
1.19679e+08
1.97947e+08
1.87746e+06
1.67284e+08
5.36466e+06
2.85606e+08
2.45431e+08
7.76307e+06
8.3107e+06
7.76346e+06
1.59176e+07
3.63457e+07
4.23722e+07
2.70453e+08
8.75366e+07
1.06643e+06
5.3255e+07
1.70471e+09
3.99606e+07
4.11467e+07
7.05964e+06
2.41147e+07
2.76934e+08
4.48295e+07
4.20489e+07
4.83848e+07
2.70139e+08
2.29119e+07
2.51577e+08
5.41857e+07
4.85577e+07
2.21419e+07
7.89033e+07
2.50252e+07
9.94873e+08
1.04233e+08
7.15377e+07
4.91553e+08
5.30871e+07
2.59326e+07
2.16598e+08
3.53367e+07
2.21437e+07
2.5032e+08
1.10507e+08
5.92786e+07
4.77925e+08
3.54005e+07
2.08876e+07
3.95186e+07
2.4054e+07
8.43628e+08
8.02654e+06
7.22872e+07
6.50723e+07
6.83736e+06
2.71883e+07
221389
1.78177e+07
3.75135e+07
6.57868e+07
3.09841e+07
3.49153e+07
2.82119e+07
4.05926e+07
9.20198e+07
4.28106e+07
2.58171e+07
1.01841e+08
4.02766e+08
7.96189e+07
3.86045e+07
5.09285e+07
5.19924e+07
2.27862e+08
8.33222e+07
1.3073e+06
2.62489e+07
1.24802e+08
5.23012e+08
1.50288e+08
6.45464e+07
3.98769e+07
4.83042e+08
2.83874e+08
894437
1.66337e+07
7.65592e+06
6.7516e+07
214834
9.81017e+07
7.99818e+07
1.6875e+07
2.53236e+08
1.5832e+07
9.30245e+08
1.02272e+08
1.32179e+08
1.39861e+08
1.01499e+08
1.89789e+07
1.13328e+08
1.98949e+07
8.87338e+07
1.87319e+08
2.08023e+07
1.76044e+08
2.16085e+08
3.90095e+07
6.72375e+07
5.15876e+06
7.31699e+06
5.19181e+08
1.39637e+08
3.60872e+09
8.03279e+06
4.56556e+07
5.70289e+07
1.80882e+07
2.2205e+07
2.82413e+07
1.94735e+08
5.80372e+07
1.04732e+06
3.63621e+07
2.32298e+08
2.06578e+08
1.68752e+08
2.59484e+08
2.26975e+07
1.4784e+08
3.35299e+07
2.91196e+07
2.85292e+08
7.90971e+06
1.38421e+08
3.21356e+09
5.51904e+06
9.89181e+07
2.93575e+08
1.10387e+09
1.62902e+08
2.25869e+07
3.77462e+08
3.96255e+08
7.00317e+07
2.47323e+08
2.82263e+08
3.06247e+08
359730
1.88787e+08
1.16892e+10
2.3248e+06
9.32017e+06
1.48382e+08
6.83938e+07
1.12614e+06
9.28071e+07
1.53062e+09
5.22685e+07
1.60649e+07
3.59995e+07
2.36861e+08
779364
2.04141e+09
4.70887e+07
2.08818e+09
3.38041e+09
6.56792e+08
3.81675e+07
1.31745e+06
5.60751e+06
9.92092e+06
2.40734e+08
2.99152e+08
2.76059e+08
2.28514e+07
8.45117e+07
7.11682e+06
5.05291e+08
1.07203e+07
6.04181e+07
9.44276e+06
1.2405e+08
720698
1.62184e+07
2.61154e+08
3.22233e+07
2.53174e+07
4.19607e+07
5.78978e+08
8.50105e+07
5.71729e+07
7.51804e+06
3.1774e+08
5.52028e+07
1.51627e+08
1.16746e+09
6.49765e+07
166523
3.76059e+08
9.56376e+07
2.73317e+06
3.05744e+07
2.01251e+09
2.05887e+08
8.90004e+07
6.53069e+08
3.46361e+08
7.85943e+06
2.62687e+06
2.57656e+07
1.17385e+08
4.01098e+07
914190
7.80565e+07
176233
5.29144e+07
3.65492e+07
1.90038e+08
9.93922e+07
131571
1.04024e+07
2.89699e+08
3.3312e+09
118333
1.15303e+08
4.94684e+07
142967
386701
2.02846e+08
1.86965e+07
1.77457e+08
1.15691e+08
7.80571e+06
103528
1.15356e+08
172267
2.54297e+08
1.64869e+08
1.50023e+08
7.09268e+06
1.37244e+08
8.83746e+07
4.55297e+07
5.19813e+07
153153
271717
7.73028e+08
3.43488e+07
1.22301e+08
8.11279e+06
2.01056e+07
2.89792e+07
4.58709e+08
1.0327e+08
3.86005e+06
8.20188e+08
1.45607e+08
1.03198e+08
1.55992e+07
1.89113e+08
3.72771e+08
2.24316e+08
8.89342e+07
7.77745e+08
5.75434e+06
3.09629e+07
1.90762e+08
1.19574e+08
1.60439e+08
1.39276e+09
1.56733e+06
3.1811e+07
1.45887e+08
3.38519e+07
1.28405e+08
5.60651e+06
3.09787e+08
1.36025e+08
7.95334e+08
1.71158e+08
202043
6.07946e+08
2.0562e+06
4.43124e+07
9.76859e+07
7.25402e+08
8.24535e+07
4.23252e+08
2.09027e+08
1.27287e+08
3.32819e+07
1.93759e+08
8.30663e+07
2.7457e+07
4.76341e+08
189877
149183
1.21353e+08
1.91937e+08
5.76059e+08
1.60514e+08
1.45534e+08
1.52846e+07
4.57524e+06
3.90372e+08
3.22856e+08
1.90543e+08
1.97429e+07
1.37417e+09
2.28291e+06
2.75744e+08
1.53602e+09
1.2574e+08
2.46721e+08
8.56127e+07
1.97845e+08
5.94712e+08
2.75852e+07
3.93762e+07
6.32962e+07
176453
8.86144e+07
2.31119e+08
2.90371e+08
1.07278e+08
1.24767e+08
1.12689e+08
361584
8.94031e+07
1.63506e+07
2.66678e+07
9.35785e+08
1.65367e+08
1.32009e+08
1.24485e+08
3.48851e+07
5.71631e+07
1.46535e+08
7.22771e+08
2.14032e+07
3.47268e+08
1.39078e+09
1.21631e+06
1.29778e+08
3.72601e+06
1.90452e+07
723647
6.68463e+08
2.85878e+07
2.87375e+07
1.02738e+06
7.31026e+08
1.14119e+07
6.34783e+08
4.18734e+08
1.42171e+08
4.73816e+08
3.8542e+08
4.17274e+07
9.03424e+06
2.41348e+07
3.88741e+08
763018
1.00614e+09
5.49035e+07
120182
9.51778e+07
8.83313e+06
1.08693e+08
2.31194e+07
3.76973e+07
9.41434e+07
1.98054e+07
4.54136e+07
1.66596e+08
2.72997e+08
1.9011e+08
2.76936e+08
1.08381e+09
4.74703e+08
2.16327e+08
6.55237e+07
1.29251e+08
1.87192e+07
1.84816e+08
1.56184e+08
7.77831e+07
1.67341e+06
2.80839e+07
3.98195e+07
4.75948e+06
5.30865e+07
5.37969e+08
3.49778e+07
1.90004e+07
7.33196e+07
6.00725e+07
3.6072e+07
5.4393e+08
7.62543e+08
5.15465e+07
1.39596e+08
6.05881e+06
9.12123e+07
9.37565e+07
5.821e+07
2.58653e+08
3.16712e+08
1.22787e+06
5.28604e+07
9.35852e+07
4.87194e+07
2.15762e+08
2.35364e+08
1.03408e+08
7.62057e+08
1.2826e+07
2.07003e+08
3.38701e+08
7.9142e+07
1.75281e+08
8.45348e+07
2.11069e+07
2.98878e+06
1.67101e+07
4.94358e+08
4.00705e+07
2.03893e+08
2.00892e+07
7.03732e+07
2.52185e+06
2.55765e+08
1.59591e+08
2.05047e+08
1.38717e+08
1.27297e+08
9.21035e+07
1.62833e+08
4.05303e+08
9.9902e+08
3.3343e+07
6.57668e+08
1.37615e+08
1.63537e+08
9.5296e+07
2.22782e+07
1.04907e+09
1.858e+07
9.79222e+07
2.79273e+08
5.94426e+06
6.19658e+08
2.54782e+07
1.1421e+07
4.41731e+07
9.80583e+07
4.25492e+07
7.44682e+08
5.80808e+07
1.67367e+07
1.82272e+06
113418
8.62411e+07
1.69857e+09
2.01356e+07
8.99511e+08
8.83912e+06
3.02526e+08
2.23836e+08
5.06323e+07
8.15823e+06
2.1108e+08
1.47201e+08
1.65851e+09
1.75574e+06
1.73768e+07
2.90154e+08
6.44424e+06
6.3666e+08
8.36925e+06
4.59777e+07
1.71684e+08
3.65742e+07
3.35502e+08
2.92027e+07
3.71813e+07
3.90389e+08
1.61824e+08
1.28697e+08
5.53159e+07
1.2257e+07
2.86983e+06
9.7515e+08
1.16574e+06
1.06226e+08
1.88127e+08
8.68403e+08
5.28903e+07
851807
2.11695e+07
6.07078e+07
1.75485e+08
6.22623e+08
4.99137e+08
746245
947130
993991
2.03158e+06
3.87892e+08
6.40726e+07
4.10654e+07
1.50518e+08
4.59992e+08
3.04784e+07
4.5545e+07
3.15014e+09
4.91264e+08
6.37166e+08
8.64845e+07
675504
1.20149e+08
850544
4.73226e+08
1.07711e+08
656911
1.58711e+09
5.10201e+07
1.07341e+09
5.57555e+06
3.06795e+08
1.45686e+07
4.26864e+08
2.53187e+07
3.45987e+08
4.82717e+08
4.12102e+08
1.57622e+08
3.52058e+08
2.88053e+08
9.13568e+07
1.65427e+06
4.90491e+08
2.27264e+06
3.46107e+08
3.52564e+07
1.09643e+09
2.78485e+07
5.0954e+07
1.72085e+06
2.69409e+07
2.69586e+08
4.95151e+07
5.42252e+06
2.89983e+06
1.97611e+07
9.01884e+08
1.55257e+08
4.85053e+08
1.86078e+08
5.95138e+08
4.83143e+07
1.50536e+08
2.47269e+07
3.48883e+08
3.09764e+06
6.09613e+07
1.91102e+08
1.23668e+08
4.84006e+08
2.60116e+08
4.26428e+08
9.01524e+07
3.39338e+07
1.04759e+08
3.18893e+07
7.05448e+08
3.66782e+07
5.41832e+07
3.62149e+08
1.69201e+07
3.63593e+07
3.2281e+07
1.96827e+08
6.8563e+06
1.4791e+08
3.62024e+08
2.22882e+08
1.93032e+07
1.21778e+08
748144
1.48673e+08
1.33578e+07
7.87243e+08
1.20827e+07
1.96337e+07
2.62246e+08
5.71983e+07
3.68029e+07
3.60155e+09
2.66669e+08
4.9733e+08
1.17455e+06
2.27261e+09
1.19216e+09
1.11812e+07
2.02988e+08
2.10045e+06
2.69564e+07
3.43368e+07
1.29969e+09
7.49731e+06
2.97353e+07
2.02142e+09
1.46436e+09
2.94745e+08
112890
3.18332e+07
1.27111e+07
5.10577e+08
6.66577e+08
9.19355e+06
1.26514e+06
1.92562e+07
6.96342e+06
1.90816e+08
3.19701e+07
1.58616e+08
1.50734e+09
2.13213e+08
8.0639e+07
1.42526e+08
4.08946e+07
1.8363e+07
2.42265e+06
708210
173597
2.30381e+08
5.68374e+07
1.5372e+07
1.52574e+07
2.18358e+08
1.07076e+08
8.68593e+07
3.36891e+07
1.06815e+06
5.1825e+08
3.87356e+07
2.69521e+08
2.48196e+08
2.31597e+07
6.4481e+07
3.39592e+07
1.40242e+06
8.69202e+07
7.8952e+07
6.97667e+07
3.48369e+08
1.33333e+06
3.81422e+08
4.18274e+08
1.14367e+07
2.30032e+07
1.55509e+07
1.26084e+07
2.50274e+07
4.56344e+07
8.41857e+08
2.58721e+06
5.69955e+07
6.99783e+06
7.24123e+06
3.98254e+08
1.58702e+07
2.12439e+07
4.46545e+09
2.26159e+07
2.96056e+07
1.30372e+08
3.54624e+07
5.30872e+07
1.88225e+09
2.28481e+07
8.69104e+06
7.24446e+06
2.47186e+07
1.60672e+07
288579
1.29026e+08
3.20505e+08
107907
937521
4.71742e+07
6.62242e+07
6.96783e+07
1.38333e+07
6.31264e+07
1.07569e+08
3.6109e+08
1.13004e+07
2.78823e+06
8.88779e+08
7.33542e+06
5.12315e+08
6.6362e+07
3.54298e+08
2.10027e+07
1.03625e+08
1.0158e+08
693281
8.91127e+07
648040
1.08089e+09
4.51871e+07
7.48357e+06
9.60305e+08
3.66407e+09
3.41145e+07
1.13983e+08
732721
1.14322e+07
1.20851e+08
6.2706e+06
4.76753e+08
8.7407e+08
357811
4.48159e+07
5.57191e+07
1.93829e+07
3.41081e+07
7.17271e+06
9.44615e+06
2.03576e+07
2.88088e+08
1.17156e+09
3.31437e+08
1.68941e+08
1.37e+09
5.67258e+08
1.33821e+06
9.045e+06
5.04291e+06
7.37627e+06
1.62439e+06
2.93354e+07
1.05488e+07
2.021e+07
3.53149e+08
2.64833e+07
5.27513e+07
9.73581e+06
2.71024e+06
3.1103e+08
9.77441e+06
1.03208e+09
1.10861e+07
9.84255e+07
1.03846e+07
7.75589e+07
1.13297e+06
6.14957e+07
3.05826e+07
7.54827e+08
5.15191e+07
1.80496e+09
9.41725e+06
4.30488e+07
3.39113e+07
945313
2.67707e+08
2.90091e+07
4.4183e+07
2.38379e+08
9.52742e+06
3.00994e+07
608896
4.42915e+09
3.68329e+08
2.86413e+07
1.3797e+06
2.98568e+07
2.16666e+07
1.60544e+07
6.60587e+07
2.84814e+07
3.11255e+08
1.72275e+07
1.30065e+08
5.42883e+08
3.82168e+07
1.33294e+09
2.01339e+08
4.98366e+08
1.64291e+08
5.90455e+08
2.9507e+06
763306
3.25862e+07
1.0424e+08
1.45358e+08
2.39677e+09
3.83962e+07
3.45325e+09
8.54485e+06
6.54388e+09
3.42027e+08
4.69143e+08
1.44907e+07
3.4927e+07
1.69469e+06
1.18073e+07
3.06115e+07
1.3664e+06
4.73272e+08
5.30274e+08
1.96088e+08
5.54842e+07
1.59564e+07
3.77015e+07
1.05638e+06
130749
165840
6.54943e+08
3.61709e+07
6.96176e+06
5.04763e+08
3.89915e+07
2.4835e+06
1.81329e+08
104403
7.1257e+07
1.69671e+08
876774
1.2487e+08
1.13467e+07
686726
5.43522e+08
1.4706e+08
4.13689e+07
4.36944e+07
8.25084e+07
1.85353e+09
6.78969e+08
3.12595e+09
1.66965e+09
1.84763e+09
5.70836e+07
3.83139e+07
138599
2.1018e+07
1.65148e+08
5.24974e+06
1.61898e+08
5.48452e+07
7.36263e+07
2.06032e+08
1.30514e+07
1.2121e+08
9.14794e+06
3.71385e+07
7.72468e+07
4.7775e+07
3.05813e+07
2.64674e+07
1.51925e+08
723492
5.24819e+07
1.28992e+07
1.05048e+06
8.66407e+08
1.02752e+06
1.55571e+06
2.03766e+09
3.59162e+07
7.30664e+06
5.12734e+06
2.24208e+07
9.35086e+06
2.37889e+09
7.53274e+08
6.37024e+07
2.48481e+07
1.03397e+07
3.1542e+08
1.6369e+08
2.19689e+08
7.19539e+07
4.70979e+08
1.51637e+09
9.68674e+06
1.10104e+06
7.55433e+07
7.81189e+06
4.67512e+07
2.8751e+08
7.26853e+07
6.29713e+07
1.57858e+08
1.17168e+07
626330
1.75941e+07
840709
2.4493e+07
1.27988e+10
9.38438e+08
1.6934e+09
1.5134e+08
1.99064e+08
2.81327e+08
2.61094e+06
1.58238e+07
2.97582e+07
2.29277e+08
4.41054e+07
2.1958e+07
3.26074e+08
125666
2.83342e+06
2.7387e+06
5.28094e+07
6.39908e+08
4.48421e+07
2.94275e+06
4.12653e+08
3.00037e+07
5.76907e+07
3.93488e+07
3.20416e+07
5.88558e+07
2.90319e+07
1.15655e+07
1.37891e+07
6.44614e+07
1.69337e+07
474867
1.48776e+07
1.16864e+09
1.51438e+07
2.49114e+09
5.99517e+07
1.059e+08
4.19461e+08
2.77772e+08
4.74186e+07
2.6612e+08
2.23808e+07
2.57084e+08
2.33305e+07
7.23056e+07
1.43651e+07
4.44814e+07
4.04433e+09
2.24232e+07
347770
148117
5.44216e+08
2.05427e+07
1.35001e+07
1.07232e+06
5.94557e+07
4.80544e+07
3.09934e+08
1.39834e+08
1.96241e+07
4.05072e+07
2.29239e+08
2.4665e+07
4.70735e+08
4.85931e+07
3.63506e+08
402199
1.03991e+08
1.81444e+07
4.43883e+07
1.1722e+06
4.81064e+07
2.56013e+07
2.34815e+07
2.00445e+07
1.55502e+07
3.44697e+07
6.104e+06
5.80465e+07
1.96406e+08
1.05479e+08
8.37098e+07
5.25469e+07
116566
2.09014e+07
4.97032e+07
1.53505e+07
1.71788e+09
1.58284e+07
9.32608e+07
1.57461e+07
395025
2.50993e+08
4.1749e+07
5.68416e+07
1.56519e+07
1.34254e+08
9.16165e+07
7.37495e+07
9.0071e+07
5.86576e+07
1.59851e+07
3.82809e+07
2.63164e+07
3.94857e+07
344332
4.5787e+08
3.64663e+07
1.93585e+07
1.65091e+07
9.60367e+06
4.54632e+07
1.3866e+08
3.53123e+09
6.43288e+07
2.54593e+07
1.15308e+08
1.01235e+08
3.95069e+07
5.05832e+07
8.13381e+06
3.57946e+07
3.6388e+08
2.94331e+07
6.02194e+08
1.82431e+07
5.02001e+07
2.17471e+08
6.79735e+07
294219
1.88922e+07
1.52373e+07
3.73629e+07
3.24933e+07
7.17583e+07
1.59102e+08
3.4296e+07
4.52586e+07
4.52894e+07
1.82236e+08
3.02862e+07
1.501e+07
1.45269e+07
1.28624e+08
2.05365e+07
2.19725e+07
1.93187e+07
5.01986e+07
4.88593e+07
2.17925e+07
4.30071e+07
3.42277e+07
8.86543e+06
1.07824e+08
2.0732e+07
1.66833e+07
8.84296e+07
3.06884e+07
1.88631e+09
3.89091e+07
110168
7.88778e+07
278720
3.26525e+08
3.54452e+07
5.42542e+08
5.61727e+08
2.25933e+07
4.29274e+07
1.89628e+07
6.09217e+07
5.00057e+07
2.66297e+07
2.98697e+07
4.23978e+08
6.49463e+08
1.84019e+08
3.4932e+07
1.62627e+07
8.38207e+08
3.10387e+07
5.75138e+07
767039
3.02971e+07
9.08286e+07
9.5275e+07
2.18326e+07
254156
3.84495e+07
3.98339e+07
1.11617e+08
4.3047e+07
720940
91792.1
223574
3.65183e+07
3.17139e+07
4.73091e+07
6.6783e+07
2.20717e+07
3.96835e+08
1.86606e+08
2.03416e+08
6.80645e+08
2.92639e+07
1.92993e+07
7.85216e+08
5.97166e+09
2.82346e+07
2.7439e+07
4.7152e+06
6.88963e+07
1.29984e+08
3.88857e+07
1.40707e+08
8.27098e+07
6.83801e+07
5.3496e+09
2.14283e+07
1.043e+09
3.86133e+07
6.10276e+07
2.8076e+07
6.23011e+07
1.14884e+08
3.76183e+07
216834
9.2653e+06
2.34684e+07
5.11578e+07
2.01084e+07
2.55491e+07
3.15706e+08
882157
3.82469e+08
4.19375e+09
7.18523e+06
3.9485e+08
3.10433e+07
4.08771e+07
2.65874e+07
9.77534e+07
1.00596e+08
3.08704e+07
232546
1.58485e+07
4.45141e+07
3.68944e+07
2.09123e+07
4.62314e+07
1.90275e+07
3.54773e+07
4.22507e+07
104780
2.31575e+07
1.97476e+07
1.47812e+08
2.54853e+08
7.03035e+07
3.61503e+07
1.19917e+08
3.93133e+07
2.41009e+07
4.48479e+08
1.12528e+08
1.09318e+08
2.39328e+09
3.89146e+07
2.18394e+07
3.46614e+07
1.61409e+07
3.13276e+07
2.61576e+07
4.64949e+07
9.11894e+07
2.58465e+08
1.51626e+07
2.87307e+07
1.14135e+08
2.18405e+07
4.84817e+07
3.44331e+07
1.47395e+08
2.58822e+06
8.33792e+07
1.14563e+08
1.68764e+07
2.23895e+07
1.09764e+08
1.0695e+07
1.82592e+07
1.60699e+07
2.17628e+07
3.89881e+07
4.26938e+07
7.05794e+07
4.2415e+08
106397
6.52852e+08
1.45634e+07
2.51658e+07
2.48191e+07
1.10148e+08
1.93295e+08
1.40935e+06
5.37297e+07
3.20936e+07
2.36928e+07
7.53343e+07
5.446e+07
2.39238e+07
1.0535e+08
2.27549e+07
4.99938e+07
1.3848e+09
6.52935e+08
201030
4.25764e+07
1.74782e+07
5.96685e+07
3.68955e+08
2.29338e+07
2.95183e+07
2.20754e+07
6.76354e+07
348621
1.13043e+07
2.51723e+07
9.54038e+06
1.6349e+07
4.96058e+07
5.89998e+07
3.23906e+07
2.82992e+07
104417
2.67231e+07
3.6361e+07
2.21711e+08
4.0208e+07
8.23264e+06
3.12916e+07
8.70276e+06
7.51062e+07
1.44872e+08
4.30765e+07
2.05572e+07
2.44691e+07
6.5055e+08
1.35834e+07
3.87102e+07
7.41878e+07
1.88852e+07
4.94243e+08
1.83592e+08
2.46537e+07
4.14078e+08
1.27701e+08
1.98978e+07
4.00142e+07
2.70811e+08
4.41609e+07
5.53459e+07
9.3708e+07
6.54646e+07
1.04213e+08
3.87363e+07
3.18856e+07
4.65655e+06
9.61535e+07
5.71295e+07
7.21038e+07
2.53326e+07
173642
1.63959e+09
2.10785e+07
2.63523e+07
2.6254e+06
1.11487e+08
6.64145e+07
1.58045e+07
1.03838e+08
216746
7.40627e+07
1.13024e+08
4.55362e+07
9.20645e+08
2.45593e+07
2.47382e+07
6.47593e+08
4.30434e+07
1.24482e+08
4.03523e+07
2.504e+07
406818
2.77588e+07
1.3258e+07
1.52505e+09
3.143e+07
3.86442e+07
2.9217e+07
4.8381e+07
2.49263e+07
3.25456e+09
6.89317e+07
6.48187e+07
2.74556e+07
3.37328e+07
2.99765e+07
8.16657e+07
3.10902e+07
4.42312e+06
3.08272e+07
260829
1.01433e+08
1.11476e+06
821353
1.55732e+07
1.63584e+08
5.3087e+07
1.88725e+08
5.95904e+07
6.13321e+08
2.02992e+07
162002
2.46256e+07
2.41164e+07
2.72052e+08
7.40552e+06
4.2751e+08
5.19851e+07
1.80099e+08
1.02283e+07
4.48138e+07
6.04917e+07
1.4818e+09
2.55721e+07
2.08441e+08
2.82337e+07
1.45004e+08
3.93118e+07
1.91395e+07
3.44566e+07
2.89873e+09
3.03833e+07
9.07872e+07
5.15888e+07
1.10789e+06
1.27395e+07
8.76337e+07
7.97045e+07
1.99114e+07
2.20784e+07
1.00673e+09
1.01432e+08
1.00188e+08
228041
1.00794e+08
4.33131e+06
1.93086e+09
7.08153e+08
4.77666e+06
1.47309e+07
6.16808e+07
1.02962e+08
2.28714e+08
2.37113e+08
951613
2.09208e+07
2.69652e+07
1.00195e+08
1.77957e+07
2.80015e+07
1.16073e+09
154372
4.35498e+09
8.18781e+06
9.33045e+06
6.58197e+07
6.01373e+07
1.62005e+08
4.532e+07
5.19071e+07
8.79164e+07
1.44572e+07
1.60607e+08
1.47433e+08
1.14244e+06
2.2708e+07
8.187e+06
2.66321e+07
3.34113e+06
1.13208e+08
3.42451e+07
2.46215e+07
724746
1.41907e+08
103846
9.93174e+08
1.6691e+08
7.54548e+07
1.19577e+06
2.85512e+07
2.80034e+07
2.14413e+06
7.79283e+07
3.70269e+07
4.03947e+06
3.07157e+07
6.13743e+07
2.32376e+07
9.78585e+08
7.45156e+08
1.38873e+08
1.34212e+08
2.36672e+07
6.37575e+07
581082
1.39997e+08
1.80364e+07
3.74917e+07
2.57073e+08
1.2232e+08
1.56263e+07
1.06661e+08
1.79911e+08
1.37192e+09
157557
6.76302e+08
2.54585e+06
2.77784e+07
1.79151e+08
1.80457e+08
374332
1.59665e+08
162087
1.28686e+09
6.86078e+07
2.65066e+08
5.70039e+08
4.06657e+07
3.10375e+07
181327
8.6517e+07
4.72979e+07
2.9975e+07
7.36972e+08
2.75068e+07
1.81083e+07
3.98441e+08
4.40828e+07
2.99811e+08
5.10045e+07
5.51877e+06
183419
2.98919e+07
3.59274e+07
1.37628e+07
4.81279e+08
1.22397e+08
5.90622e+07
1.65167e+07
5.75009e+07
1.6391e+08
1.46882e+09
7.83679e+07
5.67964e+07
6.80063e+07
2.00653e+07
5.97863e+07
1.77363e+08
2.80566e+09
2.25627e+07
6.29227e+07
1.52459e+08
7.91527e+07
1.04906e+08
146865
4.28987e+07
3.91768e+09
2.01964e+08
1.42697e+08
4.37269e+08
3.2644e+07
7.37425e+07
9.34705e+07
1.27534e+09
3.69207e+08
7.00561e+08
2.06877e+08
7.72153e+06
8.11067e+07
7.62697e+07
3.59773e+07
8.86099e+07
3.62367e+06
2.86862e+08
1.30123e+07
1.81727e+09
2.119e+08
9.79734e+07
3.34465e+07
1.60583e+08
2.29106e+08
1.47817e+07
1.25783e+09
1.62903e+07
4.64013e+07
3.63267e+07
5.03904e+07
1.19922e+08
8.82256e+07
2.4445e+07
1.10279e+09
4.72939e+08
1.49494e+07
3.85655e+07
1.1848e+06
1.12598e+09
3.15371e+07
4.79457e+06
1.27172e+06
1.87138e+08
6.90828e+07
2.69985e+06
4.29061e+07
7.46852e+07
4.97322e+07
1.02615e+08
1.63812e+08
5.46573e+07
1.1152e+06
4.03609e+08
1.37847e+08
2.01657e+07
1.43996e+06
1.15564e+09
1.58113e+09
2.13773e+08
9.34431e+07
2.62208e+07
1.7942e+07
1.42403e+06
155856
2.0521e+08
5.93009e+07
1.10371e+08
7.44486e+07
5.31224e+07
8.22909e+07
3.79021e+09
177752
1.14017e+08
2.56792e+08
1.76479e+08
4.54708e+07
271275
3.80274e+06
1.46643e+06
2.31359e+07
3.05899e+07
2.3043e+08
4.16054e+07
2.72431e+08
1.22098e+08
1.91282e+09
1.69075e+09
1.95684e+08
5.6073e+07
2.52394e+08
1.5237e+07
1.50136e+08
2.96224e+07
1.90905e+07
2.00158e+09
2.50904e+07
2.59582e+06
4.5897e+07
1.55538e+06
4.08187e+08
8.90422e+07
2.26016e+09
5.5489e+07
1.04757e+08
2.98719e+07
1.2775e+08
8.00319e+06
8.78716e+07
2.69257e+07
1.74537e+08
1.00178e+09
1.49624e+08
5.89798e+07
8.40642e+07
1.02288e+08
145286
3.94919e+08
6.06424e+08
1.42356e+08
810195
1.50956e+08
1.04421e+08
2.26489e+08
2.65831e+06
6.40024e+07
7.43434e+08
4.4941e+07
7.92975e+07
1.57059e+06
6.81462e+06
7.45415e+07
4.78965e+07
1.58096e+08
537872
6.03033e+07
992350
2.36813e+08
1.58594e+09
3.98152e+09
3.88931e+07
3.21236e+08
1.74854e+07
4.47676e+08
1.89091e+08
2.41183e+07
1.95183e+07
2.04202e+08
398484
5.7687e+07
1.3023e+06
2.23273e+08
1.91635e+07
4.20608e+08
5.55938e+07
1.95208e+08
3.36176e+07
1.54765e+07
1.16757e+09
5.24903e+07
4.407e+08
3.63137e+06
2.41534e+07
1.05592e+08
7.51307e+07
4.85731e+07
4.28131e+07
6.64758e+07
6.4927e+07
2.82031e+07
1.07345e+06
1.51061e+08
1.21105e+08
2.79007e+07
2.84943e+07
1.45663e+06
6.14128e+07
1.59187e+08
1.47128e+08
5.51988e+07
2.35212e+08
3.25582e+08
1.50608e+08
2.49122e+08
1.32639e+08
8.32908e+08
5.27556e+07
2.96806e+08
4.96969e+08
5.10246e+08
233176
1.26078e+08
3.63439e+08
3.60298e+07
7.64536e+07
2.11953e+08
1.04584e+06
2.40393e+08
8.99905e+07
930110
4.03699e+08
1.06354e+09
4.15503e+07
9.65561e+08
2.53046e+07
1.45389e+08
2.21395e+07
2.17578e+07
7.83603e+07
2.63577e+07
2.2519e+08
135625
1.78482e+07
4.43165e+07
9.67408e+08
2.37556e+08
9.89799e+08
1.67979e+07
681528
1.80984e+08
186460
2.75216e+08
2.60763e+08
2.3393e+08
3.39772e+09
1.6786e+07
592603
5.68397e+07
1.65752e+08
9.15527e+07
1.66858e+07
1.60985e+07
4.26605e+07
5.08607e+07
2.36053e+08
4.60265e+07
850660
6.64705e+08
3.3337e+08
2.02927e+08
1.43401e+08
5.96814e+07
8.07066e+07
1.19074e+07
6.08389e+07
5.90259e+06
1.61479e+06
1.43022e+07
9.85628e+07
1.64813e+08
4.25877e+07
4.61249e+08
524844
1.01974e+06
6.12433e+08
2.0021e+09
133852
1.15004e+07
3.24121e+07
9.24154e+08
2.16146e+07
2.14424e+06
3.78666e+07
1.87023e+07
1.24145e+06
1.5365e+07
1.43566e+09
1.61018e+08
5.61686e+07
1.80797e+08
9.28712e+07
3.29638e+08
2.11896e+08
1.845e+07
2.07377e+09
1.516e+08
5.75388e+07
1.75454e+06
2.63388e+07
3.74381e+08
6.08318e+08
1.11123e+07
1.19206e+08
1.70783e+07
8.81396e+08
1.10763e+07
1.43563e+08
1.87823e+06
5.13613e+07
1.41474e+09
388534
1.82639e+08
374642
7.83822e+09
1.66334e+07
1.30387e+08
5.03367e+07
6.82108e+07
4.40449e+06
4.46989e+06
2.35075e+08
1.47443e+07
2.98149e+08
3.13941e+07
2.75388e+06
3.25512e+07
8.13574e+07
2.08895e+07
1.21959e+08
1.5023e+07
7.28827e+07
104231
2.14545e+08
1.69188e+09
1.31672e+07
1.89927e+07
2.34761e+08
2.89007e+08
1.90276e+07
996374
1.91741e+08
6.54668e+07
1.47354e+06
1.65338e+08
1.84808e+08
1.07892e+09
2.8258e+08
6.38833e+08
1.13905e+08
1.30349e+07
1.44598e+08
269872
3.01464e+08
4.31488e+08
1.00162e+09
2.90296e+08
3.52789e+08
1.0059e+09
3.96816e+07
7.61215e+07
3.39714e+10
4.95682e+08
6.95369e+07
1.70149e+07
9.58139e+08
1.10901e+09
1.20846e+08
2.17572e+08
339040
2.41407e+07
1.08141e+09
7.52364e+07
4.28979e+07
1.03583e+06
672671
276041
991579
2.03513e+08
7.51033e+07
6.71109e+07
6.21169e+07
7.64382e+07
1.05569e+07
3.18216e+07
4.87069e+09
7.85817e+07
2.03206e+08
1.77799e+08
1.49721e+08
8.47771e+07
6.81365e+07
167286
5.52808e+07
8.70781e+07
1.72356e+07
933934
1.4667e+07
1.25355e+07
2.45674e+08
4.24259e+07
204679
2.46517e+08
1.40185e+08
5.42438e+07
2.82757e+09
1.60029e+09
1.86413e+07
1.51395e+08
7.45393e+07
6.81726e+07
9.24815e+07
5.29169e+08
1.25217e+08
1.84658e+07
1.25552e+08
1.07344e+08
2.21869e+09
1.09933e+08
1.13405e+06
1.80499e+06
5.18272e+08
236654
5.86744e+08
1.44511e+09
1.20511e+08
2.58933e+08
6.86754e+07
3.08921e+08
1.43086e+07
4.89209e+07
3.31885e+07
4.11374e+08
1.96089e+07
2.35031e+07
2.61025e+08
1.44278e+08
384238
5.38013e+06
8.68803e+06
5.19452e+08
2.50379e+08
1.78645e+07
2.27562e+08
222029
1.96439e+07
1.66442e+08
7.2158e+07
7.43548e+08
4.51138e+08
161134
6.43857e+07
8.50423e+07
1.9207e+07
4.00367e+07
9.81215e+08
1.67924e+09
2.79733e+07
1.19961e+08
1.49761e+07
8.14615e+07
1.89078e+07
8.45134e+07
6.33135e+07
4.10553e+09
977943
1.43851e+08
3.55012e+08
1.22419e+09
6.2362e+07
9.91186e+07
3.60917e+07
3.30907e+08
1.34773e+09
4.85429e+08
1.68288e+08
5.30945e+08
5.34658e+07
1.39052e+09
609813
6.01853e+07
7.57435e+07
6.06257e+07
1.34824e+09
4.88513e+07
4.70404e+08
4.75277e+08
1.26085e+07
1.53577e+08
1.14229e+08
9.38438e+07
1.70738e+07
2.45431e+07
3.31865e+07
4.86869e+07
3.43614e+08
1.80957e+08
181100
146832
4.61086e+08
5.97177e+08
4.74441e+08
7.05226e+07
2.60442e+07
4.04739e+08
9.16244e+08
3.61234e+07
5.82005e+07
1.26626e+08
2.69109e+07
6.28536e+07
8.83338e+07
2.88224e+10
6.05052e+07
990746
3.34791e+07
4.03465e+07
3.89669e+08
2.06413e+08
2.23e+07
5.76983e+07
1.41926e+08
6.86387e+08
4.77782e+08
9.97114e+07
2.03835e+08
1.5062e+08
1.19938e+08
1.04288e+08
2.55863e+07
3.63252e+08
3.70469e+08
2.93847e+07
4.39824e+07
2.39077e+08
6.11443e+09
1.40612e+08
4.47864e+07
6.57242e+08
9.35817e+07
2.83381e+07
2.61869e+07
1.15566e+08
1.4161e+08
2.29888e+09
5.37616e+06
4.65654e+07
3.02846e+07
3.74848e+06
162181
1.93645e+07
1.23801e+08
1.08142e+06
8.35015e+07
2.77136e+07
1.46246e+07
3.19508e+08
995494
2.48205e+08
5.97381e+08
1.10716e+06
2.68246e+07
1.5379e+07
9.56761e+08
4.77663e+07
2.99334e+07
5.07012e+08
4.64348e+07
980924
3.93456e+07
1.24722e+07
2.32398e+07
2.13386e+07
1.86355e+07
2.13134e+09
5.41801e+08
2.42574e+07
1.44679e+08
2.11045e+07
1.18368e+09
7.25238e+08
1.35392e+09
3.61004e+07
998156
4.38944e+08
7.00411e+06
1.79223e+07
1.4651e+07
3.86821e+07
5.29408e+07
4.62865e+07
4.78191e+06
2.91142e+07
5.53442e+08
2.38562e+08
4.94754e+06
5.7768e+07
1.30108e+08
5.88844e+07
2.2565e+07
2.15202e+08
2.12674e+07
1.88895e+08
3.52846e+07
7.58482e+08
1.45831e+07
2.07983e+07
4.7514e+07
4.12853e+08
8.33938e+08
2.73716e+06
3.99283e+08
1.55537e+07
2.97201e+07
105139
1.27179e+08
3.53268e+07
5.98986e+08
2.63452e+08
6.57568e+08
4.79596e+07
5.80918e+07
1.22023e+06
1.411e+07
1.2323e+09
5.15268e+07
6.35094e+08
2.84648e+07
1.91528e+07
4.23582e+07
1.09322e+08
4.04046e+07
1.027e+07
1.43528e+07
4.32775e+07
3.5242e+07
2.89317e+07
2.94373e+09
3.42697e+07
2.4799e+07
4.40547e+07
3.5747e+07
2.96478e+08
4.62753e+08
5.47793e+08
3.933e+07
3.95128e+07
1.55309e+09
4.66605e+07
1.5291e+07
2.41945e+07
3.86463e+07
1.05489e+09
3.88114e+07
1.36686e+08
1.4412e+08
6.06878e+07
3.28326e+07
1.67906e+06
1.45846e+08
5.85842e+07
3.27762e+07
5.5974e+07
7.71813e+07
1.80598e+08
6.80176e+06
2.35029e+07
3.65796e+07
2.96758e+07
2.17367e+07
6.67388e+07
3.62076e+08
1.96743e+08
2.31074e+07
3.0481e+07
8.17496e+07
2.41034e+07
1.61154e+07
5.96524e+07
2.63537e+07
4.88153e+08
5.28435e+08
7.87054e+06
3.20562e+07
2.13105e+07
2.22213e+06
2.49844e+07
4.05606e+08
1.25019e+08
3.04317e+07
6.93416e+08
1.68229e+09
2.66733e+07
4.75366e+08
6.47631e+07
7.15011e+07
4.3246e+07
3.5354e+07
4.78302e+07
1.01871e+06
3.40602e+06
1.46192e+07
1.47726e+07
1.55637e+08
2.06127e+07
7.0698e+07
1.94479e+07
5.56044e+07
4.43996e+07
9.83683e+07
138953
2.22252e+07
5.49846e+06
4.68846e+07
9.07978e+07
1.54648e+07
4.51576e+07
4.26373e+07
9.63515e+07
1.95266e+07
4.67946e+07
1.71058e+08
302680
1.47967e+07
1.00122e+09
1.92885e+08
2.64516e+07
3.56671e+07
2.67785e+07
2.06164e+07
8.04657e+07
4.80595e+08
3.9003e+07
1.13634e+07
1.08735e+08
1.01099e+08
5.30287e+07
8.41511e+07
974209
2.74108e+07
1.64836e+07
1.5586e+07
1.79884e+07
2.46262e+07
3.32702e+07
5.15063e+07
7.03456e+07
1.67013e+07
7.00694e+07
1.77755e+06
4.73076e+07
2.20337e+08
2.69343e+09
8.59172e+08
2.00769e+07
4.03906e+08
1.23949e+08
4.24863e+07
5.21108e+07
1.73115e+06
3.41761e+07
1.63938e+07
3.02771e+07
3.86105e+07
3.50088e+07
1.51418e+07
2.98032e+08
5.12037e+07
1.49898e+07
5.6316e+07
5.82184e+07
2.12261e+07
2.20824e+07
2.22761e+07
2.22868e+07
2.35508e+07
6.30874e+08
133835
2.06747e+07
2.05574e+07
9.00983e+06
8.07399e+07
1.66272e+09
2.74162e+07
962032
5.77308e+08
1.44364e+06
1.95217e+07
4.67165e+08
1.97219e+07
2.95932e+08
3.41914e+09
9.89535e+06
7.16089e+07
1.63517e+08
1.53281e+07
2.85398e+07
883048
1.5195e+07
6.18959e+07
3.0457e+07
3.23924e+07
590984
2.23105e+07
132755
7.99486e+07
2.38739e+07
2.33753e+07
8.91749e+07
5.31449e+08
1.01771e+08
2.27187e+07
138248
3.8909e+06
2.40046e+07
6.34262e+07
5.71151e+07
4.34408e+07
1.42001e+07
3.99401e+07
1.17031e+07
2.11349e+07
1.00735e+07
2.37211e+06
2.40825e+07
2.13875e+07
861655
1.04004e+06
1.23706e+08
5.60919e+07
2.27213e+07
5.75821e+08
6.47266e+07
6.27217e+07
4.11365e+07
3.39508e+07
8.8084e+06
7.14666e+08
6.38348e+07
7.89538e+08
3.18415e+07
5.34602e+06
1.70042e+07
2.52453e+07
4.816e+07
224603
1.94986e+07
4.08426e+08
1.63661e+07
4.28681e+06
2.48921e+07
5.81821e+07
1.66946e+07
4.43741e+06
2.32541e+07
2.67268e+07
1.88291e+09
7.09885e+07
1.08275e+08
3.6091e+07
1.78373e+07
4.17639e+07
2.42488e+07
5.94289e+08
4.00479e+07
1.79875e+08
5.05002e+07
2.50293e+07
5.45673e+07
1.05042e+07
6.09415e+07
2.84629e+07
4.57102e+07
5.22125e+07
1.00255e+08
1.51918e+07
402004
2.61141e+07
2.63681e+07
766285
2.54024e+08
6.77504e+07
7.06859e+07
2.87457e+07
4.78306e+08
2.20389e+07
3.86453e+07
6.92669e+07
1.06913e+08
2.77422e+07
172241
208969
282324
646084
325659
1.17413e+06
213184
260150
179245
1.43431e+06
439182
165352
531146
1.75995e+08
1.5751e+07
1.35064e+06
7.84622e+07
2.99408e+07
626895
2.48766e+07
3.50931e+07
6.94705e+07
4.6598e+07
2.01068e+07
3.83231e+07
1.44079e+08
5.48885e+07
4.07294e+08
2.52492e+07
1.05244e+06
2.86194e+07
1.56597e+07
2.4632e+07
1.68521e+06
2.54951e+07
6.93238e+07
1.22206e+08
7.30113e+07
2.13383e+09
1.39088e+08
5.70186e+07
1.59604e+07
2.07236e+07
1.46124e+06
2.86827e+07
1.10321e+06
7.37722e+08
4.69728e+07
2.49074e+08
1.02677e+09
1.99176e+08
1.76648e+08
5.24705e+07
1.08787e+08
1.37704e+08
2.91042e+07
8.06446e+07
2.62513e+07
6.52579e+08
132900
1.75086e+06
5.78495e+06
2.4013e+07
2.37152e+07
1.72441e+07
4.82849e+08
1.02687e+08
3.3339e+06
2.01799e+08
1.16411e+08
2.29482e+07
1.9936e+08
2.88088e+07
4.86645e+07
3.46134e+06
2.24741e+06
1.86106e+07
2.05668e+08
1.11839e+08
1.87739e+07
2.21327e+08
2.86228e+07
1.53354e+08
2.2429e+07
2.97545e+07
2.64964e+07
7.70051e+07
2.73694e+07
4.19305e+07
1.97446e+06
3.60799e+08
7.00203e+07
1.99154e+07
2.91685e+07
7.47023e+07
1.73492e+08
844350
5.30811e+06
2.4256e+07
2.22167e+07
2.63671e+08
9.46484e+07
2.29641e+07
2.76359e+07
2.10922e+07
2.00829e+07
2.03868e+07
2.51487e+07
4.45485e+08
8.93038e+07
7.82952e+07
1.88753e+08
8.03258e+07
7.96399e+07
1.03e+07
2.78159e+07
2.38948e+07
1.29664e+08
107767
2.84526e+07
2.31992e+07
2.09405e+09
9.19482e+07
2.33811e+07
7.84075e+07
2.28809e+07
6.38609e+08
1.041e+08
2.0253e+08
6.54934e+07
9.64856e+07
2.14063e+07
9.542e+08
8.7625e+07
7.14645e+07
3.50502e+07
1.95242e+07
6.13834e+07
1.94609e+06
2.20743e+07
6.32112e+07
9.35672e+07
3.44496e+07
4.00271e+07
2.47049e+07
1.93505e+07
1.07862e+08
4.18379e+07
2.37831e+07
3.31794e+07
5.11569e+07
7.45083e+06
1.22484e+08
7.45871e+08
2.58655e+07
2.37071e+08
2.10584e+08
6.79222e+07
1.65516e+08
1.76662e+09
1.37485e+07
7.75665e+08
1.00096e+08
1.95383e+07
2.09734e+07
8.07731e+06
1.91707e+08
3.09605e+07
1.55506e+07
3.22345e+07
7.70196e+07
3.75164e+06
1.01527e+08
241095
1.58229e+07
9.88104e+07
1.99044e+07
2.6973e+07
2.43407e+07
363081
1.39639e+06
3.14949e+06
9.7271e+07
1.18112e+07
2.95382e+07
2.1658e+07
1.47385e+08
2.97069e+07
3.22744e+07
6.95643e+07
2.6107e+07
6.11671e+08
7.33036e+07
6.07791e+07
1.80371e+07
2.37483e+07
2.05624e+07
9.23031e+08
2.33279e+07
1.3569e+08
5.76821e+09
6.36583e+08
9.62556e+07
2.84125e+07
1.00856e+08
6.63482e+08
9.10723e+07
1.27725e+06
1.90905e+08
1.95774e+07
9.06982e+07
2.11372e+07
2.46677e+08
123989
1.11639e+08
3.00959e+07
8.9423e+08
1.79085e+07
1.59814e+08
3.1367e+07
9.1373e+07
6.86639e+08
8.57236e+07
849299
4.96026e+07
2.65344e+07
1.95894e+09
3.79337e+07
8.92481e+07
1.16135e+06
1.32094e+08
1.36911e+08
6.21681e+08
3.07062e+07
1.06392e+07
8.15904e+07
2.85859e+07
2.47689e+07
4.22873e+07
1.08646e+08
2.82272e+07
1.84755e+07
9.11385e+07
2.24777e+08
2.32808e+08
1.96953e+07
2.85216e+07
1.66692e+08
3.83282e+07
2.75117e+07
7.20186e+07
1.591e+08
2.38634e+07
3.7927e+07
2.53174e+07
1.14489e+08
1.83579e+07
1.38563e+08
7.20393e+07
5.34978e+07
2.42658e+07
8.03562e+07
1.10304e+08
2.2946e+07
3.57668e+07
1.66266e+08
8.99426e+07
1.27205e+09
3.58821e+07
2.20362e+07
1.15411e+06
2.07434e+08
5.06115e+07
3.39259e+08
2.46514e+07
7.46028e+07
9.20119e+07
3.97747e+07
1.43754e+06
1.66783e+07
3.80474e+07
3.13707e+07
2.33555e+07
1.69395e+07
942377
7.6513e+08
1.8962e+07
2.05523e+07
1.63644e+06
5.03656e+07
2.01425e+08
2.62238e+08
3.53811e+07
2.11334e+07
1.73619e+08
1.76242e+08
3.81813e+07
3.8877e+07
8.95436e+08
2.77355e+07
1.31047e+08
8.68341e+08
2.26545e+07
4.41547e+08
8.24043e+07
2.33177e+07
4.47257e+08
4.34155e+07
1.61204e+08
2.11854e+07
1.12488e+06
9.25466e+07
2.73132e+07
2.63521e+07
8.32546e+06
1.36187e+08
4.49095e+07
2.93128e+07
1.91488e+07
2.39096e+07
1.01034e+09
2.98057e+07
2.83095e+07
9.36112e+07
1.75411e+07
119653
2.48006e+07
2.713e+07
3.41391e+08
1.53128e+08
2.58517e+07
3.1741e+07
1.55971e+07
2.09226e+07
2.4314e+08
1.77768e+07
4.58607e+07
6.02783e+07
1.05686e+07
1.20699e+08
2.95593e+07
3.15539e+07
4.88183e+07
4.27453e+07
2.37601e+07
1.43522e+08
1.92171e+07
1.10619e+06
2.05425e+08
4.63856e+07
1.47191e+08
2.86404e+07
2.92419e+08
2.0132e+08
3.1568e+07
1.50599e+08
2.04357e+07
2.62237e+07
6.39611e+07
4.72783e+07
9.08429e+07
1.32809e+07
2.99794e+07
1.80055e+07
9.05918e+08
2.46774e+08
2.18473e+07
7.19863e+08
4.42136e+07
3.21015e+07
7.5569e+08
4.22995e+08
8.7379e+07
4.26232e+07
1.93726e+08
5.22739e+07
7.48285e+07
3.96177e+07
9.29006e+08
6.17357e+06
1.30852e+06
3.10256e+07
2.72182e+07
4.68377e+07
1.11362e+08
914271
7.86444e+08
4.40906e+07
2.16027e+08
9.40249e+07
2.04035e+08
4.16443e+07
1.54836e+08
2.6051e+07
2.02983e+07
2.04381e+07
2.86515e+08
1.89797e+07
2.12407e+07
1.53387e+08
2.2308e+07
3.01512e+07
3.69298e+07
4.54588e+07
9.88711e+07
1.38164e+08
3.53199e+07
8.72906e+07
1.14725e+09
5.85008e+07
2.04363e+07
7.73753e+06
3.50775e+07
2.36364e+07
2.90919e+07
7.08355e+07
3.01202e+07
1.52058e+07
6.69172e+07
5.14674e+07
5.05042e+07
1.05814e+08
1.54084e+07
4.99578e+07
3.23756e+07
1.25271e+09
1.25545e+09
1.24182e+06
4.43412e+07
3.37121e+07
1.58037e+08
2.44026e+08
1.43427e+07
2.03534e+07
2.78068e+08
3.81538e+07
1.12975e+08
3.95158e+08
5.85739e+07
8.9755e+08
2.52443e+08
1.02421e+08
1.67171e+09
2.79876e+07
2.40329e+09
3.25803e+07
5.73399e+07
3.0957e+07
7.78598e+07
3.27872e+08
1.5548e+08
2.81084e+07
2.97615e+07
8.43528e+07
3.54379e+07
1.21368e+08
3.1747e+07
1.68439e+07
5.91131e+07
164877
2.48798e+07
2.38715e+07
2.37657e+07
1.14779e+08
6.59348e+07
7.37833e+08
4.79236e+07
9.38624e+07
3.60012e+07
3.27346e+07
1.6741e+07
2.66667e+07
3.72035e+07
9.45791e+07
5.10092e+08
3.78979e+07
9.09427e+07
2.29726e+07
8.14061e+08
4.87523e+07
3.88053e+07
3.79997e+07
8.55088e+08
1.5756e+08
6.75403e+07
5.63702e+07
6.18667e+07
6.39728e+07
1.10472e+07
7.4275e+07
6.18776e+07
2.36929e+07
2.22452e+08
6.17858e+07
3.20239e+07
5.65013e+07
1.62796e+09
6.30079e+07
3.88537e+07
6.94859e+07
1.73915e+08
1.7641e+08
2.78362e+07
7.50943e+07
2.77653e+07
2.50814e+07
9.73495e+06
1.65255e+08
1.57593e+08
1.76982e+08
2.34533e+07
4.57017e+08
8.36537e+09
2.95017e+08
3.29412e+07
9.45051e+06
4.42702e+07
1.45157e+09
5.36106e+07
2.46871e+07
1.21895e+06
3.95375e+08
1.54518e+07
762603
6.96321e+07
2.29494e+07
2.91848e+07
2.18504e+07
3.81088e+07
5.08063e+07
4.99322e+07
1.46557e+07
1.4991e+07
9.54622e+08
3.17097e+07
96587
1.64326e+07
8.67377e+07
3.02704e+07
4.95944e+07
5.42037e+07
9.28353e+07
5.82012e+07
2.97906e+07
7.3288e+08
2.43276e+07
184842
2.46827e+08
2.43325e+07
7.63108e+07
2.06794e+09
4.21365e+07
1.53488e+07
2.64733e+07
5.45133e+07
3.85051e+07
9.99639e+06
1.75626e+07
5.44737e+07
6.87013e+07
1.06681e+07
2.47103e+08
2.87874e+07
1.94189e+08
8.89798e+07
6.2272e+07
4.95572e+08
368523
3.56944e+09
3.86961e+07
4.07075e+07
1.06285e+09
377005
5.82969e+07
9.74426e+08
1.90196e+08
1.9244e+08
1.91177e+07
5.96976e+07
6.86127e+09
6.45372e+07
2.87796e+07
6.43995e+07
3.5522e+07
9.40843e+07
1.7592e+07
1.7736e+08
4.25124e+07
1.92127e+08
2.35869e+07
1.19357e+08
8.90407e+06
1.86243e+07
1.00144e+08
1.32777e+08
1.45776e+08
9.23977e+07
1.00801e+08
7.59195e+07
3.25328e+08
2.21706e+07
7.33977e+07
1.19185e+07
1.98759e+07
2.85259e+07
9.28797e+07
7.96709e+07
9.57154e+07
3.55166e+07
4.3126e+07
2.68724e+07
2.45873e+08
3.91045e+07
2.19879e+07
3.37151e+07
7.54165e+06
5.45984e+07
4.84754e+07
1.02806e+08
2.09204e+07
2.12164e+07
214003
2.23831e+07
1.55298e+08
3.64735e+07
2.70119e+07
7.74134e+07
3.99891e+07
4.43665e+07
772848
8.77203e+07
2.7392e+07
4.32901e+08
6.48603e+08
1.79907e+07
4.72689e+07
8.08567e+07
2.6968e+08
2.82561e+07
2.30014e+07
4.03201e+08
2.66025e+08
3.13771e+08
7.85868e+07
1.93693e+07
1.04092e+08
2.18224e+07
3.15409e+08
4.40888e+07
2.78381e+08
2.74745e+08
8.64316e+07
1.02962e+07
6.27805e+07
2.5488e+08
4.56071e+07
2.75813e+07
2.15832e+08
3.86476e+07
1.7254e+07
2.69884e+08
1.26598e+08
5.02778e+07
4.04586e+07
2.5521e+08
2.6527e+08
1.85699e+07
1.07953e+06
6.6292e+07
1.3841e+06
1.25843e+06
3.73304e+06
4.07217e+07
1.1946e+08
3.45955e+07
9.8019e+07
1.41892e+08
2.17405e+08
2.19723e+08
3.31016e+07
5.62526e+07
3.49934e+08
2.48905e+08
2.20317e+08
2.40211e+07
3.35093e+07
1.34376e+07
1.45766e+07
251944
3.44719e+07
7.14546e+07
4.65473e+07
9.88922e+07
4.81397e+07
2.48494e+07
4.03545e+08
2.91197e+08
1.73403e+07
3.21873e+07
6.41812e+07
3.99991e+06
1.40825e+06
1.23481e+07
5.4249e+07
2.88647e+07
2.36087e+08
2.38809e+07
5.05156e+07
1.43597e+07
3.88725e+07
1.33699e+08
1.97369e+07
2.95272e+08
3.86277e+08
3.41175e+06
5.856e+07
1.44944e+07
111137
3.45878e+06
1.87056e+09
4.52508e+08
5.21459e+07
2.44854e+08
1.56566e+08
5.86782e+07
1.17021e+08
2.06792e+07
9.60939e+07
9.74857e+07
2.32904e+07
8.9057e+08
1.33113e+08
2.39555e+09
1.00764e+08
7.06344e+07
3.09563e+07
1.13133e+06
1.34423e+08
4.20871e+07
1.95189e+09
2.41491e+07
4.86788e+08
4.11864e+07
979633
3.57173e+07
6.15711e+07
7.15651e+07
1.5432e+08
4.47404e+07
2.43706e+08
3.05259e+06
133649
2.84514e+07
6.82942e+07
2.42264e+08
1.79642e+08
1.48862e+08
2.06883e+08
1.54288e+06
1.50932e+06
2.13578e+07
4.52772e+07
6.84627e+08
2.44657e+08
5.46963e+07
1.12114e+09
5.48501e+07
9.48653e+07
5.23931e+07
1.76726e+07
1.2983e+07
5.58154e+08
6.62106e+06
2.21215e+07
1.20244e+08
1.07242e+08
3.06758e+07
4.62808e+07
1.10316e+08
3.06319e+08
8.28317e+07
1.64059e+08
2.71146e+07
2.35152e+07
7.81966e+07
2.91119e+07
1.24013e+08
2.24146e+07
2.90489e+07
5.02351e+07
8.13028e+07
4.45017e+06
3.00482e+06
4.16714e+07
2.85262e+07
1.08808e+08
1.03552e+08
3.46863e+07
1.22776e+09
2.48538e+07
2.82047e+08
2.66984e+07
2.78872e+07
4.62368e+08
138248
1.55005e+07
7.19568e+07
1.4982e+07
4.27064e+06
3.30457e+07
2.26792e+07
2.57631e+08
2.47631e+07
2.6826e+08
2.77898e+08
1.24894e+08
3.40997e+07
8.05675e+07
2.18164e+07
5.01586e+06
1.46849e+07
1.62335e+09
5.31437e+06
5.86536e+07
1.01492e+08
2.35503e+07
4.88497e+09
8.94766e+07
2.70192e+08
1.4853e+06
2.74575e+08
1.60688e+08
3.21264e+08
9.07972e+07
1.00062e+06
8.42998e+07
2.33167e+07
5.22571e+08
4.04123e+07
4.42493e+08
4.107e+08
7.72255e+07
1.34985e+06
3.24e+08
7.61975e+07
2.52664e+07
1.58517e+08
1.57396e+07
3.15065e+07
1.86793e+07
1.04352e+09
6.32414e+07
1.70344e+09
1.72572e+06
3.23548e+07
5.93268e+07
1.66152e+08
6.25054e+07
6.48022e+07
1.38618e+06
6.49892e+07
1.54648e+08
3.71119e+07
2.9501e+08
2.38434e+08
7.61744e+07
6.28282e+07
3.16848e+08
1.14966e+06
3.48233e+07
3.34269e+08
3.18892e+07
1.30544e+08
4.25482e+07
3.11117e+07
3.40272e+07
3.56073e+08
4.72403e+06
7.68433e+06
2.73289e+08
1.72044e+08
4.2024e+08
4.91634e+07
8.4909e+07
1.41205e+08
6.30339e+06
1.95734e+08
2.98074e+07
4.21185e+07
2.29747e+07
1.49347e+08
1.34793e+08
3.15266e+07
6.70417e+08
2.9235e+07
2.18216e+07
3.07669e+08
5.31837e+08
5.02507e+07
4.57758e+08
3.76701e+08
3.92199e+06
2.9421e+07
9.5402e+08
1.82729e+07
9.63771e+06
6.47798e+07
4.39516e+08
1.01297e+07
4.63975e+07
3.19465e+07
3.02974e+08
2.02455e+07
1.01774e+07
1.44849e+08
1.68098e+08
1.48278e+08
2.47609e+07
2.50323e+07
1.84162e+08
2.10474e+07
1.9017e+07
2.74139e+08
9.1402e+08
2.85235e+08
1.51212e+08
5.65301e+07
6.58188e+07
1.92605e+07
1.55017e+09
5.26184e+08
3.0383e+08
1.11023e+06
704872
5.33019e+07
4.58155e+06
3.01513e+08
6.69979e+07
1.77762e+08
1.72218e+06
5.93145e+07
6.36276e+07
1.96069e+08
2.9681e+07
2.30075e+07
7.2357e+07
7.66184e+07
1.32193e+08
4.30181e+08
1.69412e+08
1.72457e+08
9.99404e+07
1.05012e+08
2.40977e+07
2.92312e+07
1.17892e+08
2.97847e+07
1.15638e+08
6.7148e+07
1.53232e+08
4.98981e+06
1.07699e+08
3.26984e+08
3.49275e+07
2.74428e+07
2.04541e+07
7.69756e+07
1.56479e+08
1.41161e+08
1.47247e+09
1.69356e+08
1.82817e+09
5.59241e+07
5.58049e+08
9.0635e+07
2.83249e+08
7.58877e+07
2.02422e+08
1.60375e+08
2.4197e+07
5.12238e+08
9.58763e+07
1.54799e+08
3.54272e+07
3.8639e+08
6.20195e+08
3.50213e+07
3.72726e+08
3.38462e+07
3.52489e+07
1.26192e+08
4.24709e+07
989671
9.79174e+08
4.08191e+07
3.96847e+07
7.78815e+07
3.78636e+08
8.36081e+07
5.66357e+07
1.41115e+08
1.69465e+07
2.75498e+07
1.98831e+08
3.78768e+07
1.74467e+08
6.62478e+07
1.87979e+07
2.62929e+07
1.19456e+08
4.01329e+08
1.37137e+08
4.60199e+08
3.57472e+07
1.01019e+09
1.57815e+08
1.73738e+08
2.79723e+07
1.90695e+07
4.34663e+07
1.22308e+09
8.05781e+07
1.74977e+08
3.81334e+07
2.86923e+08
5.20319e+08
3.76799e+07
1.06651e+09
5.01143e+08
9.61944e+07
6.58845e+07
2.23687e+08
3.58102e+06
1.19033e+08
1.24765e+08
2.31201e+07
2.18177e+08
5.36114e+07
6.68294e+07
2.03893e+08
1.34685e+08
5.75753e+07
8.27318e+07
2.63476e+09
2.2201e+08
6.65061e+07
9.75182e+07
1.63937e+08
2.18759e+06
6.01512e+07
7.18449e+07
7.82852e+07
5.85771e+07
6.83782e+07
6.33395e+07
2.95845e+06
2.17107e+09
4.43863e+08
9.09883e+07
2.63832e+08
1.78999e+08
1.90133e+07
9.16551e+07
9.70581e+07
2.15922e+09
4.53079e+08
1.23169e+09
1.18614e+08
5.7021e+07
2.48847e+07
1.62811e+07
1.0811e+07
4.26983e+07
4.0088e+07
6.9425e+07
1.91039e+08
2.11596e+07
6.82662e+07
3.93935e+08
1.37749e+08
4.08338e+07
5.76711e+06
1.93126e+07
3.60906e+07
2.22313e+08
1.58351e+08
2.42744e+08
5.63611e+07
2.2699e+07
1.87992e+08
3.52752e+06
4.29461e+08
2.88171e+07
1.84353e+06
3.92283e+08
1.19181e+07
3.72994e+07
1.24915e+08
1.35296e+09
3.87451e+07
3.66943e+08
1.92259e+07
1.89182e+08
1.30457e+06
4.32831e+07
1.87973e+07
2.94576e+06
1.5203e+08
1.48327e+08
1.57584e+08
1.4758e+07
2.30169e+08
1.43609e+08
1.18125e+08
1.38366e+07
7.41385e+07
1.73322e+08
1.39371e+06
3.61368e+07
9.62277e+07
4.7113e+07
8.99814e+07
1.57472e+08
7.36968e+07
7.51904e+07
9.60546e+06
1.99752e+08
3.65956e+08
3.56292e+07
4.13684e+07
1.65759e+07
7.74029e+07
2.41064e+08
4.98622e+08
1.99703e+07
1.42147e+08
7.35188e+07
5.25946e+07
1.41244e+08
2.18391e+08
3.81279e+07
1.08099e+08
1.28453e+08
8.53739e+07
5.5666e+08
2.6363e+06
4.74267e+07
1.7503e+08
2.41119e+08
2.13325e+08
1.51592e+08
1.87876e+07
9.15756e+07
7.24149e+07
9.9631e+07
7.22225e+07
1.24629e+08
4.68058e+07
2.31058e+08
1.99227e+08
8.93698e+08
2.15721e+08
9.83968e+07
2.78172e+07
3.93008e+08
4.82362e+08
8.01752e+07
3.96511e+08
2.56903e+07
4.70121e+08
4.7896e+08
1.04325e+08
1.27421e+08
2.0995e+06
3.19123e+07
1.73062e+09
1.1432e+08
5.62085e+08
1.17809e+07
6.98115e+07
1.18296e+08
7.4964e+07
1.70966e+08
1.31814e+07
3.42498e+07
1.30793e+07
2.95408e+06
3.81114e+08
1.67485e+08
1.08858e+07
1.14662e+08
4.39542e+07
3.2556e+07
7.20137e+07
1.54101e+08
1.86099e+07
8.34955e+07
1.75187e+07
6.94827e+07
4.57596e+08
4.75594e+07
1.2138e+08
1.44737e+07
3.01557e+07
2.41103e+06
1.02032e+08
1.74756e+08
1.17709e+08
4.35619e+07
2.46412e+08
1.55182e+07
9.6368e+07
9.89729e+06
2.70212e+07
2.3578e+07
8.48969e+07
1.42801e+08
1.46199e+06
2.53855e+08
2.29791e+07
2.42735e+08
4.16845e+08
1.30258e+07
4.58883e+08
4.12585e+07
1.73518e+08
4.26697e+06
6.00796e+07
2.40782e+08
5.32075e+07
2.7241e+08
1.53403e+07
4.97006e+07
7.54e+07
1.66657e+07
7.67001e+07
2.41427e+08
7.30108e+07
5.07382e+08
4.01315e+08
5.73294e+07
4.09812e+08
1.35537e+08
3.40781e+07
1.03304e+08
4.04019e+08
5.10487e+08
2.22279e+07
1.75125e+08
2.49259e+07
7.84294e+07
5.70865e+08
1.28803e+07
9.03335e+07
5.1281e+07
3.77239e+07
5.183e+07
8.0246e+08
2.03414e+08
2.20877e+07
2.59683e+08
5.90369e+07
8.12984e+07
1.28195e+06
8.39319e+08
1.97083e+09
1.17175e+07
3.90729e+07
2.48395e+08
6.91479e+06
6.52762e+07
2.08479e+09
1.13085e+08
1.15954e+09
3.09093e+07
1.67806e+08
7.38453e+07
1.24282e+08
2.63682e+08
6.05753e+07
1.26121e+07
2.59706e+07
1.00681e+08
3.60194e+08
6.18603e+07
1.4593e+06
2.21431e+08
3.03772e+07
1.76665e+08
1.50527e+06
8.27387e+07
8.47647e+07
3.21901e+09
9.61991e+07
1.25313e+08
6.21902e+07
1.8257e+07
151155
5.54536e+07
1.41821e+08
2.7857e+07
2.62737e+07
2.23489e+08
5.78916e+07
1.90055e+07
8.37769e+07
1.94451e+07
1.94468e+08
6.47144e+08
1.29931e+08
2.50362e+08
2.35544e+07
6.76805e+08
1.67887e+07
2.10082e+08
1.50453e+08
7.34197e+07
8.91081e+07
3.42398e+08
7.6e+07
2.24745e+08
9.18058e+07
2.19833e+08
1.88369e+08
6.16986e+06
88207.8
3.00934e+07
2.77037e+06
7.39508e+07
2.69684e+08
2.49889e+07
6.34346e+07
2.68715e+08
3.15762e+07
3.16614e+08
1.36701e+08
2.90515e+06
1.34867e+08
1.25658e+08
2.69328e+06
1.16637e+07
1.3275e+08
1.72049e+08
1.19809e+08
3.36008e+08
2.77183e+06
1.03335e+07
1.46551e+07
7.37631e+07
5.49774e+08
1.96689e+08
3.00363e+07
3.01691e+07
2.14362e+07
2.50127e+07
3.63669e+08
1.55814e+08
1.00545e+06
2.85814e+08
2.47188e+08
1.64749e+08
8.26256e+08
1.55872e+08
4.78281e+08
5.18481e+07
4.05205e+06
8.14551e+07
7.40874e+08
2.53639e+06
1.32072e+07
2.3181e+07
2.91837e+08
2.38155e+07
1.61078e+08
1.29771e+07
7.09151e+07
1.53849e+08
6.55673e+07
9.26457e+07
3.02394e+08
7.11227e+07
1.97984e+07
1.65998e+07
2.58076e+07
5.07311e+07
4.0824e+07
6.78406e+08
6.68175e+08
1.42142e+06
8.63918e+07
3.11479e+06
2.98593e+08
8.70604e+07
2.70595e+07
2.22612e+08
1.64474e+07
3.72448e+07
2.57486e+09
4.0639e+08
2.10738e+09
1.01063e+08
1.56808e+08
2.91711e+08
3.57296e+08
1.46981e+08
4.94629e+07
5.55654e+07
6.19049e+07
1.54173e+09
1.0179e+08
6.31812e+09
6.97928e+07
534586
1.30104e+06
2.95543e+07
2.25281e+08
9.20107e+08
2.11453e+07
6.20891e+07
7.76616e+07
5.84252e+07
1.85325e+08
1.06058e+08
1.21996e+08
2.96396e+07
6.38693e+07
1.41037e+08
4.31795e+07
7.22728e+07
3.95165e+07
2.13929e+08
7.92721e+08
1.50264e+06
2.44253e+08
6.36256e+07
1.79183e+07
3.42264e+08
6.58505e+07
2.61602e+07
9.52115e+07
1.23561e+08
7.14622e+07
9.81506e+07
1.30159e+08
3.77774e+07
1.59047e+08
1.4363e+08
2.4008e+08
1.53793e+08
1.05822e+08
1.6061e+08
3.25287e+07
898964
1.18146e+08
1.9029e+07
2.49565e+08
1.60656e+07
2.23916e+07
1.13708e+08
3.64083e+07
1.48241e+06
8.73758e+07
9.29478e+07
2.29287e+08
1.35413e+07
1.37755e+07
6.63715e+07
2.20984e+08
7.74666e+06
3.55989e+08
2.26097e+08
1.08933e+08
4.24723e+06
4.09226e+06
1.24198e+08
1.3806e+08
2.80284e+08
1.7122e+06
6.9386e+07
7.60935e+07
1.3278e+08
6.74732e+06
5.22606e+07
8.95076e+07
3.872e+06
1.4845e+06
2.67385e+08
2.84013e+08
663094
3.00224e+07
86907.6
2.77349e+07
1.63204e+08
1.28821e+08
1.02443e+07
8.07058e+07
2.38745e+08
2.85449e+08
7.05643e+08
1.98812e+07
4.30415e+08
1.5174e+07
6.79604e+07
6.73321e+07
8.22185e+07
4.67294e+07
2.96931e+07
1.40439e+07
1.14109e+08
2.05194e+07
1.91637e+08
1.46381e+07
5.32157e+08
7.8705e+07
1.80464e+07
3.86313e+08
7.15116e+07
4.3701e+06
2.36905e+08
2.44635e+08
6.03145e+08
4.79692e+08
4.97211e+07
7.64097e+07
2.75885e+07
3.10749e+07
3.25962e+08
1.41645e+08
7.85093e+07
1.3465e+08
5.01677e+07
1.03545e+09
2.14315e+09
2.47495e+08
2.93652e+08
8.74042e+07
1.70348e+08
1.52051e+08
8.2267e+07
6.97049e+08
1.78257e+08
9.93622e+07
4.10086e+08
4.84213e+07
1.99378e+08
4.89588e+08
2.28988e+08
1.03188e+08
3.03942e+08
8.25222e+08
1.28548e+07
2.34727e+08
3.02281e+07
1.05596e+08
396785
3.24931e+08
9.6546e+08
7.20151e+08
7.72025e+07
2.38892e+08
2.34791e+08
1.04227e+06
2.47299e+08
2.45336e+07
1.90713e+09
1.12869e+07
3.75422e+07
8.57841e+07
1.42427e+08
1.89788e+08
9.03486e+07
7.527e+08
4.49859e+08
367787
1.92251e+09
7.76709e+08
1.32541e+07
4.03289e+08
4.24475e+08
406646
1.34808e+08
6.6908e+08
4.92481e+09
4.009e+07
4.83752e+08
121707
2.14029e+07
1.9719e+08
8.86905e+08
6.59818e+07
4.91647e+07
4.64149e+08
1.11258e+08
3.57442e+07
1.18293e+06
4.14181e+07
9.53175e+07
1.6602e+08
1.51895e+08
3.66639e+08
8.68688e+07
8.36868e+07
4.75371e+08
7.17856e+08
3.37613e+08
3.22834e+08
1.07393e+07
2.24226e+07
3.84587e+08
4.96866e+08
4.85791e+08
6.05133e+07
1.45846e+08
8.52196e+07
4.7726e+08
1.64857e+09
2.75421e+06
4.99531e+07
1.55185e+08
99802.1
8.36688e+07
2.30257e+08
1.03019e+07
1.92781e+08
1.1892e+06
1.0652e+07
9.62073e+07
9.68441e+07
1.15266e+08
2.17854e+07
3.00611e+06
2.25015e+07
4.05444e+08
1.50991e+06
3.91119e+07
9.63285e+07
9.57555e+07
1.78908e+08
2.08916e+08
9.50391e+07
4.80454e+08
2.2292e+08
6.13033e+07
9.12204e+07
1.27836e+08
2.26844e+08
4.5191e+08
6.98793e+08
4.75036e+08
1.91204e+07
5.88605e+08
3.29976e+08
3.44868e+07
4.78574e+08
4.55199e+08
2.28915e+08
2.12096e+08
1.27086e+07
1.07012e+08
4.60247e+08
1.16885e+08
3.64459e+10
3.62326e+08
2.27558e+08
1.87846e+09
2.23885e+07
5.37075e+07
1.1078e+08
3.59664e+08
9.36536e+07
2.81595e+08
1.15722e+07
1.32201e+09
1.80021e+08
1.63196e+07
2.0584e+08
2.81346e+07
9.85647e+07
1.99404e+08
1.42823e+08
1.81484e+08
9.88149e+07
5.29103e+07
1.57431e+08
3.56851e+07
2.84262e+08
1.9195e+08
2.37181e+08
1.96748e+06
9.72963e+07
5.87135e+07
2.17886e+08
3.6196e+08
2.80717e+07
4.2404e+08
8.84348e+07
3.12882e+08
9.39288e+07
1.66566e+08
4.23867e+07
2.44556e+07
1.76475e+06
4.19237e+08
1.71717e+08
1.8424e+08
1.69997e+08
101896
7.68876e+07
4.0621e+07
2.64073e+08
4.20646e+07
7.48603e+07
1.30298e+07
1.0202e+08
3.75299e+07
2.66723e+07
1.773e+08
9.22329e+07
5.56535e+08
7.46874e+07
3.88818e+07
2.11602e+07
3.19907e+07
3.12892e+07
1.17e+08
1.24058e+06
7.97082e+08
1.94464e+07
2.51165e+08
1.06351e+07
2.23291e+08
4.57575e+07
1.37335e+06
4.02909e+07
8.22511e+07
843745
7.62203e+08
1.36756e+08
4.31006e+07
2.13367e+09
1.27832e+07
7.38281e+08
4.09065e+08
1.51439e+06
3.33913e+08
2.48704e+07
1.02965e+08
2.31383e+08
6.05612e+07
1.38783e+07
3.01309e+08
4.98045e+08
4.38309e+08
5.66621e+07
9.74959e+07
606724
5.25694e+07
1.77132e+08
3.94468e+07
1.6965e+08
1.3599e+09
2.3913e+07
1.62246e+08
3.79829e+07
1.76594e+06
1.30765e+07
2.31827e+08
9.03962e+07
1.22961e+08
1.39291e+09
6.35651e+07
4.04971e+08
4.25624e+07
2.78188e+07
5.55101e+07
431331
1.05806e+07
4.62605e+07
9.11787e+06
7.13912e+07
2.52926e+08
1.02315e+09
4.43935e+07
1.01428e+09
1.3265e+07
2.52043e+07
1.12031e+09
1.57054e+08
5.4635e+06
4.95839e+07
1.18816e+08
3.62824e+07
3.49253e+06
1.65082e+08
3.4372e+08
9.48494e+08
5.33437e+06
2.96865e+08
9.67026e+07
5.20131e+07
9.55769e+07
1.19444e+08
9.20283e+08
6.57161e+08
4.48789e+07
1.90263e+08
2.36586e+08
8.60758e+07
8.0806e+07
2.39804e+07
3.14339e+08
2.06112e+08
9.48642e+07
3.99461e+07
6.50061e+07
2.20952e+08
2.6387e+07
9.28581e+07
5.52966e+07
8.24471e+07
2.49566e+07
4.64432e+08
855744
2.2352e+07
5.31057e+07
6.11692e+08
5.01414e+07
9.78793e+07
7.50043e+07
1.73791e+07
9.12123e+07
4.26092e+07
1.49413e+08
1.7773e+07
2.33243e+08
1.56462e+07
5.91161e+07
3.28677e+07
7.34708e+08
2.50381e+08
1.23381e+07
4.52444e+08
1.0542e+08
2.82215e+08
1.13607e+08
8.66053e+06
2.41992e+07
4.28793e+06
4.6727e+07
1.47025e+08
4.83422e+08
2.62386e+08
6.06043e+07
1.34243e+08
8.05581e+07
1.87475e+07
1.50602e+07
1.76411e+07
1.33265e+06
1.28715e+08
5.04351e+07
2.29068e+08
5.74666e+08
1.17836e+08
4.14621e+07
9.88108e+07
1.74807e+08
1.14706e+08
1.86339e+08
2.28871e+09
5.06345e+07
1.07105e+08
1.87507e+09
1.81354e+08
1.79185e+07
7.80477e+08
2.33722e+07
3.54128e+07
2.5394e+08
1.66647e+08
1.36796e+08
5.60331e+07
4.30956e+08
2.76697e+07
1.0343e+08
3.10695e+07
5.67089e+08
2.53672e+08
1.07181e+08
3.27219e+07
6.3027e+07
1.8669e+08
1.20027e+09
1.02131e+07
8.00125e+07
1.56851e+09
3.87542e+07
5.90486e+08
2.44872e+08
5.75528e+08
6.66683e+07
2.64392e+07
5.81708e+07
1.3893e+08
2.59064e+08
6.14405e+07
1.56741e+08
1.04967e+07
1.38015e+07
1.00034e+08
2.00616e+07
1.75035e+08
2.62115e+09
3.28635e+08
6.77249e+07
9.11944e+07
1.32668e+08
1.13818e+06
5.14328e+08
1.48349e+08
1.21005e+08
1.11529e+08
7.62182e+07
4.73164e+07
3.15986e+09
1.938e+07
4.22545e+07
6.82905e+07
2.84994e+06
1.33415e+06
2.76812e+08
2.64535e+07
2.42059e+07
4.78016e+07
1.37593e+07
8.92547e+07
4.27714e+07
6.30734e+07
1.34121e+08
4.02161e+08
5.31086e+07
5.97045e+07
7.06448e+09
1.5795e+07
7.40285e+07
1.67766e+07
5.30906e+07
8.03764e+07
1.35075e+08
1.04871e+08
2.04832e+08
2.04243e+09
1.69644e+08
2.80302e+07
1.64904e+07
9.17247e+08
1.69554e+07
1.06795e+07
1.7581e+07
1.24804e+08
1.19923e+08
3.03875e+07
1.03285e+08
1.26681e+08
4.40713e+08
9.30657e+08
4.54425e+07
2.07374e+07
2.81921e+06
1.64446e+07
5.6418e+07
1.39912e+07
2.92215e+08
8.84697e+08
1.64123e+09
8.13415e+07
3.66464e+07
6.55229e+08
8.82047e+07
2.88482e+08
9.23509e+08
1.77054e+07
6.85124e+07
2.323e+08
110751
2.93303e+07
1.89642e+07
4.76769e+06
2.6235e+08
4.68934e+09
1.07339e+09
4.52199e+07
4.03213e+08
2.82181e+08
6.84226e+08
2.87248e+08
9.56553e+08
1.03287e+08
1.45387e+06
2.3233e+08
7.52215e+07
5.09162e+07
2.80511e+08
5.52345e+08
8.06238e+07
5.12599e+07
1.75977e+08
8.30961e+08
3.73404e+08
2.06353e+07
5.10585e+07
7.67546e+08
1.18731e+07
3.09075e+06
7.63026e+06
6.65331e+07
3.74397e+06
2.52537e+07
4.32424e+08
1.76394e+07
8.91263e+07
4.33938e+08
6.35465e+07
8.49955e+07
2.98745e+08
1.94953e+08
3.96976e+08
2.08015e+07
4.33712e+08
1.13122e+06
6.10379e+07
1.55626e+08
4.76932e+08
5.7126e+07
3.24389e+07
4.06346e+07
6.86153e+06
3.61466e+07
1.17713e+09
1.60205e+08
1.05962e+07
7.58068e+07
6.26496e+07
1.38227e+07
2.42382e+09
8.45693e+07
4.10349e+07
4.74509e+06
3.78734e+07
7.65971e+07
2.87288e+06
1.19132e+08
1.07647e+07
1.20316e+08
6.48385e+07
3.32707e+08
2.95794e+08
1.09986e+08
2.15026e+08
2.76218e+07
1.30532e+08
2.26288e+07
8.6222e+07
3.79936e+07
1.33377e+08
1.4728e+08
4.44835e+08
7.8344e+07
3.35942e+08
6.03814e+07
1.82079e+08
2.10206e+07
3.17141e+08
9.44572e+07
2.92352e+06
2.1414e+07
2.20703e+08
3.80115e+08
4.25239e+07
4.34164e+06
1.41036e+08
2.19551e+07
5.85072e+08
4.25478e+08
1.80396e+07
7.32777e+08
1.8789e+09
2.70945e+08
586093
1.92757e+09
3.95e+08
3.83648e+09
2.00744e+07
5.81598e+08
6.91352e+07
4.08739e+07
8.33683e+08
2.22249e+07
4.67938e+08
1.09005e+08
3.68048e+07
1.91286e+07
3.2182e+07
4.24899e+07
1.60622e+08
2.28775e+08
7.47849e+07
5.42798e+07
1.51183e+08
2.01417e+07
3.26754e+07
3.06334e+07
5.49719e+08
8.49287e+07
1.24572e+07
7.50787e+07
2.62119e+08
1.20862e+08
1.05626e+08
8.7863e+07
2.649e+08
5.62374e+07
4.26927e+07
6.23126e+08
2.03626e+07
2.31042e+08
2.16689e+07
5.24144e+07
7.5165e+08
1.61082e+08
1.73514e+08
5.79899e+08
1.55747e+08
2.25377e+08
3.82426e+07
2.17011e+08
2.73548e+07
1.77978e+07
6.36323e+07
9.57537e+07
3.39625e+07
8.61445e+07
5.12798e+07
7.64621e+07
1.31257e+06
1.1872e+06
2.1684e+08
2.87166e+08
4.49621e+07
6.62342e+08
6.21019e+08
1.26954e+08
2.47119e+08
4.59551e+07
2.0689e+08
1.18793e+08
1.21765e+08
5.39401e+08
1.66255e+07
6.10026e+07
2.26671e+07
3.44425e+07
1.01371e+08
2.23311e+07
1.08526e+08
2.78382e+07
4.38313e+07
3.32325e+08
2.37002e+08
1.6594e+08
2.31064e+08
3.82256e+08
1.39195e+08
6.31201e+07
5.65146e+07
3.208e+08
2.64857e+07
3.1428e+08
3.28704e+07
1.19152e+08
946016
5.71775e+07
3.5434e+08
1.79726e+07
8.87632e+07
4.81511e+07
4.87483e+07
1.61914e+07
7.73332e+07
4.78612e+08
4.20196e+07
3.52195e+08
4.24772e+07
3.77736e+08
9.41237e+08
3.0417e+08
114016
5.15645e+08
1.07013e+08
4.8208e+07
2.94159e+08
4.66671e+08
2.7732e+06
966029
6.15938e+07
1.2235e+07
1.32366e+08
4.27689e+07
5.41254e+08
3.33836e+07
2.12425e+07
3.42974e+08
319948
1.12077e+07
1.37747e+07
7.06154e+08
2.60767e+07
1.85533e+08
3.98738e+08
1.64532e+08
1.03306e+08
1.6186e+08
440917
2.28378e+07
1.26519e+06
7.55691e+08
2.32533e+07
4.13161e+07
8.10352e+08
5.25523e+07
3.55434e+07
1.7395e+08
7.2705e+07
1.1183e+09
1.40051e+09
1.71036e+09
2.64989e+08
4.63151e+08
4.49717e+07
8.58288e+08
7.29212e+07
4.9129e+07
1.75567e+08
1.14447e+09
1.46509e+09
1.68479e+08
5.08672e+07
4.56285e+08
4.964e+07
6.73568e+08
1.01902e+08
1.33273e+06
3.99905e+08
1.29385e+08
4.56009e+08
2.29397e+08
1.99758e+07
1.88337e+08
2.58029e+07
7.65849e+07
2.08775e+08
2.87158e+07
3.16616e+08
1.32677e+08
2.43787e+08
3.97545e+08
3.57509e+07
1.04651e+08
4.29166e+08
7.02371e+07
3.59744e+06
3.93343e+08
5.2387e+08
2.58904e+07
1.10181e+07
1.361e+09
3.12387e+08
4.19964e+07
1.75315e+07
2.91267e+07
1.88578e+09
1.19822e+08
1.3927e+08
2.30346e+07
3.35935e+08
1.05127e+07
108296
2.65349e+08
2.00555e+08
3.10891e+07
8.76922e+08
1.07156e+07
2.5316e+07
1.68326e+06
3.24618e+08
3.40829e+07
1.09185e+09
4.49433e+08
1.97945e+06
2.49019e+08
5.54965e+08
8.64174e+07
4.13387e+07
1.99422e+09
1.31203e+08
1.51016e+07
3.76899e+07
1.72078e+08
1.03595e+08
1.70167e+09
1.45656e+07
1.73125e+08
4.98571e+07
6.30811e+08
6.23967e+07
6.63157e+07
3.53013e+07
1.41161e+08
3.80427e+08
1.039e+08
3.96976e+07
8.40458e+06
8.9263e+08
4.89783e+08
2.14481e+08
1.57068e+07
1.1532e+09
1.94061e+07
5.49496e+08
97143.9
1.17947e+08
9.62008e+07
4.98459e+08
6.08405e+07
3.24381e+07
4.11758e+06
8.50514e+07
2.2532e+08
4.73147e+08
7.32137e+07
4.89984e+07
1.19709e+08
247009
1.51371e+07
2.40181e+06
8.21212e+07
2.97471e+08
1.96651e+09
2.05635e+08
1.64123e+08
2.42039e+08
2.58835e+07
2.0176e+09
5.85063e+08
5.01086e+07
6.55471e+07
1.69829e+08
2.86024e+08
3.56441e+07
2.20058e+08
1.51214e+06
7.24928e+07
2.74097e+06
3.64618e+06
9.20444e+08
1.13895e+09
1.00397e+06
8.96856e+06
4.42112e+08
7.44994e+07
6.49566e+06
92695
9.66945e+07
7.37589e+07
4.68584e+08
7.96703e+07
2.54412e+08
1.95888e+08
1.91255e+07
3.47539e+07
1.08375e+06
4.62099e+08
1.08422e+08
1.92811e+08
4.02929e+08
8.42891e+08
1.74788e+07
6.05006e+08
1.67316e+06
5.03105e+08
1.10284e+06
4.2757e+08
7.16284e+08
7.89124e+07
5.42329e+06
1.52755e+08
3.7585e+07
5.3565e+08
3.95765e+07
6.67441e+07
1.52822e+07
1.3297e+07
1.07503e+06
4.0211e+08
1.4052e+09
6.24388e+07
1.04734e+08
3.22026e+08
9.80993e+07
1.47979e+08
4.35417e+08
9.16844e+07
1.79764e+06
1.27989e+08
1.71689e+08
4.86511e+07
1.02791e+09
1.86526e+07
4.53751e+07
5.42437e+08
709054
1.89169e+08
1.51427e+09
5.17869e+07
9.66047e+08
1.90828e+07
2.27791e+07
2.08165e+08
3.40974e+07
3.4953e+07
6.54331e+08
3.22692e+07
2.30148e+08
2.8856e+08
1.37596e+09
3.78724e+07
1.68938e+08
2.2115e+08
1.02213e+08
1.41986e+09
9.34568e+08
3.20279e+08
1.74056e+08
1.61889e+07
3.87448e+07
5.37459e+08
7.62015e+07
1.13434e+07
4.00422e+07
1.16724e+06
2.93522e+07
5.81924e+07
4.00999e+07
1.74416e+08
5.67472e+07
1.9004e+07
2.03397e+08
8.72668e+07
2.95662e+08
6.58324e+08
9.33037e+08
7.92264e+07
1.94962e+06
3.7958e+08
1.92676e+08
1.6359e+07
1.0204e+09
1.7348e+08
2.69768e+08
1.88695e+08
1.22567e+06
3.06157e+07
6.60263e+07
3.83865e+08
2.83252e+07
972882
1.19169e+08
2.70574e+08
2.36215e+08
1.75558e+07
1.38333e+07
4.63441e+08
4.27675e+07
3.11597e+08
9.4689e+07
6.79286e+08
3.27339e+08
2.67371e+08
2.19923e+08
3.11244e+09
3.49356e+08
3.04256e+07
8.04231e+07
4.50586e+08
1.57261e+08
8.23883e+07
1.04455e+09
103798
9.77105e+08
2.47393e+07
2.8061e+06
1.91755e+08
3.70721e+08
1.08487e+08
7.5261e+07
157903
1.09044e+08
4.54026e+08
1.44543e+08
6.39438e+08
5.75347e+08
9.41888e+07
8.95488e+07
3.71544e+07
1.0003e+08
6.74144e+07
2.17749e+07
3.66151e+08
1.21105e+08
4.19523e+08
5.43144e+07
4.55574e+07
8.66572e+08
2.31623e+07
4.70423e+08
1.57316e+09
1.94984e+07
2.99008e+08
2.31849e+08
5.05681e+08
2.09572e+08
2.00953e+07
4.54367e+08
3.23381e+06
2.10563e+07
2.11591e+08
2.09823e+09
2.75583e+07
1.82713e+07
1.11377e+09
1.00094e+08
4.41561e+08
4.08329e+08
1.42148e+08
5.72789e+08
1.57059e+08
1.61831e+08
3.04429e+07
415007
1.90342e+08
9.64783e+07
1.92057e+07
5.526e+07
3.42218e+07
1.46232e+08
7.50467e+09
2.17268e+09
1.39683e+08
1.01174e+08
1.68176e+06
9.96374e+08
1.45339e+07
7.48483e+07
4.61448e+07
1.64932e+08
1.18896e+09
6.71828e+07
4.56884e+07
1.46225e+08
2.41141e+08
1.92805e+08
1.67611e+08
6.6969e+08
4.08473e+08
1.3053e+09
8.25465e+07
1.47634e+08
3.94369e+08
8.41953e+08
4.03236e+07
7.20465e+08
4.64246e+07
4.70507e+07
1.57978e+07
2.76289e+07
1.12573e+06
3.62964e+08
4.53349e+08
7.26877e+07
8.85241e+07
5.24196e+07
2.5449e+06
2.14951e+07
2.13259e+08
2.75764e+08
7.66826e+07
6.0781e+08
5.22197e+07
5.79653e+07
2.94074e+08
2.98152e+07
1.48196e+09
5.24567e+08
2.19305e+07
1.90632e+09
2.40621e+07
2.42726e+08
4.45929e+07
1.53399e+06
2.60105e+07
1.00389e+09
3.40481e+06
4.8742e+07
1.87254e+07
2.25543e+08
424429
2.68242e+08
1.06854e+06
1.2919e+08
1.59039e+07
2.58278e+08
6.45834e+07
151698
2.81716e+08
1.91269e+08
1.36569e+09
5.0901e+07
1.9748e+06
2.45445e+08
2.13905e+08
3.39937e+06
2.24456e+08
6.45547e+08
1.86044e+07
1.94136e+09
6.85863e+08
2.02131e+08
9.34365e+07
1.09718e+09
2.83111e+08
2.27202e+08
2.46348e+07
1.47192e+08
2.17802e+08
3.80191e+07
3.65166e+08
6.05372e+08
2.07753e+08
4.08646e+09
5.85563e+08
2.89068e+08
1.29131e+08
1.49338e+08
1.54011e+07
3.20993e+07
3.54095e+08
1.66973e+07
2.376e+08
1.77194e+07
2.43274e+09
3.33136e+08
2.06087e+08
2.23329e+07
8.76311e+08
1.03892e+08
2.27585e+07
2.26404e+09
3.17403e+07
9.43016e+07
8.0484e+07
1.87422e+08
1.62345e+07
6.8709e+08
2.81305e+08
9.90288e+08
3.08148e+08
3.46076e+07
1.75577e+08
3.45842e+07
9.91932e+07
2.40998e+08
3.86252e+08
7.90695e+07
3.85247e+08
4.92695e+07
3.3735e+08
2.13405e+07
3.18041e+07
1.57422e+09
1.31479e+08
2.0198e+08
4.24631e+07
5.10336e+08
140883
2.30345e+08
2.01639e+09
1.17314e+07
4.22108e+08
1.16169e+06
6.56093e+07
1.04914e+09
6.83517e+08
2.91682e+08
6.38116e+07
3.42502e+08
4.28857e+07
8.74585e+08
7.70669e+07
1.01694e+08
1.51242e+08
6.16855e+07
7.52685e+08
3.20891e+07
2.96866e+06
1.08633e+07
5.76468e+08
5.63375e+07
2.79082e+06
6.46398e+07
7.33691e+08
3.09843e+07
1.16933e+08
4.18733e+06
2.66984e+08
2.48617e+07
162856
7.89342e+08
1.07267e+09
4.65593e+07
2.17671e+07
1.63541e+06
2.44111e+08
8.44491e+08
9.49226e+07
1.51882e+08
6.92251e+07
1.26531e+08
2.83882e+07
2.3927e+08
1.00736e+09
3.45355e+08
1.12516e+08
1.56356e+08
6.33309e+07
1.52482e+07
3.44018e+08
6.99691e+08
1.28288e+08
6.04797e+07
2.05171e+08
2.01856e+08
3.32612e+07
2.33819e+09
4.01392e+07
7.13323e+08
8.83997e+07
8.75654e+08
3.04882e+07
9.95998e+08
8.72032e+07
3.28087e+08
1.65008e+08
2.04265e+07
2.92208e+07
3.76185e+08
3.77173e+07
6.58273e+08
1.30225e+07
1.25863e+06
2.55215e+08
8.27009e+06
4.85211e+08
120241
3.22453e+07
5.65037e+07
6.95616e+07
2.36471e+08
1.49697e+08
1.02434e+08
4.46401e+08
3.41654e+07
8.17402e+08
2.23426e+08
9.72462e+07
6.08415e+07
1.89856e+07
1.63892e+08
2.56885e+07
1.98419e+07
5.01546e+08
1.99379e+08
6.87842e+07
1.42135e+07
8.19454e+08
2.43545e+07
1.02067e+08
5.38854e+06
1.76219e+08
2.63389e+08
3.92855e+07
2.35468e+07
6.21759e+07
1.19096e+08
3.68506e+08
4.33754e+08
2.71791e+08
1.86022e+08
7.93969e+07
1.6936e+08
7.17608e+08
2.76233e+08
4.64079e+08
2.34062e+07
8.86735e+08
4.73256e+07
7.10712e+08
964037
92603.5
1.17544e+08
1.8005e+08
1.56829e+09
161823
1.19183e+08
2.6848e+08
227340
4.58686e+08
96274.7
9.50337e+07
6.19242e+06
4.41389e+07
4.13599e+08
2.06307e+08
3.03649e+08
2.08671e+07
8.79977e+07
5.98259e+07
3.27142e+07
2.0088e+08
8.07974e+07
6.13423e+07
3.94854e+08
4.93387e+06
8.36755e+08
2.48279e+07
1.67478e+07
1.72429e+08
3.52905e+07
7.30423e+07
2.04201e+08
9.07181e+08
6.16721e+07
1.02494e+06
2.1332e+08
5.42935e+08
8.20256e+08
2.21448e+07
4.76469e+07
1.12522e+07
3.96715e+08
1.65491e+08
2.55737e+08
1.05383e+07
2.13224e+08
1.31387e+08
7.20048e+07
9.02516e+07
9.14213e+07
7.22817e+07
6.80324e+09
9.67515e+07
8.28362e+08
4.99643e+07
158205
1.15489e+08
1.34655e+09
3.07253e+08
993598
7.92419e+06
4.75481e+07
2.61214e+06
6.64216e+06
3.77875e+08
2.53923e+08
6.52696e+08
4.24663e+08
2.54363e+08
5.3396e+08
3.87209e+08
1.9492e+09
1.16635e+08
1.39678e+08
2.04241e+07
8.44289e+07
3.09714e+08
1.25399e+08
4.26015e+06
1.86934e+08
4.31941e+07
1.04231e+09
6.96204e+07
4.29159e+08
1.34448e+07
1.98841e+07
2.1704e+08
1.2146e+06
205874
1.85745e+09
7.4845e+07
1.70443e+08
1.61756e+09
1.07556e+07
1.07221e+09
3.20007e+08
4.24228e+08
4.66726e+07
8.31205e+08
2.3499e+06
1.14461e+06
1.65775e+09
1.50656e+09
2.8071e+07
4.33744e+08
5.30047e+07
3.05138e+08
9.27692e+08
4.95609e+07
9.50761e+08
2.87475e+07
2.05174e+06
1.15616e+08
3.0413e+06
2.8185e+06
3.35611e+08
7.92769e+06
2.21879e+06
2.77981e+07
3.09341e+07
3.08259e+08
4.83039e+07
9.86036e+07
4.6124e+08
1.56511e+09
2.8421e+07
9.87399e+07
3.1123e+06
1.54002e+07
5.71964e+07
1.23471e+07
654029
1.58656e+07
6.51037e+08
1.24928e+06
6.40105e+08
9.24575e+08
1.02449e+09
2.41378e+07
4.03139e+08
1.11364e+06
9.54657e+08
1.73341e+09
4.86871e+06
3.07585e+09
3.85971e+07
1.28075e+09
1.99601e+07
6.39143e+07
7.70705e+07
1.62179e+08
3.15089e+09
2.5185e+09
8.7102e+07
3.16436e+07
1.01369e+08
4.43179e+06
1.33206e+07
2.07802e+09
9.28372e+08
9.94067e+06
4.8248e+06
1.3837e+08
9.26731e+07
2.461e+08
1.1751e+08
2.67229e+08
2.66051e+06
4.51604e+08
1.46124e+07
173935
9.37852e+08
7.69776e+07
1.00985e+06
2.75616e+08
6.75386e+08
4.45711e+08
3.28239e+07
1.49224e+08
6.12298e+06
4.76073e+07
1.10549e+06
2.91527e+07
1.77287e+08
5.9045e+08
1.00949e+08
1.91617e+07
3.46706e+08
2.19758e+08
2.91091e+08
1.05912e+09
8.73752e+07
2.30357e+06
2.67098e+08
9.66412e+07
3.64806e+07
9.02305e+08
1.82435e+07
4.23858e+07
6.96332e+06
9.86254e+08
1.78481e+07
1.04865e+07
2.93927e+08
2.14029e+08
1.45026e+08
9.71322e+07
4.33289e+07
3.13637e+08
1.08657e+09
8.22263e+08
5.10588e+08
7.00053e+07
3.65847e+07
7.58413e+06
4.11663e+07
4.05665e+08
5.9699e+07
2.7691e+07
176115
8.15252e+07
2.1409e+08
2.02571e+07
1.23421e+08
2.01824e+06
9.43173e+07
2.42427e+09
2.04057e+07
2.00011e+08
4.67514e+09
2.80185e+07
1.27818e+09
2.58622e+08
2.0146e+07
3.74038e+07
1.6964e+07
6.72975e+07
4.13675e+08
1.13277e+08
9.6364e+08
2.83221e+08
7.42051e+08
8.42659e+08
9.94475e+07
1.51349e+08
1.57168e+08
915147
1.71967e+06
3.00701e+08
2.09532e+08
4.05293e+07
6.3714e+08
1.08955e+07
4.85948e+08
1.15477e+09
3.12204e+07
2.57066e+08
5.72279e+08
1.33481e+08
258044
6.01592e+09
2.94877e+08
1.35111e+09
8.96305e+06
1.25323e+09
3.3812e+08
2.72811e+08
1.4841e+08
2.4981e+07
1.59885e+08
1.77524e+08
2.13462e+08
1.65562e+08
1.57535e+08
9.43035e+06
5.7142e+07
2.00275e+09
5.97375e+07
1.91383e+07
5.91882e+08
3.56153e+08
7.63242e+07
4.50151e+08
2.81984e+06
2.15305e+09
1.00676e+08
1.13516e+08
2.15093e+07
5.70765e+07
2.03452e+08
5.60935e+08
1.95149e+09
6.24939e+07
5.08483e+08
5.96051e+08
9.70705e+07
9.84177e+08
2.20888e+09
1.032e+07
1.46968e+07
1.44365e+08
1.62092e+06
3.24213e+08
1.70067e+08
1.55108e+09
1.04308e+08
1.8267e+07
1.67732e+08
7.23547e+07
3.89475e+06
1.45309e+08
419909
7.63107e+06
4.05682e+08
8.46173e+07
2.5331e+06
2.41536e+08
171977
6.7039e+08
9.15022e+07
4.5555e+08
3.28335e+07
1.57009e+08
4.80085e+08
172713
1.74665e+08
4.27408e+08
122107
6.53143e+08
6.02443e+07
568400
4.8318e+08
1.46354e+08
2.93685e+07
4.85942e+08
6.94969e+07
2.42133e+09
1.48457e+08
9.1223e+08
7.52647e+08
9.13864e+07
5.33768e+07
1.64697e+08
9.48242e+08
4.97695e+08
3.0946e+08
1.00592e+08
1.06901e+07
3.0869e+08
1.16223e+08
5.55039e+08
6.77012e+07
3.14271e+07
6.87524e+08
7.3205e+08
1.43504e+08
7.37425e+08
2.69024e+09
1.87825e+07
1.49848e+08
1.26695e+09
3.55953e+08
1.87997e+06
3.65551e+07
3.02872e+09
1.00839e+08
2.46519e+09
1.13455e+08
1.60339e+06
1.43554e+09
4.4212e+07
1.15237e+09
2.02686e+08
8.8616e+07
2.09326e+07
4.75585e+08
3.00543e+08
3.84391e+08
1.77958e+08
6.99579e+08
2.2892e+07
1.33351e+06
9.02626e+07
1.43579e+08
1.60691e+09
3.1721e+08
2.01586e+08
7.74611e+07
1.53773e+07
1.04152e+07
4.57955e+07
2.52237e+08
1.19775e+08
2.07946e+08
6.83734e+08
2.25876e+08
2.6768e+09
1.93966e+09
1.48458e+08
3.72782e+06
1.8532e+07
8.687e+07
3.91156e+09
103924
1.45145e+09
3.16636e+07
2.55681e+08
4.21577e+06
2.2009e+08
2.74731e+09
3.94493e+08
6.32987e+08
2.26785e+08
1.04132e+06
9.55111e+07
3.91452e+08
209357
2.74039e+07
2.41496e+06
2.11693e+08
8.65488e+07
2.47073e+09
7.58447e+08
2.43526e+08
6.33096e+08
91775.5
1.59988e+08
89272.9
1.21318e+07
97001.8
1.66209e+09
3.62374e+08
1.08008e+08
6.9141e+08
1.25959e+09
1.96431e+08
1.52275e+07
2.73683e+07
7.53348e+07
1.63393e+08
3.68261e+08
5.73746e+08
1.91583e+06
1.69761e+08
6.26346e+07
2.45604e+06
1.2201e+09
1.51245e+07
1.34237e+08
2.09581e+07
1.95175e+07
2.6223e+06
5.81104e+07
104604
6.00854e+08
8.9214e+07
1.29214e+06
7.74103e+08
4.82887e+07
1.50609e+06
2.14538e+08
7.25384e+08
8.80631e+06
3.08178e+08
6.63354e+08
8.97708e+08
87274.8
1.42718e+07
1.01895e+08
1.57649e+09
2.4367e+09
5.37339e+08
2.95098e+08
2.47843e+08
3.32157e+06
7.57236e+08
1.09219e+08
2.17234e+08
1.83353e+07
1.56096e+07
6.61911e+08
1.80351e+08
3.41408e+09
6.19205e+07
9.33916e+07
7.24916e+06
6.35012e+07
1.37021e+08
1.0983e+07
8.47415e+06
1.9572e+07
2.12763e+08
3.1718e+07
1.16176e+09
1.72928e+08
1.30862e+06
3.92041e+07
89768.4
1.17082e+06
2.59932e+08
1.2915e+08
4.08067e+08
1.76743e+08
7.41223e+07
2.56125e+07
6.35268e+08
1.02062e+08
1.36432e+07
7.50114e+07
1.43761e+09
4.26848e+07
4.21105e+08
118391
2.26876e+08
2.68638e+07
5.67481e+07
1.38075e+07
1.44209e+09
4.76277e+08
4.13932e+07
5.70113e+06
1.77862e+09
1.87995e+09
1.1667e+08
1.36124e+06
9.54613e+07
1.13327e+08
2.52749e+08
1.69192e+08
7.1238e+08
3.69316e+06
7.28983e+07
2.20553e+07
2.57396e+08
2.51136e+08
150791
7.89746e+07
2.58657e+07
1.78094e+08
4.34473e+07
1.56036e+07
2.6696e+08
2.60549e+08
1.35729e+07
1.07163e+07
3.97337e+08
2.68872e+07
1.61391e+08
3.86242e+08
1.6584e+08
1.92128e+08
6.42863e+08
2.44784e+07
2.30565e+08
2.10051e+08
1.23736e+08
5.12325e+09
1.83314e+08
1.04664e+08
1.24933e+09
1.05011e+08
1.5397e+08
2.60072e+08
5.45949e+08
1.61883e+08
1.1815e+08
5.13966e+07
1.81842e+08
1.8791e+08
4.65941e+08
1.45723e+09
3.90675e+08
6.40274e+08
8.28533e+07
2.45221e+07
9.11133e+07
2.501e+08
1.54061e+07
854680
2.76478e+09
1.08261e+08
1.78916e+08
1.34427e+06
2.31762e+08
1.68616e+08
3.92527e+06
3.79854e+08
2.11429e+08
1.43251e+08
9.81971e+07
1.23263e+08
2.73264e+09
3.91887e+08
1.79633e+07
6.65531e+06
9.67561e+07
5.31493e+08
329443
9.42405e+07
1.53911e+07
1.40446e+06
2.19171e+07
9.41549e+08
8.19331e+07
1.78629e+08
9.70723e+07
2.71303e+08
7.44113e+08
1.55256e+06
1.66476e+08
2.46626e+08
2.11076e+07
9.14233e+07
1.68464e+08
5.80797e+07
152730
539512
538938
5.21892e+08
7.95971e+07
1.84143e+08
2.09724e+08
4.62401e+08
1.48599e+09
4.06933e+08
163869
1.43021e+08
217702
4.83068e+07
5.72154e+07
1.76934e+07
4.54812e+06
2.19479e+08
4.38653e+08
1.1093e+07
3.77925e+08
6.23361e+08
9.02909e+07
5.72686e+08
1.25299e+07
5.57418e+07
5.80189e+06
7.76714e+07
5.87945e+08
1.31389e+09
7.96972e+07
959980
4.26934e+08
871316
1.86858e+07
1.63267e+08
8.25561e+07
6.14563e+09
931039
163184
2.87071e+06
2.10722e+07
8.201e+08
5.36102e+09
1.95246e+08
7.33995e+07
6.30771e+08
3.91361e+08
3.32981e+08
1.8081e+08
101398
6.21715e+07
2.74291e+08
1.01885e+08
1.76811e+09
2.06751e+07
9.99649e+07
6.25485e+07
960009
1.7933e+08
2.13305e+08
2.32918e+06
1.17597e+08
2.9793e+06
2.62281e+08
2.16355e+08
3.76565e+08
7.83988e+07
3.45785e+08
2.29113e+08
1.86063e+09
2.30759e+08
1.34655e+08
2.77293e+08
8.4985e+07
2.2222e+08
9.29701e+07
1.79877e+07
1.0795e+08
1.56068e+09
5.28135e+07
6.86813e+08
1.41358e+08
1.75443e+09
715186
6.01429e+07
1.56906e+07
4.31834e+06
102216
2.91465e+08
1.1549e+08
2.4661e+08
4.28197e+08
2.00978e+07
302110
1.56281e+06
2.6239e+08
1.38888e+08
7.81712e+06
1.68977e+08
1.07592e+08
3.45891e+08
107250
4.67181e+07
288007
3.72709e+08
2.68237e+07
6.42643e+08
5.12867e+07
1.11036e+08
2.97461e+06
1.80554e+07
2.66109e+06
1.9432e+08
7.16593e+08
2.77257e+07
6.21408e+08
8.03327e+06
7.17729e+08
729456
4.80604e+08
2.53714e+07
3.77227e+08
4.45929e+08
2.17504e+06
111006
1.06814e+09
396056
1.19992e+06
112348
3.37006e+08
3.15711e+08
8.22882e+08
1.38854e+08
5.96444e+08
2.48551e+07
7.1248e+08
4.79295e+06
8.21839e+07
1.69359e+07
651321
5.41823e+08
1.67588e+08
1.22089e+08
2.84952e+08
4.22208e+07
2.67993e+06
3.67019e+08
2.06381e+08
3.28502e+08
482263
306552
2.97115e+08
7.25816e+07
2.05441e+08
116435
1.64337e+08
1.8201e+07
1.32482e+09
2.15995e+07
2.78188e+07
2.37133e+07
1.98648e+06
6.44488e+07
323542
2.97087e+07
1.0996e+08
3.08234e+09
5.79457e+06
5.88439e+07
1.87617e+07
5.72994e+07
6.00617e+08
1.95318e+09
1.34253e+08
1.09744e+08
1.47698e+07
492176
1.66994e+07
1.5625e+07
1.41736e+07
3.32357e+08
2.9343e+08
2.21411e+09
546449
1.70476e+09
1.51556e+08
8.25663e+08
1.19857e+08
9.34681e+07
3.07283e+08
1.00476e+09
2.45491e+08
2.44493e+08
4.11431e+08
5.36485e+08
3.75562e+06
9.36454e+07
5.5974e+06
1.01869e+09
2.77561e+06
6.05382e+08
6.88e+06
1.3719e+08
7.3377e+07
2.10108e+07
9.47094e+07
4.21413e+09
4.96699e+06
1.16754e+08
116562
1.05201e+08
792093
157880
1.09521e+09
3.46454e+06
1.24027e+07
1.72258e+07
1.60813e+08
8.35228e+08
8.84424e+07
1.05208e+07
5.5799e+07
1.98879e+06
188216
1.59817e+08
2.06192e+08
1.74246e+06
2.38546e+08
7.34343e+08
7.45828e+07
8.62737e+07
1.54094e+09
8.09859e+08
4.07225e+08
3.76581e+08
2.10502e+08
8.84987e+07
2.32517e+06
1.79938e+06
110043
1.93336e+07
1.04725e+07
2.90382e+07
9.3372e+07
3.46631e+08
2.08316e+08
3.38182e+08
1.82436e+08
1.09837e+08
1.83745e+08
2.58449e+08
2.44084e+08
2.86338e+08
2.13574e+07
5.81767e+08
2.78288e+08
3.56106e+08
8.92988e+06
8.61228e+08
7.37209e+08
114251
9.61773e+07
1.30196e+08
3.39391e+08
4.13794e+09
9.51281e+07
1.27707e+06
1.09784e+08
3.33304e+07
1.96976e+07
4.90754e+07
5.54019e+07
9.83249e+07
1.20122e+08
1.14039e+06
1.3248e+09
1.02435e+09
2.44077e+09
3.02827e+08
2.51772e+08
8.19529e+06
4.79387e+08
2.06174e+08
2.03625e+07
1.70138e+08
1.27009e+06
118950
560642
4.40998e+06
238266
149226
5.61811e+07
1.64982e+08
1.02348e+08
3.96582e+06
8.82819e+07
2.29986e+07
1.29856e+08
3.72102e+08
2.06211e+07
2.04825e+06
3.80922e+08
3.1827e+08
127581
1.41215e+08
212000
3.01554e+06
139156
5.00311e+08
5.43602e+08
156392
267120
2.39339e+06
2.40783e+07
2.56263e+08
1.60226e+07
572650
2.20053e+07
3.27757e+08
4.69585e+07
1.8816e+07
1.48343e+08
1.97135e+08
1.6126e+08
2.49793e+08
1.67442e+07
407904
1.25244e+08
1.174e+06
6.72273e+08
2.3262e+06
1.54542e+06
4.57269e+06
2.50972e+08
141832
2.84884e+06
1.14914e+07
428380
657491
2.67465e+09
2.84573e+06
2.41472e+08
8.17967e+07
457824
7.39425e+07
5.51219e+08
2.95978e+08
804087
3.41491e+07
3.00329e+06
138797
1.92006e+07
1.92139e+07
1.27654e+06
3.80176e+08
4.5352e+08
1.15374e+08
1.09328e+07
508641
1.60332e+06
1.2686e+08
2.15516e+07
284788
4.61336e+07
2.49489e+07
167971
915732
9.28878e+07
4.3039e+07
1.38334e+08
6.05469e+08
1.94306e+07
268582
3.94679e+08
8.81401e+08
1.23744e+06
9.6821e+08
274291
1.11747e+09
292158
156371
1.55313e+06
2.76368e+08
1.25412e+08
1.06759e+09
228612
1.60694e+07
158068
1.97523e+07
384021
6.649e+07
176314
1.77005e+09
1.38879e+08
4.88777e+08
7.97056e+07
1.34914e+07
5.45522e+08
9.91811e+07
1.30182e+08
135561
9.81549e+08
1.83003e+07
3.55579e+08
603010
3.25827e+08
2.56393e+08
1.08655e+08
1.32756e+09
111929
252130
1.77878e+07
8.71481e+07
4.26151e+06
836799
285382
4.72104e+08
9.74541e+07
2.19619e+08
6.21124e+06
4.03557e+06
1.14862e+09
1.77877e+07
302983
2.56001e+08
5.72544e+07
159577
209591
1.08193e+06
210002
1.18734e+08
2.23814e+08
2.5223e+08
1.33661e+08
1.19457e+08
1.38113e+06
103046
9.7864e+07
1.02207e+09
2.65685e+07
2.29973e+06
98063.7
915383
214328
1.37098e+09
4.91988e+08
2.00817e+09
5.04015e+06
8.44563e+06
196171
1.90532e+08
337188
1.54775e+08
4.65476e+08
1.62572e+07
1.1156e+07
255271
1.18632e+08
2.83881e+06
4.77112e+08
243863
6.31234e+08
2.6656e+07
2.58966e+08
1.99037e+08
170244
1.56803e+08
450080
199050
5.11729e+07
8.89285e+07
5.99301e+07
2.09529e+07
1.33018e+06
1.67581e+08
1.41118e+07
2.20762e+07
2.59211e+08
9.19786e+08
1.6738e+07
4.06729e+08
2.4893e+08
3.21574e+08
1.57881e+07
4.14437e+06
816062
344621
174913
236596
8.27989e+08
352420
2.96423e+07
1.57314e+08
5.98436e+08
6.39416e+07
5.65547e+08
2.78419e+08
4.87147e+08
1.74296e+09
4.34444e+06
1.87615e+07
410830
1.92747e+09
1.95819e+08
187503
372565
1.51715e+07
8.42844e+07
1.82819e+07
339779
1.48906e+07
315706
809933
1.75388e+09
1.60872e+06
3.90862e+08
3.79724e+08
1.30895e+08
596940
3.48002e+08
590837
4.67921e+08
6.69702e+08
1.48199e+08
2.48209e+07
1.36545e+09
3.47958e+08
439482
116765
1.65298e+07
4.30819e+09
4.0786e+08
1.6165e+08
221647
2.79142e+06
1.42679e+09
1.39616e+06
4.40126e+08
1.94447e+07
710515
4.77283e+08
213817
542483
2.67057e+08
4.96715e+08
2.48839e+07
267515
1.07126e+08
1.40522e+08
1.3221e+08
6.27676e+07
3.06884e+08
1.79868e+09
1.68152e+08
456422
1.69525e+09
262010
2.18421e+07
3.98711e+07
1.40974e+06
2.01691e+09
1.37044e+06
1.44496e+08
1.54761e+08
5.08284e+08
4.33326e+08
1.7345e+07
1.06919e+08
2.24758e+07
6.89515e+06
8.2158e+08
2.67412e+08
3.42986e+09
350313
121073
2.4335e+08
124150
1.39247e+06
141857
1.41255e+08
117009
220882
129932
1.16133e+09
3.7712e+09
1.48413e+06
1.32721e+08
124006
147324
2.1497e+07
321508
7.25631e+08
148210
1.80632e+06
6.20932e+08
6.14978e+07
2.2957e+07
3.84254e+07
9.67407e+07
2.212e+08
2.50084e+07
1.05831e+08
6.8443e+08
2.99757e+08
3.69624e+08
1.77843e+07
1.9093e+09
5.11482e+09
1.87285e+07
4.64265e+08
331607
3.45097e+07
2.18214e+08
3.47395e+07
7.39048e+07
5.07008e+08
1.67132e+07
430782
600100
129043
1.73533e+07
3.74402e+08
1.30344e+09
3.83109e+07
565108
7.57292e+06
3.61971e+08
3.775e+08
2.63728e+06
130454
3.27297e+08
268992
5.65101e+07
4.32398e+07
1.08794e+08
3.91484e+06
1.0885e+06
1.92822e+09
1.53355e+07
4.89902e+07
693785
1.18388e+06
1.58404e+08
9.65906e+08
1.7147e+06
5.63257e+07
3.73981e+08
128574
6.28013e+07
2.30166e+07
9.04617e+07
2.33262e+07
1.62058e+06
1.61841e+06
138563
3.96559e+08
1.41071e+08
2.48464e+06
156239
149451
9.84298e+07
3.79507e+08
225874
2.50617e+09
1.03865e+07
1.45996e+07
2.35656e+09
1.1145e+08
3.36505e+09
6.35801e+08
1.05871e+08
1.55825e+09
1.84892e+08
3.07989e+06
2.89093e+08
1.49463e+07
1.35418e+08
1.13378e+08
9.39262e+06
3.20947e+08
1.40779e+08
136132
6.30898e+08
1.53002e+06
1.03808e+07
4.19264e+06
2.97477e+08
8.93654e+08
6.98159e+08
3.49955e+08
2.29845e+09
343967
4.46349e+08
536668
3.75465e+06
1.38137e+07
6.05789e+06
1.03094e+07
4.80184e+08
8.08739e+07
161491
3.02403e+08
178976
1.13229e+09
2.16285e+07
3.8705e+07
1.50943e+08
612779
2.84991e+07
180826
1.82571e+08
2.17358e+08
7.11481e+07
5.14373e+07
8.58599e+07
2.64393e+06
2.01126e+07
1.78315e+07
697348
6.44211e+08
1.95655e+08
170641
3.78752e+08
7.25157e+08
7.35202e+08
2.98179e+07
6.8849e+08
162146
1.16799e+08
416482
1.17201e+09
2.82412e+08
292757
6.34873e+07
4.80339e+08
1.26746e+08
1.37315e+08
6.78932e+07
2.47023e+06
4.12916e+09
2.26848e+08
259275
3.01081e+08
3.39594e+07
158400
198356
7.74289e+08
2.26756e+07
3.82963e+08
4.6557e+08
9.23354e+07
1.81256e+07
1.92132e+08
1.35012e+08
8.47097e+08
142428
1.45016e+07
227419
1.27988e+08
164648
1.03175e+07
228220
160625
5.3919e+07
9.93713e+07
4.70405e+08
4.68934e+07
2.65734e+08
455989
1.15374e+08
265228
2.73109e+07
153513
8.02852e+06
1.6887e+07
1.24027e+09
1.26148e+09
2.09083e+08
1.62847e+08
6.81911e+08
569908
408892
1.81618e+08
1.92206e+09
1.11644e+08
3.67119e+08
173769
2.16913e+08
2.38016e+07
7.40126e+07
1.89156e+07
5.99411e+08
1.75868e+07
1.13798e+08
2.0074e+08
3.35717e+08
2.0062e+08
128629
1.88268e+08
313491
3.97086e+08
7.08737e+07
300412
171298
1.64997e+07
205230
191862
129714
1.93295e+06
5.43115e+08
2.57529e+07
183732
1.31124e+09
3.15492e+08
1.8623e+08
154772
1.1376e+09
2.34645e+06
1.82864e+09
3.215e+08
5.55252e+08
1.47193e+08
9.59442e+08
6.19246e+07
1.8129e+07
1.54027e+06
1.70185e+08
4.6212e+07
3.85743e+07
2.72413e+08
222801
1.81157e+08
3.37969e+09
228700
2.6811e+07
9.49605e+08
1.02098e+07
372412
4.35739e+06
1.01342e+09
2.06487e+08
3.1243e+06
5.4509e+06
1.57593e+06
7.64777e+07
285031
271990
5.038e+08
4.75553e+08
5.67606e+07
2.57188e+06
5.29627e+06
1.30252e+09
5.1512e+08
1.17774e+08
1.3186e+06
3.07361e+07
6.45029e+08
1.28022e+09
156676
220168
378562
335048
4.21024e+08
1.65159e+08
132319
8.92347e+07
6.72494e+08
1.71479e+07
311719
9.74928e+07
5.38148e+08
1.18967e+08
927109
2.72274e+08
3.22531e+08
455101
1.25477e+06
1.11303e+07
1.50154e+06
3.08392e+08
800880
1.39246e+09
736476
163032
1.95333e+08
596464
1.88896e+08
7.91111e+09
7.57411e+09
8.97324e+08
1.43836e+08
1.69096e+08
2.57941e+07
1.23074e+08
991713
6.80543e+08
1.85267e+09
4.33514e+07
2.0797e+06
839277
2.98953e+07
918289
1.98454e+07
1.03184e+06
185608
1.58773e+08
5.58017e+07
9.8457e+07
4.0317e+09
9.94367e+07
2.30717e+07
4.38539e+08
3.9204e+08
6.96023e+07
1.91467e+07
2.66282e+07
1.13174e+08
1.42598e+08
5.00046e+09
7.3628e+08
5.68908e+08
4.17973e+10
6.02235e+06
1.186e+10
3.44948e+08
3.69986e+07
2.72833e+07
183012
541881
4.01391e+07
2.16606e+07
193161
4.37275e+06
184109
5.24065e+08
2.06691e+07
2.34572e+07
5.57629e+08
1.03339e+07
1.50019e+09
7.14105e+07
1.79507e+07
783979
4.09643e+08
4.10628e+08
1.81038e+07
138575
6.74841e+08
1.31947e+08
1.87762e+09
1.04889e+08
2.4405e+09
1.53788e+07
6.77322e+07
1.27646e+07
2.84533e+07
1.93285e+09
2.83747e+09
4.90921e+08
6.94648e+08
4.18745e+07
3.65296e+08
3.19242e+07
1.04381e+06
3.78508e+07
1.7351e+09
5.43125e+07
1.67135e+08
1.9704e+07
8.46374e+08
2.53198e+08
3.32658e+06
2.23266e+08
2.88092e+08
4.17706e+07
139931
5.91384e+07
1.60727e+07
6.41171e+08
5.46448e+06
1.99775e+09
2.08317e+08
2.73685e+07
1.21653e+08
2.44154e+09
1.74431e+07
4.8722e+06
5.71385e+07
1.0339e+07
2.02841e+09
3.03673e+09
1.15497e+08
6.30862e+08
9.89577e+06
148522
4.46455e+08
6.38861e+07
4.79891e+06
8.67347e+06
1.99051e+08
5.37857e+07
2.20863e+07
1.48757e+08
1.11484e+07
3.7425e+09
3.62905e+09
1.3474e+08
5.36573e+08
9.71651e+08
273088
1.17198e+08
1.09038e+08
1.4832e+11
8.81391e+07
1.04803e+08
2.27368e+08
4.61548e+08
3.74627e+08
4.32063e+06
1.48111e+07
4.75864e+08
6.71037e+08
140693
5.30675e+08
1.90112e+08
5.01921e+07
4.62028e+08
3.3575e+07
1.91497e+08
5.73053e+06
1.86993e+08
9.62736e+07
3.1026e+07
2.10822e+08
2.15283e+08
4.23655e+06
5.34661e+08
8.68087e+06
6.1322e+08
1.73173e+08
149906
5.58487e+06
3.33701e+08
4.01525e+08
4.08982e+08
2.13619e+07
3.33515e+08
3.29685e+06
6.64913e+08
2.15152e+09
2.72485e+08
2.29772e+07
1.7595e+07
1.17089e+09
4.7276e+08
2.73411e+07
1.95072e+07
2.22017e+07
7.7899e+07
1.85296e+06
1.50613e+06
4.67329e+08
4.81208e+08
1.77426e+09
7.73507e+08
4.94142e+09
1.66765e+09
4.77554e+06
4.91628e+08
4.56068e+08
2.1991e+08
156665
686082
1.79632e+07
1.18688e+08
3.78337e+08
2.40831e+08
5.13751e+08
5.99431e+07
180875
1.03186e+07
1.27787e+08
7.65378e+07
1.61556e+07
1.24959e+08
3.4684e+06
8.97087e+07
7.37092e+07
2.85738e+07
1.0141e+08
2.80188e+09
2.77131e+06
7.23056e+08
2.71414e+09
6.64691e+07
694176
3.53993e+08
2.63699e+07
1.89944e+09
92273.4
4.87076e+08
1.16247e+07
8.99301e+07
2.02867e+08
261999
1.78134e+07
1.46567e+07
1.70745e+09
1.07185e+07
8.66509e+08
7.89216e+06
1.50562e+08
7.38552e+07
1.85496e+08
1.93505e+07
6.40992e+08
2.38675e+07
1.31192e+09
6.56327e+08
6.20314e+07
2.71611e+08
9.33359e+07
2.15329e+09
2.89398e+08
4.8447e+08
1.94584e+08
6.5716e+08
3.91223e+07
1.45738e+08
6.06558e+08
2.72351e+08
92954
167205
3.29353e+07
8.20729e+07
2.53732e+08
2.83475e+09
5.58055e+08
8.94686e+07
6.7206e+07
1.0458e+07
5.64681e+08
2.81344e+07
1.37631e+08
4.9166e+08
253008
1.28088e+08
1.37295e+08
2.35426e+09
5.44e+08
4.03499e+06
2.00381e+06
266241
1.76731e+07
2.65052e+07
1.01164e+09
5.66648e+07
1.81522e+07
3.76112e+08
4.14724e+06
1.01762e+07
1.60675e+08
2.17771e+07
6.15907e+08
1.59741e+07
1.85749e+09
5.89383e+07
2.0733e+07
1.61481e+09
7.06019e+07
142220
1.12539e+08
5.42281e+08
2.39773e+08
1.67127e+08
2.14664e+07
1.70255e+07
1.19177e+09
2.68191e+08
1.252e+08
1.05971e+07
2.26427e+07
9.82221e+08
3.37911e+08
407472
9.26893e+08
2.73338e+08
2.57002e+07
335582
1.21802e+07
1.57412e+07
1.64204e+08
1.79524e+08
2.72921e+08
174655
2.53018e+07
5.41988e+07
141009
9.55195e+07
1.80877e+09
3.39857e+08
1.78405e+07
2.31698e+08
4.7242e+07
1.50359e+09
2.10728e+07
2.43278e+07
4.85668e+08
8.57772e+07
1.26538e+06
2.82221e+08
3.02104e+08
1.83451e+09
3.04861e+08
5.72541e+08
4.15895e+08
2.27889e+07
8.65148e+08
1.21423e+07
3.86576e+08
1.50984e+08
6.15203e+08
3.56507e+07
5.75113e+07
4.06931e+08
3.14828e+06
1.8652e+07
5.38044e+08
2.31971e+06
1.07212e+07
5.91033e+07
1.19509e+08
1.19844e+08
1.69719e+08
2.0804e+08
8.34914e+07
6.8897e+06
6.42509e+08
7.44515e+08
1.90739e+07
1.81354e+09
3.70631e+06
9.57923e+06
3.39532e+06
9.85623e+08
2.6032e+07
3.16783e+08
7.35065e+08
8.43116e+08
2.41655e+09
4.47966e+08
1.02042e+09
2.12387e+09
8.23036e+07
1.50232e+08
2.79592e+06
2.82759e+08
5.74687e+08
4.77648e+07
4.37537e+07
3.85236e+07
2.57592e+09
1.17617e+09
5.27332e+08
4.10068e+08
2.95023e+09
1.00738e+07
6.85171e+08
3.5147e+07
1.77699e+07
6.77866e+08
980696
1.69999e+06
1.01562e+09
1.98564e+07
1.48311e+07
3.22615e+06
1.42688e+07
1.2269e+08
5.40817e+08
3.20962e+07
3.78311e+06
2.01044e+08
8.07402e+07
1.64835e+08
8.88395e+08
2.1364e+08
1.52842e+06
2.18178e+08
2.37197e+07
4.94919e+09
8.00526e+08
1.16598e+07
1.98113e+07
2.10735e+07
8.8765e+07
1.25948e+09
2.89311e+09
4.2298e+08
1.81664e+07
8.22426e+07
4.59413e+08
2.149e+08
1.10336e+07
3.15995e+09
9.53969e+08
9.00242e+06
523793
1.28802e+08
4.41249e+08
9.46552e+08
4.52987e+06
2.21456e+08
2.61011e+08
4.57036e+08
4.20418e+09
1.7863e+08
1.09814e+08
1.08626e+08
1.00146e+09
3.81144e+08
2.89486e+08
2.0569e+08
7.96604e+06
1.7884e+08
2.46852e+09
9.22024e+07
2.74937e+08
2.59467e+09
4.87951e+06
4.27026e+06
133505
1.62242e+06
8.46565e+07
6.89283e+08
1.35648e+08
2.06624e+09
1.60617e+08
9.79237e+07
158531
9.44673e+07
1.2098e+09
1.04244e+09
2.57788e+06
1.38114e+08
8.50815e+08
2.28239e+07
1.45498e+07
1.29355e+09
2.73774e+08
4.42749e+09
1.67455e+08
6.82847e+08
4.12463e+08
1.23004e+08
4.26551e+07
8.02449e+07
5.94148e+08
1.76783e+08
1.14332e+09
9.9479e+07
1.08162e+07
1.10365e+08
2.22953e+08
1.57429e+08
1.35178e+07
4.60323e+08
3.44226e+08
1.81343e+09
9.24961e+06
6.73774e+08
3.39566e+08
4.15768e+08
2.66117e+06
1.91586e+07
2.51969e+06
7.89214e+07
2.19613e+08
4.80781e+07
1.59839e+09
8.02127e+08
607095
4.41137e+08
9.41617e+08
1.11524e+09
6.40662e+06
1.57009e+07
1.00184e+09
4.56772e+08
1.29685e+08
1.43591e+07
3.04296e+09
9.61234e+06
8.85434e+07
8.36769e+06
1.07274e+08
3.25146e+08
8.54379e+07
8.34161e+07
6.14236e+07
161545
1.26326e+08
1.33265e+09
2.04875e+08
6.82922e+08
4.15617e+08
3.31305e+08
2.46758e+07
1.16558e+09
5.4833e+08
2.60446e+07
4.69064e+08
4.42382e+08
5.98391e+07
4.76812e+08
4.14361e+08
1.65318e+09
8.61612e+08
230417
4.57131e+06
1.03902e+07
7.84746e+07
7.15023e+06
3.69982e+08
5.77541e+07
2.89053e+07
8.75409e+07
5.50755e+08
5.82837e+08
6.6778e+08
1.01422e+08
4.69037e+07
7.19648e+07
6.89699e+08
1.63926e+08
4.26901e+07
2.87679e+08
534178
5.31792e+08
9.66278e+07
1.19307e+09
1.18384e+09
1.02327e+09
304450
2.69073e+08
1.33014e+09
1.39549e+09
7.13472e+09
7.28431e+08
4.5482e+08
129433
5.66708e+08
4.68945e+08
2.41392e+08
1.97824e+09
1.23626e+09
3.27518e+09
95789.1
9.55035e+08
8.31533e+08
1.10008e+08
3.36983e+07
1.77092e+08
2.08185e+08
3.89381e+09
4.17252e+08
5.01131e+06
2.40303e+07
1.10019e+08
7.62959e+07
4.73315e+08
4.06674e+08
1.94228e+07
1.42712e+09
7.32272e+08
1.16411e+08
1.28863e+07
5.27653e+07
1.9468e+07
3.67486e+08
1.0011e+09
3.7881e+08
4.61332e+08
1.88928e+08
5.98417e+08
1.70953e+08
6.74608e+07
1.27988e+07
4.59571e+08
9.32956e+08
1.66623e+09
3.28762e+09
2.17783e+06
1.30184e+08
5.3696e+08
1.91964e+07
2.64193e+08
1.42391e+06
8.43703e+07
5.30222e+08
2.90172e+08
1.83713e+07
2.58526e+08
3.15624e+06
5.9332e+06
4.53653e+08
4.67061e+08
1.61486e+07
2.98433e+06
1.04397e+08
6.70137e+08
9.43801e+08
2.70992e+06
4.63849e+08
2.14855e+07
1.54844e+08
5.58717e+08
1.76034e+09
4.36716e+07
4.54892e+08
3.55701e+08
9.71407e+07
3.4175e+07
6.39831e+08
9.94756e+06
6.24839e+08
1.77695e+07
4.49659e+06
2.9495e+08
1.08039e+08
1.82654e+06
1.32981e+09
2.54001e+09
6.24176e+08
8.32429e+08
3.59998e+06
2.40599e+09
7.93671e+08
1.35591e+08
4.87106e+08
2.85086e+08
1.8429e+07
1.99847e+08
1.04673e+08
2.77386e+06
2.89638e+06
9.95195e+07
4.74436e+07
1.58993e+07
2.47643e+07
6.17739e+08
9.68405e+07
1.85794e+09
5.77412e+08
8.24138e+07
1.44189e+09
1.38627e+09
3.07335e+08
7.12841e+07
1.21037e+07
1.07775e+08
8.90764e+07
8.39588e+07
4.83482e+08
7.38836e+07
2.97284e+08
2.07428e+07
4.64057e+08
5.58905e+09
7.36992e+07
1.18359e+08
1.53923e+07
3.46171e+07
8.16755e+08
6.414e+08
8.53806e+08
2.42341e+08
1.55433e+09
5.95045e+08
1.525e+06
9.00705e+08
1.97548e+07
249516
4.47548e+08
4.70214e+08
2.14133e+08
94805
5.09715e+08
1.06255e+09
1.70555e+06
9.6546e+08
6.20181e+07
1.22395e+09
1.23218e+07
6.48364e+06
3.50436e+08
6.12215e+07
1.00975e+09
6.73916e+07
7.9273e+07
4.95946e+08
2.71781e+07
1.00687e+09
160822
2.08943e+07
8.43783e+08
3.33489e+07
4.39641e+08
1.15462e+07
7.25638e+08
2.05864e+08
1.03617e+09
5.84106e+09
1.78391e+07
2.8093e+08
1.43167e+09
9.81394e+08
4.43626e+08
1.41419e+07
3.02703e+08
973711
5.63231e+06
2.2719e+08
1.38288e+09
1.21328e+09
9.19767e+08
9.20537e+07
2.52087e+08
1.17452e+06
1.691e+07
3.186e+06
5.3346e+07
6.21632e+08
414186
1.36056e+08
3.05106e+09
2.13917e+08
9.55586e+08
1.99385e+09
2.07047e+07
6.95035e+07
3.01101e+06
3.29409e+08
1.30966e+08
2.36548e+08
6.38728e+08
2.52381e+08
5.25189e+08
4.99081e+07
2.89332e+06
1.95471e+06
2.31011e+08
1.3279e+09
1.8693e+09
4.64481e+07
9.69338e+08
1.02517e+09
4.27296e+08
6.26614e+08
9.8897e+08
7.27708e+08
195410
163187
4.43118e+06
5.41308e+08
1.31219e+08
1.63148e+06
1.03573e+06
1.0661e+08
3.42386e+08
9.03243e+06
494213
1.14925e+07
1.03283e+08
749028
3.62699e+06
2.7715e+08
9.75185e+08
6.13671e+08
2.94266e+08
9.29596e+08
2.04144e+08
467870
97276.2
5.09308e+09
1.6682e+06
2.69548e+08
2.85039e+07
2.20231e+07
1.29422e+07
7.86664e+06
1.6471e+07
1.15856e+08
2.18103e+08
1.05268e+07
1.30109e+09
1.74889e+06
6.23183e+08
7.34266e+08
5.63664e+07
1.80342e+08
9.41705e+08
6.57398e+07
2.63863e+08
2.06806e+08
2.29718e+08
7.58283e+07
4.14991e+08
9.39752e+08
1.77886e+07
6.38499e+08
7.68193e+07
8.06238e+08
406455
4.86739e+08
5.72074e+07
1.18177e+08
4.91051e+07
7.35024e+08
2.72504e+07
1.82282e+08
1.59096e+07
1.41881e+07
4.59376e+08
1.57087e+08
3.53533e+08
1.47636e+09
1.03256e+09
2.29528e+08
9.28367e+08
4.74489e+08
1.5373e+07
1.52069e+06
6.80229e+08
6.81554e+07
3.12983e+08
9.86617e+07
8.50131e+07
1.04161e+09
6.82726e+08
8.5079e+06
1.87472e+08
8.19974e+08
1.03662e+08
1.22148e+08
9.90647e+08
7.86515e+06
2.93908e+07
1.6483e+07
5.37815e+08
6.76438e+07
2.17497e+09
92789.5
2.24893e+08
2.1767e+07
1.08255e+07
3.1901e+06
4.46048e+07
2.69885e+10
1.175e+06
5.91915e+07
4.23528e+08
6.33213e+08
1.038e+09
1.01842e+09
5.39339e+08
3.80991e+08
7.33037e+06
111819
5.08261e+08
1.12574e+08
1.03517e+07
170786
275915
202882
418143
204968
614434
510976
1.39265e+06
1.08426e+06
256631
162411
322593
175847
729134
601033
2.06739e+09
990075
9.80291e+07
1.36201e+09
5.59301e+07
1.08358e+08
105156
1.14025e+06
9.53074e+06
1.51537e+06
2.87874e+06
1.42087e+06
1.09417e+09
4.07228e+07
1.69787e+06
3.51291e+08
8.15393e+08
2.5821e+07
1.59941e+09
1.88745e+06
2.58325e+08
1.57572e+06
6.64984e+08
2.10157e+07
7.88456e+09
2.32644e+06
3.38732e+06
3.81011e+06
1.61714e+09
2.29947e+06
1.39719e+09
1.03863e+07
1.04396e+07
6.09267e+08
2.2985e+07
2.49237e+08
5.5798e+07
1.09562e+07
1.44132e+09
669249
4.86595e+08
2.70038e+06
3.96148e+08
3.91131e+08
270430
1.23186e+08
6.60514e+07
1.19815e+09
332061
5.15477e+08
5.20438e+06
2.39611e+07
7.25897e+06
158009
4.0069e+07
4.87433e+08
1.19911e+09
3.50214e+08
9.89764e+08
3.43959e+06
3.63147e+08
2.92624e+06
1.67647e+07
1.15896e+08
428547
9.8354e+08
2.32349e+08
5.63697e+06
5.60821e+07
3.91783e+06
1.02185e+09
7.6875e+07
2.25935e+08
1.24203e+08
3.26198e+08
1.41444e+07
7.43591e+06
1.89008e+06
3.80197e+07
8.49921e+07
1.13588e+08
121603
133669
1.37749e+09
3.34744e+06
2.8924e+06
2.90418e+09
88436.5
9.91575e+08
1.51794e+08
139846
3.35982e+06
2.17892e+07
1.3066e+08
1.74593e+09
2.19876e+08
1.05389e+09
215935
4.84258e+08
3.16228e+08
4.44691e+07
1.30604e+09
136094
4.50936e+08
584596
4.0745e+07
1.67383e+09
1.38065e+09
6.84058e+07
9.34722e+06
1.61149e+08
1.13983e+09
2.81294e+08
2.49593e+08
600938
2.58652e+07
5.06867e+08
6.06851e+08
6.62739e+06
6.00104e+08
3.54463e+08
3.26755e+08
5.5543e+08
9.46774e+07
1.455e+06
1.57843e+08
1.83926e+08
1.86801e+07
4.34279e+08
3.20851e+06
2.89337e+08
2.30348e+07
3.80989e+06
1.51985e+07
1.08721e+08
7.50899e+06
1.93195e+08
2.31486e+08
1.25612e+07
2.36412e+08
7.17856e+08
4.26491e+06
2.45455e+09
1.49665e+06
1.74931e+07
2.70541e+06
3.78362e+08
4.79874e+08
7.67747e+08
9.30594e+07
3.63306e+08
5.40575e+07
2.23791e+08
1.10608e+08
1.54854e+07
108035
1.18641e+09
182696
7.26665e+08
5.97338e+07
2.51412e+07
8.23167e+08
2.77455e+06
5.47289e+08
9.89603e+07
4.74905e+09
4.87807e+08
1.11225e+09
2.43612e+07
8.17816e+06
157883
3.98485e+08
2.58312e+08
2.19416e+06
1.79644e+07
4.66504e+08
2.46437e+08
154019
6.10445e+08
2.841e+07
8.87749e+08
349116
2.87054e+06
1.80867e+06
4.62501e+08
8.40228e+06
1.64484e+08
1.66274e+07
5.55965e+08
1.67211e+07
187919
1.16768e+08
1.70658e+08
131315
927753
4.58934e+07
3.02939e+06
1.94478e+07
4.51089e+08
1.53847e+09
117679
3.33503e+09
1.02767e+08
1.34914e+08
7.04017e+07
2.1614e+07
6.52412e+08
223803
1.3154e+07
4.42288e+09
7.85449e+06
1.07705e+09
1.63283e+07
6.22061e+08
1.08423e+07
1.68096e+07
9.26984e+08
3.8246e+08
1.22529e+06
6.20547e+06
8.80244e+08
1.01751e+09
220845
199376
4.56947e+08
7.39137e+08
2.39819e+07
6.29297e+07
7.18754e+06
4.98126e+08
1.00293e+09
3.48876e+06
1.48212e+07
2.52936e+08
2.83638e+08
8.12052e+06
7.05127e+07
7.95257e+09
1.22052e+08
7.59571e+08
5.31725e+07
155533
4.78793e+06
156345
9.40515e+07
254107
7.53491e+06
7.56693e+08
2.98475e+09
4.5844e+08
2.60483e+08
3.59358e+09
1.76199e+06
1.47931e+09
1.78202e+07
167286
1.38818e+08
8.01336e+06
5.68547e+08
494872
935993
283627
1.59824e+08
4.05096e+07
6.73569e+06
2.78006e+09
4.37489e+08
539268
518649
8.60971e+08
8.10451e+08
1.40417e+08
183644
3.87548e+08
1.04669e+09
2.11777e+07
3.78717e+08
3.65409e+09
3.23495e+07
1.51898e+08
9.45622e+08
1.49367e+07
6.64434e+07
4.51106e+08
1.92059e+07
3.29194e+07
316416
1.50369e+07
3.10866e+08
1.86592e+07
2.38239e+07
217281
1.29271e+06
5.86887e+08
4.15212e+07
4.68401e+07
2.30203e+07
4.40123e+08
2.81336e+07
4.96007e+09
1.06321e+09
6.05046e+08
9.12234e+06
1.15816e+06
1.02538e+07
4.37228e+09
1.22515e+08
125529
1.30472e+09
1.08627e+09
5.09816e+07
2.09429e+07
2.14185e+07
2.76222e+08
3.78073e+06
7.74428e+07
315231
2.04204e+08
1.39027e+08
2.62075e+07
2.25069e+08
2.14755e+07
4.08224e+08
420855
6.27385e+06
6.25517e+08
1.19128e+08
2.35565e+08
1.36842e+09
8.94472e+07
135273
1.81799e+09
5.62182e+07
9.01402e+08
8.8423e+06
4.32962e+08
2.43858e+09
1.18712e+09
1.2304e+09
95646.7
1.33129e+09
4.14989e+06
1.88359e+07
1.55968e+09
7.24397e+07
2.13313e+07
2.65546e+07
7.10623e+08
2.65541e+07
1.03095e+07
1.52105e+09
7.95798e+09
2.70388e+09
6.0262e+07
9.81461e+07
9.26065e+06
2.47109e+07
1.90823e+07
2.64873e+07
1.90746e+08
6.9887e+08
1.59989e+08
3.4419e+07
3.8008e+07
1.04143e+07
1.08294e+07
6.80905e+06
1.1364e+06
1.7675e+07
1.17163e+09
1.29429e+09
7.57502e+08
6.87084e+07
2.76326e+06
8.02167e+07
1.18289e+08
1.85705e+08
1.68629e+09
1.27629e+09
3.1247e+08
1.35554e+07
8.07894e+06
2.44901e+08
1.68859e+09
8.18895e+06
8.49146e+07
4.21215e+08
1.73363e+08
3.50307e+07
2.34344e+07
2.78301e+07
2.26724e+07
5.50805e+07
8.06323e+07
1.82987e+09
2.2637e+07
1.18397e+07
1.54475e+08
3.144e+08
2.28666e+08
3.27751e+08
2.81785e+08
6.29282e+08
1.36918e+07
4.5521e+08
1.7955e+08
3.84691e+09
4.75869e+09
7.71757e+06
1.07449e+07
1.32439e+07
1.01919e+07
1.19309e+09
8.0002e+09
3.17727e+08
1.0658e+08
1.5828e+07
1.38018e+09
1.28704e+09
5.59486e+09
3.24377e+09
3.634e+08
2.43226e+08
6.13061e+06
1.31706e+09
4.67857e+07
1.14948e+08
7.08823e+07
9.01179e+06
2.77842e+07
4.8121e+07
7.21989e+08
1.86827e+09
2.17671e+09
1.2489e+08
1.78126e+07
8.35726e+06
3.71371e+06
1.15054e+07
4.4083e+06
2.29009e+08
1.06696e+09
5.09162e+08
3.73064e+08
7.33227e+08
9.57519e+07
6.91901e+07
2.18918e+09
9.43514e+08
1.89975e+09
1.46708e+09
1.27255e+08
3.50499e+09
3.27891e+08
3.30548e+06
1.09925e+07
6.66466e+08
1.90908e+06
1.46205e+07
4.17921e+06
5.61209e+08
4.60322e+08
1.14716e+09
2.01589e+09
2.03209e+07
4.59221e+09
6.7604e+08
9.47501e+06
2.53672e+08
1.39476e+09
7.15738e+07
2.36171e+06
3.72942e+07
3.89804e+08
9.77483e+08
3.36093e+06
2.25779e+08
153793
7.26512e+08
3.23864e+06
2.52812e+07
7.55045e+08
1.03449e+07
1.41338e+07
7.35805e+07
5.58831e+06
1.56165e+09
1.32889e+07
8.87424e+07
1.23591e+09
8.77776e+07
5.22745e+07
2.82362e+08
5.51069e+09
2.68784e+07
7.52143e+08
2.39727e+08
2.63295e+07
1.15526e+08
7.64984e+08
8.83028e+08
9.76556e+07
4.47946e+08
7.61905e+08
2.84083e+06
3.59263e+07
3.2087e+08
1.44134e+07
9.11336e+07
1.54899e+07
2.12845e+07
6.1837e+08
5.02861e+07
4.48728e+08
9.40013e+08
3.03522e+09
2.36137e+07
1.93969e+07
7.69858e+08
6.12413e+06
2.24549e+08
1.52163e+09
6.88756e+08
328287
1.11368e+08
3.65791e+08
1.60363e+07
3.96598e+07
1.21699e+07
2.35561e+08
5.54882e+06
1.01781e+08
4.41764e+08
1.25221e+09
8.45744e+06
7.50169e+06
182145
4.08895e+08
1.10793e+08
4.14092e+07
3.1119e+09
9.71948e+08
1.22103e+06
175833
7.52768e+07
220562
1.24864e+09
1.15138e+09
4.29668e+07
1.15468e+09
1.26514e+09
1.67972e+08
1.3681e+07
5.00966e+06
6.84643e+08
1.84218e+07
2.8942e+09
5.1299e+07
7.24533e+07
3.7441e+07
1.65913e+07
4.46432e+08
2.41568e+07
1.39443e+09
3.84685e+07
1.01165e+09
1.73378e+08
1.10434e+07
1.81444e+07
2.56424e+09
1.87375e+07
2.7033e+06
2.83232e+08
1.12966e+09
5.43311e+08
4.6485e+07
6.60804e+06
1.25719e+08
1.15769e+09
1.14108e+08
1.00642e+09
2.69295e+08
1.6433e+09
3.50132e+08
4.4102e+08
5.6742e+08
1.85526e+09
3.3642e+06
4.25973e+07
1.50491e+07
2.68364e+07
2.85389e+06
1.64584e+07
4.49768e+06
6.73122e+08
1.30875e+07
7.93372e+06
3.19386e+08
3.30189e+07
8.6037e+08
1.18563e+09
6.88078e+06
2.36395e+07
7.35091e+06
1.32378e+07
2.69878e+09
9.72641e+07
1.40472e+08
8.57515e+08
2.11707e+07
6.49596e+07
1.54249e+09
2.85972e+09
4.59711e+08
5.20145e+07
1.9707e+07
4.76124e+06
1.65793e+09
1.51518e+09
1.65449e+09
1.61513e+08
9.87598e+07
2.01336e+08
93809.7
3.01481e+07
4.05236e+08
1.88961e+08
2.43931e+07
2.7825e+08
2.42403e+08
2.25069e+09
4.31923e+08
2.17387e+07
3.77665e+07
1.26946e+09
3.67568e+08
1.27773e+07
1.34951e+09
6.35352e+07
2.70112e+07
1.2495e+09
488548
7.80212e+07
2.16201e+07
1.70162e+08
3.67381e+07
2.95991e+07
2.70059e+07
1.22964e+09
1.02734e+09
1.02958e+07
5.89476e+07
756913
4.52688e+06
7.85742e+08
7.29213e+06
99261
1.5801e+08
8.7449e+07
1.21801e+09
5.10973e+06
9.54983e+08
4.04461e+06
1.33067e+08
4.25123e+07
4.31402e+08
1.74396e+09
1.31743e+07
1.47929e+08
5.26013e+06
1.60738e+07
2.28199e+09
2.08097e+06
4.82279e+06
1.85574e+07
5.19639e+07
5.35917e+08
1.05888e+09
6.28284e+06
6.83552e+08
1.08316e+06
4.15524e+08
1.42021e+09
9.90556e+07
8.99574e+08
1.87425e+07
5.2686e+07
159771
7.88763e+07
1.26139e+09
4.42976e+06
2.60178e+08
5.93478e+07
8.60092e+09
160916
1.86382e+09
2.6273e+07
1.06461e+07
4.90872e+08
5.75673e+06
9.62533e+07
1.55611e+08
7.63877e+06
1.15656e+08
4.44349e+06
2.53926e+07
1.78627e+07
1.69252e+09
88270.7
1.83803e+06
1.20084e+06
6.60947e+08
3.49313e+07
9.78566e+08
1.05237e+07
4.40598e+08
1.09283e+07
9.47206e+08
1.3271e+07
1.02964e+09
4.12171e+07
96565.7
91753.4
89335.6
8.91069e+08
5.32384e+08
104265
1.99032e+06
3.65943e+06
8.25554e+07
6.35268e+07
1.52178e+07
3.16313e+07
262907
155934
1.0742e+09
2.78448e+06
2.41991e+07
2.98493e+08
5.39436e+08
6.41201e+08
3.59911e+08
4.96817e+08
652786
4.1774e+07
6.92813e+08
2.54119e+07
6.00125e+08
553913
5.48947e+07
3.60239e+06
5.12625e+06
6.12955e+08
408021
9.59609e+06
6.19512e+07
2.44988e+08
3.95171e+09
1.99445e+08
3.86869e+08
5.53445e+07
1.20022e+09
237267
3.3196e+06
6.00122e+08
1.40996e+09
2.78814e+06
2.01381e+09
2.31114e+07
2.24463e+06
6.89962e+06
5.96402e+06
2.45515e+07
5.21871e+08
1.6937e+07
1.43107e+08
9.66779e+08
1.89797e+09
4.69692e+08
4.19065e+08
6.57478e+08
2.47245e+06
113672
1.30002e+07
103659
1.18624e+08
2.742e+06
7.10578e+08
1.77885e+08
1.05005e+09
2.60508e+07
2.64748e+08
6.41741e+08
4.21398e+08
316487
1.53865e+06
117918
204181
1.00544e+09
1.22857e+06
1.3331e+07
2.01214e+09
4.14492e+06
126437
2.14097e+07
2.80302e+09
1.24713e+08
1.41683e+09
1.38832e+09
6.41484e+08
9.49479e+08
1.90073e+06
1.7561e+06
100975
3.5166e+08
136455
3.47005e+08
2.52557e+06
890024
1.39555e+09
141049
1.31562e+06
280686
4.61638e+08
1.88946e+06
7.40697e+06
2.25901e+08
6.04567e+08
217566
153841
1.39786e+08
2.31115e+08
383631
2.64359e+09
2.04552e+06
1.0412e+06
702769
1.20925e+09
172904
1.08707e+09
2.28383e+09
1.32025e+08
103066
377746
1.46803e+07
2.39072e+06
107830
8.15764e+07
9.85555e+06
7.1796e+07
2.28788e+06
785455
1.20405e+08
192162
1.0036e+09
281085
111697
1.05984e+08
2.76307e+07
7.71837e+08
2.112e+07
1.21577e+08
116711
213718
1.14628e+06
230121
1.74305e+09
3.92663e+08
6.01495e+08
161579
843831
307009
1.11024e+07
2.92956e+06
104183
153005
7.97387e+07
425002
1.67217e+06
1.16262e+09
3.8192e+07
2.86052e+06
1.01787e+08
1.91892e+08
1.59051e+09
2.5699e+07
1.06089e+08
2.48948e+07
523569
1.03378e+07
268330
1.13931e+09
2.17148e+08
1.24285e+06
2.56713e+07
2.5958e+06
294421
5.96048e+07
6.84262e+08
1.04408e+08
7.67473e+07
92233.5
2.0716e+06
4.73228e+09
768339
1.56338e+07
7.99708e+08
120691
8.87074e+06
2.5399e+06
1.08157e+08
1.62019e+08
719878
155074
2.01456e+07
1.87775e+08
2.93049e+07
123329
677240
1.81947e+06
3.10833e+06
9.8415e+08
2.34092e+06
5.67062e+07
2.10757e+06
7.16303e+08
9.14259e+08
475072
124494
1.23331e+09
779662
129423
149709
551428
1.14066e+09
1.34265e+08
2.41896e+09
277967
1.89119e+09
195636
4.04584e+07
9.61955e+08
5.03252e+07
8.54429e+08
1.89752e+07
1.46479e+07
137052
1.52666e+06
1.69381e+08
6.28852e+08
2.19725e+06
423727
1.87913e+07
1.02228e+07
1.09429e+06
516200
1.59925e+06
3.15506e+09
1.42021e+08
1.1508e+08
3.8912e+07
147257
1.09656e+09
5.44659e+08
2.63142e+06
2.00558e+08
1.19651e+09
211311
2.7312e+08
314234
1.46682e+08
8.18227e+07
4.70791e+07
1.26547e+06
1.82333e+07
1.93226e+08
1.91405e+08
357200
7.95109e+06
1.43891e+09
427885
2.24795e+08
158958
258088
1.16661e+08
2.63903e+06
521027
435306
5.64982e+08
2.82747e+08
6.88632e+08
9.53987e+08
1.15153e+08
597126
177301
218615
1.45673e+06
397529
2.19936e+09
360961
1.21218e+06
2.26015e+07
1.84777e+06
755162
681113
3.84302e+08
1.82661e+08
9.43792e+08
288177
1.7073e+07
3.49423e+06
8.5086e+08
185916
4.28848e+08
2.11238e+08
5.76891e+07
2.33197e+08
2.49104e+09
158396
1.85769e+07
193934
255812
5.99331e+07
3.56603e+10
2.27851e+06
268347
3.26013e+06
169911
1.36212e+06
662883
7.78457e+06
207347
221422
222359
6.29814e+06
160153
1.91955e+07
3.58688e+08
159353
1.02297e+06
1.32674e+06
576770
193517
4.61523e+07
4.36112e+08
258092
2.95754e+07
5.57281e+07
158711
2.5916e+08
2.87375e+07
4.28743e+06
203805
5.3111e+07
7.13341e+07
171761
2.47062e+06
177092
1.34258e+08
2.28505e+06
292021
1.59554e+06
8.90598e+06
334900
160141
7.18521e+06
189046
155394
2.47382e+07
2.42117e+06
1.04567e+06
1.25687e+08
1.04677e+06
2.26142e+07
149024
6.67122e+08
4.11021e+08
7.80047e+07
4.417e+08
2.96009e+08
694237
223941
2.64451e+08
783983
6.7966e+07
1.20433e+06
137807
1.00964e+09
7.60182e+06
2.9226e+07
265275
1.76786e+07
3.77559e+08
1.11108e+09
131650
516446
2.12023e+07
3.91905e+07
4.87403e+06
377656
325279
3.40573e+07
126203
752054
956356
1.38837e+09
2.97771e+08
439962
163532
708846
574843
3.17255e+06
2.10816e+09
6.92841e+08
810154
278773
2.90747e+07
7.16366e+07
1.53664e+08
871812
124001
391037
100511
551287
2.01554e+07
116210
2.6851e+07
2.35882e+07
5.91781e+06
1.02049e+06
3.80057e+06
7.61413e+07
227315
868568
1.06804e+08
942732
4.36166e+08
2.83286e+06
2.38652e+08
878411
9.56141e+08
2.75821e+08
191834
1.07818e+08
1.18546e+09
807577
129357
4.15128e+07
2.51568e+07
624899
172808
173207
3.76943e+09
6.84849e+07
352415
2.08079e+07
115909
2.16264e+09
321316
153919
4.64812e+08
2.97519e+06
1.02183e+06
1.19241e+08
2.16934e+08
107520
1.08241e+06
4.87751e+07
138720
509802
136194
2.23944e+07
175447
1.33514e+08
4.94129e+08
1.06921e+08
128723
4.40464e+09
107562
3.61093e+06
1.44557e+06
2.67733e+06
147697
245809
472034
120426
4.93977e+08
396357
1.13131e+08
1.08244e+09
2.40706e+07
2.62478e+06
1.44778e+06
1.10416e+08
305485
6.62298e+06
235186
368966
346237
1.95261e+07
1.46695e+08
296347
7.12911e+06
4.54101e+06
1.0822e+09
7.76964e+07
2.10503e+07
6.64058e+08
3.5017e+07
1.82914e+09
3.15366e+06
280204
4.03879e+06
245612
1.35068e+06
4.22774e+08
5.40089e+06
6.32594e+08
2.57935e+08
7.61963e+07
6.842e+08
342622
1.29837e+06
233932
210018
1.67088e+09
8.37137e+08
2.87618e+07
6.66891e+07
2.61644e+07
328060
4.34934e+08
180428
202488
1.59836e+09
9.93438e+08
194687
5.91466e+09
226052
3.12254e+08
1.69884e+07
1.01768e+09
6.15789e+07
1.71018e+08
247345
2.24956e+09
1.26755e+09
166255
8.64086e+07
3.58462e+07
175621
1.88714e+08
116000
2.59448e+08
1.25356e+08
116662
215690
7.18551e+08
7.94422e+08
158176
162920
1.7194e+06
160374
549869
1.30663e+08
754368
4.12844e+08
8.05434e+07
201303
2.35876e+07
1.59466e+09
159499
157193
6.45931e+06
491399
1.93388e+09
1.17767e+09
3.04004e+06
8.06603e+07
9.59993e+07
5.90836e+08
2.21907e+06
173622
444054
1.92375e+09
964204
185794
196826
160346
1.05758e+06
5.85329e+08
1.9651e+07
173142
2.09694e+07
124097
6.23849e+08
117748
162068
4.54562e+08
1.69331e+07
117211
159098
122112
915650
863217
7.91685e+07
228226
1.06182e+09
9.18412e+07
148239
2.83787e+07
1.21666e+08
1.23457e+09
4.12846e+08
5.53811e+07
1.01193e+09
119767
3.48795e+08
127016
1.70225e+07
9.85269e+08
1.63575e+06
131187
137908
659726
1.74226e+07
5.86231e+07
136023
2.71034e+08
8.3011e+08
143471
625062
593361
1.56572e+09
1.61975e+07
3.39781e+06
5.9264e+08
138074
145082
2.5337e+06
4.16162e+09
6.55261e+06
1.54798e+08
495445
7.68606e+08
1.12926e+06
1.00049e+09
2.74588e+06
1.27041e+09
4.06003e+07
3.45928e+07
128548
3.87331e+07
7.95859e+08
101723
8.20164e+07
6.35018e+09
6.05677e+09
1.3053e+08
470188
8.58756e+09
158357
3.44966e+06
164076
1.68007e+07
327900
1.39243e+09
361206
1.3072e+08
6.33154e+08
127532
3.80275e+08
1.59112e+08
1.93219e+07
160962
8.85486e+08
1.46614e+07
166795
846583
1.33961e+06
2.55949e+07
345755
759368
268780
333342
1.45103e+09
6.24354e+08
2.70301e+07
4.84099e+08
97610.3
1.78777e+07
7.09269e+07
1.43946e+07
9.37378e+09
9.24025e+07
995329
219939
5.86467e+06
2.74368e+07
258898
6.20546e+07
1.64898e+08
541281
1.12873e+08
3.56146e+07
1.3614e+08
3.60125e+08
1.27029e+07
2.62773e+07
3.1748e+08
3.47577e+06
4.23646e+06
131452
5.96904e+06
213321
1.94632e+07
1.26331e+09
633203
3.33569e+08
5.27953e+06
487992
169737
464747
1.19555e+09
6.35053e+08
2.26669e+08
1.48482e+08
246896
1.05473e+07
928823
4.46004e+06
2.43032e+07
343114
2.12716e+09
209712
1.33977e+09
152165
3.37588e+08
1.23562e+08
179861
1.13804e+09
1.47153e+09
141934
884105
435713
1.26318e+06
3.90255e+07
151085
2.95787e+07
5.01154e+06
117228
1.04393e+08
6.5409e+06
1.10481e+09
8.45673e+08
340554
395520
129675
4.73069e+06
2.35476e+06
629599
1.98187e+09
2.29343e+08
5.46952e+06
424159
4.85795e+08
4.05309e+06
555239
1.15989e+07
123067
2.34178e+07
7.24723e+06
6.33714e+08
2.46917e+08
1.36627e+08
4.17685e+07
539333
116037
5.05804e+08
1.43426e+07
256758
125446
2.00209e+08
128568
5.86745e+06
2.18101e+07
2.74656e+06
3.30117e+07
1.32961e+09
4.31136e+06
7.66887e+08
140255
8.18531e+06
5.39661e+06
8.11514e+07
1.28716e+08
6.82589e+06
2.67031e+06
129264
1.08423e+07
1.16014e+07
1.63881e+08
161384
2.15376e+07
9.88896e+06
2.40878e+07
245687
8.10327e+08
3.54392e+07
8.42941e+06
210991
222469
180470
6.84152e+06
3.71564e+08
137433
3.29188e+06
1.72659e+07
294823
3.51871e+08
1.13336e+08
1.31611e+09
4.85427e+08
1.32706e+08
7.50475e+08
186377
1.57796e+09
6.65564e+08
96861.6
7.72159e+08
2.49171e+06
6.66314e+08
1.82223e+07
8.11755e+08
4.29846e+10
1.78905e+07
5.57172e+09
342895
279208
1.07342e+09
7.05594e+09
1.78097e+07
4.00275e+08
355344
2.89426e+08
1.47673e+09
2.20139e+09
1.37373e+09
2.54556e+09
2.05454e+07
1.27017e+08
7.16423e+06
1.74907e+09
3.77059e+06
4.23142e+07
1.42798e+09
1.57328e+07
4.11003e+07
1.05138e+07
2.12129e+07
158185
3.50415e+07
1.11587e+07
8.10519e+08
1.40269e+08
109167
7.63768e+07
2.67235e+07
1.97454e+07
9.1907e+08
1.40765e+06
1.12184e+09
1.65502e+07
158829
3.84865e+06
1.9966e+09
156331
3.00534e+07
237685
9.54684e+07
3.38229e+09
2.85539e+07
3.97645e+08
1.23548e+09
541170
168643
8.36397e+08
244009
8.97e+08
1.07295e+09
1.49204e+06
266971
1.19833e+09
7.83512e+07
7.49623e+06
1.72618e+06
1.93236e+07
6.81096e+07
4.04198e+07
704796
184732
1.6802e+07
1.13377e+08
132600
3.76996e+08
1.55839e+07
2.83188e+08
1.3071e+07
1.92798e+07
4.38988e+09
1.73303e+09
1.473e+07
216941
2.91229e+09
6.33956e+08
1.51668e+09
7.04918e+08
2.23895e+09
9.96773e+08
330012
111023
1.87736e+08
3.50629e+06
2.22851e+09
6.08503e+06
487923
2.29701e+09
2.58697e+09
1.18833e+07
182744
3.55193e+08
1.13599e+06
312231
221260
1.13101e+09
1.84903e+06
1.55656e+08
293861
4.69451e+07
417115
163043
5.36941e+06
2.51676e+06
5.76514e+06
1.07555e+09
5.18576e+07
1.29989e+07
4.83661e+07
4.35664e+08
2.36961e+09
507464
1.50651e+07
3.17257e+06
4.37252e+09
1.45192e+08
229485
1.25218e+06
1.57896e+09
2.64023e+07
1.83987e+07
6.75105e+07
8.06399e+08
186484
1.5511e+08
2.65294e+06
2.36188e+06
328020
1.04486e+09
1.65296e+08
2.98171e+08
6.20804e+07
1.2035e+09
2.61885e+07
8.84376e+06
4.29313e+07
278919
4.33547e+06
2.38408e+07
2.19437e+08
1.46274e+09
2.03243e+09
1.81629e+09
4.5823e+06
1.6344e+09
6.6408e+07
305502
4.19073e+08
7.94541e+07
3.54539e+07
8.96545e+08
2.24615e+08
1.18648e+09
2.48123e+06
160006
6.05161e+08
3.27265e+07
4.81971e+09
7.31889e+07
4.06222e+08
8.05061e+07
1.41245e+09
2.41065e+06
6.34702e+08
7.23588e+06
1.42515e+06
3.07802e+06
2.61869e+06
5.52968e+08
1.90908e+08
4.92571e+06
2.35698e+06
4.44996e+06
4.71552e+08
443545
3.89418e+08
1.74649e+06
3.68724e+08
340601
1.05468e+09
2.18311e+08
2.17538e+09
267789
2.42242e+07
4.19431e+09
2.32621e+06
1.82726e+09
2.82705e+08
2.5518e+06
3.47078e+06
1.41708e+07
1.38318e+09
1.42469e+09
1.63959e+07
1.14737e+09
8.99799e+08
2.72069e+09
1.93519e+08
7.16744e+07
2.42847e+06
4.82597e+08
2.03006e+09
387160
4.6054e+08
6.99512e+07
2.18258e+06
1.37548e+09
1.46513e+06
1.0049e+08
5.36129e+06
3.88578e+06
1.4505e+08
1.73886e+08
4.68164e+08
6.90912e+06
6.05195e+08
6.34396e+06
257648
1.07755e+08
2.34825e+07
1.43861e+06
1.68057e+06
8.48592e+06
5.93219e+08
1.06126e+06
1.32482e+09
1.64349e+09
3.92106e+06
1.19307e+08
1.97938e+06
1.16646e+06
3.79861e+07
3.17685e+06
210837
1.50825e+07
2.51718e+07
4.64523e+07
5.85062e+07
8.88499e+06
2.70895e+08
2.84062e+07
2.08705e+09
3.9293e+08
2.53867e+06
1.4762e+08
2.51767e+07
1.29193e+07
357569
1.09226e+09
4.03956e+08
1.19667e+08
4.05678e+08
1.3878e+06
2.47472e+09
1.53896e+06
3.1273e+08
1.59512e+06
1.08932e+07
1.53135e+06
7.90877e+08
5.84711e+07
1.19528e+07
2.96452e+07
1.61224e+09
5.47985e+07
1.67392e+09
1.52313e+09
6.40661e+08
1.98249e+08
9.93539e+06
1.59213e+07
1.53066e+09
2.68899e+09
2.45853e+09
1.02121e+06
834956
2.39786e+06
1.07003e+09
1.10042e+06
3.68045e+08
1.20579e+09
1.78354e+07
1.49438e+08
984140
2.0799e+07
7.77996e+08
1.3886e+06
5.73085e+08
1.7149e+08
239748
1.39459e+06
1.19609e+08
4.11115e+06
2.32665e+07
3.63796e+08
6.16191e+07
4.29682e+07
473253
2.47955e+08
1.27115e+06
3.71583e+08
3.77251e+08
1.05565e+06
321998
668097
5.90246e+07
741250
119469
1.10281e+09
1.49191e+08
127397
6.26498e+07
1.68851e+09
2.51154e+09
1.18824e+09
136698
1.49992e+07
383542
2.65031e+06
500032
2.43004e+06
1.76506e+09
8.99439e+06
151323
547337
1.01396e+09
365933
169563
652905
271143
3.51406e+07
2.90363e+08
187653
344443
732443
221840
1.18907e+09
1.00368e+06
1.33273e+07
6.82838e+08
100386
531551
3.2358e+08
2.72571e+08
1.47746e+07
930594
123924
640820
1.81892e+09
125705
878488
130876
561071
5.35355e+08
411132
4.27065e+06
136364
976595
146889
346477
157848
2.94153e+06
173629
1.20961e+09
190286
280674
216379
249199
159020
918508
305610
158682
252233
167990
214453
183271
1.7427e+06
3.16412e+08
840599
1.4283e+08
4.63215e+07
169962
908851
3.99568e+07
840517
1.00876e+09
1.54159e+07
6.87393e+08
1.83352e+07
1.76974e+07
1.2742e+09
4.79101e+07
1.06815e+09
1.28092e+09
777139
325210
964054
7.17872e+06
633495
2.80683e+08
602231
6.20399e+07
577639
333540
1.07657e+07
1.89537e+08
2.52884e+09
1.69054e+07
108705
602361
497479
9.2919e+07
476115
121977
3.7165e+08
4.1303e+07
128561
4.26635e+07
124766
491172
8.4841e+08
120141
350439
1.32605e+08
149801
1.08252e+09
1.25545e+08
166166
3.35035e+08
294408
9.07016e+07
261271
336020
214332
148930
456453
382962
1.37679e+08
250912
116532
208612
358760
127981
1.18566e+08
332424
288882
336996
136736
145948
241601
240221
170285
210232
317977
206507
159881
272968
157846
136847
178200
164540
4.18064e+09
228955
3.53351e+07
198899
191707
156921
173630
161731
159216
5.1657e+08
2.70992e+07
4.4561e+08
1.1502e+08
161021
1.00132e+08
3.82688e+08
2.29839e+08
6.13993e+08
8.69615e+08
2.11192e+08
1.60248e+07
1.22974e+09
6.60663e+08
2.01398e+07
6.47661e+08
2.03688e+07
9.39843e+08
127532
987953
1.21339e+09
8.00865e+07
1.18578e+08
1.09785e+07
116772
3.24264e+08
1.89254e+07
1.64349e+09
3.89509e+08
1.11414e+07
2.14173e+07
3.57416e+08
1.86118e+07
7.84406e+07
1.4909e+08
1.42415e+07
3.73458e+06
243587
1.64658e+09
9.30109e+08
2.51672e+06
131836
3.00186e+09
2.07685e+07
1.16591e+09
128577
8.85526e+08
3.70868e+07
694819
163303
7.00842e+07
1.44998e+07
117674
4.35315e+08
1.43673e+08
6.10823e+08
5.78034e+08
5.29435e+07
5.54043e+08
1.65092e+06
2.21591e+06
7.46122e+08
309130
2.42084e+08
2.81011e+07
3.67409e+07
3.24643e+06
7.3109e+08
8.37667e+06
1.18837e+08
5.88307e+08
4.97886e+08
2.04496e+06
8.10165e+07
2.76642e+06
5.30894e+08
1.21631e+07
8.8642e+08
1.2991e+09
8.12267e+06
3.5045e+06
7.39662e+07
1.49793e+07
1.26786e+09
3.82698e+07
1.12495e+08
7.57203e+08
1.26134e+09
6.20711e+06
5.7087e+08
1.78373e+06
3.82651e+08
1.194e+09
119016
1.26147e+07
165375
5.98422e+08
6.18784e+08
1.32273e+09
4.8078e+08
121343
123929
1.67157e+06
5.35641e+07
168369
2.99922e+06
6.27771e+06
1.74454e+08
117239
6.62472e+09
5.79782e+08
2.35106e+08
446983
7.68133e+06
208112
6.2285e+08
361205
1.2949e+08
8.38363e+08
1.54361e+09
1.6014e+07
1.74041e+08
126178
162847
5.29717e+08
2.49448e+08
3.33183e+08
2.91566e+07
7.03051e+08
6.82944e+08
6.77474e+07
9.20627e+07
1.80019e+07
1.29129e+06
1.53588e+09
4.29962e+08
1.80571e+09
129475
1.09068e+08
1.62371e+06
4.94119e+07
133993
2.64313e+08
2.25577e+08
139375
1.07347e+09
1.35232e+09
5.0688e+07
7.75951e+09
6.57694e+06
325768
4.10714e+08
140867
2.58377e+07
1.01519e+09
2.43092e+06
3.76641e+07
3.43264e+07
2.21689e+07
7.4715e+06
177792
1.92506e+09
4.44155e+08
9.58717e+08
2.1724e+09
8.8944e+07
3.22812e+06
1.10953e+08
1.12341e+07
1.5549e+08
1.45535e+09
109175
4.0938e+08
6.38474e+08
161263
157031
1.06174e+09
5.67974e+07
2.04391e+06
9.2502e+07
1.13685e+09
6.41628e+08
1.37833e+07
1.23244e+09
150779
9.69903e+06
1.93278e+09
3.0025e+08
6.68814e+08
1.08822e+07
205697
2.04221e+07
3.33457e+07
8.94258e+07
9.38013e+08
1.56076e+08
1.21831e+07
103586
2.27485e+08
2.63756e+08
4.33248e+06
9.73717e+08
2.06903e+07
1.11841e+09
1.17716e+08
9.83116e+07
3.91798e+06
8.27339e+06
2.03745e+06
194980
1.5029e+07
6.51691e+08
6.50321e+08
8.41742e+07
7.66961e+09
9.86926e+10
8.50907e+06
5.90873e+06
1.223e+09
1.31626e+09
5.12997e+09
9.29252e+08
1.19168e+09
9.17847e+07
7.56832e+08
5.32359e+09
9.63982e+07
564094
6.01896e+07
1.78558e+08
2.08804e+07
1.15483e+09
2.99247e+07
3.92796e+06
1.15088e+08
1.02489e+09
3.75707e+09
2.00734e+08
7.21093e+09
1.24528e+09
237021
1.99903e+09
4.71567e+07
6.82501e+07
2.63301e+08
265858
1.39092e+09
1.60294e+06
1.42468e+08
1.57277e+09
1.25274e+07
1.28382e+06
2.58592e+08
1.55106e+07
3.79726e+08
2.76944e+06
444434
8.50196e+07
2.43101e+06
183296
189681
1.20567e+09
4.81669e+06
216317
2.45105e+07
1.86046e+07
8.63907e+06
1.50797e+09
1.09773e+07
1.02059e+07
5.69229e+08
599674
346233
8.91568e+06
4.38564e+07
6.14262e+08
4.01473e+09
2.0541e+09
5.07872e+08
159102
4.63404e+08
1.12516e+07
3.24512e+06
259781
8.00189e+07
1.31417e+06
833643
1.11113e+09
1.20554e+09
1.26917e+07
361230
289791
7.71255e+09
118355
4.90424e+07
1.86608e+09
1.94135e+09
4.31378e+09
2.26954e+06
2.01597e+08
5.16163e+07
2.05457e+07
485742
6.54017e+07
6.234e+06
5.94326e+08
4.07138e+08
9.08202e+08
5.72395e+06
9.95784e+08
2.83907e+09
1.06455e+08
2.43908e+09
875892
9.8866e+07
4.18252e+07
2.70627e+09
6.54537e+08
1.14387e+09
236546
410642
256101
5.9395e+08
1.18853e+09
971046
2.89318e+06
4.10736e+07
8.15034e+08
3.46869e+07
1.06055e+08
8.07355e+07
1.24755e+06
572838
3.40348e+09
5.33951e+08
248807
1.67156e+09
2.10196e+07
1.10547e+09
200022
1.30973e+09
1.01976e+07
1.86013e+09
1.02823e+09
8.70193e+08
6.26445e+08
7.23663e+07
3.28924e+06
2.66141e+07
660379
333947
1.30175e+09
3.5979e+07
137340
280101
9.66497e+08
2.03572e+06
9.58597e+07
5.45373e+08
2.45766e+08
6.31567e+08
2.89923e+08
269103
5.54785e+07
102247
2.30693e+07
1.4147e+09
2.7169e+06
108387
437853
267806
1.96627e+08
128144
3.14621e+07
9.27979e+07
2.2674e+08
9.76044e+07
1.20659e+07
287240
310601
5.86046e+08
1.06215e+09
1.46746e+08
7.51553e+08
7.76181e+07
146190
5.32255e+09
3.32963e+08
1.34278e+08
116771
2.43589e+09
5.00035e+07
2.10237e+08
2.30142e+08
385254
1.58707e+08
1.80904e+09
1.36569e+07
2.34332e+08
3.78333e+07
5.46539e+08
316599
1.21419e+09
1.19993e+09
8.46376e+08
4.72884e+08
1.61242e+07
5.35946e+07
1.5247e+08
1.90701e+09
1.93223e+09
3.59118e+06
1.196e+09
1.09498e+07
2.7691e+06
1.04772e+07
6.04921e+07
1.18677e+09
7.38579e+08
2.44222e+09
1.56181e+06
1.13526e+09
1.40209e+07
6.39486e+06
4.5056e+08
1.13642e+08
2.52445e+09
7.84348e+08
1.40623e+07
3.65308e+07
2.65416e+08
165941
127803
8.16662e+09
230542
8.22829e+08
3.97414e+07
192786
4.42956e+06
4.25971e+08
9.75686e+09
3.46377e+07
5.08717e+08
2.80928e+08
228131
993601
620298
9.46256e+08
7.4446e+07
3.25259e+08
5.08347e+07
7.21341e+06
244898
2.2697e+06
1.60151e+09
1.1092e+08
4.9297e+07
2.05128e+06
1.296e+08
7.14354e+07
2.41651e+08
1.51853e+09
6.58875e+08
8.09943e+08
1.3868e+07
2.15748e+07
5.50529e+07
2.15146e+08
208633
344195
9.42358e+07
4.28491e+06
317269
387153
6.75355e+08
9.42532e+08
1.56917e+07
2.36288e+08
5.86724e+08
4.67756e+08
2.86089e+07
2.57905e+06
1.59412e+09
1.44309e+08
7.40291e+07
976420
6.71515e+06
8.46378e+07
7.46431e+07
1.23205e+08
1.15307e+08
8.39536e+08
4.1909e+08
1.43416e+07
2.21682e+08
1.67447e+09
1.58688e+07
2.57205e+08
1.4558e+08
2.43512e+08
1.73915e+09
4.35583e+07
1.14006e+07
8.62274e+07
3.51504e+08
2.10595e+09
2.04397e+08
2.68132e+08
1.57383e+06
9.75683e+07
392738
1.16881e+09
7.85783e+08
1.93879e+08
1.087e+07
1.69057e+08
1.26722e+09
696462
6.24594e+08
147613
4.70661e+07
163517
1.04266e+06
4.14262e+07
1.30352e+08
1.19831e+09
1.335e+06
7.47748e+07
204711
490991
505192
1.24993e+07
1.27371e+09
3.51283e+07
2.24201e+06
527610
4.77475e+08
315613
1.35242e+06
1.67379e+09
8.08746e+07
7.63208e+08
1.19603e+09
1.76597e+06
6.62778e+08
5.8794e+07
2.60147e+07
2.30101e+07
6.76511e+07
2.41732e+07
9.61235e+06
2.90509e+08
5.37017e+08
234563
8.75717e+08
1.64018e+07
2.0694e+09
201867
507148
1.75e+07
250980
1.75513e+09
6.98138e+07
1.50854e+07
9.43805e+08
354655
6.08272e+10
1.92413e+07
4.12715e+08
1.28778e+09
1.18713e+07
1.10508e+08
1.75098e+07
2.72506e+08
9.85289e+08
1.30822e+09
702095
5.79714e+07
6.28416e+07
1.41231e+09
2.29215e+08
1.09534e+07
6.35705e+08
1.4393e+08
110792
1.58116e+09
9.69108e+08
7.25687e+07
2.93971e+09
3.40398e+09
2.2822e+07
1.59363e+07
8.08738e+06
1.37725e+08
9.09162e+07
1.20699e+09
2.28076e+08
3.59775e+08
9.79391e+08
1.76725e+07
2.61643e+06
9.39358e+07
7.64606e+06
1.5257e+08
367079
1.43857e+06
1.02823e+06
890485
4.8277e+09
2.6061e+07
2.01789e+07
8.19457e+07
1.23e+08
1.92826e+07
5.96701e+08
7.76084e+07
3.75761e+06
6.68066e+08
3.6771e+06
4.4584e+06
1.34346e+09
150612
7.01273e+06
1.1544e+06
2.33309e+06
5.44231e+07
6.48043e+08
2.63309e+09
9.05941e+08
2.83914e+09
5.01348e+07
154389
1.76183e+07
1.45404e+08
1.48568e+07
7.64464e+08
2.5536e+08
3.73576e+06
1.18432e+08
3.58355e+07
3.78585e+08
1.22948e+09
2.12396e+08
3.53157e+07
4.00525e+08
1.49708e+07
156863
2.69131e+07
4.69403e+08
150812
3.14711e+07
2.11684e+07
3.28067e+08
5.92844e+08
1.94702e+07
1.45334e+08
1.95516e+09
2.23221e+09
4.56286e+08
97390.8
2.08143e+09
5.13451e+07
2.51069e+06
2.16731e+09
264187
2.87452e+09
1.70374e+09
4.57113e+07
6.65312e+08
3.23174e+08
1.14151e+09
4.62135e+08
1.90344e+08
7.67684e+08
9.22327e+06
1.91328e+08
3.30309e+08
1.17178e+08
1.90602e+06
1.0051e+09
9.49403e+08
588912
1.77617e+07
2.24564e+08
4.17808e+08
2.13842e+08
7.95331e+06
1.47718e+07
1.01252e+09
2.47326e+06
4.51662e+06
3.17547e+08
2.71986e+06
2.81476e+07
4.37032e+06
1.13321e+08
4.43208e+08
1.44787e+09
1.23531e+07
531369
109772
142388
8.35363e+08
1.65765e+09
3.61078e+06
171398
4.57933e+08
1.88731e+07
2.10814e+09
1.95784e+06
151924
6.56861e+07
1.58744e+08
1.2728e+09
1.08998e+07
1.2408e+09
3.52237e+07
1.07444e+09
9.24089e+08
1.8371e+07
4.23899e+06
3.82169e+08
153258
3.07977e+06
6.20378e+07
5.72074e+08
1.09861e+08
1.28225e+08
1.45651e+09
2.68052e+07
5.31448e+08
3.08406e+08
1.24257e+09
9.44689e+08
2.32946e+09
4.46719e+06
250097
1.7229e+07
131118
7.70285e+06
2.2236e+09
3.45709e+08
6.70337e+07
1.69745e+08
1.21422e+06
9.92991e+06
2.01757e+06
8.70748e+07
1.43046e+08
5.30007e+06
2.77356e+07
4.18826e+08
530102
4.80103e+08
1.04491e+08
5.47684e+08
2.82688e+09
2.04906e+08
2.42155e+09
2.37269e+08
2.74671e+08
1.46262e+07
1.49058e+07
4.46417e+07
1.32433e+08
4.87023e+07
2.12445e+08
1.07543e+08
5.27526e+08
156786
9.82572e+08
8.1218e+07
1.16152e+09
1.92888e+09
5.26434e+07
358270
2.51951e+07
156777
6.42227e+08
6.33137e+08
1.63437e+09
9.83806e+08
6.49707e+08
247637
5.46769e+07
4.1642e+08
223161
7.48111e+07
5.02265e+06
2.03961e+09
9.5109e+07
4.22431e+08
166609
3.01461e+06
9.40949e+07
2.78958e+07
803677
6.09035e+08
2.57814e+06
2.25462e+08
3.3574e+06
4.24423e+08
5.26431e+08
181539
5.06657e+06
1.68055e+06
103876
4.36955e+08
3.8431e+08
210882
785796
2.33073e+08
1.09584e+07
3.67398e+09
1.70862e+09
6.98796e+07
7.79846e+07
2.72825e+07
275071
8.03645e+07
212803
9.6224e+07
2.26686e+07
3.38967e+09
1.24758e+08
205150
2.76371e+09
1.1763e+07
311800
3.41144e+06
2.00422e+07
2.76431e+08
8.60544e+06
4.1215e+07
250198
1.36368e+08
3.71642e+08
2.06559e+08
4.78986e+07
7.08562e+07
4.13014e+08
3.40409e+09
306543
6.44299e+08
1.10019e+06
780830
5.27169e+06
3.78782e+08
406931
1.06312e+09
7.29858e+08
1.58427e+07
575341
213134
2.33971e+08
4.77052e+08
1.05215e+07
4.10626e+07
2.89586e+07
5.71115e+07
1.65631e+07
1.93447e+06
8.00867e+07
3.28543e+08
245610
1.79386e+07
8.84051e+07
1.46174e+07
4.12844e+07
3.14396e+09
461029
2.13271e+07
2.15526e+07
1.15518e+07
441426
4.79638e+06
1.5367e+07
2.32118e+06
4.63168e+08
1.10822e+07
2.52268e+06
1.62476e+08
2.2512e+07
880136
4.79936e+06
5.65499e+08
1.20383e+09
5.71061e+07
5.35772e+08
2.31281e+08
1.86071e+08
5.52947e+07
9.06609e+07
1.06305e+07
2.8585e+06
2.85602e+08
323358
1.08455e+08
1.86457e+07
1.87443e+08
1.54118e+08
1.64706e+07
5.43345e+07
7.56695e+08
2.70795e+07
1.51861e+08
3.33358e+08
1.34907e+08
668532
5.63505e+08
1.45075e+08
4.44433e+08
7.36915e+07
261856
1.56148e+07
3.37405e+07
8.76437e+08
3.09923e+06
1.59926e+07
3.04692e+06
7.29326e+06
2.58424e+06
1.62942e+09
1.626e+09
8.45244e+07
1.25794e+08
7.44546e+08
4.40035e+06
220924
4.3124e+06
4.74294e+07
2.04122e+09
3.59681e+06
2.91982e+07
7.78531e+06
1.35825e+06
1.08707e+09
4.94214e+08
333947
1.55867e+06
1.81721e+08
1.33971e+09
2.20126e+07
1.45822e+07
1.16375e+07
1.90695e+07
1.83887e+07
1.34406e+08
2.85939e+07
6.36849e+06
168592
1.27287e+07
771940
2.72706e+06
4.20207e+06
1.51741e+07
2.17292e+08
326068
3.00925e+06
1.57823e+08
3.56459e+08
9.86935e+07
1.10541e+08
252883
2.09796e+07
2.52075e+09
4.72386e+07
1.50335e+08
1.00225e+09
2.08863e+08
1.28774e+09
8.0472e+08
8.33868e+08
391230
195191
1.02954e+06
2.05793e+09
1.04527e+08
1.48202e+06
153674
222571
9.6918e+08
1.02102e+08
2.57447e+08
486007
7.04614e+09
2.0405e+08
4.27526e+07
160578
2.54887e+07
1.37546e+09
5.67532e+08
2.6763e+08
2.03603e+09
1.47101e+08
5.79541e+08
1.07296e+09
1.48218e+07
6.74398e+07
6.42633e+09
1.18033e+08
6.42378e+08
3.78957e+06
1.26271e+08
6.46484e+07
201353
9.39883e+06
180673
1.34155e+06
8.0286e+07
6.12359e+07
1.14198e+09
1.95721e+07
3.46366e+07
9.43271e+07
378660
3.66846e+08
4.68873e+07
3.71484e+08
3.99756e+06
981096
4.43647e+06
2.54559e+06
1.00043e+09
4.43589e+07
5.55419e+08
1.11396e+09
3.69059e+08
154771
1.52718e+08
1.8312e+08
2.53846e+07
8.92167e+06
2.23984e+07
5.41086e+08
1.50684e+07
7.22308e+08
1.17638e+08
3.68089e+09
2.08574e+07
5.05901e+07
1.54143e+08
3.21403e+07
1.05546e+09
166932
1.12288e+09
1.21259e+08
5.79206e+08
1.93035e+06
6.79058e+09
1.25397e+07
1.24829e+09
5.05531e+06
1.01446e+07
3.32195e+07
164837
3.40302e+08
148705
6.51226e+07
2.02397e+07
2.71412e+09
6.06123e+08
7.97185e+08
3.30215e+08
6.80454e+08
5.30328e+08
1.48851e+09
2.86245e+06
2.10685e+07
6.29355e+08
5.32296e+08
1.42273e+09
8.26692e+06
2.45603e+07
1.59666e+09
9.93695e+07
138476
2.71032e+08
2.67499e+06
1.84181e+09
1.46175e+09
1.047e+09
3.09199e+06
6.88875e+06
9.93578e+08
118448
2.982e+06
7.76712e+07
3.32951e+09
4.10581e+08
2.95163e+09
6.2335e+06
670908
1.53412e+07
3.87147e+07
7.11956e+07
9.63664e+08
1.50207e+09
8.89887e+08
1.64265e+06
8.39197e+07
8.10062e+06
5.01489e+09
159870
460352
6.46026e+08
2.1145e+06
3.48098e+08
2.5539e+07
3.34723e+08
5.14602e+09
2.13413e+07
1.21273e+08
1.21131e+09
624941
266936
1.16386e+07
7.72673e+07
6.17987e+07
7.47344e+08
1.16759e+09
258371
1.74689e+08
3.54234e+07
1.13952e+11
619966
2.81292e+06
4.87481e+08
4.68689e+06
5.38198e+08
1.17502e+08
1.98531e+07
3.53614e+07
6.57575e+06
187706
2.25185e+07
599509
3.69134e+08
4.39626e+08
1.12147e+07
9.69041e+07
2.61762e+06
1.0204e+08
118808
1.22125e+08
9.07807e+06
5.07649e+06
5.54841e+08
1.41754e+08
2.90475e+07
5.22761e+06
1.08753e+06
1.32133e+08
1.29663e+07
263314
138936
215159
3.18089e+08
2.29068e+07
7.78802e+08
1.15277e+06
175315
5.37712e+07
1.00499e+09
236183
4.80388e+07
159108
158721
7.55293e+08
3.65893e+08
8.70416e+07
167274
3.3754e+07
2.64748e+07
182341
2.29004e+09
1.03598e+09
2.57462e+08
1.42833e+09
5.94846e+07
8.1744e+06
1.92939e+08
212599
3.55676e+06
2.85879e+09
1.66323e+08
5.04817e+07
6.25268e+08
405093
145092
177606
302994
1.23796e+06
2.31003e+07
326493
7.34778e+08
5.04048e+07
3.34509e+06
1.85238e+07
3.00103e+06
1.39801e+08
2.15614e+10
2.86509e+06
1.16196e+07
9.79101e+08
3.18345e+06
1.73585e+07
6.25273e+07
260255
8.99697e+08
3.38817e+08
7.71347e+07
2.35846e+07
4.87876e+06
1.67388e+09
1.89565e+07
8.46115e+08
414827
2.09475e+08
186320
3.80322e+07
1.78949e+06
5.04668e+08
1.19079e+06
1.55301e+08
2.45723e+07
2.02719e+09
3.16158e+08
1.50851e+07
9.43433e+08
9.92883e+08
3.76422e+08
3.4136e+06
1.04017e+09
140972
6.17508e+06
5.38445e+07
2.70579e+09
2.81302e+08
1.35186e+06
6.22838e+07
3.81989e+07
2.62066e+06
7.09005e+08
1.63127e+10
6.94966e+07
8.50546e+07
1.86608e+08
8.42877e+07
1.73459e+07
9.95328e+08
549310
1.63354e+06
5.68047e+07
2.74912e+07
6.83446e+08
9.18126e+08
2.25855e+07
8.54158e+07
1.70626e+09
2.58767e+06
2.03686e+08
4.60678e+08
6.05323e+08
1.16165e+08
1.65607e+09
8.22973e+08
2.70635e+08
6.32118e+08
4.30045e+07
2.40953e+08
1.61213e+06
1.78942e+08
2.83049e+08
2.80781e+06
3.2652e+08
1.15928e+06
8.03357e+06
1.87079e+08
6.16321e+08
1.48408e+09
2.64294e+07
9.26429e+07
1.35602e+08
432527
1.05583e+09
3.99454e+08
9.77581e+08
7.38147e+08
1.98017e+08
6.60046e+07
218831
7.17341e+08
1.37479e+09
8.05849e+08
1.13941e+07
1.15671e+08
1.05238e+09
1.91778e+08
7.193e+08
1.43457e+06
1.20453e+09
1.19935e+09
2.73217e+06
3.4933e+08
1.10593e+09
7.77121e+08
7.80118e+08
7.87107e+07
6.10612e+08
3.91807e+08
1.2183e+09
2.30655e+08
4.69296e+06
2.89589e+07
2.67376e+07
772002
5.54938e+06
1.00731e+09
2.18614e+08
5.75199e+07
5.72601e+06
1.87846e+06
3.33728e+07
1.54911e+06
2.06539e+06
319187
4.84634e+08
1.66182e+08
737954
1.30694e+08
3.51404e+07
4.60258e+06
907145
2.96833e+09
1.53798e+08
2.23153e+08
1.26152e+07
2.77056e+07
4.85884e+07
316924
414597
1.65331e+07
2.25648e+09
9.94579e+08
2.29436e+07
1.88815e+08
205177
1.30246e+09
9.44133e+08
555331
2.12196e+08
2.29329e+07
2.50686e+09
3.3715e+06
7.02674e+07
1.4952e+09
141284
3.14436e+07
753370
3.88038e+08
423888
514293
2.05067e+09
1.71024e+08
2.29157e+09
1.1305e+09
1.00177e+09
5.6585e+07
1.23641e+08
6.05097e+08
2.32954e+08
2.73824e+06
1.28771e+08
8.06076e+07
8.58921e+07
315118
216377
4.87587e+08
1.31369e+06
4.97766e+08
9.07429e+08
9.98003e+06
2.31664e+06
2.91228e+07
725089
258039
2.84963e+08
5.37765e+06
6.87011e+07
1.85047e+09
2.14422e+07
1.19425e+09
4.05439e+07
4.48586e+07
2.64658e+07
218544
3.57375e+07
1.28433e+08
379255
195473
1.20909e+06
504979
304183
2.73172e+07
4.0984e+07
232524
240913
1.57341e+08
6.32113e+07
225966
3.79751e+07
2.0972e+06
5.64211e+06
1.04521e+09
169151
4.22521e+07
9.52903e+07
2.14725e+09
8.88979e+08
234206
1.23052e+09
204234
156836
1.39923e+09
2.3714e+06
366243
982972
308940
276875
1.50043e+09
5.36602e+08
2.17592e+08
5.37608e+06
1.27726e+09
2.74351e+06
1.07653e+09
168542
2.51539e+09
2.25989e+08
6.59422e+08
801407
1.76394e+08
1.14467e+08
2.78432e+07
2.08256e+07
145006
2.18352e+09
365677
7.06341e+06
1.31823e+09
1.35302e+08
8.24367e+07
2.56467e+09
2.02356e+07
4.35578e+08
6.6425e+07
1.88655e+07
103900
5.76064e+06
8.26712e+08
752439
1.40387e+09
1.56205e+08
9.34282e+08
5.25016e+06
1.4401e+09
5.46442e+07
130456
2.37731e+06
5.58795e+08
195135
157201
2.28275e+06
575296
1.0247e+09
698100
2.212e+06
1.86912e+08
2.32567e+09
1.09019e+07
4.36765e+07
3.00249e+09
6.08738e+06
241662
436956
1.98282e+07
255850
3.96308e+06
2.18118e+06
867514
616706
1.36896e+06
6.13138e+06
1.64915e+09
2.12539e+07
2.65133e+09
3.89263e+07
5.46248e+07
1.75369e+07
325333
3.95324e+06
1.23762e+09
6.53923e+08
171813
342208
5.63301e+06
1.05512e+09
1.34482e+09
7.81453e+06
264370
163866
4.70089e+06
3.2413e+07
8.14955e+08
6.3716e+07
6.25834e+06
222840
1.45046e+06
3.77444e+06
1.03385e+07
313937
1.40898e+08
9.21232e+07
1.85346e+09
2.43079e+09
1.17972e+08
2.57551e+07
2.38201e+08
130435
170994
279972
7.54624e+07
148733
1.73974e+07
8.38114e+08
1.74626e+07
4.76301e+07
107095
111771
1.23897e+07
5.1781e+07
240061
8.393e+08
1.67483e+08
1.42715e+07
1.33721e+08
4.18949e+07
633061
156560
5.26695e+08
209039
161046
156928
4.23902e+07
5.31833e+07
2.687e+08
7.4347e+07
1.12334e+09
4.12498e+06
1.40513e+08
2.93659e+07
546383
1.15548e+08
4.57281e+08
1.60464e+08
1.32917e+08
6.80076e+06
1.46161e+08
1.16101e+09
1.41722e+09
1.44836e+07
1.21598e+09
4.20199e+07
8.98164e+07
2.16411e+08
1.1696e+09
171109
1.6569e+06
3.41143e+06
2.22579e+08
4.09079e+06
2.10559e+09
6.46073e+07
5.4033e+07
4.33073e+08
1.7197e+07
1.4238e+08
2.53411e+07
4.69389e+07
5.36171e+08
1.26909e+07
1.16654e+08
2.83564e+07
1.87496e+08
1.73989e+07
1.2646e+08
147146
3.09202e+08
1.58333e+08
1.62949e+07
3.38347e+09
1.91858e+08
1.22439e+08
8.09016e+08
2.70036e+07
6.85244e+07
5.73112e+07
9.45775e+08
1.14066e+08
1.21476e+09
1.66691e+09
197119
3.10407e+08
130833
1.14321e+09
1.52652e+07
7.86976e+07
1.00113e+09
8.51412e+08
862239
2.02414e+07
1.28618e+09
3.47973e+07
1.78862e+08
6.16713e+08
1.55528e+08
248397
9.9728e+08
5.84602e+07
2.86278e+06
3.50272e+07
7.18591e+08
2.41904e+09
564915
4.50294e+07
153860
4.28062e+08
154931
5.11835e+08
1.28878e+09
1.69466e+07
8.85879e+07
1.21895e+09
5.72729e+08
1.0945e+06
5.33994e+09
1.35058e+08
245657
4.55276e+08
6.30608e+08
7.75875e+07
169789
1.85113e+08
1.34306e+06
2.2189e+08
330245
3.66086e+06
166880
7.45441e+06
2.73285e+09
7.56614e+06
1.17349e+09
3.3214e+08
2.17376e+08
2.9467e+09
1.236e+08
7.03212e+09
2.29558e+08
9.64845e+07
1.02505e+07
2.55601e+08
794771
8.75784e+08
2.03561e+07
4.14435e+08
1.51067e+08
131530
1.33096e+08
1.5714e+08
1.21059e+09
3.54514e+07
2.39466e+08
2.67954e+09
6.91806e+07
1.66781e+09
1.16316e+08
120123
4.03376e+09
2.13474e+06
2.47339e+06
4.56802e+08
1.42299e+07
1.11535e+06
1.3834e+06
8.60131e+07
5.8198e+06
1.04241e+08
5.6795e+08
129876
213882
1.31926e+08
7.056e+09
2.56657e+09
1.61599e+09
1.69297e+07
3.24986e+08
4.65469e+06
1.62186e+09
1.17893e+08
1.35596e+09
1.93009e+08
1.15835e+08
6.14648e+07
2.42252e+06
2.73587e+07
1.94295e+09
2.53192e+07
1.5496e+06
222403
2.70877e+06
7.91788e+07
404773
1.17679e+09
1.62656e+07
1.50154e+07
151793
7.39034e+06
3.21185e+09
9.31712e+07
2.49588e+08
3.58216e+08
2.58168e+09
3.36058e+08
3.20858e+07
6.45693e+06
3.79173e+08
3.3899e+08
2.26461e+07
5.67726e+08
6.81956e+06
6.15486e+08
162222
258613
2.61074e+08
2.96002e+06
2.07315e+07
122350
1.16152e+08
1.38453e+09
3.40535e+06
4.25121e+06
3.45118e+06
1.37028e+06
1.55552e+07
1.06801e+07
1.90393e+09
5.10545e+08
198329
1.56118e+07
2.81501e+09
1.2001e+08
193257
1.382e+09
3.86983e+08
3.63601e+06
4.16822e+06
4.68846e+07
3.04392e+06
8.26184e+08
7.85373e+06
1.67837e+07
867385
4.79542e+06
1.29066e+08
1.002e+09
87796.5
8.38396e+06
8.0538e+07
6.27292e+07
2.19275e+07
1.51481e+07
819622
764266
356010
5.70312e+08
2.8595e+06
2.03075e+09
5.42522e+08
2.79397e+06
6.40453e+07
913424
962745
1.30664e+08
3.81391e+08
9.26742e+08
2.71608e+09
4.31997e+07
5.62145e+07
1.65183e+06
130115
7.58678e+08
1.38327e+07
2.74148e+09
5.08454e+06
9.86995e+08
1.51421e+09
5.27289e+06
1.04941e+07
1.07342e+09
147291
3.52426e+06
246163
5.44555e+09
3.51212e+07
5.79348e+08
549535
2.15414e+08
4.11084e+06
2.12635e+07
250454
1.78774e+06
5.83947e+08
4.83459e+06
3.1296e+07
6.97948e+06
522826
1.42119e+08
1.26512e+09
180254
5.54614e+07
131873
306448
7.03116e+07
6.74029e+06
1.23825e+06
3.2024e+07
8.84747e+08
2.98798e+08
1.13878e+09
1.1517e+09
228023
253135
9.27465e+07
214770
329836
5.20151e+07
5.75146e+08
9.56159e+07
7.09487e+06
1.81517e+07
1.16087e+07
9.9161e+06
1.06504e+09
5.63453e+07
7.64601e+08
1.72469e+09
1.58274e+09
4.54848e+08
136711
1.38577e+09
6.9674e+08
825807
1.1042e+06
1.1629e+09
3.97884e+08
2.08628e+07
4.81451e+09
2.09255e+08
256196
604928
7.42771e+09
5.61877e+07
832982
2.68631e+09
503049
3.41024e+07
1.51008e+08
2.74227e+08
1.97193e+09
179379
1.70011e+09
4.3199e+07
1.21215e+09
1.21862e+09
2.63331e+07
152606
6.43539e+07
1.16705e+09
1.51503e+07
4.65213e+07
1.47871e+09
1.53238e+07
4.33998e+07
3.97007e+07
5.75483e+07
1.14467e+09
1.62322e+08
748447
2.29174e+07
1.12533e+07
1.24131e+09
454377
177876
5.5432e+08
2.27953e+07
5.55473e+08
1.97496e+09
325392
1.00248e+09
1.15833e+08
531629
1.06018e+09
4.00963e+09
1.07866e+08
6.84865e+08
138639
128003
6.84569e+08
405610
9.36425e+07
143293
4.52618e+08
1.97026e+08
222103
3.73293e+07
297049
2.37498e+08
1.20767e+06
155173
9.86739e+08
4.35649e+08
5.66973e+08
1.15168e+08
1.03668e+07
1.02964e+07
2.14244e+06
1.35925e+08
3.53906e+07
1.35261e+07
2.73809e+09
1.88629e+08
170886
106951
182824
6.77341e+08
7.85734e+06
117033
1.45616e+08
2.2381e+07
4.06115e+08
1.27202e+09
1.84812e+08
3.98602e+08
4.92926e+06
1.40237e+08
247697
1.73471e+07
2.2062e+07
4.33515e+07
2.49537e+08
2.5688e+07
3.3892e+06
547484
2.99139e+09
1.54968e+07
1.16287e+07
2.23892e+08
4.68384e+08
4.97157e+08
1.0251e+09
1.6705e+06
7.49626e+08
2.5537e+08
1.03022e+07
1.3882e+08
7.22583e+06
236045
1.62775e+08
3.42499e+08
2.14753e+07
2.80812e+09
1.0579e+06
899283
2.85613e+07
1.76315e+09
5.69438e+09
1.04074e+08
2.34225e+08
8.12604e+07
3.33682e+07
1.05746e+07
7.32499e+06
7.36374e+07
6.63996e+08
4.92674e+08
2.16949e+08
380088
160026
6.91331e+07
2.60824e+06
9.37801e+08
2.0952e+07
1.07605e+08
1.64949e+09
1.77323e+07
524624
2.13724e+09
9.8976e+08
2.06585e+08
204247
3.44949e+08
1.80335e+07
1.54721e+07
164449
2.165e+08
6.22564e+08
6.18006e+08
404826
3.79326e+06
2.11125e+09
1.50613e+09
121881
1.04541e+08
1.6567e+07
1.08312e+07
1.48233e+07
1.57333e+07
1.53263e+08
191059
2.03318e+07
3.32887e+07
1.2947e+09
1.76176e+07
1.35067e+09
117499
643200
2.33847e+06
1.02559e+09
2.62198e+07
254752
1.0005e+07
2.78555e+07
2.98823e+09
1.13333e+07
1.12166e+08
2.65541e+08
2.70874e+06
2.8527e+08
1.53504e+09
1.19384e+08
6.03009e+08
1.48746e+09
4.37216e+10
9.06958e+07
775523
2.61595e+09
3.11895e+07
1.65786e+07
767189
1.49773e+07
2.04561e+07
3.3156e+08
9.78789e+08
6.35484e+09
9.01243e+08
1.76309e+09
2.12349e+08
1.21021e+07
240767
152647
243960
3.63976e+06
1.49467e+07
3.42992e+08
2.65027e+08
1.74512e+08
305682
419922
121732
1.1495e+09
3.24269e+06
1.54285e+08
127312
5.70089e+07
3.63428e+07
7.27594e+07
228691
1.4246e+07
1.37395e+08
8.05897e+06
448882
3.21421e+06
7.36128e+08
6.15015e+07
3.19937e+08
1.92861e+09
1.18193e+07
1.29714e+09
2.10694e+07
1.98926e+10
5.50682e+06
1.50894e+06
128146
3.85588e+08
2.56841e+09
1.02811e+08
7.04606e+06
1.26639e+08
6.68658e+07
1.53929e+08
3.11331e+08
3.50597e+09
3.74232e+07
1.44277e+08
1.78533e+09
7.05833e+08
3.17542e+06
6.44165e+07
2.25827e+08
1.0615e+09
91024.6
1.06594e+07
1.52107e+08
3.69674e+08
1.13265e+06
1.07098e+07
1.22766e+09
1.97573e+09
505477
1.37153e+06
1.77227e+09
2.5373e+06
1.8029e+09
1.06903e+08
4.94401e+08
1.47647e+09
2.99212e+08
2.62331e+08
1.10693e+07
2.00108e+08
6.65139e+07
1.7403e+07
1.4613e+09
8.64205e+08
2.07987e+06
1.77673e+08
2.76478e+06
862053
1.01052e+09
1.5261e+09
2.1424e+09
2.33251e+09
318431
1.01709e+09
415637
5.3175e+07
1.03383e+09
9.80304e+08
9.1704e+07
2.82539e+06
2.34877e+06
371653
8.44437e+08
210064
1.01744e+09
6.46187e+08
261650
1.56067e+09
340163
4.04599e+09
682534
1.18211e+08
1.40867e+08
1.21235e+09
1.96123e+08
5.18839e+08
476356
6.21972e+07
1.22428e+09
1.17906e+09
403569
1.67581e+09
3.29229e+08
9.17211e+08
202951
4.39928e+08
1.33976e+07
751838
8.86929e+08
5.57003e+06
4.59526e+08
183846
8.09525e+08
128702
215044
3.05111e+06
3.40465e+06
3.51977e+06
95563.4
129831
4.43542e+08
274650
1.56701e+07
2.6178e+09
1.25027e+07
153226
134083
2.09809e+09
2.07926e+07
9.48477e+06
6.08653e+09
1.39624e+09
1.03958e+08
1.52177e+09
5.50645e+08
3.05788e+07
5.34317e+07
1.15831e+08
349271
2.28758e+08
4.5379e+07
5.09271e+08
8.58777e+08
2.04957e+06
1.13922e+06
1.13531e+06
3.03114e+06
5.48667e+07
2.66992e+06
1.45656e+07
4.62054e+07
5.77778e+07
4.77306e+06
836060
1.29601e+09
292526
1.62336e+07
2.61373e+06
4.2726e+07
2.70073e+09
107449
1.23956e+08
4.40357e+07
514107
7.16013e+08
4.47342e+07
141283
1.28073e+08
1.89123e+08
2.54334e+09
3.74002e+08
2.77566e+09
6.88896e+09
2.02856e+09
1.01665e+09
2.08012e+09
3.98376e+08
1.40641e+10
1.5087e+08
1.51023e+08
4.59661e+06
1.31965e+09
1.86515e+07
1.54967e+09
1.27104e+09
250302
2.05974e+09
4.88818e+07
2.4428e+07
8.98141e+08
1.31826e+08
8.8714e+08
1.29182e+09
4.26243e+08
2.08977e+09
3.44825e+06
375896
1.64137e+09
2.12405e+07
152355
1.91466e+08
1.23984e+06
102724
280431
1.00207e+09
5.60362e+06
2.22438e+07
149534
250793
2.14849e+07
1.12156e+08
1.03843e+09
4.81931e+07
2.66651e+07
2.1145e+07
3.42695e+07
525487
7.9259e+07
5.17238e+06
9.93018e+07
2.75076e+06
1.1182e+07
6.80133e+07
2.08455e+06
5.13472e+08
4.90643e+07
2.51705e+07
9.02353e+07
8.82134e+08
2.63161e+09
1.7434e+08
7.92274e+07
1.96437e+07
1.4572e+08
7.75223e+08
1.50315e+08
9.67637e+07
2.02505e+06
1.64495e+08
7.58237e+06
1.84654e+08
6.83657e+07
6.25285e+08
2.17683e+08
360634
9.73395e+09
1.42847e+07
120043
3.65834e+07
1.54043e+08
1.2032e+07
1.92206e+07
1.60989e+09
3.74906e+08
6.07793e+07
2.09409e+08
1.60033e+09
5.06433e+08
1.43582e+08
1.27009e+08
235144
7.44644e+06
4.78437e+07
5.08446e+07
1.30341e+08
236727
1.20787e+08
175433
2.6811e+09
1.28671e+09
9.06724e+07
8.98833e+08
2.94011e+06
1.53466e+09
3.04129e+08
3.96565e+06
1.12861e+09
1.36084e+09
324302
140775
5.63894e+07
92381.8
2.8313e+07
1.38506e+08
233655
3.99358e+07
7.90506e+08
2.76683e+08
5.50413e+07
1.28301e+08
7.8269e+07
9.73032e+06
6.34003e+06
533179
7.23429e+06
1.96799e+08
9.98731e+06
1.72739e+09
1.17121e+09
1.94959e+06
9.1549e+08
6.99225e+06
1.58169e+09
1.50115e+06
112547
1.71704e+08
99091.6
6.8121e+08
1.79286e+09
1.04745e+07
4.231e+07
141025
1.19739e+07
1.93215e+06
4.06089e+09
154511
1.26788e+09
2.41929e+08
5.49663e+06
1.21858e+09
1.64885e+08
1.18181e+07
1.48108e+09
1.4902e+09
480842
1.94692e+08
2.72761e+06
392948
1.00107e+08
1.73907e+09
120958
1.1954e+09
3.4926e+06
1.03965e+09
93803.7
5.5553e+07
1.33823e+08
1.14794e+08
3.76659e+07
4.87194e+08
2.38515e+07
130360
1.28044e+08
8.79894e+07
4.1251e+08
1.0252e+08
1.00057e+07
1.9596e+08
2.62821e+06
152426
1.51966e+09
3.8176e+07
3.20865e+08
2.96329e+08
1.38392e+09
1.26829e+08
7.38342e+07
1.44424e+09
8.77118e+06
8.85134e+07
8.88815e+08
6.70967e+08
3.04757e+10
2.4e+06
4.42447e+08
4.70425e+07
4.17137e+08
1.21163e+09
5.68778e+06
8.9174e+06
2.17992e+08
1.2499e+09
1.40757e+08
6.29176e+07
1.19773e+07
1.1463e+09
2.8984e+08
7.78774e+08
9.34022e+07
1.04005e+07
8.87812e+08
1.08794e+08
8.84056e+08
3.2683e+07
7.40253e+08
3.73946e+08
2.42576e+06
9.66401e+08
5.73025e+07
1.52653e+07
8.91833e+07
3.25148e+07
1.23977e+08
7.68407e+07
4.21151e+09
1.82923e+09
154862
2.6346e+07
2.12327e+07
1.34195e+08
1.764e+08
4.4794e+09
4.0991e+06
5.30605e+08
1.75962e+08
1.44085e+07
1.25856e+09
1.32368e+06
7.40724e+08
900854
2.79752e+08
1.24552e+06
2.08422e+06
4.17326e+08
4.42978e+07
8.44583e+08
1.37226e+08
1.36611e+08
826691
1.15575e+09
1.12055e+08
1.90275e+08
378442
9.95446e+08
4.82174e+08
1.37847e+08
3.88306e+07
2.84744e+06
5.95634e+07
3.1793e+06
2.7375e+07
2.57634e+09
252961
1.10989e+09
95168.9
149482
3.104e+08
1.43447e+08
8.2509e+08
1.67748e+07
1.08445e+07
3.92381e+08
178939
3.51659e+06
1.48157e+08
157904
9.42132e+08
9.75369e+08
1.3403e+07
4.5319e+08
1.47484e+08
6.55217e+07
1.73424e+07
1.18188e+07
1.10107e+09
1.74318e+07
1.09518e+07
796313
1.45981e+07
5.78837e+08
1.46943e+07
3.10943e+10
1.01304e+07
1.70175e+08
2.19218e+07
4.6758e+07
8.23998e+06
3.10865e+07
4.75982e+08
2.49582e+09
1.303e+08
7.72953e+06
3.0207e+06
1.1082e+09
1.43632e+09
3.18584e+07
1.43755e+08
3.42261e+06
253887
7.86675e+09
1.30587e+08
2.4666e+06
1.87374e+07
3.57665e+08
7.15517e+08
1.45547e+08
1.31212e+09
3.4544e+08
9.83344e+07
3.09479e+08
9.96218e+07
2.64601e+08
1.95438e+09
4.69385e+08
1.68942e+07
1.94691e+07
1.14674e+09
7.77094e+06
1.91256e+07
1.24737e+09
9.04752e+06
6.22482e+06
7.61666e+08
5.76872e+07
3.6335e+08
3.37074e+08
4.26499e+08
1.67865e+08
6.82998e+08
4.00465e+08
2.75218e+06
1.78001e+09
1.45456e+06
1.1535e+07
9.8302e+08
459250
3.90015e+09
2.37537e+08
5.62616e+08
3.93179e+07
2.81491e+08
2.65136e+08
8.15464e+07
1.1353e+06
464277
2.48705e+07
2.3724e+08
2.55432e+09
2.12501e+07
8.30419e+08
1.49558e+07
9.08267e+07
5.70391e+07
3.26707e+08
1.14688e+06
1.70725e+07
1.56825e+09
9.10666e+07
3.57351e+07
1.36018e+08
1.9729e+08
3.8062e+07
3.30549e+09
7.33042e+06
3.1401e+08
3.72859e+07
1.10812e+07
5.63887e+09
3.73869e+08
1.60522e+07
8.31374e+09
3.09335e+06
493117
196921
5.1157e+06
2.95156e+07
1.36228e+07
3.7097e+08
6.64222e+07
1.21562e+07
1.36426e+09
4.90207e+07
6.08325e+07
8.76731e+07
210433
4.50515e+08
5.31228e+08
6.5035e+08
155897
1.75242e+06
110659
8.61002e+07
9.36356e+08
161512
883305
1.11778e+07
1.13178e+09
4.70702e+07
1.60175e+08
1.21665e+07
1.14211e+07
4.53562e+09
2.44237e+07
1.82801e+07
4.40334e+08
5.20234e+07
3.85613e+08
6.40487e+08
5.88677e+06
8.41784e+08
974717
652727
2.08998e+07
1.57304e+08
1.49459e+07
3.66257e+07
656388
2.14728e+09
5.74045e+06
5.07246e+08
1.84539e+06
2.4022e+08
1.38012e+08
4.94377e+07
9.85083e+08
4.47095e+08
4.74431e+08
1.38663e+09
9.80986e+08
1.59895e+09
1.06354e+07
1.35099e+07
1.53174e+08
534953
1.59218e+09
1.25048e+08
5.62203e+07
6.04924e+07
979930
3.07776e+06
114241
2.44634e+07
2.36292e+09
349682
1.93788e+09
3.60387e+07
1.04305e+07
4.52781e+07
2.72823e+09
694123
2.34411e+06
1.52265e+09
2.94261e+08
1.23083e+09
860124
1.70491e+07
4.14551e+07
5.58028e+07
6.97714e+08
4.04401e+06
6.63563e+06
1.29222e+07
1.42589e+07
9.00447e+08
6.73185e+07
8.89492e+09
4.65611e+06
3.8472e+09
1.70692e+07
1.82733e+08
1.88936e+07
1.74971e+07
2.79267e+09
1.94745e+07
6.74008e+08
550481
1.7877e+09
7.57054e+07
1.19343e+09
104042
3.78687e+08
3.48232e+06
170390
2.08232e+07
1.31192e+09
5.10252e+08
362498
2.17754e+06
8.35771e+07
7.0187e+08
2.49749e+06
1.54058e+09
96531.1
1.11329e+08
1.9938e+07
4.18152e+08
1.08144e+09
1.52582e+07
1.62377e+07
466291
4.05108e+07
7.44459e+06
5.94601e+07
2.89219e+09
1.37597e+08
1.96415e+06
1.28454e+09
280046
6.12509e+08
368590
3.22045e+06
1.15666e+08
104090
3.26307e+08
2.42558e+08
1.66193e+06
1.24917e+08
2.7178e+09
6.07351e+08
3.60284e+07
6.82739e+07
457917
122390
1.22944e+09
6.05751e+07
8.49934e+08
2.15056e+09
8.34204e+07
4.40539e+08
1.25827e+09
5.10718e+08
90542
6.83017e+08
1.15019e+06
1.55794e+07
3.50571e+08
3.24495e+09
1.64692e+09
2.24681e+07
8.30843e+09
1.33387e+07
1.2998e+08
2.70559e+07
1.62538e+09
2.50828e+06
1.84592e+08
6.02633e+08
1.42853e+09
2.92417e+07
286183
1.10046e+09
6.05053e+09
147178
1.24019e+07
3.11615e+06
2.98645e+08
6.40545e+06
90543.5
6.33563e+07
5.23405e+08
9.63609e+08
1.00537e+08
8.51043e+06
2.28563e+08
363021
2.2894e+08
3.40588e+07
7.68432e+08
1.327e+08
2.55949e+07
1.33287e+08
1.44333e+08
4.42066e+07
5.27678e+08
5.56846e+06
1.57346e+07
897470
5.31775e+08
4.54969e+07
2.32473e+08
4.15986e+06
1.64477e+09
2.42851e+07
2.09024e+06
1.31317e+08
4.02818e+08
6.88893e+07
2.4926e+06
2.92964e+07
2.14098e+09
3.95683e+08
288812
1.79451e+09
1.79167e+07
1.66799e+07
6.93781e+09
2.11156e+09
8.35997e+08
261284
1.99932e+07
9.41263e+07
1.23812e+09
1.62999e+06
2.06568e+08
1.14906e+09
4.39403e+08
4.01732e+07
243528
3.93719e+06
2.09341e+07
4.30904e+09
7.92176e+09
100346
6.61042e+07
1.15041e+07
1.08938e+07
1.35088e+08
3.22068e+07
8.60786e+08
9.81314e+08
2.99812e+07
2.20856e+07
1.67601e+07
5.81751e+08
1.65892e+09
6.97309e+06
8.76268e+07
1.1232e+08
608371
7.11445e+07
1.72552e+07
6.67235e+09
1.83583e+09
3.20984e+08
4.20207e+07
2.45265e+07
3.19262e+07
1.96342e+09
3.87382e+08
8.97922e+08
1.7124e+06
3.09504e+08
2.67279e+07
5.93242e+09
1.42875e+06
8.63177e+06
5.80274e+06
1.35204e+08
4.08076e+07
5.20396e+08
8.17501e+07
9.9348e+06
1.59667e+08
1.64982e+09
1.56762e+08
2.64892e+07
1.14997e+06
2.43473e+08
6.43164e+07
1.09679e+07
9.27303e+08
3.55907e+08
3.45037e+06
1.58927e+08
1.13071e+09
1.38777e+08
3.48124e+09
2.5692e+08
678074
2.49561e+09
2.02638e+09
2.23915e+09
2.41453e+06
1.54965e+06
1.38269e+08
1.17395e+09
1.43555e+08
1.09665e+09
2.28327e+07
2.43692e+06
2.66244e+06
4.43429e+07
1.58265e+07
1.05933e+09
5.04314e+08
3.62212e+08
3.01337e+06
1.3552e+07
7.6676e+07
1.54188e+07
142821
1.31638e+09
3.42502e+08
8.48313e+07
8.16415e+08
3.16159e+08
4.91144e+08
1.19427e+07
3.80858e+07
280315
2.73649e+07
1.69793e+08
5.91729e+08
2.75357e+07
1.07044e+08
9.89695e+06
2.35751e+09
4.53205e+07
1.61714e+06
195652
320790
2.96086e+08
8.03581e+06
3.71184e+07
4.23041e+08
121456
2.02915e+07
2.89623e+08
4.82091e+08
1.4329e+07
1.7391e+08
5.02014e+07
5.02093e+08
412389
1.3418e+09
129010
7.28191e+06
1.87565e+08
1.87689e+08
1.22827e+08
6.13746e+08
4.67152e+08
2.10592e+07
7.63977e+06
4.13573e+08
291576
3.47232e+09
2.57609e+07
4.19196e+08
8.48284e+06
165046
1.55516e+08
3.07526e+08
7.99166e+08
6.18236e+08
2.53956e+07
4.72421e+08
1.8084e+08
3.49025e+06
1.44592e+08
2.71705e+08
1.03971e+08
3.8427e+07
1.67202e+09
3.32207e+06
1.95941e+06
156627
1.28719e+08
1.05866e+08
7.45149e+07
1.94734e+09
8.65098e+07
1.73751e+09
7.48471e+08
1.02977e+09
3.32119e+08
4.11493e+07
2.17958e+07
488982
3.71868e+07
1.57197e+09
2.02221e+08
4.12542e+07
1.61551e+09
7.77604e+07
2.97368e+07
8.88435e+06
158797
6.1172e+07
537073
2.92776e+08
1.88537e+07
2.47613e+07
8.2235e+07
2.77989e+06
4.81163e+08
1.40017e+09
1.16427e+08
2.43946e+07
4.18985e+08
9.50737e+06
3.33677e+07
279018
105259
7.45684e+07
1.24559e+09
4.59293e+08
8.23456e+06
413242
6.39975e+06
1.62648e+08
2.29925e+08
4.43362e+08
2.16318e+09
2.41776e+09
1.07011e+08
4.13357e+06
6.7686e+07
3.62297e+07
1.14462e+08
9.23657e+06
2.74679e+08
3.38412e+07
1.69445e+08
1.07682e+09
2.57572e+07
6.93429e+06
4.21861e+08
1.8304e+09
1.08077e+07
1.60451e+06
1.25424e+08
104756
4.67658e+07
2.43401e+07
5.74494e+07
1.67765e+07
9.25111e+07
177792
1.09508e+06
3.22616e+06
5.60804e+07
4.02242e+08
469276
2.39389e+08
1.59947e+08
4.61933e+09
5.74759e+06
6.14307e+06
5.5906e+08
1.75574e+09
2.65861e+07
5.51585e+07
2.33431e+08
1.12026e+09
250458
9.23797e+06
5.59733e+08
1.18259e+07
1.82862e+07
1.00838e+08
1.06636e+06
4.82445e+06
8.94722e+07
7.33226e+07
3.781e+08
5.16806e+08
4.0702e+07
4.46544e+09
2.13719e+07
2.70549e+07
5.58621e+08
1.34832e+08
956234
1.55638e+08
4.46881e+07
5.3334e+07
98943.8
7.15223e+08
5.54046e+08
2.72491e+07
3.3572e+08
1.86125e+08
1.52805e+06
5.82696e+07
5.88102e+07
9.00918e+08
1.47912e+07
7.12037e+06
1.39042e+07
1.13446e+07
1.96891e+08
5.21705e+06
4.01315e+08
1.53758e+06
1.01176e+08
1.02455e+07
1.18792e+08
9.28141e+07
1.54315e+09
3.07711e+07
1.03116e+07
9.20698e+08
1.85857e+08
174900
1.61266e+07
1.1039e+09
4.59413e+08
7.65075e+06
3.70153e+08
8.45493e+07
8.47676e+07
1.35799e+07
8.96434e+07
7.33734e+07
9.85318e+06
9.87071e+07
1.17887e+08
1.27481e+08
8.61157e+06
8.28605e+07
3.51316e+06
3.51636e+07
5.40233e+07
5.37398e+07
1.07684e+07
7.51074e+07
2.39263e+08
1.21313e+06
1.50104e+09
1.05116e+06
2.58525e+07
1.05571e+09
1.36812e+07
7.21296e+08
148304
979423
1.12788e+09
1.69243e+07
535082
5.96612e+08
1.1133e+09
4.76796e+07
1.68672e+09
1.16935e+09
4.92273e+06
1.06096e+07
4.93722e+08
3.03978e+06
3.09242e+07
2.32384e+07
1.68287e+08
1.81937e+08
1.27428e+07
7.42339e+08
2.74872e+07
1.31879e+07
2.24662e+07
3.60485e+07
5.89134e+07
558068
2.56969e+06
2.43852e+08
1.07915e+07
2.63516e+08
2.662e+08
5.05396e+07
5.40046e+06
1.8979e+10
9.71959e+06
2.36498e+07
1.51846e+09
7.01229e+07
3.51398e+06
7.64464e+06
3.7516e+08
1.67489e+09
511594
3.75894e+08
3.7126e+08
1.17286e+10
4.50018e+07
1.96001e+06
215801
3.22108e+06
1.25052e+09
2.06079e+08
2.57635e+06
6.31556e+08
4.70308e+08
3.64455e+08
1.64042e+07
989044
2.07707e+08
794750
3.0657e+06
6.14801e+08
287124
4.41741e+08
5.58368e+07
1.22026e+09
1.38287e+08
7.69707e+07
2.21764e+07
3.61446e+07
5.18505e+07
1.08408e+09
2.86391e+09
1.60146e+07
1.96067e+08
344774
153137
2.67853e+07
1.06591e+07
1.71321e+09
1.18187e+09
1.1562e+08
2.62062e+08
7.42251e+06
1.22538e+08
1.77386e+09
4.71799e+07
1.91031e+07
1.31176e+07
7.39974e+06
244580
3.25842e+07
3.76223e+08
5.07581e+08
2.86267e+08
1.39621e+09
3.06181e+08
1.86209e+08
6.0824e+06
3.02974e+07
9.53668e+08
209190
5.8064e+07
1.26475e+07
8.93307e+08
3.29941e+08
2.05485e+07
2.40232e+06
5.73732e+08
1.23619e+06
1.38227e+08
1.56663e+07
1.06224e+06
3.85079e+07
4.18282e+07
2.90386e+09
1.54234e+08
5.53401e+07
3.32456e+09
8.01265e+08
8.69679e+06
220940
6.21273e+07
1.74434e+09
1.48919e+07
2.44156e+09
5.46467e+08
3.9208e+09
1.24816e+09
1.03365e+07
6.54336e+07
7.62818e+06
3.10702e+08
2.85476e+07
9.12979e+08
2.22557e+09
4.23705e+08
9.09179e+07
2.034e+09
4.95154e+08
2.19811e+07
177131
4.00106e+08
1.81901e+09
4.08724e+08
2.44132e+07
3.03524e+08
7.58169e+06
1.24364e+09
9.26922e+06
3.14749e+06
1.70356e+09
1.92542e+06
4.2579e+06
2.76246e+09
1.26789e+06
2.59277e+07
1.04895e+08
1.38113e+09
1.89794e+08
6.91847e+07
230050
4.53699e+08
1.81102e+09
3.47844e+07
5.11533e+06
1.41059e+08
1.37699e+06
776895
1.04863e+08
1.17346e+08
4.9615e+06
1.1316e+10
680200
1.91238e+08
1.95673e+06
9.17775e+07
5.17201e+07
1.29609e+09
5.18586e+07
4.2667e+06
8.6869e+07
2.48892e+08
1.24189e+08
1.44346e+08
7.68444e+07
1.14769e+07
5.93807e+06
158034
307208
4.81917e+07
1.36766e+08
2.82932e+06
1.19677e+08
1.41188e+08
1.49646e+06
2.29017e+06
3.99419e+07
2.44367e+06
1.05142e+07
3.13329e+08
4.34798e+08
1.85979e+08
4.94619e+07
2.51995e+08
1.5723e+08
6.29189e+08
149116
1.54221e+08
5.7711e+07
1.65274e+09
3.56018e+07
6.61336e+07
1.94285e+07
159468
2.7962e+08
3.74569e+06
2.24942e+08
8.01388e+07
1.1991e+08
5.75153e+06
1.01272e+08
2.67082e+08
3.31182e+07
1.09647e+08
1.58582e+09
1.36816e+06
3.94981e+08
106210
220109
8.00906e+07
1.59105e+09
1.55561e+09
6.99796e+07
8.21594e+07
6.02512e+07
7.58486e+07
9.36817e+07
6.11671e+07
3.26649e+06
3.56648e+08
2.71636e+07
1.03648e+09
2.635e+07
1.11087e+07
2.21626e+06
6.70323e+07
3.22349e+08
7.79375e+08
1.26813e+09
2.23538e+07
3.31014e+07
3.13552e+06
9.63066e+06
569547
1.13835e+09
224746
5.05653e+08
5.63797e+08
1.18437e+07
2.34207e+07
1.33182e+09
1.5395e+07
1.58326e+07
3.72011e+07
108121
2.47605e+07
3.00425e+07
400001
1.20433e+08
4.67174e+07
336508
109376
8.39033e+06
1.96186e+06
2.21099e+09
9.97529e+06
300551
669939
8.0995e+07
7.54336e+06
5.31364e+07
1.97411e+06
3.91026e+07
3.25729e+07
3.32588e+07
1.17802e+07
4.88748e+08
1.74524e+08
4.03123e+08
1.22708e+09
2.86101e+06
321218
1.82736e+07
1.19667e+08
2.12973e+07
4.97882e+07
4.57751e+07
3.5548e+07
5.15002e+06
1.73437e+07
2.21127e+07
1.93357e+07
4.64195e+07
8.00255e+08
7.78244e+07
2.71945e+07
156704
206131
2.17483e+06
8.82893e+07
3.78674e+08
1.93633e+09
1.55059e+09
1.35206e+09
5.14558e+08
1.49864e+09
1.20588e+08
1.8301e+09
1.01839e+09
7.03198e+08
8.00814e+06
2.93946e+06
4.46995e+07
1.84746e+06
165115
2.58118e+07
1.39945e+06
2.11577e+07
2.39414e+06
1.25914e+08
3.71668e+08
1.04346e+07
1.27966e+08
6.25213e+06
2.82802e+07
9.91713e+08
6.61675e+07
5.78033e+08
1.08671e+09
4.09409e+08
141294
6.34391e+08
5.93555e+06
1.07733e+10
3.78519e+09
3.6058e+08
2.7225e+06
3.326e+08
303208
2.77972e+08
8.92212e+08
7.41021e+08
499591
3.47635e+07
5.94983e+07
2.0249e+06
4.84261e+08
2.48169e+09
1.57374e+08
1.41016e+08
4.22932e+07
3.1354e+06
8.11859e+08
1.45869e+07
3.23183e+07
9.04989e+07
1.05582e+08
6.19526e+07
8.65462e+06
3.37916e+07
1.80959e+07
1.22627e+09
797347
4.05345e+07
1.53105e+08
9.42784e+08
6.42551e+07
1.31043e+08
3.49803e+07
6.66136e+07
3.53424e+07
2.74976e+08
3.87325e+07
6.76299e+08
4.33447e+07
2.97679e+08
1.16195e+07
1.02832e+06
1.34694e+07
3.39055e+07
1.1432e+06
1.14854e+09
4.10816e+08
1.09725e+08
151057
2.0981e+07
2.13283e+07
1.97785e+07
5.68459e+07
1.37028e+09
1.22403e+09
2.17908e+09
3.09583e+08
6.05489e+07
2.26062e+09
1.55993e+08
1.41826e+08
6.5748e+07
6.00061e+06
2.39436e+07
6.26286e+07
4.77133e+07
1.7934e+09
1.96477e+09
3.84263e+07
9.72252e+07
3.02806e+06
6.52926e+07
2.3675e+07
3.34226e+08
1.60788e+07
7.14343e+06
9.44362e+07
5.77517e+08
1.03492e+09
2.34581e+08
1.45223e+08
2.03422e+09
1.28573e+09
1.90896e+07
4.36855e+08
6.44138e+08
1.83129e+06
5.34705e+08
1.28561e+07
8.22377e+07
1.14256e+08
5.60953e+07
4.61749e+06
498513
8.21482e+08
3.31306e+06
1.22225e+09
1.46648e+08
1.25874e+07
6.4277e+07
1.2917e+07
2.23073e+09
7.79393e+08
5.05336e+06
3.0078e+07
1.49045e+08
1.16776e+09
7.19088e+08
1.32934e+07
1.31658e+07
8.9714e+06
3.68464e+09
3.45641e+07
1.08288e+08
6.68856e+06
1.90818e+08
1.17754e+08
1.79315e+09
1.90465e+08
3.85035e+08
2.27605e+09
1.12664e+08
3.01747e+06
4.74288e+09
4.17828e+08
2.39047e+06
7.94391e+08
2.82548e+08
7.18201e+07
8.95177e+06
6.09226e+07
6.16543e+06
235843
3.68622e+08
7.94312e+07
158835
4.50366e+08
1.15208e+07
2.46282e+08
5.6335e+07
1.3801e+09
284087
117536
1.19212e+06
2.76558e+06
1.55332e+08
2.47671e+08
3.97466e+09
1.78004e+07
5.91045e+06
1.99237e+07
3.25056e+07
3.01187e+09
1.48472e+07
1.95336e+09
6.91186e+07
1.2393e+08
1.31733e+07
1.21236e+09
3.48327e+06
1.72225e+08
5.52942e+07
2.03549e+07
1.00739e+09
4.34633e+07
1.28267e+09
5.12733e+06
1.20923e+07
5.07235e+07
9.30929e+07
4.31428e+07
1.66013e+08
1.21664e+09
3.81654e+07
2.51794e+08
1.77763e+07
3.32542e+07
1.1881e+07
1.19264e+07
5.52744e+06
2.14477e+08
713024
1.07727e+09
1.80994e+08
8.48715e+08
1.39212e+09
3.52629e+06
1.75908e+07
7.50275e+08
5.97568e+08
2.76693e+07
515288
1.06613e+09
8.32146e+07
1.03922e+07
2.15764e+08
4.58104e+08
4.36347e+08
7.03899e+08
6.41453e+06
352438
3.83597e+08
2.50966e+08
167437
2.40471e+07
1.32425e+07
1.80315e+09
1.02242e+08
1.70387e+08
1.92492e+08
2.28814e+09
3.25931e+06
5.57266e+07
1.47848e+07
6.07118e+07
1.08194e+09
2.33783e+09
5.19292e+07
1.37524e+09
208663
6.80623e+06
5.55636e+09
1.22862e+07
3.26769e+06
3.68981e+08
3.8147e+08
7.34257e+06
2.60565e+09
9.64477e+08
1.80604e+07
5.13037e+07
2.51458e+07
2.63283e+06
3.22281e+06
2.46691e+09
6.54785e+07
7.56152e+08
2.81234e+08
4.48193e+08
5.46965e+06
1.66963e+07
8.26305e+07
6.4874e+07
2.50122e+07
230225
2.08037e+06
5.7075e+08
1.06452e+07
1.33631e+08
3.36531e+07
2.12311e+06
6.42819e+06
1.59738e+07
1.13235e+09
6.78292e+08
4.09367e+08
4.43102e+06
5.88636e+07
2.63554e+09
1.18472e+07
5.63736e+08
1.72659e+07
9.49485e+07
7.13032e+07
2.94203e+08
1.73935e+08
1.77014e+07
1.4663e+06
4.22236e+09
3.48398e+07
654436
2.78003e+08
1.39605e+09
6.60671e+06
2.70726e+06
1.77538e+07
115403
2.58248e+09
2.2598e+07
700505
4.9565e+08
5.03008e+07
1.22191e+09
850368
1.06088e+06
4.6269e+07
93173.6
2.3856e+08
1.62054e+08
2.56951e+09
5.44237e+07
8.82022e+07
1.1895e+08
8.82959e+07
2.25268e+07
1.77345e+08
247602
2.04032e+08
5.04958e+07
1.64518e+08
4.09457e+08
7.50036e+07
1.09769e+08
2.18444e+08
537393
5.55875e+08
1.59185e+08
3.31913e+08
2.16116e+08
6.91779e+07
4.33279e+07
1.2975e+09
2.91964e+08
8.87314e+07
1.65317e+08
1.07881e+08
1.10668e+07
500283
2.71416e+08
104388
1.87626e+09
1.49398e+07
8.84132e+07
5.14874e+08
5.22835e+07
2.10261e+07
1.15348e+08
2.61575e+06
3.51727e+09
1.36459e+07
1.19447e+07
710124
2.17827e+07
9.37013e+08
6.94359e+07
1.70519e+07
1.03062e+08
6.79812e+08
620794
2.50844e+09
1.79838e+06
5.0899e+08
3.73704e+09
2.64888e+08
2.52193e+09
2.75498e+07
8.4315e+08
3.2326e+07
2.12163e+07
7.25083e+08
361912
1.75175e+07
2.25173e+09
4.71966e+08
1.60533e+06
6.72223e+09
5.54155e+06
6.59171e+06
8.33662e+06
2.3596e+07
1.1982e+08
5.00583e+09
4.34508e+07
1.91946e+07
2.83553e+06
2.51334e+08
4.20382e+07
1.04488e+07
1.01185e+09
5.26483e+08
8.38811e+07
617631
1.3081e+09
8.086e+08
2.39081e+07
7.93795e+07
8.08377e+08
7.94111e+07
3.00143e+08
161597
5.81154e+07
2.79125e+08
4.19062e+07
9.98735e+08
5.62734e+06
1.49459e+06
1.13604e+08
1.03475e+09
1.92054e+09
3.62092e+07
3.67663e+06
334828
1.66929e+08
2.88892e+07
4.0836e+07
3.54452e+07
3.07677e+08
3.46153e+09
5.34741e+08
4.61513e+07
3.88541e+08
1.7528e+09
3.76952e+09
1.25403e+06
5.18261e+08
2.31179e+07
1.00208e+09
287706
1.3309e+09
1.30024e+08
4.1881e+08
557667
1.04736e+06
4.23689e+08
5.00694e+07
3.03918e+08
8.85084e+07
1.17885e+07
7.24957e+08
2.37235e+08
1.72069e+08
359804
3.62632e+06
1.11176e+09
2.48246e+08
1.0658e+09
9.67545e+08
3.08554e+08
2.86446e+07
1.48688e+08
3.3786e+07
111792
7.14077e+07
2.6249e+06
1.09884e+07
137814
1.0919e+07
2.48908e+06
250060
4.39739e+08
4.66889e+08
1.21545e+09
1.14741e+08
1.80356e+07
3.49518e+07
382959
1.73948e+08
1.46109e+07
6.11164e+08
5.98673e+07
93820.4
1.90798e+08
9.61083e+06
1.05476e+09
9.61884e+06
3.62355e+09
2.88503e+07
5.29663e+07
3.15306e+08
2.46495e+06
6.13256e+09
2.13349e+08
1.07995e+07
2.04776e+06
1.41851e+07
8.57336e+07
5.13056e+07
3.07607e+07
9.3299e+08
1.06695e+09
2.14676e+08
1.81714e+07
1.94073e+09
2.13018e+09
1.89731e+07
8.51039e+07
3.10081e+09
1.6274e+08
164411
617577
2.31982e+07
2.55445e+08
1.24115e+07
1.22369e+09
170999
1.25545e+07
6.88661e+08
2.12088e+08
8.44399e+06
6.25855e+07
4.69679e+06
3.27036e+07
5.24159e+06
1.02011e+08
299846
5.73473e+09
2.52097e+08
9.81974e+09
2.43089e+08
9.35192e+07
1.09278e+08
2.9729e+07
5.98541e+07
3.00277e+07
2.6948e+08
2.77128e+09
2.22743e+09
1.08409e+09
1.7729e+08
6.2633e+07
2.16612e+08
467547
5.03994e+07
3.1455e+08
1.23295e+07
4.59557e+08
7.63962e+08
4.72035e+08
6.52285e+08
161827
6.78085e+07
2.19355e+08
1.23123e+07
1.65917e+08
1.59297e+09
2.16984e+08
1.04325e+06
9.37266e+07
1.54455e+09
8.20227e+07
166482
3.7745e+07
2.33696e+09
1.33906e+07
1.17888e+09
160517
9.89578e+06
2.04984e+09
1.32548e+09
9.22783e+08
3.01298e+06
614944
7.59911e+06
6.41526e+08
1.3069e+09
5.74796e+07
1.06366e+07
5.29943e+08
5.45584e+07
5.1283e+06
5.84102e+06
4.89447e+07
8.70553e+09
1.09381e+08
2.89534e+08
1.70611e+08
3.0511e+08
1.83612e+08
7.46369e+07
1.9028e+06
4.12043e+09
1.07172e+07
2.5261e+06
3.88314e+07
1.3066e+07
630972
3.09736e+08
3.5074e+07
4.50557e+07
4.3039e+07
1.19705e+09
1.5772e+08
3.77789e+08
6.16986e+08
156945
2.3053e+09
1.69607e+07
1.23354e+07
6.96918e+07
9.42007e+07
1.88749e+09
1.89506e+07
1.33873e+08
1.30353e+08
1.38989e+08
1.69189e+08
8.88525e+07
1.06297e+09
1.44086e+08
147479
3.33986e+06
2.25965e+08
2.67865e+08
7.7123e+06
1.18431e+08
5.99314e+08
3.59013e+08
7.13511e+07
2.33641e+09
6.58949e+08
2.91051e+08
2.82929e+06
4.85852e+08
7.78334e+08
3.25427e+06
1.67304e+07
2.32485e+08
5.78811e+06
5.44695e+07
1.45686e+09
6.36372e+09
3.73841e+07
1.62402e+07
4.12327e+09
4.28948e+07
5.59783e+08
1.6061e+09
615501
1.26387e+09
8.12379e+08
7.77148e+07
3.4334e+08
5.92339e+07
5.05272e+07
5.24921e+07
8.77866e+08
1.58855e+08
479644
6.45683e+06
2.30017e+06
2.01936e+09
2.84366e+07
932598
2.70161e+08
5.30087e+09
100828
1.70607e+09
2.92348e+08
2.61007e+08
6.00236e+06
4.08267e+08
2.20318e+07
1.20719e+08
4.45381e+09
1.33371e+07
5.78129e+08
2.6657e+07
4.01904e+06
593141
3.99213e+06
1.53576e+08
3.39603e+09
3.7266e+06
1.58086e+08
1.14615e+07
1.52946e+08
3.28516e+06
3.05528e+06
1.26725e+07
7.24366e+08
9.47117e+08
457029
1.88068e+07
1.197e+07
3.97385e+06
156490
5.8394e+06
3.48017e+06
4.46723e+08
4.44967e+07
1.89707e+07
1.22854e+09
1.40244e+08
107648
8.23102e+06
4.49405e+08
1.26256e+07
2.37326e+07
1.54432e+07
709180
2.28118e+06
2.50623e+07
6.2446e+07
2.59096e+09
6.4048e+08
1.60115e+09
1.03758e+08
1.94666e+08
2.4496e+08
2.3642e+08
3.19835e+08
880953
2.65869e+07
1.36017e+09
2.30345e+09
4.161e+07
5.25675e+06
1.5189e+08
1.45476e+06
2.38558e+08
8.83753e+08
2.52745e+09
2.24657e+06
3.90728e+08
2.00081e+07
137274
6.24297e+08
2.426e+09
2.95044e+07
5.99191e+08
595043
433385
9.32448e+07
1.47196e+09
3.04276e+08
4.68185e+08
2.75917e+08
881516
7.52244e+08
5.43987e+08
1.56595e+07
1.37037e+08
1.32608e+08
4.80026e+08
541763
6.62969e+08
2.46627e+07
2.17786e+07
3.92976e+09
2.19645e+07
4.67415e+08
8.1322e+08
8.51482e+07
3.34836e+08
1.34275e+09
4.84577e+08
3.67578e+09
2.04688e+07
4.00177e+08
6.68483e+09
7.69369e+07
2.54444e+07
1.0249e+09
3.5855e+06
1.18278e+09
8.03415e+06
1.65394e+09
2.19309e+07
1.14164e+07
4.19974e+07
5.40405e+06
201388
9.90995e+08
7.02769e+08
2.31859e+06
4.89654e+07
3.46408e+07
3.1268e+07
1.66646e+06
2.24727e+08
1.13157e+07
1.4145e+07
1.3689e+09
1.15235e+09
2.96683e+08
7.22411e+07
2.34233e+08
8.67033e+08
2.69025e+08
2.91565e+08
8.23089e+08
5.37024e+07
1.11028e+07
1.91004e+07
3.47605e+08
8.38879e+08
4.14813e+08
3.74903e+07
1.13847e+09
5.45429e+07
3.8566e+08
1.77109e+09
2.13499e+07
1.75538e+07
1.91243e+08
2.81621e+09
5.52353e+06
163390
6.79189e+07
1.51216e+07
3.00405e+08
2.9545e+08
232185
3.88492e+09
1.03467e+08
1.17535e+09
3.75641e+06
1.43632e+08
1.59506e+09
1.2135e+07
5.25749e+08
1.32698e+08
4.46567e+08
1.26973e+07
5.64872e+08
1.92496e+08
1.93466e+06
2.08944e+09
4.31569e+08
2.3324e+09
4.17664e+08
6.35902e+06
1.30677e+07
1.29253e+09
105499
1.78312e+09
1.60627e+07
4.66043e+07
2.29269e+07
239156
2.01665e+09
3.40748e+08
2.32486e+07
1.67032e+07
2.10904e+08
2.24734e+07
6.07972e+08
2.00774e+06
2.58483e+08
7.14736e+06
2.48515e+07
319423
1.89136e+09
1.3361e+09
1.51948e+07
2.66444e+07
2.72175e+08
1.78029e+09
2.62946e+09
6.14402e+06
1.35124e+08
254508
147688
1.01969e+08
4.21257e+06
3.22742e+07
1.6795e+08
2.51178e+08
4.03527e+08
414978
1.11198e+09
3.35242e+07
186507
1.08453e+09
9.42324e+07
4.30625e+06
2.91952e+07
1.42972e+08
9.57113e+08
1.02055e+09
1.53837e+08
2.56877e+07
7.9279e+07
2.60301e+08
1.71733e+09
1.06586e+07
2.3074e+08
2.4543e+08
1.66462e+07
4.54849e+07
4.13637e+06
8.27914e+06
7.00553e+07
1.3405e+08
304784
105391
2.26097e+08
2.18421e+07
696202
2.84581e+08
1.11914e+06
2.27662e+09
111545
488672
1.78956e+07
2.64816e+08
2.77248e+07
2.3655e+08
3.14672e+06
7.44656e+07
907015
1.70293e+07
2.69546e+08
2.3254e+07
371426
573059
2.60362e+06
8.81249e+08
3.63476e+06
6.70544e+07
7.41642e+08
1.13494e+07
7.02513e+07
1.03904e+07
2.64919e+09
1.86153e+08
2.90824e+08
1.17065e+07
9.19473e+07
1.87211e+08
1.48466e+07
1.56218e+08
2.18854e+09
2.582e+07
3.8457e+06
1.06718e+07
5.44179e+06
2.39163e+06
1.07609e+09
7.94038e+07
1.34834e+07
148969
2.96192e+09
2.00689e+09
1.85356e+07
2.75947e+07
2.31839e+07
204303
2.05597e+06
9.30237e+07
1.4858e+09
2.30262e+07
1.6316e+08
2.79962e+08
4.58268e+09
2.13709e+08
1.24504e+09
2.34274e+08
1.96757e+08
1.0819e+08
1.55965e+07
2.7015e+06
1.80868e+09
9.08146e+06
183267
141796
6.94762e+06
1.21336e+08
1.02081e+07
559615
3.89065e+06
4.02763e+09
9.46669e+08
1.76405e+08
5.58827e+06
913245
93022.1
8.29708e+07
4.39454e+08
4.94017e+08
1.60916e+09
2.11508e+08
4.90124e+07
4.25034e+08
6.36937e+08
5.04663e+08
1.25669e+08
470494
1.6776e+07
7.96209e+06
2.27669e+07
1.1234e+10
1.88735e+07
2.57469e+07
3.80029e+08
7.6387e+07
1.6324e+07
9.62419e+08
2.1625e+06
2.47946e+09
1.7753e+07
8.49589e+08
411595
365478
2.70737e+06
2.05519e+09
3.37163e+07
5.24922e+08
3.40882e+06
6.75208e+06
3.61217e+07
154615
2.43915e+06
3.89764e+06
8.97638e+07
2.32121e+09
2.57038e+07
6.07832e+08
6.5414e+08
1.27458e+08
1.36754e+06
1.40061e+09
1.11434e+09
6.40571e+08
4.48342e+08
1.19339e+07
1.87776e+07
3.054e+07
3.95483e+08
1.5835e+07
252938
3.88981e+07
1.47736e+08
347158
3.23377e+08
1.99036e+06
2.27373e+08
6.81087e+06
188974
2.82835e+07
2.62589e+08
2.6857e+09
5.88586e+07
5.3936e+07
202375
6.25153e+06
1.93854e+07
1.68849e+06
2.3953e+08
2.71019e+07
160114
2.23416e+08
1.19202e+06
6.60052e+06
1.41439e+08
1.35963e+08
7.75203e+06
6.3735e+08
1.46955e+07
1.93115e+06
2.18967e+09
164526
4.5078e+06
7.33576e+06
709938
2.38029e+07
2.59677e+08
7.72829e+08
1.14181e+08
3.28582e+08
1.61628e+08
9.40402e+08
3.32575e+08
2.46032e+07
2.4819e+07
2.86345e+08
5.10682e+09
1.22672e+07
190471
2.87093e+08
3.17917e+07
8.08476e+07
6.00145e+08
4.6351e+08
5.19134e+08
2.37114e+07
1.60972e+08
1.30675e+08
3.43402e+06
4.37086e+09
1.47972e+07
5.48271e+07
3.86792e+07
2.76677e+07
1.08104e+07
9.30777e+07
1.88116e+07
3.89913e+08
8.30305e+08
1.31799e+09
1.36188e+06
5.67749e+06
3.82418e+08
1.00385e+09
233587
2.08537e+07
2.15852e+06
2.32318e+07
9.11437e+07
1.76299e+07
1.00816e+09
1.89525e+08
507231
4.5912e+07
2.32608e+08
4.7169e+07
1.92649e+07
1.26454e+08
1.96353e+07
2.50187e+08
9.51427e+08
4.1369e+09
2.54884e+08
4.10082e+07
1.57503e+07
1.40828e+08
234500
1.92625e+07
2.76782e+08
2.79689e+08
1.14128e+06
163085
2.06303e+08
1.31489e+08
4.36938e+07
6.2972e+08
2.03047e+07
5.17627e+08
7.42305e+07
2.71057e+09
4.82866e+07
4.39476e+08
7.81491e+06
2.13117e+08
410773
1.59997e+08
1.86192e+09
3.39441e+07
735133
1.44991e+09
6.15563e+08
5.91786e+07
1.02751e+08
152084
3.27731e+07
1.03674e+08
1.24092e+08
1.40191e+08
5.09301e+07
7.06458e+08
2.56562e+07
1.91091e+06
9.11666e+07
3.54413e+07
2.41208e+07
2.14454e+09
1.69784e+07
2.11758e+08
1.51264e+08
6.83571e+07
3.29207e+09
1.08074e+07
194783
734099
7.13347e+06
7.69432e+08
3.83447e+10
126248
1.36174e+07
2.00766e+09
1.43907e+08
2.69805e+07
2.18389e+06
2.8126e+07
4.79019e+07
1.52446e+08
9.28707e+08
205667
1.0419e+06
4.61842e+08
2.43255e+06
1.11771e+08
381690
2.31365e+08
3.57466e+08
1.00385e+07
3.20978e+09
2.86827e+07
2.38462e+08
9.64088e+08
877985
1.18005e+07
9.23427e+08
2.29264e+07
2.72595e+07
9.57488e+08
1.84926e+08
1.31163e+08
4.68431e+08
1.32031e+08
1.87066e+07
4.45495e+07
1.16895e+09
2.06536e+07
3.80093e+08
276868
1.38564e+08
1.09103e+08
1.13246e+08
1.24738e+06
568151
1.60907e+08
3.42601e+08
5.04774e+08
1.01471e+09
1.4998e+08
2.29558e+08
1.47196e+10
1.95797e+07
7.35274e+08
4.82961e+06
2.47352e+08
4.39608e+08
2.27873e+07
1.71807e+06
3.39789e+07
1.01929e+08
3.91626e+07
7.60981e+06
5.84826e+10
160798
7.5317e+07
962539
3.33192e+08
3.39297e+06
3.86126e+08
3.62623e+07
5.6826e+07
6.64215e+06
1.93866e+06
1.33978e+08
7.45694e+08
3.83607e+08
3.07637e+06
2.39054e+06
1.58261e+07
3.67068e+08
8.95232e+07
4.67496e+06
3.19001e+07
9.15613e+07
7.53913e+07
5.09263e+08
4.40772e+08
7.43197e+07
3.38191e+08
3.50118e+09
5.88676e+06
1.24538e+07
2.6227e+08
1.61245e+09
1.29884e+09
9.20737e+08
3.11236e+07
1.71376e+07
2.0616e+08
1.35559e+07
1.1978e+08
6.77399e+07
2.78886e+08
2.46354e+08
4.12523e+06
646352
89993.4
1.73724e+08
2.0535e+07
1.81464e+09
1.88548e+09
1.2297e+08
1.19859e+09
96922.2
4.20443e+08
159220
5.84961e+06
2.68573e+08
8.2059e+07
111975
4.2753e+07
4.55488e+08
1.02524e+07
6.49857e+06
153755
6.14185e+07
5.98508e+07
1.18357e+06
1.83549e+08
2.52167e+10
1.68008e+08
1.10549e+06
5.33979e+06
1.74183e+08
1.62941e+08
5.35862e+06
8.89646e+07
1.28638e+07
6.56513e+06
1.13592e+07
9.36216e+08
2.10938e+07
9.98793e+08
1.09284e+09
1.0952e+07
1.11375e+09
3.72785e+08
1.66815e+09
4.83975e+09
1.8806e+08
4.37209e+06
5.12807e+06
1.27157e+08
2.4174e+09
130518
5.61251e+07
5.9833e+08
4.15879e+07
5.00481e+08
1.4928e+07
2.74934e+09
652148
7.4587e+07
6.97818e+06
5.36787e+07
91254.7
5.45819e+08
5.48744e+08
2.68859e+08
514010
3.2727e+09
2.96236e+07
4.09009e+07
1.74264e+07
7.05544e+07
318452
7.34423e+07
7.51682e+07
2.35868e+09
1.88932e+07
1.04543e+09
1.07282e+07
1.25242e+09
2.54469e+06
8.38618e+07
6.99161e+08
1.35465e+08
330101
1.18603e+09
2.6725e+07
603639
7.48176e+07
2.23254e+08
5.56452e+09
4.38175e+06
1.78636e+07
3.08975e+09
1.01133e+09
1.60422e+09
104298
2.24093e+07
3.56247e+06
237945
3.23314e+07
2.17129e+08
2.54156e+07
4.01793e+08
1.50799e+08
4.9984e+07
4.42045e+07
3.07369e+07
1.06985e+07
1.33337e+09
1.53186e+09
2.92349e+06
9.40577e+07
1.7017e+09
6.71171e+07
276869
1.59509e+07
2.88268e+07
1.88227e+06
7.65962e+07
7.79207e+06
6.53277e+08
4.2238e+07
259376
1.49902e+08
2.37102e+08
1.27532e+08
5.15492e+06
1.03353e+09
1.82799e+08
3.99021e+07
2.20848e+06
1.88055e+09
6.65153e+07
684662
4.73338e+07
367583
6.00519e+08
3.00446e+08
1.262e+08
1.08048e+07
1.00507e+07
4.16761e+07
2.49844e+07
1.9798e+08
6.16364e+07
3.60048e+07
8.25386e+08
162712
4.07351e+07
4.79252e+08
1.98263e+07
5.11511e+08
1.83789e+07
1.47743e+07
6.51976e+08
7.80051e+07
193348
460294
1.20597e+09
1.54991e+08
1.0457e+06
1.44754e+09
1.87529e+08
1.44341e+08
8.05088e+08
1.68359e+07
1.51973e+08
1.09945e+09
144867
6.3834e+06
1.75491e+06
1.90375e+08
5.23185e+06
2.60819e+09
7.12259e+08
5.62404e+06
1.56016e+08
1.06903e+08
2.29041e+09
6.73156e+07
1.50718e+09
1.39813e+08
2.00198e+06
4.02554e+08
124610
6.85696e+06
2.58991e+08
158708
5.75548e+08
5.86538e+07
1.31041e+08
4.49575e+08
2.69548e+06
1.9057e+08
633499
1.62176e+08
1.63133e+09
1.37021e+08
696618
582832
6.41812e+06
5.11506e+07
1.52463e+08
3.23648e+07
9.21629e+08
2.59577e+07
9.12513e+07
8.69834e+07
1.44232e+08
1.24454e+09
1.84747e+07
3.60709e+07
1.6907e+09
4.19218e+07
4.3011e+07
1.09791e+08
1.1874e+08
1.37595e+08
4.34645e+08
1.41344e+09
4.11478e+07
2.46709e+07
1.26445e+08
6.60788e+07
3.83174e+09
5.1238e+07
5.40405e+07
6.19503e+08
7.22993e+08
1.27771e+09
1.88201e+08
162847
2.09664e+08
1.05794e+08
2.29293e+07
1.45212e+08
649618
1.66828e+08
4.65828e+07
7.88227e+08
1.09974e+06
1.11332e+08
759260
6.83157e+07
2.05135e+08
6.6676e+06
1.18415e+08
7.90586e+07
3.57033e+07
1.22467e+07
139278
111436
5.07095e+06
1.73993e+07
103381
4.06756e+08
2.14328e+09
3.37338e+07
1.13979e+08
6.45383e+06
2.28367e+07
5.01883e+08
1.77176e+07
7.26244e+07
8.14345e+08
2.64785e+07
6.87286e+07
1.08293e+07
2.2436e+09
8.60582e+07
2.81845e+07
138398
3.06137e+07
3.57848e+06
9.33901e+07
5.97643e+08
211516
8.44854e+07
4.01524e+06
4.86898e+09
4.06186e+08
6.09752e+08
3.56406e+08
2.05294e+09
1.77802e+07
6.25451e+08
4.70096e+08
2.36849e+06
5.45496e+07
1.97648e+09
159078
2.72224e+09
1.6335e+08
654823
9.08016e+08
2.37529e+07
1.90053e+07
4.07458e+07
5.8565e+08
3.06321e+08
1.9495e+07
2.09685e+07
4.82758e+08
4.28009e+08
368121
2.65525e+06
5.44415e+09
2.29206e+07
5.99338e+08
4.27474e+08
3.85078e+09
5.72938e+08
4.09943e+06
8.69404e+06
4.46834e+08
6.81593e+08
1.12074e+08
1.21938e+08
1.54021e+08
1.70357e+06
6.25149e+08
3.73835e+07
1.50997e+07
7.46696e+07
1.60681e+09
1.19141e+08
7.59665e+08
6.50646e+08
1.58528e+09
1.10244e+09
2.45566e+09
1.49242e+06
2.63516e+08
5.80682e+08
3.09067e+07
110241
2.13761e+07
1.07278e+08
1.10296e+08
1.63822e+09
1.38784e+09
1.00732e+08
156987
2.2376e+07
2.00557e+07
4.66117e+07
1.68279e+09
752670
7.33097e+07
240675
3.72602e+07
1.36642e+06
8.54895e+07
3.17058e+08
1.68672e+09
5.9597e+06
2.11819e+07
5.55242e+07
6.6793e+07
3.17774e+06
148763
2.23528e+07
3.55042e+06
9.96133e+06
2.07781e+08
5.39432e+07
2.95005e+07
95855.5
8.97885e+06
287797
8.4481e+08
1.07757e+07
9.63733e+06
1.70959e+08
1.33712e+09
3.46373e+06
6.01444e+07
6.64127e+06
4.41439e+08
1.08147e+07
3.22153e+07
1.35631e+07
1.2541e+08
2.12046e+08
1.06624e+07
3.32676e+06
1.02749e+07
173586
459588
2.91521e+08
1.74765e+08
3.01067e+07
3.35656e+08
152801
2.2991e+06
3.21369e+07
1.49086e+09
2.48584e+09
3.33231e+08
1.53344e+06
164660
6.79968e+08
98534.7
1.5452e+06
3.82589e+07
2.163e+09
8.0475e+08
8.49241e+06
8.2441e+07
6.30533e+09
6.29984e+07
3.37437e+08
1.38822e+09
5.46313e+07
8.32704e+08
459847
2.0283e+06
9.30298e+07
1.06008e+08
1.05637e+07
2.51676e+09
6.83253e+07
2.08559e+06
147868
266803
2.30339e+07
140013
4.89726e+08
7.32415e+08
9.36938e+07
795428
7.50939e+06
1.7144e+09
3.74497e+08
9.86395e+07
5.80607e+08
1.08113e+07
200220
1.02371e+06
3.10285e+08
104741
1.67828e+09
3.95051e+06
1.04951e+07
5.23262e+07
5.97157e+06
7.04012e+08
3.28533e+06
5.09164e+08
1.65195e+07
7.51499e+07
5.62443e+08
7.90227e+07
4.18355e+07
313470
6.81075e+07
3.41122e+07
1.35542e+08
1.18896e+08
6.46088e+08
1.29277e+07
103629
5.29428e+07
3.09447e+07
4.19619e+08
2.45322e+07
2.19569e+07
1.88038e+09
3.09304e+09
2.68945e+07
1.1847e+06
1.07833e+09
4.3322e+08
9.05647e+06
414280
3.31806e+08
2.70064e+07
6.72801e+07
1.3404e+07
4.61078e+08
4.80466e+09
8.94836e+08
2.50501e+08
1.435e+09
3.17606e+07
1.26492e+09
3.69119e+09
4.13596e+08
1.04464e+08
2.55072e+09
2.73205e+08
6.57568e+07
5.89663e+07
3.79579e+08
4.71464e+08
476014
1.24872e+09
8.25625e+08
1.05116e+08
2.33916e+07
4.53967e+08
3.95669e+07
1.06694e+09
140015
1.18966e+09
2.61433e+09
1.46879e+08
144469
2.49696e+08
1.29728e+08
5.92791e+08
4.73777e+08
1.46598e+07
4.99735e+06
8.73116e+08
1.00309e+09
1.11291e+08
9.06123e+07
643490
1.95518e+07
449469
414360
6.82608e+08
3.18215e+08
1.47773e+09
2.33937e+08
1.33884e+08
5.66901e+08
3.37902e+08
4.05308e+08
292062
1.25409e+07
1.55465e+09
1.39696e+07
7.10568e+06
1.09792e+07
5.2422e+07
2.39485e+07
1.02098e+08
8.83858e+08
201914
1.66933e+09
5.99757e+08
7.07459e+07
1.81113e+07
2.02862e+09
2.73623e+08
5.83952e+07
1.7792e+07
1.06538e+08
473682
4.44391e+07
7.66086e+07
9.34362e+07
2.44405e+08
5.28563e+06
7.68607e+07
6.23175e+09
1.49201e+08
7.95808e+08
2.19376e+07
1.75891e+07
1.31567e+06
4.33817e+07
5.10401e+07
5.14569e+07
6.54756e+07
2.16582e+09
186998
1.19721e+06
2.96349e+08
6.94312e+07
1.84503e+07
9.7141e+08
1.74242e+07
3.93088e+08
2.12102e+07
1.42908e+07
1.40971e+08
1.58373e+07
219143
6.79516e+07
1.61764e+06
1.91531e+07
4.69859e+07
717295
9.95122e+07
1.36955e+08
2.884e+06
2.08117e+06
4.21829e+08
6.30997e+08
1.33277e+08
1.20522e+07
2.31478e+06
183986
1.25941e+06
1.02274e+09
1.04779e+09
3.62034e+08
7.31103e+08
1.68375e+09
6.38063e+07
133679
1.04992e+09
4.94543e+06
2.51955e+08
190018
3.54127e+06
1.19103e+06
2.22789e+07
1.81009e+07
5.82786e+09
825507
5.14275e+06
2.11549e+07
232591
5.69917e+07
489638
8.07343e+09
3.45681e+07
1.45413e+09
4.92766e+06
1.38755e+08
3.80695e+07
8.62138e+06
1.22164e+07
1.13735e+06
6.82474e+07
1.26825e+08
553065
9.73911e+07
1.31168e+08
2.20792e+09
5.41594e+08
6.64135e+06
208747
1.25881e+09
2.0624e+09
8.79399e+07
9.25945e+08
569846
2.73935e+07
2.05447e+07
2.77038e+08
2.55185e+06
1.62005e+06
4.65688e+07
4.26773e+07
7.82674e+07
1.81555e+07
962453
1.41012e+08
1.3668e+09
1.54515e+07
6.8821e+06
1.32228e+08
1.43141e+08
1.20725e+09
4.82645e+06
1.45518e+06
1.01353e+06
5.50725e+07
1.33947e+09
4.22127e+09
1.38846e+07
1.80325e+07
153689
3.67993e+06
3.44544e+06
4.53861e+07
3.16051e+06
2.91744e+08
4.69733e+07
1.05153e+09
3.34275e+08
8.19151e+08
3.57279e+08
1.23833e+07
1.60229e+08
3.96791e+08
1.01974e+06
8.41088e+08
6.02138e+08
3.15831e+06
3.63781e+08
5.68801e+06
684490
1.09098e+08
1.51548e+07
123526
135575
1.66794e+08
5.54414e+09
3.25721e+08
1.16384e+08
210579
5.216e+07
134794
3.68289e+08
332659
4.1913e+08
5.32858e+07
2.92362e+09
3.97264e+06
3.64392e+08
7.7645e+07
1.30874e+09
3.00231e+08
2.63741e+08
2.76716e+08
1.51584e+08
1.87964e+06
1.14859e+07
1.90979e+08
1.02395e+07
7.74174e+07
160011
1.39783e+06
6.6619e+07
1.85817e+06
596125
1.73096e+08
2.48844e+08
6.83516e+06
3.61363e+08
1.69464e+09
1.07295e+08
1.42979e+08
1.88217e+09
3.17576e+06
6.09791e+09
1.30629e+09
2.97212e+07
1.52179e+09
1.26386e+07
1.15887e+08
4.90709e+06
1.67612e+06
8.10409e+08
5.2359e+08
2.37484e+08
6.778e+08
1.10869e+09
9.70766e+07
515167
4.94021e+07
2.07502e+09
1.10922e+07
2.68741e+09
4.87876e+07
8.1149e+06
2.56468e+08
1.85268e+07
157544
1.39976e+09
2.25332e+07
8.13008e+08
1.30901e+07
6.09376e+06
628894
5.72652e+06
5.16704e+08
6.22026e+07
2.5076e+09
200353
1.3834e+07
2.2277e+07
4.46065e+08
516663
2.55914e+09
5.87841e+08
4.46453e+08
1.50105e+07
966794
9.86492e+08
1.83306e+07
1.12527e+09
1.51796e+09
6.24447e+09
5.267e+07
315873
6.63862e+07
1.88849e+09
8.26425e+07
540225
419974
5.59124e+08
3.47974e+06
2.54903e+09
9.74847e+07
2.37138e+08
2.082e+07
5.4896e+08
6.58362e+06
1.11685e+08
5.30575e+08
3.72623e+09
5.5738e+07
1.35784e+07
1.7945e+08
1.70625e+09
4.53794e+08
2.21773e+08
1.37819e+09
244717
7.79906e+08
2.25559e+07
1.387e+08
180114
1.88778e+07
291600
156409
2.20126e+08
2.99546e+07
1.09073e+09
2.28311e+07
2.61331e+08
1.20865e+09
1.55477e+07
3.91395e+08
2.06899e+07
5.25911e+07
1.20432e+09
1.29693e+06
6.00156e+07
1.27412e+09
1.34814e+07
1.38751e+08
1.08865e+08
3.64148e+07
2.95336e+07
1.45309e+09
1.696e+08
1.01623e+09
3.59759e+08
3.58174e+08
4.88587e+08
1.21401e+09
1.09684e+08
1.37733e+07
460604
1.52653e+07
2.43766e+08
1.35299e+08
1.85096e+07
4.46813e+08
2.22723e+06
114328
3.9691e+08
1.35639e+08
9.50987e+06
4.50481e+09
269222
8.74346e+07
6.36181e+08
2.2953e+06
2.60493e+07
695617
3.00813e+06
2.18615e+07
220928
2.07139e+09
1.93003e+09
104835
7.28222e+08
1.27667e+09
1.44916e+08
1.49291e+07
5.24128e+07
8.01889e+07
6.12957e+08
1.83116e+07
1.08335e+09
2.90764e+07
5.38886e+07
2.38173e+06
2.87728e+09
1.44321e+06
1.28371e+09
5.52169e+08
1.52091e+07
199290
4.58463e+08
5.92885e+07
103629
1.01572e+09
5.15722e+09
258246
3.69983e+08
1.10877e+09
2.23725e+07
1.75521e+07
4.3998e+08
163135
1.22314e+06
1.23512e+09
4.43673e+07
2.46642e+08
3.24648e+08
1.93947e+07
468468
6.53389e+07
3.2921e+07
9.73478e+08
1.02491e+08
7.79641e+07
2.97849e+08
7.19958e+06
92338.9
6.90202e+07
7.06536e+07
6.59985e+07
8.50204e+06
4.27164e+07
4.27766e+07
1.89353e+09
744336
5.05575e+07
7.69283e+07
1.58225e+07
1.80686e+08
1.29929e+09
2.44555e+08
3.21086e+06
1.28322e+08
8.10612e+07
6.94443e+07
2.83251e+08
1.73622e+08
2.00078e+09
1.03906e+09
2.53158e+06
5.51782e+07
2.17809e+07
2.87771e+09
1.6627e+08
7.23218e+07
9.86168e+08
124245
2.97593e+08
3.87065e+09
1.16134e+08
7.75948e+07
1.08808e+07
7.22046e+06
5.94011e+07
1.21184e+07
5.77459e+06
1.16512e+07
1.62171e+07
3.60631e+08
2.53608e+07
6.51679e+08
2.05934e+08
5.24376e+08
3.72201e+08
2.64351e+07
1.76988e+07
1.88832e+08
936250
1.21383e+08
3.22951e+08
1.59249e+08
1.96296e+08
9.82088e+07
153693
5.80103e+08
1.60142e+06
5.18043e+07
2.62843e+06
5.68702e+07
5.22079e+06
1.09926e+08
1.21064e+08
9.15354e+06
2.41805e+09
3.29029e+07
1.5749e+09
3.45436e+08
1.16395e+09
1.8918e+08
2.07124e+07
4.2747e+08
3.96417e+07
9.45779e+08
2.6692e+07
2.4878e+07
5.37219e+07
4.17133e+08
2.26596e+08
2.69375e+07
2.82977e+07
3.55293e+07
327198
6.5587e+06
2.35657e+07
4.58017e+06
1.04161e+07
1.18067e+08
5.00483e+07
1.10645e+08
1.34537e+08
3.74837e+08
1.38815e+08
1.27744e+07
291707
1.14393e+09
9.28837e+06
3.38627e+08
336927
1.04546e+08
94814.4
1.76509e+07
3.9442e+08
2.66926e+07
2.03183e+08
1.04234e+07
6.3287e+07
4.85181e+08
8.5784e+06
3.93323e+08
2.98865e+07
4.73801e+08
2.90699e+06
1.25072e+06
1.11195e+07
1.06998e+07
9.16151e+07
352511
4.25465e+08
5.82154e+06
1.30619e+08
1.85816e+09
9.42401e+06
4.94633e+07
1.71745e+07
4.98012e+06
1.10626e+08
385301
2.87815e+07
2.92993e+08
4.25872e+08
2.48639e+09
3.37012e+08
2.58479e+08
240788
434771
94964
2.35889e+07
3.17479e+06
1.55929e+06
9.98795e+06
4.79827e+08
1.00939e+09
2.50558e+07
1.33377e+07
9.57233e+06
3.20829e+07
109382
6.58862e+06
5.94064e+06
4.75137e+07
8.03265e+06
6.96558e+07
9.29049e+08
3.82543e+08
3.26515e+07
1.03148e+08
135891
3.52798e+07
205120
8.76481e+06
206030
1.01292e+07
157454
9.07584e+07
280432
446825
4.71419e+07
173385
5.10263e+07
6.64174e+07
2.27356e+06
1.81664e+06
1.42735e+09
4.98545e+07
3.22781e+07
6.02746e+08
9.03894e+06
2.2441e+09
2.61678e+07
2.3551e+07
5.21066e+08
9.61377e+08
8.82845e+06
263594
4.56539e+08
6.44032e+07
1.944e+08
1.77901e+08
3.27444e+08
4.83724e+08
1.36805e+08
2.29546e+07
1.32054e+08
3.82473e+08
1.76767e+07
2.86242e+07
379891
432498
3.4032e+06
6.67988e+08
9.72424e+08
3.53884e+06
2.92509e+08
1.93019e+08
4.5333e+08
3.32713e+09
2.71586e+07
2.63836e+09
5.66742e+06
2.04345e+07
1.23217e+08
3.16846e+08
1.56311e+07
2.12318e+06
3.59199e+07
1.64512e+08
1.61607e+07
1.52583e+09
2.67118e+07
396010
1.09542e+07
2.96141e+08
2.41849e+09
1.26039e+06
2.1396e+06
1.7552e+07
4.64316e+06
107847
1.74881e+09
265434
1.16226e+09
2.35276e+08
8.05802e+08
3.60955e+08
1.89699e+07
9.60011e+08
4.35652e+08
3.25171e+06
1.81364e+07
2.4187e+09
6.77358e+06
4.9122e+07
3.73151e+08
1.86031e+08
3.21321e+08
1.56288e+07
9.65097e+08
4.67646e+08
3.3964e+06
210349
2.42905e+07
2.95442e+06
1.95284e+07
380616
8.22071e+08
5.54751e+08
5.86842e+06
3.98207e+08
1.58975e+07
2.94197e+08
2.05121e+07
1.0308e+07
6.69041e+07
6.6598e+06
8.87482e+06
5.17123e+08
1.77526e+07
3.61332e+06
1.31986e+07
1.70132e+09
3.16603e+07
2.43531e+07
242215
3.25583e+07
3.95841e+07
5.41183e+08
1.14274e+09
1.13097e+09
3.78992e+07
3.78101e+07
3.91754e+08
2.4853e+07
3.93813e+06
1.25327e+09
2.20755e+07
8.90606e+08
1.43599e+08
1.29529e+08
2.24535e+06
4.44706e+08
2.48205e+07
188817
1.03856e+08
1.43607e+08
1.2134e+06
2.2832e+09
298864
1.37988e+08
2.37791e+08
3.728e+07
3.5676e+06
1.78911e+06
199344
784396
707617
6.98468e+06
6.95058e+07
2.87037e+09
2.09284e+06
2.8938e+08
1.24457e+07
1.63573e+07
5.78184e+07
913030
1.06512e+07
1.09965e+08
4.14044e+06
1.05025e+09
3.6581e+09
904020
7.4465e+06
701215
5.59874e+07
166136
5.34515e+08
1.71425e+08
2.68203e+07
1.80011e+08
1.13395e+06
2.1611e+09
1.08482e+08
6.72877e+08
1.06899e+07
2.41384e+07
1.2873e+06
1.54408e+09
676206
4.65736e+06
6.18362e+08
1.57833e+09
1.31099e+07
1.90793e+07
1.22707e+09
1.08779e+08
6.83185e+07
1.21796e+09
9.75605e+06
3.38752e+08
3.0015e+09
8.27862e+08
824200
1.69361e+07
4.03896e+08
1.99584e+07
7.86659e+09
1.20831e+07
4.57712e+06
4.14307e+06
343764
4.25823e+07
1.20441e+08
4.80411e+08
1.12427e+07
1.79512e+08
4.6256e+06
1.10593e+10
8.82285e+06
2.19356e+06
3.73413e+09
372678
5.2986e+08
5.24333e+08
237550
6.05475e+09
5.72001e+08
326402
2.43998e+07
1.38331e+08
1.42282e+07
2.54783e+07
1.35005e+08
2.43332e+09
1.3131e+09
4.61311e+07
3.51295e+08
1.53442e+09
1.16613e+09
1.28914e+06
428479
2.28364e+08
1.43816e+07
3.46475e+07
7.09125e+06
9.76937e+06
1.10066e+06
3.7547e+09
1.91874e+08
7.34339e+09
3.68439e+08
2.64287e+08
5.96313e+08
2.69743e+06
95825.5
4.4574e+08
494126
2.95104e+06
1.85608e+08
4.47811e+08
4.0753e+08
3.94155e+08
3.86707e+07
1.13515e+06
7.50308e+08
8.26849e+07
1.35994e+08
368618
7.60687e+06
9.43008e+08
6.33472e+07
1.79749e+09
1.51161e+09
3.69532e+08
2.195e+07
1.1527e+07
1.26275e+07
1.29809e+07
253084
9.96202e+06
3.49409e+07
2.42324e+08
6.18544e+07
2.32221e+07
2.30327e+06
3.30474e+08
2.69932e+07
1.51791e+08
180305
1.27263e+08
1.20307e+09
1.06794e+09
1.12466e+09
1.41584e+07
9.97717e+09
2.19754e+08
6.86381e+07
3.20853e+08
6.63508e+08
1.0566e+09
7.4443e+08
6.29981e+07
3.71005e+06
5.95202e+06
3.04862e+07
5.0239e+08
1.55819e+08
6.13569e+08
167692
3.75013e+08
8.72612e+06
6.26166e+08
1.46119e+08
500023
1.04209e+09
1.47988e+06
3.22895e+07
407166
6.85822e+07
5.38993e+07
4.0293e+08
4.16609e+08
1.80647e+06
3.67422e+08
385114
5.44221e+07
1.05432e+08
1.21665e+07
5.05581e+08
4.01516e+09
1.41307e+06
1.7877e+08
2.06128e+06
6.07735e+08
3.65948e+09
9.05546e+06
2.88381e+06
1.11944e+07
8.5219e+07
8.7796e+07
2.06661e+07
6.06451e+06
4.19264e+07
8.30961e+06
8.69641e+07
1.38877e+07
1.71934e+08
382404
1.83939e+07
2.56643e+07
4.8857e+07
1.40191e+09
6.3067e+09
1.06853e+07
7.57705e+08
141983
997445
1.81398e+06
5.74217e+08
8.32874e+08
8.99458e+08
2.28652e+09
6.80437e+06
2.67715e+08
9.49648e+08
1.8986e+09
1.45517e+09
6.51437e+07
3.32762e+08
7.29271e+07
1.35209e+08
5.64442e+08
1.8583e+07
1.13856e+06
5.65226e+07
5.33248e+06
1.73173e+09
1.29725e+07
6.87233e+07
424900
2.52845e+09
434961
3.89509e+07
3.5631e+06
1.95549e+07
1.78682e+08
8.0272e+06
1.29995e+09
3.78047e+08
7.43765e+08
6.18515e+07
6.76539e+08
3.28129e+08
3.33976e+08
535136
1.03429e+07
1.23021e+07
5.80202e+07
2.09678e+09
3.93032e+07
1.34483e+08
2.49541e+07
2.67391e+06
7.69254e+06
5.83809e+08
287897
1.78622e+08
5.96339e+06
3.54571e+07
8.43505e+08
5.07409e+07
2.2746e+08
1.11755e+08
3.81802e+08
2.12467e+07
5.93328e+07
6.39876e+07
6.08465e+07
2.32929e+06
4.64983e+07
908230
3.16986e+08
4.43343e+06
3.88389e+07
2.71129e+08
2.27318e+07
6.8785e+08
6.67159e+06
1.70872e+08
2.19962e+06
3.28359e+07
2.96486e+06
1.00452e+06
5.95632e+06
8.03614e+07
1.45054e+09
3.71545e+08
4.34985e+07
376253
1.9853e+09
1.93469e+07
3.56735e+07
2.64715e+08
5.63083e+06
2.08961e+07
160307
1.32191e+08
2.26308e+06
1.04051e+06
1.13511e+07
1.45855e+07
1.30439e+08
141258
178208
8.44754e+08
6.34444e+06
1.82932e+08
407400
8.07635e+08
3.80589e+07
1.10424e+08
2.48424e+07
4.06815e+09
129747
4.83611e+06
3.92809e+06
8.16778e+07
5.77768e+07
2.25498e+06
1.04087e+08
1.87751e+09
4.9701e+07
6.11919e+08
1.2112e+09
6.89177e+07
147402
5.33338e+08
2.3716e+07
4.5649e+08
1.08498e+07
2.37409e+07
2.32452e+07
1.07709e+08
1.19348e+09
5.07036e+08
5.1341e+07
2.53056e+07
5.35197e+07
2.22812e+08
4.0466e+07
5.62008e+08
7.83361e+07
4.83134e+07
1.69303e+07
1.57664e+09
4.38066e+07
2.50151e+06
1.44343e+07
4.34303e+08
1.16133e+09
1.307e+08
7.60218e+07
2.72389e+10
7.6504e+06
1.22087e+08
2.07142e+08
3.52126e+07
3.25027e+08
1.02392e+09
7.57676e+08
3.7562e+08
3.8483e+07
1.10339e+08
142474
5.85367e+06
5.56987e+07
523558
2.99491e+08
7.973e+07
7.7391e+08
1.48883e+06
1.49779e+07
1.15875e+08
6.38534e+08
1.70681e+09
1.61072e+09
2.19259e+08
3.3003e+09
1.71132e+08
1.02648e+08
2.05828e+07
1.14983e+07
3.51512e+08
3.45654e+06
1.67514e+07
108893
1.90434e+08
1.89348e+07
2.15486e+07
1.85492e+07
1.47239e+07
2.78334e+06
3.40772e+08
3.9546e+08
1.53798e+10
3.18183e+07
6.73471e+08
4.01005e+08
440077
2.56846e+07
2.89748e+08
88783.6
4.99823e+07
3.74605e+07
2.44384e+08
3.37367e+07
149467
1.52194e+08
4.49635e+07
2.50459e+07
244542
2.12171e+06
5.15543e+07
2.73119e+08
3.78687e+08
2.46138e+06
94473.7
2.30004e+08
4.66338e+07
3.95821e+09
6.49417e+07
4.02869e+07
1.71765e+09
1.35974e+09
9.7323e+06
2.23477e+08
99017.6
2.98909e+07
1.33322e+08
1.16223e+09
2.3398e+07
3.5515e+08
1.58289e+08
4.20441e+08
357488
1.72698e+08
5.45843e+08
7.04992e+08
160102
2.93572e+07
1.3385e+07
7.2414e+08
5.34727e+07
265715
1.76616e+09
2.5999e+07
1.14149e+09
3.81698e+06
846858
1.15855e+09
160549
4.58013e+06
3.25624e+07
2.14401e+09
6.5889e+07
146206
8.954e+08
9.74045e+06
6.30465e+07
4.14734e+08
1.78146e+09
4.18057e+07
1.11239e+07
1.10483e+09
343614
4.03199e+08
2.74506e+07
2.43117e+06
7.20148e+06
6.05617e+06
1.46644e+09
7.34717e+06
3.92396e+08
2.23963e+07
901100
5.6797e+08
2.63629e+07
2.83031e+07
200099
5.79635e+06
8.06375e+08
1.54869e+08
2.1361e+09
4.26687e+08
2.64042e+08
3.82943e+06
1.04831e+07
1.45342e+06
4.00633e+08
2.42339e+07
2.50063e+07
2.52933e+07
2.37934e+09
2.75585e+09
9.38016e+08
5.3854e+06
6.33722e+08
1.75659e+08
2.09097e+07
2.50787e+06
3.84466e+07
2.91895e+08
5.83567e+06
1.08232e+09
2.04869e+06
3.76827e+07
1.12613e+09
3.93712e+06
1.67824e+06
5.0388e+09
136102
8.78456e+06
396541
6.54901e+06
2.77144e+08
9.79636e+06
9.36699e+06
8.4683e+08
3.37427e+07
2.15229e+08
3.48979e+06
6.02088e+07
2.89386e+08
2.99113e+08
1.12617e+07
9.90696e+07
2.48841e+07
2.50229e+09
4.19441e+08
1.4821e+09
2.61321e+09
3.56595e+08
2.66885e+07
4.26586e+07
1.56425e+08
2.87358e+08
5.17603e+08
1.96306e+08
7.4378e+06
3.29611e+07
6.88472e+06
2.96825e+08
6.21498e+09
3.68485e+07
101135
1.10235e+09
1.69311e+08
102673
423719
1.42008e+07
1.09337e+08
4.68919e+08
9.57832e+08
3.55887e+08
157459
1.80104e+07
1.4702e+08
2.41994e+09
3.91104e+08
5.92233e+06
4.80904e+09
5.09205e+07
1.85992e+07
968513
7.5894e+06
2.57517e+08
6.40875e+08
6.9446e+07
1.42389e+07
5.08811e+07
8.45592e+06
1.45389e+07
9.32519e+06
501157
599413
231236
1.2693e+08
5.02704e+06
6.08767e+07
1.14329e+08
200007
3.68273e+08
3.70156e+08
1.87207e+07
4.2604e+08
6.67406e+09
6.93475e+07
4.14015e+08
3.31435e+06
2.32993e+07
4.15427e+08
4.31337e+08
1.73587e+07
1.04751e+07
1.24849e+08
1.74518e+08
2.06337e+07
3.68682e+08
1.62126e+06
1.17416e+09
4.9155e+07
7.4946e+07
7.09387e+06
7.07583e+06
2.4722e+06
5.25332e+08
3.61211e+08
1.40689e+09
1.17612e+08
2.65669e+06
4.34784e+07
1.15975e+07
5.97288e+08
186522
1.78169e+07
3.03335e+09
3.59533e+08
5.47569e+08
1.69475e+08
1.14723e+08
6.25625e+09
1.31641e+08
4.21315e+07
5.44392e+08
1.69929e+07
2.27987e+09
6.77207e+07
9.57047e+07
3.23123e+08
3.60904e+07
201695
5.23487e+07
1.82661e+07
1.65809e+09
3.7891e+08
1.44723e+08
1.1645e+09
9.79976e+07
439005
2.85834e+08
2.03892e+07
7.14701e+07
7.63832e+06
1.75699e+08
1.30359e+07
2.27795e+07
7.11932e+06
2.38293e+08
1.55854e+07
2.29272e+07
6.21177e+06
1.3196e+08
2.30493e+07
1.96428e+07
3.48469e+07
3.19986e+06
9.77448e+07
7.34712e+07
8.88456e+07
1.33637e+08
1.0243e+07
1.12786e+08
6.1883e+08
5.21395e+07
1.38194e+09
2.51408e+07
2.28747e+08
4.10531e+09
9.4984e+08
8.5137e+08
2.872e+08
833135
2.14924e+08
862782
6.83977e+08
460400
1.51213e+08
2.27337e+07
1.41478e+06
1.95521e+08
3.31558e+08
6.81893e+06
1.03881e+09
1.08331e+09
954050
2.94279e+07
1.68166e+08
1.19025e+06
1.19943e+06
1.36174e+08
1.50463e+08
485250
5.05998e+08
5.22084e+08
5.28373e+08
2.4296e+09
2.13487e+07
2.14174e+06
1.76513e+09
2.19577e+08
6.28077e+08
4.60416e+07
2.0596e+08
206465
3.35996e+09
1.48816e+09
3.84151e+07
146149
471342
1.57065e+06
2.57615e+08
5.25414e+08
2.0828e+07
1.56498e+09
3.89722e+07
858641
1.56261e+09
2.17926e+07
8.85831e+07
6.25507e+07
9.69954e+07
9.64941e+07
2.72852e+07
9.60815e+08
1.21354e+08
1.87003e+08
1.17014e+07
1.54937e+10
5.82884e+06
1.3818e+06
4.10449e+07
2.58143e+08
6.3442e+07
5.80176e+06
6.84975e+06
5.47723e+07
7.64902e+07
3.82285e+08
4.66487e+06
4.88838e+07
1.88304e+10
3.95813e+06
1.28619e+09
3.3803e+08
6.94076e+06
2.57372e+09
8.82089e+06
1.37561e+06
5.0672e+08
1.21473e+09
189821
8.41924e+08
4.18939e+07
3.69512e+08
149583
335757
8.28347e+06
2.24051e+08
5.36304e+06
1.38024e+09
1.0224e+09
1.00172e+08
3.99095e+08
146958
72152.7
1.00414e+09
4.65398e+08
2.13789e+08
3.74309e+07
159388
1.42514e+07
1.44095e+09
3.38129e+06
1.27477e+09
2.32739e+07
1.18824e+08
2.62217e+08
2.94507e+06
853896
5.11219e+08
1.06825e+08
2.51765e+09
2.92429e+07
308385
94177.7
5.71339e+07
2.36979e+06
4.80903e+08
2.30614e+09
7.45932e+06
211336
1.72492e+08
4.10242e+08
4.63911e+08
2.16823e+09
1.17326e+09
2.26899e+07
8.05416e+06
5.14435e+07
9.79875e+07
2.40823e+09
1.56724e+08
9.00701e+08
9.80397e+06
181090
2.6097e+06
2.89219e+07
1.07924e+07
1.42779e+08
1.9493e+06
6.23115e+07
3.63124e+08
3.80467e+06
177716
3.18231e+08
4.76922e+08
4.59065e+08
2.67783e+07
1.30799e+09
146892
3.59913e+08
2.09948e+09
94632.5
3.72492e+07
2.0384e+06
3.04261e+08
9.09692e+07
4.46917e+09
3.59822e+06
1.28614e+10
2.60041e+08
1.59063e+07
4.55653e+09
1.24098e+08
3.53814e+07
4.24429e+07
8.19287e+06
1.28848e+08
2.76929e+07
9.02277e+08
1.42074e+09
2.63651e+07
7.43031e+06
204461
1.66089e+07
1.39706e+07
7.46404e+06
2.25371e+09
1.05932e+06
3.36335e+08
146811
1.89811e+07
8.7502e+08
944237
3.38132e+08
1.24529e+07
1.23442e+08
3.5661e+08
8.33753e+08
3.91459e+08
5.19333e+08
3.54544e+08
3.6031e+08
1.85241e+08
6.41633e+07
3.13797e+06
1.08373e+07
5.17422e+06
9.91151e+08
8.51457e+07
2.2167e+09
4.11133e+06
113576
1.61286e+06
2.11294e+07
4.91054e+06
1.05028e+09
1.11161e+09
3.16629e+06
4.92299e+06
3.3108e+07
5.67073e+08
1.44733e+09
3.50239e+07
1.85139e+08
6.48597e+07
5.44168e+06
1.12919e+09
282233
3.79364e+06
6.78158e+06
3.65933e+08
6.59539e+06
3.90821e+07
7.70594e+06
5.04396e+07
1.15554e+08
1.32927e+08
6.34755e+08
3.32395e+07
3.06259e+08
7.56808e+07
4.39508e+07
129508
3.41469e+06
2.73515e+08
2.24592e+06
7.36426e+07
4.76484e+07
1.64401e+07
9.77848e+08
7.89008e+06
878999
3.36264e+09
1.06268e+09
1.11014e+08
1.10277e+06
1.95281e+09
4.53039e+07
1.62192e+09
740317
1.52861e+07
1.02682e+09
6.0876e+08
9.92322e+07
1.02699e+07
7.07471e+08
266260
1.31804e+08
96059.7
3.00772e+06
5.49905e+08
1.88248e+06
6.59116e+06
5.51421e+08
716970
5.73049e+07
2.12607e+07
5.2586e+06
234249
251593
2.85928e+06
2.02361e+09
4.38162e+08
1.05494e+07
170801
114380
493416
2.61616e+06
1.55812e+08
7.38818e+06
6.26706e+06
5.59269e+08
8.65955e+06
1.06421e+06
6.79583e+06
1.20353e+08
1.17437e+07
4.47041e+07
1.27075e+09
91342.5
199399
1.04438e+07
4.31858e+09
2.29862e+06
1.43528e+07
1.61537e+08
202546
9.46754e+08
4.86733e+08
267578
226729
1.20939e+07
3.70376e+08
1.19924e+08
1.92941e+07
2.00545e+08
126134
1.0459e+07
4.67208e+08
2.31169e+09
3.04447e+07
1.10366e+08
8.57976e+08
4.39869e+07
6.79617e+06
9.56135e+08
2.83858e+07
5.25641e+09
2.72016e+08
3.25318e+06
3.68317e+07
395760
215237
2.37029e+09
1.26832e+07
5.3317e+07
9.61338e+08
2.39515e+08
5.14128e+07
93767.9
135489
2.25954e+07
9.40283e+08
4.01193e+08
9.22595e+06
5.091e+07
9.46179e+08
1.96779e+08
2.70109e+06
4.08016e+08
9.14837e+07
362245
1.64178e+08
7.81134e+08
5.88515e+08
1.06217e+09
5.00911e+07
1.00747e+07
1.35514e+08
5.79751e+08
1.25261e+07
4.34726e+08
4.65066e+06
7.51936e+06
3.1884e+08
3.18182e+08
1.8791e+07
5.02726e+06
1.63182e+07
3.56294e+07
2.74618e+09
3.5898e+09
8.3116e+08
1.34783e+06
2.21907e+06
9.48567e+06
228710
2.77556e+06
106169
4.96493e+07
8.93355e+07
8.79795e+08
1.01282e+08
479503
1.23928e+09
7.62659e+07
2.76671e+07
1.41187e+08
1.45447e+07
8.64392e+07
2.85652e+07
8.60964e+07
147576
5.62008e+08
146906
1.72209e+07
2.0107e+07
4.61081e+07
1.6358e+06
9.07081e+08
1.03474e+09
3.08099e+08
2.94901e+08
1.55415e+09
9.37477e+06
4.99857e+07
7.80554e+07
4.1021e+08
866246
1.02011e+07
1.53451e+06
5.94656e+06
9.30244e+08
7.12884e+07
162490
2.13745e+06
1.75393e+08
241846
1.72073e+08
4.0384e+08
424276
2.64379e+08
3.71198e+06
3.50724e+08
3.445e+06
488332
1.81142e+07
1.1654e+07
5.31832e+08
3.19916e+06
5.7882e+08
4.64623e+07
7.31077e+08
2.83854e+08
5.88577e+07
4.90732e+08
2.37394e+07
3.8563e+07
1.1425e+07
4.58508e+06
797651
3.24617e+08
2.99136e+07
1.00328e+06
1.34087e+09
2.89176e+07
1.60989e+08
1.01859e+07
7.17501e+06
2.14686e+08
182437
2.30203e+07
1.29438e+08
4.82027e+06
1.27439e+09
5.58189e+07
3.28977e+08
7.88603e+08
1.52842e+08
1.09954e+08
2.97121e+07
473045
1.08094e+07
6.43415e+07
7.42041e+08
2.16909e+08
2.85892e+07
2.77244e+09
2.87565e+08
7.54439e+08
666941
1.72408e+07
6.59513e+07
4.2894e+07
6.19276e+08
3.95786e+06
226212
4.17076e+09
9.70031e+07
2.67044e+07
1.19025e+07
7.84846e+06
2.24603e+08
5.31e+07
1.43082e+09
1.80706e+09
5.5524e+07
2.46528e+07
2.69344e+09
1.31138e+08
1.54705e+09
154372
7.77101e+08
5.40697e+08
8.75233e+08
2.46169e+09
2.61518e+06
322978
6.31405e+07
2.68689e+08
2.04305e+09
6.01538e+08
7.78552e+07
583975
1.10189e+06
3.47584e+09
2.19578e+06
243899
141044
1.25055e+08
1.96149e+08
1.48865e+07
1.87692e+09
141764
3.12216e+09
5.99129e+06
1.33756e+08
2.52151e+08
9.01342e+08
8.39839e+08
6.08179e+06
8.89849e+06
2.94733e+09
2.79217e+06
4.19553e+08
1.04147e+08
6.06669e+07
1.83974e+07
1.2426e+08
2.33552e+06
3.44707e+07
3.37252e+07
2.93716e+08
7.92375e+08
2.78461e+07
2.49061e+09
3.34881e+07
163959
1.97005e+08
2.73537e+06
207648
7.18961e+08
2.32309e+08
3.40246e+06
2.4838e+08
7.697e+08
1.28104e+07
7.6028e+06
7.11475e+07
3.14153e+08
1.9069e+07
4.03782e+07
1.37797e+10
1.25317e+08
3.57105e+08
2.47596e+09
1.70961e+07
9.48596e+06
1.42795e+07
1.24469e+06
133508
125670
3.71701e+07
603727
1.06504e+08
3.97905e+08
2.3462e+06
1.58773e+07
4.74414e+07
2.31891e+07
8.76816e+08
374581
2.52028e+09
3.18467e+08
284831
5.19982e+08
5.44716e+07
8.61116e+07
443448
3.95154e+07
4.20596e+08
4.22175e+08
3.18738e+07
100692
1.5822e+09
6.1177e+06
6.91272e+08
1.16337e+06
151669
2.62529e+08
5.66562e+07
4.57645e+08
6.56445e+07
1.86463e+09
1.12816e+08
5.75223e+09
6.90655e+08
1.78713e+08
1.36358e+08
1.63966e+08
7.93497e+08
93695.3
1.78362e+09
3.42946e+08
759700
5.85709e+07
1.39578e+09
1.81589e+07
7.40168e+08
1.8718e+09
2.00005e+08
5.54007e+08
2.17789e+09
1.88858e+07
2.49255e+08
4.56652e+08
1.09413e+08
1.14203e+09
6.98625e+08
2.16691e+09
2.50068e+06
3.03825e+06
5.77408e+07
105329
7.71003e+07
4.38701e+07
1.41947e+08
2.54699e+08
5.75139e+06
6.28879e+07
8.19596e+07
2.28546e+09
5.41771e+07
100383
4.81078e+07
1.13368e+08
3.42048e+07
162062
1.10069e+08
1.00454e+08
5.02134e+06
3.99344e+07
2.12862e+09
131330
3.65918e+08
3.40446e+08
1.87367e+07
203782
7.20517e+07
385863
6.31123e+08
4.67188e+08
1.02687e+08
9.83037e+08
768559
2.70702e+07
718791
183069
4.2265e+07
9.35948e+08
1.13803e+07
3.07727e+08
774794
5.13032e+07
1.53891e+07
1.35194e+09
3.86576e+08
8.01541e+08
3.22474e+08
2.16146e+07
494757
9.74183e+06
91849.7
3.25276e+07
2.92207e+06
2.04569e+06
7.72399e+08
1.08537e+07
4.4466e+07
4.92438e+09
1.16719e+06
1.27041e+09
1.32502e+08
1.87121e+07
1.10443e+08
1.89808e+07
1.95757e+07
4.16034e+08
4.92273e+07
2.46511e+09
5.15773e+08
1.24711e+06
6.42654e+06
1.70806e+07
1.39984e+08
1.13929e+09
1.31089e+07
1.25374e+06
4.14781e+06
544975
1.27836e+07
1.25256e+09
1.5754e+07
1.14343e+07
1.27162e+09
5.26102e+07
5.48184e+07
5.45441e+07
1.37336e+09
269901
4.56479e+08
1.14779e+07
7.31656e+07
2.68382e+07
145069
5.18483e+08
156325
2.34187e+09
4.36733e+07
88939.9
607008
1.23814e+09
3.8173e+08
1.60316e+07
1.2809e+08
743225
653621
9.52604e+08
1.93686e+08
4.20318e+06
1.23574e+08
1.94406e+06
1.97341e+08
1.22598e+09
2.56772e+08
1.26918e+07
1.26389e+07
651551
3.83252e+07
1.07863e+07
9.38933e+07
8.76101e+08
3.05736e+07
8.52333e+08
1.34892e+07
1.04106e+06
5.02559e+07
1.36128e+08
1.3116e+08
1.24523e+09
1.5901e+06
3.32606e+06
660914
4.82309e+07
1.41466e+09
1.37315e+08
245192
110146
9.89206e+07
2.26487e+09
6.02068e+07
1.87939e+06
5.0953e+07
3.16659e+08
2.7868e+09
155399
2.71813e+07
1.64936e+07
1.31597e+08
175115
2.35515e+07
9.82492e+06
7.51658e+07
1.26341e+09
2.99676e+07
1.36891e+07
1.76634e+08
1.23798e+09
3.53635e+06
1.39719e+06
1.13286e+08
4.62583e+08
3.0392e+08
2.33005e+07
8.03261e+08
116750
1.71335e+08
8.25279e+06
9.78199e+08
1.62845e+08
9.85823e+06
1.45475e+09
2.13637e+06
5.93683e+09
331834
609773
2.79766e+08
1.15781e+08
3.92425e+08
3.44163e+07
1.62219e+09
1.36513e+09
4.30571e+09
5.63915e+08
1.43422e+09
1.08079e+09
9.15008e+07
3.95718e+07
6.28362e+07
1.49127e+08
9.45531e+08
4.9074e+06
2.10368e+08
6.85771e+09
4.15255e+07
3.30647e+08
508895
2.80582e+06
2.34911e+09
6.01319e+06
5.11456e+08
1.04412e+08
5.84285e+08
3.63159e+08
3.13871e+07
4.60951e+08
1.93398e+07
1.10725e+06
2.45484e+06
2.00826e+09
7.64668e+08
4.68217e+06
3.19057e+07
1.03748e+07
7.27764e+07
1.02478e+08
2.11304e+07
1.30962e+09
3.12778e+08
5.0566e+07
3.48047e+07
5.45445e+06
2.02614e+09
1.39995e+08
161246
2.43239e+08
3.60957e+06
5.66113e+08
4.37388e+06
2.24777e+07
2.27456e+09
1.21386e+07
160250
3.08427e+07
1.01627e+08
86526.2
4.83771e+08
1.85716e+09
5.5972e+07
1.62851e+09
1.2675e+09
2.85948e+07
8.49588e+08
100286
1.87863e+07
406628
1.36264e+08
3.36719e+07
3.89251e+06
6.12089e+08
1.07843e+08
1.05339e+08
5.4501e+07
5.89284e+07
3.12265e+09
2.185e+07
3.12381e+08
2.06786e+08
2.61568e+08
6.07989e+08
4.82075e+09
3.27085e+07
1.33533e+07
908136
5.46843e+08
2.20871e+07
1.12223e+08
1.38829e+08
1.69056e+07
4.88313e+07
2.67621e+06
159271
1.11008e+07
93314.1
1.76242e+08
3.28276e+06
6.09477e+08
1.50231e+08
5.29776e+07
393646
1.11592e+08
5.55823e+07
1.22597e+09
1.93401e+08
2.07299e+09
7.08081e+07
3.92339e+07
9.62743e+08
5.09387e+08
2.43177e+07
4.95389e+08
2.84953e+09
187577
2.69837e+08
1.85761e+08
2.77056e+09
2.078e+09
1.07048e+09
2.41758e+08
1.50605e+07
1.32281e+09
2.9251e+08
1.28111e+08
1.48858e+08
9.33653e+08
5.12687e+08
1.83624e+08
87349.2
3.32083e+08
1.32781e+08
4.29256e+07
3.76577e+09
3.14542e+06
164683
8.62222e+08
1.01528e+06
964591
4.71178e+07
1.42386e+08
3.28438e+07
2.75623e+08
2.61068e+09
4.02542e+09
7.33782e+07
769415
1.18584e+06
8.70461e+08
1.97986e+07
342883
1.47055e+07
165136
6.44534e+08
1.74728e+07
1.22837e+08
1.08011e+08
1.46015e+09
1.00371e+08
348118
3.87854e+09
104130
9.94077e+08
1.17618e+07
1.23169e+08
3.36011e+06
1.2751e+09
1.22432e+09
1.24999e+08
7.11499e+07
7.63601e+08
2.33106e+08
2.4479e+08
2.71974e+07
1.41727e+06
3.45244e+08
5.75542e+07
2.13533e+06
2.03858e+08
9.2815e+08
6.16135e+08
3.12758e+07
1.12766e+08
3.60096e+08
6.07192e+06
2.71602e+07
6.99139e+09
4.6163e+07
2.04278e+09
2.09908e+07
1.90643e+09
2.13804e+08
1.63249e+07
2.36228e+07
3.35081e+06
4.56289e+08
3.19605e+08
137410
1.53903e+09
1.24267e+09
2.90291e+08
4.7764e+07
86302
698485
1.85967e+08
680503
3.33236e+09
4.17897e+06
1.9036e+07
1.51519e+07
3.5764e+08
3.94761e+06
5.9778e+07
2.469e+09
4.98326e+08
1.07747e+09
1.10847e+08
1.33619e+07
2.36269e+08
4.21394e+07
1.09669e+06
1.99435e+06
2.68428e+08
1.35679e+08
1.91999e+07
2.08782e+08
5.04942e+07
3.27198e+07
1.91469e+09
6.1968e+08
2.84209e+06
164715
256556
1.23739e+08
5.70075e+07
2.34731e+08
97201.2
3.04128e+06
3.54247e+07
2.02866e+08
2.23027e+08
2.26929e+08
6.03616e+07
159396
4.91795e+07
1.0703e+07
5.03998e+06
3.51639e+07
148227
6.38761e+06
1.14438e+07
418513
6.5544e+07
3.31821e+08
8.44812e+08
89875.2
7.44785e+07
5.29736e+07
302323
7.52938e+08
1.60583e+08
1.93078e+09
922037
3.1602e+08
4.91312e+06
1.07015e+07
97138.8
3.5131e+08
1.5707e+08
120764
3.49011e+07
4.04511e+07
6.46535e+07
1.41444e+07
5.6975e+07
5.21473e+06
9.37424e+06
1.16797e+07
2.25769e+07
483430
3.58947e+07
6.29223e+07
9.08283e+08
4.86185e+08
9.98666e+08
1.63363e+06
1.89101e+09
4.75358e+06
3.20292e+09
4.02673e+09
1.05896e+09
2.4794e+09
143855
3.55245e+08
3.3989e+08
4.97308e+07
2.45772e+08
661056
150043
2.3592e+08
1.22458e+08
3.28416e+06
1.20989e+08
2.03367e+07
1.2e+08
179387
1.44625e+09
1.79986e+07
1.03218e+08
4.28414e+06
147634
147833
3.80684e+07
3.73035e+07
1.16432e+07
3.06955e+08
1.39374e+08
3.73476e+07
735798
3.92165e+08
5.80386e+08
5.51561e+08
2.304e+08
1.80473e+08
2.71158e+08
1.24416e+07
4.73907e+08
9.34541e+06
1.36866e+06
4.24512e+08
1.32306e+09
146850
4.7395e+08
6.90989e+08
7.20658e+07
3.16685e+07
3.18096e+07
8.89543e+07
8.57687e+07
1.53618e+08
5.12304e+08
165932
3.38833e+09
7.55479e+09
8.04938e+08
653615
2.16423e+08
2.52065e+09
162275
4.57141e+07
6.45853e+07
1.3303e+08
5.23965e+08
1.21853e+09
3.27652e+08
1.07292e+07
1.06188e+06
1.81022e+07
3.47806e+07
6.26771e+06
3.91416e+06
2.50795e+07
1.57454e+08
3.20601e+07
498662
229287
505123
6.49818e+07
1.3644e+08
5.92907e+07
2.28809e+09
3.55179e+09
1.07503e+09
5.73736e+08
2.51425e+06
1.23074e+09
1.75801e+09
1.90756e+09
4.95393e+07
4.67734e+07
1.86172e+06
1.78793e+08
925749
99607.5
2.4383e+08
9.28535e+08
1.02255e+09
1.41854e+08
2.65397e+08
3.53525e+08
3.65326e+08
1.60287e+09
3.42903e+08
209478
8.92781e+07
1.84799e+08
9.96874e+07
9.20204e+08
6.50233e+07
3.34353e+07
3.36669e+06
143880
1.16695e+08
2.99167e+06
6.83906e+07
2.47603e+07
1.08826e+09
427757
1.62927e+08
4.29268e+07
8.2762e+08
7.84735e+07
6.78478e+08
1.07921e+08
5.99121e+07
3.57838e+07
3.72438e+08
8.70692e+08
1.13776e+07
2.43222e+07
3.74594e+07
2.30066e+06
2.81281e+08
6.29105e+07
4.12768e+07
1.97855e+08
1.98173e+08
3.79611e+08
1.2674e+07
1.24494e+06
4.75285e+07
5.31668e+08
3.51823e+07
2.58318e+06
7.44826e+08
1.44513e+08
6.21588e+07
4.88663e+07
5.43895e+07
3.6848e+08
105318
182149
6.89904e+06
1.21707e+07
109474
3.44252e+07
1.51878e+07
3.98227e+08
1.44823e+08
1.39158e+09
1.11663e+07
553929
2.64507e+07
1.21582e+08
1.66206e+08
1.85666e+07
683423
410278
1.10445e+07
1.07871e+08
4.92584e+07
628652
2.53116e+09
2.26844e+07
1.21709e+08
6.54919e+07
1.75335e+07
1.9712e+06
644089
6.02561e+09
3.34757e+09
2.0268e+07
6.48213e+07
5.92756e+07
2.57448e+07
2.08536e+07
1.25562e+07
5.77198e+08
159432
677584
9.17386e+08
5.16295e+07
2.82409e+07
5.77764e+08
1.15059e+07
2.05007e+09
4.48457e+07
1.86961e+08
1.47947e+08
1.52931e+08
99328.2
2.66644e+08
9.5326e+08
4.5001e+08
8.48152e+08
1.36305e+08
1.74377e+07
2.98939e+07
9.57752e+09
2.31389e+06
1.9036e+08
4.53969e+07
6.91996e+07
281630
9.74789e+08
3.57261e+07
1.56473e+09
7.88809e+08
1.75458e+07
1.3205e+07
5.2539e+06
1.57975e+08
305529
1.26075e+07
5.61345e+07
137724
2.81759e+08
1.31542e+09
2.23105e+07
5.67808e+08
3.04633e+07
3.02236e+07
1.50718e+08
5.19436e+06
6.3533e+07
8.45908e+07
5.93911e+07
6.29704e+09
2.33436e+06
3.76308e+06
9.28727e+08
5.41728e+06
2.48563e+08
1.43799e+09
4.32783e+07
4.13386e+07
1.50483e+06
7.98336e+08
480513
8.97133e+08
1.72373e+08
8.25824e+08
4.2498e+07
5.33876e+06
3.27235e+07
1.07131e+08
8.49123e+08
1.91366e+07
6.17899e+07
2.99748e+07
2.2963e+06
1.14769e+06
6.32731e+08
4.37867e+07
3.87243e+09
1.57513e+09
3.90829e+07
3.23898e+08
4.39296e+08
569060
1.02468e+09
5.05074e+07
1.22343e+07
1.75548e+07
5.75371e+06
8.21319e+07
167778
4.84229e+06
5.59088e+08
3.22028e+08
1.36787e+07
9.03377e+08
1.27962e+09
1.42185e+08
1.6153e+08
3.35274e+08
2.0909e+06
5.00544e+07
928001
4.62389e+07
9.16251e+08
97362.7
1.05064e+07
4.41934e+08
8.454e+08
6.13846e+08
9.7489e+07
6.43569e+07
5.57475e+08
316601
1.96017e+09
1.07828e+08
1.11946e+07
3.09063e+07
2.0632e+07
8.83659e+08
5.04053e+07
2.61784e+06
5.58398e+07
5.77742e+06
1.24591e+09
2.69969e+08
2.07639e+07
1.55859e+08
4.98449e+06
2.15501e+09
8.43965e+08
596950
180198
6.08725e+08
1.80994e+09
6.6938e+07
161123
2.27755e+08
5.60716e+07
9.42946e+08
5.93578e+06
192347
2.75032e+07
5.64656e+06
5.6956e+08
1.67778e+08
8.68456e+08
1.07872e+06
531069
1.47161e+08
1.18902e+08
1.61072e+07
1.26955e+07
4.47701e+07
8.54428e+08
2.24259e+08
1.01077e+09
8.30828e+07
1.45848e+08
1.599e+07
1.48203e+07
4.3266e+07
1.52157e+08
6.65186e+07
2.65287e+07
1.43598e+07
94727.5
3.33729e+08
2.41267e+08
4.84657e+08
1.07156e+08
546942
346954
1.11447e+07
111163
2.1523e+07
5.72095e+07
2.6293e+07
9.5386e+07
2.63541e+07
1.62075e+07
1.71507e+06
9.06253e+08
4.61395e+06
5.10949e+07
5.01106e+08
1.19436e+09
1.81903e+07
7.74924e+08
5.53404e+07
5.37909e+08
1.93469e+09
3.41204e+09
5.65288e+07
5.81294e+06
1.4389e+08
2.07603e+09
1.59212e+07
3.51198e+08
1.9892e+08
5.89217e+07
4.5985e+08
2.98202e+09
120788
3.95901e+08
9.82348e+06
3.83714e+08
1.55942e+10
2.5292e+08
4.18873e+07
3.39688e+07
9.81312e+07
9.19128e+08
1.90102e+07
1.58235e+08
1.02385e+08
1.98295e+08
1.30587e+06
1.81767e+08
107274
1.82982e+06
2.22453e+08
159168
1.53718e+09
2.74062e+07
4.30845e+06
1.13367e+09
7.43654e+06
2.45829e+08
1.20409e+06
195229
1.99053e+07
98021.2
2.18107e+07
8.27761e+07
3.34041e+08
2.49289e+09
6.35929e+07
1.18103e+08
5.70561e+08
1.89446e+07
8.35516e+08
7.29226e+08
1.28899e+07
311379
3.2181e+09
1.15857e+08
1.26558e+07
3.27955e+08
2.45139e+09
4.37878e+08
4.57706e+06
1.347e+07
5.48196e+06
1.82e+06
1.00273e+09
1.60779e+07
553626
424447
123590
1.90941e+09
1.01129e+08
4.83887e+06
5.1976e+06
1.01371e+08
1.72678e+07
4.25888e+07
4.46698e+09
3.74271e+08
5.3833e+07
4.95467e+08
634049
5.95522e+08
2.18606e+08
6.39856e+08
1.15313e+08
5.28545e+07
2.986e+08
9.73284e+06
5.52291e+08
1.10705e+07
4.46274e+08
6.08812e+07
3.13856e+09
1.03437e+07
8.24853e+08
5.41605e+06
2.27763e+08
145348
4.6225e+07
1.19046e+08
1.82347e+06
2.21444e+09
6.35854e+07
4.09707e+08
1.32567e+08
1.76491e+09
2.85297e+06
8.03053e+08
1.043e+08
2.30671e+09
8.1115e+08
3.1532e+06
1.17073e+07
6.36307e+07
3.20522e+09
106938
8.50185e+06
1.1534e+07
1.76404e+07
153129
7.85432e+07
5.88439e+06
1.85534e+08
2.11445e+09
1.08523e+08
5.8649e+07
4.93503e+06
1.44119e+08
528901
1.66846e+08
7.09412e+08
5.7157e+08
2.72884e+07
1.55318e+09
1.66308e+07
5.1459e+08
4.70376e+07
1.4677e+09
2.01857e+07
1.45661e+08
2.57635e+08
2.78863e+08
837265
5.18883e+08
7.14356e+06
3.31919e+08
2.68888e+08
3.63094e+08
1.47204e+09
1.03709e+09
7.80552e+06
5.67799e+07
1.57361e+07
4.39138e+08
251523
1.94476e+06
3.19002e+08
9.18907e+07
4.89626e+08
93979.9
1.87955e+07
5.20447e+08
8.09565e+08
2.0118e+08
2.48218e+08
7.59635e+06
1.43328e+08
1.66442e+09
1.31621e+07
1.19738e+07
1.07521e+06
1.50209e+09
2.93049e+08
6.66445e+07
123042
1.64152e+07
5.25898e+06
2.50252e+09
2.57495e+06
2.74595e+07
9.9318e+08
1.70157e+08
4.22288e+08
3.12736e+08
6.92069e+08
1.65007e+07
3.10546e+08
1.26159e+06
4.3825e+08
169189
1.30653e+07
3.80572e+07
1.10142e+07
1.62313e+08
7.30911e+08
2.21773e+07
2.49863e+07
625700
4.83625e+07
4.42247e+07
6.32008e+08
1.2705e+09
2.82598e+09
2.24504e+08
1.92595e+08
7.74568e+08
5.16469e+07
5.13316e+07
145001
3.76102e+08
1.67633e+08
7.37918e+07
2.177e+09
3.22991e+08
7.39968e+06
2.52945e+07
2.88817e+09
4.80801e+08
5.86173e+08
3.58077e+08
2.44309e+09
5.32751e+08
206582
6.10659e+07
7.02615e+08
2.57085e+08
7.28652e+07
138467
5.41247e+08
2.10337e+07
4.89603e+08
1.29036e+09
3.38406e+07
1.40484e+08
160715
3.79025e+08
1.09028e+07
5.69391e+08
4.36631e+09
4.95476e+07
2.74363e+06
104261
141556
4.05661e+06
4.2827e+07
2.52137e+07
1.73513e+07
5.10064e+07
847526
1.7305e+07
1.45999e+08
149060
1.4294e+09
2.93933e+08
6.59858e+07
1.25862e+08
3.93581e+07
7.84629e+07
703967
5.30397e+07
2.52632e+06
1.50542e+08
2.74358e+06
9.1469e+08
3.35266e+06
4.78681e+07
1.10404e+09
3.60433e+08
8.71413e+08
4.33449e+07
1.39492e+09
5.38798e+06
3.34053e+07
1.3907e+08
6.44779e+08
1.80617e+07
1.59477e+07
6.14564e+08
1.23211e+09
1.45354e+09
2.52343e+08
486999
2.60599e+08
8.24338e+09
3.44834e+06
1.19991e+09
3.36269e+08
1.58907e+08
6.87781e+08
5.49058e+07
4.45036e+07
5.69595e+08
5.3138e+07
8.59472e+08
9.07625e+07
5.76041e+06
6.31705e+06
8.77712e+08
274004
5.21096e+07
1.99017e+09
1.49503e+08
210459
8.49802e+08
2.60229e+09
4.20554e+08
9.08668e+07
1.96143e+06
2.65653e+08
1.0149e+07
5.37696e+08
4.57619e+07
8.56394e+07
4.50233e+08
1.48271e+07
839374
1.77084e+07
6.44411e+07
8.73348e+07
1.08323e+08
1.4062e+09
5.19991e+07
4.51102e+07
6.08865e+09
4.67377e+08
3.58878e+06
6.80722e+08
6.20017e+07
5.14897e+08
5.23898e+07
263091
1.75845e+07
2.33423e+08
1.22622e+09
1.2287e+10
1.62994e+07
1.76576e+06
3.00878e+08
2.34745e+07
4.37594e+07
7.63086e+07
1.50286e+08
1.35732e+08
9.25401e+07
6.79914e+07
3.12548e+08
1.18407e+07
1.22894e+08
4.92207e+07
2.40749e+07
4.32894e+08
341498
1.48965e+08
6.67146e+07
1.18004e+08
1.74547e+07
4.86129e+08
3.74548e+06
9.29015e+06
9.22926e+08
5.86566e+08
1.65688e+09
203273
2.23767e+08
4.61036e+07
1.44483e+09
3.21693e+08
1.57131e+09
1.34489e+06
991266
7.93997e+08
2.37079e+09
128800
2.20306e+06
9.03174e+07
1.68522e+07
9.8522e+07
3.454e+06
7.43464e+08
9.78376e+07
3.16406e+08
2.30187e+08
1.48094e+09
1.43081e+08
1.92802e+07
465300
2.27058e+07
3.95854e+08
1.42315e+07
5.09602e+07
238444
6.73609e+07
2.91081e+07
7.15701e+08
8.18299e+06
2.68285e+07
4.06615e+07
1.30581e+07
6.22787e+08
1.26802e+09
2.21245e+08
381552
1.07229e+07
1.04722e+06
7.82621e+07
1.06052e+09
1.02711e+06
1.74741e+07
1.36697e+08
1.52031e+09
5.25367e+09
493528
6.90823e+06
1.77954e+07
3.80449e+07
1.07136e+07
1.34071e+09
150842
6.41623e+07
5.31251e+07
6.78087e+07
2.61754e+08
3.11744e+07
9.28931e+08
6.01094e+07
1.41492e+07
2.28329e+07
8.06797e+07
5.28403e+07
1.71768e+07
1.10898e+09
1.71212e+06
2.83764e+09
1.09125e+06
1.39107e+09
3.76436e+08
4.58252e+07
2.18199e+08
340522
8.82029e+07
4.95197e+07
634686
1.34022e+07
7.61288e+07
1.77309e+08
1.51759e+06
2.36258e+09
209739
1.44077e+09
3.47611e+07
9.78204e+06
7.30272e+08
2.57376e+08
7.48808e+06
5.66648e+06
136342
4.49363e+07
1.90997e+09
4.81526e+07
1.31354e+07
7.26382e+07
1.24489e+09
2.50484e+08
1.04934e+07
1.79571e+07
2.22706e+08
5.73861e+07
4.30813e+09
4.76514e+08
1.94897e+08
3.14771e+08
3.22961e+07
2.62754e+08
1.40538e+09
2.12257e+07
4.23113e+08
1.59836e+08
3.22289e+07
5.19436e+07
8.64902e+08
451013
4.04381e+08
6.59202e+07
4.01298e+09
541066
4.27553e+07
1.33471e+08
1.54436e+08
3.40686e+07
9.58342e+06
8.38703e+08
1.17001e+08
5.97445e+08
1.18836e+08
4.87492e+08
2.03238e+08
2.84334e+09
1.0417e+09
270139
1.21401e+09
6.3389e+08
3.7163e+07
115359
1.72909e+09
2.66811e+09
3.49506e+08
5.88721e+07
6.21126e+07
1.75136e+07
8.42898e+07
1.72065e+06
3.9554e+08
1.18094e+07
4.5912e+08
3.47277e+07
508573
2.74568e+07
3.35644e+06
1.24913e+08
3.96978e+08
1.08682e+07
5.06028e+07
9.31503e+07
7.92773e+08
159712
2.88503e+07
3.5473e+07
9.81513e+07
5.64658e+07
1.56261e+08
1.47531e+06
1.73806e+07
2.19685e+09
9.61759e+06
2.57814e+08
6.13892e+08
6.19142e+08
1.63475e+08
2.85535e+07
7.18935e+07
7.27211e+08
3.40837e+07
3.07941e+07
8.43072e+07
4.52305e+08
1.92856e+09
143703
3.01539e+08
5.23653e+07
8.38105e+08
5.79446e+08
5.86162e+07
438387
97534.9
111594
5.49423e+08
1.48075e+07
1.32115e+09
5.13315e+07
3.91672e+08
2.82206e+08
7.37338e+08
4.85047e+07
1.01024e+09
3.56559e+08
4.98187e+07
1.17207e+07
1.6216e+07
1.04031e+07
2.37364e+08
3.51411e+07
8.1419e+07
5.31483e+07
170641
1.82685e+07
690342
5.05415e+08
3.56979e+08
1.52013e+08
6.56943e+07
5.96478e+08
616422
2.12804e+07
603080
2.76182e+08
8.77146e+07
2.4744e+08
1.66551e+06
1.31747e+08
3.77032e+07
4.44559e+08
1.68434e+06
1.34588e+08
4.43831e+06
1.39082e+09
9.44604e+08
7.34064e+09
8.99909e+08
1.9414e+08
1.71918e+09
2.34958e+07
171250
3.56149e+09
5.24496e+07
2.55075e+08
3.21745e+06
5.95367e+07
9.50364e+06
1.25169e+08
3.05826e+06
2.77535e+08
683608
5.60303e+08
2.3293e+08
8.67002e+08
2.8123e+08
518627
3.24441e+08
1.06677e+10
3.52748e+07
1.0075e+08
1.88291e+09
1.8073e+07
7.45419e+08
9.32016e+07
8.88368e+08
5.80955e+07
1.39067e+09
1.51868e+06
5.6841e+07
1.98119e+07
3.634e+06
3.14665e+08
4.93303e+07
2.20327e+07
1.47431e+07
3.201e+06
1.52981e+09
1.2255e+07
2.52679e+08
1.70441e+07
170911
5.96132e+08
4.39564e+07
7.7919e+07
1.60723e+08
1.55954e+07
1.14781e+09
1.38488e+08
113582
4.10322e+09
9.77804e+06
2.44382e+09
312519
5.98131e+07
4.78506e+07
5.29392e+07
1.91189e+08
3.38639e+07
496488
5.85396e+07
1.49499e+07
2.38089e+07
1.26229e+07
8.62878e+08
4.87383e+08
6.49617e+07
866367
8.46399e+07
7.86819e+07
7.06951e+07
2.57821e+08
1.78899e+07
2.93011e+08
3.35489e+07
1.03614e+07
1.13207e+08
2.36917e+08
6.46765e+08
3.14572e+07
1.37504e+09
2.45847e+08
4.00001e+06
1.21309e+09
2.45082e+08
3.22797e+07
4.9548e+08
1.27032e+08
2.13575e+08
3.1823e+06
1.42807e+09
1.92533e+07
4.85076e+07
141757
7.85673e+08
8.95962e+08
3.01932e+08
8.00371e+06
632063
3.19896e+07
8.59127e+07
347391
3.75637e+08
4.28358e+07
1.63301e+08
4.99809e+06
1.6421e+07
5.60476e+06
1.23276e+08
4.01517e+06
412092
1.21995e+09
2.90113e+07
7.72057e+07
8.13517e+08
235018
445285
2.20905e+07
6.09553e+08
1.0649e+08
2.45909e+07
5.39918e+06
2.25326e+09
9.28133e+07
758054
174222
1.77184e+07
3.97431e+06
4.25799e+07
1.71427e+07
9.29179e+08
9.93493e+06
2.58152e+08
1.01231e+08
1.53543e+09
4.02397e+07
1.0331e+07
2.41804e+08
1.60321e+07
2.61728e+08
3.23988e+08
1.42744e+08
5.35149e+07
483028
1.18403e+08
451188
1.3252e+08
8.87014e+07
3.28528e+07
6.46826e+08
1.67507e+08
1.7807e+08
1.65642e+07
3.00764e+08
1.09683e+08
1.69948e+07
2.66478e+09
1.62718e+08
1.64901e+07
1.17356e+07
1.0748e+08
3.97513e+08
2.9008e+09
1.76549e+07
1.04541e+07
356833
2.60795e+07
4.37038e+07
144099
1.02107e+06
607713
1.98323e+07
9.63929e+07
9.02541e+07
8.476e+08
2.01478e+09
5.6045e+07
4.24823e+08
102347
7.42522e+07
4.02856e+07
1.02547e+09
1.21117e+09
397896
3.61521e+06
2.83625e+08
3.49363e+06
3.47443e+08
4.78961e+07
2.00127e+07
4.49636e+07
3.41292e+07
1.2086e+09
6.15811e+07
3.10085e+06
2.41899e+07
943180
1.36373e+07
4.43574e+08
1.49706e+09
236259
5.19616e+06
1.18395e+09
2.42465e+06
2.40345e+07
2.54038e+08
2.80585e+08
3.04159e+07
2.1388e+08
2.9332e+07
4.66345e+08
2.38461e+07
173877
1.00488e+08
2.84399e+08
1.12834e+09
9.3279e+07
142149
4.60124e+08
6.27845e+07
383485
5.26066e+08
2.61359e+09
638048
1.73076e+08
1.18252e+09
105545
4.4694e+08
2.75467e+06
1.99049e+07
1.90806e+09
143106
8.12429e+08
8.78728e+08
3.98645e+08
3.56269e+07
7.62808e+07
4.73522e+08
140433
3.09343e+07
1.10634e+08
2.57016e+09
2.40317e+07
5.98759e+06
5.35623e+08
2.78026e+07
7.02394e+08
5.39576e+06
1.17422e+09
2.40077e+08
2.34215e+06
1.92918e+07
7.32966e+08
2.29108e+07
791567
1.65583e+06
149426
1.09287e+07
8.27115e+08
1.26484e+06
2.35144e+09
1.31262e+06
2.42052e+09
1.17983e+09
1.4028e+08
5.30801e+07
3.80999e+06
2.58757e+07
5.65604e+09
8.8528e+07
2.17334e+07
5.89148e+07
157790
4.08392e+06
1.10653e+08
1.03015e+08
3.34184e+08
882839
9.09614e+07
1.92772e+06
1.08043e+09
1.30018e+09
7.43386e+08
189887
5.28436e+06
2.28991e+08
1.08677e+07
1.60685e+07
8.62425e+07
2.53336e+07
3.59941e+08
1.79697e+07
1.56863e+08
3.59151e+08
260324
160966
2.26218e+07
3.86398e+06
2.85073e+08
5.43053e+08
596376
1.32022e+09
2.12121e+06
7.86301e+08
1.78105e+07
5.40433e+06
1.55638e+08
3.08288e+08
2.10597e+07
7.51035e+07
1.80873e+08
5.68933e+08
1.49417e+07
3.49317e+07
5.4167e+06
5.20302e+06
3.40045e+08
4.38283e+08
5.52055e+06
1.04049e+06
8.57608e+07
3.66907e+08
1.07987e+07
1.48979e+08
1.34599e+09
480148
4.95386e+06
1.42271e+09
2.90397e+07
6.40211e+07
3.72294e+07
8.56714e+07
278837
282215
5.06048e+08
3.99807e+07
2.09005e+08
2.22708e+09
1.55661e+06
5.46171e+06
3.63098e+06
8.11365e+07
5.19395e+08
3.78034e+08
6.78766e+07
1.57929e+08
130275
623992
2.8758e+09
1.30437e+09
2.94177e+07
1.61794e+08
1.49556e+09
1.05192e+07
1.58355e+08
2.21495e+07
155554
5.81038e+07
1.27374e+09
1.2168e+09
353628
5.76502e+08
1.55007e+09
1.49696e+08
1.58086e+08
2.48034e+09
2.30009e+08
2.58516e+08
2.04239e+06
757397
4.85683e+07
7.34963e+08
2.37429e+07
8.32087e+07
9.21432e+08
9.88568e+06
2.74335e+07
1.11003e+07
7.43075e+07
729546
1.43819e+07
1.94407e+09
131680
4.68776e+06
3.60124e+08
153529
499554
3.63321e+06
3.99118e+07
3.67561e+07
3.11413e+07
1.71146e+08
1.11672e+07
1.78537e+06
1.88081e+06
4.13222e+07
1.39425e+07
3.29534e+08
140457
3.50317e+08
8.56848e+08
5.16954e+06
449665
1.3075e+07
6.79673e+07
2.02741e+08
2.87022e+07
2.1758e+08
226801
1.5341e+07
2.3486e+06
2.98323e+08
1.39849e+08
1.38616e+07
165074
5.39171e+06
5.8988e+07
1.58962e+09
9.2676e+08
2.96904e+08
3.53181e+06
2.02995e+08
5.94984e+07
1.42003e+06
1.19308e+08
1.11077e+06
2.90759e+09
7.32004e+07
1.05489e+07
1.13806e+06
3.25585e+09
4.56938e+06
441971
3.54679e+06
1.52914e+09
1.31376e+09
4.84302e+08
8.12105e+07
1.53647e+07
5.61886e+06
2.54844e+07
3.6825e+07
2.36663e+09
519512
3.48236e+06
2.65475e+08
1.31106e+06
2.78619e+09
3.80057e+06
3.29347e+08
1.38454e+07
2.5783e+09
9.21635e+08
8.90373e+08
7.0698e+07
3.25003e+09
6.97134e+06
2.08347e+07
5.55474e+08
4.02213e+09
1.89223e+08
1.95496e+09
2.20459e+07
4.27668e+07
1.31021e+09
809940
3.52211e+09
150695
8.43213e+07
1.97732e+07
255074
3.11599e+07
2.17121e+06
1.50339e+09
2.64688e+07
1.62682e+08
4.11586e+07
4.3518e+07
1.3492e+07
1.30568e+08
1.17927e+08
1.01203e+08
1.72937e+07
4.02621e+06
9.5751e+07
5.30796e+07
2.16377e+08
1.91425e+06
4.14331e+07
1.92208e+08
4.64843e+08
389637
5.02141e+08
1.11722e+09
2.08526e+07
2.17781e+06
3.69423e+07
1.28317e+09
2.69687e+08
1.82668e+09
1.7269e+08
7.2084e+07
3.85389e+07
3.76058e+09
2.07441e+09
5.0307e+07
7.97502e+07
1.46716e+08
9.19011e+07
7.99024e+08
3.8162e+08
1.30253e+09
8.942e+06
4.54628e+06
3.29782e+06
1.73747e+09
1.1252e+07
6.5828e+07
7.95212e+07
1.00877e+07
3.35851e+08
1.57435e+09
1.4525e+09
2.44259e+09
1.18519e+09
9.4308e+08
2.4295e+09
6.23413e+06
1.49932e+07
101108
3.33472e+07
1.08988e+07
6.94604e+08
2.66561e+09
2.41237e+08
3.8074e+08
1.09625e+07
1.02136e+09
1.03865e+07
3.33317e+08
7.65975e+08
5.2687e+07
1.93572e+07
1.36731e+10
8.64207e+07
8.30872e+07
9.35527e+07
2.36036e+07
7.16536e+08
2.22121e+07
3.03343e+08
2.40201e+07
5.23247e+08
6.67503e+07
2.95682e+09
9.84231e+07
1.51615e+10
2.824e+09
1.64967e+08
1.20903e+09
1.85337e+07
6.08446e+07
1.16825e+09
1.10307e+07
540330
2.41536e+06
574535
6.28854e+08
2.24546e+07
163028
1.30007e+06
2.09394e+08
3.45066e+08
1.93398e+07
1.89583e+08
2.29752e+06
209208
4.05838e+09
7.7363e+08
230624
2.39851e+06
3.17912e+07
4.61742e+06
175250
1.39582e+08
9.37815e+06
6.51193e+09
5.73129e+06
3.48897e+08
5.5518e+06
3.93882e+07
1.13396e+09
9.68442e+07
2.13087e+07
8.3129e+07
1.68745e+06
2.55933e+09
1.30515e+08
129345
3.07574e+06
122869
1.34002e+07
9.11338e+07
1.98853e+07
8.14786e+08
1.10851e+09
1.82839e+09
1.69992e+07
6.26791e+06
115048
4.38509e+06
2.83539e+09
1.61586e+09
5.66926e+07
1.21631e+08
1.83301e+08
1.96645e+09
8.42359e+07
5.90058e+08
1.77712e+08
4.38826e+08
5.42389e+08
2.48576e+09
1.97709e+09
2.08884e+09
1.06634e+07
2.45475e+08
8.60529e+08
1.10399e+09
1.68562e+07
6.29287e+06
179810
484907
2.48472e+09
9.37162e+08
3.3536e+08
1.55151e+08
4.40362e+08
9.52984e+08
4.24335e+06
899906
1.6269e+07
4.10579e+06
1.52925e+08
4.38494e+07
2.82713e+07
3.44644e+08
8.58008e+06
136209
1.01808e+09
3.14351e+09
6.88183e+08
2.18089e+09
2.72465e+09
1.75937e+08
1.29216e+08
1.35469e+07
3.25024e+07
4.52234e+07
1.02254e+07
1.09718e+06
1.52936e+09
3.7996e+07
5.6494e+07
9.34074e+07
1.97481e+08
3.7494e+08
1.12148e+09
1.25421e+09
5.25379e+07
3.7146e+09
1.90451e+07
8.48045e+08
5.7103e+07
2.46396e+06
4.48473e+07
3.84846e+06
3.36783e+07
1.93089e+09
5.38377e+07
2.30721e+06
5.18566e+07
1.31051e+07
2.13896e+09
1.38354e+07
8.29157e+07
2.07379e+06
1.82919e+09
2.71271e+07
3.11747e+07
2.43867e+06
1.15363e+09
8.31636e+08
3.438e+06
826629
1.73877e+08
90326.4
1.69444e+07
1.35037e+08
2.37843e+08
2.35811e+07
6.03106e+08
6.33572e+07
3.13375e+06
5.52845e+06
1.45888e+08
934405
1.99483e+09
268612
1.0754e+09
1.44285e+09
8.42649e+08
9.37237e+08
1.01053e+07
3.40436e+08
8.46759e+07
1.14866e+06
2.67918e+09
1.4857e+08
4.75381e+08
1.8771e+07
236728
2.54852e+08
546966
1.59225e+09
9.19015e+07
2.38495e+06
1.21255e+09
464260
4.85312e+06
3.19702e+07
4.96968e+08
533511
6.23151e+07
3.99245e+08
1.37966e+09
8.59178e+08
3.44262e+06
1.50446e+09
1.4003e+08
1.00109e+08
5.71729e+08
828324
3.65643e+06
2.90967e+06
1.49408e+08
431458
7.6994e+09
7.62072e+08
4.8381e+06
3.30223e+08
1.64139e+07
2.33443e+07
1.31596e+09
1.78022e+06
9.86368e+08
1.1469e+09
8.02784e+08
2.29999e+09
2.36851e+06
1.6559e+09
870371
1.54558e+07
3.20209e+06
1.8176e+08
3.27488e+08
1.82927e+09
2.69335e+06
1.40972e+07
2.32471e+06
1.39449e+07
2.66684e+06
2.34063e+08
5.68471e+08
1.2404e+08
2.53835e+06
2.76726e+06
5.19694e+07
3.41575e+07
8.89056e+08
1.80507e+07
1.52689e+08
478347
1.19988e+09
2.42609e+09
7.26641e+06
5.08037e+08
2.53211e+06
3.4474e+08
1.44432e+06
1.81614e+07
2.33662e+08
4.98871e+06
8.94896e+06
2.19171e+09
4.39799e+06
1.07025e+07
1.81678e+08
8.88176e+07
2.47395e+07
3.42678e+07
4.21079e+07
142294
1.9199e+07
2.4158e+07
2.51817e+09
1.58324e+09
1.55737e+07
9.60586e+06
1.86933e+08
1.61223e+07
4.03654e+07
1.76755e+08
2.41772e+07
4.22481e+08
6.06641e+08
6.63893e+08
1.9144e+08
3.36582e+06
7.98867e+07
1.21232e+07
1.08124e+07
6.26797e+07
3.53898e+08
3.1882e+06
1.91908e+07
8.40292e+06
2.19784e+09
1.90918e+08
3.37866e+07
1.3182e+07
3.07698e+07
5.08843e+06
5.0963e+07
4.01392e+06
2.62045e+08
90064.1
2.48965e+07
4.58058e+07
3.82851e+07
2.34444e+08
5.27815e+07
7.80217e+07
9.22141e+08
3.40866e+06
1.12754e+07
5.7813e+07
3.42359e+08
1.01385e+07
4.85639e+08
2.38795e+09
7.81881e+07
1.19203e+08
1.09306e+07
9.37141e+06
5.07265e+06
1.20014e+09
1.69771e+08
8.23388e+06
8.79005e+06
6.19979e+07
6.13028e+07
1.78799e+10
8.8996e+08
1.60197e+08
2.51638e+07
3.82214e+07
9.42921e+07
1.366e+09
1.15858e+06
9.04593e+08
2.43025e+07
6.4286e+07
3.2352e+08
1.02946e+07
5.26501e+08
2.19492e+09
470897
2.45524e+06
9.881e+08
1.21432e+08
6.52486e+07
4.13934e+08
2.40463e+09
3.2988e+07
1.63898e+10
526455
8.91568e+06
1.86008e+09
470751
5.11668e+07
2.28409e+08
8.04258e+07
161777
1.43498e+08
1.7981e+07
6.17873e+07
4.09025e+07
5.10289e+08
5.73465e+07
2.26394e+09
)
;

boundaryField
{
    back
    {
        type            empty;
    }
    front
    {
        type            empty;
    }
    gasjet
    {
        type            epsilonWallFunction;
        value           nonuniform List<scalar> 
710
(
1.88532e+09
2.37315e+08
5.79264e+09
3.51566e+09
4.44136e+08
2.93959e+09
1.57525e+09
3.76838e+06
3.18277e+07
2.94206e+07
5.13502e+06
3.5922e+09
1.08524e+08
1.428e+08
1.31763e+08
1.09832e+08
2.83419e+08
43787.1
3.82543e+09
84068.7
3.54665e+07
51557.2
51152.3
8.98346e+07
1.57447e+08
4.8631e+09
1.1511e+08
1.11894e+10
3.90182e+07
3.75365e+08
3.0979e+08
2.05883e+08
1.69808e+06
2.65446e+08
1.38723e+08
4.0374e+08
4.89706e+08
6.82238e+09
1.14634e+09
124310
3.34047e+06
116138
4.59721e+06
7.85834e+07
149832
87065.3
2.84451e+10
1.24696e+08
6.57684e+09
5.29674e+08
4.16335e+08
3.40652e+08
2.6558e+08
2.53687e+08
1.76184e+08
1.85459e+08
2.09712e+08
1.64563e+08
1.53683e+08
3.31682e+09
1.21186e+08
8.75399e+07
8.53562e+07
6.56089e+07
5.6761e+07
5.55248e+07
5.07423e+07
4.77071e+07
1.0958e+09
9.32532e+06
3.73177e+07
258273
144807
3.89092e+07
319316
1.07034e+06
475227
1.18556e+07
144349
197764
1.72559e+06
5.4895e+07
295900
8.18715e+06
412824
324378
241098
424636
142196
2.12992e+07
1.18841e+06
996950
532197
469556
261326
172084
122648
457104
1.62336e+07
122169
3.375e+07
588890
1.38471e+07
1.34162e+06
149444
5.76803e+06
900167
4.11102e+06
3.88679e+07
520111
112736
268351
3.09014e+06
1.62146e+06
1.54459e+07
226756
3.60769e+06
197140
2.06375e+06
2.16768e+06
364820
156868
1.90966e+07
152843
956337
148070
1.64537e+06
731164
404175
1.58845e+07
968239
186816
151345
6.54012e+07
6.53225e+07
2.49511e+06
1.58289e+06
788182
621859
377874
835084
3.7126e+06
172235
4.771e+06
616766
9.88324e+08
1.05879e+06
1.74046e+06
1.60931e+06
1.28212e+09
3.75231e+06
8.51415e+07
2.9614e+08
115248
8.44815e+07
119399
1.00248e+09
1.36727e+09
9.25238e+08
8.75344e+06
96676.7
5.83918e+08
110727
6.27327e+08
88676.6
91320.4
72043.7
2.27703e+07
9.99336e+08
1.74704e+09
5.02985e+08
7.42842e+08
1.14781e+07
8.56594e+08
99353.6
9.41809e+08
3.18056e+07
9.99532e+08
1.11054e+09
1.20088e+09
1.8561e+09
3.90269e+08
1.05045e+09
4.13422e+08
1.30091e+09
4.6168e+08
2.25509e+09
4.10847e+08
3.34339e+08
2.89902e+09
90239.1
9.80827e+08
2.52103e+08
4.63436e+08
7.61426e+08
4.03217e+08
3.18486e+08
2.66891e+08
6.58605e+08
1.74357e+08
4.3598e+08
1.72331e+08
2.47148e+09
3.42443e+08
4.2167e+09
4.49229e+06
224213
818628
505518
274944
579072
1.38295e+06
201486
1.60747e+06
1.67054e+06
833931
302812
852242
284207
168484
490697
1.61663e+07
410871
1.33969e+07
152315
3.92149e+07
3.50935e+08
130661
75537.6
77772.1
2.15457e+09
1.85543e+08
2.43104e+08
4.14019e+09
3.34206e+09
1.59837e+08
4.43421e+08
106524
3.49147e+08
1.26038e+08
76430.4
2.50402e+08
2.10125e+08
2.43348e+09
1.27652e+08
1.76188e+08
1.48353e+08
4.26474e+08
1.7685e+08
9.27086e+08
9.54684e+07
5.97881e+08
4.23637e+09
2.58923e+08
1.58666e+08
1.02135e+08
1.31474e+08
1.56473e+08
3.9939e+08
9.80298e+08
1.76091e+08
1.00872e+08
1.99155e+08
1.21618e+07
1.23859e+08
110980
3.60736e+09
8.24462e+07
5.58625e+09
1.22465e+08
2.68494e+08
1.11918e+08
1.62256e+07
9.13036e+07
1.0918e+08
1.44961e+08
1.48706e+08
7.78898e+07
9.26764e+07
4.28017e+09
2.37371e+08
1.0385e+08
1.77004e+09
1.26986e+08
4.05442e+07
7.65082e+07
3.87084e+09
7.85732e+07
1.58087e+08
7.56981e+07
1.18097e+08
7.5961e+07
9.52724e+07
8.27526e+07
4.44052e+07
7.07366e+07
5.74532e+07
9.33298e+07
7.48821e+07
4.95439e+07
5.43061e+07
5.61075e+07
6.91493e+07
4.67958e+07
5.94402e+07
4.25703e+07
7.43586e+07
7.11074e+07
8.87828e+07
6.17104e+07
6.29478e+07
3.64811e+07
4.56989e+07
4.40087e+07
5.13556e+07
8.66669e+07
4.41749e+07
5.13221e+07
4.26756e+07
6.76304e+07
3.81056e+07
4.2052e+07
4.54451e+07
4.86416e+07
5.0168e+07
5.21105e+07
4.60977e+07
4.67373e+07
4.04634e+07
9.12045e+07
3.68137e+08
3.52883e+07
4.8725e+07
3.87221e+07
1.47184e+08
4.6614e+07
2.98395e+08
6.90332e+08
1.43801e+08
4.75394e+07
5.21174e+09
4.0924e+07
9.79935e+07
2.58884e+10
4.50518e+07
1.61359e+08
1.01312e+09
9.01543e+08
6.28141e+07
2.98162e+07
3.94897e+07
5.15365e+07
6.43264e+08
1.31664e+09
2.50785e+09
2.52124e+07
4.95314e+09
3.42055e+09
4.30997e+07
4.90791e+07
4.95246e+09
6.68522e+08
4.1008e+08
6.32e+07
5.40209e+09
1.15786e+08
6.37869e+07
4.65283e+09
4.02426e+07
4.89246e+08
2.14086e+08
4.48375e+07
4.60141e+07
8.90552e+07
7.07527e+08
4.95882e+07
1.17816e+08
4.35974e+07
3.80849e+07
6.13613e+09
4.87952e+09
4.9881e+07
4.64341e+07
6.87662e+07
4.85722e+07
5.48706e+07
6.10106e+07
5.16846e+07
2.94052e+09
4.82945e+07
1.35387e+08
3.48654e+09
1.7799e+08
1.73419e+08
3.1274e+09
1.54713e+08
4.53165e+09
2.19037e+08
2.53236e+08
1.94735e+08
3.3312e+09
3.72771e+08
3.93762e+07
4.00705e+07
2.79273e+08
4.41731e+07
4.25492e+07
5.80808e+07
4.59777e+07
3.71813e+07
6.22623e+08
6.40726e+07
4.10654e+07
5.10201e+07
5.95138e+08
4.83143e+07
6.09613e+07
2.27261e+09
1.29026e+08
3.66407e+09
7.54827e+08
6.54388e+09
1.27988e+10
1.07824e+08
3.68955e+08
3.25456e+09
1.00673e+09
1.16073e+09
3.91768e+09
4.72939e+08
4.03609e+08
3.79021e+09
5.5489e+07
8.40642e+07
4.87069e+09
167286
1.67924e+09
4.74441e+08
9.16244e+08
2.88224e+10
6.57242e+08
5.97381e+08
9.56761e+08
5.75821e+08
172241
208969
282324
646084
325659
1.17413e+06
213184
260150
179245
1.43431e+06
439182
165352
531146
626895
1.05244e+06
1.68521e+06
1.46124e+06
1.75086e+06
3.75164e+06
1.3569e+08
5.76821e+09
1.90905e+08
123989
1.66692e+08
8.99426e+07
1.73619e+08
8.68341e+08
119653
96587
1.94189e+08
3.46863e+07
1.22776e+09
1.55005e+07
1.04352e+09
9.79174e+08
3.93935e+08
1.88369e+08
88207.8
3.72448e+07
4.92481e+09
4.009e+07
8.86905e+08
3.66639e+08
3.64459e+10
1.32201e+09
2.0584e+08
2.42382e+09
1.92757e+09
5.39401e+08
1.40051e+09
1.88578e+09
2.65349e+08
5.67472e+07
2.42427e+09
1.48457e+08
1.43504e+08
2.73264e+09
6.14563e+09
4.21413e+09
188216
5.81767e+08
1.15374e+08
4.0317e+09
3.62905e+09
1.4832e+11
4.94142e+09
3.86576e+08
1.50232e+08
4.94919e+09
1.08626e+08
9.22024e+07
1.10365e+08
7.13472e+09
3.27518e+09
5.58905e+09
160822
2.29718e+08
2.69885e+10
6.60514e+07
3.63147e+08
7.17856e+08
4.74905e+09
2.18918e+09
4.59221e+09
8.83028e+08
4.47946e+08
3.03522e+09
3.96598e+07
3.1119e+09
5.43311e+08
1.54249e+09
2.42403e+08
1.08707e+09
1.93226e+08
3.56603e+10
8.37137e+08
1.59466e+09
3.48795e+08
4.16162e+09
1.28716e+08
5.57172e+09
4.81971e+09
1.90908e+08
3.89418e+08
1.19609e+08
1.81892e+09
1.74454e+08
1.80571e+09
9.86926e+10
2.99247e+07
3.75707e+09
4.38564e+07
102247
5.00035e+07
4.67756e+08
3.51504e+08
6.08272e+10
4.12715e+08
2.13842e+08
3.61078e+06
3.08406e+08
2.37269e+08
4.12844e+07
9.86935e+07
2.85879e+09
2.15614e+10
3.77444e+06
1.51067e+08
5.61877e+07
2.99139e+09
5.69438e+09
1.02559e+09
3.11331e+08
4.04599e+09
4.40357e+07
280431
5.08446e+07
112547
1.64885e+08
1.33823e+08
4.1251e+08
3.8176e+07
3.04757e+10
1.23977e+08
2.55432e+09
4.70702e+07
974717
1.35099e+07
1.10046e+09
1.1232e+08
1.43555e+08
5.91729e+08
5.02014e+07
5.02093e+08
3.32119e+08
1.61266e+07
4.59413e+08
344774
1.1562e+08
3.13329e+08
4.34798e+08
7.58486e+07
6.70323e+07
4.03123e+08
3.6058e+08
3.1354e+06
4.05345e+07
6.05489e+07
5.60953e+07
6.4277e+07
1.55332e+08
1.72225e+08
1.39212e+09
1.06613e+09
1.80315e+09
4.48193e+08
3.31913e+08
1.01185e+09
3.08554e+08
5.74796e+07
3.0511e+08
1.3066e+07
5.24921e+07
479644
1.4858e+09
1.09103e+08
8.2059e+07
8.89646e+07
7.4587e+07
4.73338e+07
1.62176e+08
1.22467e+07
4.07458e+07
3.17774e+06
1.02098e+08
7.68607e+07
5.14569e+07
1.13735e+06
2.0624e+09
6.63862e+07
1.08865e+08
7.23218e+07
2.97593e+08
1.0308e+07
1.43607e+08
6.05475e+09
1.35005e+08
1.20307e+09
535136
1.307e+08
343614
1.4821e+09
6.21498e+09
3.70156e+08
6.67406e+09
7.07583e+06
2.27987e+09
1.12786e+08
1.76513e+09
5.80176e+06
1.0224e+09
6.41633e+07
3.50239e+07
282233
2.24592e+06
267578
5.25641e+09
3.445e+06
4.90732e+08
2.37394e+07
3.28977e+08
2.16909e+08
2.77244e+09
154372
5.75223e+09
5.41771e+07
2.46511e+09
8.52333e+08
6.85771e+09
3.36719e+07
3.12265e+09
9.94077e+08
5.75542e+07
1.5707e+08
1.36866e+06
7.55479e+09
1.08826e+09
2.08536e+07
9.5326e+08
6.29704e+09
1.07131e+08
3.87243e+09
2.24259e+08
3.95901e+08
159168
2.88817e+09
7.02615e+08
1.73513e+07
847526
8.24338e+09
5.69595e+08
8.77712e+08
9.22926e+08
2.21245e+08
8.42898e+07
3.01539e+08
)
;
    }
    inlet
    {
        type            fixedValue;
        value           uniform 825000;
    }
    outlet
    {
        type            inletOutlet;
        inletValue      uniform 825000;
        value           nonuniform List<scalar> 
110
(
894155
1.9393e+07
7.31428e+06
575266
4.31518e+07
951834
2.25121e+08
3.86145e+06
9.67009e+07
2.88157e+06
2.57099e+06
9.74058e+06
3.19095e+06
2.43103e+06
5.76062e+07
4.21871e+06
1.71391e+08
3.05645e+06
8.21004e+07
5.19398e+08
5.50425e+06
4.39461e+08
2.91609e+08
8.84485e+06
1.11984e+07
9.87963e+06
3.67724e+06
1.11486e+08
3.10435e+07
2.36848e+07
2.13785e+06
1.90262e+06
1.7939e+07
825000
1.38022e+08
3.43255e+06
3.7779e+08
1.03893e+07
7.55979e+07
5.32003e+08
4.49096e+06
1.49348e+06
1.72967e+06
825000
825000
1.03012e+06
2.36798e+06
825000
9.73839e+06
1.2528e+06
1.33566e+07
6.76211e+06
995103
1.05389e+06
970559
545131
2.94258e+08
7.43213e+06
1.04396e+06
554046
6.12529e+06
850832
582076
5.37363e+06
908004
973083
1.0293e+06
962916
948508
786863
1.01852e+06
861987
4.4438e+06
3.68581e+06
835938
798216
2.73317e+06
723647
1.72085e+06
608896
763306
4.82849e+08
2.32918e+06
1.98879e+06
825000
825000
1.51537e+06
1.33961e+06
1.57328e+07
2.31003e+07
1.13531e+06
1.24552e+06
534953
550481
710124
630972
825000
825000
3.14672e+06
7.44656e+07
904020
2.68203e+07
1.20831e+07
846858
599413
1.04751e+07
853896
8.05416e+06
698485
653615
)
;
    }
}


// ************************************************************************* //
