/*--------------------------------*- C++ -*----------------------------------*\
  =========                 |
  \\      /  F ield         | OpenFOAM: The Open Source CFD Toolbox
   \\    /   O peration     | Website:  https://openfoam.org
    \\  /    A nd           | Version:  8
     \\/     M anipulation  |
\*---------------------------------------------------------------------------*/
FoamFile
{
    version     2.0;
    format      ascii;
    class       volScalarField;
    location    "0.0005";
    object      nut;
}
// * * * * * * * * * * * * * * * * * * * * * * * * * * * * * * * * * * * * * //

dimensions      [0 2 -1 0 0 0 0];

internalField   nonuniform List<scalar> 
34060
(
5.71781e-05
1.07983e-05
3.15539e-05
3.23769e-06
2.91462e-05
7.46942e-05
9.46535e-05
1.5145e-07
0.000116511
1.08349e-06
1.25713e-06
5.65441e-05
3.51217e-05
2.98138e-05
7.07522e-06
5.25085e-06
0.000101382
0.000123258
1.84611e-06
1.05576e-05
7.21518e-05
0.000150328
4.37595e-05
3.40861e-05
5.69919e-05
2.31351e-05
2.4578e-05
6.46463e-06
0.000170676
6.31333e-05
2.89203e-06
3.92688e-05
0.000119562
0.00013699
8.48889e-05
0.000111046
0.000471623
6.49493e-06
6.91529e-05
4.93306e-05
5.46621e-05
1.88666e-05
1.38123e-05
3.70707e-06
2.73393e-05
0.000115435
3.43007e-05
6.68137e-05
7.69291e-05
0.000136282
5.06239e-06
3.01854e-05
1.35816e-05
8.1604e-07
6.83708e-07
6.85802e-05
0.000122076
5.98245e-05
7.11025e-06
1.72625e-05
8.06299e-05
0.000133714
5.29426e-05
8.05113e-05
0.000112814
0.000123746
3.30948e-05
5.07392e-06
8.14447e-06
0.000138239
7.59786e-05
2.47772e-08
4.17074e-05
0.000112021
7.1187e-05
5.86093e-07
5.03193e-05
6.70681e-06
3.20065e-05
9.12914e-05
5.9144e-05
6.92475e-05
0.000119895
7.84659e-05
5.60402e-06
4.65986e-06
9.29073e-05
0.000119337
0.000453451
2.20885e-05
8.74489e-05
3.35572e-05
9.03748e-05
0.000101635
9.1944e-05
0.000529054
6.82099e-06
3.39449e-05
2.93993e-05
0.000150215
7.3938e-05
0.000129073
5.53397e-05
7.79963e-05
1.17816e-06
7.51606e-05
7.02716e-05
5.26995e-05
2.98872e-05
0.000830555
0.000773702
3.49968e-05
8.86063e-05
0.000129321
3.78049e-05
5.05493e-05
3.87366e-05
2.72488e-05
5.21172e-05
6.54186e-05
5.65547e-05
2.95006e-05
6.01103e-06
0.000104019
6.97058e-05
4.29757e-05
7.36504e-05
8.44254e-05
9.18342e-05
0.000134081
0.000104004
2.02126e-05
4.15374e-05
3.94071e-06
1.32715e-05
0.000154179
2.6483e-05
6.4599e-05
1.02881e-05
2.49678e-05
2.30164e-05
6.9502e-06
0.000122754
9.70403e-05
0.000134225
7.53005e-05
4.1863e-05
5.94488e-05
6.79702e-07
4.24901e-07
3.56303e-05
0.000279591
6.27496e-05
6.98318e-05
0.00013314
0.000120164
1.04563e-05
2.28316e-05
0.00016571
7.8008e-05
4.02402e-06
5.97163e-05
3.96106e-05
7.55119e-05
7.10022e-05
9.29979e-05
7.36694e-05
2.93783e-05
2.83097e-05
7.57219e-05
0.00356475
2.36723e-05
5.95501e-06
8.55687e-06
6.46325e-06
5.89096e-05
2.94831e-05
0.00016872
0.000103683
4.80342e-05
5.40895e-07
6.18693e-05
4.15109e-05
9.18882e-06
7.69867e-06
4.44988e-05
0.000105219
9.21974e-05
7.27561e-05
8.98087e-06
9.18434e-05
6.93584e-05
0.000109242
6.44915e-06
4.89038e-05
7.73311e-05
7.66692e-05
3.90941e-05
6.51795e-06
4.38178e-05
0.000103289
7.04232e-05
7.12321e-05
7.01011e-05
7.11416e-05
2.09026e-05
3.14698e-05
3.47401e-06
4.33086e-05
0.000123976
0.000143332
3.5202e-05
6.66024e-05
3.83978e-06
5.38994e-05
0.000363498
0.000125431
0.000628851
7.87721e-05
0.000130964
9.32509e-05
5.02607e-05
1.00933e-05
9.93557e-05
2.80748e-05
9.35014e-05
1.95446e-05
0.000126451
3.32461e-06
1.90824e-05
2.70755e-05
8.49282e-05
7.01919e-05
0.00020107
0.000144111
7.56543e-05
4.30856e-05
6.82736e-06
9.31376e-06
1.22391e-06
6.84081e-05
7.11276e-05
1.3392e-05
4.0546e-05
4.52941e-06
7.57968e-06
0.000101145
5.3192e-05
7.19233e-06
5.27251e-05
5.1506e-05
0.000122089
4.33925e-05
2.09948e-05
3.67028e-06
9.0398e-05
2.91455e-05
0.00010903
9.96856e-05
4.70272e-06
0.000107903
0.000111033
9.79786e-07
3.53883e-05
3.7077e-05
3.15958e-05
0.000123757
6.6112e-06
0.000135239
4.15924e-06
2.67636e-05
6.60931e-05
5.66182e-05
4.44967e-06
3.95338e-06
0.000131974
7.22315e-05
2.3212e-05
3.86849e-06
6.98537e-05
1.18647e-05
9.58122e-05
0.000106786
2.63061e-05
7.33726e-05
8.27795e-06
3.7752e-05
0.000161099
3.84693e-05
0.000122455
0.000142688
5.77368e-06
2.84678e-05
4.39228e-05
2.16994e-06
2.17636e-06
6.4529e-05
3.80103e-05
3.70255e-06
3.2387e-05
4.43262e-05
6.27678e-05
0.000894605
1.56953e-05
0.000129248
3.36043e-05
0.000136213
3.88812e-05
8.88195e-05
0.000113009
8.68079e-05
0.000153892
6.21481e-05
0.000105108
1.32581e-05
2.51113e-06
1.40474e-05
4.39035e-06
3.025e-05
4.94482e-05
2.73642e-05
5.03337e-06
0.000149518
7.70636e-05
0.000163073
2.18649e-06
1.5504e-06
4.79873e-05
2.74867e-05
4.96309e-05
1.15295e-05
9.27528e-05
1.02938e-06
3.88345e-05
2.27825e-05
4.91703e-06
3.51585e-05
1.05357e-05
2.83744e-05
3.17142e-05
1.56547e-05
6.07758e-05
7.64407e-06
9.54149e-05
6.0216e-06
0.000134876
4.24099e-05
7.71369e-05
6.2142e-05
3.55921e-05
3.62407e-06
0.000136468
0.000138551
0.000102655
0.000160519
6.31252e-05
3.34473e-06
5.3729e-05
1.01198e-05
0.000446907
0.000124262
9.45867e-05
9.58874e-05
6.18913e-05
1.89856e-06
6.83422e-05
7.94755e-05
4.42502e-06
0.000133994
3.53258e-06
7.93772e-05
3.45593e-06
0.000589628
4.55978e-05
2.56852e-05
0.000112505
0.000155615
5.24856e-06
6.64385e-05
3.18234e-05
3.89195e-05
5.21227e-05
3.32515e-05
2.8636e-05
2.4729e-05
0.000120663
0.000552294
9.63696e-05
3.50227e-05
3.06569e-05
2.71221e-05
9.95825e-06
2.76579e-06
2.76083e-08
8.42511e-05
6.36965e-05
0.000150096
0.000166603
7.88915e-06
0.000136691
4.17747e-06
0.000119772
6.15512e-05
0.000115508
3.46194e-05
2.41389e-05
1.49354e-05
6.01428e-05
1.99418e-05
0.00031567
1.57906e-07
0.000158731
0.000105904
8.73037e-05
0.000129032
0.000115813
7.78718e-05
7.70667e-05
0.00013209
6.95928e-05
0.000146098
6.2062e-06
5.74108e-05
1.77265e-05
1.99437e-05
0.000107778
0.000126714
6.9074e-05
3.46383e-06
8.77727e-05
3.43368e-05
0.000698746
4.42283e-06
4.50576e-05
0.00073768
7.41626e-05
6.6487e-05
6.59772e-06
0.000893628
5.20888e-05
3.42285e-05
5.22411e-06
0.000119891
6.89547e-05
1.09327e-05
2.84418e-05
7.00924e-05
8.2079e-05
5.80979e-05
0.00048534
1.94327e-06
2.92995e-05
2.97712e-06
2.96719e-07
0.000108402
1.35568e-05
0.000147373
6.77203e-06
7.9901e-05
0.000101169
2.50827e-05
8.98832e-05
6.1787e-05
0.000100265
7.12922e-05
2.56371e-05
0.000149778
4.93175e-06
1.80126e-05
0.000708825
2.9594e-05
1.43146e-05
0.000102771
2.49026e-05
3.06936e-05
4.69896e-05
8.9326e-06
6.71857e-06
8.86398e-05
6.15958e-05
7.94307e-05
4.65475e-05
8.5905e-05
4.97134e-05
1.91503e-05
2.30914e-08
0.000110603
9.8668e-05
0.000121843
1.55464e-07
7.05451e-05
0.000134206
4.08403e-06
2.43635e-05
0.000201425
4.65444e-05
0.000123068
3.60471e-06
2.46149e-05
2.5698e-06
9.15612e-07
2.44607e-06
9.70179e-05
3.63295e-05
7.76459e-05
0.000129277
2.71019e-05
7.55463e-05
0.000569801
4.66674e-05
8.26237e-05
4.30571e-05
0.000135811
2.47572e-05
2.69123e-05
2.69357e-05
6.10767e-05
5.50032e-05
1.41504e-05
0.000113648
9.85415e-06
2.98746e-05
5.84836e-05
0.000123977
4.75688e-05
2.53909e-06
0.000151797
2.2599e-05
3.52144e-05
3.57715e-05
5.91881e-05
1.05196e-05
7.96759e-05
6.03394e-05
0.00016619
1.7803e-05
0.00014541
5.13368e-06
0.000124281
1.53537e-05
0.000103024
0.000797908
0.00182553
4.51502e-05
6.93783e-05
0.00021498
0.000163355
0.000106284
0.000120316
8.22986e-05
4.99016e-05
2.73037e-05
2.75164e-06
1.05219e-05
6.58022e-05
5.21967e-05
9.53446e-05
2.66029e-05
1.16928e-05
5.50834e-05
6.01716e-05
3.70871e-05
9.52883e-05
4.06865e-05
6.95452e-05
0.000140657
7.0699e-05
4.91924e-06
8.19692e-05
5.13106e-05
0.000113168
0.000104099
9.01433e-05
1.48999e-05
4.60653e-05
5.93887e-06
3.46183e-06
8.94893e-05
0.000485599
5.23693e-06
2.41563e-06
7.09694e-05
6.05007e-05
4.81524e-06
2.28461e-05
2.98031e-05
1.15684e-05
1.30999e-06
0.000197723
5.48262e-05
2.82084e-05
2.33927e-05
0.000104958
7.88728e-05
4.69864e-06
6.21603e-05
5.08901e-05
6.22158e-05
2.62804e-05
2.40039e-05
4.86536e-07
3.23151e-06
6.50582e-05
9.55494e-05
5.75412e-05
2.43005e-05
5.44629e-05
2.48311e-06
3.87405e-05
6.28075e-05
5.90304e-06
7.86873e-05
1.18058e-05
5.20079e-05
0.000122307
2.96322e-05
4.13474e-05
1.89934e-05
4.80291e-06
3.8171e-06
0.000123904
0.000144699
0.000119917
3.44297e-05
6.8719e-06
1.53803e-05
2.2937e-05
8.86465e-05
7.94567e-05
5.06194e-05
6.58383e-05
4.5095e-05
8.98205e-05
2.36634e-05
7.98354e-05
9.94411e-05
0.000100783
2.58822e-05
3.50335e-07
5.01564e-05
9.33017e-05
5.76823e-05
5.93125e-05
6.75295e-05
5.12205e-05
7.47051e-05
4.79727e-05
1.11352e-05
8.50302e-05
3.74997e-05
4.67468e-05
2.43611e-06
5.67233e-05
3.91042e-06
6.67236e-06
0.000100509
5.63603e-06
1.12769e-06
0.000162661
0.00116463
2.173e-05
1.96173e-06
5.9778e-05
3.94324e-06
2.90192e-05
6.93941e-06
8.34545e-06
2.43178e-05
7.55886e-05
6.93787e-05
3.27536e-06
1.02515e-06
6.35814e-05
9.42672e-06
4.35722e-06
1.38009e-05
4.76547e-06
2.10607e-06
5.29125e-06
9.32916e-05
0.000108134
6.2197e-06
4.06709e-05
5.19151e-06
7.57051e-05
2.6805e-05
4.99153e-05
7.80527e-05
7.37193e-06
1.0032e-05
2.19984e-06
3.44802e-05
2.91729e-05
3.22451e-05
5.05713e-05
0.000166864
1.88126e-05
0.000153034
3.03089e-05
9.48615e-06
0.000102302
0.000144925
0.000163112
7.45035e-05
4.08463e-05
7.66901e-05
6.5735e-05
0.000108316
0.00010947
5.76428e-06
8.61302e-05
0.000141378
1.85243e-05
0.000133552
3.24264e-06
0.000149202
1.67641e-05
6.15038e-05
1.89791e-06
0.000125986
0.000103805
7.46154e-05
0.000106385
3.85181e-05
8.4228e-05
0.00010733
6.06997e-05
0.000103324
2.14017e-05
9.9613e-05
2.24147e-08
7.60267e-05
3.07731e-06
1.83037e-05
9.69692e-05
0.000314599
3.68961e-05
9.78754e-06
6.0009e-05
0.000132411
9.32485e-05
1.51589e-05
7.17339e-05
8.5715e-05
6.86302e-06
0.000106895
8.04634e-06
3.91786e-05
4.68602e-05
2.81226e-05
1.56439e-05
1.32431e-05
4.95194e-05
3.13485e-05
2.94289e-05
6.24731e-05
1.11484e-05
6.83706e-05
2.88001e-05
0.000103092
4.14154e-05
3.92716e-05
5.69074e-05
3.34744e-06
7.42381e-05
0.000141409
1.36135e-05
2.5198e-05
5.07767e-06
0.000946916
0.000193605
0.000130329
4.94211e-05
0.000103033
0.000127565
1.67245e-05
3.07495e-05
6.39554e-06
0.000107028
1.46507e-05
7.24478e-05
2.56544e-05
2.73014e-05
8.33488e-06
1.47121e-05
9.66499e-05
1.52931e-05
3.42023e-05
0.00044082
0.000146319
6.2587e-05
6.30978e-06
3.2851e-05
2.9921e-05
2.5177e-06
3.90656e-06
0.000122661
1.40404e-05
3.45095e-05
6.80282e-05
5.22352e-05
9.72842e-05
7.30078e-05
2.84039e-05
8.93797e-08
1.43486e-05
0.000150299
6.94648e-05
3.8941e-05
2.92133e-05
2.69046e-05
5.77251e-05
7.35719e-05
2.42418e-06
0.000124703
2.49041e-05
0.000120948
7.15466e-07
2.55355e-05
5.57295e-06
3.06311e-06
7.23323e-05
0.000153133
2.67362e-05
2.27723e-05
6.84219e-05
2.96449e-05
9.20113e-05
9.42597e-06
7.48111e-05
1.70992e-07
0.000157128
1.06972e-05
7.86197e-05
1.70299e-05
0.00012713
0.000159348
3.33434e-05
5.24009e-05
5.24871e-06
0.000112902
2.54324e-05
9.88125e-07
7.88838e-05
0.000145484
0.000100928
0.000121127
0.00011093
7.24554e-06
3.24178e-05
7.90958e-05
3.94664e-06
1.59681e-07
5.18698e-06
2.9985e-05
3.48628e-05
2.95628e-05
6.9925e-05
6.51443e-05
5.76353e-06
0.000160691
4.30918e-05
1.9024e-06
7.09789e-08
6.26077e-05
6.69645e-05
6.52686e-05
0.000104501
3.08692e-05
6.82852e-06
7.42937e-05
3.67253e-05
0.000126428
0.000629453
0.000170544
9.66554e-05
6.39053e-06
4.4767e-05
1.73505e-05
5.74525e-05
7.42112e-05
0.000161855
4.57008e-05
1.19335e-05
5.95203e-05
4.87399e-05
0.000104268
9.18405e-05
2.92159e-05
3.55391e-06
6.46847e-06
3.326e-06
2.73071e-05
4.67756e-05
5.55658e-05
9.21612e-05
2.85196e-05
1.18924e-05
2.26413e-05
2.87866e-06
7.43363e-05
0.000128318
6.44445e-06
3.42506e-05
8.18437e-05
2.44227e-05
0.000157859
6.8215e-05
3.04461e-05
8.45491e-05
6.12477e-05
7.40571e-05
6.88154e-05
1.04456e-05
5.06451e-05
2.20831e-05
0.000113827
6.28655e-05
4.08576e-05
2.00908e-05
1.07636e-05
0.000162918
9.36897e-05
0.000159006
9.54282e-06
0.000159713
2.53689e-05
6.72469e-05
1.44842e-05
3.64296e-05
2.82519e-05
4.69208e-05
2.51117e-05
4.48756e-06
6.85949e-05
6.97434e-05
2.41123e-05
0.000151863
7.79503e-05
9.56438e-05
3.8956e-06
2.88602e-05
8.76785e-05
1.59414e-05
2.65846e-06
8.37971e-05
3.53439e-05
5.56505e-05
2.7219e-05
1.85759e-05
1.86275e-05
2.31555e-05
1.02611e-05
3.47408e-05
7.76692e-05
1.14331e-08
2.56598e-05
3.82842e-06
1.4996e-05
3.91024e-06
0.000126479
7.66612e-05
1.44449e-05
0.000192847
0.000130321
4.07081e-05
9.3486e-06
2.80861e-05
3.23736e-05
3.07774e-07
2.00438e-06
0.000181656
5.46655e-05
3.0128e-05
2.58966e-06
6.74979e-05
0.000294349
0.000202106
3.93708e-05
4.39349e-06
0.000107454
9.91341e-05
1.13133e-05
1.00305e-05
3.2801e-05
2.39003e-05
3.45488e-05
2.95382e-05
1.54854e-05
1.46487e-05
2.5712e-05
1.98809e-08
0.000130738
5.72403e-05
8.62767e-05
5.84394e-05
6.61907e-05
0.000106451
5.22674e-05
6.8293e-05
0.000161947
5.96976e-05
0.00013375
2.30973e-05
1.65864e-05
7.80427e-05
0.000144481
5.26135e-05
4.16443e-06
5.03253e-05
1.09799e-05
3.95768e-08
9.69414e-07
3.99034e-06
0.000149619
3.38446e-06
2.69081e-05
3.04204e-05
4.26232e-06
1.04223e-05
6.23055e-05
9.11587e-05
0.000139947
2.97221e-05
4.24906e-05
9.02142e-08
8.8691e-05
0.0002949
0.000765762
5.06469e-05
3.86462e-05
1.10791e-05
2.72094e-05
3.8586e-05
1.87089e-07
6.08041e-05
0.000109887
1.0207e-05
3.65362e-06
6.57507e-05
0.000114443
0.000151042
0.000111037
2.72854e-05
2.63089e-05
0.000116644
6.79111e-06
4.25013e-05
9.06511e-05
9.5424e-06
0.000131584
1.85077e-05
0.000105078
6.38807e-05
0.000146705
0.000173664
0.000130954
6.57542e-06
9.70161e-05
3.51283e-05
0.000146522
8.86972e-05
0.000590922
6.26002e-05
0.000105911
3.83768e-05
0.000110828
3.77917e-05
1.98101e-05
4.3389e-06
0.000187639
1.15662e-05
4.55429e-05
4.22999e-06
8.24746e-05
5.34844e-05
7.45158e-06
8.79912e-05
1.02705e-05
8.99666e-05
9.21716e-07
6.50374e-05
3.72322e-05
2.24389e-05
0.000134029
0.000119249
9.61678e-05
2.80231e-06
5.85819e-05
0.00136544
1.81948e-06
0.000135636
0.000513805
4.11499e-06
8.89078e-05
7.77661e-05
3.60987e-06
5.91117e-05
1.89436e-05
0.000100786
7.80768e-05
2.95799e-05
3.94094e-06
7.52155e-05
0.000125125
2.92189e-05
0.000104996
0.000104937
1.66165e-05
0.000144179
2.09978e-05
2.92149e-05
1.55205e-08
0.000121949
0.000131926
5.74591e-05
7.68176e-05
2.27842e-05
4.99919e-05
7.25747e-05
9.4023e-06
2.92784e-05
0.000132006
2.10528e-06
3.30616e-06
3.24174e-06
0.000176143
4.39175e-05
5.87051e-05
0.000123984
0.00012446
6.15089e-07
0.000151459
1.42303e-05
0.000148446
4.68797e-05
7.26839e-05
3.82678e-05
1.87459e-05
0.000177038
6.27147e-05
8.14705e-05
4.36065e-06
3.04816e-05
6.13287e-05
7.57748e-05
6.24295e-05
0.000164588
0.000141662
5.30541e-05
6.24714e-05
8.76491e-05
6.92563e-07
0.000140586
7.29003e-06
6.77597e-06
8.39426e-05
2.88629e-05
0.000114151
0.000137038
6.00984e-05
3.73145e-06
0.00010799
5.26197e-06
3.34113e-05
7.96414e-05
1.9571e-05
2.04247e-05
0.00195989
6.18969e-05
8.38565e-06
1.90977e-06
3.71464e-05
0.000112375
8.65963e-05
8.22832e-05
5.86451e-05
7.25812e-05
1.69649e-05
3.0761e-05
2.95246e-05
6.5274e-05
2.91169e-05
2.991e-05
6.61793e-05
0.000169682
0.000103855
5.32594e-05
2.87506e-05
0.000135115
2.37565e-06
1.28631e-05
2.40632e-06
0.000149676
0.000100691
5.85579e-06
7.98413e-06
0.000296312
3.9435e-05
6.94163e-06
1.88502e-05
2.65934e-05
0.00105086
4.99287e-05
0.000154796
7.32367e-05
5.0649e-05
7.79407e-05
3.76876e-05
2.2078e-06
6.28856e-05
0.000102531
2.64806e-05
1.84065e-05
0.000124602
8.34142e-06
0.000182706
1.34134e-05
4.65561e-05
3.81574e-05
3.67728e-05
1.84945e-05
4.19701e-06
2.91662e-05
1.79567e-05
0.000151606
1.09833e-05
2.22215e-05
6.84185e-05
1.64973e-05
1.86144e-06
1.59056e-05
8.27899e-05
1.88077e-05
2.55489e-05
6.94147e-05
7.47668e-05
0.000146798
3.83061e-05
2.06694e-05
0.000128548
1.18227e-07
0.000111817
1.33531e-05
9.12909e-05
6.21247e-05
9.65512e-05
0.000126258
2.25638e-05
8.48642e-06
2.74717e-05
6.23873e-05
6.69224e-05
4.08164e-05
2.83773e-05
2.89484e-05
4.90192e-05
4.02069e-06
3.08189e-05
1.40457e-05
4.22848e-06
0.000146997
5.90578e-05
5.79398e-06
7.83981e-06
2.08818e-06
2.75086e-05
2.71291e-06
6.12337e-05
9.50652e-05
2.38996e-05
7.13427e-05
2.50641e-05
0.000514024
0.000100603
3.41534e-06
5.91566e-06
4.02449e-05
2.00529e-06
5.15958e-05
4.72391e-05
2.36456e-05
5.70731e-06
0.000563649
3.77277e-05
0.000142011
0.000100164
0.000146732
0.000117349
3.81292e-05
2.09016e-05
4.48233e-05
9.57687e-07
0.000167025
2.55301e-06
5.21453e-05
0.000160562
4.89869e-05
5.22731e-06
0.000148406
2.83522e-05
5.36641e-05
2.64942e-05
0.000108552
0.000109051
2.58603e-06
1.52278e-05
4.63032e-06
1.21008e-05
2.80168e-06
5.1253e-06
9.24943e-05
6.87257e-05
0.000138092
6.27576e-05
2.60133e-05
4.5906e-05
5.88417e-05
2.35533e-05
0.000138829
0.00016847
2.52677e-05
0.000115051
7.31669e-05
7.33275e-05
7.63491e-05
2.58227e-05
9.04525e-05
4.36296e-05
4.55268e-05
2.97564e-05
8.15964e-05
7.43534e-05
1.03176e-05
2.34177e-05
1.5858e-05
2.44872e-05
0.000100007
0.000111367
0.00016696
2.14448e-06
1.74252e-05
0.000677013
1.39177e-07
2.62065e-05
9.23378e-05
8.67026e-06
0.000102704
2.86228e-05
0.000130332
3.78557e-05
5.43478e-05
0.000119721
0.000103287
9.33633e-06
1.75719e-05
3.04021e-05
0.000132266
2.22629e-05
6.61243e-06
2.04161e-05
8.5086e-05
0.000155691
7.36044e-05
3.65752e-06
0.000108986
2.50057e-05
2.70543e-05
1.27288e-06
1.94414e-05
4.33707e-05
2.90187e-05
0.00445642
8.67038e-05
3.99447e-05
0.000141376
9.14688e-05
5.11664e-05
2.36184e-05
5.42346e-05
3.1704e-05
0.000120605
0.000138717
6.28805e-07
0.000123934
4.6349e-06
2.12702e-05
0.00181378
9.63034e-05
2.76036e-06
1.38346e-05
1.01421e-05
3.02128e-05
0.000140748
2.28895e-05
1.46583e-05
2.02867e-05
5.69415e-06
1.3409e-05
6.66841e-06
4.14021e-06
2.80987e-08
2.2005e-06
5.08615e-05
4.82375e-05
4.10174e-06
4.57526e-05
9.2409e-05
1.3117e-05
0.000150248
5.06003e-05
2.87657e-05
0.000116031
3.03833e-05
2.66411e-05
0.000145887
8.92115e-05
1.68116e-05
4.73631e-05
4.38869e-05
4.07729e-06
4.35744e-06
3.04812e-05
8.2254e-05
1.09584e-05
0.000539415
6.38752e-06
9.5009e-05
0.000134468
0.000102582
6.92345e-05
2.06356e-05
5.06384e-05
4.39767e-06
3.39369e-05
0.000166312
3.23195e-05
4.74779e-05
3.10418e-06
2.94861e-05
0.000914405
0.00014575
7.30521e-06
0.000110674
5.50243e-05
0.000109884
1.47536e-07
0.000123803
3.26209e-05
1.91756e-05
0.000133416
0.000138631
0.000152494
2.67682e-05
0.000145196
3.04526e-05
9.85781e-05
7.99755e-05
4.13961e-05
5.5236e-06
0.000124392
7.0377e-06
0.000105188
2.58092e-05
3.78056e-05
2.01055e-05
4.78151e-05
2.29022e-05
8.77715e-05
0.000165779
4.01657e-06
2.2317e-05
0.000270021
4.36222e-06
7.58661e-05
1.33768e-05
7.01894e-05
0.000122903
0.000111041
8.67962e-05
0.000139302
2.0593e-05
4.1489e-06
0.000398592
5.28504e-05
0.000161612
0.000146714
0.000153351
1.34815e-05
6.29879e-05
6.98855e-05
3.60102e-06
4.44408e-05
4.46868e-05
9.15821e-05
2.87461e-05
6.03568e-05
0.000107985
4.83646e-05
1.54375e-05
7.66642e-05
0.000149513
9.85177e-05
6.97152e-05
2.55507e-06
2.72698e-05
3.37815e-05
2.47959e-05
2.44822e-06
7.83347e-05
5.26195e-05
8.01533e-05
4.05329e-05
6.39344e-05
4.35337e-06
9.6696e-05
4.66554e-06
7.56283e-06
5.72059e-05
0.000128014
0.000367542
3.90693e-06
1.58231e-05
3.65635e-06
4.81882e-06
1.9875e-05
5.83665e-05
0.000178478
2.7158e-05
3.69366e-05
6.32325e-05
6.12172e-05
5.02786e-06
2.94576e-05
0.000112889
8.94871e-06
6.13413e-05
1.7297e-05
7.74999e-05
6.49973e-05
0.000118755
1.07016e-07
3.99651e-05
6.63252e-05
0.000100441
1.57e-07
0.000908824
9.54102e-05
8.13913e-05
2.43958e-05
4.85867e-05
5.77194e-05
5.19268e-05
7.30036e-06
0.000132005
0.000138385
3.3957e-06
9.43236e-06
6.24104e-05
6.35926e-06
3.85347e-06
1.4099e-05
0.000485198
9.14835e-05
0.000157836
3.21058e-05
2.05151e-05
3.24956e-05
9.89388e-05
3.01809e-05
7.41683e-05
6.80468e-05
8.86423e-05
4.24302e-06
8.78494e-05
3.92508e-05
6.25955e-06
0.00110588
0.000187676
0.000177219
2.53705e-06
9.5427e-05
8.27072e-08
2.47697e-06
4.87682e-05
6.64288e-05
5.11355e-05
8.8941e-05
3.55374e-05
8.16605e-06
1.91345e-05
0.000135381
1.35691e-05
2.50491e-06
1.78734e-06
2.27843e-05
0.000111726
6.65646e-06
0.000156372
0.000130374
8.68232e-05
0.000125171
2.85748e-05
2.71113e-05
6.33695e-05
0.000123354
0.000326809
1.02399e-05
1.55672e-05
3.55808e-06
6.86355e-06
4.0381e-05
3.00055e-05
0.000181829
3.26995e-05
0.00011253
1.72211e-07
6.9563e-06
5.62784e-06
0.000176826
8.72012e-05
1.68556e-05
7.75594e-05
0.000158217
1.43469e-05
6.24171e-05
8.74252e-05
0.000110486
4.92383e-06
4.24167e-05
5.47898e-05
4.34429e-06
2.03111e-05
5.71726e-05
1.34992e-05
0.000104508
0.000470608
4.49263e-05
5.979e-05
2.18247e-05
6.70816e-05
2.73315e-06
3.83483e-05
2.61224e-05
0.000137566
0.000109006
3.28548e-06
3.44693e-05
4.61768e-06
0.0008929
9.94615e-05
2.83989e-05
0.00012951
7.53227e-05
9.23845e-06
2.9991e-05
0.000261013
5.0128e-06
6.64439e-05
6.07355e-05
0.000147364
2.54249e-05
1.59306e-05
1.61358e-05
1.05564e-05
0.000398915
7.83645e-05
0.000107717
4.56541e-05
8.56523e-05
0.00120753
1.39985e-05
0.000104783
2.39435e-05
1.20424e-05
5.21077e-05
3.15135e-05
2.044e-05
6.13537e-05
3.61223e-05
3.17614e-05
0.000107249
1.17754e-07
0.000241127
2.63609e-05
7.48195e-05
2.74503e-05
2.44112e-05
3.76111e-05
1.81811e-06
0.000143293
9.81405e-05
0.000137772
4.0967e-06
0.000823027
5.59013e-05
0.00014875
1.39578e-05
4.07046e-05
0.00015083
1.28684e-05
0.000132212
3.23746e-05
9.7126e-05
0.000158921
3.60556e-05
0.000145743
3.39692e-05
7.84596e-06
7.62143e-05
0.00011202
3.09519e-06
4.66045e-05
5.71514e-05
0.000100293
3.15043e-05
5.73501e-05
1.8482e-05
8.63358e-05
2.0204e-05
5.14233e-05
2.46783e-05
0.000122885
0.000109151
3.23571e-05
6.80917e-06
0.00014486
6.86409e-05
5.12171e-05
0.00014868
9.19714e-05
5.74431e-06
2.98123e-05
0.000435221
8.53086e-05
0.000102628
0.000372865
8.16521e-05
3.96703e-06
5.08651e-05
2.66641e-05
1.4237e-05
1.63004e-05
6.87708e-05
0.000113121
5.15954e-05
3.72734e-06
5.15847e-05
7.09411e-05
3.83739e-05
7.37418e-05
7.54918e-05
0.000151589
0.000112916
1.28833e-05
0.000106193
8.87811e-05
2.34912e-05
5.16729e-05
7.82331e-05
0.000144488
8.42007e-05
0.000161718
0.000105803
3.51109e-05
7.70027e-05
2.80307e-05
0.000105247
1.57121e-05
2.49466e-07
0.00046735
3.52959e-06
6.95596e-05
0.000197938
0.000145155
4.78991e-05
5.15292e-05
0.000146239
0.000221707
8.27308e-05
0.000113968
1.96929e-05
1.4195e-05
1.74333e-05
4.77415e-05
0.00024809
6.43308e-05
3.62641e-06
1.80784e-05
7.06499e-05
3.63648e-05
2.78673e-05
7.06324e-05
8.40163e-05
0.0012541
1.41161e-05
6.34201e-06
1.09786e-05
4.2919e-05
6.23896e-05
6.64977e-05
0.000111187
4.23413e-06
2.6187e-05
4.38284e-05
4.44231e-05
2.69126e-06
1.11045e-05
6.93748e-05
8.44783e-05
2.55254e-05
5.1865e-05
3.58054e-06
0.000131741
0.000164126
0.000113347
8.30979e-05
5.11542e-05
2.95878e-05
1.64078e-05
3.25956e-05
4.73262e-05
3.74855e-06
3.03546e-05
0.000122385
0.000131339
3.54006e-06
0.000123504
5.04606e-06
0.00015019
0.000163269
0.000785266
6.73031e-06
6.92201e-05
6.50159e-05
0.000169147
0.0001133
6.4119e-05
5.09266e-05
0.00057184
6.35003e-05
5.29742e-05
4.45321e-05
3.19404e-06
5.94613e-05
0.000122413
3.47289e-05
1.31648e-06
6.31355e-05
9.01631e-05
1.81824e-05
2.27109e-05
0.000148602
5.57233e-05
2.51915e-05
3.22485e-05
0.000234843
0.000112866
3.20923e-05
0.000120778
1.84034e-05
5.44615e-05
4.58205e-05
0.000135093
5.16059e-05
1.22495e-05
2.18897e-05
8.28841e-05
0.000116191
2.429e-06
9.85011e-05
4.00027e-05
0.000162301
0.000137775
6.84047e-06
2.43797e-05
0.000102967
5.44773e-05
1.16814e-05
1.26447e-05
3.89069e-06
9.79273e-05
2.63702e-06
1.19821e-05
0.000121533
3.78259e-05
2.77073e-05
6.29405e-05
4.10637e-06
3.55803e-05
5.59607e-05
0.000111396
9.40725e-05
7.56565e-05
0.000145183
2.12216e-05
0.000114384
8.5936e-05
1.25978e-05
4.08531e-05
0.000890722
8.90817e-06
3.06642e-05
4.68418e-05
7.94475e-05
9.39134e-05
8.22979e-05
4.55891e-05
4.00657e-05
6.58768e-05
5.79584e-06
0.00011059
8.80665e-05
0.00049703
0.000244508
2.73656e-05
5.0125e-05
9.00294e-05
3.04623e-06
2.06246e-05
2.749e-05
0.000110087
9.19458e-05
1.09663e-05
3.05772e-05
1.48737e-06
5.8129e-05
5.94308e-06
8.06591e-05
7.98681e-06
0.000163028
1.55711e-05
2.15986e-06
3.22676e-05
1.86622e-05
7.57415e-05
3.22431e-05
4.75196e-05
0.000122212
1.8709e-07
4.74704e-05
4.06108e-05
4.96008e-05
0.000163473
8.36721e-05
0.000100927
5.50109e-06
8.65776e-05
8.04862e-05
2.61423e-05
7.58801e-05
2.79487e-05
7.27128e-06
7.07885e-05
5.51105e-06
2.54797e-06
2.46009e-06
0.000141273
0.000882991
4.78042e-06
2.54587e-05
4.27312e-05
0.000161028
1.12968e-05
0.000102472
5.77114e-05
6.1363e-06
1.71306e-06
5.91608e-05
2.68123e-06
0.000116653
0.000137021
1.91963e-05
4.03354e-05
9.78588e-05
9.75095e-05
8.17798e-05
8.15064e-06
1.22818e-05
5.15905e-05
7.74704e-06
6.5542e-05
7.6249e-05
1.92591e-05
7.65804e-05
0.000148494
6.58699e-05
1.89203e-05
5.22771e-05
2.06529e-05
0.000151837
0.000153734
8.5316e-05
5.91594e-05
0.000140225
0.000746778
4.86608e-05
5.50231e-05
0.000524576
0.000153053
6.17694e-06
2.76021e-06
2.71877e-05
0.00124152
9.28109e-05
4.30442e-05
0.000101104
0.000104259
7.0769e-05
4.65469e-06
3.17798e-05
1.61039e-05
4.94368e-06
2.47925e-06
5.9948e-05
8.10069e-05
0.000103217
0.000172066
8.44506e-05
5.12738e-07
0.000146352
7.34943e-05
6.55499e-05
0.00017923
1.90511e-05
2.45522e-05
4.35924e-05
4.03822e-05
7.5901e-05
4.1909e-05
3.93204e-06
0.000100882
1.11939e-05
2.12239e-05
7.96066e-05
4.68231e-05
2.92784e-05
6.55588e-05
5.3138e-05
3.85771e-05
9.36596e-05
7.52743e-05
5.93024e-05
3.01253e-05
2.57981e-05
6.63802e-05
0.000126248
2.14785e-05
8.71052e-05
2.55989e-06
1.41909e-05
2.48043e-05
7.40678e-05
0.00015089
4.21592e-06
0.000149327
9.99303e-06
0.000155787
1.96614e-05
8.79825e-06
0.000126122
3.09825e-05
6.68434e-06
6.71762e-05
0.000183388
0.000104284
2.12929e-05
0.000135782
0.000109575
8.36234e-05
7.24856e-05
8.25171e-05
5.23043e-05
5.8127e-05
5.79997e-05
9.11354e-05
0.000112215
7.90527e-05
4.27553e-05
0.000137967
6.36134e-05
2.36187e-05
3.55306e-05
0.000176864
4.28684e-05
0.000136629
1.73757e-05
8.69717e-06
3.0779e-05
4.02337e-05
3.67507e-05
1.22559e-05
9.74878e-05
0.000107194
5.51164e-05
4.51832e-05
1.58308e-05
5.18028e-06
0.000131772
6.6566e-06
5.34842e-07
3.19276e-05
2.85708e-05
1.14877e-05
2.06266e-05
4.81719e-05
2.4845e-05
6.12867e-05
5.24483e-05
7.03949e-05
1.40747e-05
0.000148216
6.02252e-05
1.84387e-05
6.93877e-06
4.03215e-05
0.000179732
2.87216e-06
0.000115178
4.24739e-05
0.000165287
5.77193e-05
2.92891e-05
3.45133e-05
7.17333e-05
7.45654e-05
6.53881e-06
7.88998e-06
7.59281e-05
6.4631e-05
4.88465e-05
3.16287e-05
1.57299e-05
8.4104e-05
7.09307e-05
2.34301e-05
2.77994e-05
9.37694e-05
5.76444e-05
5.91386e-05
3.92513e-06
1.37686e-05
0.000109364
4.63883e-06
6.3906e-05
8.44314e-06
7.77522e-06
6.42448e-06
6.64006e-05
0.000143145
0.000108629
0.000116992
4.16595e-05
1.84231e-05
5.84869e-05
7.23707e-06
3.25678e-05
5.66473e-05
8.99795e-06
2.66614e-06
9.20025e-05
7.22393e-07
3.04727e-05
9.50753e-05
7.35737e-05
8.34897e-06
0.000144764
0.000147397
0.000176915
1.38244e-05
1.1912e-06
3.41553e-05
0.000103626
3.26916e-05
1.29776e-05
0.000103481
0.000100422
4.26476e-05
0.000137621
0.000967011
6.30426e-05
5.4242e-05
1.34013e-05
1.08191e-05
4.98486e-06
3.92464e-06
6.61554e-05
2.30951e-05
4.10981e-05
0.000143031
0.000686533
2.03239e-05
1.98837e-05
9.65985e-05
3.55779e-05
2.75997e-05
0.000379161
3.02965e-05
2.79063e-05
5.66553e-05
0.0001365
5.78741e-05
0.00013787
0.000195526
0.000116024
5.61688e-05
5.98789e-05
4.49485e-06
2.37618e-05
2.93331e-05
0.000105729
9.49537e-05
4.73214e-05
0.000129389
4.68525e-05
0.000166122
9.56224e-05
6.29209e-05
0.000125487
4.2322e-05
1.1214e-05
9.98857e-05
9.00368e-05
5.54654e-05
5.93541e-05
5.93603e-05
5.582e-05
7.23048e-05
9.15721e-05
0.000100125
0.000150418
0.00014808
0.000107508
4.25052e-06
2.22906e-05
2.81144e-05
0.000129734
6.16646e-05
5.95261e-05
6.24344e-06
6.70265e-05
5.30591e-06
0.000147767
9.00283e-05
0.000124487
1.80274e-05
3.73358e-05
0.00014324
0.000142113
5.74783e-05
1.00211e-05
0.000134775
4.48182e-05
9.65549e-05
6.52321e-06
0.000158865
0.00010328
2.46437e-05
2.44494e-05
0.000138898
0.000162187
1.36096e-05
0.00012964
8.77683e-06
6.57427e-06
0.000161268
2.60899e-05
1.69239e-05
0.000145559
7.17598e-05
2.66648e-05
0.000174719
0.000127772
1.55074e-05
4.31506e-05
2.50208e-06
4.68314e-06
8.39181e-05
4.08231e-05
0.000130583
5.16587e-05
9.64357e-05
9.63712e-05
8.80464e-06
6.85268e-05
2.3862e-05
0.000149062
2.88461e-05
6.18873e-05
2.09902e-05
0.000132753
6.23796e-05
0.000160956
5.96754e-05
5.78241e-05
8.0174e-05
1.55381e-06
7.01615e-05
3.18615e-06
7.10996e-06
0.000192448
0.000102924
0.000112443
5.65331e-06
4.22593e-06
8.79073e-05
6.77841e-06
3.83451e-05
4.86292e-06
9.81127e-05
0.000104358
7.60066e-05
2.16477e-05
4.14897e-06
7.76359e-05
4.17162e-06
4.83502e-05
0.000109276
8.28882e-05
0.000115294
0.000169961
2.01791e-05
0.000113968
8.76603e-06
4.47484e-05
7.088e-05
5.75368e-05
6.64193e-06
1.1915e-05
6.71343e-05
2.86837e-05
0.000969377
5.69666e-05
0.000105708
4.96168e-05
4.63171e-05
5.60925e-05
7.70408e-05
0.000116926
1.52034e-05
2.8298e-05
0.00011387
7.02453e-05
0.000113952
6.8186e-05
8.9689e-05
7.33436e-05
7.64526e-05
0.000145092
6.96234e-06
0.000124424
1.86115e-05
3.91089e-05
2.62029e-05
6.19042e-05
4.33413e-05
0.0001779
7.3851e-05
1.22108e-06
4.93606e-05
1.40708e-06
1.55217e-05
0.000142545
6.23024e-06
0.000143833
9.55434e-05
3.05072e-05
0.000123205
0.000136567
0.000133662
5.98952e-05
0.000181573
2.99125e-05
2.42844e-05
0.000115186
0.000169516
8.77696e-05
9.69658e-05
0.000133683
5.2808e-06
9.64939e-05
7.35564e-05
0.000438999
5.96688e-05
3.49336e-06
9.08834e-06
0.000168223
5.14904e-05
4.83478e-05
6.79509e-05
4.14886e-06
1.67695e-05
7.82556e-05
2.91287e-05
3.11754e-06
6.27879e-05
5.32748e-05
3.89483e-05
3.53124e-05
0.000106068
4.25846e-05
0.00016723
0.000125634
8.7978e-05
0.00012726
9.84552e-05
7.39749e-05
1.36132e-06
7.65593e-05
0.000116534
9.86366e-05
0.000103306
6.64841e-05
2.24161e-05
0.00015122
5.93531e-05
0.000163345
2.99213e-05
6.6107e-05
3.0272e-05
6.29725e-05
1.69158e-05
0.000111125
3.25827e-05
0.000149113
3.98852e-06
4.03312e-05
5.19003e-05
9.76677e-05
6.46144e-06
0.000846108
2.22779e-05
6.41617e-06
2.14388e-05
4.42277e-05
0.000148336
4.68741e-05
0.000971249
1.91608e-06
5.07918e-05
5.30263e-05
2.66171e-05
1.79374e-05
0.000692058
4.17895e-05
9.22636e-08
0.00012942
0.000123216
7.34257e-05
0.00017974
5.70603e-05
9.22112e-05
5.94004e-05
0.000146216
0.000192317
3.5636e-05
0.000557303
3.23908e-06
2.5281e-05
4.68155e-05
2.88682e-05
0.00011229
4.90909e-06
6.73553e-06
0.0012565
5.55386e-05
0.000223104
2.66637e-05
1.33474e-05
6.96819e-05
8.19935e-05
0.000143466
5.3861e-05
1.95375e-06
0.00012253
2.34146e-05
0.000128749
0.000119966
4.39125e-06
5.54079e-06
9.46077e-05
2.59442e-06
6.08478e-05
3.10702e-05
0.000102384
0.000104075
3.15275e-06
0.000110567
1.30681e-06
0.000158267
9.35489e-05
6.58426e-06
0.000128204
2.74579e-05
6.80653e-05
5.5954e-06
6.23848e-05
8.15865e-05
7.64962e-06
9.12682e-08
3.7941e-07
9.48564e-06
6.78843e-05
5.69177e-05
2.27414e-05
4.88466e-06
0.000576865
6.51206e-06
8.04366e-06
0.000108603
7.29555e-05
0.000113316
2.87173e-06
5.14239e-05
0.00010798
0.000138935
3.16654e-05
3.67327e-05
6.66255e-05
9.93679e-05
2.96536e-06
7.45442e-05
0.000239768
3.01105e-05
0.000118835
8.05155e-05
5.62013e-05
4.04293e-06
0.000185616
8.31227e-05
1.92841e-05
7.24361e-05
0.000144531
8.77897e-05
0.000112132
0.000103114
0.000116956
0.000102863
4.29564e-05
8.06273e-05
0.000116125
0.000165585
5.41022e-06
1.73937e-07
0.000113226
7.06016e-05
0.000103236
5.83869e-05
0.000134223
1.08932e-06
2.52619e-05
0.000143725
6.18112e-05
5.40802e-05
2.56199e-05
2.27837e-05
0.000608855
2.91826e-05
0.000142638
0.000164045
1.92048e-06
2.94245e-06
4.97427e-05
0.000224849
3.51031e-05
0.000113878
6.3245e-06
1.71298e-06
1.14261e-07
6.92528e-05
8.26804e-05
0.000134237
3.02106e-05
1.76783e-05
4.89404e-06
0.000245049
7.54457e-05
8.65311e-07
2.97051e-05
2.10611e-05
5.0409e-06
3.02232e-05
7.99889e-05
5.95489e-05
5.88241e-05
0.000130525
4.5757e-05
3.34078e-05
4.0699e-05
2.02889e-06
4.85977e-05
8.00666e-05
3.19827e-05
5.71038e-05
2.70481e-05
1.0599e-05
2.26149e-05
2.30613e-05
0.000589283
3.84388e-05
0.000115217
8.25091e-05
2.71849e-05
2.19859e-06
0.000163511
6.37545e-05
9.3635e-05
0.000149907
2.08152e-05
7.36116e-06
0.000110688
9.71057e-05
0.000297937
2.43121e-05
0.000463072
4.02363e-05
0.00125212
2.72133e-05
0.00131415
3.05992e-05
1.22446e-06
7.8531e-05
4.28759e-05
2.89947e-05
3.68853e-05
8.99732e-05
0.000213818
3.7043e-05
0.00010305
0.000102655
4.35514e-05
0.000113995
8.70167e-05
7.94835e-05
2.94686e-06
3.97088e-05
1.37952e-06
0.000164054
7.61382e-05
0.000111732
7.29602e-05
6.54084e-05
0.000138418
7.25264e-05
0.000103388
5.94139e-06
6.94297e-05
2.45824e-05
6.13795e-06
4.87416e-06
1.83418e-05
8.42956e-05
7.18973e-05
5.23208e-06
9.01467e-05
5.67782e-05
6.23036e-06
0.000147802
0.000145676
9.77015e-05
6.47934e-06
4.87208e-05
5.46862e-05
0.000144148
7.635e-06
7.59804e-07
6.42035e-06
5.61439e-05
2.16916e-06
0.000188503
0.000870006
2.35021e-05
5.69249e-05
6.21692e-05
5.5589e-05
7.88243e-05
7.88346e-05
0.000100394
8.96449e-05
1.38874e-05
1.53184e-05
2.00582e-06
3.45519e-06
0.000117733
0.000125735
1.77779e-05
4.26492e-05
0.000471289
4.1642e-05
1.84633e-05
6.62875e-05
9.16049e-05
4.37662e-06
6.26337e-05
1.36678e-05
1.31112e-06
0.000103907
2.64469e-05
2.84834e-05
1.11205e-05
3.33192e-05
3.18626e-05
4.62279e-05
5.19478e-05
2.25669e-05
3.1619e-05
4.32737e-05
4.8105e-05
0.000102102
0.000515995
7.59505e-05
0.000141339
8.44048e-05
3.76911e-05
7.55515e-05
4.7664e-07
6.15624e-05
1.34491e-05
7.58105e-05
5.84149e-05
2.98708e-05
4.29351e-05
0.00010878
0.000132464
6.34883e-05
1.88527e-05
7.12162e-05
6.34153e-05
7.36117e-05
2.36245e-05
3.77315e-05
6.78913e-06
0.000111608
5.777e-06
0.000108648
7.85292e-05
0.00011705
9.16127e-06
7.27925e-06
9.16413e-05
1.40676e-05
6.28027e-05
1.46234e-05
5.75678e-05
0.000101238
7.14212e-05
6.14939e-05
0.000120552
5.1862e-05
5.5651e-05
3.32902e-05
7.43697e-05
6.97924e-05
0.000152528
6.16594e-05
4.93802e-05
3.52625e-06
0.000107053
0.00132249
8.14359e-05
6.40806e-06
3.5133e-06
7.28395e-05
0.000154296
4.66859e-06
3.51977e-05
2.62497e-05
3.91409e-06
1.26699e-05
0.00015096
2.53438e-06
3.44614e-05
5.15095e-05
2.72679e-05
5.73229e-05
0.000178619
6.48917e-05
0.000148753
7.43423e-05
9.1513e-05
4.96065e-05
0.00805702
4.5477e-06
1.53991e-05
2.83158e-05
0.000104932
2.9849e-05
7.63205e-05
4.69004e-05
6.34401e-05
6.77024e-05
4.27246e-06
2.33651e-06
7.37813e-05
3.24332e-05
2.44091e-05
2.45082e-05
2.00124e-05
8.90617e-05
9.15639e-05
1.38489e-05
3.4311e-05
6.78232e-06
2.203e-05
0.000103782
6.93719e-05
8.23476e-05
6.8916e-06
0.000117308
8.47839e-05
3.73831e-06
7.68821e-05
6.72906e-05
0.000155628
7.58203e-05
2.18711e-05
6.96213e-05
6.40275e-05
3.48783e-06
6.51534e-06
2.73208e-05
6.75182e-05
5.33968e-06
0.000117623
5.90329e-05
1.93718e-06
8.41114e-06
3.48392e-06
6.30292e-05
4.49016e-05
2.60461e-05
2.37121e-05
8.58027e-06
2.87617e-06
2.52672e-05
3.65719e-06
0.000549389
7.66441e-05
8.46212e-06
3.23623e-05
0.000119247
2.00544e-05
6.97409e-05
1.70074e-05
7.3112e-05
1.61787e-05
0.000751881
4.43849e-05
2.94571e-05
0.000101627
2.24443e-05
7.43344e-05
5.95017e-05
5.1125e-05
0.000460538
3.30743e-05
6.56971e-05
0.000165759
0.000160815
4.76636e-05
1.23464e-05
2.17128e-06
4.40164e-05
2.0275e-05
0.00010952
0.000167641
0.000129024
3.81288e-05
6.18973e-05
4.23137e-06
0.000139062
1.23492e-06
4.36951e-05
0.000176482
8.45139e-05
4.80245e-06
0.000105397
1.33176e-05
0.000117361
0.000127305
1.76921e-05
0.000103655
0.00138983
1.09732e-05
7.694e-05
0.000107422
3.91427e-05
6.5967e-05
6.56989e-06
7.76571e-05
0.000170455
0.000123282
0.000123013
4.47917e-05
2.09075e-05
5.81816e-05
7.33718e-05
3.68436e-05
5.44825e-05
1.07648e-05
9.32806e-05
0.000575286
1.96159e-05
3.03588e-05
0.000177433
3.26011e-06
0.000146503
1.52264e-05
0.00012856
7.04265e-06
0.000154836
6.02236e-05
5.35392e-05
4.78193e-05
2.1414e-05
4.9671e-05
4.73068e-05
3.23741e-05
1.44427e-05
3.16491e-05
2.04948e-05
8.78094e-05
4.0215e-05
0.000127158
6.53291e-05
5.90769e-05
3.68038e-06
0.000115343
0.000108305
7.2144e-05
2.87506e-05
2.80122e-05
2.05219e-05
8.26329e-06
4.33295e-05
0.000238759
2.92298e-05
5.10027e-06
0.000146734
0.000183298
0.000182504
0.000122582
8.68604e-05
6.06454e-05
3.60069e-05
8.21724e-06
4.32477e-05
3.02347e-05
1.99158e-05
3.26504e-05
0.000188453
8.83721e-07
0.000759305
7.29906e-05
4.77696e-05
6.71552e-05
7.2549e-05
3.44706e-06
2.98846e-05
9.31362e-06
3.08391e-05
0.00012611
3.3307e-05
0.000100575
7.08479e-05
2.98344e-05
0.000199117
2.55589e-05
3.04036e-06
4.02905e-06
8.0644e-05
1.09169e-05
1.35118e-05
1.64326e-06
3.93889e-06
0.000141765
3.27873e-05
1.86503e-05
0.000427904
4.48006e-06
3.86156e-05
4.56319e-06
8.41701e-05
0.00011514
2.48126e-05
9.62079e-06
3.22077e-05
7.78203e-05
3.59764e-05
3.89543e-05
5.00835e-05
5.92824e-05
4.89592e-06
4.24346e-06
5.33117e-05
3.63303e-05
1.9385e-05
6.58939e-05
1.50555e-05
6.18353e-05
2.36153e-06
6.80623e-05
9.11217e-05
5.16762e-06
3.95069e-05
2.40185e-05
3.98962e-06
4.91733e-05
7.00422e-05
0.000191704
8.51815e-05
6.03872e-05
4.21103e-05
0.000140188
0.000118452
3.79651e-05
0.000124526
0.000146664
7.16187e-05
4.6387e-05
6.73921e-05
0.000113235
0.00014465
3.80458e-05
3.24016e-05
0.000142298
3.48717e-05
3.35407e-06
4.4062e-05
1.351e-05
0.000184559
2.75526e-05
4.16718e-05
0.000167488
4.77786e-06
2.59228e-05
9.40448e-05
5.30101e-05
4.50533e-05
6.98207e-05
8.42762e-05
0.000136819
0.00016635
5.2298e-05
0.000113442
0.000116671
7.02141e-05
0.000104715
0.000134747
9.47158e-05
6.47546e-06
3.90568e-05
0.00010601
2.86794e-05
9.74491e-06
9.20394e-05
0.000100072
4.09316e-05
3.41161e-06
8.00432e-05
2.32684e-05
3.12927e-05
9.91477e-05
8.64871e-05
0.000131206
0.00174384
4.41746e-05
2.83363e-05
2.8486e-05
4.54333e-06
0.00111625
5.16722e-06
1.70695e-05
4.00198e-06
9.26233e-05
5.29256e-05
1.69421e-05
0.000149594
2.55528e-05
0.000163481
2.59084e-05
0.000128377
2.31055e-05
8.93315e-05
3.55956e-05
7.41293e-05
0.000159107
6.41122e-05
6.21944e-05
0.000136222
4.73252e-05
2.62484e-05
0.000129875
5.15654e-05
3.94275e-06
2.48702e-05
0.000100485
4.6049e-05
1.72486e-05
7.69079e-05
0.00011471
3.76983e-05
2.6551e-05
0.000141156
9.9802e-05
1.54698e-06
0.000614021
6.26062e-06
6.60277e-05
2.71854e-05
4.23872e-05
6.94782e-05
6.75746e-05
1.0196e-05
2.38614e-05
9.82046e-05
4.50565e-05
6.36018e-05
5.36296e-06
1.33567e-05
2.30023e-05
0.000119506
4.59852e-06
6.86242e-06
0.000379804
1.52337e-05
5.52453e-05
9.37417e-05
5.08245e-05
4.9805e-05
4.05703e-05
0.00104017
9.30536e-05
8.31709e-05
4.49813e-05
2.52866e-05
3.34401e-06
0.000164551
2.30387e-05
5.52682e-06
0.0001662
5.31448e-05
0.000121888
2.02963e-05
9.43064e-05
2.5879e-05
4.11247e-05
5.85376e-05
2.32774e-05
0.000130843
0.000263562
3.30719e-05
6.35029e-06
3.54879e-05
4.33432e-06
6.01493e-06
9.49866e-05
7.67795e-05
2.91786e-05
0.000219969
0.000103342
5.63257e-05
4.75496e-05
2.36617e-05
0.000131035
0.000103126
4.24149e-06
3.57454e-05
6.57266e-05
4.2458e-05
4.33847e-05
1.4706e-05
3.08779e-05
1.23224e-06
0.000220274
3.02923e-06
0.000123962
3.38322e-05
7.03428e-05
6.93688e-05
4.17698e-05
3.06412e-05
6.20686e-05
4.72697e-05
7.20027e-05
0.000141965
6.38113e-05
9.48839e-05
2.59157e-05
1.22281e-05
9.53783e-05
4.22072e-05
6.0759e-07
0.000137744
2.11104e-06
3.22786e-06
0.000103034
0.000422533
6.03403e-06
7.61028e-06
0.000156962
9.03595e-05
1.98684e-05
2.91759e-05
0.000117164
4.31898e-05
3.01046e-05
1.9415e-05
9.36456e-05
5.12615e-05
0.000136592
3.33681e-05
0.000397931
2.66071e-05
4.9099e-06
0.00046457
8.96218e-05
2.91989e-05
4.57851e-05
0.000130153
4.31987e-05
6.35591e-05
0.000106187
0.00147995
2.91864e-05
2.62921e-05
0.000618298
2.67033e-06
0.00014499
2.27969e-05
0.000674652
8.96679e-07
1.80123e-05
0.00113374
2.25506e-05
0.000109144
1.51615e-05
0.000696555
3.21389e-05
4.2558e-05
4.74883e-05
0.000142961
0.000965277
0.000150457
1.36399e-05
2.76484e-05
7.70153e-06
8.56616e-07
1.32099e-05
3.69708e-05
5.86361e-06
4.51836e-05
0.000166165
3.96957e-06
1.6018e-05
0.000171102
3.01495e-05
9.39706e-06
2.10789e-05
2.72367e-05
0.00143969
7.72933e-05
6.84585e-06
0.000130867
2.87027e-05
1.71074e-05
8.30997e-05
8.02942e-05
0.000135453
4.17366e-05
8.87225e-05
4.88663e-05
0.000131784
4.93907e-06
0.000118495
5.92107e-05
0.000136639
9.8195e-05
6.15247e-06
8.16636e-05
3.08983e-06
0.000132386
0.000138448
0.000108681
4.28386e-05
0.000101521
2.75672e-05
1.02293e-05
1.16498e-06
8.58923e-06
7.14666e-05
7.22314e-05
3.43745e-05
0.000129419
4.61766e-06
2.23325e-06
6.23604e-05
4.26675e-06
6.70011e-05
2.31625e-05
0.000170832
2.50839e-05
3.42742e-06
0.000142081
6.40027e-05
3.15846e-05
7.75545e-05
0.000255238
0.000126304
4.23427e-05
3.49821e-06
3.67216e-06
4.89955e-05
3.5259e-05
2.63364e-05
0.000139379
0.000104148
0.000176184
5.07798e-05
0.000122934
9.74195e-06
6.26679e-05
3.41723e-06
5.37718e-05
0.000176277
1.19291e-05
0.000118323
0.000592476
8.57359e-05
5.85132e-05
6.85539e-05
6.01427e-05
4.03396e-05
2.28283e-05
3.58395e-05
4.6773e-06
0.00114183
6.50482e-05
1.3469e-05
8.16683e-05
1.72773e-05
0.000175347
2.56693e-05
0.000177998
5.75105e-05
0.000166211
7.77682e-05
5.45608e-06
9.91532e-05
2.45471e-05
0.000262466
3.30281e-07
2.90013e-05
3.11538e-05
4.27759e-05
7.21113e-05
3.76773e-05
7.49328e-05
7.77123e-06
9.91694e-05
5.99461e-06
0.000205241
5.95284e-05
0.000135693
1.62329e-06
1.84431e-05
9.54414e-05
0.000809269
1.57695e-05
5.29155e-07
1.88281e-05
4.64442e-05
3.02778e-05
1.9627e-05
5.76603e-05
0.0014405
0.000141948
7.78115e-05
0.000539458
6.20939e-05
0.00014862
3.77272e-05
0.000519625
0.000112396
3.65882e-05
9.17902e-05
3.20721e-05
5.34721e-05
0.000113884
7.1139e-05
1.14718e-05
6.34389e-06
2.91964e-05
0.000131339
0.000141114
8.81656e-05
0.000145541
3.83754e-05
7.15847e-05
6.18525e-06
5.30475e-05
4.63134e-05
5.1511e-06
0.00010488
2.96832e-05
0.000137544
1.29845e-06
0.000156685
2.73266e-06
3.89956e-05
3.97348e-05
0.000145982
2.94665e-05
3.31391e-05
1.04677e-05
8.26182e-05
0.000111567
0.000111816
1.72393e-05
4.69101e-05
4.66688e-06
5.57896e-05
0.00010363
0.000147167
7.48492e-05
1.35731e-05
2.19304e-05
0.000141344
2.82049e-05
2.26773e-05
8.79109e-05
0.000116851
7.68221e-05
1.3804e-05
6.61307e-05
6.39918e-05
3.28449e-05
0.000894376
8.43857e-05
3.01966e-07
9.22348e-05
8.4177e-06
0.000675771
0.000157397
0.000164821
3.20897e-05
5.84788e-05
0.000103297
7.47028e-05
4.7252e-05
4.44757e-05
5.33477e-05
0.000106875
3.05203e-05
0.000136331
5.32589e-05
6.31661e-06
0.000263345
0.000184084
1.08027e-06
3.37304e-05
3.8342e-05
4.17567e-06
2.50319e-05
8.08357e-05
6.57343e-06
3.22805e-05
1.4713e-05
2.81422e-05
3.39111e-05
7.83047e-06
2.04241e-05
5.28468e-05
9.00054e-05
0.000612123
2.52985e-05
8.52221e-05
0.000121199
2.92073e-05
7.30096e-06
0.000290385
7.77355e-05
2.73786e-05
0.000156663
8.61598e-05
8.51342e-05
8.1691e-06
0.000147495
8.62771e-05
2.92628e-05
2.76103e-05
2.62053e-05
4.86429e-05
8.50571e-05
3.59896e-06
9.42857e-06
0.000188215
7.84729e-05
3.7018e-06
3.84491e-06
1.25659e-05
6.43193e-05
6.98747e-06
0.000130435
4.45399e-05
7.57575e-05
6.45849e-05
0.000698714
0.000144285
2.2388e-06
0.000145084
6.80696e-05
2.52395e-05
2.51301e-05
0.00142002
2.93827e-05
1.72667e-05
7.83514e-05
0.000156926
3.51626e-06
0.000180755
0.000113437
0.000184971
2.94732e-05
0.000101805
0.000112612
3.53693e-05
7.66849e-05
2.80957e-05
8.08732e-06
0.000124293
3.73921e-07
3.45115e-06
0.000110194
0.000117428
4.04906e-07
2.54265e-05
2.94447e-05
1.44288e-05
1.21394e-05
0.000104966
0.000104531
1.9606e-05
0.000177763
4.49168e-05
5.91572e-05
2.79423e-05
0.00013812
3.07289e-05
2.45593e-05
2.11353e-05
0.000143695
6.14741e-06
0.000177524
0.000134922
7.07602e-05
0.00103322
6.80055e-05
8.22552e-05
6.06853e-05
3.69582e-05
0.000129953
3.59267e-08
7.61733e-05
0.00012984
3.42951e-05
6.21672e-05
4.597e-06
6.47489e-05
0.00016434
0.000169709
3.11699e-05
6.25228e-05
4.64856e-06
2.61503e-05
5.65814e-05
4.1046e-05
5.13315e-06
7.08283e-05
5.34001e-05
1.96081e-07
9.87007e-05
6.34264e-05
0.000350275
4.22523e-06
6.26005e-05
7.38461e-05
0.00126689
1.8453e-05
0.000121892
4.51603e-05
4.61028e-05
2.29712e-05
0.00010815
3.56779e-05
5.51728e-05
1.04541e-05
3.25547e-05
9.78326e-05
8.68542e-05
0.000103524
5.88947e-05
7.30476e-06
0.000158311
0.00085936
0.000143797
2.80695e-05
3.21957e-05
5.89735e-05
4.46726e-05
6.19635e-05
4.88805e-05
3.58752e-06
2.37035e-06
0.000118505
6.82995e-05
5.40134e-05
4.41583e-05
3.24641e-05
4.35074e-05
0.000179828
2.85912e-05
3.4043e-05
4.06939e-05
2.01277e-05
2.55485e-05
9.10946e-05
0.000716611
0.000177605
1.81599e-05
0.000187774
0.00012229
3.11314e-05
0.000289168
1.41266e-05
0.000162482
4.96472e-06
6.84551e-05
0.000117985
0.000136898
4.62897e-05
0.000126974
5.22028e-05
4.93253e-06
0.00019619
1.39012e-05
0.000287837
5.69687e-06
1.04637e-05
6.37967e-06
2.84871e-05
6.89456e-07
1.1411e-08
0.000114866
3.20983e-05
9.07584e-05
0.000793412
0.000106861
2.86136e-06
7.95094e-06
0.000122873
7.71611e-05
3.58057e-05
7.73354e-05
2.61411e-05
0.000103193
0.000281636
9.28007e-05
8.26662e-05
4.4162e-05
7.59669e-05
0.000648418
0.000490775
2.45389e-05
3.0762e-05
6.36187e-06
9.78283e-05
2.58917e-05
5.70863e-05
7.87154e-06
2.16563e-06
6.06338e-06
2.92234e-06
7.42248e-05
0.000956662
0.000120248
0.000178962
0.000108072
4.149e-05
4.25442e-05
5.52448e-06
4.11273e-05
2.78683e-05
4.34791e-06
0.000149865
0.000205103
4.39967e-05
7.36929e-05
4.51019e-05
2.17171e-05
6.07609e-05
6.08364e-05
6.66968e-06
7.71536e-05
6.98088e-06
7.17305e-05
2.76932e-05
2.99966e-06
7.34797e-06
4.0762e-06
5.84249e-05
0.000133393
0.000119166
5.62798e-05
4.04462e-05
0.000104634
2.802e-05
9.79738e-05
0.0001406
5.3242e-05
7.56176e-05
8.9709e-05
0.00056151
0.000140768
8.23849e-06
2.35814e-05
3.21922e-05
0.000148495
2.82582e-05
3.89185e-05
6.50241e-05
7.58367e-05
8.86011e-05
3.65262e-05
1.34002e-05
2.75036e-05
1.79902e-07
0.000388861
4.54938e-06
0.000139704
2.44641e-06
0.00010196
2.13318e-05
3.15837e-05
0.000117981
6.0107e-05
6.87027e-05
0.000110742
9.04832e-06
1.15335e-06
3.22021e-05
0.000114889
0.000122943
4.68777e-05
3.39193e-05
0.000108673
0.000100882
0.000158943
5.13008e-06
2.48405e-05
7.96492e-05
5.95543e-05
3.30867e-05
0.000188472
6.91631e-05
3.9362e-05
2.03803e-05
0.000120656
4.19964e-05
7.01408e-05
8.69989e-05
0.000914914
7.6319e-05
8.09891e-05
0.000165308
8.80869e-07
2.36601e-05
8.18327e-05
4.68542e-05
2.41175e-05
2.20228e-05
7.47538e-05
1.35508e-06
6.71341e-05
3.21049e-05
6.26554e-05
0.000281264
8.39185e-05
6.42737e-05
2.48612e-05
4.05994e-05
0.000310514
0.000143135
4.16905e-05
4.31356e-05
4.21615e-07
4.46624e-05
0.00170806
7.89367e-06
0.000129564
2.95782e-05
1.60629e-05
2.5756e-05
0.00145328
0.000175522
7.95351e-05
7.45414e-05
1.76382e-05
7.76333e-06
0.00123022
0.00015257
3.00801e-05
0.000121008
1.83841e-05
3.87239e-05
6.87812e-06
4.02648e-05
0.000177388
9.10842e-05
7.77086e-06
8.68448e-05
2.96562e-05
0.00013734
0.000158401
8.75539e-05
0.000692369
3.529e-07
0.000132024
8.26747e-05
0.000114999
0.000129179
6.71183e-05
1.68754e-05
9.74075e-06
9.70977e-05
9.59134e-07
9.33321e-05
0.00014468
7.44677e-05
4.8004e-05
0.000139785
6.05812e-05
1.97764e-05
5.24523e-06
3.13158e-05
0.000151014
1.52785e-05
0.00014232
4.85463e-05
0.000121639
9.55276e-05
0.0001149
6.58034e-05
7.5232e-05
7.21609e-06
2.84888e-05
3.09185e-05
8.37567e-06
9.18655e-05
3.01217e-05
0.00016872
4.57431e-05
0.000124422
0.000159928
4.46274e-05
0.000141433
0.000243246
6.13415e-06
9.9322e-05
2.8001e-06
7.73869e-05
0.000110717
2.85123e-05
9.44543e-06
3.23546e-05
0.000103386
3.02205e-05
1.9231e-05
0.000113562
2.44212e-05
6.01558e-05
5.2218e-05
1.4983e-05
9.23456e-07
3.34727e-05
0.000139811
6.47126e-05
0.000152635
0.000118378
1.8486e-05
2.56118e-05
3.24443e-05
7.86908e-05
9.15658e-06
7.80652e-05
0.000231284
0.000123172
0.000161819
5.90294e-05
2.80916e-05
0.000215106
4.49425e-05
3.91725e-05
4.36385e-05
8.87215e-05
0.000861425
4.41018e-05
9.03216e-05
0.000123008
2.8701e-05
0.00011456
8.38811e-05
5.64963e-05
1.65292e-07
7.54054e-05
4.81164e-06
7.85346e-05
0.000127045
1.9236e-05
2.87471e-05
6.79983e-05
3.73848e-05
5.84882e-06
8.28752e-05
8.44635e-06
2.33306e-05
8.70524e-05
3.1175e-05
9.44347e-05
6.01689e-05
3.59512e-05
0.000121892
7.46069e-05
5.32639e-06
1.23036e-05
4.92131e-05
9.30116e-05
1.74023e-05
1.7674e-05
0.00018305
0.000164617
0.000153875
3.05246e-05
3.44072e-05
0.00113945
0.000128113
9.31835e-05
1.92425e-06
4.51556e-05
0.00016621
5.45169e-05
2.89906e-05
3.1432e-05
4.2925e-05
0.00010808
4.60428e-05
0.000149177
9.57785e-06
0.000135356
6.88835e-05
7.21137e-05
3.73705e-06
2.96765e-06
0.000123305
9.43666e-05
2.68947e-05
1.55284e-05
5.58564e-06
0.000140844
1.22214e-05
3.47137e-05
0.000129215
1.94851e-05
8.99719e-05
3.18237e-05
2.68942e-05
3.47617e-05
3.9383e-06
7.29859e-09
0.000147871
5.05638e-05
7.96253e-05
9.04018e-05
0.000435551
2.95759e-05
8.80665e-05
1.06587e-05
4.82108e-05
4.36258e-05
5.17975e-05
5.34266e-05
1.39631e-05
6.15196e-05
9.09616e-05
3.95797e-06
4.08985e-06
9.74147e-05
0.00013751
5.58232e-05
6.475e-06
3.51957e-05
2.62706e-05
8.21318e-05
0.000145714
8.11364e-05
4.2417e-05
8.41291e-05
7.08718e-05
5.79952e-05
3.03829e-07
5.91187e-05
7.08177e-05
6.29471e-05
6.15466e-05
3.43373e-05
3.45838e-05
6.19929e-05
2.2859e-06
3.94119e-06
4.6839e-05
0.000987429
7.97231e-05
0.000110748
1.49808e-05
0.000107701
8.9955e-05
0.000139434
1.93881e-05
2.1979e-05
7.97815e-05
9.00145e-05
7.79368e-07
1.55786e-06
9.64634e-05
8.53256e-05
0.000130488
8.42529e-05
8.44461e-05
0.00090749
2.6547e-05
4.49653e-05
6.67597e-05
3.79389e-05
0.0001289
5.88624e-06
0.000328748
7.36945e-05
0.000151148
6.78712e-05
4.52146e-06
2.73036e-07
3.36821e-05
3.0439e-06
0.000558554
2.44229e-05
8.98627e-05
2.52362e-06
0.00014285
8.20449e-05
5.6332e-05
0.000142597
2.87105e-05
2.71757e-05
6.9095e-05
2.63723e-05
5.85358e-06
2.02356e-05
7.2802e-06
4.14435e-05
4.54647e-05
6.54995e-06
3.97025e-05
3.80245e-05
2.17351e-05
3.20952e-05
2.26537e-05
4.47328e-06
4.58391e-05
4.5961e-06
2.68842e-05
7.51642e-05
6.18953e-05
5.17021e-05
0.000121452
9.68263e-05
0.000107887
0.000112964
0.000128315
7.26946e-05
5.48363e-05
4.55584e-06
2.38415e-05
5.94168e-06
4.1131e-05
3.11005e-05
0.000115795
4.12765e-06
3.48808e-05
0.000869608
2.24147e-05
4.34388e-05
6.82965e-05
5.8788e-06
0.000147591
5.07127e-06
3.91168e-05
0.000112017
7.80759e-05
0.000120427
0.000150375
0.000131177
8.23141e-05
6.29921e-05
0.00015077
0.000143493
1.43927e-05
1.31142e-06
6.42936e-05
0.000150258
5.21042e-05
4.19062e-05
2.94818e-05
4.73916e-05
5.98828e-05
1.88978e-05
2.41535e-05
3.58313e-05
0.00105816
7.20789e-05
0.000110747
5.27088e-05
6.22689e-05
3.24437e-05
9.38683e-05
6.24299e-05
5.10749e-05
2.35572e-05
4.91038e-05
3.4434e-06
3.79282e-05
1.59635e-05
1.39845e-05
9.60114e-06
3.9552e-06
1.16395e-05
1.95081e-05
4.53388e-05
8.58403e-05
7.00173e-06
8.69736e-05
8.13552e-05
3.00684e-05
3.59233e-07
8.0997e-05
4.86402e-05
5.8985e-05
3.0782e-05
2.62661e-05
6.20234e-05
0.00010066
0.000360694
7.47724e-05
1.28363e-06
2.71436e-05
0.000134022
0.00104315
0.000105192
0.000177746
4.93371e-05
2.01078e-05
0.000103467
6.31358e-06
4.33996e-06
8.07077e-05
8.0449e-05
9.67419e-05
4.50577e-05
5.34602e-05
6.95278e-05
3.78177e-05
4.74475e-05
0.000115791
0.000617889
2.85988e-05
0.000142699
4.37602e-05
0.000321483
6.03307e-05
5.0292e-05
1.00547e-05
3.96206e-05
7.37259e-05
1.50451e-05
0.000583495
0.000304933
3.53883e-05
3.57144e-05
1.28951e-05
2.10889e-06
0.000150297
4.84824e-05
5.09247e-05
4.22867e-05
4.5572e-06
1.26574e-06
0.000159077
1.07005e-05
9.71686e-05
2.30058e-05
1.04366e-05
5.97253e-05
1.13748e-05
0.000184899
9.22489e-06
4.22093e-05
0.000110607
5.08892e-05
1.42997e-05
4.75975e-06
0.000143191
4.97154e-05
8.03052e-05
0.000185339
0.00103944
8.79993e-05
1.83065e-05
4.17865e-06
4.68661e-05
8.99748e-05
3.01574e-05
7.11162e-05
0.00151372
7.64535e-05
9.28381e-05
2.64954e-05
7.37443e-05
7.96174e-05
1.49492e-07
2.6177e-05
0.000105974
2.83891e-05
2.83481e-05
5.65228e-05
2.01531e-05
1.26529e-05
0.000129956
4.6986e-05
7.42225e-05
4.12351e-08
9.56913e-05
5.86195e-05
1.54594e-05
0.000256102
0.000156669
2.45132e-05
7.48145e-05
9.12881e-05
0.000351837
3.06355e-05
8.10412e-05
2.48423e-05
0.000136445
2.01454e-05
4.86627e-05
2.95065e-05
0.000360955
6.77829e-05
0.00121377
2.47723e-05
2.75302e-05
3.3408e-05
2.86202e-06
0.0001318
1.34018e-05
2.90632e-05
6.98146e-05
4.23755e-05
7.73002e-05
1.15164e-06
3.94336e-06
7.26899e-05
7.2389e-05
0.000808174
6.05973e-05
3.63161e-05
3.34464e-05
8.37957e-05
4.15745e-05
1.3893e-05
1.31341e-05
8.17448e-05
4.6978e-05
4.59227e-05
6.31713e-06
8.20371e-05
5.3522e-07
0.000131949
7.54645e-05
2.97786e-05
9.88824e-05
0.000112584
0.000141044
2.91771e-07
8.20422e-05
4.85687e-05
1.35746e-06
9.42759e-05
7.75457e-05
9.09488e-05
4.92667e-05
6.77012e-06
0.000133112
6.53462e-05
3.3936e-06
5.90024e-05
3.30897e-05
9.37845e-05
4.886e-05
8.20169e-05
0.000107597
0.000160277
1.44947e-06
1.70513e-05
0.000104549
9.54942e-05
5.64967e-05
0.000202949
5.57344e-05
2.11259e-05
7.67877e-05
1.01774e-05
5.2899e-05
4.19456e-05
9.80184e-05
0.000131159
0.000120013
9.69983e-05
2.93413e-05
7.69377e-05
5.9394e-05
0.000134378
4.74776e-05
0.00145684
0.000112638
7.50782e-05
8.8437e-05
1.10903e-05
0.000166685
4.51328e-05
4.50267e-05
1.5069e-05
4.06368e-05
2.53206e-05
5.85416e-06
2.13868e-05
3.8594e-06
5.97301e-05
3.02389e-06
0.000182715
4.25651e-05
6.08326e-05
0.000248897
3.11852e-05
0.000148232
5.10448e-06
6.12095e-05
0.000120209
2.21866e-05
4.33485e-05
5.6374e-05
3.10717e-05
0.00147588
0.000148547
2.86319e-05
0.000143721
2.92341e-05
4.08623e-05
8.07912e-05
3.5199e-05
0.000117721
0.000147771
4.35928e-06
6.13145e-05
1.77441e-05
8.29482e-05
9.20721e-05
0.000511717
2.41525e-05
2.80035e-05
4.19317e-05
0.00140305
0.000920796
0.000292115
9.23476e-05
1.77588e-06
3.38693e-06
1.4033e-05
0.000149083
6.30338e-06
5.47295e-06
0.000217219
0.000101071
5.00035e-05
0.00100142
1.36227e-06
3.46338e-05
4.53336e-05
2.01743e-05
2.37667e-05
5.95708e-06
8.93806e-05
3.21724e-05
1.41536e-05
0.000141458
7.37701e-06
2.98658e-05
6.64736e-05
2.57991e-05
9.38454e-05
0.000116821
0.000114707
6.79931e-06
2.57273e-06
0.000190049
3.81703e-05
3.74203e-05
1.08714e-06
1.47739e-05
9.3786e-05
2.10023e-05
7.74537e-05
6.57335e-05
3.01483e-06
6.33094e-05
2.99688e-05
9.34245e-05
6.42919e-06
9.48232e-05
2.66639e-05
8.01573e-05
2.74298e-05
7.79485e-06
9.9577e-05
5.85867e-05
4.40106e-05
0.000134754
1.04211e-06
6.11614e-06
6.25746e-05
2.95416e-07
1.30874e-05
4.48179e-05
4.41658e-05
8.59815e-05
3.99386e-05
2.70059e-05
4.17356e-05
0.000131182
4.19857e-05
7.71498e-05
2.90615e-05
1.95107e-05
2.18946e-05
3.7037e-05
5.17435e-06
4.09998e-05
0.000131351
1.34328e-05
8.56212e-05
0.000103623
1.89476e-06
1.99642e-06
5.21309e-05
3.89215e-05
8.125e-05
0.000105612
9.83418e-06
0.000101471
3.31998e-05
2.95695e-06
5.39304e-05
4.21336e-05
7.60875e-05
8.60475e-06
4.02274e-06
0.000118002
4.24016e-05
0.000156945
0.00013482
4.53407e-06
2.88488e-05
5.96876e-05
4.97719e-05
0.000143272
2.68633e-05
0.00014116
0.00015489
3.07349e-05
6.01251e-05
3.08303e-05
6.33984e-05
7.78232e-05
6.30594e-06
0.000111881
2.01302e-05
9.03275e-05
4.18311e-05
7.82137e-06
3.71123e-06
5.10549e-06
0.000118417
6.91084e-05
6.70336e-05
0.000153169
1.99376e-05
4.18435e-05
6.19853e-05
4.54815e-05
7.85355e-05
9.30862e-05
7.08482e-05
4.59041e-05
0.0008113
9.25861e-05
3.95492e-06
9.02572e-05
0.000176204
0.000113591
3.03417e-05
6.71389e-06
3.48859e-05
0.000934349
6.85945e-05
4.32638e-05
5.57973e-05
3.8769e-06
0.000140588
6.48146e-05
0.000547297
5.93969e-06
2.91919e-05
7.62591e-06
3.21056e-05
6.94432e-05
0.000135954
2.48286e-05
2.22788e-05
2.78389e-05
2.75076e-05
7.15823e-05
5.58437e-05
1.13435e-06
5.83739e-05
3.76256e-06
3.10964e-05
5.19087e-07
9.93891e-06
7.6274e-05
3.26157e-05
6.77791e-05
6.35309e-05
4.91834e-05
5.95983e-06
0.000104056
0.000138595
1.48063e-05
3.16441e-05
0.000178534
1.73074e-05
9.53229e-05
3.41696e-05
3.44386e-05
0.000128191
6.3642e-07
1.72517e-06
0.000111175
4.4875e-05
5.58199e-06
0.000135972
4.69734e-05
5.31546e-06
0.000108835
0.000113795
6.3505e-07
4.85819e-05
0.000109033
3.84811e-05
4.75111e-05
1.28813e-05
8.39103e-05
5.16284e-05
7.6576e-05
0.000177492
0.00011444
4.63306e-06
3.02364e-06
0.000118706
3.01755e-05
0.000157773
7.60112e-05
0.00011179
8.84172e-05
0.000102044
3.45691e-05
8.72298e-05
7.2644e-06
4.55622e-05
6.98948e-06
9.58764e-05
3.4553e-05
4.45126e-06
0.0011353
0.000174489
2.90043e-05
5.65561e-05
5.52525e-06
0.00011703
2.56882e-05
3.30555e-05
1.56854e-05
8.20905e-05
0.000134573
0.000135199
1.72814e-05
9.05067e-05
0.000170203
4.2192e-05
0.000139511
5.36058e-05
2.25261e-05
1.88441e-05
3.33074e-05
0.000110526
9.95527e-05
3.71603e-05
5.04021e-05
8.87624e-05
6.12022e-06
0.000141015
0.000166597
5.00385e-06
2.94297e-07
0.000113772
0.000334827
0.000433194
0.000110141
1.69729e-05
7.28589e-05
7.7416e-05
1.82426e-05
2.07562e-06
0.000107904
5.38188e-05
0.000115582
1.21815e-05
0.000131989
5.75185e-06
4.33802e-05
0.000131009
5.0833e-05
2.01273e-06
1.20431e-05
1.21496e-05
0.000101938
3.04974e-05
0.00011512
1.17843e-05
2.5124e-05
0.000109796
0.000148839
0.000142926
3.96087e-06
4.69003e-05
7.72434e-05
2.60009e-05
9.1951e-05
1.0747e-05
8.61278e-05
5.968e-05
3.97205e-05
4.71523e-05
4.36118e-05
2.81286e-05
0.000124608
8.44726e-05
0.000120802
4.4658e-06
9.0528e-05
8.70003e-06
8.57044e-05
1.7193e-06
4.96537e-05
3.4651e-06
4.62158e-05
0.000107064
6.19667e-06
0.000164728
4.76203e-05
0.000280746
3.59004e-05
3.56069e-05
4.20703e-05
0.000151636
3.51581e-06
2.61852e-05
9.04007e-05
8.33693e-07
6.15797e-05
8.15765e-05
7.62174e-06
0.000184309
0.000184089
8.30303e-05
0.000130885
5.4011e-05
5.53869e-06
4.04669e-05
3.94004e-06
8.87762e-05
1.68342e-05
0.000155126
2.04116e-05
4.25544e-06
3.30771e-05
8.45817e-05
2.3133e-05
2.35135e-05
0.00010379
3.17059e-05
3.15271e-05
8.57168e-05
4.6789e-05
7.34431e-05
3.14659e-05
3.55968e-05
9.98648e-05
5.32443e-05
0.000112055
2.77456e-05
2.1487e-07
4.43932e-06
9.71572e-05
1.23793e-05
2.23243e-06
2.7385e-05
5.63641e-06
3.20048e-06
1.30417e-05
2.68501e-06
0.000142192
0.000125836
1.263e-05
2.36036e-05
8.55197e-05
0.000115342
0.000114808
0.000141303
5.72183e-05
3.02255e-05
0.000145674
2.42456e-05
3.35499e-06
0.000129652
3.80898e-05
4.31597e-05
3.62693e-06
7.48856e-05
2.68171e-05
5.48425e-06
4.17196e-05
4.95746e-05
2.98405e-06
2.07612e-07
3.48739e-05
7.58806e-05
2.92713e-05
2.54942e-06
0.000919778
9.44799e-06
0.000136679
9.38764e-06
3.01354e-05
4.24763e-05
6.4315e-05
8.56693e-05
3.98665e-06
8.73306e-05
2.35146e-05
7.69233e-05
3.16184e-05
2.63305e-05
0.000141907
2.84961e-06
6.58e-05
0.000180712
0.000146767
4.87215e-06
7.66921e-08
4.58801e-05
0.000149314
2.09984e-05
3.33949e-05
3.71614e-05
4.98066e-06
0.000122654
6.7808e-05
0.000107868
0.000151358
1.52071e-05
5.68156e-05
9.20453e-05
8.88622e-06
0.000159841
8.33041e-05
0.000148757
9.87821e-05
0.00011774
0.000103544
7.18207e-06
8.13847e-07
5.29425e-05
7.19304e-05
7.15911e-05
1.62892e-07
4.31753e-06
5.06966e-05
2.53463e-05
4.00614e-05
0.000130481
4.06857e-05
1.19806e-06
4.96546e-05
3.56519e-05
0.000135273
3.55102e-05
7.30444e-06
4.3426e-05
2.76403e-05
3.34486e-06
3.14137e-05
9.1902e-05
8.03243e-05
0.000115408
6.23572e-05
0.000173185
0.000117104
9.70509e-05
2.9951e-05
3.19747e-05
2.82111e-06
0.000100464
0.000802213
3.32224e-06
2.86055e-05
6.53208e-05
3.72562e-06
8.52961e-05
5.92137e-05
5.9923e-05
7.82375e-06
0.000107035
2.29423e-05
0.000127342
6.20381e-05
9.22613e-06
1.37543e-05
0.000100397
5.9364e-05
7.51204e-05
8.21443e-07
6.09074e-05
4.98612e-06
0.000137442
0.000130422
9.86011e-05
0.000141925
6.46526e-06
0.000145469
3.46218e-05
9.20419e-05
7.73714e-05
4.50087e-05
8.27539e-05
2.20891e-05
3.64513e-05
2.80593e-05
0.000117872
0.000140297
7.17536e-06
8.626e-07
2.50995e-05
2.81523e-05
1.34228e-05
6.15569e-05
8.45139e-05
3.60279e-05
3.096e-06
0.000150766
7.28417e-05
6.07559e-05
1.49505e-05
1.91426e-05
8.64734e-05
0.000446979
1.33712e-05
5.18838e-06
6.541e-05
6.40131e-05
0.000160952
8.17097e-05
3.06855e-05
1.6074e-05
1.98654e-05
9.14214e-05
7.80858e-05
3.91823e-05
6.25244e-05
5.21322e-05
3.78702e-05
5.98199e-05
6.44676e-05
3.33762e-06
3.90353e-05
7.06727e-05
1.90818e-05
8.71116e-05
0.000176142
3.46304e-05
2.77964e-05
5.36702e-05
0.000175121
3.19096e-05
9.82661e-05
8.90829e-05
0.00144907
1.05909e-05
7.51656e-06
0.000137506
6.49305e-05
4.29624e-05
0.000177722
0.000122108
4.0023e-05
2.96207e-05
1.43071e-06
3.97288e-05
4.23716e-05
8.25824e-05
9.31448e-05
1.73102e-06
7.64235e-06
0.00111806
9.77544e-06
4.94169e-05
0.000108851
9.95801e-05
7.87791e-05
4.82865e-05
0.000132513
0.000125914
0.00014551
9.327e-05
6.26914e-05
3.70622e-05
0.000139053
2.06911e-05
7.24581e-05
5.66604e-06
8.29587e-05
1.06727e-05
5.80723e-05
2.40399e-05
4.94712e-06
2.46452e-05
2.03264e-05
1.80213e-05
0.000108895
6.76183e-06
2.29572e-05
0.000101602
5.64624e-05
2.28621e-05
7.2053e-05
2.46665e-05
3.88256e-06
3.1606e-06
6.34294e-06
1.82447e-05
0.000122606
0.000959229
5.69035e-05
1.77908e-05
0.00014583
2.01241e-05
1.40123e-05
7.33746e-05
4.26573e-05
1.69318e-05
8.43114e-05
7.13518e-05
4.68003e-05
0.000137632
0.000138242
5.34422e-05
9.37337e-05
4.346e-06
0.000113639
1.40788e-05
1.44746e-06
0.000107315
0.000116388
2.02737e-05
5.93588e-05
8.1107e-05
2.18031e-05
0.000343455
2.899e-05
0.000575998
2.35626e-05
0.000367011
0.00103064
2.96671e-05
0.00127774
0.000815436
2.97834e-05
3.7555e-05
3.54217e-05
2.53875e-05
0.000453492
7.76231e-06
2.06248e-05
4.4199e-06
9.45366e-05
0.00037581
0.000136936
5.81347e-06
6.00823e-05
9.45671e-05
6.88365e-05
0.00010831
5.30526e-06
3.28342e-05
0.000220696
0.000165704
0.000133872
2.46435e-05
0.000136632
2.84477e-05
1.7273e-05
7.87483e-05
0.000111442
0.000152294
0.00016711
0.000145368
5.82037e-05
0.000101942
3.16046e-05
2.95504e-06
9.90182e-05
3.6211e-05
3.46242e-05
1.48803e-05
0.000345717
2.66947e-05
3.12864e-06
0.000746512
0.000160981
7.0705e-05
4.40669e-06
2.59698e-05
0.000122749
0.000130674
4.11775e-06
0.000140158
3.28354e-07
1.93276e-05
7.95851e-06
1.07983e-05
0.000100099
0.000105793
6.16124e-05
0.000138375
3.18502e-05
2.68954e-05
1.04743e-06
5.11039e-06
2.00229e-05
4.37442e-05
4.38347e-05
8.73122e-06
8.91032e-06
4.56551e-05
2.06897e-05
2.70228e-05
8.21263e-05
6.96911e-05
3.16071e-05
0.00118444
8.98731e-05
7.28522e-06
0.000920815
4.40698e-05
3.22779e-05
5.58239e-05
0.000913451
6.00075e-06
8.03457e-05
0.000139036
0.000114916
3.2972e-05
4.35732e-07
2.91795e-05
9.12039e-05
0.000136924
4.08191e-05
0.000150469
3.90835e-05
4.1945e-05
4.47734e-06
3.9986e-05
0.000136738
4.20908e-06
3.54348e-05
6.54893e-06
0.000115128
5.17277e-06
1.2999e-05
5.79912e-05
0.000147624
3.50091e-05
1.2087e-05
2.40023e-05
0.000102556
3.88167e-06
7.40309e-05
1.94262e-05
0.000116825
2.59428e-06
0.000102262
0.000130259
7.94602e-05
9.13505e-05
0.000181606
0.0001226
0.000107104
0.000101103
1.81179e-06
0.000116281
1.15324e-05
9.91644e-05
2.14206e-05
1.97508e-05
0.000122046
3.25692e-05
2.95011e-05
5.18196e-06
1.8562e-05
0.000134223
0.000524239
5.64609e-06
0.000117194
8.26463e-05
1.51783e-05
5.14563e-05
3.74966e-06
2.04145e-05
5.96282e-05
4.48068e-05
6.54984e-05
7.5127e-05
9.72775e-05
2.64537e-06
5.31646e-05
6.36518e-05
2.62673e-05
4.75984e-05
5.44055e-06
7.9197e-05
4.27325e-05
8.14315e-07
0.000119742
0.000112182
9.25262e-05
0.000152091
2.92906e-05
4.40913e-05
2.98459e-05
1.99696e-06
2.17443e-05
7.35157e-05
7.66547e-05
9.9415e-05
9.28014e-05
0.000103739
4.16063e-06
7.40981e-06
9.94668e-05
7.74102e-05
3.62673e-05
0.000122537
1.04637e-05
5.27681e-05
4.23015e-05
7.75385e-05
1.37296e-05
0.00017615
1.96086e-05
0.000149781
2.04189e-06
6.04752e-05
1.94057e-05
4.92116e-05
2.28088e-05
4.06444e-05
4.1598e-05
2.31613e-05
4.45158e-05
8.44504e-05
7.40626e-05
1.3631e-05
4.66217e-05
2.0125e-05
5.62564e-05
1.38238e-05
2.78919e-05
7.33269e-05
0.000139384
6.2127e-06
0.00025863
9.83934e-05
0.000110024
0.000139301
0.000140987
3.03972e-06
5.7526e-05
0.000125011
3.87393e-06
0.000130465
1.88469e-05
0.0001097
3.20869e-05
0.000168234
3.14768e-05
1.05055e-06
0.000107613
7.29707e-05
1.01831e-06
3.79811e-05
1.03693e-06
2.96486e-05
5.95849e-05
1.96234e-05
4.3366e-05
3.26064e-05
4.13428e-05
7.79071e-06
7.85277e-05
6.1354e-05
7.37117e-05
1.86666e-05
0.000271207
6.34959e-06
3.29928e-05
9.4255e-05
2.10032e-05
0.000101248
2.55833e-06
5.36996e-06
1.89369e-05
7.74749e-05
2.80003e-05
0.000177856
4.38557e-05
0.000131164
4.54316e-05
0.000117706
0.000128518
5.50582e-05
0.000176135
0.000114158
7.58497e-05
0.000125842
6.093e-06
9.33013e-05
3.41477e-05
2.49995e-05
0.000108743
4.51259e-07
3.0245e-05
8.39283e-06
2.13778e-05
3.82166e-05
3.68195e-05
1.62392e-05
0.000129608
7.24463e-05
9.68876e-05
0.000171965
8.8597e-05
0.000528952
0.000101049
6.70856e-06
0.000109219
0.000176695
1.05244e-05
4.95391e-05
6.27069e-05
2.75916e-05
0.000103864
0.000123525
6.05434e-05
7.6418e-05
8.63919e-05
9.05772e-08
3.26724e-05
0.000133639
8.19557e-05
5.01234e-05
7.26022e-06
6.17858e-06
3.14704e-05
0.000104641
1.24236e-06
0.000133895
5.29101e-05
9.0684e-05
4.42753e-05
2.24721e-06
2.60627e-05
3.79132e-05
5.5144e-05
2.91771e-06
3.41799e-05
4.90403e-06
1.09256e-05
0.000819048
0.000130958
8.62584e-06
1.27971e-05
2.41821e-05
2.67088e-05
2.26198e-05
0.000119226
3.981e-05
6.24458e-06
3.51192e-06
0.000114232
2.79133e-05
9.09975e-05
0.000129877
2.51966e-06
3.47742e-05
7.78379e-05
0.00010486
2.28172e-05
1.77468e-05
4.54839e-05
1.08871e-05
0.000132866
2.79957e-06
6.12603e-05
0.000116477
7.09994e-05
2.65024e-05
6.56234e-06
2.11459e-05
3.91362e-06
8.68728e-06
0.000147022
1.74002e-05
0.000174641
8.44166e-05
0.000161696
0.000131459
5.47188e-06
6.64743e-05
8.36308e-05
4.32883e-05
6.74829e-05
3.42212e-05
4.10982e-05
5.59265e-05
4.76217e-05
1.03586e-05
0.00030893
9.99604e-05
0.00037915
3.60125e-05
2.63262e-05
8.68544e-05
0.000880586
0.000163636
8.0818e-06
0.000112934
0.000112935
0.000160468
0.000122986
7.81792e-05
0.00013751
2.75145e-05
0.000134651
4.02627e-05
6.55726e-05
7.3457e-05
5.42933e-06
5.28102e-05
2.82465e-05
6.45763e-06
7.11264e-05
6.69299e-06
2.62345e-05
9.34397e-05
3.09846e-06
5.26489e-06
3.42197e-06
4.39151e-06
5.91664e-06
3.20289e-05
0.000111716
2.58456e-06
0.000110319
3.73064e-05
6.96998e-05
6.56115e-06
5.91835e-05
9.69596e-05
2.55393e-05
0.000105009
0.000113933
4.2896e-05
8.45509e-05
3.57527e-06
9.27842e-05
4.43302e-05
0.000127681
1.36674e-05
4.26326e-05
0.000876352
0.000133339
4.22618e-05
6.20366e-06
6.55073e-07
8.91808e-06
5.28451e-06
0.000108796
6.13774e-05
0.000149305
2.00436e-05
5.03473e-06
4.36729e-05
4.45094e-05
4.54418e-05
3.40217e-06
8.76862e-06
9.21152e-05
0.000605586
1.49263e-05
1.19344e-05
9.17541e-05
4.3441e-06
7.61621e-06
4.44133e-05
0.000104103
7.82164e-05
0.000108208
6.0482e-05
3.6784e-05
4.33457e-05
0.000122787
1.93762e-05
0.000138605
5.46903e-05
3.3772e-05
1.81422e-05
0.00011081
5.5132e-05
8.76926e-06
0.000110232
2.77429e-05
0.000106415
2.64062e-05
0.00014799
0.000110042
0.000140413
5.37582e-05
6.11228e-05
3.32414e-05
3.75802e-05
0.000123477
7.69667e-05
3.56553e-05
6.53165e-06
3.73467e-05
1.68525e-05
8.17945e-05
6.21929e-05
7.62054e-05
4.60469e-05
3.48829e-05
1.27141e-05
2.65699e-05
0.000119318
2.59545e-05
5.9307e-05
0.000131242
3.59936e-05
9.86115e-05
2.40008e-07
2.95106e-06
4.58068e-05
1.48798e-05
8.01113e-05
0.000158395
7.30884e-06
3.45666e-06
8.46681e-06
0.000137676
1.33152e-05
1.71393e-06
1.28639e-05
1.27926e-05
0.000103931
0.000169323
4.12759e-05
7.43954e-05
7.74536e-05
0.0013338
6.25721e-05
0.000180668
2.04813e-05
5.24569e-07
5.75601e-08
1.84808e-06
2.12472e-05
0.00010129
2.76287e-05
1.54289e-05
2.66749e-05
5.82902e-06
6.14295e-05
7.13372e-05
0.000116225
5.42434e-05
0.000122656
8.67856e-05
6.76323e-06
7.00408e-05
0.00010798
5.71709e-05
1.83008e-05
8.17292e-05
2.07448e-06
5.92471e-05
5.28267e-05
6.73586e-05
0.000129367
3.60963e-07
1.78766e-05
3.97511e-05
8.47492e-05
1.34387e-05
8.22672e-05
5.5092e-05
4.0704e-05
2.43675e-05
0.000456684
5.17628e-06
1.22775e-05
4.91885e-06
0.000136939
3.14375e-05
1.79308e-05
9.72228e-05
0.00130338
8.06742e-05
9.04113e-05
4.44211e-05
0.000110046
7.60151e-05
1.75025e-05
5.29565e-06
5.64831e-05
2.60549e-05
9.78445e-05
0.000140968
1.50862e-05
7.31574e-05
1.52655e-06
2.8809e-05
3.15818e-05
2.43788e-05
0.000180965
0.00011983
3.2435e-05
2.57338e-05
6.0956e-05
1.50103e-05
8.39003e-05
0.000185054
1.05768e-07
9.32196e-05
7.24057e-05
8.44946e-05
0.000121592
0.00012132
0.000106109
0.000120797
3.97764e-05
8.20918e-05
4.19633e-05
5.28795e-05
0.000146152
4.83227e-05
2.49539e-05
4.36207e-05
1.68693e-05
5.706e-06
4.72102e-05
5.96452e-06
7.72883e-05
0.000128621
7.75888e-06
5.18157e-05
8.02171e-05
6.60256e-05
5.77498e-05
8.13433e-05
4.29535e-05
4.85352e-05
8.97559e-05
8.87853e-05
0.000109062
9.24587e-05
3.6583e-05
4.10076e-05
0.000158801
4.59554e-05
7.86899e-06
4.74446e-05
2.19876e-05
0.000153216
2.64834e-05
4.54708e-05
8.42476e-05
6.8421e-05
6.62393e-06
2.85954e-06
9.79074e-05
4.76338e-05
0.000124305
5.11928e-06
9.53871e-05
4.86119e-05
0.000184032
9.00831e-06
8.17914e-05
7.46734e-05
0.00010931
8.52727e-05
2.18875e-05
2.10304e-05
0.000118795
0.000108365
2.44281e-05
5.75691e-07
7.58925e-05
3.10169e-05
3.97261e-05
9.20004e-05
3.25025e-05
0.000112102
2.21476e-05
1.73004e-07
2.55506e-05
8.10142e-05
3.65905e-05
2.63607e-05
9.21616e-05
2.80166e-05
0.000114305
0.000854734
0.00033247
2.89241e-05
4.6212e-05
4.37476e-05
2.85042e-05
2.87499e-05
7.99407e-06
2.52537e-05
0.000112701
1.16863e-05
1.51242e-05
5.27327e-05
0.000134394
5.1938e-05
2.18317e-06
3.11535e-05
5.79587e-05
0.000140557
3.95881e-06
9.16965e-05
0.000110281
0.000134558
0.000112203
1.20921e-05
2.9975e-05
6.16291e-05
5.72637e-05
9.98095e-05
2.46378e-05
0.000126425
3.51288e-05
5.83978e-05
8.52401e-05
0.000133315
7.77017e-05
2.59523e-05
0.00010729
9.06249e-05
2.24163e-05
1.27092e-05
4.87043e-05
2.06166e-06
0.000134148
7.57682e-05
0.000132626
4.15808e-06
0.000141648
0.000206823
8.37806e-06
0.000182724
2.621e-05
4.19928e-05
0.000133947
3.21182e-05
2.44827e-06
5.01854e-06
5.43204e-05
0.000109455
4.05008e-06
2.33196e-05
0.000181098
3.72459e-06
9.53674e-05
2.51931e-05
8.50256e-05
1.45718e-05
2.8499e-05
0.000160147
0.000133819
1.36794e-05
8.41023e-06
0.000160285
6.85464e-05
3.54861e-05
0.000159363
0.000106888
0.000137566
7.88449e-05
0.00010397
3.4067e-06
0.000499463
3.44673e-06
9.40797e-05
2.13534e-05
3.346e-05
7.84056e-05
3.55117e-05
9.68888e-06
0.000146855
4.47216e-05
1.97889e-05
0.00016412
0.000103894
0.000132184
0.000112297
4.34224e-06
4.30419e-06
3.97072e-05
8.72015e-06
0.000198351
0.000111209
4.0324e-05
2.10272e-05
5.62814e-05
6.92847e-06
0.000136051
2.99375e-05
8.24713e-06
3.07298e-06
0.000144906
2.46931e-06
0.000120919
6.56833e-06
0.000102292
2.32663e-05
0.000115947
0.000143466
6.05195e-05
2.46992e-05
8.32663e-05
5.16096e-06
2.80594e-05
0.000189656
0.000110762
0.000103295
2.86331e-05
0.000111785
0.000110129
1.36819e-05
6.01389e-05
5.07431e-05
5.03514e-05
0.000130232
0.000941183
0.000781764
0.000695123
2.81636e-06
0.000109349
0.000426015
8.49347e-05
1.36454e-05
3.19103e-05
9.69472e-05
0.000612485
7.46842e-05
1.73808e-06
0.000125764
6.60051e-05
4.15594e-05
0.000231386
6.34942e-06
1.56944e-05
0.000141202
0.000885612
6.69928e-05
7.88021e-05
2.8741e-05
5.18365e-05
0.000161293
8.28453e-05
0.000846139
1.12675e-05
6.67941e-06
1.86303e-05
4.3732e-05
1.29018e-05
4.3333e-05
7.56553e-05
3.05986e-05
0.000413202
1.31051e-06
0.000151502
1.29285e-05
1.76221e-05
2.93597e-05
1.3239e-06
0.000100868
5.54421e-06
9.92336e-05
4.13541e-05
6.1272e-05
0.000118801
3.23498e-05
9.24778e-05
4.98337e-05
0.000121707
4.44694e-05
4.30441e-05
0.000137399
3.65931e-05
2.59715e-05
0.000116409
0.000507001
6.66661e-06
4.03484e-05
5.58349e-06
4.01682e-05
4.66008e-05
3.29588e-05
2.83049e-05
5.45835e-05
2.6401e-05
1.45965e-05
6.17035e-05
6.26897e-05
4.46453e-06
0.000117814
3.57632e-05
8.66732e-05
8.13793e-07
0.000968031
4.83832e-05
8.307e-05
0.00060341
0.000140151
6.98649e-06
6.53709e-05
0.000107834
2.28879e-05
1.59634e-05
1.13943e-05
4.41385e-05
0.000500039
6.40972e-06
0.000155882
3.3647e-05
8.99019e-05
5.91296e-05
1.1426e-05
6.25262e-05
5.01029e-06
1.89846e-06
0.000101764
4.26659e-06
6.94578e-05
6.01897e-05
0.000267804
4.40383e-06
0.000115759
0.000516169
6.51691e-05
7.35636e-05
8.16232e-05
6.99297e-06
6.64095e-06
0.000121504
7.00134e-05
0.000134567
3.20276e-06
8.75252e-05
7.03619e-05
0.000329808
0.00010936
6.65057e-05
2.12575e-05
0.000103038
4.86989e-05
5.11284e-06
4.03828e-05
3.99591e-05
0.000121942
4.83488e-05
8.38947e-05
8.56331e-05
0.000183481
7.95225e-05
2.11806e-06
3.20551e-05
0.000227885
6.41151e-05
1.13842e-05
8.16869e-06
0.000137307
0.000119966
1.2577e-05
4.70019e-05
4.62171e-05
0.000194148
1.42389e-06
5.178e-05
5.60148e-05
0.000111885
3.26451e-05
9.86851e-05
9.97439e-05
7.20945e-05
1.09772e-05
6.06161e-05
4.07362e-06
5.68906e-07
0.00125957
3.41106e-05
0.000150309
8.23196e-05
4.46934e-05
5.98252e-07
3.79181e-06
0.000177301
5.98273e-06
6.12748e-05
5.40154e-06
8.87323e-05
0.000101315
6.24952e-06
7.02731e-06
4.03514e-06
0.000135886
1.44928e-05
7.93207e-05
3.97362e-06
0.00012178
3.36224e-05
8.84453e-05
0.000109767
7.40282e-05
5.86162e-06
3.55588e-05
0.000666991
5.99596e-06
3.67104e-05
7.29423e-05
1.26784e-05
5.09767e-06
4.05601e-05
4.48617e-06
3.65571e-05
7.88549e-05
5.25843e-05
2.70009e-05
8.3714e-06
8.7131e-05
5.90361e-06
6.20365e-05
1.74553e-05
1.96367e-05
0.000151297
7.58008e-05
8.98801e-06
5.13751e-05
6.66363e-06
3.95877e-05
0.000115184
5.40898e-06
2.10087e-05
3.55593e-05
0.000129034
8.10021e-05
0.000124864
3.92027e-05
5.61e-05
4.16157e-06
0.000142257
2.90774e-06
3.95303e-05
9.11395e-05
1.59663e-05
4.29277e-05
4.7828e-05
5.06828e-05
4.24551e-05
0.000236491
5.24498e-06
1.42519e-05
1.76175e-05
0.00135665
0.000123335
3.09206e-05
5.41041e-06
0.000129936
0.000105774
5.80444e-05
8.46142e-05
2.4073e-05
0.00011196
3.14885e-05
4.72734e-06
0.000156267
9.13758e-07
3.13222e-06
4.05571e-05
4.38494e-05
0.000250006
0.0001618
7.37624e-05
4.17668e-05
7.2111e-05
0.000102192
6.47843e-05
8.01377e-05
0.000125417
5.97451e-06
9.30127e-05
1.2162e-05
9.77418e-05
0.000150487
0.000143697
0.000101538
3.62236e-05
9.1327e-05
1.32953e-05
5.25301e-05
0.000159731
7.07065e-05
8.03275e-05
0.000397356
0.000136175
8.69252e-05
0.000148266
5.99858e-06
3.77913e-05
1.7079e-06
4.26755e-06
7.85026e-05
6.27837e-05
7.77823e-05
0.000104429
1.1062e-06
4.10505e-05
0.00011625
0.000152836
0.000259406
4.80231e-05
3.26363e-05
8.46266e-05
3.53072e-05
4.49384e-05
8.47339e-05
1.02648e-06
8.74779e-05
7.39038e-05
3.58074e-05
6.23029e-06
5.48365e-05
4.93531e-05
4.02842e-05
6.4865e-06
2.87784e-05
5.78585e-07
9.63101e-05
0.00014831
3.16857e-06
4.88087e-05
4.90314e-05
3.58412e-05
6.27501e-06
0.000102748
6.6859e-06
0.000163719
0.000290489
1.01444e-05
1.43145e-05
6.72626e-05
3.99448e-05
0.000158931
6.66596e-06
0.000123494
6.89064e-06
0.000100397
1.06743e-05
1.7762e-05
7.71468e-05
3.95561e-05
6.50637e-05
0.000110424
7.15699e-05
0.000146957
5.27375e-05
6.70053e-05
3.75265e-06
4.83678e-06
0.000134018
2.86175e-05
3.48174e-05
9.53565e-05
2.78318e-05
1.8551e-07
6.20229e-06
9.08776e-05
1.25106e-07
0.000106708
2.53868e-05
7.24986e-06
8.08683e-05
6.57796e-05
5.35142e-05
8.15415e-05
2.47039e-05
3.48491e-05
3.15486e-05
4.94503e-05
4.38623e-06
0.000117106
0.00015579
7.99118e-06
2.98931e-06
3.31261e-05
2.05893e-05
7.00075e-05
6.16011e-05
0.000108216
6.21385e-05
1.8657e-05
3.1379e-05
5.14129e-05
6.69833e-05
0.000150049
4.78492e-07
7.64606e-05
0.00013162
9.83566e-05
2.64788e-05
0.000189516
0.000135357
2.81695e-05
6.17809e-05
7.78576e-05
0.000112489
0.000125004
0.000117241
8.80824e-05
8.93762e-05
3.93153e-06
4.95051e-05
0.000124665
4.14951e-05
6.23981e-06
2.603e-06
0.000151566
3.42394e-05
3.21872e-07
2.67711e-05
3.90034e-05
7.70191e-06
3.01667e-06
1.02592e-05
5.52158e-05
6.40951e-05
8.74529e-05
0.000134776
0.000550992
3.04388e-05
2.10907e-05
1.72492e-05
0.000136787
0.00018858
2.67617e-05
6.50118e-06
0.000106274
2.20115e-07
0.00016856
5.69835e-06
4.94331e-05
0.000113266
0.000102532
0.000144959
0.000125247
4.75432e-05
8.68594e-05
8.42348e-05
5.83947e-06
9.54796e-05
0.000145654
6.25071e-05
3.99144e-05
0.000131204
0.0001131
9.01461e-06
5.93883e-05
9.39678e-05
0.000509888
2.35259e-05
0.00107045
3.90348e-05
0.000304172
0.00136894
2.96996e-05
6.25672e-05
0.000154171
2.24131e-05
6.93246e-05
2.13642e-05
2.43383e-05
3.48466e-05
1.80065e-05
7.12281e-05
7.58853e-05
2.77795e-05
6.03754e-05
6.3241e-05
1.82865e-05
3.64335e-05
9.23466e-05
7.9932e-05
0.000160199
2.09312e-05
5.41279e-05
2.94699e-06
1.92428e-06
2.85143e-06
0.000136669
6.50682e-05
7.56298e-05
8.86552e-05
1.13964e-05
0.000116682
9.79012e-05
2.60254e-06
9.33848e-05
2.03337e-05
1.2197e-05
9.79774e-05
0.000863453
2.15982e-05
7.7161e-05
6.14971e-05
9.15992e-05
0.000140917
7.58511e-05
0.000141622
0.000143091
4.154e-05
0.000109041
4.37303e-05
7.44872e-05
1.77341e-05
0.000110693
4.28202e-06
0.000116682
7.70821e-05
7.65525e-05
7.49807e-05
7.92617e-06
0.000117354
3.99126e-06
0.00010948
0.000132201
3.28177e-05
0.000102204
5.37048e-05
9.73457e-05
7.67413e-06
2.79349e-05
5.03933e-05
6.66926e-05
6.85501e-06
1.38755e-05
8.40566e-05
1.35958e-05
3.20053e-05
5.70874e-05
6.65165e-06
0.000150583
5.45096e-06
2.98145e-05
6.70944e-05
0.000104313
5.14206e-05
6.68253e-06
0.000861069
3.60788e-05
4.2531e-06
5.3078e-05
0.00010388
1.67027e-05
0.000100614
7.13153e-05
8.01221e-05
0.000108185
7.49123e-05
2.48675e-05
4.31014e-05
0.000101616
9.75487e-05
5.01141e-05
2.98592e-05
9.10498e-05
5.26344e-05
1.97127e-05
5.33478e-05
3.09044e-06
3.21525e-05
7.53865e-05
0.000115141
0.000129426
1.87313e-06
6.55277e-06
9.67954e-05
7.59979e-05
4.58936e-05
5.51092e-05
4.60804e-06
9.83361e-05
9.38256e-06
6.58228e-05
9.62848e-05
7.23606e-05
6.39032e-05
6.63415e-05
2.53034e-05
7.99264e-05
2.46257e-05
2.30459e-05
1.49891e-05
1.3238e-05
7.72133e-05
5.64808e-06
1.09501e-05
2.19318e-05
6.62164e-05
2.71867e-05
4.13011e-06
5.96272e-05
9.97928e-05
2.07748e-05
8.39564e-05
5.95974e-06
7.90985e-05
1.31129e-05
9.97092e-05
9.23579e-05
5.07333e-05
9.50788e-05
2.8282e-05
0.000119594
0.000100821
0.0011186
2.29553e-05
0.000130658
2.40026e-05
0.000597541
3.19599e-06
0.000136247
0.000137663
0.000141838
5.31645e-05
9.72409e-06
7.53244e-06
0.000117117
0.000106971
5.93728e-05
3.1124e-05
0.000110513
0.000156792
6.79719e-06
9.69153e-05
9.21961e-06
6.66239e-06
3.2213e-06
4.62512e-05
2.91147e-05
5.75182e-05
5.03638e-05
2.58732e-05
0.000148799
6.09333e-05
0.000114971
8.60917e-05
0.000105921
0.000604459
3.4191e-05
3.70946e-05
0.000153878
4.79439e-06
4.76094e-05
3.83326e-05
0.000131819
0.000116296
5.74617e-06
7.56964e-05
9.49674e-06
2.01347e-05
0.000105243
5.01486e-06
7.72939e-06
5.42713e-05
0.000122958
6.94484e-05
3.90505e-05
0.000101806
2.24959e-05
6.7663e-05
3.65636e-05
1.42339e-05
2.92632e-05
7.25779e-06
8.87784e-05
2.80514e-05
1.51233e-05
4.53793e-05
4.57373e-05
7.01029e-06
9.44939e-05
6.76949e-05
9.27228e-05
6.33584e-05
1.52701e-06
0.000108938
5.78345e-05
3.50284e-05
0.000137369
4.38712e-05
2.78722e-05
0.000131366
9.18708e-05
0.000153941
2.50507e-06
1.00856e-05
4.82085e-06
3.50173e-05
0.000138995
7.74135e-05
7.07622e-05
0.000112318
0.000133375
0.000101899
0.000117
8.46875e-05
0.000114903
5.02868e-06
9.29235e-05
0.000116635
7.88594e-05
9.34836e-05
8.97566e-05
8.69229e-05
6.91673e-06
4.40057e-06
3.56881e-05
8.35714e-06
0.000109835
3.76128e-06
0.000147861
0.000150313
2.99187e-05
7.56881e-06
2.88203e-05
7.64113e-06
0.000170094
8.88695e-05
0.000117949
5.13674e-05
6.23514e-06
0.000860129
1.21906e-05
0.000124111
9.08961e-05
6.06459e-06
5.21373e-06
4.19916e-06
8.54583e-06
7.29344e-06
4.51992e-06
2.87199e-05
7.32047e-06
7.55069e-06
1.40547e-05
4.51586e-05
0.000147964
3.94539e-06
4.64324e-05
5.64359e-06
2.47024e-06
4.0664e-06
3.12477e-05
1.19836e-05
4.33802e-05
0.000164096
6.81815e-06
6.71597e-05
0.000177671
2.94596e-05
1.20152e-05
1.211e-05
0.000102988
9.23189e-05
3.10066e-05
0.000103105
7.74219e-06
7.41015e-05
5.55406e-06
1.21055e-05
6.60236e-06
4.64005e-06
1.20639e-05
8.22279e-06
4.18083e-06
5.50776e-06
7.41628e-06
4.11013e-06
7.36499e-06
1.41223e-05
5.19819e-06
0.000166578
0.00114207
6.54004e-06
0.000886385
6.54272e-05
4.33794e-06
1.18921e-05
0.000140139
1.11954e-05
2.81225e-05
4.05899e-06
0.000124575
4.72218e-05
4.42489e-06
6.93415e-05
4.51667e-06
6.43313e-06
8.49041e-05
4.33163e-06
7.91331e-06
0.000121993
5.98707e-05
0.000117266
6.66343e-06
1.10998e-05
0.00018321
3.17425e-05
4.58365e-05
0.000133607
0.000137874
7.55174e-05
2.11298e-05
1.02875e-05
0.000140229
7.83257e-06
7.09605e-06
7.01462e-06
0.000150057
7.4487e-06
0.000131214
5.37456e-05
1.30738e-05
6.16935e-06
8.52237e-05
5.14797e-06
1.4136e-05
0.000152578
3.114e-05
9.05138e-06
7.54279e-05
8.30224e-05
0.000119525
0.000109661
3.93814e-05
0.000120951
0.000118919
5.04743e-05
6.85666e-06
8.69049e-05
1.65606e-05
1.52291e-05
4.19868e-05
2.81441e-05
8.03921e-06
1.45309e-05
9.77555e-05
6.27845e-05
0.000115873
1.28869e-05
4.67915e-06
1.03897e-05
9.45741e-05
0.000116962
0.000106246
6.23587e-06
5.19844e-05
2.55186e-05
6.14395e-05
7.89682e-05
2.91396e-05
8.78999e-05
8.99489e-05
7.214e-05
0.000126734
1.65537e-05
7.8163e-05
8.47578e-06
6.91017e-05
2.83141e-05
6.71263e-06
0.00013382
0.000118441
7.15997e-05
4.38993e-05
4.66069e-06
1.60359e-05
0.000120818
2.80222e-05
0.000145133
1.93477e-05
7.91043e-05
3.51587e-05
1.6474e-05
3.13151e-05
7.62289e-05
9.29275e-05
7.3816e-07
8.90032e-05
3.31396e-06
1.92228e-05
6.33842e-06
8.89105e-06
4.71903e-05
2.7516e-05
7.7094e-05
0.000100234
9.31717e-05
7.30763e-06
1.24625e-05
9.36672e-06
7.60544e-06
0.000101268
4.53394e-05
6.69247e-05
4.57991e-05
7.73319e-05
9.83738e-05
3.09138e-05
0.000126967
7.72682e-05
9.18317e-05
1.0132e-05
9.04512e-05
3.58814e-05
4.66976e-06
0.00122488
6.91653e-05
1.7795e-05
5.15448e-05
4.57324e-06
2.06683e-05
0.000140875
8.28211e-06
9.10482e-05
8.28999e-05
0.000108351
5.45376e-06
1.98508e-05
3.22341e-05
1.86502e-05
8.10041e-05
0.000142118
9.13302e-05
4.9137e-06
0.000161511
7.95716e-05
0.000111242
9.80432e-05
4.4859e-05
9.54922e-05
1.2673e-05
8.22654e-05
0.000113994
8.61216e-06
4.30697e-06
4.71942e-06
9.81968e-05
8.51626e-05
0.000611474
0.000131751
0.000483038
1.44558e-05
0.000154066
9.04936e-05
0.000102294
8.38999e-05
4.78793e-06
7.4905e-05
4.59736e-05
0.000155608
1.27489e-05
2.97922e-05
2.21145e-05
5.84285e-05
0.00011662
2.52983e-05
3.38152e-06
3.47364e-06
2.22081e-06
7.38032e-05
9.25673e-05
2.45643e-05
4.3938e-06
0.000167444
6.28502e-06
3.4031e-06
2.01395e-05
7.29307e-05
1.42026e-05
5.23933e-06
1.98414e-05
0.000118003
5.57094e-06
3.69229e-06
0.000465307
3.43353e-05
0.000144235
7.79991e-06
9.28611e-06
4.23833e-05
3.50064e-06
3.32769e-06
9.51693e-05
2.88622e-05
3.16018e-05
2.09505e-05
3.29643e-05
8.67844e-05
0.000123771
0.000129756
0.00015774
0.000122786
7.03546e-05
0.000121979
2.54174e-05
1.99454e-05
8.33034e-05
4.34632e-05
0.000100076
3.48551e-05
7.26321e-05
8.68385e-07
4.55954e-05
5.17514e-06
5.76517e-05
0.000116774
4.04461e-06
7.87635e-05
7.22078e-06
0.000112266
0.000156929
0.000333598
3.20398e-06
2.10631e-05
3.46627e-06
7.00183e-06
6.72612e-05
1.97802e-05
5.00958e-06
3.87995e-06
0.000115685
3.75327e-06
0.000240082
1.04469e-05
4.81229e-06
4.68223e-05
6.01725e-05
0.000102795
0.000119049
3.88508e-06
2.92912e-05
3.40118e-05
2.44609e-05
2.98823e-05
0.000161238
2.27493e-05
6.98283e-05
5.54507e-06
7.30576e-06
4.62762e-06
5.45984e-05
1.31709e-05
1.40378e-05
6.10222e-06
5.67979e-05
0.000149151
1.02863e-05
3.9185e-06
7.87899e-05
8.72107e-05
4.76369e-06
4.22427e-05
2.38575e-05
3.61942e-05
5.79898e-06
3.78782e-06
7.01953e-05
3.52183e-05
4.81886e-05
7.25042e-06
4.50356e-05
9.99865e-05
3.04681e-06
7.9814e-05
6.77928e-05
9.52783e-05
2.34377e-05
1.84263e-06
4.17679e-06
3.71064e-05
6.62782e-05
3.75493e-06
7.27657e-06
3.50534e-05
2.6702e-05
8.41311e-05
4.49777e-06
7.07306e-05
0.000822897
4.22145e-05
5.63456e-05
2.33006e-05
4.32673e-05
0.000174886
4.00453e-05
3.25911e-06
0.000121634
0.000102359
4.24665e-06
4.52545e-06
2.25189e-05
4.35638e-06
2.4628e-05
0.000101509
1.64377e-06
5.53574e-06
4.70735e-06
3.63865e-05
1.18208e-05
0.000114192
7.25688e-06
2.46155e-05
3.84457e-05
4.78374e-06
7.72919e-06
1.01445e-05
1.16537e-05
5.10161e-06
6.2266e-06
0.000137616
6.69997e-06
8.61471e-05
5.64963e-06
0.000108217
8.12816e-06
7.15248e-06
5.19458e-05
5.16966e-06
3.84641e-05
2.07229e-05
9.92958e-06
0.000129559
4.52106e-05
8.43333e-05
4.08223e-06
8.01206e-06
7.06729e-06
4.40989e-05
8.67757e-06
2.21542e-05
8.13719e-06
1.09584e-05
2.02835e-05
3.40532e-06
0.000113015
3.97067e-05
1.26621e-05
0.000151922
1.16676e-05
0.000116889
4.79078e-05
2.63503e-05
1.16946e-05
1.73142e-05
0.000140475
0.000100251
4.36486e-05
0.000105621
4.03744e-06
8.69228e-06
2.13314e-05
1.88634e-05
2.1744e-05
4.59002e-06
0.000153592
4.14903e-06
0.000104619
0.000137743
2.1113e-05
7.80149e-06
6.5231e-05
1.49722e-05
0.000175057
9.4482e-05
3.70633e-05
5.64887e-07
5.9933e-06
5.54531e-05
4.33024e-05
4.00717e-05
6.17792e-05
2.7525e-06
0.000102444
4.91565e-05
0.000130312
5.79928e-06
9.92425e-06
1.38625e-05
0.000101205
2.1747e-05
2.58522e-05
0.000168184
2.24684e-05
5.01979e-06
5.44398e-06
0.000142623
3.22786e-06
1.18371e-05
1.19271e-05
4.47631e-05
4.40513e-06
3.08655e-06
1.19195e-05
2.78884e-05
1.18803e-05
0.000137476
4.61544e-06
1.17931e-05
2.3559e-05
1.38959e-05
2.82749e-05
6.61475e-05
3.78236e-05
6.18163e-05
4.12136e-05
1.46714e-05
2.70186e-05
1.62781e-05
8.93643e-05
1.04661e-05
4.93436e-05
5.00875e-05
0.000110213
6.13771e-06
2.05708e-05
3.22648e-05
4.95214e-06
0.000104911
6.49257e-06
7.80332e-05
9.31909e-05
1.6193e-05
6.76737e-06
7.58659e-05
3.55368e-05
2.86514e-06
0.000178799
7.95244e-05
5.50775e-06
5.20261e-05
4.29898e-06
5.42709e-05
2.18071e-06
5.20308e-05
0.000128908
5.24663e-05
9.71284e-05
6.54424e-05
0.000453289
0.000100396
6.93971e-05
0.000346916
4.47046e-06
3.91712e-05
3.60792e-05
1.74965e-05
4.36971e-06
9.57276e-05
4.04424e-06
7.65753e-06
9.28044e-05
2.70489e-05
3.70795e-06
6.5292e-06
0.000159802
0.000123587
5.59897e-05
1.02505e-05
1.75392e-05
5.84489e-06
3.64631e-05
8.92913e-06
2.56925e-05
0.00016755
2.08044e-05
8.14502e-05
8.08267e-05
4.31204e-06
2.74282e-05
0.000101712
7.1763e-06
7.40383e-05
4.77387e-05
3.00926e-05
0.000150132
0.000101838
0.00012113
2.72275e-05
6.50253e-06
0.000135598
0.000110289
1.95815e-05
5.22912e-06
4.29273e-05
0.000114868
6.19973e-05
4.29004e-05
0.000119648
6.31479e-05
5.38661e-05
2.19069e-05
0.000135406
5.70907e-05
0.000104664
1.17187e-05
1.26876e-05
6.72985e-05
8.59206e-05
0.000142354
7.00367e-05
5.58992e-05
7.55624e-05
3.01183e-05
0.000108911
0.000116926
4.1746e-05
3.691e-06
3.91543e-05
1.11497e-05
3.5035e-05
6.46927e-06
0.00014769
5.56372e-06
4.97909e-05
7.04555e-06
2.80699e-05
0.000112752
1.28218e-05
3.98334e-05
3.23763e-05
5.23165e-06
8.63264e-05
1.3058e-05
2.01541e-05
4.99884e-05
4.7863e-05
6.84499e-05
0.00012726
7.87253e-05
4.7807e-05
8.80072e-06
1.28638e-05
1.52435e-05
4.24051e-06
1.30712e-05
5.84031e-05
8.62393e-05
7.15109e-05
0.000106205
1.86809e-05
0.000129499
0.000119643
8.57654e-05
8.10027e-06
5.17196e-05
1.49714e-05
0.000105477
7.30549e-06
0.000101684
0.000103995
3.92755e-06
9.66604e-05
5.33096e-05
0.000128787
7.6293e-06
6.935e-06
5.7478e-05
7.71512e-05
9.54573e-06
9.82515e-06
9.5901e-06
6.1863e-06
0.000132049
6.54002e-06
5.85099e-05
1.77221e-05
7.99572e-06
0.000124948
5.98984e-06
6.17057e-05
6.28364e-06
1.40597e-05
5.93522e-05
5.63163e-06
4.92453e-05
0.000110533
1.82018e-06
0.000121309
1.52231e-05
1.39058e-05
5.5094e-06
3.6776e-05
9.08825e-05
0.000156838
0.000185489
0.000157546
7.3661e-05
3.92501e-05
0.000118385
0.000139271
4.60287e-06
1.23502e-05
2.81213e-05
7.80884e-05
1.90101e-05
4.05659e-05
4.63931e-05
6.16726e-05
5.48657e-06
9.42918e-05
8.04933e-05
5.77543e-05
1.80416e-05
0.000108473
0.000171188
2.20959e-05
4.65657e-05
1.87818e-06
5.53352e-05
1.62654e-05
0.000121466
4.51639e-05
1.64372e-05
3.24488e-05
5.19383e-05
2.59728e-05
4.42181e-06
2.50727e-05
2.81453e-06
5.94319e-05
5.58201e-06
9.98156e-05
0.000112471
0.000148863
2.35931e-06
0.000182407
9.68634e-05
2.14033e-05
5.38815e-05
3.97597e-05
5.49018e-05
0.000140326
2.38968e-05
7.71058e-05
0.000109091
2.51755e-05
2.09713e-05
3.25814e-05
0.000118912
0.00010028
4.79924e-06
5.01877e-05
1.74945e-05
0.000115849
6.23247e-05
1.07437e-05
4.85067e-06
0.000400252
1.18748e-05
5.16856e-06
4.21918e-05
6.54856e-05
8.51381e-06
0.000116875
0.000106239
2.06793e-05
2.6602e-05
6.54626e-06
0.0001018
2.32126e-05
0.000122458
8.48949e-06
9.35927e-06
1.594e-05
0.000133832
2.56605e-05
5.96215e-06
3.46845e-05
3.49533e-05
1.72242e-05
0.000100014
4.50169e-06
8.67576e-06
5.2389e-05
5.77178e-05
0.000164917
4.51966e-05
0.000126237
0.000127113
7.7739e-05
2.50292e-05
0.000141047
0.000146992
1.17305e-05
0.000116039
6.48246e-05
8.22477e-05
6.99505e-05
3.47745e-06
6.85954e-05
9.24577e-05
4.09397e-06
4.98132e-06
6.6692e-06
0.00014381
6.13979e-05
5.21421e-05
9.55282e-05
3.42631e-05
2.52512e-05
4.70747e-05
0.000105958
5.45468e-05
5.03719e-05
3.69305e-06
1.93347e-05
7.39956e-06
0.00011966
5.63421e-05
6.46651e-05
0.000103188
9.99321e-06
7.54796e-05
1.79236e-05
2.4346e-05
1.56862e-05
0.000102114
0.000115656
2.99031e-05
5.82763e-05
3.31924e-05
9.28187e-06
0.000110008
3.09291e-05
0.00018151
0.000134516
4.77991e-05
1.36821e-05
0.000145379
5.55341e-05
3.03784e-05
6.47723e-08
0.000143292
0.000117766
0.000151064
4.14186e-05
4.76443e-05
9.04572e-05
2.72956e-05
6.3081e-05
7.56661e-05
2.31061e-05
3.28463e-05
1.57882e-05
5.87571e-05
3.98337e-05
3.1109e-06
1.97725e-06
5.53836e-05
0.000107411
0.000170506
4.33726e-05
2.85257e-05
3.21625e-05
6.69135e-07
5.99693e-05
9.44082e-05
4.17227e-06
6.59663e-05
6.40065e-05
8.69321e-05
3.41397e-05
9.56465e-05
5.93607e-05
3.34877e-05
6.93127e-05
0.00060439
8.27482e-05
8.6105e-05
2.57647e-05
7.84634e-06
9.77201e-05
0.000103163
0.000138715
0.000122606
0.000118664
0.000106877
0.000116051
0.000104926
3.33053e-05
0.000147846
0.000431473
6.56016e-05
2.18772e-05
0.000169801
0.000118227
0.000108793
5.45898e-05
2.91333e-05
0.00131686
2.3919e-05
5.50906e-05
2.48688e-05
0.000108909
4.42729e-06
3.03292e-05
0.000117489
3.24514e-05
2.13795e-05
3.67078e-05
5.64272e-05
2.98898e-05
5.13775e-05
7.99767e-07
0.00017467
4.51567e-05
5.68062e-05
2.10422e-05
0.000863844
4.34139e-06
4.7405e-05
0.000175173
5.32533e-05
1.55276e-05
0.000154925
2.41689e-05
1.90851e-05
2.63442e-05
8.04968e-06
0.000127801
2.61947e-05
6.17486e-05
6.85566e-05
8.45902e-05
4.39569e-05
0.000102387
9.70463e-05
7.7956e-05
2.64775e-05
0.000161136
6.09092e-05
6.58398e-05
4.83357e-05
9.03677e-05
4.28071e-06
5.82531e-05
6.40815e-05
3.44395e-05
8.56491e-05
0.000157777
7.22648e-05
2.79502e-05
0.000152925
8.63868e-05
2.27583e-05
1.66329e-05
0.000108365
2.2049e-06
6.2741e-05
5.39152e-06
9.73601e-05
4.03826e-05
0.000131718
2.41445e-05
2.9501e-05
1.84492e-05
6.50741e-05
9.5328e-05
5.98545e-05
1.32211e-06
3.60043e-05
6.11413e-05
6.32985e-07
2.8748e-05
6.19678e-05
3.73969e-05
5.21185e-05
1.44071e-05
9.30372e-05
4.76164e-05
0.000133547
3.48288e-05
4.73386e-05
4.65077e-05
5.63165e-06
0.000169348
8.1531e-05
2.69781e-06
4.20643e-06
3.17488e-05
0.000100698
3.46573e-05
6.59345e-06
1.12599e-06
0.000110538
5.67179e-05
9.05056e-05
5.74354e-05
5.8401e-05
2.87659e-05
0.000100431
7.12833e-06
8.52715e-05
0.000146348
0.000130939
0.000115239
2.58153e-05
9.88952e-05
0.000139077
0.000111614
3.97294e-05
6.06766e-06
0.000172522
4.28579e-05
9.70776e-05
2.88172e-05
4.78295e-05
4.95247e-05
3.48e-05
5.87452e-05
3.42619e-06
9.11597e-05
8.50002e-05
4.67899e-05
1.93038e-05
3.99732e-06
0.000119503
1.89459e-05
6.82837e-05
5.62535e-05
5.63052e-06
3.42682e-05
4.44385e-05
0.000126259
3.11148e-06
3.21004e-05
7.9262e-05
9.73305e-05
1.61256e-06
7.57172e-05
8.71448e-05
1.17984e-05
3.13163e-05
1.50495e-05
6.28001e-05
5.6766e-06
4.14913e-05
1.93914e-08
5.37865e-05
0.000136767
8.84965e-06
8.17421e-06
5.72449e-05
5.85669e-05
2.39164e-05
6.22622e-06
4.94373e-06
7.50834e-05
5.98416e-07
3.68545e-05
0.000113009
0.000164088
3.84665e-05
5.61766e-05
8.34653e-05
0.000165705
5.9555e-05
6.19056e-06
6.78607e-06
8.82147e-05
0.000106738
1.19505e-05
4.72697e-05
0.000102995
4.82425e-05
7.84009e-05
5.56976e-05
3.1511e-05
6.71891e-05
8.11058e-05
5.38895e-05
8.27309e-05
3.70316e-05
2.90939e-05
8.33881e-05
3.9366e-05
4.73383e-05
2.81964e-05
7.3521e-05
8.21447e-05
7.38443e-05
5.57822e-06
0.000108755
0.00010942
9.68479e-05
9.60209e-06
8.28984e-05
0.000105827
3.41566e-06
1.81598e-05
4.88741e-05
6.09606e-06
0.000154496
4.62156e-06
0.000149193
0.000110217
3.179e-05
3.9254e-05
2.39806e-05
6.8918e-05
6.19455e-05
5.18061e-06
4.98546e-06
5.39907e-05
5.36204e-05
6.64497e-05
5.87608e-05
0.000170236
4.56851e-05
9.82673e-05
0.000144488
3.87603e-05
1.43062e-05
6.48536e-05
1.30157e-05
5.6015e-05
0.000199462
0.000341528
6.20503e-05
9.68186e-05
5.18308e-05
9.59617e-05
9.81452e-05
6.12543e-06
0.00011104
1.07747e-05
8.5234e-06
5.93906e-05
3.462e-05
0.000163918
1.27657e-05
5.88764e-05
0.000149404
1.7067e-05
9.7924e-05
2.97219e-06
9.41048e-05
3.97798e-05
8.00924e-06
5.52962e-05
3.06362e-05
9.23862e-05
0.000124105
9.8041e-05
6.6709e-05
9.22184e-06
7.88927e-05
0.000102651
0.000107768
0.000254232
0.000184111
0.000120889
9.30945e-05
0.000154225
7.85991e-05
9.06477e-06
3.69477e-05
5.92409e-05
2.87864e-06
0.000110412
4.59789e-05
5.40602e-05
0.000179679
8.4081e-06
3.79992e-06
0.000109544
4.96554e-05
4.12988e-05
1.58682e-05
5.94253e-05
0.000123867
8.82805e-05
0.000109004
7.25538e-05
0.000143573
1.00176e-05
6.67524e-07
0.000147721
2.1401e-05
7.27613e-06
8.5758e-05
3.76474e-05
0.000111476
0.00010797
2.45735e-06
0.000112387
2.80063e-05
0.000159163
0.00012824
4.28901e-05
5.5363e-05
5.79e-05
3.19422e-05
4.63421e-05
9.50998e-05
4.8529e-06
0.000107796
1.27087e-05
0.000121224
0.000179342
1.04655e-05
6.60486e-06
7.37993e-05
0.000115689
5.44119e-05
4.67375e-05
5.60862e-05
4.04772e-05
6.25958e-05
1.7207e-05
0.000143981
7.92612e-05
3.22676e-05
3.46335e-05
5.95851e-05
5.97355e-05
0.00010094
3.42445e-05
6.0358e-05
4.40106e-05
1.86577e-05
1.12811e-06
1.76922e-05
6.03578e-06
5.30874e-05
2.7267e-05
5.88226e-06
5.9646e-05
8.1127e-05
8.87886e-05
0.000118063
0.000119057
0.000127369
0.000111268
9.13492e-05
0.000141007
4.93277e-06
0.000218129
0.000107685
6.85289e-06
6.71101e-05
9.3135e-05
5.50443e-05
2.63228e-05
4.50281e-05
3.50974e-05
3.52063e-05
5.49813e-05
0.000101458
0.000115461
5.42393e-05
0.000184894
1.72259e-05
0.000164887
4.39877e-05
6.52084e-05
5.00754e-05
4.89243e-05
0.000133302
3.47319e-05
9.07574e-05
3.06303e-05
8.07222e-05
8.42794e-07
1.34016e-05
4.05109e-05
0.000115038
3.5083e-05
3.23121e-05
0.00013741
1.55515e-06
1.0956e-05
2.68548e-05
0.000117982
1.57407e-05
5.68279e-05
0.000110983
7.57108e-05
1.30582e-06
4.89383e-05
7.22961e-05
8.55576e-05
9.92317e-05
5.55788e-05
8.90777e-05
6.72655e-05
2.18068e-06
0.000102037
2.68762e-05
6.03509e-05
9.38503e-05
3.14304e-05
4.12081e-06
2.74323e-05
7.0798e-05
5.90363e-05
5.30407e-05
0.000816161
0.000176501
9.84638e-05
8.9718e-05
1.54587e-05
4.10783e-05
5.8688e-05
2.10003e-05
4.31453e-05
0.000145549
6.77281e-05
0.000127149
0.000124084
4.32591e-05
7.12553e-06
4.6997e-06
9.67859e-05
5.87606e-05
3.52093e-05
0.000129497
3.12039e-05
8.63124e-06
5.44585e-06
9.84719e-05
0.000133656
0.000315995
7.75615e-05
8.89597e-05
7.22814e-05
1.36266e-05
1.16188e-05
0.000139149
3.98576e-05
8.76425e-05
3.86311e-05
7.80824e-06
0.000187703
2.68888e-05
6.20323e-05
5.11216e-05
2.00429e-06
6.57039e-05
3.902e-05
0.000146278
0.000125224
9.53944e-05
2.33349e-05
9.2599e-05
4.54126e-05
2.51119e-05
7.73206e-05
7.16662e-05
7.65121e-05
8.86434e-05
6.98583e-05
4.00038e-05
0.000155908
6.79883e-05
8.73273e-05
6.92124e-06
3.74515e-05
3.60747e-05
6.85906e-05
4.73612e-05
1.21698e-06
5.69975e-05
4.53632e-05
0.000106345
8.25279e-05
6.81898e-05
7.92416e-06
7.7605e-05
5.63784e-05
3.48699e-05
6.17297e-05
0.000179459
2.44652e-05
0.000135936
2.93491e-05
3.70599e-05
4.1403e-05
9.53342e-05
1.65877e-05
9.33253e-05
9.7332e-06
3.14098e-05
0.000103786
0.000106297
7.85234e-07
2.36053e-05
0.000135927
0.000133617
2.70965e-05
0.000102174
0.000108697
4.12592e-05
9.03668e-06
6.58641e-06
4.51467e-05
0.00043996
4.91573e-05
7.27537e-05
4.3782e-05
9.13749e-05
0.000127529
8.78955e-05
6.84343e-05
0.00050694
7.81762e-06
3.77502e-05
0.000147771
0.000135871
0.000126128
0.000130134
2.58339e-05
4.7016e-05
6.89317e-05
0.000109756
0.000319215
0.000157396
6.84261e-05
0.000165559
9.76229e-05
0.000104856
3.9429e-05
5.64395e-05
5.36144e-05
0.000112878
1.50604e-06
9.80886e-05
2.72732e-05
6.48777e-05
6.5903e-05
5.65045e-05
2.43574e-05
4.50051e-05
1.13e-05
5.93551e-05
5.56495e-05
5.36294e-05
5.55132e-05
7.54723e-05
0.000160177
3.19082e-05
4.52338e-05
5.63139e-05
5.73965e-05
0.000135176
0.000174267
2.21097e-05
9.67444e-05
4.36361e-06
8.34985e-05
3.31296e-05
0.000170932
6.44181e-05
9.22592e-05
0.000163051
0.000129879
1.80056e-05
9.46249e-05
5.22748e-05
0.000346643
6.53585e-05
8.29528e-05
1.11767e-05
7.63553e-05
0.000164628
3.5985e-05
4.83978e-06
9.99754e-05
0.000172149
3.63185e-05
4.24962e-06
0.000112042
2.25773e-05
9.79001e-05
6.3636e-05
0.000116176
0.000135748
3.50882e-05
4.17873e-06
4.14633e-06
7.25907e-05
4.36195e-05
4.82129e-06
5.72302e-05
0.000125961
5.86884e-06
0.000133988
2.55017e-05
0.000119706
5.22366e-05
4.34949e-05
1.71995e-05
4.1596e-06
0.000127499
2.86926e-05
9.67199e-05
4.14951e-05
7.01988e-05
8.97362e-06
0.000117304
0.000122189
0.00011739
0.000195318
6.6812e-06
3.2093e-05
5.96105e-05
6.79876e-05
0.000117963
0.00015717
2.95198e-05
0.000105371
1.57524e-05
6.85478e-05
3.99905e-05
4.1882e-06
0.000101586
4.00726e-05
7.45366e-05
7.78636e-06
3.52423e-05
8.10203e-05
1.36801e-06
2.84534e-05
5.00023e-05
8.61645e-05
7.34803e-05
2.83153e-05
2.66872e-05
0.000102735
9.07003e-05
0.000106437
0.00014927
0.000119612
1.26058e-05
3.34476e-05
2.28028e-05
2.27946e-05
3.37087e-05
9.47597e-05
8.61028e-05
9.97727e-05
0.000131012
3.20174e-05
0.00011163
1.23042e-05
0.000167891
7.08631e-05
5.51963e-05
5.98904e-06
7.48862e-05
0.000159925
0.000115027
4.26363e-05
4.11489e-05
7.63399e-06
9.98108e-05
3.19513e-05
2.74004e-05
9.32991e-05
6.84879e-06
1.32025e-06
3.47745e-05
0.00010713
2.45444e-06
3.58319e-05
0.000181888
5.79094e-05
1.23262e-05
8.01499e-05
9.44334e-06
1.54446e-05
9.99224e-05
0.00010136
6.69567e-05
0.000121066
0.000122238
7.64811e-05
0.000188209
8.0176e-05
3.40252e-05
0.000122646
6.77308e-05
0.000124214
0.000143806
7.39047e-05
7.27049e-05
2.61216e-05
5.06402e-05
6.63276e-06
5.81615e-05
4.59971e-05
0.000157142
6.34613e-06
9.03003e-05
3.97541e-05
9.19422e-05
0.000128323
7.59518e-05
9.99474e-05
0.000110748
0.00010262
3.76789e-05
6.68048e-05
5.19524e-05
3.17128e-06
9.8158e-05
4.39544e-05
0.000156752
0.000169468
4.14399e-05
0.000129416
0.000138083
4.4587e-05
5.726e-05
4.38907e-05
2.22219e-06
0.000122025
0.000146345
2.61938e-05
6.86779e-06
0.000139193
0.000126183
0.000138862
7.82804e-05
7.14409e-05
2.02626e-05
9.68537e-05
0.000165655
0.000111991
5.99706e-05
0.000171223
1.24932e-06
0.000109568
4.31227e-05
3.29325e-06
7.26585e-05
1.84194e-05
2.22015e-05
2.84565e-05
4.10997e-05
9.54067e-05
9.9289e-06
2.43449e-05
0.000113351
2.85713e-05
3.81718e-05
0.000159953
8.18558e-05
1.82995e-05
1.50976e-06
8.70487e-05
1.37574e-06
0.000124301
1.78617e-05
8.53095e-05
3.10832e-05
3.96371e-06
3.02249e-06
0.000112356
8.24889e-05
6.6511e-05
3.65763e-05
7.63772e-05
0.000212337
0.000187242
0.000852577
3.0813e-06
7.77637e-05
0.000141055
4.4341e-05
0.000101833
6.09568e-05
9.89831e-05
0.000127186
0.000147287
9.13292e-05
8.72518e-05
6.57175e-05
6.25668e-06
2.69845e-05
6.39184e-06
4.04955e-05
0.00010022
6.311e-06
0.000113083
4.97457e-05
5.44731e-05
0.000135736
0.000113677
5.18754e-05
5.21385e-05
4.53058e-06
0.000129716
3.4466e-05
0.000165392
6.4232e-06
7.86278e-05
3.85257e-05
0.000103594
5.75961e-05
0.000111645
4.00695e-05
6.06513e-06
4.1661e-06
3.00594e-05
0.00010908
3.57778e-05
5.18511e-05
0.000111278
8.45616e-05
0.000126812
2.46007e-06
0.000100905
7.16322e-05
2.7045e-05
0.000122719
5.45651e-05
8.59534e-05
4.72649e-06
0.000100749
9.47598e-05
2.27568e-05
5.49424e-06
4.80333e-05
0.000164571
0.000128996
8.94502e-05
4.62018e-05
7.95204e-05
1.14935e-05
5.46083e-06
6.44499e-06
2.80697e-05
5.58697e-05
3.38405e-06
5.05055e-05
3.9782e-06
4.95944e-05
7.85747e-05
8.04974e-05
0.000128738
0.000139308
2.65434e-05
3.2133e-05
5.96981e-05
4.21684e-05
9.33131e-05
4.06563e-05
3.9824e-05
4.06685e-05
6.42663e-05
2.98169e-06
0.000120644
0.000111447
4.15788e-06
4.00162e-05
8.259e-05
8.2787e-05
8.24451e-05
6.56399e-05
8.60419e-05
7.47581e-06
0.000116309
8.05176e-05
3.33476e-05
1.76792e-05
4.47669e-05
8.30498e-05
0.00018339
0.00013854
6.44826e-05
4.02274e-05
5.88294e-06
3.94092e-05
5.96667e-05
0.000148366
3.86316e-05
1.14915e-05
2.96766e-05
0.000119056
3.19167e-05
3.41771e-05
6.32637e-05
0.000625589
6.1751e-05
4.87463e-05
8.64209e-05
8.52594e-05
3.08594e-05
3.34315e-05
0.000110998
0.000111437
5.94961e-05
5.02975e-05
0.000132136
0.000102253
0.000128561
6.53808e-05
0.000131809
0.000169762
9.48048e-05
5.15144e-05
3.41703e-05
3.42247e-06
8.89744e-05
4.50385e-06
3.59712e-06
0.000175106
3.66314e-05
0.000434083
8.45882e-05
6.74909e-05
8.61983e-05
2.9606e-05
6.13034e-05
2.57494e-06
9.51424e-05
1.47318e-05
1.54249e-05
1.84874e-05
0.000124434
3.0498e-06
8.99505e-05
8.3511e-05
0.000113662
3.32069e-05
0.000100702
0.000102074
5.97792e-05
6.11294e-05
0.000128362
4.2359e-05
1.2818e-05
0.000102233
5.22636e-05
3.74866e-06
1.18322e-06
9.23217e-05
0.000101141
0.00015788
7.23647e-05
8.47117e-05
0.000110597
0.000154189
5.24096e-05
4.99549e-05
9.32435e-05
0.000154151
6.20691e-05
5.50902e-05
7.04803e-05
6.44725e-05
5.23606e-06
4.65555e-05
0.00013935
5.83597e-06
3.67084e-05
0.000189276
6.63199e-06
7.98439e-05
0.000127936
4.17871e-05
1.51597e-05
0.000125221
0.000195727
0.000104939
5.86235e-05
4.69741e-06
5.76659e-05
5.81505e-05
8.70187e-05
8.24422e-05
8.51659e-05
0.00113801
7.70442e-05
3.21276e-06
0.000126708
5.18331e-05
5.85395e-05
6.33136e-06
2.09799e-05
0.000119928
1.61826e-05
1.87242e-07
9.6487e-05
8.96796e-05
6.28382e-06
9.26033e-05
3.87628e-05
0.00013908
8.46592e-06
4.21276e-06
4.06973e-05
0.000471667
9.96724e-06
4.32098e-06
2.32161e-06
2.64658e-05
0.000128185
3.60839e-05
2.84923e-05
6.76779e-05
0.000165625
4.72304e-05
9.18172e-05
2.84557e-05
4.27958e-06
8.78859e-05
0.000104732
2.08051e-05
9.71966e-05
0.000120474
3.50289e-05
9.1217e-05
0.000128727
0.000119079
2.31154e-05
0.000126279
0.000165238
3.68599e-05
8.55934e-05
2.8899e-05
0.000129154
6.12234e-05
6.94503e-05
9.19537e-05
0.000147439
2.18062e-06
8.56742e-06
7.11636e-06
0.000101907
9.94724e-06
8.5871e-05
7.23635e-05
9.68194e-05
5.88376e-05
0.000138434
5.71498e-06
0.000130683
0.000126999
0.000111211
2.95034e-05
8.70614e-05
3.18939e-06
5.56111e-05
7.66072e-06
4.4836e-06
7.25245e-05
0.000157627
9.45456e-05
9.19807e-05
4.24691e-06
9.32478e-06
4.65849e-06
5.92447e-05
5.02106e-05
8.68019e-05
6.77508e-05
7.59896e-05
0.000117304
0.000137449
2.2644e-05
0.000131501
8.50901e-05
0.000135569
9.76368e-05
6.153e-05
4.9452e-06
0.000112736
4.2844e-05
1.26158e-05
4.15956e-05
1.23872e-05
0.000119934
4.36058e-06
4.07154e-06
0.000113055
0.000143887
3.7881e-05
2.71724e-05
0.000157348
1.28494e-05
0.000135687
4.5361e-05
0.000156336
4.58184e-06
8.37363e-05
8.16763e-05
8.4541e-05
0.000114996
1.49932e-05
8.22853e-05
9.31472e-05
1.7916e-06
5.87625e-06
6.95632e-06
2.76051e-05
5.47557e-06
3.93615e-05
7.38495e-06
9.64697e-05
1.44307e-05
9.67044e-05
5.51953e-05
0.000111426
0.000146032
8.69911e-05
3.33827e-05
7.41003e-05
7.3369e-06
6.14846e-06
0.000154384
1.25123e-05
3.05442e-05
1.38327e-05
0.000109471
4.25504e-05
0.000112221
0.00010473
6.6172e-06
9.0982e-05
9.59285e-05
4.83811e-05
5.81828e-05
6.15883e-05
0.00012214
0.000109875
4.76218e-05
1.54341e-05
1.87353e-05
5.45881e-05
6.591e-06
4.88896e-05
3.78331e-05
2.52805e-05
4.20545e-05
1.61565e-05
6.11076e-05
3.97027e-05
4.78404e-05
8.29083e-05
0.000171531
0.000168419
6.43194e-05
0.000162897
9.51124e-05
2.68278e-05
3.46563e-05
9.07411e-05
8.94888e-05
1.17607e-05
5.11368e-06
7.75136e-05
0.000112076
6.52405e-05
4.67765e-06
8.60905e-05
1.75506e-05
0.000110317
5.22172e-06
0.000158227
0.000126003
4.41908e-05
0.000139185
0.000117013
5.2202e-06
9.76158e-05
6.53707e-05
0.000150144
0.000135167
5.09875e-05
8.83397e-05
5.70744e-06
0.000150487
6.56132e-05
0.000117238
3.51621e-05
0.000149912
5.03311e-05
3.74893e-05
4.36457e-05
0.000100285
9.92489e-05
5.50656e-05
0.00012534
7.11611e-05
0.000134643
5.06607e-05
9.58733e-05
0.000104078
6.0417e-06
2.77891e-06
3.98913e-05
3.34002e-05
4.41089e-06
3.21209e-05
6.77644e-06
0.000149508
0.000162486
9.77979e-06
0.00015563
3.23483e-06
0.000114197
3.36462e-05
8.46141e-05
4.92002e-05
6.1537e-05
2.22249e-05
1.22457e-05
0.00013098
3.92211e-05
0.000136032
4.94177e-05
6.04918e-05
3.17936e-05
6.74221e-05
0.000109548
0.000105394
5.05546e-06
9.14158e-05
5.13935e-06
8.93364e-05
0.000122474
0.000113435
0.000109232
0.00018227
1.30982e-05
0.000115863
9.53483e-05
1.69508e-05
5.25692e-05
9.42812e-05
1.19668e-05
4.37908e-05
0.000110166
5.59802e-05
7.61495e-06
5.40961e-05
0.000166159
6.67376e-06
1.97106e-07
6.66609e-06
6.72699e-05
5.90018e-05
0.000112107
4.73139e-05
0.000166478
6.9648e-05
5.55652e-05
6.83251e-05
0.000121257
1.35466e-07
9.83323e-05
1.00717e-05
5.21522e-05
8.78846e-05
7.27378e-06
5.00283e-05
7.31923e-06
1.76142e-05
8.56641e-05
3.44459e-05
0.00011456
0.000137746
9.57189e-05
1.07857e-05
5.59083e-06
9.0645e-05
0.000151251
4.5751e-06
0.000106338
3.61474e-05
5.51958e-06
6.08306e-05
7.19798e-06
3.36582e-05
4.31094e-06
8.88888e-06
8.89365e-06
0.000125608
0.000224922
7.80028e-06
7.76679e-05
3.81514e-05
0.000142431
0.000161812
9.82112e-05
5.09372e-06
6.83048e-05
6.85135e-06
6.27177e-06
5.78998e-05
2.73403e-05
4.00517e-05
2.43952e-05
1.85096e-05
8.94533e-05
4.60815e-05
3.76451e-05
6.20388e-05
7.66672e-06
0.000102486
0.00010472
0.000104756
1.05332e-05
3.0197e-05
4.36464e-05
4.83591e-06
5.33921e-05
0.000114983
2.80788e-05
7.10719e-06
4.64605e-05
3.65194e-05
0.000122795
1.89897e-05
4.60072e-05
0.000138973
8.26472e-06
8.12849e-05
7.44234e-05
3.74774e-05
0.000145653
6.76403e-06
8.93667e-05
2.78686e-05
7.09321e-05
6.34916e-06
7.91709e-05
6.58321e-06
7.47842e-06
0.00016777
0.000145477
6.49847e-06
5.55833e-05
0.000148823
8.74288e-05
1.4802e-05
0.000132288
0.000128968
1.21566e-05
1.0588e-05
7.58873e-05
6.58507e-05
5.56148e-06
5.02912e-05
6.44308e-06
1.38144e-05
1.66195e-05
6.90418e-05
3.23132e-05
7.90409e-06
7.94477e-06
0.000107783
6.91305e-05
3.35318e-05
4.39764e-05
2.06524e-05
0.000159755
1.89486e-05
6.78698e-06
3.99692e-05
0.000179294
6.04803e-06
7.62029e-05
8.87265e-05
0.000149027
6.98227e-05
6.98191e-06
9.7858e-05
4.76764e-06
4.06452e-05
0.000152395
4.26859e-05
0.000154783
0.000110771
4.25696e-06
6.47323e-05
2.58742e-06
0.000109655
6.86306e-05
8.59462e-06
0.000140141
0.000102569
7.07514e-05
3.79263e-05
6.59438e-06
8.56596e-05
7.53058e-05
4.66113e-06
1.15041e-05
1.20145e-05
0.000162472
4.79485e-05
0.000108694
1.24715e-05
2.45072e-05
0.00012231
1.78389e-05
5.48274e-05
3.34858e-06
4.51037e-05
6.57043e-05
5.08819e-05
9.30899e-06
0.00016832
0.000181236
4.47687e-05
5.44217e-06
9.003e-05
4.11465e-06
6.94584e-05
7.34469e-05
4.81295e-06
0.000132272
4.26896e-05
7.63893e-06
1.73615e-05
3.17874e-05
2.5281e-05
9.33355e-05
2.58544e-05
0.000105324
1.28319e-05
2.97456e-05
0.000145055
0.000110159
0.000102411
6.37817e-05
0.000100307
0.00014222
3.76675e-05
6.52244e-06
0.000105444
8.40788e-05
0.00010092
0.000160559
6.83245e-06
3.86466e-06
3.14732e-05
0.00015375
0.000109349
1.35079e-06
1.28287e-06
2.26722e-06
7.38603e-07
2.79243e-07
1.02314e-06
2.77542e-07
5.68821e-07
4.77088e-07
3.14022e-06
5.02827e-07
2.64527e-06
3.75379e-06
0.000131552
3.14421e-05
9.08737e-06
7.42669e-05
2.704e-05
3.96025e-05
2.92348e-05
3.85626e-07
6.00755e-05
3.44146e-05
6.66529e-06
6.26648e-06
2.89773e-07
6.84395e-05
5.61841e-06
1.15147e-05
2.66487e-07
3.72332e-05
3.70842e-05
5.62256e-06
1.66115e-05
8.69286e-06
3.84553e-05
2.67118e-05
5.97502e-06
1.2825e-05
1.50513e-05
5.86657e-06
5.81259e-05
0.000111495
1.63706e-07
7.8128e-05
4.91514e-06
4.12391e-05
4.43292e-05
0.000108421
7.51357e-05
0.000157395
3.60175e-05
8.40176e-05
4.46079e-05
3.50333e-05
4.46994e-06
8.01433e-06
9.94036e-05
0.00100402
1.46084e-07
2.03775e-05
3.69342e-05
0.00011227
0.000139411
0.000114083
2.90619e-05
1.61765e-05
0.000127821
0.00012132
7.85118e-05
3.32464e-05
4.67613e-05
3.79452e-05
0.000103992
6.879e-05
2.24199e-05
0.00176737
0.000139321
8.38145e-05
3.66635e-05
0.000123696
2.58752e-05
3.27818e-05
4.96605e-05
0.000154668
0.000138143
9.63774e-05
0.000141024
5.46589e-06
3.97302e-05
4.70512e-06
8.06026e-06
3.40798e-05
0.000869642
0.00013198
5.27242e-06
5.76715e-05
9.41798e-05
7.09346e-06
0.000150542
7.57953e-05
3.85034e-05
4.34122e-05
7.61739e-05
0.00013432
1.77753e-05
0.000133624
5.62633e-05
3.81889e-05
9.59365e-05
2.05143e-05
1.83027e-05
0.000114057
5.21265e-05
0.000107022
5.47356e-05
8.79991e-05
2.24976e-05
3.19425e-06
0.000111131
7.25536e-05
5.45321e-05
7.55006e-05
3.93253e-05
0.000116616
1.36411e-05
6.88912e-06
4.08039e-05
0.000136704
8.9748e-05
3.36661e-05
0.000111892
6.65821e-05
7.56936e-05
0.000150745
9.59756e-06
8.37063e-05
3.22717e-05
9.88225e-06
7.63847e-05
5.27738e-05
5.69566e-05
4.2091e-06
0.000139555
4.89433e-06
0.000126302
4.25633e-05
4.75223e-06
7.75033e-06
9.30031e-05
0.00013714
2.66037e-05
3.7508e-06
0.00013532
2.23526e-05
0.000110302
7.58814e-05
3.23804e-05
6.40705e-06
2.11395e-05
8.33697e-05
0.00012682
1.15688e-05
0.000152515
5.5031e-06
3.66616e-05
3.93803e-05
8.93881e-05
0.000161776
2.75208e-05
4.29777e-06
2.93934e-05
1.01656e-07
5.21523e-05
3.08912e-05
0.000100353
4.43575e-05
0.000114012
7.39467e-05
4.61794e-05
9.82149e-05
4.7784e-05
6.5069e-05
0.000118192
5.41366e-05
0.000133039
6.77598e-05
6.34261e-06
7.79937e-05
0.000110998
6.156e-06
2.85132e-05
4.55828e-05
5.05377e-05
2.08311e-05
2.70357e-05
3.53131e-06
0.000116529
4.26121e-05
3.61803e-05
8.17389e-05
2.74276e-05
5.20289e-05
0.000114651
2.43912e-05
0.000132446
3.88908e-05
3.08977e-05
5.58186e-05
3.27218e-06
1.25707e-05
0.000151478
1.24649e-05
7.54606e-06
8.19452e-05
0.000108514
5.54879e-05
5.66084e-05
4.38925e-05
0.000138076
1.04835e-05
9.58056e-05
3.32783e-05
4.51189e-05
9.62552e-06
3.02339e-05
7.68253e-05
1.94976e-05
5.12843e-05
3.13945e-05
7.06797e-05
8.85392e-06
6.49118e-05
4.30334e-06
7.54719e-05
4.86932e-05
7.25012e-05
7.75109e-06
8.59337e-05
8.41788e-06
0.000125835
0.00030726
3.74286e-05
3.50578e-05
0.000118697
7.58466e-05
8.04199e-05
6.07639e-06
0.000149988
1.48156e-06
0.000149694
2.45374e-05
0.000124801
0.000103489
4.88124e-05
4.95717e-06
3.27614e-05
3.68134e-05
3.67076e-05
8.54538e-05
0.000115404
5.22025e-05
3.17489e-05
4.70909e-05
0.000150465
0.000118796
3.67244e-06
3.13724e-05
2.23791e-05
7.4139e-05
8.19114e-05
6.35286e-06
4.35508e-05
0.000111034
4.81103e-05
0.000139568
3.57035e-05
5.98186e-06
4.11578e-06
0.000113525
2.25248e-05
4.88423e-06
2.8475e-05
1.874e-06
0.000112186
0.000150177
0.000121941
7.55741e-05
0.000136864
8.52365e-05
3.35156e-05
8.11963e-05
0.000110598
7.8294e-06
0.00016178
5.37316e-05
7.68742e-05
3.53501e-05
5.61851e-05
0.000137433
6.05013e-05
8.26768e-05
7.53288e-05
0.000148075
5.49432e-05
0.00011215
4.09924e-05
0.000122543
3.53978e-05
0.000997236
0.000364965
1.60256e-05
0.000158156
9.89901e-05
6.06044e-05
0.000441856
6.26794e-05
6.4958e-05
3.5752e-05
2.379e-05
3.71057e-05
2.89302e-05
3.70167e-05
3.65562e-05
8.71448e-05
6.92453e-05
7.25319e-05
7.06044e-05
9.64769e-05
0.000107771
3.18913e-05
6.56571e-05
1.33487e-05
6.3045e-05
0.000108613
2.41294e-05
7.51941e-06
6.90644e-05
9.23567e-06
4.38408e-05
0.000173822
5.50332e-05
4.8817e-05
5.578e-05
7.35575e-05
7.72963e-05
2.35338e-05
5.05399e-05
0.000106475
0.00012754
9.35287e-05
2.91085e-05
8.3194e-05
0.00013353
0.000114606
1.69377e-05
3.44938e-05
6.96422e-05
6.56632e-05
4.88719e-06
2.12662e-05
0.000133901
0.000136856
0.00017856
4.02002e-06
1.2298e-05
1.18579e-05
9.53901e-05
6.14459e-05
0.000101382
0.00014053
8.01174e-05
7.12641e-05
6.75256e-05
3.5769e-05
0.000140882
6.22094e-05
6.77948e-05
0.000115934
6.59164e-06
0.000144605
3.14227e-05
3.98774e-06
0.000119608
9.43297e-05
4.87868e-05
0.000115268
5.04831e-05
5.58021e-05
1.86325e-05
4.99931e-05
5.65202e-05
7.62837e-05
0.000165097
6.72269e-05
3.39147e-05
2.38733e-05
0.000411636
1.33591e-05
6.84216e-05
9.93882e-05
3.93254e-06
3.50468e-05
8.76163e-05
0.000168189
2.26083e-05
3.03805e-05
7.40259e-05
0.000114248
7.04251e-05
9.62253e-05
6.30174e-05
0.000111749
0.000139641
5.68304e-05
4.22562e-05
9.01901e-06
6.12064e-05
2.57274e-05
7.9227e-05
4.6931e-06
0.000160836
0.000150263
9.46551e-05
0.000150113
6.18624e-05
4.86714e-05
8.53807e-05
2.64392e-05
0.000110818
6.31357e-05
9.84961e-05
2.16877e-05
0.000154746
6.48988e-05
3.07713e-05
7.6709e-05
7.81668e-05
4.57034e-05
6.14132e-05
3.72818e-06
8.68844e-06
4.01336e-05
1.69447e-05
9.09943e-05
4.56052e-05
0.000157593
0.000107822
0.000141867
4.63679e-05
5.64444e-05
9.55249e-05
2.37139e-05
2.89444e-05
1.09776e-05
5.21523e-05
1.54931e-05
0.000154827
0.000113074
0.000104276
8.17483e-05
6.019e-05
8.9204e-06
3.14458e-05
3.52656e-05
3.9324e-05
0.00012984
4.85604e-05
7.98393e-05
9.7627e-05
6.76302e-06
1.13073e-06
3.59514e-05
5.36285e-06
5.19209e-05
3.76903e-05
4.50033e-05
9.34898e-05
2.31531e-05
5.32165e-05
0.000104826
7.25965e-05
2.13227e-05
5.53274e-05
0.000102838
3.6849e-05
0.000113283
3.33462e-05
0.000155596
5.7087e-05
2.63511e-05
8.26928e-05
0.000107432
9.52598e-05
8.37501e-05
0.000159384
3.12736e-05
0.000112518
3.1597e-05
2.37693e-05
8.21379e-05
4.14513e-06
0.000130928
5.49448e-05
8.86034e-05
6.6829e-05
2.73432e-05
6.1221e-05
3.86182e-05
1.91314e-05
0.00011846
8.0304e-05
0.00010225
0.000100733
1.38473e-05
3.37594e-05
3.42484e-05
0.000141809
0.00011424
3.65593e-05
7.67896e-05
8.32275e-05
4.07125e-05
0.000484841
9.99485e-05
4.41068e-06
0.000108069
0.000158414
9.22581e-05
3.39107e-05
4.30261e-07
5.10256e-05
4.64223e-06
6.76471e-05
8.22555e-05
3.44563e-05
6.49942e-05
9.12969e-05
4.72293e-05
8.98451e-05
6.61576e-06
3.22358e-05
0.000140058
0.000146396
6.76278e-05
7.93157e-06
5.47748e-05
4.44325e-05
0.000168762
5.02637e-05
4.03846e-05
4.81261e-05
7.82459e-05
0.000105887
5.30766e-05
5.14105e-05
7.53025e-05
2.40022e-05
4.60962e-05
4.62684e-05
8.16528e-06
3.61686e-05
3.05161e-05
2.31149e-05
6.89033e-06
0.000175644
0.000100484
9.20149e-06
0.000110228
0.000105879
0.000150161
0.000162036
2.76212e-05
5.95183e-05
3.08867e-05
0.000150149
3.36521e-05
0.000811583
0.000158683
2.08614e-05
3.76153e-06
9.52796e-05
5.91883e-05
2.45548e-05
0.000119265
3.28815e-05
4.95827e-06
0.000116495
6.27531e-06
2.38879e-05
7.16046e-05
4.09298e-06
5.64599e-05
7.0485e-05
2.92309e-05
0.000103182
9.1237e-05
5.5192e-05
6.1177e-05
0.000134883
7.4035e-05
0.000151917
6.50605e-05
0.000181548
0.000143244
4.92751e-05
2.75187e-05
2.48767e-05
8.7881e-05
0.000147138
0.000117987
1.79092e-05
2.5617e-05
6.4384e-06
0.000102441
0.000104243
0.000145981
8.08658e-05
4.86863e-05
5.99847e-05
0.000160361
0.000163991
4.91063e-05
0.000149857
0.000107492
0.000103905
8.21165e-05
0.000139407
6.42848e-05
3.36133e-05
5.13135e-05
7.11649e-05
8.777e-05
3.99345e-05
0.00022746
5.977e-05
0.000121487
0.000140284
8.20246e-05
6.85337e-06
0.000116325
0.000148538
6.80608e-06
3.18954e-05
5.5346e-06
3.1104e-05
7.28018e-05
0.000124428
0.000105184
2.17843e-05
0.000117457
0.000105558
7.71174e-05
7.20152e-05
4.97372e-05
2.93056e-05
0.000133799
9.43961e-05
0.000154333
3.73341e-05
8.18489e-05
8.85548e-05
0.000121469
0.000360605
7.16262e-05
3.66704e-06
6.37049e-05
6.86454e-06
6.53261e-05
6.99983e-05
4.69278e-05
1.68579e-05
4.92521e-05
4.89772e-05
4.47537e-05
3.13775e-05
7.23462e-05
0.000166478
0.000117878
3.2547e-05
0.000146801
6.13443e-06
3.50979e-05
6.02362e-06
4.89158e-05
5.90314e-05
4.81621e-05
0.000184947
6.47821e-06
7.55096e-06
8.84563e-06
2.24576e-06
3.13237e-05
9.71283e-05
9.9956e-05
3.92856e-05
6.24365e-05
7.13201e-05
0.000175045
6.87665e-05
3.77407e-05
7.00029e-06
5.11168e-06
8.5967e-05
0.000127524
0.000105307
6.25726e-05
4.56281e-05
0.000147428
4.60699e-05
7.19421e-05
3.88872e-05
5.38331e-05
3.19444e-05
0.000113852
3.57285e-05
6.61786e-05
7.78082e-05
1.24472e-05
4.37863e-05
2.31583e-05
0.000119885
7.23874e-06
0.000101148
6.60295e-05
8.02458e-05
7.14186e-05
6.87307e-05
0.00016927
9.10476e-05
4.04565e-05
6.0021e-05
6.30801e-05
3.87414e-05
0.000105513
8.45683e-05
7.94503e-06
2.42048e-05
7.78413e-05
7.4693e-05
0.000150191
7.64745e-07
1.52795e-05
0.000118686
5.53066e-05
3.30375e-05
7.61733e-05
6.30317e-05
7.26523e-06
7.63205e-06
3.1307e-05
2.87774e-05
5.96885e-05
1.85839e-05
0.000162319
4.47583e-05
3.37378e-05
2.28558e-05
6.81024e-05
0.000151895
9.41901e-05
7.88684e-05
1.41795e-06
8.15794e-05
0.000138516
9.07968e-05
4.16131e-06
8.8929e-05
0.000115233
7.29171e-05
0.000103703
2.84714e-05
7.5426e-05
5.03688e-05
1.64664e-05
0.000125446
0.000154165
0.000107267
0.00013039
8.07202e-06
0.000151685
2.94549e-05
2.88616e-05
2.82977e-05
1.01262e-05
4.56333e-05
8.07039e-06
6.77191e-06
8.91079e-05
0.000110236
0.000453505
7.89899e-06
9.46269e-06
6.92568e-05
6.83535e-05
6.2255e-08
1.80404e-05
6.86812e-05
6.49987e-07
8.76444e-06
9.84111e-05
0.0001484
6.75192e-05
0.000122268
4.80885e-05
2.89296e-05
4.94934e-05
1.99845e-05
6.74716e-05
0.000129733
0.000104441
8.05335e-05
7.07167e-05
4.20455e-05
5.29826e-05
7.96894e-05
0.000142805
8.8415e-05
9.44346e-06
2.84179e-05
3.84593e-05
9.22936e-05
4.75854e-06
0.000119494
8.25427e-05
8.65344e-05
0.000137115
4.74255e-05
8.77251e-05
3.20454e-05
5.9194e-05
9.30548e-05
0.00010329
4.80527e-06
2.25253e-05
0.000144116
5.19839e-05
3.84436e-05
5.53155e-05
6.58337e-05
1.03358e-05
4.70019e-05
2.42859e-05
0.000170441
8.64625e-05
0.000158361
5.92151e-05
0.000126914
8.57686e-05
7.57476e-05
0.000105298
8.24846e-05
0.000170021
7.36703e-05
6.81181e-05
4.4657e-05
7.06332e-05
7.1127e-05
4.86117e-05
0.000128086
8.39235e-05
6.07002e-05
1.16413e-05
3.40717e-05
0.000170026
0.000186483
8.27928e-05
5.55111e-05
2.43165e-05
6.32701e-05
6.56014e-05
8.44402e-05
0.000105685
3.86859e-06
8.40846e-05
3.63762e-05
1.29871e-05
8.86578e-05
6.30725e-05
0.000148311
6.12676e-05
0.000104386
4.53514e-05
6.64347e-05
0.000110099
5.01802e-05
6.68045e-05
6.48223e-05
7.75571e-05
4.64505e-05
6.45935e-06
3.81917e-08
0.000121241
5.1516e-05
0.000103095
3.74152e-05
8.77481e-05
5.89669e-05
7.58675e-05
0.000139008
4.77509e-05
9.62588e-06
8.12673e-05
7.2664e-05
7.6795e-05
2.76307e-05
0.000116917
0.000106996
1.39671e-05
4.40293e-05
3.20642e-06
9.10193e-05
6.83094e-05
0.000160268
9.54453e-05
0.00204217
4.859e-05
0.000161507
9.06286e-05
9.52744e-05
0.000133946
9.37213e-06
6.39392e-05
3.78262e-06
6.88705e-05
8.75055e-05
3.66418e-05
5.713e-05
6.48535e-05
8.18435e-05
2.08888e-05
0.000198493
0.00109406
3.7119e-05
9.99217e-06
3.88717e-05
0.000109899
4.58231e-06
7.23182e-05
1.63574e-05
0.000152403
3.14686e-05
1.26395e-05
0.000152839
3.47378e-05
5.77012e-05
6.74341e-05
9.87028e-05
3.02948e-06
7.18035e-05
8.15378e-05
4.75527e-05
6.30602e-05
2.91119e-05
0.000159761
6.27901e-05
1.74387e-05
5.56558e-05
5.17488e-06
0.000108308
8.99099e-05
0.000176061
7.72009e-05
5.76982e-05
5.29704e-05
5.18194e-05
6.57008e-05
3.42012e-05
4.42611e-05
9.60025e-05
3.0767e-05
3.55921e-05
0.000177013
6.28219e-05
0.000151632
2.09045e-05
0.000109337
5.60498e-05
5.49057e-05
5.04185e-05
2.73142e-05
0.000102648
3.90432e-05
5.07937e-05
0.000121065
3.92575e-05
3.91606e-05
7.2499e-05
0.000127948
4.43228e-05
8.24134e-07
7.22218e-05
8.30498e-05
4.99929e-05
3.88332e-05
6.70736e-05
2.06021e-05
0.000109625
4.49607e-05
8.03788e-05
0.000102179
5.20318e-05
6.75629e-06
0.000107396
1.21708e-05
1.32445e-05
8.26645e-05
5.15145e-05
9.01996e-05
6.31851e-05
4.43159e-05
0.00017959
0.000175569
4.16243e-05
0.00010478
6.79092e-05
5.54064e-05
2.16148e-05
4.42711e-05
3.95794e-05
3.5824e-05
6.86857e-05
0.000195768
1.54314e-05
0.000123568
8.58877e-05
8.48617e-05
7.12722e-05
0.00013186
3.22173e-05
2.4559e-05
6.82431e-06
0.000170101
1.24047e-05
0.000145897
5.36243e-05
5.2377e-06
5.3943e-05
4.69646e-05
7.90088e-06
3.483e-05
5.28626e-05
1.85881e-05
4.58336e-05
8.43665e-05
6.15983e-05
0.000154724
7.11256e-05
5.39556e-05
6.78592e-05
5.17162e-05
9.32867e-05
7.11397e-05
8.04638e-05
3.09187e-05
6.53032e-05
9.40423e-05
6.89175e-05
5.55805e-05
6.23557e-05
2.1991e-05
2.58004e-05
6.94897e-05
0.000118603
8.16637e-05
0.00010624
1.15864e-05
0.00011936
6.2661e-05
4.21892e-05
5.06915e-05
6.98055e-05
3.70441e-05
9.07359e-05
4.30019e-05
2.23496e-05
7.35488e-05
7.80187e-05
5.05977e-05
8.76226e-05
0.000115681
3.32436e-05
0.000110211
9.17611e-05
5.4743e-05
2.83274e-05
4.15291e-05
0.000101345
7.03129e-06
0.000151804
0.000156742
2.56788e-05
7.00352e-05
5.78353e-06
0.000147012
5.47041e-05
9.46807e-05
3.31048e-05
3.71073e-05
0.000149488
8.67983e-05
8.19497e-05
6.69427e-05
0.000150604
2.89808e-05
1.68697e-05
4.88853e-05
0.000150259
0.00014929
1.9625e-05
5.77321e-05
1.93309e-05
0.000139367
3.93576e-06
4.65362e-05
0.00012876
8.32431e-05
5.87428e-05
0.000171795
7.83784e-05
7.72166e-05
0.00013634
0.000179474
4.87784e-05
7.93573e-05
7.7071e-05
1.09892e-05
0.000112504
9.73945e-05
8.25786e-05
4.7828e-05
7.34095e-05
8.06478e-05
5.36447e-05
1.743e-05
8.07791e-05
0.000121381
0.000156663
9.07466e-05
6.71143e-05
8.16109e-05
5.07733e-05
0.00012005
4.2942e-05
9.58023e-05
0.000150357
3.29854e-05
1.51286e-05
8.58074e-05
7.97903e-05
0.000171275
4.41365e-05
1.10647e-06
2.92536e-05
3.42312e-05
0.000133227
5.05818e-05
9.48921e-05
3.44441e-06
0.000167605
0.000153253
7.82606e-05
4.05974e-05
5.11199e-05
9.17485e-05
6.5091e-05
9.2711e-05
3.57748e-05
6.79556e-05
7.68248e-06
2.60838e-06
0.000172067
8.71837e-05
3.23224e-05
0.000150168
6.71564e-05
7.64641e-05
0.000189137
0.000152174
5.45331e-06
5.10829e-05
0.000104942
4.74864e-05
4.15222e-05
4.05649e-06
5.64848e-05
8.61744e-05
0.000165041
6.595e-05
0.000161075
3.56299e-05
5.99007e-05
6.83785e-05
5.14273e-05
1.44422e-05
8.38541e-05
8.4823e-06
4.48021e-05
0.000120781
7.48658e-05
5.51551e-05
8.37441e-05
0.000149498
4.30831e-05
4.8077e-05
3.33789e-05
7.49e-05
5.60827e-05
5.7363e-05
2.85305e-05
4.66982e-05
3.83148e-05
7.62446e-05
5.17485e-05
5.65774e-05
9.30144e-05
7.03841e-05
7.44558e-05
7.75366e-05
4.57483e-05
0.000112309
0.00013597
0.000144316
0.000170257
7.50515e-05
4.83051e-05
4.49659e-05
0.000148186
5.50431e-06
5.22161e-05
0.000140053
9.84414e-05
9.13452e-05
0.00012747
0.00014394
7.23192e-05
6.77437e-05
7.06227e-05
2.6915e-05
5.0694e-05
7.34651e-05
1.34191e-06
0.000143809
7.55447e-05
4.2602e-05
5.14493e-06
3.77219e-05
8.65302e-05
9.75468e-05
3.37129e-05
8.40063e-05
0.000111694
3.87626e-05
1.28622e-05
4.55852e-05
3.24879e-05
6.63129e-05
7.5898e-05
0.000125177
0.000145275
5.11891e-05
7.58385e-05
0.000147093
0.000141366
0.00011469
4.34801e-05
0.000183124
0.000118416
7.50896e-05
8.85134e-06
0.000108327
5.2315e-05
7.95832e-05
0.000117817
2.71644e-07
0.00160879
9.97705e-05
3.4379e-05
4.4896e-05
6.83235e-05
7.80085e-05
3.53953e-05
0.000143014
0.000124755
0.000135646
6.79889e-05
3.66415e-05
8.20404e-05
7.39222e-05
9.7398e-05
6.45843e-05
3.18209e-05
7.83154e-05
7.59047e-05
0.000120849
0.000153052
3.44436e-05
5.32363e-05
4.78963e-05
4.82933e-06
3.85599e-05
7.08325e-05
3.34197e-05
8.19138e-06
6.97678e-05
8.52745e-06
4.97333e-05
7.74755e-05
0.000147013
0.000128007
8.90705e-05
5.47303e-05
0.000152367
0.000148898
7.289e-05
3.99302e-05
9.5434e-06
8.52482e-05
7.46087e-05
0.000157942
7.2807e-05
6.47482e-06
6.74687e-05
2.82771e-05
0.000158237
9.76298e-05
4.38203e-05
1.93531e-05
3.05541e-05
3.21865e-05
4.08223e-05
5.27773e-05
3.68541e-05
6.76462e-05
0.000108296
3.77309e-06
3.24962e-05
0.000113737
7.65352e-05
4.36837e-05
2.1874e-06
6.57087e-05
0.00012056
4.72642e-05
6.65492e-05
4.4257e-05
6.43452e-05
6.91708e-05
8.63383e-05
2.11314e-06
3.94106e-06
0.000145428
3.5389e-08
6.31686e-05
0.000101301
9.84381e-05
0.000133757
4.8486e-05
4.76237e-05
9.83079e-06
2.64178e-05
0.000163976
3.23675e-05
0.000107285
6.58824e-05
0.000171656
3.24123e-05
4.68743e-05
0.000132896
3.71885e-05
0.00151525
0.000117836
0.00012311
0.000109089
5.95527e-05
0.000144147
6.86808e-05
0.000102096
0.000108294
7.08525e-05
0.000170575
3.2874e-05
8.85197e-05
8.78705e-05
0.000156306
5.51063e-05
4.49184e-05
6.82927e-06
9.06901e-05
0.000103366
8.68588e-05
8.06706e-05
6.67648e-05
6.62489e-05
0.000122804
4.37299e-05
5.88439e-05
3.34737e-05
3.83012e-05
0.000155139
6.44898e-05
2.8181e-05
0.000105993
3.14058e-05
3.24967e-05
0.000161518
7.74595e-05
6.18445e-05
3.55978e-05
6.35537e-06
6.26075e-05
8.57687e-05
7.58691e-05
7.23807e-05
7.27805e-05
0.000132206
6.24178e-05
0.000137144
5.6373e-05
5.85226e-05
7.06736e-05
5.38287e-05
5.53151e-05
0.000137484
0.000127624
5.61287e-05
2.98258e-05
0.000120049
6.08765e-05
8.4164e-05
1.7521e-05
7.02851e-05
0.000123059
1.81702e-05
8.43322e-05
9.08375e-06
0.000151072
0.000125782
0.000118567
6.2517e-05
3.63335e-05
5.79042e-05
8.39817e-05
7.05139e-05
0.000123387
0.000157545
4.79651e-05
8.05568e-05
4.99873e-05
7.02488e-05
0.000101105
2.89021e-05
2.25027e-05
7.5004e-06
0.000111771
6.71918e-05
6.51275e-05
7.20895e-05
3.56577e-05
1.94802e-05
0.000118873
7.3056e-05
0.000157449
1.76848e-05
4.89123e-05
2.77017e-06
9.37665e-05
6.68308e-05
0.000128856
4.67531e-06
5.3405e-05
2.91133e-05
0.000155411
7.64172e-05
3.24617e-05
5.86608e-06
8.00925e-07
5.1266e-05
0.000151369
7.53643e-05
3.35716e-05
4.84514e-05
5.19779e-05
5.04638e-05
7.42241e-05
3.1054e-05
5.55181e-05
4.87488e-05
5.10695e-05
6.63653e-05
5.72455e-05
6.31417e-05
0.000156052
5.52167e-05
6.0437e-05
6.34502e-05
8.08117e-05
7.21124e-05
9.45701e-05
6.81578e-05
8.81187e-05
0.000120408
3.36088e-05
2.83113e-05
0.000152564
8.51677e-05
0.00016318
0.000129709
0.000155137
2.48219e-05
0.000126048
3.07589e-05
8.3593e-05
4.89035e-05
6.57004e-06
0.000151561
5.47801e-05
5.04294e-05
0.000142468
0.000131188
6.90524e-05
8.75729e-05
0.000103955
7.47033e-05
3.8676e-05
0.00014814
3.41488e-05
9.72269e-05
0.000112934
4.32349e-05
4.66283e-05
6.85654e-05
5.60059e-05
0.000132692
6.76288e-05
0.000150259
7.81586e-05
7.5169e-06
3.2227e-05
3.60074e-05
1.6326e-05
7.26885e-05
2.82862e-05
7.98352e-05
5.30652e-05
5.18353e-06
4.67961e-05
0.000131137
4.40302e-05
0.000105667
4.86897e-05
2.2418e-05
5.27889e-05
5.14475e-05
3.25873e-05
4.68503e-05
4.01475e-05
4.71489e-05
4.22842e-05
8.03191e-05
3.32985e-05
5.7554e-05
9.90194e-05
6.91391e-05
7.7325e-05
6.6132e-05
8.62659e-05
1.96501e-05
5.85596e-05
5.05646e-05
4.43443e-05
0.000141634
4.75896e-05
6.15062e-05
3.85322e-05
0.000113138
2.79953e-05
2.75625e-05
0.000120509
7.25667e-05
0.000127122
7.94737e-05
7.22347e-05
6.29811e-05
6.22599e-05
8.97718e-05
4.5783e-05
6.48016e-05
4.54487e-05
5.12771e-05
5.38113e-05
3.2268e-05
8.34778e-05
0.000188574
8.31247e-05
8.18661e-05
0.000101513
0.000103327
7.45367e-05
3.446e-05
8.51991e-05
4.11837e-05
3.82179e-05
5.35805e-05
4.49258e-05
0.000134625
3.815e-05
7.35392e-06
0.000111908
8.44336e-05
0.000108027
0.000123015
3.40712e-05
0.000148691
2.43787e-05
4.80776e-05
9.42395e-05
0.000145621
0.000144819
4.92192e-05
0.000150901
0.000110555
1.98003e-05
0.00011152
1.26585e-07
5.54642e-08
1.34663e-06
4.416e-06
4.44695e-08
8.98642e-07
2.75659e-07
5.25593e-07
1.00636e-07
3.81328e-06
1.61095e-06
1.41736e-07
4.42886e-08
9.15142e-07
1.47101e-07
5.94453e-07
9.68988e-07
1.68622e-06
6.67931e-07
3.17148e-06
1.00443e-07
2.87667e-07
2.77558e-07
4.89679e-07
5.85952e-07
1.02935e-06
3.13523e-06
6.68655e-06
5.79549e-07
7.0083e-08
5.13611e-06
5.14012e-08
4.00411e-07
9.04935e-08
2.11236e-07
4.88423e-06
1.15671e-07
2.72063e-07
1.34192e-07
4.80417e-08
4.75e-07
6.66724e-06
1.10588e-06
1.13609e-07
1.62288e-07
6.56436e-08
1.49709e-06
1.3321e-07
2.26338e-06
1.6862e-07
1.02072e-07
7.61266e-07
3.74829e-06
8.88314e-08
2.43537e-06
2.45764e-07
3.37456e-06
1.66066e-07
4.2386e-07
6.60784e-07
6.42553e-08
2.53441e-07
2.64122e-06
2.67066e-06
2.59955e-08
3.14588e-08
2.12948e-07
1.94019e-07
3.55093e-07
3.76829e-07
9.7194e-07
3.30766e-07
1.23153e-07
1.88798e-06
1.01318e-07
4.19211e-05
7.96716e-05
0.000161783
3.46974e-05
7.63585e-05
4.7242e-05
0.000143799
3.64642e-07
3.64989e-05
3.30799e-05
0.000142645
0.000107836
0.000169831
5.46133e-05
0.000133422
3.58553e-05
2.54881e-07
5.03158e-05
7.58705e-05
3.31835e-05
4.48624e-05
4.07372e-05
3.15267e-05
9.31842e-05
8.63953e-05
6.59741e-05
9.6693e-05
0.000104876
0.00014792
6.53537e-05
0.00042682
1.06194e-05
0.000136737
9.50392e-05
3.73915e-05
0.000105063
4.67009e-05
4.95736e-05
3.07254e-06
4.34453e-05
7.46927e-06
9.47038e-05
3.71812e-05
4.44128e-05
7.50256e-05
3.46805e-06
0.000140418
4.65085e-05
4.89094e-05
4.87002e-05
4.32021e-05
6.305e-05
1.43346e-07
8.57152e-05
9.11749e-05
1.64518e-07
5.61846e-05
8.88956e-05
0.000101603
0.000173954
6.14352e-05
4.68916e-05
8.73096e-05
9.01957e-05
0.00014494
5.50036e-05
8.77677e-05
4.28373e-05
1.16535e-05
5.48885e-06
0.000142382
9.92826e-05
0.000141179
8.74867e-05
0.000111963
5.10519e-05
3.90229e-05
6.65098e-05
2.07533e-05
0.000123773
3.27e-05
0.000120745
4.32696e-05
8.83394e-05
7.91395e-06
2.73607e-05
0.000156282
9.02529e-05
3.58333e-05
0.000124284
0.000100259
3.80646e-05
5.57364e-05
2.09871e-05
0.000119636
0.000121131
4.83392e-05
0.000142183
3.82336e-05
0.000116603
5.86225e-05
5.35518e-05
9.44711e-05
0.000142547
8.58272e-05
2.8713e-05
0.000111557
0.000138443
6.2321e-05
5.09523e-05
0.000125656
4.42311e-05
9.69331e-05
4.11599e-05
8.29526e-05
0.000143332
4.91031e-05
5.95109e-05
0.000143709
0.000118153
0.000142304
3.67545e-05
7.43515e-05
8.52366e-05
0.000115186
2.61018e-05
1.75672e-05
3.74621e-06
0.000111927
9.98285e-05
1.51196e-05
0.000101078
5.35497e-05
2.34154e-05
4.41391e-05
6.1311e-05
3.98021e-05
9.85463e-05
0.000118516
9.95713e-05
6.51072e-05
3.57183e-05
0.000151868
0.000127806
2.73023e-05
7.13977e-05
0.000132584
5.06489e-05
0.000153384
4.87491e-05
4.15241e-05
5.03844e-05
0.000158895
8.14399e-05
0.000130987
0.000125748
0.000122641
9.555e-05
0.000100563
7.98485e-05
0.000132139
3.63422e-05
9.48433e-05
9.26978e-05
7.95802e-08
2.57877e-05
3.06748e-05
0.000126515
5.41478e-05
3.12994e-05
7.06058e-05
7.20788e-05
0.000103937
8.64674e-05
8.94524e-05
7.91347e-05
0.000137126
1.89431e-05
3.91644e-05
6.07229e-05
3.75066e-05
3.22869e-05
8.24565e-08
4.83535e-05
3.69494e-05
5.21716e-05
0.000122137
3.96198e-05
8.62866e-05
7.08919e-05
3.06087e-05
2.82533e-05
4.24289e-05
5.64508e-05
0.000170102
4.83579e-05
3.91166e-05
3.78747e-05
0.000176287
4.7181e-06
3.95749e-05
5.67916e-05
5.41084e-06
0.000127306
1.31018e-05
3.74695e-05
4.73726e-05
3.50905e-05
5.51139e-05
6.76022e-05
8.18116e-05
7.38726e-05
8.32935e-05
2.95641e-05
2.62623e-05
2.82072e-05
6.6836e-05
9.10762e-05
2.69275e-05
7.04832e-05
1.70436e-05
3.90681e-05
2.9253e-05
7.7828e-05
1.46426e-05
0.000140064
3.05001e-05
7.66074e-06
0.000102839
5.43944e-05
3.14751e-05
3.23112e-05
4.89793e-05
6.40689e-05
6.7217e-05
3.6157e-05
1.15332e-05
0.000159718
8.52298e-05
5.53229e-05
3.37902e-05
6.87425e-05
5.33776e-05
4.01159e-05
2.96051e-05
7.02629e-05
4.28146e-06
4.11041e-05
7.55077e-05
2.95387e-05
0.00012512
6.5636e-06
7.54719e-06
0.000115252
8.38715e-05
8.34916e-05
7.2683e-05
2.96427e-05
0.000118536
7.24457e-05
7.54206e-05
3.90091e-05
0.000147276
1.78588e-05
0.000117331
0.000130328
0.000134613
4.09168e-05
9.35831e-05
8.40583e-05
3.59935e-05
7.9569e-05
2.60852e-05
2.85384e-05
8.14781e-05
6.78761e-05
8.24228e-05
4.1739e-05
0.000159507
8.49554e-05
6.71177e-06
0.000114104
5.09936e-05
7.78702e-05
0.000118812
0.000118168
3.75098e-05
1.32968e-05
3.23592e-05
4.61603e-05
0.000107221
5.2441e-05
4.97782e-05
7.32688e-05
3.83743e-06
9.32406e-06
0.000135349
5.15368e-05
8.89233e-05
8.78409e-05
9.60761e-05
5.35672e-05
8.82806e-05
4.81984e-05
1.71847e-05
8.07499e-05
7.76702e-05
0.000122332
5.80974e-05
6.32486e-05
8.17795e-06
3.04268e-05
0.000104077
9.06639e-05
4.7851e-05
5.88641e-05
5.13367e-05
9.35928e-05
0.000123476
7.94397e-05
3.44779e-05
5.39311e-05
3.13055e-05
8.91555e-05
6.84189e-05
8.74884e-05
0.000105329
9.19935e-05
7.19207e-05
5.01761e-05
5.27955e-05
1.84972e-05
1.13593e-05
0.000115379
3.57328e-05
4.85166e-05
3.13873e-05
0.000117378
9.67119e-05
0.000145795
7.55546e-05
0.000101962
2.59981e-05
1.49493e-05
1.04883e-05
7.05179e-05
7.57287e-05
3.8236e-05
7.88356e-05
4.19287e-05
3.48882e-05
0.000105839
2.75984e-05
0.000109132
0.000138327
9.18442e-05
4.15471e-06
8.2215e-05
3.71924e-05
7.61576e-05
5.22907e-05
4.73488e-05
3.8541e-05
3.2586e-05
5.60395e-05
1.79094e-05
4.36438e-05
0.000150999
6.40025e-05
8.6886e-05
0.000113083
2.05121e-05
9.33925e-05
5.12038e-05
6.49666e-05
7.48253e-05
3.26897e-05
0.000173826
9.57906e-05
8.59847e-05
0.000121405
9.42651e-05
9.52548e-05
2.86215e-05
0.000171775
0.000104506
0.000130706
0.00013344
2.86168e-05
3.42146e-05
8.65502e-05
0.000127169
9.99143e-05
2.03962e-05
6.06779e-05
3.69675e-05
0.00010875
5.29371e-05
0.000107413
9.01095e-05
2.8371e-05
0.000143609
3.29496e-05
0.00015993
5.017e-05
0.000110567
9.12673e-05
8.51512e-05
7.72584e-05
5.64087e-05
3.78358e-05
8.52377e-05
3.12993e-05
2.41558e-06
0.000157538
4.09978e-05
5.10109e-05
9.34823e-08
0.000115338
9.15517e-05
2.90121e-05
4.69238e-05
4.65855e-05
0.000136216
4.64549e-05
7.80275e-05
9.4822e-06
0.000107838
8.79289e-05
5.59273e-05
6.4784e-05
8.52905e-05
3.15192e-05
0.000169611
0.000163442
4.83115e-05
4.86453e-05
2.28814e-05
0.000132468
0.000118272
2.67464e-05
8.39634e-05
9.50007e-05
4.73423e-05
0.000101642
9.0811e-05
1.85863e-05
0.000122277
2.68855e-05
9.59098e-05
2.38561e-05
8.23459e-05
9.52442e-05
0.000162086
9.61764e-05
9.94385e-06
3.70778e-05
7.1843e-05
3.51269e-05
5.35577e-05
0.00010525
3.40926e-05
0.000111851
7.98192e-05
4.22979e-05
2.92466e-05
9.85206e-05
8.53827e-05
9.40787e-05
0.000170426
3.64508e-05
8.06792e-05
3.34695e-05
6.78098e-05
3.87057e-05
3.89798e-05
6.33727e-05
8.01314e-05
4.43833e-05
7.92923e-05
4.29294e-05
5.28315e-05
8.04875e-05
3.19305e-05
3.03062e-05
5.52235e-06
7.09693e-05
8.92846e-06
9.99144e-05
6.86989e-05
9.0186e-05
3.81975e-05
0.000105001
5.35121e-05
3.29347e-05
8.70849e-05
3.64838e-05
3.18386e-05
5.91819e-05
0.00018101
3.29206e-05
2.36567e-05
6.93653e-05
6.87476e-05
3.50629e-05
0.000103943
5.22296e-05
2.8628e-05
0.000104848
5.25261e-05
5.48534e-05
0.000101091
9.03994e-05
0.000145906
0.000148224
4.77966e-05
0.000148789
0.000162674
0.000142832
7.87503e-05
8.86963e-05
2.49974e-05
3.95467e-06
4.41198e-05
9.49328e-05
9.38915e-05
3.95765e-05
2.37592e-05
0.000146138
4.45792e-05
2.52365e-05
6.50192e-05
0.000108403
4.27645e-05
3.72171e-05
2.17602e-05
2.491e-05
8.50902e-05
6.79804e-05
0.00014975
3.08912e-05
9.88609e-05
3.90477e-05
8.15393e-05
1.87298e-05
3.67195e-05
0.000149002
6.72486e-05
4.30692e-06
0.000136815
3.25506e-05
3.62596e-05
9.57404e-05
6.08624e-05
3.59344e-05
0.000136907
0.000107524
5.32472e-05
9.27793e-05
4.62498e-05
6.13853e-05
3.72371e-05
1.26505e-05
2.2899e-05
2.76941e-05
6.19316e-05
0.000119646
8.95866e-05
4.4204e-05
2.00629e-05
8.92147e-05
5.78355e-05
0.000177319
8.14472e-05
3.34061e-05
9.68733e-05
3.98688e-05
4.40468e-05
8.14322e-05
6.30356e-05
6.69159e-05
0.000113461
0.000151067
2.29873e-05
0.000180844
6.94755e-05
8.63173e-05
6.66399e-05
5.88502e-05
4.15905e-05
4.58566e-05
9.15436e-05
6.29696e-06
0.000100721
7.5066e-05
7.77891e-05
7.10283e-05
2.58739e-05
2.28067e-05
7.28999e-05
7.50819e-05
3.25701e-05
2.6158e-05
9.75867e-05
4.51278e-05
0.000118513
5.77921e-05
3.61893e-06
0.000109469
4.64795e-05
5.48962e-05
2.66828e-05
3.14592e-05
0.000130289
4.08484e-05
4.89563e-05
8.12673e-05
1.35336e-05
6.89877e-05
2.14145e-05
7.03456e-05
3.86626e-05
3.6586e-05
7.96038e-05
3.08461e-05
2.10559e-05
6.25444e-05
5.8646e-05
3.69267e-05
8.38369e-05
2.0994e-05
3.0489e-05
3.62079e-05
2.76526e-05
4.25456e-05
3.70206e-05
2.1076e-05
9.46457e-05
2.78929e-05
2.88199e-05
2.97887e-05
5.83826e-06
0.000148274
3.55884e-05
5.10008e-05
9.28112e-05
2.39989e-05
9.58368e-05
2.20487e-05
6.42468e-05
0.000100267
6.75525e-07
2.35949e-05
2.56112e-05
6.60188e-05
3.80979e-05
2.69348e-05
0.00012133
8.09586e-05
5.51029e-05
5.86592e-05
6.59544e-05
3.08341e-05
0.000190432
7.21374e-05
0.000165367
2.83388e-05
9.97378e-05
2.12792e-05
2.29462e-05
8.32528e-05
2.36932e-05
0.000106858
0.000120895
3.45987e-05
0.000119696
8.33104e-05
9.97464e-05
4.00179e-05
5.37877e-05
7.59628e-05
4.79335e-05
9.11885e-05
3.93296e-05
4.5533e-06
0.000106556
8.4739e-05
5.63505e-05
3.84567e-05
2.82323e-05
3.88747e-05
4.19817e-05
2.71945e-05
1.57371e-05
4.73353e-05
5.37122e-05
9.72575e-05
0.000136303
6.12456e-05
5.52836e-05
0.000151473
0.000136452
5.26189e-05
6.823e-08
2.94288e-05
4.8698e-05
5.43333e-05
9.13131e-05
8.63574e-05
4.03221e-05
0.00017746
5.26225e-05
0.000151575
0.000144245
4.19298e-05
5.54108e-05
3.46338e-05
2.73742e-05
3.11536e-05
4.6837e-05
6.56933e-05
3.7821e-05
5.84454e-05
2.71578e-05
0.000110928
4.95465e-05
7.10535e-05
4.95867e-05
3.1078e-05
2.61603e-05
3.08431e-05
4.48522e-05
6.57498e-05
6.85192e-05
7.2668e-05
6.38188e-05
7.67637e-05
5.08284e-05
3.8966e-05
6.46137e-05
5.64317e-05
3.868e-05
6.82203e-05
5.45218e-05
0.000186491
3.24977e-05
4.35217e-06
8.76591e-05
0.000167644
3.37656e-05
2.94808e-05
9.91465e-05
4.61093e-05
9.03484e-05
1.87504e-05
3.73736e-05
3.67797e-05
6.3394e-05
9.34849e-05
0.000101902
3.2798e-06
3.55642e-05
4.48653e-05
3.02124e-05
5.13918e-05
3.27491e-05
5.29126e-05
8.83539e-05
9.57764e-05
0.000140606
6.04368e-05
0.000138681
4.25741e-05
4.14178e-05
3.16223e-05
3.44258e-05
0.000109864
5.5829e-05
5.55756e-05
8.86142e-05
1.19703e-08
6.51989e-05
0.000109538
9.48296e-05
6.97976e-05
9.65083e-05
6.42684e-05
3.64113e-05
9.70066e-05
7.05566e-05
0.000127644
0.000121428
0.000145217
0.00013464
0.0001346
7.98769e-05
6.04539e-05
9.47366e-06
3.93242e-05
6.76937e-05
0.000122421
9.3806e-05
4.1062e-05
4.43005e-05
4.92134e-06
9.15045e-05
6.76668e-05
2.21432e-05
7.63971e-05
2.49966e-05
2.23931e-05
2.59387e-05
2.5283e-05
8.7075e-05
3.33725e-05
7.75122e-05
5.20906e-06
9.35777e-05
4.78093e-05
6.34102e-05
7.64181e-05
6.29841e-05
7.53961e-05
0.000155356
3.16767e-05
2.54136e-05
4.88736e-05
0.000112773
8.50277e-05
4.25273e-05
5.12026e-05
9.67611e-05
0.000173021
6.14985e-05
3.01467e-05
0.000147211
9.61087e-05
8.56892e-05
9.6608e-05
9.03291e-05
3.0947e-05
8.59123e-05
2.91429e-05
6.79917e-05
1.70257e-05
7.05815e-05
3.60865e-05
6.7278e-05
5.91033e-05
4.15268e-05
8.79218e-05
8.24808e-05
3.97794e-06
0.000153346
5.32381e-05
0.000158836
2.41263e-05
7.78426e-05
0.000106483
9.079e-05
5.30251e-05
2.20472e-05
0.000113923
7.88778e-05
0.000152384
0.000128981
5.12724e-05
2.95579e-05
1.26842e-07
3.76642e-05
2.85861e-05
0.00012806
6.0564e-05
2.48161e-05
4.1335e-05
4.6086e-05
5.71127e-05
5.22241e-05
2.71919e-05
4.63602e-05
0.00013231
0.000170248
9.95242e-05
5.4545e-05
6.57539e-05
6.89318e-05
3.34024e-05
4.32722e-05
0.000145859
6.96816e-05
0.00011118
4.1243e-05
3.13451e-05
3.92748e-05
0.000131775
2.31749e-05
2.67047e-05
3.71021e-05
5.32795e-05
0.000133707
9.9961e-05
8.82804e-05
2.06474e-05
2.29761e-05
0.000133518
2.37891e-05
5.85235e-05
3.27056e-05
0.000170442
9.20625e-05
0.000107495
0.000144909
6.24783e-05
9.82062e-05
0.00013147
5.5101e-05
1.72297e-05
9.04593e-05
9.18533e-05
1.73367e-05
6.61712e-05
3.75338e-05
0.000100293
2.50715e-05
0.000110245
0.000176651
7.71826e-05
5.23594e-05
2.35651e-05
0.000116088
0.000185498
2.41687e-05
2.97382e-05
1.09499e-05
3.26105e-05
7.50411e-05
6.15571e-05
3.06138e-05
2.51525e-05
5.51301e-05
9.97249e-05
9.45267e-05
5.14523e-05
8.1044e-05
3.47811e-05
0.000134215
9.40558e-05
5.05625e-05
3.06526e-05
2.14658e-05
2.50786e-05
2.35938e-05
5.83883e-05
2.69469e-05
8.30121e-05
9.79821e-05
8.86625e-05
0.000106939
7.18488e-05
0.000131889
0.000101253
4.84244e-05
2.24292e-05
8.70473e-05
5.90778e-06
1.93198e-05
2.70543e-05
7.22824e-05
0.000106055
8.11394e-05
0.000173079
1.33119e-05
6.13745e-05
4.6463e-05
6.7913e-06
0.000113219
2.1671e-05
5.13268e-05
8.40633e-05
1.6536e-05
2.17782e-05
8.41057e-05
0.000103309
6.2178e-05
2.11274e-05
0.000102727
2.20238e-05
8.39109e-05
2.16759e-05
2.3835e-05
9.36086e-05
9.54431e-05
2.11324e-05
0.00010311
3.68937e-05
4.40884e-06
4.19571e-06
3.61155e-05
0.000163203
2.54078e-05
5.81497e-05
5.98556e-05
0.000108519
4.23229e-05
9.85207e-05
4.25004e-06
2.48037e-05
4.91182e-05
9.68993e-05
1.92753e-05
2.9142e-05
0.000119802
0.000107649
7.82987e-05
1.54871e-05
3.94367e-05
2.14056e-05
8.75027e-05
7.05543e-05
0.000163295
9.70777e-05
2.07745e-05
6.80469e-05
0.000103866
0.000102082
0.00013434
8.94284e-05
6.96671e-05
3.58533e-05
8.62385e-05
8.2168e-05
1.04568e-05
3.63509e-05
0.000742374
8.09748e-05
0.000100221
0.000109868
9.46426e-05
5.69433e-05
1.58269e-05
2.77362e-05
5.26082e-05
7.82177e-05
1.97035e-05
4.39106e-05
8.29177e-05
5.06409e-05
8.64614e-05
9.15408e-05
2.27556e-05
8.43471e-05
5.93173e-05
0.000363776
7.11246e-05
0.000107991
0.00010622
3.92456e-05
0.000179274
0.000115707
7.90243e-05
9.46263e-05
8.49522e-05
3.76007e-05
8.47185e-05
0.000111956
0.000114657
3.65231e-05
7.21472e-05
9.63002e-05
6.24033e-05
7.17332e-05
8.03613e-05
1.23721e-05
0.000154564
2.03632e-05
6.11794e-08
0.000153919
5.24845e-05
2.11878e-05
0.000106449
8.09727e-05
5.14822e-05
4.84346e-05
2.33075e-05
0.000104856
7.74791e-05
2.46117e-05
0.000127
5.86803e-05
7.39161e-05
0.000131548
9.04778e-05
0.000126111
8.01723e-05
6.38312e-05
3.54671e-05
0.000103525
2.1917e-05
2.21175e-05
5.13997e-05
0.000149872
8.62765e-05
4.94464e-05
3.1081e-05
8.06518e-05
3.2184e-05
3.18629e-05
3.34395e-05
0.00015327
9.2744e-05
7.05095e-05
7.31813e-05
9.67694e-05
2.25201e-05
0.000104991
4.62328e-05
8.94481e-05
7.54529e-05
5.95058e-05
4.39853e-05
0.000109328
9.18232e-05
5.43117e-05
0.000117823
0.000136504
0.00015157
8.51987e-05
4.22994e-05
6.80491e-05
5.42024e-05
3.40309e-05
0.000109791
9.16721e-05
8.84914e-06
6.97846e-05
0.000863208
8.50154e-05
0.000116708
5.38608e-05
4.57446e-05
9.21768e-06
6.9206e-05
6.1748e-05
5.78753e-06
5.24129e-05
4.70974e-05
4.50363e-05
4.51119e-05
0.000186386
0.000152914
0.000118499
9.61276e-05
7.99709e-05
6.34482e-05
0.000131786
8.33536e-05
4.5184e-05
0.000113112
6.10175e-05
0.000113604
9.47031e-05
1.87551e-05
9.81638e-06
3.29046e-05
7.15482e-05
0.000111826
9.98074e-05
0.000152409
9.44909e-05
9.13908e-05
4.88356e-06
4.29124e-05
2.56138e-05
4.65863e-05
0.000159616
9.06055e-05
0.000117336
0.000110728
5.52311e-05
4.37309e-05
3.99124e-05
7.72928e-05
9.74656e-05
3.41241e-05
4.92422e-05
6.69615e-05
0.000170938
7.47846e-05
8.60263e-05
9.5325e-05
9.08294e-05
0.000127668
0.000115962
6.36384e-05
0.000164885
0.000166153
7.89326e-05
7.82918e-05
4.69988e-05
4.62049e-06
9.38607e-05
5.37633e-05
4.58695e-06
0.000144026
6.2191e-05
7.67401e-05
6.19719e-06
7.50568e-05
0.000100507
0.000144535
9.40862e-05
4.75807e-05
5.87831e-05
6.33093e-05
9.98744e-05
3.52741e-05
4.90461e-05
4.97078e-05
0.000114787
7.26643e-05
5.07435e-05
5.45616e-05
0.000151426
6.11939e-05
4.13101e-05
3.5128e-05
0.000150445
6.45258e-05
1.67441e-05
9.45514e-05
7.05874e-05
8.70942e-05
1.83185e-05
5.90722e-05
6.66374e-05
0.000101569
0.000111041
4.88041e-05
7.38639e-06
0.00014122
3.18781e-05
5.08281e-05
7.31628e-05
0.000128312
4.82506e-05
7.87124e-05
4.54833e-05
0.000143799
1.49897e-05
9.09647e-05
7.76203e-05
7.1058e-05
0.000105864
9.49163e-05
0.000142248
7.50217e-06
0.00012072
9.6184e-05
6.03987e-05
1.89383e-05
0.000157943
4.29784e-05
9.47191e-05
3.35365e-05
0.000149047
5.7352e-07
5.93327e-05
9.79491e-05
0.000729347
6.82019e-05
6.02618e-05
0.000153204
0.000133356
3.27541e-05
0.000171663
2.7459e-05
0.000110024
0.000172466
6.28543e-05
0.000137717
7.1133e-05
4.37013e-06
8.64837e-05
3.07571e-05
8.3389e-05
1.85771e-05
7.85553e-05
8.07464e-05
6.57369e-06
3.60645e-05
1.59778e-05
1.97825e-05
0.000127169
4.31308e-05
7.88961e-05
6.19436e-05
4.43544e-05
5.60377e-05
2.04659e-05
4.15025e-05
8.45102e-05
6.36289e-05
2.57902e-05
3.88719e-05
4.86575e-05
0.000823196
4.52832e-06
0.000108118
6.9482e-05
3.03242e-05
5.48263e-06
6.82197e-05
4.91622e-05
9.01505e-05
2.75738e-05
3.16292e-05
6.65257e-05
3.41554e-05
0.000130414
8.27686e-06
5.97851e-05
8.32298e-05
7.17886e-05
4.37281e-05
0.000146446
0.000175279
7.63172e-05
5.17776e-05
8.13728e-05
5.47967e-05
7.08533e-05
5.91543e-05
8.09565e-05
6.32545e-05
0.000143527
5.8256e-05
2.78147e-05
0.000124973
0.000139761
0.000123597
7.44522e-05
0.000184855
6.84173e-06
4.10254e-05
3.09846e-05
1.63367e-06
2.50429e-05
0.000117693
0.000142046
4.10307e-05
2.83081e-05
5.05094e-05
4.82828e-05
0.000144265
3.73824e-05
3.35191e-05
0.000115637
8.03848e-05
9.22629e-05
0.000145261
7.6968e-05
3.81505e-05
8.05593e-05
2.41007e-05
8.19902e-05
6.62167e-06
0.000113689
0.000117888
7.1228e-05
1.92688e-05
2.22303e-05
5.09676e-06
8.19199e-06
6.91782e-05
8.09576e-05
6.36521e-05
6.88909e-05
4.3561e-05
4.38781e-05
0.000117897
6.89439e-05
0.000145353
1.37513e-05
6.85253e-05
5.06175e-05
8.54541e-05
3.10285e-05
3.92469e-05
3.73748e-05
8.38226e-06
8.8369e-05
0.00010468
0.000100065
9.05684e-05
2.28893e-05
9.2966e-05
4.17406e-05
8.05214e-05
0.000131603
0.000141217
5.89754e-05
3.63127e-05
2.41459e-05
8.3944e-05
0.000120261
7.73432e-05
4.99854e-05
6.94278e-05
1.29539e-05
3.54149e-05
2.89017e-05
3.99529e-05
3.61419e-06
1.8002e-05
0.000143056
4.95663e-06
3.18985e-05
3.14371e-05
7.06704e-06
7.74638e-05
3.00935e-05
8.72406e-05
0.000134192
0.00014632
0.000110856
6.39402e-05
3.77977e-05
5.89474e-05
0.000119693
4.65977e-05
3.3733e-05
2.64401e-05
3.34503e-05
7.30366e-06
5.24625e-05
4.21569e-05
8.09326e-05
0.000138253
0.000167508
7.1216e-06
0.000133859
4.77597e-05
4.18107e-05
7.80121e-05
6.93187e-05
7.70639e-06
6.69802e-05
0.000117981
1.22518e-05
4.23158e-05
6.50272e-05
4.40314e-05
3.42337e-05
6.17282e-05
0.000109011
7.30048e-06
7.94552e-05
8.9035e-05
5.25796e-05
6.91351e-06
8.29958e-05
0.000141494
1.12021e-05
9.59316e-05
5.66502e-06
0.000170022
3.12687e-05
4.84458e-05
5.39916e-05
3.59606e-05
0.000130396
3.64759e-05
2.25504e-06
2.89216e-05
0.000135373
7.56436e-05
8.4151e-05
5.41655e-05
4.1572e-05
0.00012471
5.78808e-05
6.90729e-05
4.90082e-05
0.000117969
8.58709e-05
0.000103153
3.32959e-05
0.00010307
0.000100353
0.000102953
0.000102001
4.30674e-05
0.000119541
0.000115071
9.78163e-05
5.80935e-05
0.000110005
2.27354e-05
7.38078e-05
2.15737e-05
6.26314e-05
3.8093e-05
9.92151e-05
0.00011478
1.12016e-05
7.57763e-06
2.79926e-05
0.000102936
4.92339e-05
4.18153e-05
2.3382e-05
3.86865e-05
3.13735e-05
0.000145398
5.51645e-05
4.22446e-05
2.22748e-05
6.04029e-05
0.000125223
8.44441e-05
6.47297e-05
8.39181e-05
3.86293e-05
6.26446e-06
2.82763e-05
5.7542e-05
0.000107596
2.6325e-05
1.15101e-07
1.59356e-06
3.57563e-07
6.3834e-07
1.03054e-06
4.32964e-07
1.92346e-07
1.63154e-06
1.80121e-07
1.54565e-07
3.57712e-07
8.51429e-07
3.05783e-07
1.03402e-06
2.83366e-06
5.30626e-07
6.40663e-08
6.75752e-07
8.22563e-08
3.45554e-06
3.61622e-08
1.61964e-05
8.07819e-05
8.15783e-05
0.000113242
5.69479e-05
1.66097e-07
0.000100912
1.68269e-05
0.000125248
0.000136205
3.06238e-05
7.68171e-05
6.50704e-05
5.32826e-05
1.11415e-05
3.94265e-05
1.86939e-05
4.06346e-05
4.92375e-05
3.80141e-05
7.06217e-05
0.000127109
1.53665e-05
4.4062e-06
0.000116832
2.29271e-05
8.92514e-05
4.64658e-05
0.000103097
7.57917e-05
0.000121348
0.000118163
3.44026e-05
0.000104459
3.00987e-05
6.2433e-06
0.000100193
5.45403e-05
0.00030658
1.86797e-05
5.12014e-05
2.9908e-05
0.000118637
8.31118e-06
8.25391e-05
3.44252e-05
6.50032e-06
4.84395e-05
1.17107e-05
2.32681e-05
4.20678e-05
0.000136293
6.09868e-05
2.46098e-05
4.35122e-05
2.06278e-05
0.000124601
0.0001118
3.34043e-05
4.21838e-05
6.74571e-05
9.65164e-05
6.62481e-05
8.63932e-05
4.82604e-05
7.25934e-05
1.20449e-05
4.66333e-05
9.97533e-05
4.85374e-05
9.51763e-05
6.64033e-05
0.000110405
6.1459e-05
5.45817e-06
4.97681e-06
6.77589e-06
8.45436e-06
5.48256e-05
5.36041e-05
8.7815e-05
8.08015e-05
6.9104e-05
6.31554e-07
6.26997e-05
2.11369e-05
8.32032e-05
5.67364e-05
0.000120198
5.29713e-05
3.94846e-05
0.00010111
5.47701e-05
8.07371e-05
0.000141708
5.89761e-05
9.7676e-05
3.03168e-05
6.59139e-05
5.09874e-05
1.32443e-05
5.2136e-05
3.75114e-05
9.69265e-05
5.14191e-05
0.00013206
2.17037e-05
0.00010202
4.17077e-05
0.000114727
4.55907e-05
0.000119114
5.46694e-05
4.62002e-05
0.000107823
4.42925e-05
0.000110757
1.68728e-05
3.60604e-05
8.33145e-05
7.67425e-05
7.88102e-05
3.10928e-05
0.000126286
6.48348e-05
2.97953e-05
8.22327e-05
9.42819e-05
3.80489e-05
4.97981e-05
9.8013e-06
4.24454e-06
2.50436e-05
8.75376e-05
4.40592e-05
6.59175e-05
3.51695e-06
2.35943e-05
0.000127013
5.47244e-05
6.29687e-05
6.87975e-06
6.83074e-05
9.49796e-05
1.89612e-05
1.00999e-05
7.39389e-05
8.48232e-05
3.38953e-05
0.000100058
6.06034e-05
8.27222e-05
4.66523e-05
0.000102216
6.08795e-05
7.13684e-05
4.89805e-05
9.84318e-05
9.06042e-05
0.000127421
0.000110584
6.78796e-05
7.60077e-05
3.74302e-05
2.94731e-05
6.60794e-05
4.69028e-05
5.16067e-05
2.20389e-05
1.28426e-05
0.000151228
2.90036e-05
5.22331e-05
7.41299e-05
4.57207e-05
0.000123224
2.85958e-05
6.67437e-05
0.000111225
5.79342e-05
0.00011117
2.84205e-05
0.00010334
3.30289e-05
0.000117351
1.5877e-05
7.9186e-06
2.6139e-05
3.00034e-05
0.000104036
9.2862e-05
3.62594e-05
3.78042e-05
3.21136e-05
8.30769e-05
8.31479e-05
3.82774e-05
0.000112128
0.000167178
6.70994e-05
7.86032e-06
3.70574e-05
5.32872e-05
0.000136477
9.9491e-05
2.39884e-05
0.000105503
2.2187e-05
0.000129913
9.83627e-05
9.23278e-05
5.45965e-05
7.07704e-05
5.70189e-05
5.79092e-05
5.08462e-05
7.59262e-05
4.56796e-05
2.90279e-05
7.45052e-05
5.23883e-05
4.76561e-05
2.7752e-05
3.40952e-06
0.00011063
5.92556e-05
0.000154032
0.000167562
6.11103e-05
0.000132079
2.01396e-05
0.000102934
8.0496e-05
0.000125909
2.31413e-05
5.56618e-05
7.46914e-05
0.000107905
8.04106e-05
4.58685e-05
0.000140292
9.62601e-06
5.89053e-05
3.80628e-05
8.67715e-05
3.22506e-05
2.15968e-05
9.02786e-06
3.05529e-05
7.55265e-05
0.000101824
0.000137261
9.36352e-05
7.51748e-05
3.47447e-05
2.56311e-05
3.83713e-05
8.14593e-05
3.32531e-05
1.17582e-05
0.000137002
0.00010115
8.84522e-05
0.000103479
3.53839e-05
1.45222e-05
3.83188e-06
3.48328e-05
6.12619e-05
0.000106724
6.55072e-05
5.14517e-06
4.33614e-05
3.59577e-05
2.08098e-05
0.00011026
8.51992e-05
0.000104093
3.04364e-05
3.90696e-05
5.0131e-05
4.64432e-05
8.57639e-05
6.12439e-05
4.63079e-05
3.08995e-05
0.000123012
0.000127526
3.98508e-05
1.33335e-05
3.39975e-05
0.000106012
0.000112663
0.000175386
5.75467e-05
9.99248e-05
7.34438e-05
2.63395e-05
0.00012168
3.24697e-05
5.16124e-05
3.32913e-05
5.86357e-05
0.000150726
0.000133339
3.81213e-06
0.000121971
6.49708e-05
3.74312e-05
6.01289e-05
3.78978e-05
2.3289e-05
7.77481e-05
4.15049e-05
6.97092e-05
1.19172e-05
4.12513e-05
3.31541e-05
4.41581e-05
6.44314e-05
4.6402e-05
0.000141798
0.000151426
2.6415e-05
3.5142e-05
3.34653e-05
0.000132286
1.93691e-05
2.79599e-05
4.22629e-05
4.61113e-05
4.53679e-05
0.000129145
8.15627e-05
3.90207e-05
5.02064e-05
3.52425e-05
8.36006e-05
2.9149e-05
2.16136e-05
7.72062e-05
5.79558e-05
9.30446e-05
7.24849e-06
5.25995e-05
1.40069e-05
4.40009e-05
0.000131494
2.43594e-05
4.80087e-05
4.37728e-05
8.64756e-05
9.01506e-05
0.000127557
2.07476e-05
6.0242e-05
6.07055e-05
4.11205e-05
8.5957e-05
5.78456e-06
2.10575e-05
9.06694e-05
1.88431e-05
3.0045e-05
5.44537e-05
6.04405e-05
0.000126334
7.94672e-05
9.27019e-05
1.71937e-05
0.000102055
1.91139e-05
6.63853e-06
7.37521e-05
2.08002e-05
2.39409e-05
2.94862e-05
9.55547e-05
6.52773e-05
4.24584e-05
0.000135025
4.16795e-05
1.29508e-05
2.28954e-05
0.000105667
9.56659e-05
7.00985e-05
4.24696e-05
4.30033e-05
0.000133307
1.97775e-05
7.35995e-05
6.78565e-05
7.30469e-05
7.22324e-05
3.4366e-05
2.76782e-05
0.000101425
5.12421e-05
6.87955e-05
1.09135e-05
3.81445e-05
0.00012044
4.11645e-05
3.61191e-05
6.77329e-06
2.06629e-05
4.40368e-05
8.50737e-05
4.66308e-06
9.06563e-05
0.00012105
2.28698e-05
0.000131692
2.59773e-05
8.83351e-08
2.33058e-05
7.70227e-05
2.48753e-05
0.000103272
8.01593e-05
8.31523e-06
8.13789e-06
6.79832e-05
0.000112844
3.09142e-05
0.000106012
0.000123895
6.86602e-05
4.74771e-06
8.9448e-05
6.92985e-05
2.99899e-05
0.000136574
1.05669e-05
7.68211e-05
6.93809e-05
7.93817e-05
1.31062e-05
8.27385e-05
9.62049e-05
6.26463e-05
8.4168e-05
2.08657e-05
2.46994e-05
0.000112799
7.29477e-05
2.15091e-05
6.55068e-05
2.55149e-05
6.35689e-05
2.12863e-05
1.54204e-05
3.1834e-05
8.33333e-05
7.72894e-05
5.00428e-05
0.000106347
5.93755e-05
2.71752e-05
5.93312e-05
9.70471e-05
4.34743e-05
0.000144009
5.88064e-05
5.0563e-06
9.25861e-05
2.22445e-05
0.000103702
3.33854e-05
1.95203e-05
0.000131448
5.8652e-08
1.59103e-05
4.61869e-05
3.60447e-06
8.95825e-05
5.4709e-06
8.04138e-05
9.49479e-05
6.5964e-05
9.045e-05
0.000109785
9.46779e-05
4.18312e-05
1.07772e-05
0.000113682
6.19685e-05
9.40446e-05
9.94359e-05
4.53576e-05
0.000128035
7.02734e-05
2.81028e-05
5.53807e-05
7.48107e-05
0.000123221
0.000120747
8.5219e-05
1.30852e-05
0.00017165
1.89494e-05
2.31223e-05
4.27742e-05
8.05215e-06
2.97136e-05
7.08082e-05
7.2318e-05
7.07027e-06
0.000107002
2.09979e-06
7.97524e-05
1.98564e-05
0.000104752
1.78782e-05
3.13183e-05
4.58593e-05
3.76622e-06
3.04346e-05
2.69907e-05
2.16027e-05
7.91956e-05
7.04461e-05
9.56956e-05
4.17982e-05
3.3598e-05
7.29118e-05
2.48195e-05
0.000110798
8.48916e-06
7.59251e-05
0.000134614
7.13277e-05
5.59677e-05
9.69789e-05
4.90092e-05
3.36721e-05
3.18421e-05
1.88431e-05
9.39686e-06
9.71331e-05
3.41498e-05
3.2846e-05
4.77606e-05
7.37896e-05
3.78446e-05
0.000109298
1.73265e-05
4.44691e-05
0.000107411
2.82512e-05
3.05461e-05
0.000125016
7.49084e-05
8.42567e-05
5.82386e-06
4.62515e-05
7.98671e-06
3.14884e-05
2.73268e-05
4.49447e-05
3.66657e-05
0.000119475
3.96739e-05
6.00431e-06
0.000104156
6.39964e-05
1.67319e-05
0.000150244
6.88248e-05
3.03098e-05
2.31586e-05
2.51074e-05
0.000107295
1.3742e-05
9.57912e-05
4.38045e-06
3.94917e-05
3.40528e-05
1.28721e-05
9.16066e-05
7.95068e-05
4.61373e-05
7.92395e-05
3.76375e-05
0.000118651
3.00962e-05
4.35911e-05
0.000103799
1.28874e-05
1.91411e-05
0.000114618
0.00014594
4.33771e-05
5.51976e-05
3.22604e-05
6.07499e-06
6.64321e-05
3.89218e-05
2.84246e-05
0.000119618
7.07178e-05
1.47899e-05
1.37679e-05
4.18634e-08
6.68769e-05
1.70647e-05
4.18927e-05
8.09719e-06
0.000104411
7.97771e-05
8.83379e-05
5.49295e-05
5.48392e-05
0.000145772
8.2833e-05
9.19096e-05
5.04951e-05
7.25913e-05
7.70305e-05
4.36164e-05
3.74584e-05
3.03231e-05
6.73024e-05
6.5676e-05
1.02561e-05
8.90605e-05
7.64672e-05
4.95008e-05
0.00010838
9.93916e-05
3.92309e-05
7.17853e-05
5.28915e-05
2.43258e-05
3.12755e-05
9.99879e-05
3.11062e-05
4.16563e-05
7.79345e-05
6.39027e-05
1.15341e-05
9.43712e-05
2.48014e-05
3.76822e-05
7.40451e-05
5.41218e-05
3.38633e-05
9.02863e-05
1.19693e-05
0.000122794
0.00013491
4.93129e-05
3.4627e-06
0.000106308
4.89274e-06
7.27134e-05
3.48209e-05
0.000137833
0.000115601
9.55935e-05
9.70881e-05
0.000115211
5.85284e-05
9.70179e-05
0.000140121
0.00012907
7.96688e-05
6.02886e-05
4.7234e-05
7.81737e-06
7.52717e-05
4.35467e-05
8.62014e-06
5.76739e-05
1.08028e-05
7.37069e-05
5.70282e-06
8.89555e-05
9.17297e-06
6.35191e-05
9.52561e-05
3.91678e-06
6.10634e-05
2.59581e-05
4.68652e-06
8.95309e-08
0.000139007
4.30498e-05
4.19502e-05
4.80116e-06
7.02735e-05
9.14071e-05
1.75879e-05
6.49498e-05
4.6696e-05
7.08701e-06
4.63841e-05
0.000122395
2.39597e-05
3.74161e-06
6.80534e-05
2.44243e-06
9.18871e-07
1.10955e-06
5.81825e-07
4.74595e-07
2.1311e-07
1.35581e-07
4.25443e-07
7.00631e-07
1.02057e-07
5.05915e-07
1.68011e-07
3.55925e-07
8.5191e-07
3.82105e-06
3.3808e-06
1.58347e-06
1.95737e-07
7.1923e-08
3.32675e-07
0.000103396
7.20618e-05
5.68829e-06
0.000103173
8.1458e-05
0.000151086
2.56784e-06
7.84961e-06
6.91285e-06
2.53929e-05
9.94705e-05
5.40796e-06
1.45019e-05
7.11809e-05
7.16019e-05
0.000126762
6.22672e-06
4.02613e-06
4.90101e-05
9.94583e-06
5.6655e-05
7.14469e-06
6.96749e-06
2.52769e-05
5.83413e-05
5.62439e-05
4.97133e-05
3.25089e-06
7.67768e-06
3.45747e-06
7.25356e-06
0.00011485
9.14659e-05
7.90962e-05
7.29223e-06
4.85499e-05
0.000151739
6.07649e-05
5.57199e-06
0.000124633
6.63368e-05
2.14876e-05
4.04281e-05
0.000144213
0.000130444
0.000128385
5.00572e-06
4.45542e-05
1.89457e-05
3.7459e-06
6.14803e-05
1.37974e-05
5.0548e-06
6.81057e-05
7.38892e-05
5.82123e-06
6.91583e-05
8.17675e-05
2.86362e-05
0.000102785
0.000104557
6.39182e-05
3.29622e-06
3.54604e-06
6.7221e-05
4.05039e-05
2.39874e-06
0.00017543
6.40214e-06
5.99483e-05
4.35698e-05
7.78516e-05
3.02076e-06
0.000112685
5.66963e-06
3.40713e-05
6.36718e-06
0.000138044
4.6103e-06
0.000156221
3.10822e-05
7.34419e-06
7.48096e-05
1.87107e-05
3.56401e-06
5.83324e-05
7.80681e-05
4.39507e-06
3.10041e-06
2.74895e-05
4.09024e-06
0.000111124
4.15527e-06
4.29511e-06
4.13733e-05
3.0199e-06
4.94842e-05
0.00013812
0.000141053
5.43733e-05
0.000109072
0.000136754
3.31463e-06
4.32412e-05
3.70322e-06
0.000148834
6.36193e-06
0.000151447
7.39963e-05
2.76451e-06
3.38334e-06
0.000375547
1.66286e-05
2.46896e-05
8.98467e-05
4.93592e-05
4.52343e-06
1.48472e-05
0.000104628
5.52251e-05
2.96065e-06
5.43012e-05
0.000129244
2.98915e-05
6.26412e-05
5.81971e-06
0.00012003
0.000122121
3.7671e-05
9.53636e-06
0.000129089
3.94405e-05
5.62709e-06
8.28614e-05
5.91434e-05
3.75198e-05
4.78764e-05
6.76117e-05
1.6087e-06
6.41485e-07
1.16377e-07
3.59771e-07
1.03541e-06
3.07729e-07
4.35395e-07
2.87262e-07
3.59991e-07
1.56469e-07
1.75828e-06
2.92678e-06
1.82049e-07
9.83866e-07
5.32194e-07
6.78356e-07
1.03867e-06
7.90812e-08
8.34657e-08
3.47545e-06
4.39747e-05
7.92802e-05
4.97709e-05
8.07839e-05
2.52437e-06
2.84501e-05
6.71624e-05
4.4976e-05
4.59688e-05
9.47163e-05
0.000106734
3.70209e-05
2.38386e-05
5.04131e-06
0.00185737
5.23106e-05
5.06604e-05
4.20133e-06
0.000127775
0.000133272
0.000136135
0.000123367
4.79116e-05
6.56164e-05
2.03938e-06
5.96369e-06
2.33106e-06
3.03458e-05
0.00822198
3.6822e-05
4.40979e-06
4.60068e-05
7.76311e-05
5.06512e-06
9.00289e-05
0.000128398
5.20357e-05
0.000102192
0.000247564
8.61267e-06
5.11046e-05
4.95677e-06
3.96941e-08
8.14255e-05
0.000101687
6.67879e-06
8.34418e-05
7.75152e-05
7.71344e-06
8.30853e-06
4.16801e-05
0.000144177
8.49117e-06
1.13213e-05
4.40929e-05
8.31109e-05
6.34366e-06
4.664e-06
3.97685e-05
2.31728e-06
9.4605e-06
3.12171e-05
8.12405e-05
5.02222e-05
2.20195e-05
4.53523e-05
9.75377e-05
2.47682e-05
5.4313e-05
4.70553e-05
0.000157524
0.00010324
4.22932e-05
7.94033e-05
3.31483e-06
2.91458e-05
5.12227e-05
2.3548e-05
2.58589e-05
8.24607e-05
6.29994e-05
5.18077e-06
2.34354e-06
0.000133995
6.64375e-05
3.65986e-05
4.00985e-05
0.00013647
0.000125157
4.64935e-05
8.72025e-05
1.48542e-08
2.32932e-05
8.2342e-06
1.31207e-05
9.18537e-05
0.000121878
4.41241e-05
0.00018194
2.98704e-05
9.74208e-05
4.38525e-05
0.000145608
4.37737e-05
2.26593e-05
5.04432e-05
3.92777e-05
0.000102555
1.68408e-05
0.000119509
0.000117186
8.34785e-05
0.000158193
6.89571e-05
6.84646e-05
0.000106378
4.71593e-05
4.8793e-06
9.39733e-05
6.87041e-06
7.50208e-05
0.000103599
0.000118954
4.29482e-05
2.69498e-05
7.26239e-05
3.26047e-05
4.75325e-05
6.52285e-05
6.5506e-05
5.22856e-05
4.67985e-05
1.00965e-05
2.37304e-05
2.34834e-05
8.2895e-05
3.74539e-06
8.27578e-05
0.000117586
7.15388e-05
2.81997e-05
3.21022e-05
4.71872e-06
0.000107314
0.000146771
0.000104734
9.95152e-05
2.83888e-05
0.000102839
0.000116941
0.000106992
3.59942e-05
1.70076e-05
6.96453e-05
0.000112577
5.3107e-05
3.40531e-05
1.77447e-05
1.07361e-05
0.000149006
2.52796e-05
4.80865e-05
8.754e-05
1.22242e-05
2.2894e-05
0.000137739
9.07295e-08
0.000100019
0.000194776
0.000110852
5.91257e-05
6.39937e-06
0.000106581
1.27404e-06
7.78803e-05
7.08105e-05
0.000171491
0.000103546
3.80478e-06
0.000101359
3.6273e-06
7.58698e-05
2.37174e-06
0.000131382
7.44513e-05
4.34549e-05
4.78117e-05
9.48867e-06
1.01171e-07
4.43231e-06
4.33628e-05
7.72921e-05
3.31441e-05
0.000103973
8.95007e-05
4.0823e-05
0.000176211
7.5624e-06
8.50066e-06
1.04499e-05
8.13641e-05
5.79682e-06
3.33103e-05
3.38987e-05
0.00015239
8.30402e-05
5.65545e-05
3.03176e-06
6.95613e-05
4.32282e-05
3.24633e-05
8.34338e-05
3.07834e-05
6.09762e-05
1.0237e-05
4.49986e-06
0.00040747
6.09209e-06
5.18365e-06
6.85424e-06
8.62891e-05
7.02227e-05
3.26693e-05
2.32394e-05
6.14417e-05
8.28191e-05
9.80274e-05
7.58704e-05
2.71854e-05
0.000126276
6.23829e-05
0.000106088
3.59905e-05
5.25584e-05
4.38167e-05
0.000167253
2.32357e-05
1.14001e-05
5.8809e-05
0.00010227
8.00218e-05
0.000111936
0.000117973
5.83055e-06
1.7434e-06
7.28341e-05
4.79548e-05
2.89526e-05
5.15456e-05
9.11619e-05
0.000137759
8.15781e-05
7.63771e-05
6.66043e-06
9.52255e-05
6.47227e-05
3.85331e-05
6.76956e-05
6.62356e-05
2.68637e-05
5.25202e-05
8.76163e-05
8.58221e-05
3.09786e-06
2.41857e-05
5.08889e-05
8.89217e-05
1.73043e-05
7.10819e-06
0.000121095
7.09001e-05
0.000139338
0.000146142
3.92531e-06
5.46146e-05
5.08564e-05
0.000100859
4.70254e-05
9.19979e-06
7.18934e-06
0.000133161
0.000122863
6.93357e-06
6.82827e-06
0.000142382
0.000103925
3.8932e-05
3.07929e-05
9.93691e-05
5.44576e-05
5.92934e-05
8.21708e-05
9.02443e-05
5.4978e-05
5.77473e-05
6.49074e-05
3.42772e-05
6.27511e-06
7.11822e-06
8.29851e-05
2.55454e-05
0.0001066
5.41862e-05
3.56531e-05
0.000168253
4.76651e-06
9.36031e-05
1.75684e-05
6.40738e-05
5.55376e-05
5.25902e-05
6.0685e-05
5.82919e-05
3.72284e-05
7.41731e-05
0.000106954
1.83457e-05
9.58334e-06
2.38845e-05
1.77648e-05
5.99091e-05
4.16551e-05
1.79742e-05
1.11318e-07
3.19601e-05
5.52312e-05
5.97887e-06
7.23816e-06
0.00012172
3.916e-06
9.11517e-05
4.72082e-05
9.25949e-05
3.10865e-05
4.86522e-05
6.42144e-05
3.34856e-05
8.76514e-05
0.000106899
5.68159e-05
2.41413e-05
5.11738e-05
2.08503e-05
0.000102564
2.25471e-05
8.87121e-05
4.92944e-05
1.45855e-05
4.36908e-05
3.29038e-05
2.52063e-05
8.23221e-05
3.57571e-05
7.87869e-05
4.74252e-06
7.14112e-08
4.01508e-05
0.000136869
0.000138947
5.38508e-07
4.04938e-05
2.89541e-05
2.76213e-05
7.72111e-06
2.36191e-05
9.78537e-05
4.65007e-05
8.34417e-05
5.37173e-05
4.23345e-05
2.89536e-05
2.87486e-05
5.15046e-05
4.80562e-05
0.000153707
0.000159743
1.48448e-05
6.39862e-05
3.6664e-05
7.97361e-06
2.95742e-05
5.87166e-05
5.30045e-05
0.00011205
0.000115242
4.3285e-05
9.6063e-05
6.10444e-05
0.000119837
0.000135935
2.12083e-05
5.11521e-05
0.000155212
4.55456e-05
9.73678e-05
0.000128805
4.95197e-05
5.75518e-05
5.44186e-05
8.30562e-06
1.76478e-05
3.63888e-05
0.000119773
1.93318e-05
4.62642e-05
4.31226e-05
7.83101e-05
6.06341e-05
8.73836e-05
0.000106919
0.000250432
5.25622e-05
0.000123536
5.51313e-05
0.000112078
6.20853e-06
2.92387e-05
5.98339e-05
0.000137525
1.0882e-05
8.81273e-05
0.000153618
4.47116e-05
2.10892e-05
3.19713e-05
0.000106915
5.63206e-05
0.000118756
6.26042e-05
3.80053e-06
8.34207e-05
3.34776e-05
5.65732e-05
9.06103e-06
2.79412e-05
5.51844e-05
0.000103585
7.46695e-05
7.31154e-05
3.54598e-05
6.19236e-05
6.11153e-05
0.000141698
6.72305e-05
0.000140693
0.000119223
3.73352e-05
3.27949e-05
9.35568e-05
6.24915e-05
5.91655e-05
1.47269e-05
0.000149728
5.75191e-05
8.40171e-05
2.4879e-05
8.16756e-05
0.0001587
3.11227e-05
5.73023e-05
8.72863e-05
8.79853e-05
4.49508e-05
8.2829e-05
5.75058e-05
0.000136932
0.000104096
5.60078e-05
9.34359e-05
7.03063e-05
0.000152257
7.95995e-05
5.22077e-06
9.70478e-05
0.000109381
4.32905e-05
9.96533e-05
0.00012512
0.000101551
5.41279e-05
4.73481e-05
0.000133426
2.07621e-05
2.27588e-05
7.85427e-08
6.39822e-05
1.025e-05
6.42778e-05
2.20772e-05
4.96084e-05
5.61247e-06
3.07253e-05
4.99642e-05
5.29338e-05
0.000152875
4.63284e-05
6.07039e-05
1.75711e-05
0.000105852
2.90742e-05
4.70407e-05
1.15363e-05
0.000239349
3.40986e-05
1.19994e-05
0.000102326
8.08964e-05
2.92795e-05
7.13179e-05
0.000118446
8.74692e-05
0.000125236
6.03256e-05
0.000151166
4.3305e-05
4.4259e-05
3.73959e-05
2.85552e-05
0.000149331
6.47252e-05
2.97972e-05
1.24264e-05
8.30565e-06
0.000134465
0.000170775
8.44912e-05
6.78658e-05
4.55658e-08
3.86486e-05
4.9302e-05
4.70154e-05
5.4283e-05
4.06663e-06
8.20565e-05
7.35701e-05
0.000118768
0.000152565
1.96987e-05
6.98153e-05
6.89779e-05
9.0279e-05
8.68474e-05
0.000104575
3.45269e-05
5.22404e-05
4.55623e-05
3.52149e-05
9.47958e-05
5.77141e-06
2.74908e-05
3.40485e-05
9.49775e-05
0.000158177
0.000132623
1.52673e-05
0.000119916
3.05143e-05
3.1417e-06
0.000125407
2.93017e-05
5.69754e-05
3.65517e-06
8.63157e-05
0.000145671
2.80644e-05
9.06472e-05
5.03482e-05
6.72886e-06
7.34058e-05
2.00645e-05
5.78488e-05
0.000133649
4.28129e-05
4.05711e-05
8.77533e-05
2.51994e-05
0.000158931
3.1108e-05
2.89078e-05
4.18041e-05
9.49006e-05
6.3353e-05
5.48182e-06
4.56735e-05
8.48612e-06
0.000113155
5.58835e-05
7.24587e-05
4.6703e-05
0.000116665
5.35335e-05
3.97186e-05
0.000115817
8.20982e-05
0.000112287
0.000106358
6.30987e-05
6.79974e-05
7.77916e-05
6.18168e-05
6.66518e-05
0.000100818
6.86759e-06
0.00011193
9.29736e-05
9.50919e-05
5.17409e-05
2.73617e-05
7.24617e-05
0.000135539
2.97147e-05
8.7441e-05
0.000101541
6.74579e-05
9.33301e-05
3.73254e-05
9.92368e-06
0.000163488
3.55325e-06
3.08356e-05
7.9237e-05
3.43404e-06
4.20697e-05
3.0225e-06
3.66667e-05
5.72945e-05
4.84439e-06
6.41043e-05
3.76296e-05
2.4356e-05
9.04159e-05
8.31375e-05
0.000143407
7.90144e-05
2.61868e-05
1.75787e-05
0.000102021
9.98527e-05
4.29207e-05
0.00015746
7.10773e-06
3.84412e-06
2.63922e-05
0.000106513
7.81757e-05
1.18724e-05
7.7983e-05
3.69487e-06
2.53072e-05
5.31652e-05
8.89293e-06
2.06511e-05
3.94513e-06
3.33838e-05
3.70274e-05
2.61109e-05
0.000118543
8.11386e-05
0.000141122
8.78768e-05
6.74431e-05
4.70277e-05
0.000177626
3.88074e-05
3.03435e-06
6.75744e-05
0.00018649
1.57487e-05
2.6783e-05
0.000160672
2.45688e-06
3.46162e-08
1.20506e-05
0.00022697
8.63549e-05
8.73039e-05
7.0168e-05
8.41384e-05
8.24851e-06
6.97362e-05
2.4399e-05
7.84361e-05
7.13665e-05
7.7675e-05
9.99473e-05
0.000166498
7.45502e-05
8.39851e-05
7.87054e-05
4.03783e-05
8.58093e-05
1.78644e-05
0.000165182
6.14196e-05
8.06454e-05
7.93578e-05
8.38979e-05
3.2426e-06
5.80359e-05
0.000156265
8.03148e-05
8.45045e-05
4.92665e-05
0.000216063
8.83196e-05
7.90205e-05
7.9488e-05
9.83019e-05
2.82075e-05
4.63339e-06
5.96304e-05
3.88076e-05
6.79646e-06
7.57575e-05
2.3947e-05
7.50182e-06
5.56661e-06
0.000170626
9.09419e-05
4.05408e-05
5.3999e-05
7.14874e-06
7.02176e-05
7.4291e-06
8.45377e-05
4.68242e-05
5.76574e-05
6.30841e-05
3.87301e-05
5.98746e-05
7.58257e-05
0.000285537
3.39431e-05
3.51333e-06
7.16982e-05
0.000126191
9.06835e-05
9.21458e-05
5.64597e-05
0.000162226
8.89083e-05
0.00015298
2.62335e-06
3.78157e-05
9.38167e-05
3.94693e-05
5.43333e-05
3.25921e-05
4.51175e-05
7.91979e-05
7.32473e-05
7.21874e-05
2.86134e-05
0.000107972
3.59176e-05
6.98939e-06
8.51323e-05
0.000154353
3.69397e-05
8.75094e-05
3.11246e-05
4.62615e-05
2.67417e-05
3.33888e-05
0.000139323
7.93946e-06
3.93569e-05
7.31465e-05
3.25386e-06
7.42251e-05
4.37281e-05
8.17288e-05
7.84649e-05
0.000103814
2.64676e-05
3.27441e-05
0.000159019
4.65124e-05
3.70387e-06
4.44059e-05
7.32893e-05
7.96649e-05
4.15272e-05
8.00883e-05
0.000106679
2.41891e-06
7.30644e-05
0.000325018
7.70157e-05
0.000104825
1.36668e-05
0.00013364
8.76195e-05
3.04472e-05
4.43919e-05
8.6095e-05
9.21498e-05
3.40074e-05
5.72041e-05
7.09154e-05
7.91793e-05
7.32722e-05
7.39897e-05
3.27757e-05
7.79596e-05
7.14702e-05
5.50006e-05
7.44339e-06
7.45796e-05
3.20136e-06
9.39548e-05
7.4911e-05
3.00335e-05
7.85874e-05
7.73846e-05
4.77479e-05
8.61857e-06
7.14692e-05
3.86789e-05
2.01557e-05
5.52813e-05
5.24844e-05
7.02317e-05
5.71083e-05
0.00025757
4.88702e-05
7.23785e-05
2.17962e-05
0.00016772
0.000118892
6.07891e-05
3.01286e-06
6.93821e-05
9.1756e-05
2.23227e-05
3.02829e-05
7.02239e-05
6.77076e-05
8.84361e-05
5.61429e-05
6.18039e-05
2.81397e-05
1.19445e-05
3.61366e-05
2.87209e-06
3.99474e-06
5.00798e-05
0.000318102
5.1072e-05
7.64418e-06
4.1284e-06
5.58576e-05
7.9686e-05
4.36211e-05
7.07316e-05
5.52954e-05
0.000174496
1.70347e-05
5.80902e-05
6.49438e-05
6.13923e-05
4.85556e-05
7.47185e-05
9.17708e-08
5.99929e-05
4.75725e-06
5.18354e-05
5.36808e-05
5.00094e-05
3.91669e-05
7.18745e-06
4.48805e-05
7.0342e-05
1.37636e-05
7.79425e-05
9.28499e-05
2.66181e-06
2.38291e-06
9.27731e-06
4.83629e-06
6.77481e-05
6.86631e-06
0.000130484
5.41584e-05
9.12202e-05
5.21813e-05
3.36076e-05
1.7608e-05
4.65135e-05
0.000113321
0.000311368
4.961e-05
4.89371e-05
5.17913e-05
4.47884e-05
0.000293592
5.09346e-05
9.28213e-05
7.28527e-05
2.7977e-05
9.42161e-05
2.76323e-06
6.8892e-05
7.99238e-05
1.55976e-05
0.000115161
2.60734e-08
6.97421e-05
5.01729e-05
4.98992e-05
8.13581e-05
0.000105069
9.90392e-05
5.52875e-05
9.28289e-05
9.74489e-05
6.76497e-05
9.19244e-05
4.8951e-05
6.45049e-05
8.86718e-05
9.00908e-05
7.56311e-05
8.93582e-05
1.87151e-05
0.000100686
8.83139e-05
7.22319e-05
0.000187993
4.44529e-05
8.93492e-06
3.035e-06
8.71747e-05
7.37828e-05
4.85134e-05
6.23271e-06
4.80904e-05
3.68536e-05
8.92805e-05
8.68913e-05
0.000147545
8.73951e-05
0.000119392
7.79203e-05
9.47473e-05
5.78687e-05
0.000326508
0.000106993
0.000144052
8.89479e-05
8.54675e-05
5.63479e-05
0.000156056
2.81919e-05
1.77984e-05
3.13666e-05
0.000172119
7.31033e-05
5.08494e-05
9.48822e-05
5.53986e-05
1.01667e-05
0.00017181
7.20538e-05
0.000127648
3.69912e-05
9.33014e-05
3.03027e-06
4.50056e-05
7.17135e-05
4.41604e-05
6.31913e-05
7.88041e-05
8.04492e-05
5.10867e-05
3.31625e-05
0.000135065
7.92658e-06
9.34816e-05
4.33926e-05
9.48653e-05
4.75844e-05
2.95806e-05
5.16618e-05
4.09932e-06
0.000106284
0.000168719
8.83241e-05
3.49406e-05
7.08512e-06
0.000157134
0.000120719
7.87025e-05
0.000141672
0.000316851
9.87699e-05
8.71954e-05
1.6788e-05
0.00015896
9.08013e-05
5.71883e-06
6.44285e-05
0.000118099
4.07426e-05
0.000331525
1.83332e-05
0.000151096
7.48189e-05
9.23703e-05
5.04557e-05
8.5678e-05
5.23509e-05
5.93044e-06
6.15783e-05
8.97008e-05
3.38897e-05
0.000100627
0.00014632
0.000125857
0.000105936
0.000319205
9.83165e-06
1.1426e-05
0.000139592
0.0001484
0.000144223
6.00971e-05
9.23739e-05
0.000105261
0.000162087
3.11465e-05
9.1207e-05
0.000139943
5.1177e-05
7.79857e-05
7.04644e-05
0.00014445
4.98e-05
0.000112556
6.74509e-05
0.000103353
6.00844e-05
5.88236e-05
0.00010458
4.67196e-05
8.0944e-05
9.09824e-05
6.48954e-05
6.57499e-05
0.000143611
8.61968e-05
6.93234e-05
5.17301e-05
0.000116139
8.60804e-05
6.4581e-05
0.000135949
4.90673e-05
0.000130369
9.38439e-05
8.65091e-05
9.824e-05
0.000176928
0.000105511
9.20634e-05
0.000111976
9.18538e-05
8.86079e-05
0.000106647
6.94462e-05
5.90404e-05
0.000104412
9.87536e-05
0.000104856
7.15627e-05
0.000103565
6.77528e-05
1.27342e-05
3.98703e-05
8.2543e-05
5.10905e-05
6.91444e-05
9.0728e-05
0.00017281
2.37591e-05
0.000152133
5.60657e-05
0.000106758
0.000110313
6.62434e-05
4.00907e-05
0.000119357
8.27229e-05
6.70799e-05
0.000184506
0.000106605
2.04643e-05
3.2207e-05
6.64588e-05
5.10329e-05
0.000140349
0.000127306
2.07471e-05
0.00013424
9.57037e-05
8.05424e-05
7.54527e-05
3.89533e-05
7.58437e-05
2.92919e-06
8.37539e-05
8.96969e-05
1.01312e-05
0.00010768
0.000143504
7.20464e-05
7.17667e-05
0.000118381
0.000135574
8.48262e-05
3.8745e-05
3.37967e-05
6.93719e-05
2.93496e-05
9.50308e-05
0.000139229
5.36697e-05
0.000104275
0.000137014
9.42239e-05
4.96005e-05
4.75304e-05
9.12311e-05
5.15911e-05
9.4011e-05
3.37548e-05
8.04338e-05
6.38939e-05
0.000144686
9.23713e-05
9.52596e-05
9.77979e-05
0.000106495
0.000144079
1.16764e-06
0.000101859
5.21715e-05
1.6842e-05
4.38908e-05
7.55637e-06
0.000318647
0.000100047
5.85327e-05
0.000100257
6.95992e-05
0.00017283
9.10414e-06
0.000150244
7.23855e-05
7.9465e-05
3.76753e-05
0.000101827
2.90552e-05
6.67121e-05
0.000118012
6.38019e-05
6.81136e-05
5.18537e-05
9.14985e-05
1.63112e-05
0.000112757
6.67774e-05
5.76284e-05
5.71748e-05
2.6632e-05
5.24649e-05
0.000110599
5.78304e-05
0.000102614
8.47729e-05
0.000135131
4.48903e-05
4.52734e-05
6.99587e-05
5.66522e-05
0.000102363
9.25553e-05
5.79535e-05
5.19008e-05
0.000115205
5.72389e-05
1.52759e-05
0.000104166
9.73727e-05
3.74016e-05
5.84425e-05
2.7636e-05
5.80731e-05
6.13612e-05
9.50398e-05
3.76705e-05
4.41039e-05
9.51134e-05
6.62831e-05
8.83233e-05
0.000106195
0.000173975
0.000128073
4.61991e-05
4.01041e-05
9.23941e-05
6.19438e-05
6.29363e-05
8.44494e-05
0.000126795
0.000131557
4.21151e-05
3.66125e-05
5.26356e-05
1.79959e-05
2.54676e-05
6.35767e-05
0.000109438
5.11669e-05
3.64212e-05
4.79891e-05
0.000164047
1.81717e-05
3.67008e-05
3.66949e-05
2.28811e-05
6.34879e-05
3.48875e-05
6.36148e-05
6.49428e-05
0.000149677
5.16292e-05
4.03999e-05
6.61221e-05
0.000134523
4.76188e-05
6.80411e-05
6.39938e-05
6.65681e-05
5.66202e-05
4.53217e-05
4.48371e-05
4.22594e-05
4.35084e-05
4.65086e-05
4.41194e-05
3.57521e-05
3.64945e-05
4.21305e-05
3.59681e-05
4.25223e-05
8.77514e-05
3.40162e-05
6.27798e-05
0.00011001
3.63524e-05
1.66421e-07
7.30821e-05
4.40087e-05
4.10814e-05
6.50565e-05
3.13368e-05
4.27152e-05
6.74113e-05
0.00013931
6.82582e-05
0.000200097
3.35255e-05
0.000109846
7.50765e-05
5.38508e-06
9.04662e-05
3.41724e-05
6.51627e-05
3.52454e-05
0.000112802
4.65682e-05
4.09291e-05
3.65194e-05
4.18678e-05
7.25476e-05
3.68043e-05
4.72454e-06
3.85563e-05
0.000109987
4.50258e-05
3.34886e-05
3.93283e-05
6.12532e-05
4.18869e-05
7.49236e-05
7.31293e-05
8.22726e-05
3.9863e-05
3.41638e-05
0.00010947
7.69647e-05
6.11224e-05
7.65929e-05
4.0483e-05
4.10535e-05
2.72325e-05
3.45479e-05
5.22064e-05
7.72367e-05
3.40068e-05
2.23593e-05
5.86046e-05
3.34479e-05
3.36333e-05
3.79473e-05
6.26136e-05
1.40934e-05
4.60296e-05
7.78642e-05
7.9777e-05
3.44822e-05
6.30875e-05
0.000177491
0.000101221
3.75518e-05
4.24342e-05
2.15432e-05
4.30831e-05
3.34868e-05
6.55991e-05
3.94193e-05
0.000221714
8.61281e-05
6.17082e-05
6.44573e-05
3.78422e-05
4.68305e-05
3.89033e-05
4.4173e-05
3.99615e-05
3.41399e-05
4.06562e-05
0.000104006
4.10954e-05
5.12479e-05
6.15987e-05
0.000102048
7.35326e-05
3.55517e-05
3.95915e-05
6.05541e-05
2.7557e-05
7.49694e-05
1.28266e-05
0.000126223
3.27189e-05
3.8104e-05
6.7573e-05
9.84756e-05
0.000120256
3.69365e-05
4.14615e-05
4.49077e-05
4.45903e-06
3.65565e-05
3.09177e-05
6.56668e-05
4.12173e-05
3.73376e-05
9.03618e-05
4.20464e-05
9.69317e-05
3.82714e-05
0.000272386
6.35173e-05
6.55372e-05
3.7299e-05
0.000161613
3.2486e-05
4.05889e-05
3.50787e-05
6.15027e-05
0.000102667
2.66615e-05
5.70144e-05
1.32659e-05
0.00027823
6.26654e-05
5.23185e-05
1.5196e-06
4.34812e-05
9.02147e-05
0.000178733
0.000270694
8.2988e-05
1.94393e-05
1.17181e-05
4.11418e-05
0.000934687
0.000105335
6.07727e-05
1.45645e-05
3.85898e-05
2.7511e-05
8.12775e-05
3.76353e-05
6.12397e-05
4.03681e-05
3.91609e-05
0.000152456
7.87049e-05
0.000101772
0.000184694
4.75596e-05
0.000125885
4.22688e-05
4.31361e-05
3.85424e-05
9.87588e-05
0.000165692
4.63324e-05
7.59393e-05
7.37246e-05
0.000126044
3.28686e-05
0.000127728
6.53511e-05
2.26433e-05
0.000138105
4.5924e-05
6.35338e-05
5.25888e-05
5.51811e-07
0.000140324
7.39574e-05
6.22793e-05
0.000106621
3.97916e-05
0.00012855
3.99857e-05
2.26665e-05
4.01557e-05
8.75793e-05
0.000100851
1.50457e-05
8.19911e-05
0.000106717
6.71696e-05
3.44062e-05
1.18387e-05
0.000132789
4.10433e-05
3.90674e-05
3.67432e-05
8.32384e-05
5.06653e-05
0.000281585
9.70735e-05
0.000117866
6.9162e-05
4.07992e-05
3.56569e-05
3.71086e-05
0.000128487
3.02411e-05
2.36579e-05
0.000122728
9.20858e-05
2.87288e-05
0.000107794
0.000160443
7.31917e-05
4.84669e-05
3.72409e-05
8.65818e-05
6.51722e-05
7.44492e-05
0.00010624
6.80149e-05
6.21628e-05
4.04743e-05
3.77514e-05
0.000111819
0.000264911
0.000126334
7.47172e-05
0.000112741
0.000121088
0.000120185
1.72167e-05
0.000111921
0.00011071
2.99202e-05
3.62479e-05
0.000132208
0.000123505
3.39782e-05
3.47094e-05
0.000134548
5.99936e-05
0.000127004
0.000127925
6.35098e-05
0.000132985
0.000155293
8.4583e-05
0.000117781
0.000135835
0.000133888
4.13841e-05
0.000109139
3.48367e-05
6.60768e-05
5.65505e-05
0.000113602
0.000109887
3.38875e-05
0.000121427
0.000133095
0.000127831
7.96327e-05
0.000152438
3.25137e-05
2.80297e-05
4.22802e-05
0.00015201
0.000132681
5.10078e-05
6.14166e-05
0.000133238
6.4413e-05
7.66376e-05
5.68777e-05
7.73007e-06
0.000125916
3.22376e-05
0.000243516
0.000118914
0.000138717
5.49696e-05
0.000125313
4.47898e-05
5.75857e-05
6.64954e-05
6.15669e-05
5.61544e-05
2.03179e-05
0.000148537
2.51743e-05
2.44073e-05
4.20205e-05
0.000177272
3.77981e-05
0.000130133
3.13668e-05
4.4632e-05
2.68687e-05
0.000114016
7.35352e-05
5.90128e-05
0.000135967
0.000134123
4.03273e-05
3.83161e-05
1.91935e-05
5.43891e-05
6.59243e-05
4.88528e-08
6.32267e-05
6.84999e-05
0.000421418
0.000162984
1.39513e-05
6.25796e-05
3.35327e-05
9.64667e-05
4.5547e-05
9.5426e-05
3.01968e-05
4.88079e-05
0.000267568
0.00014133
4.34682e-05
3.27732e-05
0.000190276
8.21988e-05
3.40609e-05
8.7369e-05
3.17363e-05
7.5124e-05
0.000133428
3.10779e-06
0.000182484
3.43245e-05
3.06682e-05
0.00026436
0.000128423
5.02975e-05
2.33133e-05
0.000134165
0.000145501
9.37223e-05
1.06162e-05
0.000120375
8.54133e-05
7.56959e-05
6.53188e-05
9.2957e-05
0.000102891
0.000123797
6.27624e-05
4.58936e-07
0.00012202
6.92401e-05
6.58948e-05
4.37373e-05
3.50248e-05
9.70053e-05
5.14183e-05
7.79296e-05
7.97717e-05
6.13903e-05
4.76129e-05
7.4225e-05
6.13334e-05
2.33929e-05
7.98577e-05
0.000101052
0.000103561
5.03924e-05
8.84955e-05
0.000233338
1.25577e-05
0.000122209
3.14189e-05
9.06799e-05
0.000118638
5.90972e-05
5.95829e-05
5.60858e-05
0.00030131
9.08472e-05
2.23082e-06
3.74369e-05
7.89372e-05
5.9753e-05
8.96704e-05
6.09542e-06
9.76953e-05
7.6632e-05
4.55022e-05
0.000114403
5.32708e-05
0.000136302
3.60888e-05
6.56088e-05
5.6399e-05
3.24727e-05
0.000281484
8.96416e-05
5.6591e-05
5.56353e-05
0.00026202
6.2348e-05
0.000136957
2.38875e-05
8.11543e-05
0.00015166
7.56706e-05
6.35622e-05
4.2523e-05
2.73544e-05
0.000140614
7.55696e-05
7.71376e-05
5.10824e-05
6.97379e-05
0.000133551
0.000183205
6.66345e-05
8.82065e-05
6.15983e-05
0.000110865
7.34361e-05
2.31663e-05
2.28915e-05
5.60831e-05
0.000158816
2.41417e-05
0.000158855
3.2412e-05
0.000223097
9.14767e-05
6.7539e-05
6.82485e-05
1.91962e-05
5.87295e-05
9.77153e-05
7.54566e-05
3.27191e-05
6.47752e-05
4.75628e-05
1.9912e-05
5.86607e-05
8.60614e-05
3.72459e-05
6.48534e-05
3.64893e-05
0.000131051
1.13155e-05
3.03524e-05
3.0245e-05
8.21952e-05
0.000203543
8.3429e-05
3.93135e-05
6.41139e-05
5.28824e-05
5.76629e-05
3.27202e-05
0.000142858
0.000106723
9.44599e-05
6.17812e-05
4.19536e-05
0.000152414
0.000187755
0.000138246
8.16009e-05
4.59426e-05
0.000163556
8.46085e-05
0.000163585
0.00015562
7.6732e-05
6.61998e-05
4.46809e-05
4.52275e-05
0.000491862
6.30797e-05
7.19621e-05
4.58116e-05
3.40462e-05
6.28766e-05
0.00018459
3.46932e-05
5.90351e-05
8.73608e-05
1.63325e-05
6.74933e-05
0.000203007
6.23026e-05
9.4643e-05
7.09684e-05
0.000302871
0.000156212
5.80173e-05
2.45915e-05
0.000121689
0.000246837
4.22596e-05
0.000116159
7.35449e-05
0.000328707
0.000145673
4.66306e-05
0.000224583
0.000163496
7.09993e-05
0.000175803
2.34911e-05
1.68956e-05
6.12384e-05
3.65862e-05
4.80727e-05
3.68221e-05
0.000173821
7.03149e-05
3.04411e-05
7.7021e-05
8.09175e-05
8.0224e-05
6.36592e-05
2.62587e-05
3.13042e-05
3.72684e-05
8.69216e-05
0.000120228
0.00036857
0.000107436
1.6398e-05
2.20476e-05
2.7823e-05
0.000152584
5.13674e-05
6.18349e-05
7.89201e-05
4.36872e-06
0.000281679
3.92711e-05
0.000101212
9.15562e-05
0.000120762
4.95255e-06
0.000173321
3.33489e-05
0.000142604
7.63959e-05
9.79359e-05
6.6719e-05
4.77302e-05
3.9148e-05
9.62356e-05
8.96837e-05
0.000220761
0.000157762
0.000132862
0.000442495
4.52138e-05
7.92973e-05
2.90092e-05
6.08028e-05
5.71274e-05
3.30309e-05
6.55008e-05
7.09317e-05
5.67913e-06
3.42707e-05
0.000334185
6.62689e-05
2.98028e-05
0.000483522
0.000126327
3.06908e-07
7.2603e-05
7.98131e-05
6.5014e-05
6.78913e-05
5.3553e-05
6.62131e-05
0.000111116
4.67534e-05
3.91987e-05
0.000225135
6.24141e-05
3.01647e-05
0.000176947
3.97813e-05
8.94775e-06
0.000218062
2.8521e-05
3.59993e-05
3.53824e-05
3.48963e-05
7.37498e-05
3.01262e-05
9.2105e-05
0.000123366
3.79123e-05
4.02928e-05
8.58368e-05
4.10217e-05
8.47966e-05
3.46348e-05
6.67436e-05
2.77603e-05
1.83293e-05
7.92401e-05
8.10816e-05
6.13462e-05
9.6042e-05
3.88253e-06
0.000123693
8.58432e-05
3.27707e-05
7.01839e-05
3.83099e-05
0.000155568
0.00041367
6.55053e-05
7.69261e-05
6.21498e-05
3.45336e-05
0.000109394
6.68305e-05
0.000150724
3.57516e-05
3.99352e-05
6.68061e-05
0.00014735
0.000112944
0.000111839
3.41439e-05
5.31404e-05
0.000152503
0.000112587
9.04813e-05
0.000114226
0.00015218
5.20237e-05
3.23988e-05
0.000117853
5.48203e-05
2.93649e-05
7.25692e-05
8.52371e-05
0.000102088
9.63921e-05
6.90301e-05
0.000167919
0.000117966
5.84745e-05
0.000377145
5.46652e-05
5.72379e-05
0.000103848
8.12044e-05
0.000119729
0.000137341
5.83629e-05
5.78831e-05
5.50772e-05
4.6339e-05
7.87979e-05
7.90812e-05
0.000127574
0.000121616
6.3326e-05
5.65992e-05
8.33492e-06
2.47527e-05
5.90876e-05
6.31576e-05
5.73584e-05
5.3836e-05
4.28055e-05
0.000169818
0.000131955
5.49672e-05
4.32713e-05
6.86013e-05
0.000116485
6.30013e-05
5.45211e-05
2.60614e-05
5.7554e-05
0.000364887
0.000130555
4.33587e-05
3.6148e-05
6.79587e-05
4.39321e-05
8.6895e-05
6.05127e-05
4.6549e-05
0.000173972
5.85261e-05
7.62353e-06
3.77204e-05
8.02961e-05
7.15604e-05
6.21357e-06
6.5532e-05
0.000130265
3.46569e-05
2.84684e-05
3.72315e-05
0.000159709
7.42541e-05
7.71757e-05
7.04319e-05
0.000133359
3.64699e-05
0.000138013
3.80863e-05
7.56404e-05
0.000114036
3.88267e-05
7.29514e-05
7.70947e-05
6.47007e-05
7.63548e-05
2.42424e-05
7.99696e-05
0.000170226
6.82102e-05
5.45149e-05
6.29069e-05
6.74939e-05
8.19703e-05
8.11665e-05
3.44423e-05
2.17861e-05
2.41426e-05
8.30361e-05
4.19807e-05
5.69148e-05
7.60457e-05
0.000157864
0.000148048
8.00481e-05
3.80788e-05
0.000144577
0.00010811
2.75691e-05
7.76713e-05
7.63439e-05
2.58156e-05
0.000172431
3.76031e-05
8.29417e-05
0.000513313
5.83146e-05
0.00014742
3.5501e-05
0.000160417
8.16385e-05
7.06981e-05
8.41145e-05
0.000372668
7.53558e-05
9.89459e-06
0.000150471
0.000127204
2.1958e-05
1.41319e-06
0.000110365
8.78574e-05
4.8795e-05
8.29654e-05
8.27425e-05
8.4677e-05
5.49932e-05
4.25605e-05
0.000157701
3.08503e-05
5.62584e-05
5.24098e-05
9.80569e-05
6.40769e-05
0.000126966
0.000144264
5.75779e-05
3.81951e-05
4.47526e-06
3.00642e-05
0.000164535
0.000135987
5.56913e-05
9.90578e-05
6.21634e-05
8.43604e-05
3.98493e-05
5.51975e-05
3.75142e-05
3.79904e-05
3.41954e-05
6.40242e-05
0.000161693
9.71514e-05
0.000100612
0.000103885
3.37927e-05
8.77721e-05
3.60736e-05
6.12245e-05
0.000162247
5.50015e-05
0.000106753
6.4821e-05
5.81427e-05
7.22303e-06
8.18652e-05
8.40884e-05
6.11781e-05
4.98213e-05
5.67776e-05
0.000147789
0.000101492
0.000168244
0.000136064
6.2313e-05
5.91607e-05
5.43022e-05
6.99482e-05
6.58855e-05
4.24084e-05
6.1583e-05
6.1146e-06
3.24925e-05
0.00010981
0.000132158
6.69067e-05
5.5585e-06
3.87087e-05
0.000506132
0.000492354
4.82671e-06
2.90563e-05
2.94162e-05
6.20174e-06
9.14734e-06
6.81398e-05
2.97002e-05
0.000135278
9.86594e-05
6.93262e-05
4.24064e-06
0.000110047
5.10401e-06
0.000421653
0.000126765
8.57016e-05
6.35496e-05
6.86757e-05
5.7382e-05
4.73176e-05
6.017e-05
6.30978e-06
8.78116e-06
0.000143087
6.06413e-05
0.000114375
7.69527e-05
8.74267e-05
9.82297e-05
3.31824e-05
9.78474e-05
1.91318e-05
0.000169624
7.79297e-05
8.71753e-05
3.94393e-05
0.000132781
2.95888e-05
5.07623e-05
9.06199e-05
6.49428e-05
3.70571e-05
0.000123584
0.000124035
9.74565e-05
7.69219e-05
4.76673e-05
6.6952e-05
5.77518e-05
0.000112531
5.91728e-05
0.000116748
3.8361e-05
0.000151484
7.40099e-05
8.45511e-05
0.000290471
3.75966e-06
3.31898e-05
3.76465e-05
9.21749e-05
0.000101068
0.000184885
2.10575e-05
0.00014866
8.60762e-05
9.92768e-05
5.14052e-05
8.11675e-05
9.80245e-05
3.8887e-05
0.000157862
3.71001e-06
6.57854e-06
9.12511e-05
0.000108094
0.000173063
0.000128783
6.98437e-05
2.5085e-05
2.87806e-05
0.00014552
0.0001512
0.000323807
3.39369e-05
0.00013065
3.64099e-05
0.000136729
0.000151706
0.00011389
7.77897e-05
7.42117e-05
0.000329946
0.000146067
8.76481e-05
3.43729e-08
7.04635e-05
6.08712e-06
0.000104808
8.41984e-05
9.58381e-05
6.76483e-05
8.64174e-05
0.000117533
9.99416e-06
6.44775e-08
2.2842e-05
5.45682e-05
0.000167117
2.22934e-05
6.81903e-05
0.000114446
5.20114e-05
5.55589e-05
7.70752e-05
0.000194379
3.3698e-05
9.9062e-05
4.3637e-05
4.22988e-05
3.18824e-05
2.64551e-05
3.36735e-05
2.70254e-05
0.000113648
2.19423e-05
3.80454e-05
3.85336e-05
0.000100534
2.09472e-05
0.000168338
0.000101084
3.52757e-05
8.18961e-05
0.000155103
0.0001116
1.32554e-05
5.75869e-05
9.62951e-05
2.74845e-05
0.000175017
0.000117906
4.57993e-06
0.000106811
7.34116e-05
0.000117453
3.80015e-05
4.63072e-05
3.14739e-05
3.46392e-05
0.000112448
0.000124862
3.29503e-05
2.58461e-05
0.000478046
0.000185495
6.65704e-05
7.1586e-05
9.75067e-05
0.000119598
8.1277e-05
0.00013711
0.000113101
1.08565e-05
5.55889e-05
3.88437e-05
5.51753e-05
1.65275e-05
8.50312e-05
0.000106773
8.90125e-05
2.27471e-05
0.000128156
0.000119844
9.96196e-05
6.90343e-05
2.38514e-06
4.49745e-05
5.44633e-05
3.52762e-05
7.56579e-05
0.000115545
4.87478e-05
7.06098e-05
0.000151145
5.37794e-05
3.21124e-05
0.000131648
5.5207e-05
0.000142589
0.000131168
9.70453e-05
2.81793e-05
9.35851e-05
0.000143529
0.000136919
6.93313e-05
0.000138398
0.000130491
3.89791e-05
2.21594e-05
3.7115e-05
0.000102907
6.43819e-06
6.86114e-05
3.82643e-05
6.88509e-05
4.98179e-05
4.4073e-05
0.000127994
3.65959e-05
7.54641e-05
0.000130277
9.93587e-05
9.75572e-05
9.94365e-05
1.71034e-06
0.000125013
0.000124677
7.17278e-05
0.000127408
3.92166e-05
3.50759e-05
0.000179856
1.8114e-05
6.36737e-05
3.00761e-05
3.88799e-05
0.000117399
9.78322e-05
8.89018e-05
4.40868e-06
2.42091e-05
3.28362e-06
0.000139978
7.86149e-06
2.50712e-05
5.41448e-05
3.59105e-06
8.91278e-05
8.30839e-05
5.82793e-05
0.000163161
3.41544e-05
6.91489e-05
0.000108297
4.56354e-05
6.34806e-05
0.000157595
3.24237e-05
8.0339e-05
1.76493e-05
3.84321e-05
0.000149682
3.44544e-05
0.000442796
6.42865e-05
5.03025e-06
0.000147852
0.000151923
0.000140647
0.000108927
7.92724e-06
8.35846e-05
8.65698e-05
0.000136493
3.22213e-05
7.86872e-05
2.08694e-05
0.000171957
5.11455e-05
1.74769e-05
0.000129786
0.000158056
3.3181e-05
3.31383e-05
5.12812e-05
5.2517e-05
0.000137639
3.1988e-05
0.000172892
3.86499e-05
3.33699e-05
4.69475e-05
4.63835e-05
0.000144133
7.86576e-06
5.79764e-06
6.2145e-05
0.000170468
1.41334e-05
6.7919e-05
3.39416e-05
0.000170317
0.000126463
8.79843e-05
3.0356e-05
8.98964e-05
4.2068e-05
0.000160768
6.19993e-05
3.0222e-05
9.76098e-05
7.92887e-06
0.000184389
2.9958e-05
0.000164719
5.54333e-05
0.000146486
8.23362e-05
6.23115e-05
0.00016523
0.000134134
2.9529e-05
0.000143494
0.00014329
0.000105459
1.6316e-05
7.02998e-05
2.1929e-05
3.86849e-05
0.000145784
0.000186131
2.79081e-05
0.000106386
5.10312e-05
4.18484e-05
3.7208e-05
6.94764e-05
3.93306e-05
2.90016e-05
8.55153e-05
1.16254e-05
3.74433e-05
0.000166342
9.85668e-05
3.21582e-05
1.11426e-05
7.95954e-05
8.52678e-05
4.28072e-05
5.78968e-05
1.33833e-05
8.70967e-05
0.000106275
0.000172195
0.00015814
4.15338e-05
0.000103086
0.000109264
3.72819e-05
0.000129559
0.000173631
1.60637e-05
2.04324e-05
0.000160501
4.68695e-05
6.8548e-05
3.30551e-05
0.000144033
3.36118e-05
7.83158e-05
0.000150878
0.000118843
7.12483e-05
9.79345e-05
3.89121e-05
6.85694e-05
2.78194e-05
6.68422e-05
5.86254e-05
9.57874e-05
0.000144803
2.25039e-05
4.25209e-05
4.03023e-05
0.000123401
0.00017034
4.17747e-05
4.70851e-09
6.99264e-05
3.54354e-05
3.10921e-05
2.10264e-05
9.33821e-05
0.000109158
7.99264e-05
4.11421e-05
1.39072e-05
2.79653e-05
0.000828187
4.61642e-05
3.52574e-06
5.62809e-05
3.04569e-05
0.000175313
6.35477e-05
3.77633e-05
5.56802e-05
6.79716e-05
3.46468e-05
0.000131061
3.68711e-05
2.9513e-05
0.000109146
8.63216e-05
8.42725e-05
0.000112749
5.81015e-05
6.81502e-06
3.15591e-05
3.23108e-05
5.42746e-06
0.000111912
1.85512e-05
4.49471e-05
2.72735e-05
0.000104525
9.53207e-05
6.31701e-05
3.88658e-05
4.3528e-05
0.000163905
9.46131e-05
0.000149022
7.43634e-05
8.92169e-05
1.5921e-05
8.72391e-05
4.83246e-05
6.33384e-05
3.5444e-05
6.18877e-05
0.000150394
1.72232e-05
0.00016261
3.40964e-05
8.8312e-05
3.53415e-05
2.23953e-05
3.36615e-05
8.71152e-05
6.33463e-05
7.22422e-05
2.29644e-05
0.000107232
6.32049e-05
3.48161e-05
0.000160184
2.32944e-05
1.80865e-05
3.98741e-05
1.64763e-05
5.76597e-05
0.000119164
9.35107e-05
9.46739e-05
1.78483e-05
1.97798e-05
6.58295e-05
3.57224e-05
4.3997e-05
2.51342e-05
8.50842e-06
2.23788e-05
0.000150801
3.66489e-06
1.38587e-05
7.8107e-05
0.000102985
0.000115705
3.05903e-05
8.77389e-05
9.11027e-05
0.000153081
3.77097e-05
5.55509e-05
7.94406e-05
3.53253e-05
0.000177888
3.19658e-05
9.92325e-05
2.08373e-05
0.000109394
0.00012503
1.24991e-05
1.2409e-05
1.31344e-05
0.000179132
4.08311e-05
3.37355e-05
6.05748e-05
3.46575e-08
5.90746e-05
0.000118373
2.72814e-05
4.09052e-05
6.23843e-05
7.01954e-05
6.55221e-05
0.000644456
6.9147e-06
6.88314e-05
4.9808e-05
1.86145e-05
4.21909e-05
3.31717e-05
2.81364e-06
2.38177e-05
0.000494503
3.04266e-05
9.48342e-05
0.000125532
9.09454e-05
0.000157232
1.75496e-05
6.66391e-05
5.19428e-05
3.54987e-05
1.90979e-05
7.72073e-05
4.0312e-05
9.87638e-05
9.98457e-05
1.96791e-05
4.52984e-08
8.47452e-05
2.33871e-05
7.40961e-05
7.31028e-05
6.22297e-05
2.9036e-05
7.67029e-05
5.98081e-05
0.000118849
4.219e-05
5.1015e-05
0.000103842
2.85207e-05
7.33894e-05
5.47689e-05
6.74325e-05
6.24029e-05
0.000108108
4.57984e-05
3.31938e-05
7.55326e-05
5.87792e-05
0.000110667
3.47685e-05
3.55814e-05
2.85523e-05
2.44538e-05
0.000147604
3.60151e-05
4.70973e-05
5.68339e-05
8.43992e-05
2.41578e-05
5.51373e-05
3.17461e-05
9.16852e-05
3.78669e-05
4.93181e-05
9.91172e-05
2.26071e-05
4.67295e-05
0.000110846
0.000171136
2.28659e-05
0.000112646
2.34061e-05
2.72653e-05
2.53907e-05
5.64254e-05
5.64314e-05
7.09933e-05
0.000100132
8.03497e-05
6.52282e-05
4.32494e-06
0.000146964
0.000164236
2.71747e-05
3.34212e-05
1.94202e-05
5.05703e-05
6.17711e-05
5.17929e-05
0.00016686
7.67668e-05
7.26353e-05
8.15914e-05
5.97889e-05
4.00501e-05
1.60899e-05
3.07784e-06
4.54158e-06
0.000166494
2.65267e-05
8.05161e-05
0.000172032
2.45165e-05
2.22329e-05
5.7384e-05
3.97365e-06
4.09994e-05
5.5698e-05
1.48027e-05
0.000101694
8.95188e-05
3.21272e-05
4.03211e-05
6.82647e-05
3.19618e-05
3.7945e-05
1.43848e-05
8.48661e-05
0.000171217
1.91865e-05
7.87786e-05
9.30658e-06
7.78149e-05
5.41934e-05
3.48663e-06
1.47011e-05
0.000101266
8.16602e-05
2.22434e-05
7.88864e-05
8.28693e-05
0.000138578
9.12681e-05
9.17284e-05
3.29335e-05
4.1083e-08
0.000106225
2.34083e-05
4.97913e-05
4.2175e-05
2.75033e-05
1.27144e-05
8.66795e-05
9.25931e-05
4.70679e-05
2.64934e-05
4.32306e-05
4.42699e-05
8.88119e-05
0.000102818
3.24695e-05
2.91775e-05
6.01539e-05
3.59054e-05
4.88917e-05
0.000181185
2.87541e-05
4.45512e-05
6.54814e-05
9.48382e-05
0.000114956
7.15111e-05
8.61725e-05
0.000175814
0.00066927
6.88203e-05
1.63574e-05
0.000114378
3.46184e-05
9.48193e-05
0.000145624
8.02469e-05
3.76972e-05
0.00010401
3.83306e-05
1.31562e-05
1.80824e-05
1.49123e-05
6.48648e-05
0.00533784
7.50576e-05
7.53246e-05
0.000125213
6.28609e-05
7.32631e-05
6.16533e-05
3.67437e-05
9.99866e-05
8.72788e-05
0.000109611
3.69413e-05
7.26538e-05
3.34764e-06
5.25194e-05
6.14452e-05
0.000116939
0.000166953
0.00011215
4.97412e-05
0.000170835
5.56461e-05
0.000116265
8.77104e-05
7.08283e-05
0.00011948
6.49696e-05
8.75876e-05
8.83459e-05
0.000120155
5.26119e-05
1.17703e-05
2.71204e-05
2.81016e-06
9.1517e-05
7.44455e-05
9.12224e-05
6.2284e-05
0.000123687
0.000139726
9.11986e-05
0.000144963
4.97261e-05
0.000140548
9.43177e-05
0.000125035
2.54975e-05
0.000112633
2.37082e-05
2.81647e-05
1.01708e-05
6.53974e-06
0.000165609
8.83118e-05
4.5414e-05
4.20271e-05
6.07411e-05
0.000114099
8.03978e-05
0.000171127
3.73663e-05
8.83855e-05
0.000152139
5.27366e-05
0.000151221
0.000101378
5.41004e-07
7.78026e-06
5.93157e-05
4.91507e-05
6.26811e-06
1.57358e-05
0.000109784
7.12455e-05
4.44667e-05
3.61797e-05
4.44034e-05
6.60796e-05
3.08078e-05
7.40449e-05
0.00012805
8.18727e-05
4.00285e-05
0.000117958
3.46954e-06
3.88667e-05
4.57077e-05
3.38505e-05
3.72814e-05
2.73717e-05
0.000115024
4.71195e-05
1.09813e-05
0.00012168
0.000104757
9.30659e-05
3.06846e-05
8.53913e-05
0.000131863
3.03841e-05
0.000126858
0.000119721
3.58542e-05
0.000102977
5.99094e-05
0.000113027
1.02978e-05
0.000169626
0.000108017
4.8107e-05
3.52878e-05
5.19522e-05
6.21833e-05
8.37834e-05
9.67483e-05
0.000121268
3.13539e-05
0.00012171
0.000131803
0.000113251
7.90111e-05
4.06611e-05
8.19948e-05
0.000159937
7.12106e-05
7.1344e-05
2.889e-05
0.000108861
8.14912e-05
2.835e-05
4.48933e-06
3.29713e-05
2.70644e-05
6.78026e-05
7.6316e-05
0.000126752
0.000130404
0.000103249
0.000107766
6.85325e-05
8.50174e-05
8.56411e-05
2.53198e-05
4.73737e-05
0.000100366
3.21094e-05
5.3789e-05
3.51879e-05
5.73844e-06
7.84962e-05
4.87989e-05
8.48858e-05
4.52211e-05
6.63604e-05
1.74304e-05
3.64196e-05
2.21827e-05
6.31232e-05
0.000106457
8.25828e-06
7.89466e-05
3.59448e-06
0.000130114
9.43612e-06
7.85801e-05
7.33078e-05
8.7366e-05
5.08322e-05
2.61756e-05
6.88673e-05
1.86054e-05
6.60675e-05
6.19638e-05
6.58758e-05
2.67972e-05
8.41147e-05
0.000125382
0.00011031
4.83023e-05
3.39636e-05
5.26313e-05
7.26249e-05
8.64171e-05
1.31212e-05
6.41054e-05
0.000132281
7.00013e-05
2.93385e-05
6.49718e-06
6.0174e-05
4.97903e-06
0.000107349
5.87606e-05
3.67565e-05
3.89684e-06
4.79422e-06
0.00010778
4.96922e-06
0.000104406
0.000118848
4.8378e-05
0.000164347
0.000115593
0.000131628
0.000107971
5.87928e-05
5.22515e-05
0.000119877
8.6424e-05
5.3053e-05
5.12716e-05
8.15781e-05
8.38539e-05
0.000124777
5.95907e-06
0.000136064
8.93308e-05
4.54843e-05
8.3546e-05
5.98736e-05
0.000110147
5.53861e-05
0.000113847
4.90169e-05
0.000109025
0.000109861
5.60227e-05
3.76224e-06
6.70202e-05
6.54091e-05
8.61901e-05
3.72664e-05
3.95539e-05
0.000520939
3.52276e-05
0.000150702
8.75813e-05
8.02339e-05
0.000161594
8.6851e-05
0.000107168
4.51114e-05
0.000103008
0.00013309
5.81973e-05
8.74029e-06
4.04449e-05
0.000108783
6.3289e-05
5.01435e-05
8.00151e-05
5.13275e-05
6.7073e-05
7.45566e-05
4.06648e-06
4.51267e-05
2.20226e-05
0.000106392
8.97681e-05
6.24305e-05
5.69747e-05
5.27508e-05
5.16441e-05
4.48072e-05
8.56738e-05
0.000137583
4.04887e-05
2.63264e-05
5.67726e-05
3.08996e-05
4.88452e-05
3.32636e-05
4.2859e-05
4.80892e-05
5.72969e-05
7.59681e-08
7.52985e-05
3.04764e-05
2.74454e-05
0.000124588
3.67862e-05
0.000112411
5.32905e-05
2.07095e-05
5.09081e-05
0.000121176
0.000127641
2.59091e-05
5.24101e-05
0.000114812
4.10279e-05
3.02828e-05
3.09302e-05
3.26936e-05
5.93374e-05
9.01251e-05
1.78997e-05
8.20536e-05
3.74345e-06
0.000109079
4.19416e-05
3.99625e-05
3.55807e-05
9.52617e-05
0.000150334
1.62397e-05
0.000113504
1.32193e-05
5.16545e-05
0.000119014
5.72439e-06
2.16196e-05
9.87292e-05
5.05693e-05
6.22271e-05
0.000143333
0.00018381
8.18473e-06
6.46681e-05
8.2388e-05
9.05797e-06
4.58078e-05
2.47446e-05
3.18361e-05
3.4093e-05
5.77006e-05
9.46747e-06
3.78284e-05
2.84317e-05
6.81303e-05
7.63667e-05
5.50876e-05
0.000116108
5.06625e-05
0.000102921
3.88634e-06
2.46317e-05
5.26855e-05
0.000158857
5.57675e-05
2.83822e-05
3.60289e-05
3.07872e-05
9.68433e-05
0.000143075
5.79803e-06
2.72337e-05
5.07676e-05
0.000172203
2.83655e-05
4.71415e-05
8.26067e-05
3.42314e-05
0.000178592
0.000121843
4.64949e-05
0.000163776
9.33574e-06
2.89358e-05
5.51052e-05
0.000118802
4.83434e-05
7.45051e-05
0.000121554
0.000119682
0.000124161
7.10006e-05
4.63462e-05
3.67116e-05
6.82194e-05
6.2047e-05
0.000124087
4.18208e-05
7.5777e-06
9.17562e-05
2.71687e-05
5.20584e-05
5.40772e-05
6.99638e-05
5.28558e-05
2.8827e-05
3.09043e-05
6.53896e-06
0.00012192
9.95393e-05
4.58764e-05
3.74262e-05
4.63101e-05
4.48561e-05
8.53045e-05
5.55288e-05
0.000135603
7.44083e-05
4.86716e-05
1.1118e-05
7.0797e-05
8.8329e-05
0.000132274
2.39763e-05
2.81027e-05
2.6384e-05
5.46375e-05
4.16415e-05
2.777e-06
8.03595e-06
6.11615e-05
1.75064e-05
9.54371e-05
5.08918e-05
0.000124641
0.000101086
4.24304e-05
4.4864e-05
8.34841e-06
0.000103818
4.19758e-05
3.2778e-05
2.77281e-05
7.73055e-05
4.77743e-05
0.000150082
7.47447e-06
0.000146086
2.54767e-05
7.2559e-06
3.70206e-05
6.46715e-05
0.000159148
3.47906e-05
0.000101482
7.36924e-05
0.000138956
8.22843e-05
5.01356e-05
6.34576e-05
4.44255e-05
4.59807e-05
0.000158733
4.745e-05
0.000131072
4.99819e-05
3.22338e-05
4.10181e-05
2.81384e-05
6.12571e-05
0.000126262
5.75377e-05
4.12288e-05
9.29886e-05
5.92794e-05
6.47334e-05
3.04234e-05
3.59302e-05
3.43811e-05
0.000128207
6.62826e-05
7.90619e-06
0.000110283
6.41545e-05
1.25762e-05
1.7307e-06
2.48788e-05
9.06665e-05
8.01613e-05
6.72132e-05
0.000145892
0.000158578
4.29716e-05
3.15233e-05
4.81116e-05
9.03525e-05
7.45471e-05
2.35196e-05
3.00862e-05
6.8912e-06
3.0809e-05
3.39604e-05
5.20324e-05
7.12357e-05
7.0752e-05
0.000129847
4.77507e-05
5.27671e-05
8.41708e-05
9.05719e-05
0.000136073
5.90673e-05
4.5431e-05
3.01856e-05
5.95981e-05
4.65879e-05
2.24409e-05
0.000131694
5.00471e-05
5.14384e-05
3.88279e-05
3.77914e-05
3.43794e-06
0.000140011
0.000115851
1.10198e-05
4.84937e-05
4.80989e-05
2.8221e-05
5.23557e-05
7.4887e-05
5.28859e-05
6.24183e-05
9.72775e-05
5.55687e-05
3.19975e-05
3.93128e-05
0.000175211
2.90055e-05
0.000140608
3.44084e-05
6.0449e-05
8.34004e-06
0.000139702
2.01184e-05
4.83652e-05
0.000144813
6.3353e-05
5.00327e-05
6.6865e-05
7.9201e-05
8.9597e-05
6.75412e-06
0.000110371
2.13756e-05
2.64153e-05
0.000140068
8.51356e-05
1.08434e-05
0.000133479
6.4827e-06
2.81259e-05
6.27137e-05
0.000161625
0.000175629
5.57522e-05
0.000101083
6.4835e-06
5.71827e-05
4.69585e-05
4.93466e-05
0.000188236
7.97535e-05
3.5019e-05
0.000101026
5.32823e-05
0.000165406
2.97119e-05
7.11013e-05
7.11646e-06
9.22103e-05
2.03548e-05
3.01668e-05
0.000158754
7.01115e-05
9.34931e-06
5.08676e-05
6.56392e-05
7.79441e-05
0.000110491
6.32093e-05
5.69481e-05
4.25684e-05
9.6605e-05
4.47945e-05
0.000133049
1.67808e-05
7.21751e-05
6.61237e-05
2.95374e-05
4.89328e-05
9.3971e-05
6.43891e-06
5.21237e-05
2.12002e-08
0.000139647
0.000136793
0.000159768
5.04331e-05
5.87513e-05
5.68009e-05
0.000141362
0.000144926
0.000175709
0.000116631
4.00102e-05
7.86579e-05
6.40472e-05
0.000109335
6.88041e-05
2.96693e-05
0.000155739
9.14611e-05
2.54438e-05
7.6045e-05
6.48131e-05
0.00010456
0.000139897
0.000141544
9.10786e-05
0.000143654
7.84119e-05
5.36286e-05
5.14551e-05
2.72386e-05
6.17825e-05
5.75691e-05
5.88956e-05
6.40495e-05
5.38263e-05
2.4251e-05
5.40346e-05
5.51889e-05
0.000136418
5.41523e-05
3.99942e-05
5.75713e-05
0.000142959
6.99165e-05
1.92636e-05
6.76165e-05
6.94449e-05
5.33489e-05
6.05119e-05
0.00011996
7.29537e-05
4.54533e-05
6.93074e-05
8.83014e-05
2.40369e-05
4.51884e-05
7.68853e-05
1.22256e-05
0.000146141
6.40878e-05
4.18289e-05
5.26733e-05
4.76684e-05
6.49549e-06
0.00014189
4.65225e-05
6.67224e-05
6.26948e-05
5.48976e-05
6.9927e-05
2.6531e-07
7.57265e-06
0.000101025
0.000135096
0.000146055
4.54885e-05
6.80459e-06
5.88153e-05
4.43882e-05
4.13569e-05
0.000103111
7.23615e-05
4.28249e-05
0.000147556
6.87894e-05
2.99511e-05
1.08989e-05
0.000148758
4.01444e-05
0.000145725
2.74841e-05
9.04902e-05
7.74256e-05
4.06797e-05
0.000139084
7.42274e-05
6.36195e-05
5.17296e-05
4.58227e-05
0.00016687
4.11912e-05
2.31211e-05
2.2842e-08
5.29714e-05
2.09753e-05
6.29834e-05
3.33099e-05
6.30532e-05
7.07515e-05
0.000133679
3.48424e-05
0.000125204
7.63899e-05
9.4617e-06
7.96346e-05
6.27781e-06
0.000133383
0.000108804
7.0521e-05
3.46331e-05
2.84485e-05
6.84653e-05
0.000137318
2.68667e-05
4.34718e-05
0.000186209
5.29039e-05
0.000124417
1.50304e-05
6.62878e-05
2.73219e-05
7.00661e-05
7.92147e-05
5.83186e-06
7.74859e-05
4.92254e-05
7.3664e-05
7.25474e-05
2.35062e-05
4.15953e-05
0.000145201
2.17444e-05
0.000119005
0.000100325
3.38333e-05
2.88734e-05
0.000133824
1.05357e-05
6.01667e-05
1.65814e-05
0.000148137
1.85347e-05
9.71886e-05
6.6745e-05
0.000134346
8.70033e-05
2.51258e-05
0.000142864
7.19039e-05
4.15329e-05
3.14654e-05
3.56291e-05
7.6754e-05
0.000116548
5.48396e-05
4.44286e-05
4.24795e-05
5.80157e-05
2.66992e-05
4.06569e-05
0.000110517
8.23369e-05
2.5327e-05
0.000103513
2.48135e-05
3.78598e-05
7.99762e-05
0.000117752
5.64577e-05
0.000148185
0.000149342
7.38634e-05
0.000151377
8.25991e-05
0.000103889
1.78018e-05
0.000150112
0.000136337
0.00016461
7.98672e-06
7.43296e-05
0.000355981
0.000109247
8.41564e-05
0.000100016
1.28303e-05
7.42673e-05
3.40932e-05
1.29118e-05
0.000127857
1.03116e-05
5.81417e-05
0.000115751
2.10566e-05
5.47859e-05
2.92694e-05
7.70923e-05
2.97888e-05
6.89364e-05
7.94475e-05
5.92178e-06
2.46237e-05
8.81947e-05
3.66309e-05
8.41089e-05
0.000140506
2.10193e-05
1.10954e-05
6.81071e-05
4.01512e-06
0.000154313
0.000138291
0.000140918
7.10794e-05
3.87027e-05
6.91122e-06
0.000111811
0.000127903
5.74491e-05
2.20482e-05
7.64987e-05
5.67661e-05
8.04049e-05
7.64107e-05
6.94688e-05
4.11939e-05
0.00014125
0.000481778
0.00013382
8.45054e-05
5.81136e-05
6.00326e-05
2.89001e-05
7.76263e-05
3.18558e-05
3.27254e-05
3.03348e-05
0.000109365
9.21227e-05
9.38535e-05
9.85587e-05
1.03906e-05
4.22244e-05
4.46933e-05
0.000115597
5.75518e-06
4.06652e-05
3.95455e-05
0.000162126
2.91434e-05
4.65581e-05
4.91619e-05
3.89691e-05
4.40321e-05
2.93878e-05
0.00010943
0.000129921
8.16375e-05
7.6491e-05
5.65599e-05
0.000144049
0.000129153
2.08381e-05
1.78087e-05
7.15844e-05
0.00011187
1.62721e-05
9.667e-05
0.000146031
0.000169548
4.26246e-05
2.51371e-05
8.36293e-05
0.000195833
7.68639e-05
7.63791e-05
4.57719e-05
9.748e-05
0.000111032
8.94092e-06
9.29656e-05
9.02706e-06
5.16159e-05
4.61843e-05
7.37923e-05
7.39477e-05
5.95697e-05
6.36706e-05
4.11996e-05
0.00013704
7.91517e-05
0.000139864
0.000101122
5.46538e-05
9.04265e-05
0.000125792
8.51077e-05
0.00011339
9.12721e-05
6.1125e-05
4.07728e-06
7.66654e-05
0.00018775
2.81398e-05
8.19027e-05
6.47089e-05
0.000156295
4.29967e-05
3.03478e-05
0.000121732
8.53174e-05
2.02691e-06
7.47094e-05
5.34118e-05
0.000180727
0.000157691
0.0001363
7.07344e-05
3.44795e-05
0.000117916
8.34572e-06
0.000146209
0.000131783
7.99354e-06
8.09475e-05
0.000104921
0.000170048
4.37076e-05
4.0643e-05
0.00885094
0.000178278
9.07535e-05
2.02145e-05
6.82494e-05
0.000110938
7.18804e-05
8.09411e-05
1.03354e-05
4.46071e-05
0.000120151
4.28912e-05
6.06469e-05
4.6167e-05
1.33355e-05
7.9019e-06
3.96096e-05
6.7808e-05
4.51879e-05
4.52463e-05
9.99892e-05
4.79205e-05
7.37397e-05
6.18886e-05
2.21812e-07
5.06197e-05
9.23013e-05
0.000121822
0.000127121
6.12495e-05
3.72834e-05
4.15016e-06
0.000101139
5.53321e-05
3.75866e-05
3.17442e-05
5.82653e-05
3.69855e-05
0.000103936
6.12214e-05
3.75602e-06
5.79169e-05
4.32766e-05
7.51765e-05
5.81704e-05
3.22998e-05
9.20311e-05
7.41671e-05
8.30115e-05
0.000115992
6.24654e-05
3.17907e-05
8.51616e-08
2.65573e-05
6.72701e-05
3.52951e-05
1.73382e-05
6.59597e-05
5.05829e-05
4.55745e-05
0.000170149
7.4698e-06
0.000111634
6.86383e-05
6.7666e-05
0.000101773
0.000109613
0.000112212
3.89531e-05
7.17737e-05
5.69856e-05
0.000125487
1.82469e-05
3.84401e-05
0.000132241
6.9537e-05
6.86334e-06
3.39825e-06
3.35466e-05
8.59577e-05
0.000141061
7.02226e-05
0.000116999
3.02055e-06
9.1349e-05
0.000134291
1.80139e-05
0.000116205
8.8098e-05
7.14694e-06
7.44438e-05
5.11151e-05
4.22092e-05
4.06e-05
9.85248e-05
2.32818e-09
3.17866e-05
0.000134737
9.16794e-05
5.26684e-05
2.65199e-05
0.000111809
9.18017e-05
2.94139e-05
3.62026e-05
0.000131146
3.44903e-05
0.000112652
3.35574e-05
6.50005e-05
0.000107934
9.5305e-05
8.38696e-05
0.000127721
0.000118684
8.68788e-05
6.81119e-05
1.3153e-05
7.76167e-06
9.36681e-05
9.11761e-05
4.66328e-05
0.000117399
5.51496e-05
9.9012e-05
0.000174132
3.07794e-05
6.45297e-05
0.000109654
0.000113284
3.21722e-05
7.03939e-05
0.000108387
6.98761e-05
0.00012128
7.80407e-05
6.68459e-06
6.31955e-06
8.2468e-05
0.000102265
7.27619e-05
8.90082e-05
9.73304e-05
8.35075e-05
3.48714e-05
0.000107845
7.51147e-05
3.17095e-05
3.04375e-05
7.21375e-05
1.59328e-05
0.0106429
6.79481e-05
4.33841e-05
5.54412e-05
0.000108142
0.000153164
0.000135772
2.1803e-05
7.26967e-05
0.000127305
8.98232e-05
0.000120147
2.31581e-05
4.78368e-05
0.000128356
0.00012249
8.18278e-05
4.23877e-05
0.000117767
9.3396e-05
3.91499e-05
0.000109504
5.43749e-05
5.82907e-05
6.75677e-05
0.000108574
5.72358e-05
3.09045e-05
6.26434e-05
7.73129e-05
6.69603e-05
0.00011691
3.43545e-05
4.13495e-05
0.000108226
8.72136e-05
2.52812e-05
6.34829e-06
5.28555e-05
0.000111487
4.55282e-05
9.08322e-05
5.64287e-05
2.4057e-05
0.000150383
3.88597e-05
0.000141897
7.93721e-05
3.69466e-05
4.54431e-05
3.59006e-05
3.61119e-05
0.000113278
2.86707e-05
8.44836e-05
9.89902e-05
4.60057e-05
9.00268e-05
3.36548e-05
2.75914e-05
2.64588e-05
4.34674e-05
5.40293e-05
0.000152502
6.46347e-05
3.57922e-05
3.60089e-05
8.58989e-06
0.000186952
0.00015708
0.000107325
4.58599e-05
0.000162826
3.22383e-05
1.80456e-05
2.44244e-05
2.42557e-05
0.000114453
9.45495e-05
2.92837e-05
5.61092e-05
0.000162339
0.000129609
6.77113e-05
7.55113e-05
5.89618e-05
8.47711e-05
5.30608e-05
4.67913e-05
3.03627e-05
3.05195e-05
4.95334e-05
0.000168393
2.67001e-05
5.17756e-05
0.000109835
0.000116032
6.5355e-05
1.44189e-05
0.000118731
3.74351e-05
6.4277e-05
4.15231e-06
6.80994e-05
7.47715e-05
0.000112412
7.97471e-05
0.000160882
0.000101253
0.000116769
5.65151e-05
2.78256e-05
6.81712e-05
0.000115715
0.000128045
5.59635e-05
5.19524e-05
0.000109253
5.88372e-05
0.000107098
4.65441e-05
3.47325e-05
8.66881e-05
0.000107479
5.84848e-05
2.59568e-05
5.45459e-05
2.42657e-05
0.000108581
0.000107536
0.00015064
6.63698e-05
7.7727e-05
6.55258e-05
0.000109664
3.7463e-05
0.000104713
3.36698e-05
5.2881e-05
0.00011091
5.73508e-05
8.78381e-05
6.09956e-05
6.27535e-05
7.33129e-05
4.9952e-05
4.45777e-05
6.97123e-05
5.48741e-05
4.83224e-05
0.000114804
0.000128695
7.22556e-05
2.9603e-05
2.70234e-05
3.1218e-05
3.94636e-05
2.91873e-05
9.91331e-05
0.000130055
7.75058e-05
5.35029e-05
2.8571e-05
6.71754e-05
5.80679e-05
2.65178e-05
7.13722e-05
6.15024e-05
0.000118784
7.83975e-05
3.99128e-05
7.62857e-05
3.51677e-05
5.57963e-05
6.01078e-05
0.000442975
0.000109736
5.81582e-05
8.80811e-05
1.27322e-05
2.17851e-05
0.00128555
0.000119587
7.85448e-05
0.000110544
8.18826e-05
0.000112455
4.01471e-05
3.21601e-05
2.77873e-05
2.43272e-05
7.15442e-05
5.02868e-05
0.000124937
5.39877e-05
0.000110272
9.70318e-05
9.85356e-05
5.86546e-06
5.20031e-05
8.92479e-06
9.08935e-05
0.000104301
4.54047e-05
6.84938e-05
7.62606e-05
4.91533e-05
5.51535e-05
0.000112514
7.10754e-05
6.82124e-06
2.58055e-05
5.97538e-06
7.21999e-05
5.22208e-05
5.69415e-05
5.33486e-05
5.57076e-05
9.61807e-05
0.000160482
7.25662e-05
4.24136e-05
0.000117874
0.000129107
0.000113431
8.27556e-05
4.45463e-05
5.50378e-05
2.23626e-05
3.14725e-05
1.91159e-05
5.1655e-05
3.5053e-05
8.86007e-05
9.38309e-05
2.32269e-05
0.000122383
6.07949e-05
0.000112761
7.50865e-05
5.73518e-06
9.66205e-06
7.93643e-05
0.00016492
5.57153e-05
8.45795e-05
0.000115228
4.47868e-05
5.2734e-05
3.63509e-05
4.92174e-05
7.8658e-05
7.31472e-05
3.77737e-05
0.000141494
0.00011588
3.06018e-05
0.000107044
0.000115931
3.11408e-05
3.74356e-05
2.39162e-05
2.16998e-05
5.13275e-05
0.000168018
5.7782e-06
5.33856e-05
5.48657e-05
3.41874e-05
0.000126028
2.12446e-05
4.98066e-05
1.37464e-05
0.000128997
1.60841e-05
8.96801e-05
3.38404e-05
2.77009e-05
5.28775e-05
5.17437e-05
6.93969e-05
6.71447e-05
2.90826e-05
4.44223e-05
5.02427e-05
3.29286e-05
2.75069e-05
9.82405e-05
5.15046e-05
5.25219e-05
5.49541e-06
6.77638e-05
5.67061e-06
9.67191e-05
2.53198e-05
4.44355e-05
0.000128217
0.000157015
6.39962e-05
5.5097e-05
5.98991e-06
4.82814e-05
5.56893e-05
6.95875e-05
0.000117269
0.000109955
4.0347e-05
6.57987e-05
0.000120052
3.7738e-05
6.97629e-05
1.90034e-05
5.43013e-05
6.65682e-05
3.16084e-05
4.16244e-05
4.19102e-05
9.29836e-05
2.85582e-05
1.23e-09
0.000119059
0.000119638
5.10576e-05
5.21457e-05
2.26297e-06
0.000188366
0.00011958
9.47016e-05
9.68737e-05
9.56232e-07
2.00571e-05
5.58961e-05
8.10347e-05
3.64694e-06
1.84749e-05
0.00010955
3.52966e-05
5.43139e-05
2.15482e-05
5.5039e-05
2.57093e-05
5.21986e-05
4.40774e-05
4.40085e-05
0.000126294
0.000123922
0.000106155
3.67517e-05
2.77629e-05
7.4273e-05
5.05305e-05
8.71488e-05
8.83538e-05
0.000126479
8.61058e-05
5.45175e-05
0.000101123
3.1669e-05
8.05054e-05
5.01698e-05
7.98408e-05
0.000116701
0.000129122
3.22992e-05
9.06827e-06
5.21545e-05
4.79262e-05
3.9016e-05
0.00012395
0.000109427
7.29191e-05
9.91299e-05
0.000108695
1.6978e-05
6.23121e-05
4.13755e-05
9.55237e-05
4.6013e-05
2.08973e-06
2.04148e-06
1.17583e-06
3.63771e-07
8.31013e-07
2.23863e-07
2.20717e-06
1.11529e-06
2.87864e-06
1.95587e-07
5.62159e-07
3.40654e-06
4.73191e-07
0.000136318
3.08557e-05
5.67208e-05
7.5641e-05
8.55286e-05
3.59991e-07
4.66549e-05
2.95647e-05
0.000124827
5.51889e-05
3.21038e-05
7.08203e-05
0.000131045
5.69913e-05
6.38437e-05
4.31948e-05
2.48904e-07
4.72167e-05
2.8863e-05
5.28494e-05
1.45636e-07
6.31404e-05
8.64344e-05
0.000137223
9.58912e-05
6.88101e-05
0.000104327
0.000116127
3.34211e-05
2.25085e-05
2.22553e-07
6.48612e-05
1.26883e-05
0.000198468
3.36459e-05
0.000126765
4.60259e-06
0.000128804
0.000136743
9.46938e-05
9.55795e-05
9.27373e-05
5.55763e-05
0.000124625
4.49708e-05
0.000141933
5.79347e-06
1.35055e-07
1.41885e-05
3.94969e-05
2.11995e-05
7.92469e-05
0.00075883
0.000111977
3.47547e-05
0.00014015
0.000102844
7.38794e-05
0.000133056
5.40067e-05
4.83546e-05
3.38372e-05
5.88265e-05
3.88725e-05
0.000125894
0.000132806
2.82853e-05
7.4899e-05
2.53259e-05
2.85433e-05
3.25888e-05
5.13937e-05
6.55337e-05
0.000127959
4.7524e-05
8.01244e-05
6.6916e-05
0.000749672
7.48903e-05
3.9607e-05
4.87387e-05
9.53959e-05
0.000131143
4.13546e-05
1.86133e-05
4.60631e-05
4.24548e-05
4.39284e-05
0.000117806
3.48261e-05
1.73475e-05
4.07966e-05
2.50046e-05
2.70842e-05
4.14355e-05
6.18151e-05
0.000126631
0.000101706
0.000124746
7.40554e-05
0.00012723
1.85093e-05
5.24788e-05
3.71702e-05
0.000120824
4.5855e-06
5.32983e-05
2.45688e-05
0.000185635
5.31469e-05
5.77528e-05
0.000127912
6.26783e-05
0.000158649
0.000100257
7.31397e-05
0.000102505
6.94832e-05
9.49054e-05
8.87102e-05
0.000129298
0.000124357
2.01319e-05
2.90336e-05
4.69309e-05
5.08239e-05
4.21771e-05
7.10798e-05
6.41512e-05
5.55767e-05
6.26945e-05
4.11898e-05
3.27674e-05
0.00011485
3.50856e-05
7.14577e-05
5.45772e-05
5.29562e-05
1.24807e-05
0.000135653
9.95028e-05
2.45192e-05
7.66956e-05
7.45835e-05
8.36211e-05
0.00011171
5.70776e-06
2.95512e-05
0.000166969
0.000127893
3.04757e-05
3.37022e-05
6.04604e-05
0.000108037
5.19892e-05
2.76391e-05
5.3702e-05
8.55664e-05
9.1578e-08
0.000103302
7.53401e-06
3.57791e-05
0.000129997
2.39014e-05
4.80866e-05
6.05524e-05
6.84592e-06
5.14601e-05
5.28832e-05
0.000130659
4.84744e-05
4.9778e-05
3.3182e-05
9.66458e-05
4.09439e-05
5.1706e-05
8.92735e-05
2.48045e-05
6.81182e-05
9.63924e-05
8.02289e-05
2.86611e-05
4.18361e-05
3.14605e-05
0.000179505
3.72224e-05
2.21199e-05
1.05244e-07
0.000138779
0.000109123
2.70396e-05
7.37143e-05
4.58471e-05
0.000104654
3.55937e-05
9.3718e-05
7.8459e-05
9.17362e-05
2.62755e-05
0.000135106
6.97257e-06
0.000131399
5.17425e-05
0.000149583
4.91343e-05
0.000132367
4.59369e-05
6.70978e-05
0.00018847
7.51263e-05
4.11733e-05
0.000108764
4.67768e-05
4.55723e-05
6.9287e-05
9.01389e-05
4.80117e-05
0.000140476
3.00635e-05
1.52638e-06
2.39867e-05
3.99365e-05
6.60473e-05
4.94776e-05
3.9606e-05
6.91676e-05
0.000133936
2.30135e-05
3.3677e-05
8.64172e-05
0.000118323
7.6891e-05
6.00305e-05
4.80754e-05
2.04499e-05
6.95581e-05
4.00408e-05
9.70865e-05
0.000141766
3.87973e-05
6.00983e-05
3.96939e-05
0.000102769
3.51798e-05
0.000110801
8.14737e-05
8.01088e-05
3.66839e-05
7.61045e-05
0.000133601
3.18655e-05
0.000107244
0.000130559
1.24289e-05
2.18582e-05
5.13459e-05
2.1784e-05
5.58125e-05
0.000143115
7.71751e-05
0.000157814
2.48358e-05
8.87639e-05
0.000114617
0.000108365
5.45902e-05
5.13358e-05
5.33973e-05
5.12574e-05
3.42098e-05
5.40331e-05
3.56317e-05
7.91474e-05
3.52348e-05
6.6009e-05
5.87052e-05
4.47699e-08
0.000134697
7.46908e-05
0.000107114
4.00229e-05
2.09153e-05
0.000146888
0.000110811
0.000110075
9.3675e-05
6.32374e-05
0.000119944
6.61524e-05
2.57579e-05
9.53619e-05
9.99266e-05
2.80573e-05
0.000393198
0.000109644
0.000127104
3.62308e-05
5.15579e-05
6.65081e-05
5.62425e-05
1.96393e-05
2.85076e-05
0.000107715
6.17751e-05
2.59462e-05
5.27391e-05
5.7861e-05
9.82816e-05
5.04687e-05
3.09457e-05
9.27439e-05
6.39959e-05
7.92766e-06
6.00687e-05
7.95662e-05
0.000103677
0.000114324
6.18961e-05
2.327e-05
4.7831e-05
6.18196e-05
0.000147524
5.36715e-05
9.898e-05
0.000113427
7.21828e-05
0.000112044
4.92878e-05
2.06618e-05
0.000114564
0.00011056
6.47038e-05
0.000144064
5.3916e-05
5.00022e-05
0.000133115
0.000112099
0.000145144
5.6288e-05
7.79307e-05
0.000109878
4.5898e-05
0.000145022
5.54892e-05
5.17103e-05
4.48753e-05
0.000112719
0.000107874
4.55228e-05
2.17958e-05
7.48616e-05
0.000192175
8.23386e-05
4.84554e-05
9.24726e-05
8.31596e-05
5.07306e-05
0.000106854
8.76934e-05
9.14724e-05
6.4888e-05
0.00015081
0.000114404
7.17275e-05
4.42008e-05
3.60894e-05
1.13198e-05
5.27782e-05
0.000102128
5.46095e-05
0.000112371
9.94238e-05
3.33938e-05
0.000144336
5.30223e-05
0.000140505
8.78849e-05
0.000143033
4.84414e-05
0.00010179
9.6311e-05
5.48182e-05
5.20275e-05
0.000132506
1.78903e-05
2.89777e-05
0.000144797
5.29145e-05
2.31322e-05
3.91696e-08
5.99114e-05
9.03598e-05
0.000136256
5.24085e-05
8.39317e-05
1.46233e-05
6.32478e-05
3.06566e-05
4.09251e-05
6.70266e-05
2.75779e-05
3.55791e-05
5.68998e-05
2.46717e-05
3.55543e-05
8.30411e-05
0.000115244
0.000116083
0.000437143
5.00882e-05
5.68732e-05
0.000106024
0.000120316
0.000684001
5.23285e-05
6.39171e-05
5.46731e-05
0.000139777
3.18265e-05
4.73895e-05
5.36007e-05
7.52393e-05
5.5121e-05
0.000129882
0.000164715
8.33915e-05
5.49034e-05
5.54724e-05
0.000129434
0.000172308
5.05208e-05
8.61299e-05
4.93584e-05
0.000116596
4.25854e-05
5.8216e-05
0.000123307
0.000145048
3.59961e-05
5.1989e-05
7.54643e-05
5.17522e-05
0.000121259
5.28461e-05
5.27396e-05
7.05436e-05
6.40204e-06
2.38646e-05
5.29961e-05
5.55306e-05
0.000129874
0.000121922
6.83573e-05
5.43193e-05
0.000107217
5.11111e-05
6.00698e-05
5.17328e-05
2.08659e-05
3.99153e-05
0.000105001
0.000404337
5.29404e-05
4.63657e-05
4.55944e-05
0.000190921
4.438e-05
4.68428e-05
5.3838e-05
5.91221e-05
0.000144028
8.63488e-05
0.000117111
6.59653e-05
0.000119125
4.38561e-05
0.000118989
0.000119441
5.45752e-05
0.000149745
8.28919e-05
2.52265e-05
6.54562e-05
0.000143017
0.000119259
4.96482e-05
6.6288e-05
0.000145658
0.000146408
4.46775e-05
9.68222e-05
4.89526e-05
5.54763e-05
3.53354e-05
7.82999e-05
8.54207e-05
0.000146383
5.00139e-05
0.000135346
0.00173473
0.000156053
0.000105313
3.34312e-05
4.59946e-05
0.000155776
8.38799e-05
5.45981e-05
5.23157e-05
0.000123709
2.53719e-05
3.89212e-05
0.000124621
5.32967e-05
4.68755e-05
2.7277e-05
4.50903e-05
5.76324e-05
6.28805e-05
2.81924e-05
4.24689e-05
7.00385e-06
5.0266e-05
1.06211e-05
5.04589e-05
0.000308186
4.82357e-05
4.45404e-05
5.56394e-05
6.31198e-05
7.98928e-05
5.38029e-05
9.24868e-05
5.18126e-05
6.61514e-06
0.000154499
5.30949e-05
6.69599e-05
5.69546e-05
7.59939e-05
3.14417e-05
5.34383e-05
7.37505e-05
7.25711e-05
7.42427e-05
2.79749e-05
6.03579e-05
0.000123984
7.52682e-05
0.000150055
3.19498e-05
0.000141268
4.45079e-05
7.99147e-05
0.000172681
4.41126e-06
9.16984e-05
5.15759e-05
5.4209e-05
7.85963e-05
7.42638e-06
5.79831e-05
9.32107e-05
0.000129356
0.000148952
2.91835e-05
6.07051e-05
5.04243e-05
6.33651e-05
2.66076e-05
3.74099e-05
3.65779e-05
5.95352e-05
2.76818e-05
8.76452e-05
5.35595e-05
0.000152734
4.46088e-05
0.000100354
3.52192e-05
3.94328e-05
0.000124798
8.96195e-08
0.000107928
0.000121303
6.28414e-05
0.000127799
3.79111e-05
5.27776e-05
6.92108e-05
3.9571e-05
4.02084e-05
5.41154e-05
4.64577e-05
0.00012597
7.48919e-05
5.86883e-05
4.66002e-05
4.80913e-05
0.000125023
5.78425e-05
2.15031e-05
4.48034e-05
3.55611e-06
2.09099e-05
6.41401e-05
0.000123807
6.76128e-05
4.11845e-05
6.93474e-06
4.26787e-05
7.40979e-05
0.000105803
5.02165e-05
0.00012761
9.43761e-06
5.28797e-05
5.83492e-06
0.000128215
0.000100873
0.000107786
0.000130086
3.9748e-05
5.38442e-05
6.97726e-05
0.000153255
5.28647e-05
4.39436e-05
0.000120828
0.000152682
7.8727e-05
0.00012712
2.77213e-05
0.00011327
4.19318e-05
0.000153722
5.00588e-05
0.000154314
0.000157346
0.000129226
4.90661e-05
6.11987e-05
0.000149509
6.69731e-05
5.1981e-05
0.00011259
9.85772e-05
4.20276e-05
0.000153965
7.09516e-05
2.95923e-05
4.32435e-05
0.000828964
0.000151259
2.79941e-05
4.9102e-05
5.99569e-05
5.34259e-05
5.35267e-05
5.73354e-05
0.000113861
0.000104864
2.95795e-05
7.37034e-05
2.90046e-05
0.000154288
0.000147737
5.42189e-05
4.26246e-05
8.04551e-05
0.000142301
0.00015198
3.61385e-05
9.4905e-05
2.98888e-05
2.34003e-05
6.77569e-06
3.33079e-05
6.08079e-05
4.68733e-05
0.00012892
5.42864e-05
4.32425e-05
4.39877e-05
0.000157175
6.3857e-05
5.36458e-05
4.21583e-05
2.5394e-05
1.51188e-06
3.52461e-05
0.000117939
5.01018e-05
0.000132568
3.89716e-05
5.66343e-05
2.56791e-05
4.38922e-05
7.70586e-05
3.20849e-05
0.000158697
8.32242e-05
3.22263e-05
6.94686e-05
4.87961e-05
3.74353e-06
3.29396e-05
0.00012632
0.000151445
5.5739e-05
0.000151564
0.000117686
4.47664e-05
9.68006e-05
3.35844e-05
0.000130488
0.00012989
4.19776e-05
0.00019283
0.000118305
0.000180486
0.000112303
6.39281e-05
5.21604e-05
3.6706e-05
0.000116999
4.45683e-05
1.27434e-06
1.84093e-05
0.000160252
3.488e-05
5.00568e-05
2.64069e-05
6.14179e-05
1.45303e-08
7.53046e-05
4.54642e-05
0.000155959
2.0612e-05
5.70229e-06
8.61823e-05
8.63368e-05
5.97693e-05
0.000122848
0.000121913
3.74176e-05
6.78249e-05
4.52591e-05
3.30585e-05
6.68751e-05
4.59135e-05
0.000155726
5.58403e-05
1.25948e-05
4.01735e-05
0.000109044
4.72173e-05
5.27135e-05
8.8743e-05
0.000186708
4.1424e-05
3.24658e-05
0.000137315
0.000133422
5.21452e-05
6.34741e-05
0.000132369
0.000153001
4.86612e-05
0.000115725
4.80267e-05
3.87224e-05
6.42669e-05
4.1073e-05
7.92524e-05
5.52167e-05
4.87903e-05
8.53493e-05
8.72344e-05
7.14748e-05
3.67967e-05
6.12811e-05
4.99088e-05
0.000133126
7.65895e-05
5.10778e-08
5.70359e-05
3.99334e-05
0.000158147
4.05285e-05
2.5508e-05
0.000133106
5.76252e-06
1.17992e-07
4.59483e-05
9.27989e-05
6.10971e-05
0.000104528
3.46784e-05
0.000147947
2.52847e-05
0.000115554
5.5977e-05
0.000100039
3.91082e-05
6.24463e-05
6.5979e-05
6.4425e-05
5.56343e-05
7.84076e-05
1.88719e-05
5.80088e-05
8.216e-05
3.69439e-05
0.00013721
6.21535e-05
0.000154566
2.52436e-05
0.000158656
0.000119931
8.69913e-05
7.0582e-05
3.43171e-05
6.74571e-05
5.71687e-05
0.000178229
3.1839e-05
8.59722e-05
8.47795e-05
2.94783e-05
6.26349e-05
0.000149358
5.13165e-05
6.27499e-05
0.000135236
2.62136e-05
5.10642e-05
3.65653e-05
6.02942e-05
4.09474e-05
2.07091e-05
5.56403e-05
4.65088e-05
7.44728e-05
3.00879e-05
7.68609e-05
5.92211e-05
5.0885e-05
7.83627e-05
2.89119e-05
0.000105167
5.89935e-05
0.000144622
7.78096e-05
5.94906e-05
6.1952e-05
3.14044e-05
0.000107339
6.39277e-05
6.40967e-05
8.22896e-05
6.21703e-05
5.33081e-05
4.96457e-05
6.60959e-05
1.98043e-05
3.6618e-05
0.000159918
7.64819e-05
0.000139188
0.000110012
5.569e-05
0.00014395
2.359e-05
6.21661e-05
5.03185e-05
6.72037e-05
8.29357e-05
0.000114628
8.03956e-05
5.71708e-05
5.17252e-05
4.96938e-05
2.40033e-05
0.000162156
8.19768e-05
3.43856e-05
0.000146746
6.91375e-05
3.02545e-05
2.16116e-05
0.000111882
4.06388e-05
3.3195e-05
7.10643e-05
8.54014e-05
7.47873e-05
0.000101562
5.18473e-05
0.000160159
9.77002e-05
6.01082e-05
0.000144517
2.83288e-05
0.000145032
8.68883e-05
8.83199e-05
2.93748e-05
2.66837e-05
5.14781e-05
5.906e-05
4.95461e-06
0.000155737
0.000144505
3.70487e-05
8.32194e-05
5.50911e-05
1.88789e-07
0.000153008
6.02041e-05
5.00131e-05
3.70037e-05
3.55681e-05
3.78385e-05
3.14257e-05
5.97381e-05
7.57471e-05
1.14645e-05
3.90519e-05
6.09095e-05
0.000135278
2.28021e-05
8.29209e-05
6.05715e-05
7.47181e-05
0.000101162
0.0001699
0.000125156
0.000136511
7.0342e-05
6.63752e-05
6.01897e-05
2.60688e-05
7.26837e-05
2.4473e-05
7.61207e-05
3.65153e-05
0.000144595
1.00559e-05
7.323e-05
0.000163778
5.26633e-05
4.78872e-05
6.40575e-05
6.1959e-05
0.000141907
8.38864e-05
8.45614e-05
8.94018e-05
1.25772e-05
0.000105891
8.21159e-05
8.53778e-05
0.000156271
0.000111828
0.000116423
6.57758e-05
2.18744e-05
0.000173443
3.25985e-05
0.000143991
5.12522e-05
0.000157353
4.14811e-05
5.18454e-05
6.47382e-05
4.16749e-05
9.72094e-05
7.65868e-05
5.19409e-05
4.23756e-05
6.03122e-05
4.8561e-05
6.43868e-05
6.27862e-05
0.000136841
5.53338e-05
7.8716e-05
7.83167e-05
3.38417e-05
4.48104e-05
0.000139523
5.28944e-05
0.000145809
5.72827e-05
5.11229e-05
8.82366e-05
7.74946e-05
7.24282e-05
0.000113124
8.23808e-05
6.28105e-05
7.67601e-06
0.00010944
0.000146204
3.06211e-05
6.27905e-05
5.87112e-05
5.22203e-06
5.57329e-05
0.000145487
4.64368e-05
0.000161842
0.000169686
5.26699e-05
1.18154e-05
0.000143545
6.41911e-05
4.19612e-05
0.000134053
2.35728e-05
7.04616e-05
6.75584e-05
5.04362e-05
0.000146538
6.01846e-05
7.21719e-05
0.000138703
0.000139729
6.30535e-05
6.13094e-05
0.000190436
0.000148448
4.26246e-05
4.97202e-05
7.01741e-05
2.1368e-05
7.63542e-05
8.02832e-05
6.49909e-05
6.06421e-05
0.000109789
6.32756e-05
2.67122e-05
5.38027e-05
6.48894e-05
6.20806e-05
0.000144492
9.27422e-05
7.09316e-05
5.68417e-05
3.28875e-05
1.75218e-05
6.35519e-05
0.000120807
8.75426e-05
8.87508e-05
5.11911e-05
2.58119e-05
7.3717e-05
5.77287e-05
5.42984e-05
7.95691e-05
0.00015094
7.75456e-05
6.61059e-05
7.44606e-10
7.75727e-05
0.000106029
6.88518e-05
3.33223e-05
5.36745e-05
9.02707e-05
0.0001216
0.000132803
5.49365e-05
4.98014e-05
8.84902e-05
2.58173e-05
7.57545e-05
5.54492e-05
5.84476e-05
7.06462e-05
3.8511e-05
4.49749e-05
4.67993e-05
0.000113301
4.4244e-05
0.000352931
4.10419e-05
0.000152842
5.48672e-05
5.30177e-05
5.02275e-05
3.6658e-05
0.000121087
8.13832e-05
8.53804e-05
6.96008e-05
0.000136716
0.000119518
7.26767e-05
3.59675e-05
4.27069e-05
0.000137893
4.47182e-05
0.000105476
6.68531e-05
5.21127e-05
5.72706e-05
7.99646e-05
4.5016e-05
4.76251e-05
3.83887e-05
3.1154e-05
0.000156427
0.000102204
5.37422e-05
5.09682e-05
5.06464e-05
0.000157305
0.000409689
3.00048e-05
6.88982e-05
8.14579e-05
5.43558e-05
7.71354e-05
0.000149793
5.46326e-05
6.5786e-05
5.86993e-05
5.52992e-05
0.000145614
2.16823e-05
5.3968e-05
0.0001383
9.80478e-05
0.000154436
7.10338e-05
3.37477e-05
0.000122922
5.84042e-05
6.71019e-05
0.000122925
9.6786e-05
5.36085e-05
0.000138425
9.20886e-05
3.49214e-05
0.000152396
6.60916e-05
2.90943e-05
0.00016467
7.77529e-05
5.24731e-05
6.53911e-05
5.07804e-05
7.96991e-05
6.93767e-05
5.66936e-05
7.45828e-05
5.78046e-05
0.000106176
0.000119303
6.02762e-05
0.000456107
3.3759e-05
3.35078e-05
7.23923e-05
6.679e-05
9.88321e-05
6.69394e-05
5.72725e-05
9.147e-05
3.79155e-05
0.000161294
0.000128233
3.24673e-05
6.0947e-05
0.000112593
0.00010529
4.72803e-05
0.000116921
3.56099e-05
3.39392e-05
5.36563e-05
6.36789e-05
0.000119772
0.000113852
6.72386e-05
4.30837e-06
0.000103946
5.82369e-05
0.000125391
0.00012888
6.10757e-05
4.60655e-05
0.000121347
2.79899e-05
7.8628e-05
3.82151e-05
9.32983e-05
4.58161e-05
5.68306e-05
6.25126e-05
7.0221e-05
0.000101629
4.44061e-05
0.000154302
6.4222e-05
6.7075e-05
7.3132e-05
0.000104717
8.50513e-05
6.38636e-05
7.47057e-05
0.00015512
5.55319e-05
0.000134853
4.54687e-05
5.62364e-05
0.000129164
5.259e-05
6.40441e-05
0.000154904
0.000121817
7.54247e-05
3.68893e-05
5.75179e-05
8.62702e-05
8.80357e-05
6.58084e-05
5.24562e-05
3.36207e-05
0.00017321
4.95249e-05
0.000122664
4.93171e-05
8.42512e-05
8.77561e-05
7.76165e-05
8.56528e-05
5.60121e-05
0.000103311
0.000118045
3.8474e-06
0.000138963
4.77492e-05
0.000118841
0.000115159
4.03828e-05
4.3129e-05
4.50782e-06
0.000157496
3.33939e-05
0.000112969
8.18466e-05
7.45694e-05
0.00011908
5.39177e-05
6.68824e-05
1.5716e-05
2.93882e-05
3.38232e-05
8.81199e-05
5.91458e-05
8.06716e-05
6.17525e-05
4.1724e-05
5.98479e-05
0.000104297
0.000163909
6.10416e-05
6.2361e-05
0.000129682
9.68903e-05
7.1699e-05
6.1491e-05
6.71524e-05
0.000102035
0.000795227
7.35305e-05
4.06117e-05
8.71822e-05
6.03599e-05
4.34712e-06
4.21931e-05
0.000116186
0.00010135
4.88632e-05
0.00013835
0.000119584
4.83873e-05
9.70422e-05
3.64283e-05
8.4936e-05
0.000166948
0.000114653
0.000135563
4.83829e-05
9.9894e-05
4.72627e-05
8.94781e-05
7.06873e-05
9.8913e-05
7.03408e-05
0.000157969
4.30273e-05
9.40183e-05
6.39718e-05
0.00014634
0.000113978
2.15094e-05
1.55238e-05
4.52542e-05
3.73546e-05
2.79121e-05
0.000157617
3.36595e-05
0.000121153
0.00015995
4.77441e-05
0.00015296
6.94304e-05
9.58891e-06
6.81798e-05
6.77733e-05
1.1152e-05
4.93927e-05
0.000121535
8.42397e-05
7.03709e-05
0.000152737
6.11892e-05
6.98775e-05
7.44506e-05
0.000120184
7.76664e-05
7.30398e-05
1.2964e-05
0.000106142
3.08831e-05
5.34378e-05
7.77432e-05
6.47678e-05
3.60987e-05
6.9882e-05
0.000143764
0.000127538
4.0342e-06
0.000102595
0.000927877
3.58536e-05
5.94627e-05
0.000123039
9.9369e-05
6.14625e-05
3.34961e-05
6.82895e-05
0.00015779
4.74977e-05
7.47439e-05
6.14658e-05
0.000125897
0.000117489
5.92338e-05
4.21144e-05
0.00016202
8.18672e-05
4.4518e-05
5.14886e-05
4.78712e-05
0.000117196
9.27837e-05
8.99215e-05
0.000166016
6.42014e-05
8.63917e-05
9.06828e-06
0.000159848
3.44117e-05
4.77362e-05
0.000145682
4.98775e-05
7.21807e-08
4.67644e-05
0.000163246
5.30732e-05
6.70349e-05
0.000119751
0.000109064
0.000160355
0.000114436
0.000115733
3.68881e-05
5.94189e-05
1.091e-05
9.65391e-05
3.19401e-05
6.0964e-05
5.46713e-06
6.26236e-05
9.17191e-05
0.000136939
6.13248e-05
2.51368e-05
4.06301e-05
0.000130176
3.88603e-05
0.000100139
0.000106981
7.90383e-05
9.43389e-05
5.92556e-05
5.48682e-05
5.09002e-05
0.00027917
7.6747e-05
8.3472e-05
3.56241e-06
7.10062e-05
0.000126655
4.13705e-05
4.33769e-05
0.000113504
0.000118575
4.42658e-05
7.01142e-05
8.20873e-05
7.17013e-05
7.02245e-05
0.000112538
6.43689e-05
0.000136374
6.9318e-05
7.70166e-05
7.09755e-05
7.31219e-05
0.000125833
6.33134e-05
3.15147e-05
6.14099e-05
6.80253e-05
9.33938e-05
3.41289e-05
3.01727e-05
7.59776e-05
4.13002e-05
3.27435e-05
9.42317e-05
8.87271e-05
8.28158e-05
8.80741e-05
4.40592e-05
9.93406e-05
8.01417e-05
3.53088e-05
0.000117572
7.96988e-05
7.31818e-05
2.57265e-05
4.72094e-05
7.62956e-05
9.24179e-05
7.75935e-05
6.02088e-05
0.000124107
6.16519e-05
7.98424e-05
2.58071e-05
7.29409e-05
0.000132117
3.97539e-05
6.15709e-05
9.65906e-05
0.000159717
3.45401e-05
0.000102378
3.73213e-06
5.13208e-05
7.29325e-05
5.84644e-05
4.87753e-05
9.80674e-05
5.87265e-05
0.00010012
7.84019e-05
3.69845e-05
0.000173743
9.07897e-05
8.05219e-05
0.000122758
0.000121146
4.95372e-05
0.000104632
9.11481e-05
0.000109698
3.62249e-05
7.81248e-05
9.48987e-05
8.89541e-05
9.12877e-05
5.02591e-05
0.000112465
9.36202e-05
4.09104e-05
7.74195e-05
0.000142823
8.0336e-05
0.000163652
0.000110158
3.51408e-05
0.000101064
5.46901e-05
0.000146358
0.000122901
6.30996e-05
6.06314e-05
8.31643e-05
3.69505e-05
3.81002e-05
0.00015158
0.000163297
6.21028e-05
7.18126e-05
6.41595e-05
5.18856e-05
0.000417019
7.18984e-05
0.000132872
0.000122708
8.33525e-05
4.80674e-05
4.27748e-05
7.56537e-05
3.28111e-05
0.000104506
1.62109e-06
3.3011e-05
0.000150566
0.000103066
0.000102872
9.65131e-06
0.00014214
0.000111717
0.000189136
6.23504e-05
0.000152784
6.00945e-05
3.66377e-05
7.68838e-05
5.47573e-05
5.36887e-05
4.12217e-05
5.59095e-05
0.000100667
6.23623e-05
7.17174e-05
8.6511e-05
8.28989e-05
3.40861e-05
1.06733e-05
0.00013484
6.86174e-05
3.11386e-05
0.000116027
0.0001656
1.04953e-05
7.76175e-05
8.04942e-05
6.44782e-08
4.71854e-08
6.04297e-05
5.24471e-06
3.6914e-05
0.00014242
6.65899e-10
8.48023e-05
8.26147e-05
0.000114636
0.000136809
5.58994e-05
4.20332e-05
5.21192e-05
6.34769e-05
8.91705e-05
6.43214e-05
2.6036e-05
0.000101317
5.2175e-05
0.000168469
6.57179e-05
0.000153109
0.000109148
3.93408e-05
2.5085e-05
0.000165504
0.00017242
0.00017835
0.000114609
8.0954e-05
0.000114048
0.000173911
3.14874e-07
3.6947e-05
8.20462e-05
8.46752e-05
3.26227e-06
5.5262e-05
0.000142858
7.47834e-05
4.50927e-05
5.42906e-05
7.3473e-05
4.93245e-05
7.33369e-05
0.000125414
3.41206e-05
6.75521e-05
6.27319e-05
0.000102545
6.15636e-05
5.9649e-05
8.0116e-05
6.55503e-05
0.000139719
4.68118e-05
0.00011587
0.000118491
0.000143884
7.73695e-05
9.05426e-05
4.68792e-05
6.06265e-05
0.000157493
0.000150252
0.000157419
7.10618e-05
0.00017936
0.000106975
5.67111e-05
0.000169226
0.00141776
0.000119558
7.46532e-05
4.30941e-05
3.42038e-05
0.000140507
7.15916e-05
0.0133765
0.000146911
0.000134919
0.00014961
4.98483e-05
7.64288e-05
7.46665e-05
8.03538e-05
7.96449e-05
0.00014382
3.48192e-05
1.65687e-08
5.31512e-05
2.24765e-05
2.90741e-10
5.42713e-05
8.70726e-05
7.29194e-05
0.000142988
0.000138957
8.94167e-05
8.42385e-05
3.81606e-05
6.86132e-05
8.05207e-05
0.000133576
0.000132887
6.2863e-05
0.000101061
8.48515e-05
7.51371e-05
0.000108691
5.64631e-05
0.000116569
7.05073e-05
0.000123336
5.32464e-05
3.96172e-05
3.94365e-05
3.41384e-05
4.93073e-05
8.61657e-05
0.000129101
8.8406e-05
8.50619e-05
3.2551e-06
0.00010396
5.63195e-05
0.000129133
0.000111053
3.50281e-05
2.9713e-05
6.67049e-05
0.000111019
9.31117e-05
7.60353e-05
3.01677e-05
0.000127386
0.00012057
0.000100123
5.98642e-05
0.000109761
5.47324e-05
7.04084e-05
5.53954e-05
8.61794e-05
7.43984e-05
0.00014111
6.87351e-05
7.55759e-05
0.00011201
5.55331e-05
5.59469e-05
9.93123e-05
3.64717e-05
6.29622e-05
0.000110602
9.58821e-05
0.000722257
4.14804e-05
0.000123769
0.000106512
6.12688e-05
0.000144499
4.96351e-05
3.09758e-05
8.84251e-05
6.82551e-05
2.67214e-05
7.87278e-05
0.000134546
0.00011051
8.67386e-05
6.67647e-05
1.11039e-05
6.52742e-05
4.28444e-05
0.000176798
0.000124909
3.67988e-05
4.6837e-05
0.000117295
0.000111313
5.14923e-05
9.1719e-05
8.21413e-05
0.000106458
6.73889e-05
9.91853e-06
9.27633e-05
0.000162372
0.000111062
9.86128e-05
7.46669e-05
1.58236e-06
4.107e-05
0.000112177
2.89243e-05
3.07814e-05
0.000135971
0.000164546
0.000108073
2.64996e-05
3.74139e-05
4.98913e-05
0.00013089
0.000129165
2.35087e-05
0.000116426
3.00105e-05
5.16383e-05
4.65479e-05
0.000107528
7.93531e-05
3.5927e-05
2.96414e-05
0.000142962
0.000121749
9.95366e-05
0.000106806
6.69098e-05
8.66391e-05
0.000147515
5.9902e-05
8.4539e-05
9.77794e-05
0.00010268
9.27488e-05
5.64312e-05
0.000158438
8.88737e-05
5.25098e-05
5.48597e-05
8.10352e-05
9.34157e-05
4.73797e-05
0.000123121
0.00011755
0.000100825
8.96497e-05
0.000174036
3.67739e-05
7.88447e-05
7.95249e-05
4.74148e-05
0.000116857
7.8263e-05
5.72448e-05
3.53848e-05
5.9079e-05
5.5953e-05
0.000121235
5.7159e-05
7.64082e-05
3.11785e-05
4.1477e-05
9.24128e-05
0.000111422
6.13638e-05
6.80078e-05
0.00119507
0.000103708
6.01147e-05
6.03654e-05
2.83448e-05
5.66432e-05
7.52858e-06
0.000103361
0.000121738
0.000109418
6.01291e-05
0.00011964
9.75516e-05
0.000100918
3.0572e-05
2.52233e-05
4.60802e-05
4.85217e-05
9.5959e-05
8.13934e-05
7.6382e-05
9.74652e-07
7.72116e-05
0.000102143
7.86984e-05
0.000143521
6.10434e-05
0.00014938
1.40231e-05
5.45436e-05
4.02946e-05
0.000129843
6.58112e-05
7.42726e-05
0.000161593
3.03494e-05
9.90969e-05
7.53742e-05
0.00012497
0.00014023
0.00011764
0.000146546
0.000101646
0.000125751
2.29556e-05
0.000170317
0.00014335
9.08871e-05
4.81242e-05
0.00010262
0.000124119
8.80448e-06
7.00329e-05
0.000101656
9.46797e-06
8.5593e-05
0.000173948
9.33178e-05
0.000167338
8.71477e-05
5.54714e-05
8.43163e-05
6.87506e-05
7.77545e-05
0.000119758
0.00012221
5.15558e-05
3.66235e-05
8.12918e-05
3.42649e-05
3.9175e-05
3.49423e-05
6.46378e-05
0.000123052
7.35217e-05
6.81844e-05
4.09113e-05
0.000113444
7.09941e-05
5.90497e-05
9.20635e-05
0.000106157
7.31213e-05
1.59544e-06
5.99273e-05
8.52812e-05
7.61453e-05
3.64655e-05
5.01297e-05
7.47584e-05
4.61762e-05
7.04317e-05
5.44939e-05
0.00010617
9.88926e-05
8.53403e-05
4.33029e-05
0.000114947
0.000125602
7.89667e-05
4.14811e-05
5.95502e-05
5.95917e-05
0.000128098
4.04494e-05
7.89705e-05
7.99876e-05
6.88226e-05
8.88855e-05
0.000158529
0.000160693
5.80331e-05
2.92364e-05
3.28926e-05
0.000121382
4.03568e-05
6.85441e-05
3.85861e-05
7.47096e-05
0.000113008
0.000105052
0.000106492
5.82702e-05
8.8386e-05
4.28023e-05
4.90124e-05
1.74563e-05
6.77494e-05
4.77367e-05
0.000107635
3.17812e-05
7.68431e-05
0.000158191
2.51963e-05
9.89428e-05
5.26289e-05
5.40471e-05
0.000121786
7.54492e-05
4.2699e-05
3.85848e-05
0.000123722
7.36988e-05
3.92268e-06
0.000104359
3.17732e-05
8.0465e-05
9.66454e-05
4.23971e-05
8.72664e-05
5.28275e-05
8.27388e-05
0.000132588
0.000558732
0.000147161
9.07413e-05
0.000113158
8.3491e-06
0.000159185
0.000128234
5.27666e-05
0.000100009
0.000116916
0.000101003
7.20241e-05
0.000140394
0.000115669
6.99307e-05
6.15447e-05
5.72339e-05
6.63137e-05
2.80752e-05
3.73956e-06
4.12856e-05
6.30552e-05
2.5777e-05
1.76508e-05
8.63617e-05
3.79806e-05
0.000106729
9.47923e-05
8.85978e-05
0.000129948
0.000104114
4.02347e-05
5.93283e-05
3.99898e-05
6.21782e-05
9.55136e-06
4.48346e-05
0.000136519
0.000127162
7.27131e-05
9.23941e-05
5.96656e-05
8.00255e-05
5.8768e-05
7.47447e-05
7.26631e-05
6.80548e-05
7.74544e-05
8.32332e-05
3.67736e-05
1.8061e-05
9.84601e-05
5.09923e-05
2.11663e-05
7.42132e-05
0.000114368
7.09402e-06
0.000111376
7.35149e-05
8.30326e-05
8.50887e-05
8.91524e-05
9.62721e-05
7.28356e-05
8.08733e-05
2.51352e-05
9.13544e-05
7.40724e-05
0.000129998
4.79966e-08
9.72504e-05
0.000101969
8.31287e-05
9.6421e-05
0.000113161
5.51527e-05
0.000129876
4.02069e-05
0.000108709
0.000130953
3.69517e-05
8.98591e-05
7.91947e-05
0.000163245
9.58015e-05
2.72292e-05
9.03593e-05
4.04923e-05
0.000120607
6.61433e-05
4.51303e-05
0.000171978
3.60884e-06
9.84668e-05
4.93839e-06
4.82251e-05
0.000139928
0.00101526
3.40717e-05
0.000182406
0.000112128
4.06623e-05
1.82488e-06
4.34236e-05
0.0001749
0.000104047
1.8966e-05
5.2003e-05
5.27713e-05
9.52674e-05
0.000120884
7.69939e-05
9.85257e-05
6.97012e-05
8.82055e-05
4.26093e-05
5.44063e-05
0.000102091
0.0001656
4.60798e-05
3.85839e-05
9.08965e-05
0.000160289
7.84298e-05
0.000133425
0.000101036
4.50261e-05
5.20735e-05
0.000112453
0.000127115
3.41515e-05
4.21023e-05
6.47718e-05
7.91247e-05
0.000114451
0.000137227
7.14155e-05
0.000101099
0.000134569
0.000141171
4.13506e-05
4.215e-05
0.000100454
7.02902e-05
8.39942e-05
0.000130861
4.96369e-05
0.000104836
0.000117687
0.000129599
4.78113e-05
3.66306e-05
0.00013738
4.81317e-05
6.22985e-05
0.000135051
0.000150436
8.49259e-05
0.000148231
5.31407e-05
0.000130455
0.000121364
9.59324e-05
5.60444e-05
5.24592e-05
5.77206e-05
3.69055e-05
3.40057e-05
0.000111
4.05103e-05
9.59109e-05
4.76441e-05
9.71311e-05
0.000150622
5.95684e-05
7.23613e-05
7.94826e-05
8.24785e-05
8.57744e-05
5.97622e-05
0.000118033
0.000148988
6.13138e-05
5.26785e-05
5.33695e-05
9.10444e-05
4.28246e-05
8.31023e-05
0.000108552
7.57716e-05
4.82695e-05
4.79317e-05
7.89079e-05
8.11166e-05
9.402e-05
0.000160013
3.46733e-05
5.61059e-05
5.18371e-05
0.000112423
1.22727e-05
7.85197e-05
3.47232e-06
0.000177256
0.000133854
8.26212e-05
0.000165791
0.000157776
2.07614e-05
1.31122e-05
6.84541e-05
3.32928e-05
7.79891e-05
5.66383e-05
0.000164342
4.22289e-05
7.90614e-05
7.94913e-05
6.1638e-06
3.88472e-05
9.1454e-05
0.000142852
3.0966e-05
8.09055e-05
8.24328e-05
3.91178e-05
0.000111178
9.1754e-05
3.99163e-06
3.72534e-05
4.27701e-05
0.000149957
5.10147e-05
5.6369e-05
0.000156076
0.000209057
0.000109274
0.000132711
7.18398e-05
9.25109e-05
6.85733e-05
1.27345e-05
0.000158431
6.61795e-05
0.000103381
0.000161597
8.754e-05
8.18013e-05
4.20189e-05
9.6543e-05
0.000176303
0.000133374
5.2944e-05
0.00011437
8.21986e-05
9.00571e-05
0.000112905
4.69261e-05
0.000106518
7.85932e-05
7.90539e-05
6.90892e-05
3.09354e-05
4.50664e-05
7.72862e-05
6.35154e-05
7.3847e-05
7.06636e-08
0.00014816
0.000109466
0.000156137
7.30295e-05
6.21879e-05
6.44173e-05
0.000110321
0.000124775
2.26409e-05
6.93546e-05
8.05144e-05
4.45653e-05
2.73947e-05
9.98841e-05
0.000161631
5.22238e-05
3.86203e-05
1.40669e-05
3.48054e-05
7.59402e-05
0.000143619
4.32732e-05
4.687e-05
4.07087e-05
3.60116e-06
0.000199632
0.000142279
4.08953e-05
0.000167755
7.45522e-05
4.27371e-05
5.22668e-05
0.000154248
5.17699e-05
6.92172e-05
7.92069e-05
6.63018e-05
0.000145369
0.000106903
4.75053e-05
0.00010606
0.00011924
0.000117777
3.33666e-05
0.000104925
0.000130949
0.000112053
2.89567e-06
3.31829e-05
9.60238e-05
5.05338e-05
0.000182365
4.64958e-05
7.59966e-05
5.38727e-05
9.36879e-05
4.92952e-05
9.17352e-05
4.27639e-05
2.82045e-05
0.000174604
0.000176319
7.46117e-05
8.14856e-07
6.96011e-05
4.46887e-05
0.000487364
3.34581e-06
0.000114841
0.000108435
8.23265e-05
8.21213e-05
6.39085e-05
7.03088e-05
0.000103231
7.5553e-05
0.000109151
0.000123068
7.11713e-05
0.000109505
3.18161e-06
3.22116e-05
6.48809e-05
0.00010066
0.000156252
0.000110477
6.34174e-05
7.01288e-05
7.71783e-05
5.03804e-05
2.27865e-05
8.07952e-05
6.27367e-05
7.99906e-05
3.90724e-05
0.000152602
5.3526e-05
7.50704e-05
6.18418e-05
8.25394e-05
5.09829e-06
5.69344e-05
0.000178116
7.3953e-06
4.55718e-05
3.69674e-05
0.000154457
6.75918e-05
6.97927e-05
4.16621e-06
6.43371e-05
8.90282e-05
8.00149e-05
9.99367e-05
9.86178e-05
0.000145301
4.99184e-05
5.71101e-05
4.86188e-05
0.000124275
6.65913e-05
9.63062e-05
6.44713e-05
8.13917e-05
4.60666e-06
0.000177216
1.74799e-05
0.000113424
1.48805e-05
5.07488e-05
6.81493e-05
0.000100564
2.47236e-05
0.000117994
5.29565e-05
7.81587e-05
5.47511e-05
8.65989e-05
2.95635e-05
3.9117e-05
4.86064e-05
8.42772e-05
0.000103151
7.81134e-05
6.84442e-05
6.81554e-05
4.8292e-05
8.97901e-05
8.59904e-05
9.20265e-05
5.17193e-05
0.000113027
0.000147201
3.05064e-05
0.000108499
3.34858e-05
0.000103477
0.000174353
2.00282e-06
4.0351e-05
7.73791e-05
5.44688e-05
6.73643e-05
3.549e-05
6.81792e-05
0.000104589
5.54359e-05
0.000100172
6.47436e-05
4.78177e-05
5.99374e-05
5.91275e-05
0.000147516
5.28674e-05
7.74357e-05
6.06335e-05
8.73617e-05
0.000153634
0.000182723
0.000116079
0.000134371
4.91119e-05
8.04659e-05
0.000116864
9.37459e-05
6.13596e-05
5.46324e-05
5.47399e-05
9.3747e-05
8.44601e-05
5.91181e-05
0.000147144
2.11321e-06
3.281e-05
0.000144811
8.76545e-05
0.00014857
9.05331e-05
0.000187661
0.000100756
4.4849e-05
7.10935e-05
0.000106738
9.5726e-05
1.36041e-05
0.000135485
5.88273e-05
0.000152941
5.29429e-05
5.32029e-05
0.000119771
0.000152298
4.43636e-05
4.09122e-05
6.71719e-05
7.50824e-05
0.000147278
4.64085e-05
3.17203e-05
6.83852e-05
8.65276e-05
6.16402e-05
9.55347e-05
0.000165393
6.36809e-05
0.000140022
7.61131e-05
0.000175381
6.57555e-05
5.79003e-05
9.9382e-05
8.34228e-05
0.000104576
6.99396e-05
0.000126757
3.89929e-06
0.000193667
8.80669e-05
1.13374e-05
0.000136342
6.86728e-05
0.000106499
8.22904e-05
5.79983e-06
7.00641e-05
0.000123047
0.000125593
8.33348e-05
0.000167347
9.53508e-05
0.000104849
3.54583e-08
6.36538e-05
7.90631e-05
3.09214e-05
6.95819e-05
5.23606e-05
0.000167366
5.79787e-05
5.38007e-05
0.000248381
3.67387e-05
5.30276e-05
0.000105454
5.63538e-05
5.97515e-05
3.13723e-05
0.000122258
0.000155926
6.50833e-05
0.000105235
2.36708e-05
5.05853e-05
4.20367e-05
0.000106537
0.000100819
4.86329e-05
0.000134249
0.00010946
0.000151756
0.000169148
7.6088e-05
0.000120202
6.07993e-05
0.000130272
5.95459e-05
3.96955e-06
0.000153981
6.5268e-05
5.63976e-05
5.81538e-05
4.85742e-05
0.000122992
0.000164128
5.31734e-05
0.000140886
9.5845e-05
6.84952e-06
3.6717e-05
2.95907e-05
7.46405e-05
8.18787e-05
7.82997e-05
0.000137512
8.47099e-05
0.000105318
0.000123408
0.000138964
0.000133397
0.000128737
0.000118908
0.000153709
0.000141355
0.000123064
0.000122897
7.19694e-05
1.85325e-06
4.68553e-05
8.3915e-05
5.37636e-05
9.28501e-05
3.76524e-05
3.70516e-05
4.84201e-05
6.44722e-05
8.20592e-05
9.69371e-05
8.51159e-05
7.83854e-05
1.51431e-05
3.02699e-05
0.00013934
0.000135042
8.39282e-05
0.000125584
7.85575e-05
7.30097e-05
7.78019e-05
0.000103842
0.000139209
5.69388e-05
4.47215e-05
9.47842e-05
3.94378e-05
0.000142642
3.5263e-05
6.13427e-05
4.87893e-05
0.00019593
2.61272e-05
5.56878e-05
8.39693e-05
0.000109173
8.39e-06
7.887e-05
3.65026e-05
8.50826e-05
3.38008e-05
4.4871e-05
6.05016e-05
6.63464e-06
7.49677e-05
0.00013529
5.34438e-05
8.84295e-05
6.45662e-05
6.1198e-05
0.000155675
1.93624e-05
4.23994e-05
0.000133186
3.13361e-05
9.98207e-05
0.000175298
0.000142633
6.51237e-05
8.63233e-06
4.73335e-05
7.31102e-05
9.23965e-05
7.3889e-05
4.9877e-05
6.06496e-05
9.65322e-05
4.63534e-05
9.98259e-05
2.12521e-05
6.09302e-05
7.59907e-05
0.000141182
0.000121289
2.95789e-05
9.55845e-05
7.87499e-05
4.60911e-05
7.64736e-05
5.16071e-05
3.28954e-05
7.95253e-05
0.000144195
6.82981e-05
8.8604e-05
6.42125e-05
8.26799e-05
2.36536e-05
4.75057e-05
0.000101192
6.98443e-05
7.47638e-05
3.65828e-05
0.000141212
0.000139477
0.000198993
5.17903e-05
0.000100859
2.7746e-05
0.000107782
0.000110998
0.000155183
5.92837e-05
8.50894e-05
6.53202e-05
5.6079e-05
0.000120617
2.56158e-05
2.05511e-05
7.87516e-05
0.000120858
6.82088e-05
5.76375e-05
5.12711e-05
3.79681e-06
0.000126996
0.000186317
4.71385e-05
7.53156e-05
2.9219e-05
6.07632e-05
0.000107486
0.000176395
7.55383e-05
8.58143e-05
5.56302e-05
0.00011279
0.000189953
8.40807e-05
0.000110215
0.000119241
7.6412e-05
5.71048e-05
5.67875e-05
1.74776e-05
6.62963e-05
5.33614e-05
9.54173e-05
1.09011e-05
7.86191e-05
0.000148639
5.25439e-05
6.68384e-05
6.10444e-05
0.000161435
4.5267e-05
7.19452e-06
0.000155405
6.66949e-06
4.12278e-05
5.05088e-05
1.51377e-05
0.000155624
0.000160718
6.86434e-05
0.000116265
7.72947e-05
0.000112365
2.22315e-05
3.1678e-05
0.000169456
3.43424e-05
0.00010031
0.000136596
8.36041e-05
3.33919e-05
9.28775e-05
8.40805e-05
0.000124724
5.90739e-05
0.000144104
2.93382e-05
5.28953e-05
0.000104413
5.09436e-05
0.000185278
7.37477e-05
0.000165799
1.12947e-05
0.00012782
8.83091e-05
4.70529e-05
0.000134632
3.69557e-05
5.12506e-05
8.14038e-05
5.69783e-05
5.52915e-05
3.48698e-05
5.62662e-05
6.05413e-05
3.66484e-05
7.48233e-05
4.99499e-06
6.01419e-05
0.000119202
2.72023e-05
5.33543e-05
6.40105e-05
0.000110786
0.000163197
0.000107743
0.000153379
0.000125196
6.12189e-05
2.92791e-05
3.11833e-05
6.74272e-05
5.54828e-05
9.82672e-05
0.000170575
0.000134922
7.9934e-05
8.33776e-05
5.33013e-06
3.96854e-05
0.000111882
2.81485e-05
9.64934e-05
0.000149651
8.0434e-05
7.07203e-05
8.27257e-05
6.9316e-05
4.95751e-05
6.4693e-05
0.000161615
8.05218e-05
7.1228e-05
0.000131523
0.00018569
6.00357e-05
0.000132033
5.31763e-05
0.000173807
5.51863e-05
0.00018165
4.28597e-05
4.18357e-06
0.000113265
2.72048e-05
0.000142701
6.60846e-06
6.72156e-05
0.000147661
4.72964e-06
7.91341e-05
4.22036e-06
9.01635e-05
2.80792e-05
6.22202e-05
5.09609e-05
0.000130193
0.000163761
7.42192e-05
8.98857e-05
0.000115378
0.000108605
0.00013843
8.58128e-05
5.9293e-05
0.000158921
2.56584e-05
3.29086e-05
8.25863e-05
5.39534e-05
0.000131051
3.19529e-05
6.23892e-05
8.66089e-05
0.000178057
0.000120763
3.5004e-05
8.08317e-05
0.000168648
7.17055e-05
3.49289e-05
4.87451e-05
7.65599e-05
8.21815e-05
0.000128194
0.000148433
7.51829e-05
0.000140992
0.000141197
7.83037e-05
4.26716e-05
8.26201e-05
8.07871e-05
3.31042e-05
0.000100068
5.90578e-05
5.75065e-05
6.11493e-06
0.000115863
6.23206e-05
7.1237e-05
4.13636e-05
2.82541e-05
6.29471e-05
1.56753e-05
2.90324e-05
0.000121761
7.99182e-05
8.77422e-05
8.58449e-05
0.000153093
7.82687e-05
8.26397e-05
3.52587e-05
0.000104449
0.000111018
3.28009e-05
4.86639e-05
0.000163909
8.04349e-05
6.37538e-05
0.000133872
0.00019733
9.43437e-05
7.9299e-05
8.76965e-05
4.21492e-05
2.05737e-05
0.000139749
3.6716e-05
3.17066e-06
0.000104626
6.21027e-05
0.00012446
0.000186803
3.95616e-05
6.40876e-05
0.000161186
0.000162834
8.20675e-05
8.98847e-05
1.85128e-06
5.53451e-05
7.34938e-05
0.000162786
3.72831e-05
5.85183e-05
8.76544e-05
0.000125472
0.000180971
5.09729e-05
6.169e-05
2.23262e-05
1.35027e-05
7.30398e-05
3.54114e-05
6.0846e-05
0.000155249
3.33582e-05
5.71259e-05
6.12174e-05
5.14279e-05
0.000165005
4.88481e-05
0.000356552
5.26829e-05
6.37271e-05
9.89639e-05
0.000103828
3.62046e-05
3.35553e-05
5.24079e-05
3.82439e-05
1.11545e-05
3.40057e-05
0.000179776
5.47784e-05
0.00016709
9.52114e-05
0.00012574
3.96163e-05
0.0001554
5.62018e-06
0.000128983
2.37022e-06
6.47759e-05
7.39513e-05
5.94912e-05
9.29259e-05
7.15783e-05
9.34473e-05
7.68087e-05
6.6909e-05
1.04106e-06
0.000180138
9.81739e-05
0.000106799
7.59407e-05
5.34518e-05
2.91329e-05
0.000106729
0.000186573
1.59916e-05
2.91053e-05
6.65074e-05
6.31253e-05
0.000139583
7.32238e-05
0.000149961
5.52468e-05
8.26524e-05
2.92245e-05
7.05852e-06
0.000192509
8.36611e-05
4.6631e-05
9.33596e-05
8.96491e-05
0.000104891
4.66267e-05
0.000118361
3.2132e-05
9.3025e-05
3.23246e-05
0.000109781
0.000122492
7.9647e-05
9.34463e-05
3.51281e-05
0.0013155
0.000148865
0.000156285
6.18978e-05
0.0001317
4.05798e-06
0.000158885
7.06794e-05
5.28576e-05
7.57686e-05
4.09781e-05
4.67274e-05
3.10755e-05
9.42867e-05
7.4649e-05
6.95799e-05
0.000163312
7.48557e-05
0.00012285
0.00013217
0.000112106
0.000151276
0.00013308
2.0373e-06
5.62216e-05
3.05338e-05
5.21143e-05
2.64585e-05
4.75089e-05
0.000134741
9.41536e-05
4.79664e-05
5.1564e-06
7.11409e-05
8.82497e-05
3.57304e-05
6.55132e-05
2.1001e-05
6.32437e-05
3.17018e-05
4.20152e-05
0.000126289
9.05993e-06
5.44931e-05
2.79119e-06
0.000153591
3.64866e-05
4.21151e-05
2.86097e-05
9.09174e-05
6.60475e-05
0.000102098
0.000201106
0.00014836
0.000181291
0.000392455
9.06044e-05
0.000101718
0.000108869
3.57675e-05
5.19804e-05
0.000152357
0.00014422
4.56853e-05
6.42881e-05
4.21393e-05
8.2596e-05
0.000138241
0.000106945
0.000138733
6.02978e-05
0.000133605
6.08788e-06
8.0618e-05
0.000138698
0.000145649
3.55795e-05
0.000140911
0.000150448
9.04031e-05
0.000110964
8.68054e-05
0.000109024
0.000143495
6.85172e-05
0.000119917
7.60174e-05
8.57182e-07
0.000118282
6.35408e-05
0.000114307
3.03247e-05
0.000171009
7.31061e-05
9.73297e-05
7.82887e-05
5.33814e-05
0.000107652
3.90552e-05
6.82173e-05
3.22499e-05
9.55226e-05
7.39926e-05
4.03951e-05
6.90614e-05
5.95237e-05
8.06986e-05
0.000181297
8.24163e-05
0.000201924
6.97921e-05
5.2596e-05
9.40437e-05
0.000122674
3.24847e-05
9.50971e-05
0.000127868
0.000107563
9.35803e-05
3.37083e-05
6.04923e-05
9.56341e-05
2.13943e-05
0.000122436
4.53236e-06
3.48274e-05
3.07425e-05
8.60073e-05
9.06634e-06
0.000101903
5.80487e-06
0.000138396
9.28151e-05
0.000161993
4.96743e-05
8.17575e-05
0.000103755
4.30419e-06
0.000132407
7.2989e-05
4.6192e-06
8.07775e-05
4.16014e-05
5.69132e-06
5.02402e-05
0.000121779
0.000104302
0.000137924
7.19645e-05
7.54462e-05
2.38605e-05
0.000143984
8.14504e-05
8.82626e-05
6.27709e-05
0.000127073
0.000195431
5.12529e-05
0.000140148
6.27314e-05
6.86553e-05
9.02665e-05
9.90596e-05
5.33927e-05
0.00011414
3.48342e-05
0.000179621
8.27024e-05
1.87816e-10
0.000186351
3.57821e-05
5.79305e-05
0.000117845
0.000100203
4.34974e-05
5.07119e-05
3.91556e-05
3.36736e-05
9.18333e-05
0.000180118
7.45171e-05
5.59058e-05
0.000138638
0.000112367
2.9798e-05
0.00013989
7.06817e-05
7.73374e-05
4.28007e-05
9.10473e-05
0.000155084
0.000131307
6.53199e-05
3.91487e-05
4.91129e-05
7.55605e-05
0.000126301
8.26211e-05
0.000100646
0.000146239
4.91055e-05
5.13532e-05
3.86885e-05
5.30085e-05
0.000141921
8.05738e-05
7.40847e-05
0.000106553
0.000145289
7.14856e-05
0.000106677
0.000119313
7.53159e-06
5.83811e-05
7.1748e-05
3.73019e-05
4.55525e-06
0.000770538
0.000117288
0.000141013
3.02218e-05
6.35732e-05
0.000110942
6.79152e-05
5.54799e-05
0.000144389
4.22231e-06
7.40546e-05
3.88708e-06
3.01514e-06
8.44609e-05
4.53711e-05
0.000140375
4.55118e-05
0.00010597
6.81811e-05
0.00015234
0.000169767
3.8716e-06
8.18384e-05
3.82508e-06
4.14527e-05
4.04202e-06
0.000623788
9.36609e-05
9.20215e-05
0.000120695
8.00991e-05
2.9431e-05
4.51596e-05
7.28667e-05
6.41331e-05
0.000131016
0.00015809
8.04972e-05
1.45808e-05
6.19043e-05
4.52847e-05
2.27625e-05
0.000102039
3.03612e-05
0.00010638
6.68066e-05
3.8987e-05
3.1492e-05
0.000119323
4.36535e-06
4.13849e-05
8.90474e-05
4.41429e-05
8.64779e-05
8.03488e-05
5.38816e-05
0.000109411
5.74182e-05
2.35667e-05
7.33316e-05
7.21581e-05
8.62298e-05
3.6545e-06
3.99485e-05
6.37688e-05
8.33456e-05
6.93528e-05
8.9907e-07
0.000144815
0.000156576
5.68326e-05
0.000105047
9.34419e-05
9.10617e-05
3.12513e-05
5.13084e-05
0.000181971
9.10695e-05
3.69856e-05
4.47336e-05
5.88642e-05
3.04836e-05
0.000120087
0.000143346
3.87431e-05
3.61093e-05
6.71694e-05
0.000100371
7.88801e-05
9.96027e-05
0.000119182
4.11756e-06
8.58541e-05
3.60634e-06
1.39456e-05
0.000147651
7.73479e-05
0.000150701
0.000130486
8.20403e-05
4.60513e-05
0.000526579
9.36712e-05
4.02069e-05
3.92292e-05
0.000124408
5.67263e-05
0.000157561
4.81409e-06
8.99083e-05
4.77888e-05
2.66709e-05
3.21024e-05
0.000105137
0.000165707
4.53256e-05
6.78217e-05
0.000101553
2.52199e-05
6.77662e-05
9.0824e-06
6.45268e-05
9.31575e-05
0.000151647
6.0294e-05
0.000165534
2.60473e-05
9.57484e-05
8.04697e-05
0.000150075
0.000148486
4.76117e-06
7.57854e-05
8.82761e-05
0.000128609
0.000112613
4.6879e-05
7.40896e-05
0.000143873
2.93271e-05
6.78478e-05
5.03686e-05
2.56045e-05
0.00010491
0.000121757
0.000126025
0.000111573
0.000128028
3.99529e-05
8.98286e-05
7.99931e-05
6.89846e-05
0.000136909
0.000113014
7.27097e-05
0.000105902
0.000121945
8.83542e-05
0.000138976
0.000171244
7.01346e-05
7.44543e-05
9.92682e-05
0.000149605
0.00013577
5.55248e-05
3.84404e-06
0.000160756
9.10452e-05
7.07372e-05
7.44053e-05
0.000107233
0.000139853
3.1589e-05
4.69163e-06
0.000193735
0.000105478
0.000129241
5.68349e-05
8.98838e-05
0.000129253
5.74436e-06
0.000161049
9.35035e-05
9.76416e-05
6.93667e-05
0.000121076
3.63678e-05
3.10937e-05
9.77085e-05
2.99316e-05
8.88745e-05
0.000125794
2.72595e-06
5.93364e-05
3.09425e-05
1.17486e-05
2.78573e-05
9.00826e-05
5.50909e-05
0.000127494
6.14325e-05
0.000134311
7.7952e-05
4.82705e-05
3.35418e-05
8.99298e-05
7.83778e-05
7.31294e-05
0.000122737
8.18055e-05
6.65735e-06
7.54112e-06
4.61117e-06
0.000156918
8.49394e-05
7.90321e-05
9.66353e-05
0.000123266
0.000112008
8.40855e-05
5.58068e-06
0.000107923
5.31174e-06
7.98347e-05
0.000119351
8.34016e-05
1.62305e-05
0.000499114
0.000144879
4.50416e-05
0.000157702
8.38081e-05
0.000131846
0.000152804
2.11392e-05
7.8248e-05
7.59279e-05
8.42957e-05
0.000136452
0.000135578
6.99035e-05
3.84336e-05
0.000164166
8.29599e-06
3.26204e-05
0.000134969
5.48696e-05
3.2035e-05
3.86642e-05
7.25122e-06
2.18738e-05
4.07493e-05
1.04009e-05
0.00012123
0.000135133
9.4999e-05
9.56428e-05
7.23805e-05
6.23292e-05
8.04307e-05
4.40011e-06
0.000102494
7.44731e-05
7.6956e-05
8.40014e-05
3.86453e-05
0.000131597
0.000120804
4.23598e-05
7.34881e-05
0.000183393
5.82943e-05
9.52553e-05
4.86191e-05
0.00106973
7.09745e-05
0.000154658
5.29212e-05
9.65043e-05
0.00089999
3.3256e-05
0.000733255
9.955e-05
7.66802e-05
8.79342e-05
0.000673346
0.00010517
3.35153e-05
7.36417e-05
0.000104875
5.74744e-05
8.36225e-05
8.62724e-05
0.000104125
3.04582e-05
6.46801e-05
2.45462e-05
1.69437e-05
4.11182e-06
0.000152609
9.41657e-05
0.000140416
0.000159262
3.22651e-05
6.66947e-06
5.43392e-05
7.29815e-05
0.000113692
1.93253e-05
7.0404e-05
0.000115931
0.000947399
4.28147e-06
6.34142e-05
6.94444e-06
0.00015624
2.75403e-05
6.39985e-05
6.68336e-05
0.000107086
2.28947e-05
3.73881e-05
2.56886e-05
3.09909e-05
0.000113307
2.70646e-05
8.84524e-05
3.53622e-05
0.000175966
9.66929e-06
8.40436e-05
5.29002e-05
0.000160141
0.000155526
1.6156e-05
4.46945e-06
8.33229e-05
8.03272e-06
1.6317e-05
3.73493e-06
0.000136174
0.000150446
8.35868e-05
9.5364e-05
0.000179967
5.41559e-05
8.29941e-05
4.80975e-05
8.65821e-05
3.36453e-05
8.48423e-06
8.53671e-07
0.000108957
8.56035e-05
0.000147503
0.000112915
5.5277e-05
0.000149906
0.000567945
0.000152369
8.56986e-06
6.474e-06
3.20642e-05
4.82674e-05
7.27816e-05
4.73192e-06
7.83363e-05
5.83965e-05
0.000101548
2.92535e-05
5.23935e-05
4.79652e-05
2.04933e-05
3.32464e-05
6.25139e-06
0.000102158
8.81674e-05
0.000544606
2.96583e-05
5.93177e-05
4.38319e-05
7.99131e-05
0.000179288
0.000112118
0.000110743
0.000106139
4.32268e-05
1.09044e-05
3.52021e-05
3.33882e-05
6.13307e-05
0.000104575
0.000151192
7.39162e-05
5.04696e-06
0.000105853
7.66834e-05
0.000185858
0.000112829
0.000104448
0.000142921
0.000142719
0.000130864
0.000143695
0.000148911
6.66333e-05
2.40203e-05
8.97698e-05
2.86294e-05
3.29999e-05
3.73115e-05
0.000143245
7.41617e-05
0.000102258
4.7446e-05
7.88995e-05
6.54834e-05
9.2178e-08
5.06644e-05
6.97356e-05
5.05001e-06
9.03229e-05
1.37166e-05
6.54291e-06
9.17234e-05
1.03717e-05
3.3798e-05
3.4345e-05
6.8471e-05
0.000169718
9.71393e-05
7.25225e-05
0.000118727
5.48447e-05
2.06124e-06
6.58905e-05
0.000136615
1.83956e-05
9.18778e-05
7.24492e-05
5.12791e-05
5.47973e-05
8.95027e-06
9.00625e-05
0.000161928
0.000164184
7.42018e-05
0.000131817
4.51355e-05
1.91616e-05
4.6051e-06
3.54066e-05
4.07042e-05
0.000104071
0.000117516
0.000156218
7.31634e-05
0.000141421
2.95157e-05
0.000106304
8.36375e-05
0.000136435
0.000150293
7.7629e-05
1.79045e-05
3.88006e-10
7.72088e-05
7.20798e-05
3.32469e-05
8.78888e-05
0.000187458
4.80881e-06
7.83318e-05
7.73142e-05
0.000104764
0.00101669
7.95049e-05
7.82574e-06
9.14265e-05
9.75012e-05
7.14834e-05
0.00011496
1.5178e-05
0.000132301
7.63113e-05
1.56384e-05
4.16273e-05
7.88683e-05
2.04603e-05
5.73821e-05
0.00014282
3.61742e-05
0.000162859
0.000142265
3.6614e-05
0.000133021
1.71168e-05
4.94955e-06
1.22391e-05
2.62139e-05
6.66231e-06
6.40071e-06
7.14826e-05
0.000130616
9.28827e-05
2.50227e-05
7.25838e-05
8.9701e-05
7.92548e-05
0.000102931
3.56371e-05
5.52002e-05
0.000171801
9.26963e-05
5.20586e-06
9.29589e-05
4.59969e-06
5.15061e-05
5.67389e-06
8.39734e-05
0.000103896
6.93791e-06
8.43713e-06
2.20687e-05
4.81595e-05
0.000140827
5.05405e-05
1.13703e-05
4.32229e-05
0.000152086
0.000224461
6.25887e-05
0.000117043
9.64566e-05
6.36018e-05
0.000145196
4.48684e-05
1.0364e-05
7.57382e-05
1.62994e-05
0.000174305
5.9184e-05
6.14745e-05
2.89127e-05
0.000138875
5.36405e-06
1.46509e-05
8.799e-05
1.10306e-05
1.21226e-05
8.06589e-05
2.88038e-05
0.000158218
7.06895e-05
6.32523e-06
7.68185e-05
0.000105213
0.00015843
7.15474e-06
5.74614e-05
6.59824e-05
5.55259e-06
7.44877e-05
7.272e-05
1.25248e-05
0.000102898
0.00017384
1.44672e-05
4.16106e-05
4.62478e-06
1.33585e-05
0.000121372
3.26921e-05
5.83594e-06
5.74482e-05
4.23509e-05
6.262e-06
5.92071e-06
0.000105767
6.42157e-05
7.63287e-05
4.5701e-05
7.64851e-05
3.19335e-06
0.000119468
0.000161464
3.5867e-05
9.36065e-05
4.95071e-06
9.69391e-05
3.62237e-06
5.75957e-06
2.78728e-05
9.30679e-05
0.000130193
6.87124e-05
6.74582e-06
2.27643e-05
7.00494e-06
6.48959e-05
3.92565e-06
0.000122279
6.06492e-06
0.000105329
7.87678e-05
0.000110443
5.2969e-05
9.20264e-05
3.19311e-05
9.12561e-05
0.000100288
2.9127e-06
0.000138355
3.52876e-05
0.000160786
8.46501e-06
0.000116598
0.000137258
7.92023e-05
9.94079e-05
3.71235e-06
8.73006e-06
3.60829e-05
0.000101467
6.79995e-05
1.44554e-05
2.4982e-06
0.000108728
8.9965e-05
0.000145903
3.23907e-05
2.52143e-05
7.40083e-05
5.04109e-05
3.0645e-06
0.000149083
7.91543e-05
7.23124e-06
6.18941e-06
1.14892e-05
6.97563e-06
6.69931e-05
7.76946e-05
0.000147268
0.000115289
9.55703e-05
6.64448e-05
3.9772e-06
7.65202e-05
9.39028e-05
9.35782e-05
1.91772e-05
4.32425e-06
1.03962e-05
8.15752e-06
6.24376e-06
7.41286e-05
0.000150654
2.99949e-05
3.11153e-05
6.46605e-06
0.000149831
6.89744e-06
0.000108895
0.000169011
4.97502e-05
5.30288e-05
6.502e-06
0.000110782
2.40836e-05
0.000174191
7.41284e-06
0.000110751
7.05261e-05
0.000140202
0.000127349
7.61017e-06
8.27866e-05
1.02833e-05
6.77043e-06
5.17288e-05
7.46827e-05
4.69119e-05
4.19075e-05
6.0564e-05
5.85661e-05
2.81943e-05
5.04974e-05
0.000151594
8.8586e-05
2.80023e-05
0.000104292
8.3229e-05
0.000151786
4.7924e-05
2.63858e-05
1.08167e-05
7.32701e-06
6.82018e-06
6.7219e-06
4.32483e-05
9.90076e-06
7.43783e-08
6.56182e-05
0.000134758
6.9927e-05
0.000128753
0.00105001
0.000131311
0.00107623
6.40245e-05
4.86637e-05
9.64801e-06
0.00010474
0.000109477
8.03167e-06
8.98594e-06
8.25709e-05
6.78953e-05
4.10606e-05
8.34273e-06
4.42451e-05
7.69467e-06
1.47366e-05
0.000184197
6.07406e-05
7.11268e-05
0.000127233
9.70149e-05
1.28597e-05
4.08558e-05
9.10835e-06
0.000163053
0.000137922
8.70921e-05
7.51208e-05
0.000103473
9.74165e-05
8.8782e-06
4.93171e-06
3.19062e-05
3.13251e-05
0.00011244
0.000106804
8.69797e-06
2.09968e-05
0.000177477
1.67747e-05
0.000168679
7.27421e-05
1.19556e-05
7.02712e-05
5.58101e-06
9.54947e-06
0.000120069
0.00016512
6.66071e-05
8.79871e-06
7.86332e-05
7.67981e-05
0.000138421
8.78214e-05
9.10353e-05
6.53233e-06
0.000135426
1.15295e-05
0.000117554
9.36408e-06
0.000100026
5.06888e-05
1.61902e-05
0.000119684
3.39023e-05
0.00010144
5.66621e-05
0.000151703
0.000153852
1.93595e-05
9.30313e-05
3.51327e-05
2.98871e-05
0.000111896
8.87704e-05
2.23773e-05
1.05626e-05
5.1959e-06
8.98112e-05
5.12895e-06
5.80296e-05
6.11213e-06
9.82852e-05
4.72574e-06
6.1385e-06
5.43963e-06
8.20727e-05
2.31977e-05
6.6591e-05
6.05148e-05
5.37119e-06
6.53277e-06
3.24332e-05
1.0214e-05
0.00010878
6.49045e-06
2.02124e-05
0.000181398
7.08446e-05
4.63189e-05
4.85591e-05
8.6588e-05
5.03168e-05
3.11577e-05
9.15017e-05
0.000161008
0.000155598
0.000160677
2.36829e-05
4.47452e-05
5.48652e-05
3.9401e-05
0.00010909
1.00845e-05
5.66803e-05
7.38503e-05
0.000109267
4.85104e-05
0.000165741
2.18815e-05
1.15101e-05
1.1114e-05
5.49693e-06
4.01985e-05
8.09321e-05
9.92507e-06
0.000111794
1.28334e-05
3.25929e-05
0.000162427
0.000154292
6.55557e-05
5.64537e-06
0.000150416
9.25431e-06
7.41507e-05
5.65932e-05
4.87154e-05
1.91828e-06
1.30389e-05
9.73613e-05
4.47551e-05
5.07873e-05
1.39198e-05
1.71556e-05
0.000126898
0.000114036
1.77365e-05
5.8137e-05
0.000160226
3.31097e-06
7.09527e-05
9.51592e-05
4.36879e-05
9.86598e-05
4.66865e-05
1.64969e-05
5.82551e-06
0.000171252
8.84395e-05
6.14071e-05
6.84413e-06
6.05182e-06
0.000111174
0.000155796
8.59016e-06
2.30592e-05
6.09287e-06
9.51501e-05
0.000157737
8.5644e-05
7.99088e-05
0.000169569
7.30105e-05
0.000102501
0.000149446
2.48213e-05
5.55633e-05
9.27996e-05
7.08019e-05
7.31768e-05
8.82834e-05
0.000130131
6.22111e-05
5.94996e-06
0.000107865
5.91587e-05
5.08851e-05
7.08212e-05
9.42173e-05
0.000160263
0.00113581
7.85798e-05
0.000104974
9.53828e-06
7.3901e-05
5.67607e-06
2.68242e-05
1.89137e-06
3.80957e-06
3.24576e-05
0.00016052
2.54198e-05
6.354e-06
0.000142146
6.00666e-06
9.94892e-05
4.09543e-05
0.000112284
0.000115825
6.04756e-06
6.08459e-05
6.67933e-06
7.26171e-05
0.000130217
7.39499e-05
6.4876e-05
8.7433e-05
1.955e-05
5.08225e-05
5.02759e-05
6.57992e-06
0.000114136
4.27599e-05
7.47664e-06
8.13713e-05
0.000115355
0.000188604
5.52068e-05
0.000122814
6.9013e-06
8.03908e-05
6.53707e-06
0.000117049
0.000156455
6.66034e-06
9.4583e-05
5.63977e-05
7.6131e-05
0.000103133
9.16288e-05
2.11641e-05
0.000918215
7.21117e-05
8.44254e-06
0.000145474
4.08153e-05
7.07073e-06
7.05633e-06
0.000120072
6.85137e-05
8.1547e-05
0.00017097
9.15376e-05
4.81574e-05
7.37265e-05
0.000113658
0.00052456
3.96234e-06
6.76453e-05
8.01163e-06
7.75317e-05
7.44529e-06
1.66867e-05
7.46991e-06
7.28456e-06
5.67728e-05
0.000111827
0.000173676
6.5359e-05
0.000155204
6.88692e-06
9.45444e-05
7.92807e-06
4.99155e-05
6.81546e-06
2.89036e-05
6.89864e-05
9.8976e-05
0.000682345
8.69253e-05
7.7577e-05
5.32324e-05
8.85621e-06
6.66e-06
0.000114382
5.04554e-05
9.2424e-05
8.09735e-05
7.7017e-06
3.91907e-05
3.13517e-05
9.62396e-05
4.27796e-05
6.83126e-05
8.32552e-05
9.35017e-05
0.000133634
0.000210409
7.21414e-05
5.19021e-06
8.5991e-05
8.46335e-06
0.000154462
7.42462e-05
8.46102e-06
6.806e-06
4.886e-05
8.39998e-06
8.1215e-06
5.131e-06
2.07061e-05
0.000168602
2.82871e-05
7.22097e-06
5.96119e-05
3.8062e-05
0.000116675
6.12172e-06
0.000103896
2.23611e-05
0.00010595
0.000152561
0.00138105
9.76672e-05
0.000120741
8.73611e-05
3.21157e-05
1.52958e-05
0.000138159
5.88955e-05
6.45626e-05
8.24467e-05
6.49331e-06
7.99209e-05
0.00114696
8.82564e-06
9.44931e-05
0.000158682
7.1105e-05
6.4103e-06
6.47108e-05
4.11839e-05
7.41885e-05
1.89705e-05
4.74732e-06
6.23018e-05
9.64701e-05
8.59364e-06
9.51782e-06
0.00016731
7.80944e-05
6.27468e-05
5.81732e-05
1.71327e-05
8.49883e-05
7.18506e-05
8.22482e-05
3.42971e-05
5.53308e-05
0.000186351
3.05026e-05
6.58616e-06
6.77344e-06
1.0933e-05
1.03833e-05
0.000112416
0.000131385
4.95374e-06
0.000106304
1.31236e-06
8.49351e-05
4.40425e-06
0.000103225
7.77637e-05
9.35731e-05
1.48584e-05
7.00455e-05
0.000151625
1.17724e-05
1.74875e-05
4.02149e-05
1.87998e-05
0.00015699
1.42322e-05
0.000105977
1.42297e-05
6.41381e-06
7.74777e-05
1.31104e-05
0.000129185
7.59399e-05
7.15432e-05
0.000138554
0.000124557
0.000136746
3.06099e-05
7.95541e-05
1.59837e-05
8.77654e-05
0.000181435
4.84578e-05
4.67718e-05
1.49338e-05
0.000105429
1.31394e-05
4.9431e-05
1.31179e-05
6.76027e-06
8.22188e-05
8.14912e-05
7.91433e-05
8.38378e-08
0.000101244
4.66846e-05
0.000110455
0.00015535
5.41978e-05
6.02565e-05
5.34016e-05
0.000117938
0.000125982
6.00061e-05
0.000287403
8.11118e-05
0.0119005
1.44173e-05
0.00350374
9.24847e-05
4.51818e-05
0.000101748
6.24956e-06
2.17575e-06
5.94729e-05
4.12118e-05
6.76592e-06
3.04627e-05
6.4267e-06
0.000165494
7.39089e-05
1.01151e-06
0.000108147
5.03524e-05
0.000107191
8.03812e-05
8.32322e-05
3.4228e-05
0.000106992
4.69189e-05
5.97755e-05
6.0674e-06
0.000107391
9.95231e-05
6.93754e-05
9.48391e-05
8.09758e-05
3.15218e-05
6.2516e-05
8.90209e-05
0.000100097
6.28352e-05
2.82359e-05
0.000102122
0.000149998
4.73113e-05
9.60309e-05
7.26791e-05
1.56458e-05
2.80731e-05
0.000102735
7.65859e-05
7.03352e-05
4.86771e-05
0.000136368
0.00014054
3.20076e-05
7.70205e-05
3.78025e-05
3.67464e-05
4.71173e-06
6.58967e-05
4.17032e-05
0.000170161
9.17412e-07
6.32505e-05
8.68373e-05
9.87382e-05
9.35178e-05
4.00031e-05
3.4204e-05
4.79213e-05
4.39499e-05
7.2865e-05
0.000106293
0.000103407
0.000117536
0.00011461
3.09462e-05
4.55473e-06
8.76868e-05
5.97768e-05
2.94209e-05
8.21555e-05
9.0041e-05
0.000238644
5.19854e-05
0.000101553
5.26932e-05
3.10383e-05
5.3273e-06
6.08399e-05
0.000162755
0.000134818
8.03654e-06
6.0093e-05
0.000115179
0.00344211
9.85473e-05
0.000103173
9.35731e-05
0.000172947
7.88448e-05
4.91256e-05
4.42882e-05
8.16691e-05
0.000513903
5.91173e-06
0.000151939
0.000463392
6.03538e-05
0.000171881
4.9407e-05
9.40169e-05
3.05156e-05
7.24696e-05
6.10613e-05
4.76454e-05
0.000120983
7.41713e-05
4.36612e-05
0.000173831
1.30427e-05
0.00017096
0.000133047
6.64376e-06
1.92434e-05
0.000146026
7.79784e-05
8.09831e-05
1.44744e-05
2.98803e-05
2.54746e-05
0.000188693
0.000108222
0.000152922
8.62327e-05
4.68789e-05
0.000362104
0.000175494
2.76938e-05
4.21145e-05
7.42929e-05
9.79539e-05
4.84957e-05
4.40661e-05
0.000165127
8.24738e-05
0.00068493
0.000183588
1.73891e-06
2.94501e-05
1.89789e-05
7.61188e-05
0.000164015
0.000144736
6.10773e-06
6.83302e-06
5.15898e-05
9.97845e-05
0.000157143
0.000143004
0.000167858
5.75973e-05
6.80686e-06
8.17543e-05
9.05743e-05
2.2999e-05
3.10115e-05
0.000102141
2.92832e-05
7.77083e-05
7.07019e-05
0.000103958
9.601e-06
1.22976e-05
3.62418e-05
9.67928e-05
2.99957e-05
0.000252214
7.15293e-06
0.000162622
5.20495e-05
3.4768e-05
4.1795e-06
0.000176992
2.64208e-05
9.72581e-05
0.000157278
6.7997e-06
8.13174e-05
3.08106e-05
0.000106749
7.2148e-05
7.89565e-05
2.79146e-05
7.59959e-05
9.59602e-05
0.000118846
6.70004e-05
0.000114914
9.21579e-05
2.44623e-05
8.60552e-05
8.81442e-05
7.4522e-05
0.000106828
6.7978e-05
0.000140801
0.000147964
0.000121263
0.000144478
0.000112243
0.000123915
0.000106166
0.000149681
4.14149e-06
3.77123e-06
6.05927e-05
9.34356e-05
6.69911e-05
3.28064e-05
0.000175283
8.6904e-05
7.72004e-05
4.66525e-05
0.000170575
3.4031e-05
7.64393e-05
0.000175001
6.04512e-06
6.2287e-05
8.32036e-08
7.38906e-05
0.000125609
3.766e-05
1.88652e-05
2.11781e-06
5.67387e-05
9.43752e-05
8.66143e-06
8.29963e-05
3.0999e-05
0.000158684
1.79874e-05
5.8037e-05
7.80126e-05
4.14756e-05
4.64513e-05
4.5408e-05
3.06754e-05
4.39548e-05
6.42412e-05
2.57683e-05
7.97045e-05
6.04799e-06
9.69025e-05
8.54029e-05
0.00015648
0.000129551
1.50237e-05
3.65406e-05
0.000676359
9.20011e-05
6.28589e-05
7.26187e-05
8.66019e-05
0.000152228
9.47037e-05
6.97858e-06
7.97197e-05
0.000147153
2.96314e-05
5.94411e-06
3.26998e-05
4.50415e-05
6.40683e-05
8.13259e-05
3.15508e-05
6.53562e-06
2.1421e-05
6.82756e-05
6.14568e-06
7.50303e-05
5.18462e-05
0.000159832
4.72843e-05
0.000131309
5.03974e-05
0.000163676
5.17352e-05
2.89195e-05
0.000170449
0.000263203
5.22183e-05
0.000127293
0.000156675
0.000108282
8.96016e-05
0.000105729
0.000150492
1.69947e-05
1.3319e-06
4.0823e-05
0.000230191
0.000120773
0.000176732
0.000109231
7.51489e-05
9.75604e-05
7.14921e-05
3.55542e-05
0.000157893
5.04499e-05
4.14182e-05
8.13661e-05
9.64474e-05
6.08901e-05
0.000133963
0.000103028
7.51601e-05
5.8708e-05
0.000110932
0.00016506
4.09493e-05
3.95258e-05
5.81461e-05
6.03748e-05
1.11863e-05
0.000115988
4.6352e-05
9.29861e-05
0.000120114
4.84349e-05
0.000109804
4.91948e-05
5.71687e-05
7.41596e-05
6.89688e-05
8.99403e-11
4.05276e-05
7.71665e-05
0.000173754
8.06295e-05
3.51493e-05
9.72701e-05
7.22242e-05
8.62048e-05
0.000165383
3.4933e-05
7.43298e-05
1.05035e-05
7.33638e-05
0.000109252
7.77491e-05
7.85362e-05
1.4775e-05
1.95477e-05
0.000116012
9.20386e-05
3.74665e-05
3.51631e-05
4.37361e-05
0.000100018
0.000177502
4.78893e-05
6.96546e-05
8.62478e-05
9.31941e-05
0.000136513
1.17217e-05
0.00010383
2.91321e-05
0.000128358
5.15443e-05
3.98374e-07
0.00011845
9.20327e-05
2.41331e-05
4.11145e-05
8.59958e-05
0.00012077
0.000112849
0.000156923
6.69127e-05
8.57731e-05
4.94195e-05
7.41286e-05
4.02383e-05
2.72403e-05
7.11388e-05
5.97301e-05
1.15126e-05
0.000141061
6.82803e-05
6.75629e-05
4.69611e-05
0.000131125
0.000122663
0.000162858
2.9664e-05
9.16887e-05
0.000274332
1.26721e-10
0.000158243
0.000101727
7.51463e-05
0.000158072
7.74293e-05
4.48988e-05
8.2466e-05
1.12548e-05
0.000163912
8.04549e-05
2.09461e-06
4.57472e-05
5.72673e-06
6.17209e-05
7.79082e-05
0.000113029
0.000335318
0.000115689
0.000126216
7.13049e-05
4.14006e-06
0.000105874
1.85429e-05
0.000149719
4.57153e-05
7.09074e-05
0.000153381
8.40676e-05
4.1432e-05
0.000109779
0.000145077
6.89658e-06
0.000123959
0.000149982
0.000166523
0.000120212
9.0201e-05
6.88599e-05
0.000172785
6.80565e-05
0.000167394
9.4752e-05
5.73529e-05
1.23769e-10
0.00013755
6.00018e-05
4.29895e-05
0.000177947
6.6787e-05
0.000105693
2.7865e-06
0.000161896
9.61583e-05
9.27633e-05
4.6373e-05
7.66753e-05
6.08154e-05
7.97587e-05
0.000117145
5.05938e-05
0.000124287
0.000108005
1.24432e-05
8.01325e-05
8.16087e-05
2.17904e-06
2.52854e-05
3.06971e-05
9.58907e-05
6.80113e-05
0.000100422
9.64617e-05
3.56458e-05
4.41994e-06
7.30675e-05
3.51455e-05
6.99095e-05
5.58089e-05
7.37684e-05
8.65591e-05
5.90208e-05
4.54506e-06
9.88486e-05
9.06694e-06
7.3112e-05
0.000106451
0.000160823
0.000149674
8.93773e-05
0.000120404
0.000162008
6.8983e-05
0.000165274
7.89394e-05
5.8275e-05
0.000168224
0.000154651
5.11154e-05
8.19267e-05
3.89369e-06
9.3625e-06
2.53653e-05
7.14227e-05
1.227e-05
0.000162543
8.42756e-05
0.000104292
0.000106982
6.60712e-05
9.06139e-05
2.47943e-06
8.65525e-05
3.14605e-05
6.93652e-05
7.75875e-05
7.06742e-05
6.41214e-05
3.28507e-05
2.56117e-06
0.000172196
8.76956e-05
0.000144532
0.000125053
0.000101875
8.35849e-06
0.00014752
9.07161e-05
3.12136e-06
6.55098e-06
0.000144606
0.000177782
5.17559e-06
0.000164517
0.000167015
8.93056e-05
0.000106735
0.000127896
3.08701e-06
4.10002e-06
6.26486e-05
0.000178669
7.29922e-05
2.58048e-05
0.000110141
8.7799e-05
4.08915e-05
7.60682e-05
4.53556e-06
4.18846e-05
0.000105868
6.97075e-05
6.39273e-05
9.25942e-05
3.6603e-06
0.000106577
0.00019031
0.000109327
4.22234e-05
6.27611e-05
8.56126e-05
6.95894e-05
0.00010047
0.000127675
0.000167044
0.000140987
6.66076e-05
0.000123788
8.68832e-05
4.13374e-05
0.000171656
7.56285e-05
6.9935e-05
0.00102585
4.55683e-05
7.15827e-05
0.00011245
9.00463e-05
8.84738e-05
3.27056e-05
7.46356e-05
0.000166545
7.25645e-05
4.91329e-05
0.000100613
3.77348e-06
1.11379e-05
0.000132958
0.000174178
5.07597e-05
8.03434e-06
8.92179e-05
8.55446e-05
5.78573e-05
3.61308e-05
7.13684e-05
3.30033e-05
0.000126773
0.00016883
1.72721e-05
8.29539e-05
0.000168719
0.000156984
7.41405e-05
6.16454e-05
0.000136902
3.75926e-05
0.000179505
4.76377e-05
3.96772e-06
9.15891e-05
0.000113554
1.65382e-05
6.91882e-06
6.98043e-05
0.000171082
0.00017021
6.755e-05
7.08107e-05
0.000161914
0.000111669
0.000177004
0.00016464
4.17978e-05
7.73542e-05
9.43509e-05
3.71652e-05
2.21874e-05
0.000110626
4.91699e-05
3.56979e-05
3.08881e-05
0.000168351
0.000126432
2.17469e-05
0.000170435
7.8583e-05
0.000125618
0.000129581
0.000155753
3.14053e-05
3.4268e-05
7.51915e-05
8.42983e-05
0.000101128
0.000177081
9.11221e-05
3.74875e-05
4.49153e-05
0.000161406
3.09767e-06
7.35338e-05
7.77032e-05
4.60724e-05
1.02462e-05
5.21566e-05
0.000176977
0.000113063
0.000111573
3.4102e-06
0.000173689
3.14367e-05
0.000141937
4.00925e-05
2.93364e-06
0.000164203
7.31582e-05
9.02665e-05
4.29035e-06
0.000167524
0.00063123
5.98303e-05
5.47374e-05
0.000244338
0.000131887
3.91643e-05
2.90452e-05
0.00010175
4.10347e-05
5.34241e-05
6.28322e-05
8.62383e-05
0.0001735
0.000260248
5.25858e-05
4.8774e-06
0.000101545
8.43005e-05
4.9799e-05
0.000109055
4.06477e-05
0.000167138
9.24763e-05
3.07397e-06
5.92153e-05
5.98856e-05
0.000143443
0.000129333
9.03036e-05
0.000162296
3.67586e-05
0.000154734
4.72014e-05
5.01585e-05
8.98068e-05
0.000134021
0.000129992
9.55267e-05
8.39195e-05
0.000145051
4.15506e-05
4.33297e-05
2.38953e-05
4.71495e-05
0.000113328
4.77858e-06
0.000114981
2.00191e-06
7.04748e-05
6.72267e-06
2.64924e-05
4.92451e-05
8.17373e-05
1.26541e-05
7.19001e-05
0.000117604
0.000141417
1.29706e-06
0.000134242
0.000163293
0.000115483
3.58832e-05
4.82388e-05
0.00014532
2.24167e-05
4.16405e-06
3.89406e-05
0.000115214
7.95471e-05
0.000159106
0.000184746
0.000121515
0.000192926
1.6159e-06
7.36095e-06
4.51983e-05
0.000103894
7.70824e-05
2.85742e-05
4.58504e-05
9.48582e-05
0.000132684
3.64661e-05
1.89219e-06
3.35794e-05
8.8189e-05
1.07815e-05
6.71903e-06
0.000142082
6.7951e-05
0.000110315
0.000154837
0.000486109
9.56875e-05
1.04886e-05
4.32384e-06
4.44486e-05
1.47416e-05
0.000150362
8.88775e-05
5.03915e-05
3.93839e-05
5.4071e-05
3.71662e-05
7.26901e-05
0.000158533
7.30365e-05
0.000118249
5.83593e-06
0.000173201
0.000182748
6.81408e-05
0.000139427
0.000305347
0.000111663
0.000154385
9.9389e-05
0.000128562
8.41065e-05
7.61823e-05
3.89382e-05
8.32055e-05
6.19072e-05
7.00312e-05
0.000520045
2.79265e-06
8.3824e-05
7.41918e-05
8.01717e-05
0.000221892
0.000186496
4.14104e-05
7.37847e-05
9.25166e-05
3.60521e-05
0.000161846
0.000128868
0.000162048
0.00013052
0.000108584
0.000129551
0.000602159
0.00017042
3.5245e-05
7.4354e-06
0.000142097
0.000112067
0.000115581
8.81929e-05
0.000109465
8.75978e-05
0.000189356
3.48583e-05
0.00013089
0.000155912
8.80879e-05
8.71441e-05
0.000594277
7.78187e-05
4.4207e-05
9.24761e-05
0.000163156
0.000122473
4.94732e-05
4.44897e-06
6.28286e-05
3.61823e-05
6.52143e-05
2.20334e-05
4.58319e-05
0.0128352
6.97955e-06
7.24783e-05
7.64548e-05
0.000168482
0.000118278
5.26302e-05
8.2044e-05
0.000150185
3.51347e-06
4.36764e-06
0.000169047
8.80168e-05
5.00796e-05
2.09588e-06
1.1782e-06
2.26011e-06
6.03471e-07
2.04604e-06
3.93714e-07
4.9766e-07
1.96889e-07
2.80228e-07
1.1181e-06
3.41271e-06
8.34009e-07
2.88401e-06
3.22212e-05
3.85252e-07
0.000103916
2.88312e-07
7.48136e-05
0.000116183
5.06967e-06
9.46556e-05
4.38098e-06
3.68284e-06
3.12721e-05
4.76653e-05
3.68565e-05
2.24408e-07
0.000124803
5.07078e-05
1.36517e-07
0.000144583
1.36715e-06
4.65223e-05
7.77311e-05
9.343e-06
7.63618e-05
1.74377e-07
8.81331e-05
6.14104e-05
2.38152e-05
5.61862e-06
3.06232e-05
5.50458e-05
0.000171651
5.95572e-05
0.000121118
3.92052e-05
3.79777e-05
4.93027e-05
7.93681e-07
0.000133558
5.662e-05
3.90207e-05
0.000126662
1.10271e-05
7.82648e-05
3.74476e-05
0.000149331
0.000150663
4.75293e-06
8.50928e-05
2.97425e-08
8.18681e-05
5.61008e-06
7.61748e-05
2.30608e-05
1.83366e-05
3.25845e-05
4.84194e-06
8.29042e-05
0.000140404
1.43303e-05
6.70202e-05
0.000119355
1.3772e-07
0.000180379
4.78268e-05
4.20384e-05
9.53815e-05
5.49937e-06
0.00010726
4.22839e-05
4.13582e-05
0.000108999
5.02144e-05
6.06027e-05
2.81602e-05
0.000102652
7.37655e-05
0.000152008
4.34789e-05
3.02093e-05
1.06463e-05
4.69053e-05
7.44189e-05
5.97295e-05
6.91113e-06
3.82698e-06
1.96011e-05
2.43656e-05
4.16851e-05
3.63216e-05
3.6316e-06
4.57316e-05
0.000106299
3.40955e-06
6.24432e-05
8.02663e-05
0.0001167
7.30476e-05
0.000122143
0.000128282
3.52117e-06
0.000107843
0.000143393
5.26414e-05
9.39905e-05
2.92828e-06
7.09727e-05
6.49787e-06
2.70922e-05
8.14313e-05
8.69488e-05
8.76024e-05
3.77824e-05
4.94397e-05
3.50199e-07
6.36576e-05
0.000154972
6.73781e-06
4.97588e-05
0.000167462
0.000496408
5.37136e-05
9.27724e-05
0.000157508
9.49298e-05
0.000161906
0.000103948
1.05696e-05
2.12981e-05
8.1241e-05
4.7661e-05
7.55513e-05
4.94566e-05
3.16693e-05
8.42877e-05
2.90598e-05
9.1676e-05
8.102e-05
3.26557e-05
8.96927e-05
5.63141e-05
4.25251e-05
0.000143183
4.59343e-05
2.10482e-05
3.42376e-05
2.2574e-05
5.41667e-05
4.19657e-05
0.000163728
0.000165655
0.000185362
5.91358e-05
0.000140784
5.26968e-05
9.16357e-05
9.52545e-05
9.31144e-05
4.71893e-06
9.78889e-05
4.74541e-06
0.000160726
7.05191e-05
7.68554e-05
7.47197e-05
3.43157e-05
0.000106386
7.43303e-05
2.93628e-07
0.000101064
5.07852e-05
9.60964e-05
8.39624e-05
3.74438e-06
9.77647e-05
0.000127457
5.65637e-05
3.05679e-05
6.34194e-05
0.000151875
5.14258e-06
0.000181116
3.74914e-05
1.32034e-06
4.03565e-06
5.59899e-05
5.79596e-05
0.000166866
3.63697e-05
0.000121803
1.7796e-06
0.000167129
4.59398e-05
5.64398e-06
9.56435e-05
8.46895e-05
5.18488e-06
9.44357e-06
5.89378e-05
8.96283e-06
7.87295e-05
0.000169095
4.23256e-05
7.85502e-06
1.24805e-05
0.000111927
7.45305e-05
7.05379e-05
8.27103e-07
0.000180913
5.91009e-06
3.83801e-05
3.36119e-05
4.1948e-05
6.04395e-05
3.92523e-05
0.000183072
7.16403e-05
8.44441e-05
0.000117157
0.000126827
4.56076e-05
3.22769e-05
9.27357e-05
2.4794e-05
6.00434e-06
6.6735e-06
0.000108457
0.000113962
9.83506e-05
0.000105099
2.8358e-05
0.000135795
7.56638e-05
5.14292e-05
3.29609e-05
0.000155711
0.000148832
7.4911e-05
8.16898e-05
0.00211307
0.000101266
0.00011724
4.26936e-05
6.83908e-06
7.2739e-05
7.06945e-06
6.16883e-05
8.97373e-06
3.49583e-05
0.000118852
7.92129e-06
0.000164626
8.62549e-05
5.97879e-07
1.99545e-05
2.53303e-06
9.37186e-05
7.45358e-06
7.63774e-05
3.68912e-05
0.00016955
3.25769e-06
2.59287e-07
4.98399e-06
7.21194e-05
6.37229e-05
3.19314e-05
1.66008e-05
7.36302e-05
1.22432e-05
1.13844e-05
0.000114541
0.000696886
7.17159e-05
7.87663e-06
7.68479e-05
0.000102227
3.00197e-05
6.09646e-05
5.42176e-05
5.71077e-08
8.61528e-05
0.000120349
4.42485e-05
6.2676e-05
0.000107874
3.76252e-05
1.27616e-05
7.35492e-06
1.19064e-07
0.000100379
3.36047e-05
8.08043e-05
8.53483e-06
4.48566e-05
0.000171842
0.000113624
6.57517e-06
4.39508e-05
0.000164651
5.55256e-05
5.47656e-05
2.64719e-05
0.00017427
3.074e-05
1.69457e-05
4.74138e-05
5.00042e-05
0.000122751
3.8591e-06
0.000110989
0.000112649
0.000115383
2.11302e-05
3.34983e-05
0.000134667
5.80384e-05
7.61906e-05
1.00489e-05
0.000129551
0.000367596
2.96005e-05
7.25161e-05
4.9036e-05
0.000150438
1.1275e-05
2.58722e-05
0.000109647
9.62981e-05
0.000113409
0.000131261
0.000121736
3.07226e-06
3.23506e-05
0.000111799
9.53204e-05
7.61682e-05
0.000159294
3.43575e-05
1.60553e-05
0.000133344
1.06015e-05
2.40607e-05
2.93709e-05
4.29864e-05
0.000164701
8.10045e-05
7.22672e-05
5.36027e-05
0.000191086
5.47016e-05
4.83004e-05
0.000107959
0.00017095
3.91732e-05
5.91637e-05
0.000126623
3.48105e-05
1.63414e-05
5.91768e-05
0.000109977
2.96004e-08
0.000189901
0.000133299
5.93525e-05
6.25513e-05
4.80895e-05
4.69185e-05
3.3671e-05
5.12261e-05
7.42135e-05
4.92028e-05
4.26985e-05
0.000162548
0.000114206
6.98338e-06
7.56315e-05
5.68941e-05
0.000131863
8.90157e-05
4.98124e-05
9.37393e-05
4.2862e-05
3.58972e-05
0.000109566
0.000101538
3.26518e-05
5.72998e-05
0.000154824
5.84413e-05
1.99595e-05
8.08234e-05
0.000100711
9.84572e-05
0.000118658
6.0455e-05
0.000180441
8.63101e-05
4.15605e-05
7.49764e-05
0.000140741
0.000127879
0.00014759
0.000154023
0.000180623
1.22166e-05
0.000158238
0.000138038
0.00104086
7.51665e-05
2.84048e-05
6.46171e-05
6.32392e-05
5.11633e-05
4.99069e-05
7.78321e-05
0.000153071
9.95915e-05
3.96486e-05
7.38937e-05
0.000108299
6.06031e-05
3.225e-05
7.96221e-05
9.45487e-05
3.12525e-05
4.79316e-05
9.69165e-05
5.99818e-05
7.67638e-05
8.1411e-05
8.63622e-05
8.06533e-05
0.000192594
4.31764e-05
6.66317e-05
7.75065e-05
4.50546e-05
1.36549e-05
2.09932e-05
3.9971e-05
5.14795e-05
0.000132798
0.000127148
8.54081e-05
0.000113344
0.000187292
0.000359157
0.0001219
4.51409e-09
5.51747e-05
0.000150803
0.000108687
0.000102545
9.33023e-05
0.000143541
5.61966e-05
4.68888e-05
0.000183001
5.66419e-05
3.9183e-05
7.45019e-06
0.00010659
0.000175975
5.77094e-05
2.53905e-05
6.22651e-05
1.71367e-07
0.000189895
3.68777e-05
0.000117466
4.80073e-05
5.61421e-05
6.07786e-05
7.44068e-05
0.000154841
4.77437e-05
5.27035e-05
0.000143015
6.89742e-06
0.00011916
1.89928e-05
9.69762e-05
9.11063e-05
4.78188e-05
2.65956e-05
5.36918e-05
2.92205e-05
0.000181415
3.13093e-05
0.000106564
0.000125752
1.51232e-05
9.76864e-05
0.000136786
0.000145737
1.71106e-05
0.000115348
0.000133269
8.36542e-05
6.23164e-05
3.21798e-05
5.21422e-05
8.37843e-05
1.22327e-09
0.000141354
1.71735e-05
7.28618e-08
0.000155465
3.33709e-05
8.74605e-05
3.62869e-05
9.11032e-05
0.000113097
3.92413e-05
0.000159678
0.000142127
3.42231e-05
9.17444e-05
3.72411e-05
0.000119003
3.23537e-05
0.000130277
4.53753e-05
7.91348e-05
4.7279e-06
4.46259e-05
0.000137783
7.98711e-05
4.29231e-08
4.12914e-05
0.000152648
3.11551e-05
6.68376e-05
7.59412e-05
0.000128284
3.255e-05
3.19652e-05
3.88837e-06
3.12428e-05
1.64682e-05
3.43038e-05
1.60819e-08
0.00047241
4.23605e-05
7.3354e-06
7.70192e-05
3.61428e-06
0.000162757
3.57048e-05
3.2784e-05
5.85856e-05
8.51883e-05
7.66231e-05
3.81938e-05
2.995e-05
0.000177405
3.34112e-05
2.56945e-05
9.20426e-05
8.8916e-05
5.28595e-08
2.96806e-05
7.40644e-05
9.89406e-05
0.000128993
8.05578e-05
7.3446e-05
0.000112189
7.09108e-05
3.96944e-05
4.53964e-05
9.36433e-05
1.0761e-05
0.00011615
8.06579e-05
1.77387e-09
1.56432e-05
3.04406e-05
7.71915e-05
0.000129748
6.96206e-05
7.33244e-05
0.000143584
4.45205e-05
0.00013234
0.000153706
0.000112302
9.45759e-05
2.5344e-05
5.06981e-05
3.88713e-05
0.000101578
4.69765e-05
4.32954e-05
2.87202e-05
0.000181427
9.18772e-05
2.10261e-05
0.000136096
0.000109378
0.000161566
0.00014068
3.12647e-05
9.97069e-05
2.78648e-05
3.81824e-05
1.08933e-05
7.1653e-05
6.25148e-05
9.62973e-05
8.97274e-05
0.000114027
2.82884e-09
3.36779e-05
6.43395e-05
4.92218e-05
4.99704e-05
2.35549e-05
4.06651e-05
0.00013378
0.000961955
0.000115487
0.000109132
3.5841e-05
4.13246e-06
5.21941e-05
0.000158632
7.70918e-05
9.97023e-05
0.000157344
3.60022e-10
3.20276e-05
0.000108261
3.14937e-05
1.66828e-05
0.000126625
0.000159937
4.20553e-05
0.000801355
3.70041e-05
1.34855e-05
0.000131444
1.19113e-05
8.61926e-05
5.20777e-05
6.07278e-05
4.48323e-05
5.05448e-05
8.42952e-05
0.000132944
0.000147023
4.97926e-05
7.12445e-05
7.06817e-06
2.07739e-05
3.21387e-05
3.44415e-05
3.29904e-06
0.00039139
0.000130265
3.40146e-06
2.36079e-05
1.27631e-05
2.75428e-05
0.000118442
3.98121e-05
0.000185188
4.43023e-05
3.47637e-05
0.000138729
2.89689e-05
7.83432e-05
0.000158456
1.58739e-05
2.82296e-05
6.45952e-05
0.000101251
0.000113227
1.18624e-05
3.04714e-05
0.000152103
5.55386e-06
0.000134444
2.61267e-05
7.51408e-05
9.25809e-05
4.12581e-05
9.80412e-05
6.36662e-06
7.59174e-05
0.000101999
2.34445e-05
0.000157991
4.16549e-05
0.0001221
4.06986e-06
4.38316e-05
9.59407e-05
6.86342e-05
0.000164744
2.9742e-05
8.36344e-05
0.000145981
2.83427e-05
0.000138294
4.65426e-05
3.58803e-05
3.21472e-05
2.89614e-05
1.54162e-05
1.43423e-05
4.35908e-05
0.000545976
9.92078e-05
0.000121903
6.68108e-05
0.000129078
3.9783e-05
0.000117312
9.24853e-05
0.000154355
0.000112104
4.01952e-06
3.85658e-06
3.81147e-06
0.000106921
6.61589e-06
4.34374e-06
5.63325e-05
2.64564e-05
2.29049e-05
0.000108951
9.07217e-05
6.63082e-05
6.42919e-06
5.81258e-06
1.04396e-05
2.38438e-05
9.96259e-05
0.000140515
0.000794539
0.000182129
0.000160821
8.40453e-05
1.46736e-06
0.000109471
0.000190222
4.45056e-05
7.68929e-06
5.6282e-06
0.000116161
2.53839e-05
3.95931e-05
0.000177899
4.4765e-06
8.82851e-05
1.76783e-07
8.93198e-05
2.60661e-05
0.000135396
0.000149979
0.000114693
0.00010787
8.82237e-06
2.54291e-05
1.16588e-06
0.000110326
1.76247e-05
4.50874e-05
4.83418e-05
4.01775e-06
3.19391e-05
2.53604e-05
9.85219e-05
0.000131118
2.50826e-05
6.26921e-05
0.000141061
0.000123452
3.33527e-05
0.000132349
0.000108155
6.42215e-05
4.78228e-06
4.30721e-05
4.53534e-06
7.58425e-05
2.24046e-05
0.000190438
8.52484e-05
0.000157791
4.65897e-05
0.000135613
0.000183208
3.05711e-05
9.72641e-07
1.31403e-05
4.91873e-06
8.24907e-06
9.04636e-05
1.23326e-05
3.05833e-05
9.75054e-05
2.33656e-05
5.17472e-06
1.71744e-06
1.38991e-05
0.000141094
5.38697e-05
3.35716e-06
0.000182451
6.99728e-05
2.77459e-05
1.99179e-05
4.37759e-06
0.000160049
5.50383e-06
0.00015911
2.29213e-05
5.85039e-06
0.000142613
5.76563e-06
8.95567e-06
6.86731e-06
0.000110681
2.49378e-06
2.96513e-06
7.24638e-05
0.000114815
3.17545e-06
5.71194e-06
0.000103872
0.000124865
7.92574e-06
4.6396e-05
5.70401e-05
1.1312e-05
9.52239e-06
0.000117764
6.00868e-06
3.04887e-05
2.34027e-05
0.00011732
4.10119e-06
3.89407e-06
6.68885e-08
6.02338e-05
4.26646e-06
6.98677e-05
3.84088e-05
7.44347e-05
2.20155e-05
1.06489e-05
9.97121e-05
6.40482e-06
0.00011496
6.64553e-06
4.45671e-06
0.000117043
8.62219e-05
9.13973e-05
4.45098e-05
9.69362e-05
4.71192e-06
5.26656e-06
1.68466e-05
6.6411e-06
1.99214e-05
0.000155947
0.000186383
7.2029e-06
8.18648e-06
7.60336e-06
1.28019e-07
2.43392e-05
3.96822e-06
6.63051e-06
7.86987e-05
8.75563e-06
1.8771e-05
0.000134843
7.53558e-05
3.78794e-05
6.07372e-05
0.000115207
0.000109536
9.73974e-05
8.98093e-05
2.83431e-05
9.41138e-06
4.24428e-05
1.13844e-06
9.68369e-05
0.000121293
7.73831e-06
0.000110467
2.07188e-05
6.59605e-06
4.44469e-05
9.40616e-05
5.67004e-05
5.82806e-05
4.19137e-06
2.11321e-05
3.75663e-05
1.43764e-05
3.32007e-05
0.000122662
5.16959e-06
3.70171e-05
2.19474e-05
5.83764e-05
0.000104806
1.31039e-05
6.89417e-06
4.44444e-05
0.000114538
0.000104388
5.34224e-06
1.37432e-05
1.48767e-05
2.32963e-05
5.31811e-06
2.14199e-05
6.03332e-05
5.78724e-05
0.000132536
2.6438e-06
1.07465e-05
5.10862e-06
0.000122949
7.06346e-06
5.61118e-06
6.37611e-06
1.26928e-05
0.000123569
0.000101695
3.27482e-05
5.77486e-06
1.54148e-05
8.05597e-06
5.06529e-05
6.81153e-05
0.000115964
1.91551e-06
1.74062e-05
9.33411e-05
5.78649e-06
1.37041e-05
0.000107918
8.73106e-05
5.82343e-05
1.14267e-05
6.46443e-05
4.98257e-05
1.59987e-05
1.17593e-05
1.91677e-05
0.000103492
3.26285e-05
0.00013928
4.96364e-05
6.0042e-06
3.25357e-05
8.33813e-05
1.77583e-05
0.000133284
0.00012117
6.54191e-06
9.20977e-05
1.0098e-05
5.26737e-05
3.96908e-05
1.07303e-07
9.60435e-06
9.07605e-05
0.000121755
9.2936e-05
9.02917e-06
3.55964e-05
0.000103953
1.02229e-05
0.000131501
6.30267e-06
9.29573e-06
7.27221e-05
1.19269e-05
5.60693e-06
1.01416e-05
0.000181806
0.000143559
0.000146272
7.08013e-06
7.75e-05
5.9793e-06
6.617e-06
8.63912e-06
1.84377e-05
9.51666e-06
4.11452e-05
8.86759e-06
1.27433e-05
3.21846e-05
2.03404e-05
7.67048e-06
6.51298e-06
0.00015551
8.60044e-05
5.98555e-05
8.44539e-06
3.58819e-05
6.06222e-05
0.000136961
7.98153e-06
0.000151544
6.11313e-05
5.78592e-05
0.000113237
7.79229e-05
7.04041e-06
3.08145e-05
6.98357e-06
7.94843e-06
7.06297e-05
0.000101407
5.87761e-05
6.36778e-06
4.73456e-05
7.58963e-06
4.34762e-05
7.18809e-06
3.20088e-05
5.67186e-06
7.49569e-06
7.38436e-06
3.11154e-05
7.25149e-06
7.86826e-05
0.000158874
7.20759e-06
1.16662e-05
1.77268e-05
6.78224e-06
7.08565e-06
0.000103292
7.88897e-05
7.83468e-06
4.09859e-05
0.000107371
7.01432e-06
0.00011088
8.95499e-05
5.5367e-05
7.91366e-06
7.54385e-05
5.45395e-05
7.64641e-06
1.78269e-05
6.72174e-06
0.000110017
2.03541e-05
8.35876e-06
1.75416e-05
3.66137e-05
9.75937e-06
6.42778e-06
3.43113e-05
8.05733e-06
6.69616e-06
4.25533e-05
2.04584e-05
1.62114e-05
9.02161e-05
6.47009e-06
4.60375e-05
6.13246e-06
0.000158461
7.95918e-05
6.70746e-05
0.00018495
0.000154512
9.95304e-06
8.73884e-06
7.61632e-05
9.26948e-06
8.12004e-05
1.7204e-05
5.86543e-06
0.000117158
2.06695e-05
4.27959e-05
9.41253e-06
4.63888e-05
8.04087e-05
0.000152008
5.72217e-06
9.66677e-06
4.4347e-05
2.39789e-05
2.31703e-05
8.17318e-06
1.02528e-05
1.63223e-05
5.46344e-06
3.2482e-05
1.56162e-05
0.000105715
0.000147972
1.16083e-05
3.25156e-06
1.40114e-05
1.29142e-05
5.46953e-05
4.43909e-05
0.00018129
1.47211e-05
7.16965e-06
5.67039e-05
8.33303e-05
7.57868e-05
1.50123e-05
5.29687e-06
5.04317e-06
4.44688e-06
9.21221e-06
4.2673e-05
4.61776e-06
1.65192e-05
1.29804e-05
2.39319e-05
1.56827e-05
5.13264e-05
2.98282e-05
6.80866e-06
6.68636e-06
7.63721e-05
1.53041e-05
0.000153328
2.24574e-05
4.26901e-05
1.49681e-05
5.69724e-05
0.000112546
6.57899e-06
8.31018e-05
0.000131897
1.45332e-05
5.27974e-06
6.52643e-05
9.95765e-05
1.32813e-05
6.16501e-06
6.78974e-06
3.38887e-06
0.00012295
4.69353e-06
5.10445e-05
4.55416e-06
4.24591e-05
6.48497e-06
5.84104e-06
0.000104266
1.14975e-07
3.23413e-05
9.86433e-05
0.000107573
4.10208e-06
4.23309e-05
4.42775e-05
5.67025e-06
1.22814e-05
3.28057e-06
4.57911e-05
6.7629e-06
8.01756e-05
6.49509e-05
7.67884e-05
5.31627e-06
3.26499e-05
4.46889e-06
5.17452e-05
1.60527e-05
2.06477e-05
5.61996e-06
6.6623e-06
1.18828e-05
5.05384e-06
0.000172796
1.11023e-05
9.54762e-05
0.000149951
3.15309e-05
8.36413e-06
1.39039e-05
6.9041e-05
6.66891e-06
2.40527e-05
6.74469e-06
1.07604e-05
1.04554e-05
8.05859e-05
0.000103485
9.83508e-06
3.13315e-05
2.31156e-05
0.000153226
9.92227e-05
4.46907e-05
0.000389535
5.92028e-05
4.93211e-05
4.85599e-05
9.58265e-06
8.90495e-06
9.08178e-06
1.15654e-05
0.000159135
9.29349e-07
6.39643e-05
0.000152196
5.92123e-05
6.94976e-05
9.03464e-06
4.63152e-05
8.86957e-06
8.46737e-06
4.97532e-05
1.7513e-09
8.6572e-06
3.17822e-05
0.000102426
9.00886e-06
0.000109502
7.84284e-06
8.30348e-06
5.96321e-05
5.45719e-05
8.12815e-06
2.09582e-06
6.77043e-06
9.32097e-05
9.3679e-05
5.35466e-05
6.38719e-05
0.000103976
7.95671e-06
2.45768e-05
5.2927e-06
7.47375e-06
4.83528e-05
8.38029e-05
7.70927e-06
0.000130454
4.52268e-06
0.000139765
9.70446e-05
4.44372e-06
7.53088e-06
1.11204e-06
0.000581964
7.12497e-06
7.35676e-06
1.88161e-05
7.24747e-06
7.45446e-06
9.36768e-05
1.32219e-05
7.49364e-07
7.84285e-05
6.74182e-06
9.49437e-05
1.36698e-08
6.95743e-06
7.04009e-06
3.29848e-05
6.34833e-06
0.00122394
0.00011764
5.2806e-05
5.9086e-05
4.14832e-05
0.000167567
5.36719e-05
6.75546e-06
6.55774e-06
2.91408e-05
1.18069e-05
5.92035e-06
6.75633e-06
6.89236e-06
1.6093e-05
0.000139951
8.18844e-05
7.27499e-06
3.12713e-05
4.14405e-06
0.00011228
4.36104e-06
6.83048e-06
0.000174391
4.19718e-05
4.78303e-06
6.49129e-06
4.2458e-06
1.19613e-05
1.20262e-05
4.20992e-05
5.50418e-06
8.8754e-05
1.32644e-05
6.1895e-06
3.35472e-05
5.53819e-05
0.000128603
0.000144697
0.000108812
0.000156182
4.31e-06
2.28858e-10
4.06207e-06
8.13297e-05
7.77607e-06
1.74065e-05
4.00515e-06
5.92532e-06
1.01586e-05
3.11542e-05
4.30091e-05
3.94703e-06
9.09339e-05
4.07767e-06
3.93867e-06
1.02998e-05
1.04075e-05
3.87276e-05
3.848e-05
3.43521e-05
0.000180138
5.99335e-06
3.23823e-06
1.29536e-05
8.89557e-08
3.06688e-05
2.38774e-05
9.76285e-06
0.000113626
1.60461e-05
5.33955e-05
3.94746e-05
0.000105034
8.28735e-05
1.00289e-05
5.55925e-06
8.37766e-05
3.99188e-06
3.44105e-06
8.45027e-05
1.57428e-06
5.89097e-07
0.000100784
9.79304e-06
7.04978e-06
7.14345e-06
5.04011e-05
6.76425e-06
2.00297e-05
3.07523e-06
0.000126635
8.31187e-06
9.55439e-05
0.000183011
5.41356e-06
7.47939e-05
8.55087e-05
8.0184e-05
5.53214e-06
4.90233e-06
6.03332e-06
6.70515e-06
1.35083e-05
4.47325e-05
0.000102733
8.41393e-06
1.34873e-05
7.29311e-06
8.50752e-06
0.000129733
0.000181352
0.00010079
5.08055e-05
4.16985e-06
4.6678e-05
6.31511e-05
3.0007e-05
0.000125289
6.08424e-05
7.1967e-06
6.92803e-06
3.18058e-05
5.85031e-05
7.36669e-06
8.27689e-05
0.000108624
1.20664e-05
2.89597e-05
7.24967e-05
0.000121405
0.000137371
2.35898e-05
8.10136e-05
9.37296e-05
1.90425e-05
2.30323e-05
5.54686e-06
2.98636e-05
7.00739e-06
8.14e-05
0.00012057
1.19402e-05
0.000149717
3.05556e-05
6.91294e-06
6.2436e-06
8.44067e-06
3.64587e-05
0.000182096
0.000111438
0.000102368
8.64801e-06
5.58451e-05
2.61932e-07
1.26912e-07
4.85602e-05
9.78659e-06
9.20266e-07
8.07573e-06
0.000135313
5.9292e-06
0.000148502
9.76107e-05
7.85665e-06
0.000385153
0.00013218
6.08676e-06
1.29379e-05
6.68184e-06
4.59463e-05
5.01825e-05
6.00977e-06
0.000103895
2.84215e-05
4.70655e-06
9.42258e-05
3.29371e-05
0.000152312
4.40585e-06
3.73296e-06
6.42925e-06
5.42722e-06
2.92931e-05
5.92665e-05
8.36559e-06
1.27424e-05
0.000135503
2.91506e-05
6.40024e-06
0.00052309
5.81739e-06
8.76031e-06
7.13531e-05
5.20133e-06
3.98065e-05
3.413e-05
0.000182475
5.8518e-05
9.94313e-05
3.65639e-05
6.91755e-06
5.02389e-06
0.000166956
3.03721e-05
6.71827e-06
5.34283e-06
0.000143884
5.49921e-06
2.88952e-05
8.43023e-05
2.17285e-05
3.52038e-05
0.00011662
2.8245e-05
0.000397384
6.11103e-06
1.96781e-05
1.5053e-06
4.6155e-05
2.15997e-10
2.7789e-05
1.73227e-05
5.28146e-06
5.25969e-05
9.38746e-05
6.14728e-05
6.35171e-06
4.88958e-05
3.79091e-05
9.58154e-05
5.42873e-06
5.86987e-05
4.70292e-05
1.58081e-05
6.71932e-06
6.69378e-06
6.72168e-06
1.4269e-05
0.000156683
5.63382e-06
2.95019e-06
6.13177e-05
9.84876e-06
0.000102648
0.000137121
0.000713628
6.54791e-05
1.80111e-05
0.000174987
6.68157e-06
0.000100854
0.000179571
4.17689e-06
9.45126e-05
9.55858e-06
0.000178028
3.97373e-05
0.000182872
0.011507
3.20853e-05
3.54423e-05
6.59119e-06
8.88538e-06
0.00015461
6.15424e-05
2.9851e-05
4.65882e-05
5.9602e-06
0.000149022
0.000131187
4.48055e-05
0.000118267
6.94979e-05
4.53632e-05
6.76141e-05
1.45341e-05
9.94156e-05
9.71064e-06
8.10775e-05
0.000125035
0.00012694
4.4777e-05
8.97977e-05
3.50081e-05
6.97541e-06
0.000100837
8.2598e-06
0.000304938
2.39156e-05
3.74854e-06
6.14514e-05
2.3469e-05
8.28056e-05
9.70297e-08
4.37418e-05
0.000133596
4.6953e-05
7.19254e-06
2.70102e-05
5.18762e-05
7.03487e-06
0.000104668
7.32983e-06
0.000121393
8.80496e-05
9.49532e-05
0.000146457
0.000129637
6.46989e-06
7.56101e-06
0.000173523
3.28831e-06
0.000128015
5.20578e-05
2.83557e-05
5.36092e-06
0.000119356
9.7165e-05
2.18783e-05
1.98527e-05
6.09285e-05
7.78947e-05
3.26266e-05
1.12495e-05
7.96676e-06
4.38548e-05
5.97279e-05
3.31066e-06
8.13516e-05
3.23697e-05
3.33101e-05
0.000138903
8.75948e-05
4.67373e-06
1.1083e-05
3.28778e-05
8.61025e-06
8.18154e-05
0.000177194
0.000119713
0.000183669
0.000858533
0.000114489
8.24045e-06
4.66461e-06
7.28881e-05
2.60137e-05
1.74587e-05
2.98721e-05
1.01277e-05
6.9488e-05
3.52578e-05
6.93068e-06
6.00228e-06
8.01762e-05
1.68751e-05
1.0086e-05
5.58258e-06
0.000155673
1.76272e-05
7.54331e-05
5.29655e-06
4.90492e-05
1.13558e-05
6.59047e-06
3.04411e-05
1.74446e-05
1.67031e-05
8.51689e-06
8.51943e-05
1.01092e-07
3.64931e-05
8.99029e-05
1.75545e-05
7.07407e-06
3.62237e-05
2.49801e-05
3.56777e-05
0.000106645
6.49335e-06
4.55043e-05
0.000109415
6.26822e-05
4.14528e-05
3.3084e-05
0.000183014
6.23965e-06
0.000118203
2.33946e-05
1.75098e-05
5.21777e-06
8.7009e-05
6.63127e-05
0.000116829
4.1654e-05
1.7675e-05
7.99859e-05
1.6109e-05
9.78209e-05
6.77763e-06
5.10908e-05
9.95752e-05
0.000139558
0.000120077
0.000109076
6.19666e-05
6.92583e-05
0.000124742
6.66787e-06
6.83968e-06
0.000156591
9.48703e-05
5.65568e-08
0.00012008
4.40337e-05
0.000154405
2.0349e-05
6.10208e-06
0.000181681
9.42038e-05
1.25032e-05
7.93175e-05
0.000147665
7.55558e-05
2.78493e-05
2.25049e-05
0.00011108
5.36438e-05
2.54539e-05
1.73005e-05
2.19993e-05
0.000175608
1.10832e-10
4.94239e-05
1.90569e-05
3.06082e-05
0.000126529
6.798e-06
5.16163e-05
1.46354e-05
0.000158267
6.26447e-06
0.000638429
0.000129933
3.37226e-05
4.89908e-06
9.8431e-05
3.19476e-05
2.01323e-05
7.75525e-06
9.08765e-05
8.26689e-06
4.59452e-05
8.91983e-05
0.000119071
0.00061699
6.86619e-05
5.07186e-05
0.000159521
2.9915e-05
7.71463e-05
2.50714e-05
2.15599e-05
0.000175712
3.44117e-05
6.69449e-06
3.05681e-05
0.000268446
2.16115e-05
0.000131913
1.34803e-05
0.000102717
3.06664e-05
2.68987e-05
4.6048e-05
0.000106075
0.000172944
1.64762e-05
0.000180301
2.93704e-05
5.86053e-06
6.90879e-05
2.85657e-05
4.39765e-05
1.95746e-05
3.64689e-05
0.000179707
4.25925e-06
0.000180884
2.57984e-05
8.79818e-06
6.35727e-05
2.07564e-05
1.25468e-05
8.05451e-05
2.47033e-05
3.45754e-06
3.01762e-05
2.6782e-05
5.4144e-05
7.08975e-05
7.9683e-05
5.60398e-05
1.98644e-05
3.24145e-05
8.014e-05
1.17432e-05
5.7721e-05
3.42494e-05
5.54589e-06
7.63733e-07
0.000148533
0.000153061
7.44219e-05
0.000152886
1.36703e-05
9.65296e-05
1.72872e-05
8.51147e-05
1.84235e-05
5.45481e-05
1.88414e-05
7.67263e-05
6.85145e-05
5.71838e-05
0.000104666
2.57639e-05
7.01283e-05
6.4064e-06
2.92731e-05
0.000108492
8.36384e-05
0.000107021
3.28466e-05
1.19224e-05
3.40693e-05
2.87362e-05
6.4028e-06
1.04706e-05
9.41107e-06
0.000153356
1.65745e-05
0.000145863
0.000145524
8.55591e-05
0.000103717
1.14839e-05
7.82907e-05
0.000125618
2.51219e-05
0.000172583
3.81052e-05
6.60123e-06
1.81228e-05
1.49433e-10
1.88329e-05
9.95797e-05
0.000149602
8.80678e-05
0.000101936
5.00189e-06
0.000518626
1.74288e-05
0.000131553
0.000148635
1.57672e-05
7.4699e-06
9.79842e-06
5.76966e-05
1.41681e-05
5.02315e-06
3.32111e-05
6.86575e-05
5.28122e-06
0.000107266
0.000131016
5.20287e-05
0.000148883
5.62503e-06
3.19108e-05
4.99922e-06
4.76754e-05
9.5381e-06
1.27405e-05
3.57844e-05
1.27519e-07
5.79074e-06
9.22311e-06
6.23532e-05
8.0653e-06
6.10891e-06
1.354e-05
7.08456e-06
7.25052e-05
8.88985e-05
6.5121e-06
4.64653e-06
7.57331e-06
6.73524e-06
4.97063e-05
1.59484e-05
8.56033e-05
0.000180227
4.42818e-06
1.25035e-05
6.42655e-05
9.26142e-05
2.9026e-05
1.16362e-05
5.27423e-06
7.08821e-06
5.42116e-05
5.43619e-06
1.17625e-05
5.69156e-06
6.70405e-06
0.000170691
1.12827e-05
2.83063e-05
5.82641e-06
1.54093e-05
6.08436e-06
8.91393e-06
6.37861e-06
5.2238e-05
6.65823e-06
5.16463e-05
7.02756e-06
8.34915e-06
7.41795e-06
7.85777e-06
6.98802e-06
1.5366e-05
9.97732e-06
7.16982e-06
9.19965e-06
7.53479e-06
8.55946e-06
7.91882e-06
1.76675e-06
0.000166958
1.47925e-05
0.000124729
0.000105061
5.43399e-06
1.50782e-05
6.42755e-05
1.47062e-05
6.02523e-06
2.3185e-05
0.000151577
1.74149e-05
5.10237e-05
0.000122337
5.10091e-05
0.000119223
4.91614e-05
1.43078e-05
9.63649e-06
7.1021e-06
7.71011e-05
9.99263e-06
0.000154411
1.01447e-05
5.2406e-05
1.02903e-05
4.4192e-06
5.11615e-05
0.000140121
3.47384e-05
3.06626e-05
4.0931e-06
1.30839e-05
3.27539e-06
2.28053e-05
9.60614e-06
5.1672e-06
0.000144132
1.86539e-05
5.39435e-06
9.94614e-05
5.3137e-06
1.20955e-05
0.00015709
4.99331e-06
8.2064e-06
0.000105695
5.8809e-06
0.000153916
6.73929e-05
6.18079e-06
0.000193373
3.5196e-06
7.10128e-05
7.20422e-06
8.31255e-06
6.84911e-06
5.96283e-06
1.17194e-05
1.09446e-05
0.000140626
7.26834e-06
4.59925e-06
6.93624e-06
1.06329e-05
5.52936e-06
5.35467e-05
8.91975e-06
9.72558e-06
1.03344e-05
5.88966e-06
6.13758e-06
7.87354e-06
8.98981e-06
6.69184e-06
7.44494e-06
8.89045e-06
8.39604e-06
6.93064e-06
9.47312e-06
7.09249e-06
5.95464e-06
7.78599e-06
7.42133e-06
4.19818e-05
8.78155e-06
5.89874e-05
8.22999e-06
8.06298e-06
7.00682e-06
7.65532e-06
7.31286e-06
7.20356e-06
0.000143011
8.93741e-05
0.000762955
0.0001043
6.86769e-06
7.96472e-05
0.000137867
0.000100237
0.000181316
4.15401e-05
7.18516e-05
4.14804e-05
0.000141585
0.000181031
6.97674e-05
0.000109672
5.10325e-05
6.13426e-05
5.39001e-06
1.28914e-05
0.000141605
0.000364705
5.34251e-05
7.13259e-05
4.5095e-06
0.000131067
4.13158e-05
5.77236e-05
6.76284e-05
3.88558e-05
3.56433e-05
7.59878e-05
4.87964e-05
7.09806e-05
0.000106157
9.08996e-05
1.46877e-05
6.07793e-06
1.29185e-05
0.000141147
6.69235e-05
5.52618e-06
1.3628e-05
3.84985e-05
8.59317e-06
5.53731e-06
4.33119e-05
1.82286e-05
2.35069e-06
6.81306e-06
6.32008e-05
9.26722e-05
4.4322e-06
0.000151832
0.000124388
0.000105136
0.000170208
4.93434e-05
0.000114832
5.2796e-05
1.88913e-05
0.000146315
9.25551e-06
0.000113458
0.000100073
6.07683e-05
2.53403e-05
0.00014382
3.83956e-06
6.63112e-05
0.000136241
0.000161709
6.99235e-05
8.09844e-05
4.08102e-05
0.000156071
5.98125e-05
4.06771e-06
2.62291e-05
7.41414e-05
5.61131e-05
2.77677e-05
3.68361e-05
0.000139652
5.70997e-05
6.95756e-05
9.37247e-05
3.09138e-05
2.89607e-05
9.17995e-05
2.86671e-05
7.33248e-05
4.60114e-06
4.35148e-06
2.99326e-05
6.74491e-06
1.09962e-06
0.000143363
4.91315e-05
0.000134288
4.30227e-06
4.23919e-06
4.50389e-05
5.70765e-05
6.6866e-06
5.95917e-05
2.61438e-05
3.30891e-05
4.8441e-06
2.86598e-06
0.000176884
0.000125978
4.79719e-06
3.4409e-05
4.56004e-06
0.000106981
3.80799e-06
5.61483e-05
0.000115907
2.51637e-05
8.05746e-05
0.000136594
4.13807e-06
6.94336e-06
0.000124935
8.95952e-05
5.59247e-05
4.17113e-05
0.000142491
1.77656e-06
4.79955e-05
8.04613e-05
3.53897e-05
1.20433e-05
1.08853e-05
0.000154883
5.40459e-05
4.05776e-06
5.8254e-05
2.7292e-05
6.77697e-05
4.0006e-06
0.000157576
0.000140587
3.94414e-06
6.75409e-06
1.01696e-05
4.93387e-05
7.51348e-05
6.03449e-05
9.08572e-07
3.52938e-05
3.2806e-06
4.65955e-05
2.27465e-05
6.0203e-05
4.71918e-05
5.06694e-05
5.03745e-05
5.32425e-06
6.75024e-06
6.26364e-05
0.000142968
6.00173e-05
0.000776579
1.45931e-05
5.2533e-05
9.64039e-05
7.09495e-05
8.86257e-05
4.69417e-05
4.57672e-06
0.000159251
0.000185306
7.3197e-06
5.64066e-06
5.05382e-05
5.70493e-05
6.20781e-05
1.8943e-05
7.24549e-06
8.70758e-05
1.49006e-05
0.000133297
3.24024e-06
3.49405e-05
0.000155847
0.00015886
9.03412e-05
3.06503e-05
6.73486e-06
4.60418e-05
4.57122e-05
6.33123e-05
0.000145769
0.000101001
6.99752e-05
3.89459e-06
0.000139524
0.000128902
8.81604e-07
0.00014532
5.02779e-05
0.000152308
6.56787e-05
6.22375e-05
2.35164e-05
5.47019e-05
2.1149e-05
8.19018e-06
3.88977e-05
8.84411e-05
0.000177681
6.4561e-05
5.16159e-05
0.0034113
1.80106e-05
3.17626e-05
2.39071e-05
2.26548e-05
1.88952e-05
0.000144186
1.43994e-05
5.88914e-05
0.000187842
4.79263e-07
5.94239e-08
3.74859e-06
6.41424e-05
7.34113e-05
3.96258e-05
0.000135865
7.00046e-08
5.09523e-06
0.000122934
0.000154302
2.38204e-05
5.28846e-05
7.08585e-05
2.63251e-05
5.50831e-06
0.000115883
8.52874e-05
7.2063e-05
9.05415e-05
6.72101e-06
0.000130994
3.12038e-05
6.7872e-05
4.5653e-05
9.0588e-05
5.39122e-05
0.000136738
3.38643e-05
3.27612e-07
6.65543e-05
8.63845e-06
0.00010452
6.18825e-05
6.7117e-06
6.67202e-06
0.000114283
1.30875e-05
6.71489e-06
9.10896e-05
5.10013e-05
3.89342e-06
0.00011626
1.1094e-06
4.51915e-05
0.000152892
8.71463e-06
1.05291e-05
8.12585e-05
3.19325e-06
0.000179696
0.000143227
8.73469e-05
7.02598e-05
7.16404e-06
5.37144e-05
7.24228e-05
1.56111e-05
3.29488e-06
5.26492e-05
1.78253e-05
1.43565e-05
0.00013197
2.00549e-05
6.90658e-05
6.60546e-06
6.78343e-06
3.76187e-06
5.09616e-06
1.00654e-05
7.42407e-06
0.000180926
2.16801e-07
5.14144e-05
7.20735e-05
1.93956e-05
4.36579e-05
4.73642e-06
7.18678e-05
4.83204e-05
0.000166013
0.000859758
0.000158136
3.0223e-05
0.000103885
1.29351e-05
8.00519e-05
2.36509e-05
1.02109e-05
2.7863e-05
0.000111776
4.35457e-05
0.000182736
0.000155873
8.15909e-06
6.71247e-06
5.43591e-06
0.000182012
0.000143478
1.17464e-05
6.75751e-05
4.28695e-05
0.00011626
0.000234683
6.86386e-05
5.92932e-05
9.32643e-06
8.99183e-06
1.25147e-06
0.000171864
6.42989e-06
4.46756e-05
9.12628e-05
7.64033e-05
6.94567e-06
3.12527e-05
4.98316e-05
3.10516e-05
0.000609584
0.000568641
0.00011473
9.53957e-05
4.98176e-05
9.58323e-05
2.34469e-06
7.22929e-06
0.000113961
5.26694e-05
5.73149e-06
5.37126e-06
0.000154853
3.59327e-05
6.22689e-05
0.000126413
0.000141717
1.54697e-06
6.0562e-05
5.75932e-06
0.000116456
1.07313e-05
9.55062e-05
2.82641e-05
6.23109e-05
3.14358e-06
7.09563e-06
2.94182e-06
0.00013576
3.85969e-06
6.00629e-05
6.66732e-05
0.000170377
3.70119e-05
0.000111671
6.01816e-06
5.30908e-06
0.000175577
9.13463e-05
0.000128393
0.000119104
9.66463e-05
4.60701e-06
3.7222e-07
0.000135382
0.00013876
4.91067e-06
0.000756692
2.36511e-06
0.000106076
0.00050761
1.03864e-05
0.000121638
4.46039e-05
5.67306e-06
9.31437e-05
5.44224e-05
0.000172324
3.52937e-06
8.67336e-05
0.000149592
1.84645e-06
5.54917e-05
3.35061e-05
4.55034e-05
0.000134975
4.52422e-05
2.25235e-05
2.63562e-05
3.52472e-06
5.71468e-05
3.17302e-05
4.77995e-05
4.42479e-05
0.000102751
0.000189602
7.14027e-05
1.29129e-05
0.000127831
2.61886e-05
3.04643e-05
0.000161093
0.000121582
5.48375e-08
0.000169091
4.27728e-05
7.8092e-05
3.12086e-05
7.48312e-06
5.46164e-06
0.00205923
7.38207e-06
1.59557e-06
3.1799e-05
3.73926e-06
4.39192e-05
7.10014e-05
5.20083e-06
3.19065e-05
0.000164642
0.000149849
6.71527e-06
2.9946e-05
1.3317e-05
4.83834e-05
4.70451e-05
0.000162082
2.79576e-06
2.59429e-05
9.09818e-06
5.18523e-05
5.8367e-05
6.43424e-05
5.33381e-05
2.5581e-05
0.000114953
6.32109e-05
8.94784e-05
7.10698e-05
0.000187768
0.000207039
7.73042e-05
2.9211e-05
2.09647e-05
0.000106784
8.45882e-06
4.39879e-06
6.0412e-05
6.49335e-05
8.32975e-06
6.42789e-06
0.000157276
0.000117978
6.01488e-05
0.000115181
0.000167633
5.86908e-10
8.17078e-05
5.64874e-05
7.5857e-05
0.000124201
6.40734e-05
4.34353e-05
2.94209e-05
5.4738e-05
8.79446e-05
0.000113632
7.14975e-05
9.44926e-06
0.000137396
6.14369e-05
6.41322e-05
0.00011778
9.6443e-05
0.000127652
0.000110802
8.5826e-05
4.51708e-05
2.25845e-05
1.19326e-05
0.000107255
4.05672e-05
4.10289e-05
0.00011907
0.000143043
1.91491e-05
8.43045e-05
1.10932e-05
0.000148476
2.15481e-06
0.00011177
5.17981e-05
0.000115912
2.90569e-05
3.01668e-05
0.000141383
6.34447e-06
2.21639e-05
7.40232e-06
1.63103e-05
2.28471e-05
0.000128174
1.95172e-05
4.46356e-05
6.63663e-05
5.46951e-06
4.81428e-06
1.13467e-05
7.94859e-05
8.57702e-05
1.41999e-05
2.19625e-05
1.18215e-05
0.000142055
5.69811e-06
6.63691e-05
0.000750764
8.218e-05
0.000185881
0.000145205
1.97833e-05
7.48254e-05
7.40686e-05
5.47847e-05
9.87999e-05
5.50841e-05
9.91232e-05
8.83232e-05
7.6271e-05
0.000103563
6.39965e-06
0.000138312
2.14554e-05
4.56845e-05
8.32952e-06
1.22918e-05
8.27521e-05
4.25008e-06
0.00012007
8.01598e-05
6.66537e-08
0.000100384
1.04262e-05
0.000588412
8.83659e-05
3.37563e-05
0.0001467
8.47202e-06
6.92232e-05
8.74048e-05
0.000107136
0.000158873
0.000126046
1.31529e-05
4.43307e-05
3.80559e-06
0.000127839
6.43538e-05
4.6027e-05
0.000106603
0.00012428
4.49396e-06
7.43481e-05
8.38147e-05
9.57328e-05
3.45742e-06
3.19559e-06
9.44952e-05
2.65041e-05
4.26268e-05
8.35375e-05
6.32089e-05
0.000141125
0.000124311
0.000101214
9.27832e-05
4.76855e-05
5.43724e-05
6.43844e-05
5.37911e-06
6.45494e-05
1.07917e-05
1.84827e-05
4.87658e-05
1.46183e-05
5.1544e-05
9.99692e-05
4.98403e-05
8.87168e-05
0.000117362
2.20378e-05
0.00017378
0.000101635
6.54633e-05
0.000179766
1.87649e-05
4.7851e-05
0.000120035
3.45559e-06
4.94539e-05
9.62662e-06
1.53942e-05
8.13914e-05
0.000187036
4.60219e-05
0.000142811
3.39338e-05
5.2736e-05
5.08661e-06
2.76619e-05
0.00012703
2.65172e-05
0.000181569
8.62599e-05
1.58316e-05
8.55033e-05
5.48578e-05
8.24734e-05
2.32941e-05
7.28823e-05
6.8574e-05
6.84823e-05
3.06299e-05
6.44171e-06
1.6063e-05
0.000162775
6.10262e-06
0.000109553
8.50326e-05
0.000274995
0.000178599
9.50279e-05
0.000117665
4.35014e-05
3.73326e-05
0.000168438
3.60163e-06
6.93981e-05
0.00010102
6.17456e-05
3.37283e-05
6.15167e-06
8.46378e-05
6.9672e-05
6.95462e-05
0.000174883
0.000150161
0.000310019
0.000159726
7.32679e-05
0.000134293
9.32094e-05
0.000141489
0.000138799
9.69885e-05
2.01614e-05
0.000116572
0.000144987
7.31156e-06
9.37234e-05
0.000129354
7.04151e-05
1.24751e-10
1.48382e-07
7.96175e-06
0.000159678
6.59527e-05
7.01635e-05
0.00014035
3.04748e-05
0.000101041
2.82153e-05
0.000115316
0.000151987
0.000174492
7.04654e-06
1.2219e-05
4.77804e-06
4.70625e-06
0.000111904
4.50199e-05
1.38538e-07
7.5339e-06
0.000133629
2.49378e-05
4.41325e-05
4.54717e-06
4.55162e-06
9.09789e-05
0.000111161
0.000140614
0.000107648
5.74827e-05
5.48286e-05
9.58243e-05
0.00014503
0.000159908
2.89813e-05
6.91173e-05
6.87616e-06
4.14105e-05
0.000104962
8.27026e-05
1.44206e-05
0.000114175
2.3192e-05
1.69315e-05
0.000175756
2.11369e-05
0.000138886
8.20524e-05
1.20479e-07
2.14397e-05
8.62873e-06
5.29046e-05
5.34516e-06
3.38232e-05
4.27275e-05
0.000101313
9.12734e-05
8.47923e-05
1.6816e-05
0.000105832
1.70009e-07
7.28692e-05
0.000124666
4.65837e-05
0.000106184
0.000163972
1.23599e-05
0.000157784
0.000108581
0.000141785
4.7421e-06
0.000142685
3.2671e-05
6.53866e-10
0.000132873
3.30965e-05
8.3695e-05
3.09084e-06
7.13875e-05
1.49475e-05
7.32026e-05
5.62883e-05
0.000133047
6.86673e-06
0.000107748
8.5715e-05
1.71615e-05
6.21533e-06
3.40184e-05
1.03008e-05
4.48086e-05
7.0914e-06
0.000182443
8.95262e-05
4.28674e-06
0.000149434
0.000323096
8.87961e-06
5.87375e-05
0.000170109
8.35488e-06
5.66354e-05
2.5376e-05
3.88558e-05
6.67236e-05
0.000133357
7.46191e-06
2.42055e-05
6.1023e-05
0.000111742
1.4223e-05
0.000181425
2.05336e-05
9.32602e-05
1.24972e-05
0.000158685
0.000131415
7.85582e-06
5.08177e-05
1.96168e-05
4.17872e-06
9.14317e-05
0.000129995
8.28248e-06
1.18779e-05
0.000128074
6.26625e-05
0.00120929
0.000119585
9.27919e-05
4.02047e-05
3.53183e-05
9.42175e-06
8.38263e-05
8.49191e-06
8.30588e-05
3.76285e-05
1.62416e-05
9.8225e-05
6.90196e-06
4.10858e-05
5.57536e-05
7.69381e-06
5.29384e-05
1.58887e-05
0.000140265
3.57768e-05
2.75222e-05
9.06853e-06
0.000106837
0.000139279
0.000133633
8.04582e-05
5.59661e-05
8.94736e-05
0.000130816
9.96065e-06
0.000176523
1.66557e-05
1.4519e-05
3.3693e-06
0.000133559
1.11751e-05
0.000116188
0.00013267
4.22118e-05
1.26689e-05
8.45104e-06
0.000115276
0.000165884
6.39845e-05
6.2717e-05
4.81099e-05
4.84503e-05
3.3181e-05
2.06495e-05
9.15865e-05
0.000136894
6.49424e-06
4.76231e-05
9.1569e-05
0.000143084
4.3218e-06
5.53686e-07
5.61476e-07
3.96416e-05
7.66149e-05
3.14106e-06
1.13713e-05
1.47959e-05
2.76281e-05
3.66493e-05
5.77299e-05
8.97344e-05
1.91884e-05
9.06434e-05
3.96433e-05
3.99535e-05
6.62354e-05
9.79627e-07
1.89998e-05
9.79225e-05
0.000169652
0.000120393
0.000125527
5.86702e-05
3.03975e-05
6.43877e-05
4.84728e-05
0.000133166
9.97539e-06
6.9864e-05
9.43085e-05
0.000133364
8.08307e-05
6.30299e-06
0.000103426
0.000118554
4.05358e-05
9.48232e-05
6.11165e-05
0.00014245
1.37116e-05
8.66972e-05
6.90474e-05
0.000148633
7.89498e-06
9.14627e-06
0.000123281
5.06689e-05
6.55277e-05
7.02088e-05
5.53702e-05
6.74244e-05
3.37161e-05
6.26592e-05
0.000308976
0.000132423
8.49751e-05
9.96839e-05
0.00011481
4.53254e-05
8.50282e-06
7.05983e-05
9.69388e-05
0.00010321
2.81749e-05
9.54305e-05
3.39695e-05
6.71717e-05
1.40973e-05
0.000165224
9.41888e-06
1.72702e-05
4.31085e-05
9.14734e-06
8.47001e-05
6.0673e-05
9.32179e-05
4.26073e-05
2.27041e-05
7.40408e-05
7.18463e-05
5.03835e-05
7.4225e-06
0.000138477
3.5692e-07
5.12122e-05
6.53467e-05
0.00011304
0.000131649
9.83003e-06
2.87296e-05
5.65777e-05
0.000149028
9.55388e-06
4.01748e-05
8.34999e-06
1.4994e-05
0.000101095
8.32202e-05
8.80217e-05
0.000120968
0.000112243
0.000121839
7.42751e-05
0.000152025
9.8701e-06
6.35705e-06
1.46993e-05
2.35263e-05
6.86979e-05
1.50599e-05
6.78979e-06
7.93318e-06
0.00015694
0.000122311
3.64105e-05
8.83728e-06
0.00012458
7.2374e-05
1.52972e-05
6.6566e-06
1.81533e-05
6.43594e-05
0.000171128
0.000129716
3.28616e-05
3.86553e-05
4.94558e-05
1.41177e-05
3.38487e-05
9.19097e-05
6.55243e-05
0.000137943
0.000183451
5.05042e-05
6.34335e-05
4.75376e-05
6.58882e-06
3.73939e-05
7.16003e-06
1.22299e-05
5.50239e-05
5.66211e-05
4.89554e-06
8.73371e-05
2.59345e-05
8.052e-05
6.9958e-06
6.47056e-05
3.65384e-06
0.000151538
3.32777e-06
3.14576e-05
1.08481e-05
2.11376e-05
6.77669e-05
2.12164e-05
8.74526e-05
1.30605e-05
8.13587e-05
6.539e-06
0.000145944
9.50884e-05
7.72917e-05
9.78134e-05
5.38709e-05
0.000173237
3.17379e-05
0.000187232
0.000107324
1.65187e-07
1.60189e-05
1.68497e-05
2.08214e-05
5.5027e-05
0.000153769
6.87878e-06
0.00011929
0.000109622
0.000178772
4.54059e-05
6.00041e-05
3.42146e-05
0.000123037
7.7264e-05
5.55594e-05
3.28559e-05
6.39909e-06
4.21821e-05
6.05581e-06
6.28091e-05
5.27897e-05
1.73429e-05
8.47442e-05
0.000130896
0.000159245
0.000383188
0.000103434
3.58748e-06
2.3952e-05
7.22741e-05
0.000170597
8.99633e-07
4.41458e-05
0.00010457
9.02917e-05
8.35612e-06
6.22065e-05
6.04381e-06
0.000119467
6.33353e-05
4.84384e-05
2.47434e-05
0.000116313
5.16595e-05
3.3612e-05
0.00012029
4.87676e-06
1.37834e-05
7.6328e-05
3.46925e-05
6.89295e-05
0.000815149
7.71725e-05
1.30769e-05
9.23478e-05
7.55636e-05
5.62098e-05
6.34733e-05
0.000179271
5.35944e-06
1.94776e-05
5.18431e-05
1.76625e-05
3.2425e-07
5.69062e-06
8.7648e-06
0.000139695
4.65585e-05
8.01674e-05
3.49248e-05
7.96413e-05
3.8722e-07
5.78099e-05
0.000117219
0.000139786
1.09521e-05
7.95512e-06
9.12847e-05
8.61204e-06
0.000107054
0.000188183
1.70297e-05
7.23859e-06
0.000106903
5.58538e-05
0.003399
8.83567e-06
3.75691e-05
0.000101336
3.00771e-05
0.000137253
0.000115009
1.73711e-05
6.27719e-05
7.71574e-05
6.41994e-06
3.59381e-05
3.0155e-05
0.000102381
0.000122922
7.11088e-05
1.12873e-05
4.78035e-05
3.59528e-05
5.1223e-06
0.000119602
5.19005e-05
2.57993e-05
0.000114475
8.68511e-05
7.38822e-05
2.77687e-05
1.65868e-05
0.000112427
3.7891e-05
6.05152e-06
5.77068e-06
7.68465e-06
0.000155886
9.50835e-05
0.000171609
7.88087e-06
5.79785e-06
0.000213868
9.86645e-06
7.46182e-06
5.36482e-05
6.97787e-06
7.17656e-06
0.000118115
8.10938e-05
5.8284e-05
7.5288e-06
6.99484e-05
9.63829e-05
7.91776e-06
2.31035e-05
6.19494e-05
7.48877e-05
0.000117814
2.26305e-05
3.46281e-05
0.000103919
8.53718e-06
5.22817e-05
1.94656e-06
0.000102973
7.6579e-05
0.000181961
1.12388e-05
5.37887e-06
6.74555e-06
9.96688e-06
1.01362e-05
0.000179359
8.43189e-06
0.000147538
4.10341e-05
6.24737e-05
3.47772e-05
2.43996e-05
0.000105268
0.00762744
3.55813e-05
3.72131e-05
6.52123e-06
5.9076e-05
8.3885e-05
8.79257e-05
4.96276e-06
0.000138602
0.000148096
5.34386e-05
8.49619e-05
8.24061e-05
0.000131011
4.13777e-05
0.000112942
6.09129e-06
7.24917e-05
2.06256e-06
4.15391e-06
1.99028e-05
0.000137286
4.7856e-05
0.000108201
8.68458e-05
3.31697e-05
7.31256e-05
2.73512e-05
8.25314e-05
9.93353e-06
0.000139252
4.96083e-05
0.000129343
6.01213e-06
2.94801e-05
1.84264e-05
5.16419e-07
3.30913e-05
6.45969e-05
2.20492e-06
9.66582e-05
6.23801e-05
0.000184586
0.000458663
8.92809e-05
0.000107024
2.99924e-05
3.97755e-05
5.43823e-05
0.000144112
3.063e-06
2.82902e-05
6.23573e-05
5.89495e-05
0.000106944
0.000128898
7.88042e-05
5.81118e-05
5.73623e-05
3.76168e-05
5.96238e-05
0.000195841
4.99466e-05
9.80185e-05
0.00012936
1.22682e-05
7.25618e-05
0.000183678
7.96457e-05
4.8594e-05
3.08439e-05
0.000108182
7.47374e-05
5.20389e-05
8.74958e-05
1.6756e-05
3.05072e-05
0.000132644
0.000132422
0.000109728
0.000101828
6.06266e-05
0.00010213
7.60157e-06
0.000122324
0.000172116
0.000156664
0.000135802
0.000104256
4.84717e-05
6.2281e-06
0.000191
3.2552e-05
7.71121e-05
7.81103e-05
6.43061e-05
0.000126216
0.000107149
0.000188647
1.14961e-05
0.000123147
0.000516264
6.46367e-05
0.000143625
0.000120953
0.000187682
0.000120162
6.0215e-05
0.000156466
7.28391e-09
1.70834e-05
0.000112343
4.30147e-05
7.32378e-05
6.39452e-05
1.42353e-05
7.30578e-05
6.28256e-05
0.000123195
3.51994e-05
7.28177e-05
2.02854e-05
6.96257e-05
1.35539e-05
2.04798e-05
2.04156e-06
0.00013358
0.000116489
1.11354e-05
0.00010527
8.47937e-05
3.0429e-05
1.89744e-06
0.000177128
0.000108586
3.13765e-05
4.20434e-05
3.69069e-06
5.11237e-05
9.35735e-06
9.68301e-06
8.90308e-05
6.94096e-05
9.47333e-05
8.66149e-05
0.000123351
6.59739e-06
0.000179067
4.5393e-05
1.26323e-05
8.34602e-05
3.72021e-05
3.09777e-05
3.49736e-05
9.27689e-05
0.000108396
3.04844e-06
3.11938e-05
6.64791e-06
7.90541e-05
1.13418e-05
1.18017e-05
6.7772e-05
7.95136e-05
3.43489e-05
5.96241e-05
0.000157917
1.45397e-05
0.000140591
0.00012028
0.0003119
4.061e-05
0.000121896
9.52234e-05
0.000101011
1.00204e-05
5.65248e-06
0.000162544
1.37938e-05
0.000169654
0.000157962
6.65881e-05
1.78969e-05
4.90275e-05
1.39792e-05
9.22065e-06
0.000134731
3.06289e-05
8.0872e-05
1.18519e-05
2.59634e-05
1.15508e-05
9.24844e-05
3.37396e-06
6.74586e-05
8.5752e-06
7.99858e-05
0.000104726
1.07663e-05
4.94983e-06
1.7038e-05
1.1397e-05
8.85059e-06
6.04612e-05
0.000280703
6.15093e-06
3.74569e-06
0.000102358
5.92639e-05
6.9287e-06
4.8962e-06
4.51233e-05
3.12847e-05
6.27049e-05
7.51858e-06
5.81697e-05
3.85987e-06
6.35235e-05
9.92114e-05
7.88335e-06
0.000120541
7.45683e-06
6.92665e-06
0.000178683
4.81309e-05
3.25861e-06
1.12254e-05
5.21097e-06
4.53052e-06
0.000750449
0.00012061
5.0884e-05
4.84013e-05
2.77984e-05
2.1484e-05
1.60936e-05
6.75098e-06
0.000109067
7.28059e-05
0.00092735
1.44522e-05
0.000109914
7.04554e-05
4.46827e-05
8.45017e-05
6.18859e-06
0.000758561
6.41134e-06
2.66072e-05
2.86981e-05
9.2786e-05
4.2709e-05
2.9571e-05
1.8024e-05
0.00015528
5.92353e-05
3.45436e-05
3.76949e-06
7.60369e-05
0.000124524
1.41916e-05
0.000103898
9.60317e-05
0.000183228
7.19687e-05
0.000347702
7.46075e-05
5.62952e-06
2.2462e-05
5.08845e-05
2.5893e-06
6.84138e-06
1.19728e-06
1.2816e-05
6.46107e-05
3.63662e-06
5.37089e-05
0.000135729
3.93451e-05
0.000101816
5.84412e-05
9.82367e-05
7.53971e-05
7.34735e-06
1.14867e-05
9.60169e-05
9.26418e-06
2.73221e-05
2.16216e-05
1.04441e-05
3.50314e-05
1.40238e-05
3.17807e-05
2.37556e-08
2.12489e-05
4.89053e-08
8.99273e-05
6.09479e-05
8.5759e-05
1.01564e-05
2.29339e-05
8.42444e-05
0.000186959
6.61945e-06
5.9163e-06
1.16838e-07
0.000146194
0.00011597
3.08084e-05
9.32092e-06
6.26005e-06
6.65911e-05
7.45223e-05
0.000164032
5.78372e-05
3.97647e-05
8.65496e-06
2.22382e-05
8.0761e-08
6.40202e-05
8.97005e-06
7.78192e-05
4.89942e-05
7.7444e-06
9.71328e-05
3.60832e-05
0.000102592
0.000146987
5.52634e-06
7.57079e-06
7.80469e-06
7.65561e-05
4.72759e-06
8.40081e-05
0.000130752
1.9599e-05
9.48928e-05
3.91412e-06
4.6926e-06
8.40571e-05
0.000102876
7.97069e-06
0.000116523
7.341e-05
7.41821e-05
9.68826e-05
6.04834e-05
3.26096e-05
6.95187e-06
7.7732e-07
7.53639e-06
6.92009e-06
7.03307e-06
9.77812e-05
8.53928e-05
0.00015465
7.56875e-05
1.32087e-05
6.99342e-05
9.62913e-05
1.8404e-05
1.26557e-05
6.98875e-05
7.32356e-05
0.000111399
0.00011534
5.19131e-05
7.14637e-05
9.49499e-06
2.87788e-05
7.3808e-05
7.00107e-06
4.56099e-05
0.00010765
0.000110453
9.6887e-06
6.8044e-06
1.80336e-05
2.58372e-05
3.48624e-09
6.86479e-05
0.00011131
2.81441e-05
0.000115466
0.000281215
4.78664e-05
9.86574e-05
0.00010219
0.000112133
5.55493e-05
8.34598e-05
9.6669e-05
6.05095e-05
0.00011038
5.23313e-05
9.86565e-05
6.23933e-06
0.0001322
8.50953e-05
2.82067e-05
0.00082218
0.000120083
9.61889e-05
0.000147405
3.43559e-05
8.9293e-05
4.15861e-05
0.000142374
9.33688e-05
5.72767e-05
5.05092e-05
6.62868e-06
6.24434e-05
5.65777e-06
5.95758e-05
2.38209e-05
5.24127e-05
6.28528e-06
0.000161715
1.06113e-05
2.74769e-05
0.000141156
7.55764e-05
4.38459e-05
0.000185404
0.00010438
7.43548e-06
0.000119851
4.67343e-06
1.35606e-05
5.6974e-05
0.000160297
9.70884e-05
9.34492e-06
2.36164e-05
6.89958e-06
0.00015708
5.39561e-06
0.000144953
0.0001254
8.52673e-05
0.000130307
1.55287e-05
0.000170918
1.53824e-05
8.3361e-05
5.51652e-05
6.67255e-06
9.05876e-05
2.20836e-06
5.93681e-05
6.63439e-06
0.000108671
1.80043e-05
0.000143617
7.55172e-06
6.95125e-05
6.31666e-06
2.87726e-05
4.18003e-05
8.0278e-07
5.7788e-05
3.39212e-05
4.43152e-05
2.31587e-05
1.91755e-05
6.91976e-05
8.874e-05
1.45874e-05
8.00554e-05
7.48091e-05
2.3572e-06
0.000143476
7.00599e-05
0.000150351
4.43542e-10
5.56016e-06
9.10354e-05
0.000103536
0.00013514
8.37063e-05
0.00014659
2.48109e-05
1.82264e-05
0.000130414
0.000104852
5.01633e-06
1.621e-07
2.15416e-05
1.94258e-05
0.000154228
3.08135e-05
7.77439e-06
1.13281e-05
0.000101431
2.57582e-05
9.83791e-05
0.000527626
5.57472e-06
6.16472e-06
0.000255848
5.20313e-05
3.97517e-05
0.000105655
4.46817e-05
0.000136166
1.62812e-05
0.00012796
9.86076e-05
1.19153e-05
7.81521e-05
0.000114776
3.04216e-08
5.35655e-05
4.74039e-05
3.81683e-05
9.85063e-05
1.62131e-05
8.02751e-06
3.84991e-05
7.53994e-05
6.02693e-06
0.000133057
4.68812e-05
2.63983e-05
5.04381e-06
4.92607e-05
8.88798e-05
8.72577e-05
0.000120543
7.80681e-05
3.01563e-05
9.47891e-05
5.03776e-05
7.51633e-05
9.30662e-09
0.000119008
9.49233e-05
9.15209e-05
7.42274e-05
9.66292e-05
7.36043e-06
1.03098e-06
5.18605e-05
1.23891e-07
3.70741e-05
3.4582e-06
0.000107052
0.000766096
4.56024e-05
1.06637e-05
6.90402e-05
1.81243e-05
2.48633e-05
6.36935e-05
1.4849e-05
0.000149128
8.26189e-06
2.69872e-05
8.1034e-05
6.90929e-05
6.63641e-06
0.000124536
0.000129821
2.13787e-05
2.74534e-05
5.18085e-05
1.90837e-05
1.85735e-06
8.45147e-05
9.35789e-05
1.45885e-05
7.21012e-05
0.000116212
8.68675e-06
3.64037e-06
8.3936e-05
5.57442e-05
9.84461e-05
3.16362e-05
9.12457e-05
1.20823e-05
1.38594e-05
1.06557e-05
0.000130396
6.07061e-05
2.23305e-05
0.000131469
3.29531e-05
7.95131e-05
1.00611e-05
3.8237e-05
0.000141231
3.12972e-05
3.18059e-05
4.03225e-05
9.04362e-05
8.24544e-05
6.33034e-05
5.41769e-06
0.000124017
2.70644e-06
9.70849e-06
7.21361e-05
1.31943e-05
6.38712e-05
6.78669e-05
6.38814e-05
0.000117683
6.4625e-06
3.50305e-05
8.39217e-06
6.46081e-05
7.79106e-05
7.17595e-05
1.23881e-05
0.00011249
6.88657e-05
2.07823e-05
4.43647e-06
4.91376e-05
5.81079e-05
2.92772e-05
1.97142e-05
3.96876e-05
7.87235e-06
0.000116279
0.000124075
7.65859e-06
5.51111e-05
5.65937e-06
9.81951e-06
5.13684e-05
9.96309e-05
2.81478e-05
6.67279e-05
4.41687e-06
0.000144888
8.18649e-06
0.000138767
6.1403e-06
8.9681e-06
9.50937e-05
8.35582e-06
9.48718e-06
1.18091e-05
4.4265e-09
6.08271e-05
4.05575e-05
9.45299e-05
7.7748e-05
5.20426e-05
0.000128228
9.77631e-05
7.06968e-05
4.93788e-05
4.45426e-05
7.4715e-05
3.48093e-06
4.11359e-05
0.00014253
1.35574e-05
1.61115e-05
0.000120753
8.45243e-05
4.43679e-05
0.00106442
8.38446e-05
9.18251e-06
3.4747e-05
0.00184086
5.06544e-06
1.18516e-05
3.52184e-05
5.02521e-06
5.54964e-05
8.65421e-05
0.000126427
1.55075e-05
7.68469e-06
1.44104e-05
5.09526e-05
1.34259e-08
7.29104e-06
9.55206e-05
5.4054e-06
7.84716e-05
1.76731e-05
3.21358e-05
8.70507e-05
4.16962e-05
4.36751e-05
2.78852e-05
4.817e-05
6.98897e-05
5.99759e-05
1.87222e-09
1.08332e-05
2.83645e-05
6.21754e-05
8.7769e-05
9.65558e-06
3.55801e-06
9.89554e-05
9.95566e-05
0.000139436
5.3012e-05
8.41948e-06
6.38831e-05
4.50476e-05
7.352e-06
0.000130809
6.82341e-07
1.34746e-05
0.00118531
6.05841e-06
5.47034e-06
0.00014193
8.83877e-06
8.87408e-05
4.61178e-06
6.31548e-05
0.000107277
3.55093e-06
6.42057e-05
7.75252e-06
0.000543216
4.95614e-05
4.54415e-06
0.000151609
7.02524e-05
0.000302292
0.000131721
9.48073e-05
4.39896e-05
2.53507e-05
9.93066e-05
1.47688e-05
3.70103e-05
2.26088e-05
0.000107995
1.88943e-06
4.4168e-06
6.79385e-06
0.000175319
2.49729e-05
4.92305e-06
3.67219e-05
4.58723e-05
0.00015552
0.000129336
6.49535e-05
3.44297e-05
2.74958e-05
9.68371e-05
8.87924e-06
8.66622e-05
3.50739e-05
3.32114e-05
0.000119152
9.82532e-05
5.68609e-05
1.25551e-05
1.10115e-06
8.07818e-07
9.71526e-08
0.000143573
0.00015314
0.000150772
6.16162e-05
1.81324e-07
7.26754e-05
5.82332e-05
9.51306e-05
6.59924e-05
7.36642e-05
6.66642e-06
0.000104314
7.81167e-05
2.0858e-05
9.36231e-05
2.64578e-07
3.83687e-05
6.17148e-05
5.43613e-05
6.77597e-07
1.34557e-05
0.000118019
6.08459e-05
5.51661e-05
1.96731e-05
7.42357e-05
7.01292e-05
6.34139e-05
0.000129367
0.000143997
9.514e-06
6.59237e-06
6.28516e-05
3.69096e-05
7.05402e-05
4.60019e-05
6.9673e-05
3.85579e-05
3.56154e-05
1.21974e-05
2.0886e-05
7.22114e-05
0.000124384
7.01333e-06
0.00013379
6.25146e-05
4.19987e-05
6.8236e-06
9.48949e-05
0.000168958
0.000157447
3.54983e-06
5.79574e-05
4.76022e-05
4.23334e-05
3.98743e-06
0.000106093
9.47082e-05
4.07652e-06
7.15341e-05
9.50502e-05
0.0001299
6.36223e-06
3.71599e-05
0.000104823
7.81262e-05
8.75398e-05
5.21555e-06
4.94987e-06
1.35153e-05
5.36319e-05
2.6926e-05
3.29315e-05
3.75181e-06
5.58e-05
5.82998e-05
8.39209e-05
3.90736e-05
6.38772e-05
3.64061e-05
3.91368e-05
0.000116887
0.000105834
1.08985e-05
6.48902e-05
4.13023e-06
0.000495365
9.74851e-06
1.09924e-05
2.68952e-05
5.14898e-05
6.88315e-05
4.35416e-05
3.86669e-05
4.2282e-05
4.46344e-05
0.000149546
0.00113567
1.16494e-05
0.000134625
0.000143933
7.10592e-05
6.77683e-06
6.83975e-06
8.32198e-06
1.24207e-07
6.23194e-05
9.49382e-05
0.000153975
0.0001049
7.84767e-06
8.96673e-06
4.81097e-06
3.19612e-05
2.45529e-05
0.000126783
3.59108e-06
9.99647e-05
5.69397e-05
5.50721e-05
6.69176e-06
2.67479e-05
4.00089e-05
8.16358e-05
1.06373e-05
3.59923e-05
9.45951e-05
6.252e-05
0.00013408
2.44312e-05
5.70249e-05
0.000100357
4.91823e-05
0.00505666
6.73835e-05
1.63338e-05
4.9516e-06
3.26103e-05
2.80958e-05
7.73989e-05
7.55798e-05
1.20566e-05
7.04564e-05
7.13964e-05
0.000204523
3.0488e-05
6.08346e-05
9.89807e-05
3.26853e-05
0.000144849
1.94107e-05
5.08288e-05
0.000115996
0.000146609
3.87838e-06
4.86357e-07
0.000141888
7.02741e-05
5.05729e-05
3.56454e-05
4.00077e-08
0.000128627
6.51658e-06
2.31943e-05
6.84128e-05
3.73987e-05
5.03844e-05
0.000121633
0.000128211
4.33829e-05
7.53921e-05
5.73191e-05
0.000104698
0.000108958
5.07217e-05
8.68884e-05
4.18606e-05
2.29592e-06
4.58309e-05
0.000102451
3.13961e-05
1.60255e-06
0.000159616
0.000790228
2.09473e-05
2.7944e-05
6.84864e-06
0.000145362
1.00983e-05
3.10483e-06
9.75067e-05
2.44538e-05
6.78353e-05
1.00985e-05
5.85189e-05
5.12398e-06
0.000214627
3.29706e-06
3.18702e-05
0.000135047
6.29896e-06
0.000104149
6.76483e-06
5.58596e-07
8.69211e-06
0.000106556
0.000125005
0.000134638
0.000111101
0.000172564
6.82366e-06
7.74462e-05
0.000674247
5.76167e-05
5.90958e-06
3.37193e-05
0.000133051
2.06072e-06
5.61708e-06
6.83046e-05
3.82766e-05
6.15344e-06
2.30303e-06
4.77953e-05
8.57941e-05
5.9868e-06
5.02321e-05
5.29824e-06
7.98405e-06
5.5106e-05
3.25535e-05
3.42797e-06
4.18342e-06
5.25924e-06
0.000169245
6.00803e-06
4.2079e-05
4.63382e-05
1.17333e-06
6.68443e-06
5.39007e-06
1.93269e-05
4.82886e-05
2.41509e-06
8.08806e-07
0.000172395
0.000112476
0.000101161
0.000131714
2.1822e-05
2.21325e-05
6.53332e-05
5.23366e-06
1.44445e-07
1.53289e-05
0.000154499
4.08072e-06
5.07399e-05
5.36701e-05
4.04405e-05
4.40287e-05
6.22159e-05
4.13232e-05
2.78878e-05
5.51875e-05
5.41197e-05
2.99681e-05
1.0288e-05
9.87024e-05
4.53861e-06
8.01877e-05
3.4771e-05
5.16509e-05
4.05606e-05
4.44961e-06
4.9718e-05
2.92039e-06
6.68955e-06
0.000123865
5.30021e-05
6.00083e-06
3.96921e-05
6.72081e-05
4.57001e-05
7.63047e-05
2.67023e-05
0.00126979
5.32832e-05
0.000108382
3.65551e-05
6.81928e-05
0.000137553
7.42737e-05
0.000116467
1.45483e-05
0.000128517
3.79584e-05
4.31152e-05
0.000176159
9.18994e-06
0.000103945
4.02572e-05
6.02332e-05
6.25612e-05
2.10677e-05
0.000118254
0.000122
6.99064e-05
8.90917e-05
2.59347e-05
1.03957e-05
0.000103887
4.35968e-05
6.4623e-06
0.000106359
1.38708e-05
4.00653e-06
1.09122e-06
7.67021e-05
8.29133e-05
5.44436e-05
2.6721e-06
9.12919e-06
4.65953e-05
0.000112827
0.000156409
8.02691e-05
2.00213e-05
7.21822e-05
4.83762e-05
1.24731e-05
9.56629e-05
3.96925e-05
1.33356e-05
4.06205e-05
7.82149e-05
5.17265e-05
1.03565e-07
0.000150657
6.12422e-05
6.64735e-05
8.34777e-05
3.18524e-05
3.55655e-05
0.000134608
8.96722e-05
1.72196e-05
6.77687e-05
9.92226e-05
6.90585e-05
6.64092e-05
5.92327e-05
4.99598e-05
7.68199e-05
0.000107275
5.58178e-05
5.90461e-05
5.67997e-05
1.06948e-05
0.000934455
0.000151861
3.6008e-06
1.43829e-05
0.00012939
2.30971e-05
5.82109e-05
0.000104262
5.31014e-09
6.61765e-05
6.2574e-05
4.28672e-05
0.000135054
0.000125221
9.75252e-05
6.07482e-06
7.55484e-05
8.31797e-05
3.74534e-06
5.87187e-05
6.44999e-06
9.41706e-06
7.2388e-06
4.6469e-05
0.000100898
6.07259e-05
2.09943e-06
1.02632e-05
1.54773e-05
6.23322e-05
5.39636e-05
3.76229e-05
0.000132759
6.75236e-06
3.17101e-06
8.42348e-05
3.61308e-06
9.53353e-06
0.000107017
6.77675e-06
5.02394e-05
0.000146716
3.74502e-05
7.7282e-05
9.86869e-05
7.82924e-05
8.79683e-05
1.2561e-05
1.24731e-05
8.38712e-05
0.000141877
9.1921e-05
4.49408e-06
7.83433e-05
4.64766e-05
4.63373e-05
5.21746e-05
0.000105465
2.84536e-05
9.29865e-06
0.000106232
4.07658e-06
0.000379937
8.43623e-06
6.43184e-05
7.74323e-05
3.07192e-06
5.84086e-05
3.9532e-06
2.69693e-05
4.2209e-06
5.52562e-05
0.000116196
3.07425e-05
2.84948e-05
1.72189e-10
0.000108578
2.87312e-06
0.000101895
6.66608e-06
0.000142723
2.31867e-05
9.64675e-06
0.000100994
2.27576e-05
4.8273e-06
0.000103281
3.18784e-05
1.5749e-05
4.50896e-06
0.000111741
1.72917e-05
0.000138669
5.97678e-05
0.000159287
8.53267e-05
4.67992e-06
2.8419e-05
6.38835e-05
3.23364e-05
0.000100906
1.92548e-05
0.000137061
4.29482e-05
6.58584e-06
4.84089e-05
5.51294e-06
0.000813221
6.06989e-05
0.000116956
0.000100331
9.09914e-05
1.51154e-05
2.26546e-06
9.6712e-05
0.000206765
9.15868e-05
0.00756564
5.35401e-05
0.000163032
9.48653e-05
0.000157516
6.35528e-06
8.22748e-05
8.5141e-05
0.000141554
8.55202e-05
0.000100741
7.4061e-05
0.000124151
5.85304e-05
0.000135457
8.79089e-05
2.66536e-05
5.08318e-05
0.000973646
0.000128573
3.93361e-06
2.21304e-05
0.000144778
0.000136049
1.26938e-05
3.09349e-06
7.54696e-05
9.12396e-05
9.793e-05
9.56377e-05
1.50501e-05
2.47859e-05
0.000933774
2.11284e-05
4.8486e-06
6.65133e-05
4.29589e-05
0.000102711
0.000107562
2.58633e-07
6.57289e-05
0.000172922
8.02774e-05
6.22016e-05
2.77105e-05
5.53663e-05
1.68829e-06
4.48393e-05
0.00014824
4.27382e-05
3.91278e-06
0.000164819
2.75092e-08
0.000164911
3.28583e-05
0.000101877
4.43871e-05
8.10598e-05
5.19868e-05
0.000141545
5.89023e-06
0.000146114
0.000146688
0.000102265
8.5945e-05
3.44968e-05
3.37661e-05
6.86395e-05
4.47028e-05
5.28503e-05
3.71091e-06
6.88037e-06
4.38007e-06
5.22671e-06
0.000374079
9.91459e-05
3.94344e-06
4.34293e-05
6.36285e-05
8.17927e-05
3.71504e-06
5.35931e-05
0.00012198
5.72606e-06
0.000126336
8.97359e-05
9.10955e-08
5.86857e-05
0.000120073
5.44711e-05
6.79979e-05
7.12356e-05
1.57696e-05
9.42254e-05
4.50401e-05
1.33572e-05
4.15137e-06
8.98899e-08
2.66454e-05
0.010871
5.60086e-05
7.33122e-05
6.85977e-08
6.51019e-05
1.51573e-07
0.000103924
8.46179e-05
9.75276e-05
9.24928e-05
7.58719e-05
4.19808e-05
5.21384e-07
0.000122615
5.2325e-05
5.92466e-05
4.86535e-05
5.69828e-06
0.00011936
0.000114369
5.78252e-05
2.06775e-06
0.000151756
4.64169e-05
7.74877e-05
0.000174089
0.000157845
7.51834e-05
2.41562e-05
9.21496e-10
0.000107837
5.66193e-05
6.56393e-05
4.73234e-05
4.29697e-05
2.98064e-06
7.58236e-05
9.4961e-05
4.64215e-06
7.34781e-05
2.96362e-05
0.00011725
7.13433e-05
3.23192e-05
0.000141134
0.000152171
7.43753e-05
0.000141269
0.000153218
3.99921e-05
1.99522e-05
1.52844e-05
7.54194e-07
0.000146817
3.93637e-06
3.15448e-05
5.65482e-05
0.000179223
9.16114e-05
0.000125503
3.28375e-05
9.41623e-05
3.50351e-06
1.07868e-05
9.06469e-05
0.000101327
3.28355e-05
2.67537e-05
0.000185426
3.32374e-05
7.84542e-05
6.37586e-05
0.000139632
1.60301e-05
8.0221e-05
0.000102325
8.48028e-05
5.81573e-05
4.38656e-05
4.21756e-05
4.58145e-05
4.90826e-05
5.33093e-05
3.23708e-08
4.81406e-05
3.84197e-05
0.000127892
6.55231e-05
0.000144169
0.000161018
1.63427e-05
9.73703e-06
5.05706e-06
6.26709e-06
3.22165e-05
0.00012595
0.00015599
5.25742e-05
0.000120687
2.83624e-05
5.85399e-06
3.7907e-05
6.52966e-06
7.83627e-06
0.000161712
9.09187e-09
0.000182572
6.94393e-06
1.93909e-05
4.07297e-06
0.000109616
0.000100973
5.1116e-06
4.16868e-05
6.241e-05
0.000500312
2.8993e-06
6.36488e-05
8.45387e-05
9.1203e-05
0.000726696
2.65872e-05
9.44223e-05
6.01456e-05
8.45957e-05
0.00110416
0.000162476
5.96051e-05
3.19584e-05
2.39691e-07
4.36503e-06
8.0479e-05
8.80149e-05
3.71938e-05
5.07854e-08
1.47924e-06
3.80133e-05
4.7532e-05
0.000174144
1.6327e-06
9.41771e-05
0.00012582
0.000115044
0.000127889
0.000148807
7.59137e-05
6.49402e-05
4.44505e-05
4.41561e-05
6.4041e-05
9.99334e-08
7.59193e-05
3.08832e-05
8.07189e-05
0.00011691
8.74084e-05
5.78336e-05
4.46026e-05
6.81607e-05
4.85829e-06
4.21694e-05
2.75344e-05
6.13084e-06
5.01878e-05
1.4541e-05
6.42155e-05
1.49212e-05
0.00011796
7.13381e-06
2.16366e-05
0.000103469
0.000136539
2.09719e-05
3.96508e-05
8.15154e-05
2.43869e-05
8.67393e-05
0.000199822
7.13041e-05
4.07523e-05
6.81411e-05
3.39674e-05
0.000128837
7.36606e-05
0.000124178
4.79643e-05
1.61453e-07
2.45921e-05
9.58923e-05
3.81365e-05
4.80109e-05
0.00102196
4.62889e-05
0.000195131
3.00917e-05
5.445e-05
7.62603e-05
0.000138486
3.78542e-06
3.49951e-05
2.10124e-05
4.18058e-06
8.35743e-05
4.35111e-06
0.000297558
2.73799e-06
5.82436e-05
4.90318e-10
0.000142261
5.43065e-05
0.000101706
3.93759e-06
7.08708e-05
4.25326e-05
0.000148596
0.000119686
2.69829e-05
9.51079e-05
5.91689e-07
5.67499e-05
5.48217e-05
6.9707e-05
9.87473e-05
1.54298e-09
1.60426e-05
0.000135716
6.95166e-06
8.81832e-05
2.53775e-06
1.22882e-05
6.27269e-05
4.55912e-06
5.94228e-05
0.000130385
2.79039e-05
0.000121621
4.13148e-05
0.000124369
2.91379e-05
5.49093e-05
5.86186e-07
3.73021e-06
0.000170392
7.63596e-05
0.000126068
5.47195e-05
6.43988e-05
0.000158635
1.52549e-05
0.000158551
3.58725e-06
0.000176148
1.42213e-05
3.35331e-05
0.000142655
5.2336e-05
0.000106207
5.01764e-05
0.00067976
4.18918e-05
5.2024e-05
5.93568e-05
4.47154e-05
5.30954e-05
0.000134952
0.000125925
2.87117e-08
6.6562e-05
4.05055e-06
3.27268e-05
1.08946e-05
6.36596e-06
3.75422e-05
4.63148e-05
0.000137511
5.86033e-05
1.58371e-05
5.78828e-05
0.000103385
7.09912e-05
6.62415e-05
7.63725e-05
2.77848e-05
9.84894e-06
0.000160228
5.91007e-05
0.000150938
0.000142484
4.70946e-05
0.000119298
0.000110658
5.67968e-05
0.000130878
4.94115e-05
7.09245e-08
8.49067e-06
0.000177269
0.000262623
0.00014131
1.21242e-05
0.00010571
9.24305e-05
5.1342e-05
0.000119352
0.000157725
8.83791e-05
3.70453e-05
5.03955e-05
5.40756e-05
7.52006e-05
6.79515e-06
6.22957e-05
1.0619e-07
8.79011e-05
0.00109334
5.31122e-05
0.000169761
8.7049e-06
4.79306e-05
0.000100609
2.08338e-05
2.76393e-05
3.80753e-05
1.27092e-08
0.000132452
3.04531e-05
6.66779e-06
6.68656e-05
6.21403e-05
0.000722323
0.00154028
3.65731e-06
6.36591e-05
7.21043e-05
3.56544e-05
6.28276e-05
4.53711e-05
0.000124676
0.000112157
6.02933e-05
3.79017e-05
3.25684e-05
0.000169375
3.82409e-05
5.39519e-05
6.92596e-05
1.04214e-05
3.65518e-07
7.38537e-06
3.21704e-05
7.63152e-06
0.000758059
0.000157298
5.49432e-05
4.47678e-05
4.89906e-05
6.77657e-05
0.000148169
0.000192554
1.92546e-05
0.000149315
8.36265e-05
3.32824e-05
2.93618e-05
7.37346e-05
4.71152e-05
8.04559e-05
1.5388e-05
8.06893e-05
2.6088e-05
5.23048e-05
0.000111275
3.02385e-05
6.88624e-05
6.00582e-05
1.63736e-05
3.45742e-05
7.41662e-05
5.10624e-06
2.76426e-06
1.53525e-06
2.47224e-05
3.25242e-05
0.000318935
9.35386e-05
1.71194e-05
0.000154052
1.30758e-05
9.37287e-05
5.34189e-05
0.000102139
3.35589e-05
1.84015e-05
6.10406e-05
1.70578e-05
1.6657e-05
1.07786e-05
2.52066e-05
5.29321e-05
2.15177e-05
1.31397e-05
6.4239e-05
3.23432e-05
0.000139513
0.000126071
4.44338e-05
7.73868e-05
9.9141e-05
9.56793e-05
6.25031e-06
2.25047e-05
7.97909e-05
5.97261e-05
0.000189757
7.84533e-05
0.000171736
7.748e-05
4.97229e-05
1.16295e-06
3.45905e-05
9.88079e-05
5.33058e-05
8.5957e-05
4.72294e-05
5.62669e-05
7.9001e-05
8.00127e-05
1.87144e-05
7.88575e-06
3.65027e-06
2.83944e-05
5.63458e-05
3.41544e-05
3.06238e-05
4.92944e-06
2.83564e-05
0.000150513
0.000102936
1.24504e-05
0.000102996
2.85125e-06
1.81928e-09
2.96839e-06
0.000102587
3.03665e-06
3.89239e-05
1.18059e-05
0.000110828
9.96894e-05
0.000114907
0.000854445
5.44133e-05
5.46227e-05
9.27025e-07
8.81409e-06
1.25507e-06
9.24956e-05
7.62166e-05
9.39157e-08
6.91849e-06
6.42477e-05
0.000145962
0.000164351
8.9333e-05
9.6162e-05
0.000157276
0.000133375
2.88968e-05
7.79528e-05
0.000155163
0.000101014
6.11275e-05
0.000164716
5.48329e-05
9.48366e-06
5.8461e-06
9.72477e-05
7.92425e-05
9.17876e-05
0.000287114
6.39817e-05
3.55625e-05
7.03724e-05
4.04807e-05
1.2787e-09
3.65172e-05
4.72265e-05
1.12456e-05
4.83869e-05
1.8388e-05
0.000441798
4.95848e-05
8.99067e-05
0.000103201
4.88953e-05
5.55084e-05
6.86614e-06
7.09099e-05
1.04914e-05
0.000135586
7.35255e-05
9.13731e-05
6.49344e-05
5.10924e-05
7.35847e-05
4.41632e-05
6.77643e-10
6.15132e-05
8.28168e-05
8.91173e-05
5.30876e-05
3.5232e-06
3.81749e-06
5.03553e-05
7.22565e-05
0.000165884
4.24997e-05
6.94535e-06
6.92017e-05
8.49677e-05
0.000105842
0.000139032
9.47452e-05
3.36609e-05
9.97531e-05
3.22959e-05
8.14003e-05
4.66581e-05
4.46533e-05
5.70539e-05
6.39018e-05
0.000102794
0.000122955
1.35254e-05
9.97188e-05
1.25399e-05
0.000153906
0.000121692
3.98285e-05
1.80226e-05
5.52558e-05
4.5119e-06
2.26725e-05
4.23107e-05
1.05141e-05
4.37927e-05
7.86571e-05
6.7591e-06
1.10593e-05
1.66171e-05
8.44536e-05
0.000405815
3.96879e-06
8.61173e-05
3.24131e-05
0.000353757
6.00646e-05
2.66165e-05
0.000143611
4.77834e-05
3.09685e-05
7.62142e-05
0.000100687
8.89545e-05
8.42017e-06
1.12205e-05
0.000180237
7.76787e-05
2.29139e-05
5.51289e-05
1.54153e-05
5.29514e-05
6.54566e-10
9.6068e-05
0.00014669
0.000446628
6.24665e-05
0.000948261
6.12426e-05
8.30877e-05
6.27026e-05
6.80865e-05
1.4915e-05
7.19912e-05
2.38767e-05
4.64264e-05
3.66551e-06
0.000123702
0.000176192
3.07333e-05
0.00016082
0.000130967
2.56092e-06
0.000232282
4.10871e-05
2.05135e-06
6.29647e-05
6.38977e-05
5.68335e-05
7.17844e-05
0.000126747
2.99428e-05
9.02189e-05
2.03235e-05
4.44987e-05
4.43284e-05
9.87458e-05
5.20523e-05
0.000898501
8.64945e-05
5.5451e-05
9.2956e-05
0.00025285
3.88281e-06
5.70358e-08
7.31571e-05
3.01652e-05
6.58234e-05
0.000127983
9.47214e-05
0.00011331
4.35606e-05
6.35021e-05
5.01989e-05
3.5239e-05
2.98588e-05
0.000104396
4.27524e-05
2.96545e-05
8.35226e-05
1.82672e-05
0.000108677
8.15489e-05
2.04426e-05
4.19521e-05
5.69876e-05
8.89303e-05
3.02487e-05
5.0734e-05
9.23959e-06
0.000104403
3.0567e-05
1.8955e-06
3.92525e-05
6.4641e-06
1.593e-05
0.000665143
4.39478e-05
1.10865e-05
8.00858e-05
7.49838e-05
8.07761e-05
4.0843e-05
6.3497e-05
7.98114e-05
5.31599e-05
0.000105022
4.81495e-05
3.46693e-05
4.80975e-05
8.44862e-05
0.000131519
0.000109504
0.000144746
8.48335e-05
6.45593e-05
4.57332e-05
7.79039e-05
4.44145e-06
3.11746e-05
2.31738e-05
3.05283e-05
6.06701e-05
0.000119096
3.27073e-05
6.69586e-05
1.28413e-07
0.000100036
3.43905e-05
1.5702e-05
0.000107875
5.70543e-05
2.4846e-05
6.42746e-05
8.92122e-05
6.98131e-05
1.21808e-05
0.000142291
3.16772e-05
0.00166717
0.000168379
1.75511e-05
4.79089e-06
2.88576e-05
3.15274e-05
6.09514e-05
5.2611e-05
0.000186224
0.000146553
0.000137321
8.50794e-06
1.44632e-05
0.000137344
1.06607e-05
4.68564e-05
0.000186855
8.88217e-06
6.62351e-05
3.02945e-05
2.75262e-05
0.00011556
1.64353e-05
5.93103e-05
2.19191e-05
7.79685e-05
1.58588e-05
0.000668826
3.5041e-05
0.000119488
8.62138e-07
6.71259e-06
2.1062e-05
4.04564e-05
0.000983836
0.000133489
9.22965e-06
0.000159024
3.72106e-05
9.96171e-05
1.73557e-05
5.44211e-05
9.01738e-06
2.07834e-05
4.08762e-05
8.97559e-06
0.000128898
0.000131107
0.000673889
6.47133e-05
2.88086e-05
0.00115345
0.000126703
5.85303e-05
1.40726e-05
0.000131319
8.37455e-06
7.06997e-05
5.53167e-05
0.000206272
0.000156177
3.8545e-05
5.7736e-05
0.000144127
5.5708e-06
8.78869e-05
3.21317e-06
8.46761e-06
6.05159e-05
1.78124e-05
2.60028e-05
7.24208e-05
2.28785e-05
3.14223e-05
0.000118101
6.64204e-05
5.11374e-06
7.47189e-05
5.07331e-05
5.27379e-05
6.89827e-07
0.000163029
3.05874e-05
6.49519e-06
4.87882e-05
6.36104e-05
6.92117e-05
4.15265e-05
9.11237e-05
0.00054299
9.5832e-05
0.000156015
8.98515e-05
8.737e-05
0.000147586
2.59662e-05
6.80639e-06
6.28761e-05
6.23846e-05
0.00016297
5.77292e-05
7.73547e-05
2.15885e-06
6.59068e-05
6.5895e-05
6.79637e-05
5.01427e-05
4.8459e-05
6.93483e-05
8.02138e-05
1.66302e-05
5.5184e-05
9.9635e-05
0.000719956
0.000121034
7.44001e-05
1.65573e-06
4.84672e-05
2.52481e-05
1.40306e-05
3.82355e-06
4.833e-08
4.52915e-05
5.40839e-06
5.41876e-05
9.87021e-05
6.32357e-05
0.00252117
2.31661e-06
0.000138033
1.83749e-07
2.46571e-05
9.06628e-05
6.60279e-05
9.23336e-05
2.57207e-05
7.9749e-05
0.000127973
0.000427521
8.9475e-05
7.89087e-05
3.54772e-05
4.69605e-05
7.13891e-06
9.31493e-06
2.85259e-08
3.4426e-10
2.35285e-05
8.64395e-05
2.91812e-05
1.69902e-05
5.38041e-05
6.28969e-05
5.68016e-05
4.68131e-05
4.31288e-09
6.615e-09
0.000135495
3.80805e-06
3.07906e-05
0.000122779
0.000135283
6.60682e-06
6.49535e-05
2.81446e-05
2.73294e-05
8.48949e-05
0.000142999
4.03196e-05
6.95091e-06
8.9898e-05
6.85789e-05
6.02943e-05
4.97623e-06
7.40783e-05
7.0265e-05
3.22389e-05
4.98076e-05
5.17413e-05
8.56776e-10
0.00010982
6.21949e-05
0.00010693
4.60167e-06
1.88197e-06
9.41476e-05
7.97864e-05
3.18298e-05
2.72865e-05
2.05809e-05
5.6458e-05
4.7578e-06
6.34167e-05
5.36018e-05
6.74283e-05
6.46706e-05
1.38874e-05
6.97682e-06
8.47728e-08
6.18112e-05
1.75836e-05
6.75669e-06
3.38138e-05
8.82459e-07
0.000171423
8.65417e-05
0.000188198
6.24299e-05
7.879e-05
7.21011e-06
5.87166e-06
3.92476e-06
0.000169112
0.000134554
5.79331e-05
2.96891e-05
0.000118521
8.29195e-06
8.14006e-05
5.32598e-05
1.6672e-05
1.11307e-05
3.45633e-05
1.06837e-05
6.67381e-05
2.91509e-05
2.05361e-06
4.75441e-06
3.43835e-05
7.00756e-05
2.66423e-05
8.0066e-05
8.92927e-06
3.72336e-05
5.44444e-05
3.1022e-05
0.000108531
1.93878e-05
5.61577e-05
3.25494e-05
0.000107594
1.0658e-06
7.80911e-05
0.00013803
3.5002e-05
0.000124112
2.8176e-05
9.37919e-06
0.000195504
9.73104e-05
3.83183e-05
7.37774e-05
1.48201e-07
9.1307e-08
2.79798e-05
3.79228e-05
5.40182e-05
4.58085e-05
2.79472e-05
4.77003e-06
4.21231e-05
8.44635e-05
3.22561e-06
6.58377e-06
1.78998e-05
7.03389e-05
3.16918e-05
2.29703e-05
1.05912e-05
2.22209e-05
4.13598e-05
0.000104636
0.000141281
0.00109352
6.14239e-05
6.67984e-05
2.65365e-05
4.926e-05
5.06635e-05
5.06205e-05
7.4141e-06
9.8486e-06
1.83024e-05
3.62136e-05
5.80268e-05
0.000141428
9.95983e-05
8.45782e-05
0.000141586
4.97983e-05
1.87727e-05
0.000131706
7.71068e-05
9.12619e-05
3.29222e-05
6.7354e-05
6.1584e-06
0.000156839
4.84793e-05
0.00320794
0.000140129
3.05227e-05
2.01295e-07
8.76979e-05
7.6029e-06
7.34264e-05
3.75089e-05
0.00016338
1.03923e-05
0.000108667
6.05742e-05
2.58712e-05
0.000163321
2.13302e-05
0.000382552
0.000217238
5.78569e-05
1.04493e-07
0.000133801
2.76561e-05
9.40345e-05
0.000159912
6.82491e-05
2.35506e-05
5.41289e-05
0.000108136
4.28238e-05
6.53533e-05
8.68935e-06
4.59069e-08
6.93807e-05
2.58712e-05
8.80347e-05
6.43626e-05
4.54216e-05
9.12875e-05
0.00010696
7.72437e-05
2.3573e-05
0.000148176
3.76164e-06
0.000116974
4.10998e-05
3.29249e-06
3.36462e-05
0.000103763
1.6491e-05
7.744e-05
7.8362e-05
0.000112979
6.36856e-06
6.40982e-05
0.000100805
4.14346e-05
6.70211e-05
0.000165512
0.000118987
2.592e-05
0.000141515
3.85424e-06
0.000184884
0.00012626
0.000131902
7.96777e-05
4.73001e-05
6.50448e-05
7.63205e-05
6.44823e-05
5.61936e-05
2.92962e-06
4.94793e-05
0.000416777
4.59038e-05
5.12487e-05
1.28385e-05
0.00013008
8.15506e-05
2.14668e-05
9.84159e-05
8.93127e-05
0.000103652
0.000145715
0.000119993
2.23235e-05
0.000128644
0.000203044
6.33111e-05
9.05536e-05
1.9734e-05
0.000136254
3.05585e-05
8.04751e-05
0.000114601
4.88583e-06
4.9576e-05
1.15937e-05
6.38155e-05
1.6876e-05
9.71944e-05
2.98912e-05
2.83322e-05
4.15511e-06
8.35682e-05
2.6534e-05
0.000135996
4.47489e-05
1.32283e-05
7.03955e-05
1.53825e-05
0.000118545
6.55662e-05
4.34046e-05
3.59053e-05
0.000863364
1.86687e-05
2.38638e-05
6.69818e-05
0.000131497
4.47884e-05
1.72138e-05
9.91823e-05
9.41691e-05
9.99361e-05
0.000100436
4.66189e-05
0.00177665
7.08501e-05
2.02697e-05
8.33032e-09
9.13499e-05
3.35718e-05
8.73852e-05
9.11788e-05
7.04809e-05
7.58548e-06
0.000150485
6.1895e-05
6.87611e-06
0.000161352
8.68703e-05
6.312e-05
5.94999e-05
0.000753389
9.54849e-06
3.79029e-06
9.76772e-06
3.99279e-05
1.66193e-05
8.92524e-05
2.36369e-05
6.03986e-05
8.53103e-05
1.61737e-05
0.000109343
0.00012486
5.82638e-05
2.91721e-05
4.81199e-05
0.000119219
4.22555e-05
0.000124852
5.51554e-05
1.41115e-05
7.58119e-05
4.78566e-05
0.000136003
6.54489e-05
3.27586e-05
4.76387e-05
8.68713e-05
5.94836e-05
7.98984e-05
2.94424e-06
0.00011979
1.87097e-06
6.15076e-05
6.27732e-05
2.5447e-05
6.68633e-05
5.6981e-05
7.08545e-05
6.17599e-05
0.000127569
1.09794e-05
1.04445e-05
0.000132137
1.14853e-05
1.21933e-09
2.55751e-05
3.98127e-05
9.49969e-05
8.82099e-05
7.50257e-05
1.88348e-06
5.07135e-05
6.60128e-05
2.84006e-05
0.000109498
0.000134091
0.000166691
0.000137392
3.23429e-05
7.16856e-06
8.15903e-05
0.000148001
6.91341e-06
6.34317e-05
3.36789e-05
1.89775e-05
9.35376e-05
0.000111637
0.000134587
0.00113791
6.26672e-05
5.49739e-05
7.39002e-05
8.82012e-05
8.08206e-06
9.78877e-06
5.21167e-05
0.000117978
2.07609e-06
6.77097e-07
0.00206719
9.51624e-05
1.93112e-05
0.000106365
7.8787e-05
8.51273e-05
1.4342e-05
0.000107211
3.83597e-05
2.16981e-05
7.29344e-05
1.50162e-05
6.66703e-05
8.42463e-05
6.57059e-05
0.000166529
0.000103552
2.83134e-05
4.73379e-05
7.87129e-05
6.06145e-05
7.90812e-05
2.95831e-05
2.96113e-06
4.62852e-05
0.000169263
4.62454e-05
0.000114464
7.19039e-06
5.56669e-05
4.84308e-05
7.43202e-05
0.000692379
0.00017681
8.41119e-05
5.97524e-07
5.05254e-05
3.1567e-05
1.62994e-05
8.39166e-05
1.98748e-05
2.9008e-06
6.9329e-05
0.000121338
0.000102455
3.50902e-05
6.41059e-06
4.38334e-05
6.45945e-05
1.24728e-05
2.64781e-09
0.00014329
8.06556e-05
2.36369e-05
4.87715e-05
3.52973e-06
0.000106248
5.27607e-05
2.69985e-05
0.000176639
6.6448e-05
3.17959e-05
1.58622e-06
4.67494e-05
7.28359e-05
3.83858e-06
0.000362569
3.30654e-05
0.000101536
3.23964e-05
4.03955e-05
7.87478e-05
6.36299e-05
1.37081e-05
0.000104021
5.38606e-06
0.000113506
7.65192e-05
7.95932e-06
8.53846e-05
5.38122e-05
5.86642e-05
0.000113803
6.03736e-06
0.000133697
3.12682e-05
1.92598e-05
6.95592e-05
1.71971e-05
8.85895e-05
0.000130729
0.000100857
0.000127089
0.000129717
0.000110264
7.86121e-05
6.68612e-06
0.000153423
4.58069e-06
6.3035e-05
9.1991e-05
8.0055e-05
8.63733e-05
5.96998e-05
3.77168e-06
5.34786e-05
2.90196e-05
2.48048e-05
5.41678e-05
8.67646e-05
4.32904e-05
4.07443e-05
0.000130321
4.19788e-05
7.20852e-05
7.6101e-05
0.000148261
3.25356e-05
5.27025e-05
1.96265e-05
8.99046e-07
3.06113e-05
0.000300821
0.000179021
5.64305e-05
0.000133559
7.27802e-05
3.87766e-05
0.00010866
9.08736e-06
2.54703e-05
2.52826e-05
3.10004e-05
4.48221e-05
1.68626e-05
2.52646e-05
4.85492e-05
5.95188e-05
3.95976e-05
0.000138191
1.8541e-05
6.94276e-05
0.000225578
6.37251e-05
6.34054e-05
1.70613e-05
4.57004e-05
4.56131e-05
0.000150766
8.48402e-05
5.55655e-06
4.40457e-05
0.000150165
3.99101e-05
6.43069e-05
3.21881e-05
6.26515e-08
7.6787e-05
7.24111e-06
2.64852e-06
0.000117146
2.78974e-05
2.67928e-06
6.91153e-05
4.42834e-05
2.18953e-05
1.07671e-05
4.26734e-06
1.54585e-05
2.91395e-05
2.3359e-06
0.000109404
6.64834e-05
6.76299e-05
5.60467e-05
7.75842e-05
1.00534e-05
0.000133503
7.12149e-05
0.000108438
4.76261e-05
3.04121e-05
1.74521e-05
0.000172183
3.95605e-05
3.39351e-05
7.03231e-06
0.000143277
6.83622e-05
0.000104233
7.64675e-06
4.9091e-05
0.00013055
0.000100342
0.000148876
6.14778e-05
8.40992e-05
0.000134437
4.2983e-05
7.20156e-05
5.60567e-06
5.44356e-05
6.47008e-05
7.3821e-05
1.00768e-08
0.000180204
1.36958e-10
0.000111381
7.41454e-05
5.99899e-05
4.82192e-06
8.17486e-05
6.21545e-05
5.19778e-05
6.02647e-06
7.84333e-05
2.28366e-05
6.78074e-06
0.000148653
0.000106124
0.000124958
5.70175e-05
5.6349e-05
2.36267e-05
3.10051e-06
0.000133734
0.000125287
0.000180064
5.38963e-05
4.41995e-06
0.000139046
8.97127e-05
9.03714e-05
7.26833e-05
4.14406e-07
6.1961e-05
6.14557e-06
8.16421e-07
2.01714e-05
1.03791e-06
0.00010848
1.16667e-05
1.63128e-05
2.5855e-05
9.58576e-05
1.9361e-05
0.00010061
9.76986e-05
0.000146977
8.33262e-05
8.83423e-06
0.00011058
0.000113437
3.77081e-05
4.54363e-05
0.000167955
9.73415e-05
7.40508e-06
2.85564e-05
4.83937e-05
7.44919e-05
3.16656e-05
3.32716e-05
4.58771e-06
3.3329e-05
6.73222e-05
8.22773e-05
3.61166e-05
3.04867e-05
5.329e-05
2.13441e-05
4.33769e-05
7.81671e-05
7.84612e-06
0.000120193
2.39722e-05
0.00161741
0.000114574
0.000103833
1.4845e-05
7.93731e-05
7.39805e-05
8.38453e-05
0.000145768
2.68323e-05
6.2923e-05
7.22971e-05
4.52218e-05
0.000108715
9.05447e-06
1.11444e-05
7.65158e-05
0.000133367
0.000101674
6.41498e-05
0.000142046
0.000153301
0.000162211
3.77183e-06
8.16265e-05
0.000127504
7.89291e-05
4.73219e-05
7.65497e-05
3.40965e-10
2.7638e-07
2.43041e-05
0.000120855
2.2065e-05
6.86756e-06
5.98465e-05
8.80242e-05
3.08975e-05
1.13572e-05
6.9467e-06
9.23769e-05
1.9474e-05
3.21081e-05
0.000121025
5.98394e-05
2.91041e-05
8.77598e-05
6.4661e-05
0.000138742
2.72703e-06
8.62701e-05
1.05737e-06
7.86411e-05
8.18648e-05
2.43703e-06
5.74832e-05
0.00148829
9.56206e-05
0.000152187
3.93378e-05
2.43347e-05
8.52548e-05
6.98693e-05
5.90303e-05
3.71989e-05
7.63884e-05
3.71688e-05
4.94512e-05
8.26002e-08
3.88824e-05
5.59074e-05
5.47297e-05
6.77164e-05
6.64564e-05
0.000167439
0.000329329
7.3743e-05
0.000181207
4.2547e-06
1.18569e-05
4.13676e-05
9.47181e-05
9.20057e-05
6.60048e-05
3.49958e-05
5.17757e-05
8.11155e-05
6.93642e-05
6.71012e-05
7.71022e-05
7.03263e-05
7.758e-05
1.42935e-05
6.12651e-06
4.98972e-05
0.000124461
0.000143969
1.06812e-05
0.000114375
0.000132614
5.8379e-05
4.98698e-05
7.07709e-05
9.31139e-05
0.000152433
6.62514e-05
0.000163941
0.000146632
5.12749e-05
2.52893e-05
0.000144929
4.7714e-05
7.61262e-05
5.70847e-05
1.42283e-05
1.56349e-05
7.46157e-05
0.000161806
8.12776e-05
8.9559e-05
0.000132526
3.61479e-05
1.38342e-05
3.95138e-06
6.42394e-05
0.000127913
8.43863e-05
8.87635e-05
2.56385e-06
5.46589e-05
0.000123158
5.4851e-07
1.00552e-05
2.65743e-05
0.000126816
0.000102633
1.01611e-05
9.50301e-05
0.000144366
4.20442e-06
2.95449e-05
0.000108328
9.79369e-06
5.12028e-07
0.000150384
5.82207e-05
8.80911e-05
3.58621e-05
5.96493e-05
0.000117915
2.26885e-05
1.19547e-05
1.67044e-06
2.71206e-05
7.29995e-05
1.35326e-05
5.26692e-05
8.49681e-05
2.74411e-05
0.000119688
3.54498e-05
3.85049e-05
4.02314e-05
6.2731e-05
0.000132222
6.42676e-06
7.64038e-05
8.41873e-05
2.74079e-05
7.06034e-06
1.93225e-06
3.32632e-05
3.06882e-05
1.6746e-05
6.14995e-05
0.000130731
0.000126185
3.83699e-06
2.54363e-05
7.28021e-05
6.84714e-05
2.55819e-05
2.68496e-05
1.36963e-05
2.16545e-05
1.53944e-05
5.75931e-05
7.89013e-05
6.07836e-05
6.2775e-05
0.000109534
0.000117055
7.41337e-05
7.19405e-05
5.00472e-05
9.91351e-06
3.10657e-05
1.01e-05
1.76153e-05
2.36231e-06
3.51415e-05
0.000112598
2.79891e-05
4.22309e-05
0.000163968
4.46397e-05
2.10703e-05
0.000169554
4.28925e-05
5.89616e-06
0.000187141
9.84878e-08
4.82772e-05
8.16517e-05
4.80519e-07
9.6728e-06
8.09503e-05
5.283e-05
0.000158128
0.000155786
0.000135653
3.76345e-05
0.00012045
0.000180085
9.34185e-05
9.9094e-05
9.8226e-05
0.000104121
1.03406e-05
0.0013199
5.63054e-05
4.12046e-05
0.00014722
1.35714e-05
0.000103897
2.59211e-06
6.42346e-05
0.000160743
0.000117467
0.000176496
0.000138198
5.5752e-05
6.72802e-05
0.000716219
8.45321e-05
9.41611e-08
0.00013929
2.5683e-05
2.77612e-06
3.55677e-05
0.000131843
4.41545e-05
9.02374e-05
9.53115e-05
2.55917e-05
8.06034e-06
8.55985e-05
8.6044e-05
1.76824e-06
3.90052e-05
9.97513e-05
4.91984e-05
2.8847e-05
0.000258426
3.5352e-05
7.97257e-07
0.000139874
0.000168563
7.67722e-05
0.000295246
0.000153074
1.86612e-06
0.000152828
0.000160264
2.51229e-06
6.99701e-05
4.62116e-05
6.98655e-05
0.000107095
0.000135456
6.58092e-05
6.05942e-05
6.2408e-06
2.22164e-05
8.31962e-05
1.72032e-05
5.62817e-05
3.99657e-05
8.1042e-05
1.71575e-05
4.27421e-05
6.85033e-06
2.28307e-05
1.04561e-05
0.000150351
6.68594e-10
1.64402e-06
2.80694e-05
5.6233e-05
0.0001248
5.91941e-05
7.70195e-05
0.000309631
1.01527e-07
0.000165687
5.60328e-05
0.000108935
6.75815e-05
0.000135029
3.53677e-05
1.65865e-06
8.85922e-05
6.69954e-05
3.46396e-05
0.000148851
2.99328e-05
3.58394e-05
1.02185e-05
4.01267e-06
5.30465e-05
6.0725e-05
7.79583e-05
8.00655e-05
3.23568e-06
5.58457e-06
0.000120836
0.000249411
8.00322e-05
0.00040594
5.57658e-05
0.00013776
8.49808e-06
0.000146311
4.90746e-05
5.91449e-05
9.46629e-06
0.000130921
0.000162424
9.96798e-08
5.40394e-05
2.6461e-05
5.314e-05
6.19058e-07
3.30979e-05
5.86082e-05
4.91199e-06
3.93835e-06
0.000108022
6.99244e-05
0.000109001
0.000596021
0.000148945
5.46839e-05
1.08868e-05
2.95651e-06
0.000103656
7.06116e-06
0.000164872
1.76122e-07
5.35922e-05
1.67235e-05
0.000103765
8.36305e-05
0.000114262
6.66841e-05
1.67209e-05
8.36512e-05
7.46933e-05
1.2102e-05
8.5372e-05
7.21025e-05
8.91838e-05
1.45826e-06
5.23809e-05
2.76238e-05
2.41808e-05
2.89561e-05
0.00040147
4.05987e-06
4.20268e-06
0.000153307
1.88701e-05
8.08605e-06
0.000143594
1.40205e-06
4.74027e-05
4.79965e-06
1.17581e-05
5.68652e-05
7.53524e-05
0.000132045
8.2941e-05
4.06448e-06
7.68281e-05
3.81481e-05
5.68335e-05
5.00962e-05
3.73681e-05
3.80463e-06
3.7777e-06
4.76848e-05
0.000189588
5.81546e-05
5.56556e-05
0.000184828
7.16181e-05
6.29523e-05
9.10344e-05
9.9714e-05
0.00011492
7.04685e-05
3.03162e-05
2.66536e-05
8.06537e-05
7.29448e-05
0.000102194
2.83688e-05
2.16641e-05
2.55256e-05
8.63466e-05
4.07029e-05
2.43647e-05
0.000119287
9.49631e-05
3.04022e-05
6.44838e-06
3.92481e-05
6.87223e-05
4.04183e-05
1.40457e-05
2.40086e-05
6.28953e-06
5.58633e-05
9.80569e-05
2.29399e-09
8.54412e-05
0.00010716
4.93459e-05
1.3179e-07
4.07357e-05
0.00012664
0.000127849
0.000128681
9.58936e-05
1.41394e-06
2.79655e-05
0.000986287
3.75668e-05
6.41446e-06
6.18982e-06
3.32836e-05
9.95127e-05
3.53712e-05
1.1047e-05
3.31611e-05
3.01631e-07
0.000125219
9.98123e-09
7.63939e-05
7.70951e-06
3.85124e-06
4.88138e-10
0.000161828
7.08621e-05
6.42649e-05
0.000112307
0.00010604
6.49815e-05
0.000379059
0.000161131
9.96301e-05
1.09407e-05
6.92386e-05
8.55013e-05
8.5277e-05
0.00207623
6.98955e-05
9.62454e-05
0.000148434
8.12314e-05
2.83443e-05
0.00013242
1.91281e-05
9.99563e-05
7.2961e-05
0.000197889
1.09881e-05
1.02709e-05
1.52138e-05
5.09826e-05
6.15313e-05
0.000165796
5.50994e-05
1.79539e-05
6.33615e-05
6.88764e-06
3.61239e-05
5.8565e-05
6.40192e-05
0.000109323
3.3043e-05
0.000160419
6.27475e-05
6.48769e-05
3.54863e-06
1.11757e-05
5.44324e-07
0.000140249
7.94781e-05
8.72962e-05
2.06833e-06
5.68628e-05
0.000134548
3.6909e-05
8.49074e-06
6.39666e-05
3.87761e-05
2.35635e-06
0.00101718
2.63339e-05
0.00014435
6.66896e-05
4.04277e-06
0.000301437
3.68214e-05
7.94875e-05
6.07534e-05
7.58835e-05
4.88051e-06
3.00378e-05
3.94298e-05
2.2827e-05
7.5728e-05
2.39954e-05
5.9218e-06
1.40844e-05
9.98204e-06
3.26208e-05
6.04957e-05
0.000103297
2.99556e-05
0.00018629
2.52811e-05
1.64348e-05
1.81457e-05
6.83173e-06
4.91561e-05
3.31783e-05
3.9396e-05
1.61932e-05
0.000107015
0.000634504
5.32121e-10
0.000155456
7.30382e-05
0.000106136
4.13911e-05
9.03106e-05
9.06292e-05
7.44782e-05
0.000552047
1.74483e-05
7.77137e-06
0.000101353
9.99957e-05
0.000303403
5.23286e-05
0.000154562
6.66186e-05
2.28326e-05
9.94667e-05
7.24519e-05
3.04644e-05
1.10439e-06
3.08902e-05
6.82242e-05
2.39102e-05
3.48938e-05
8.48249e-05
9.07631e-05
4.05327e-05
0.000134789
1.0284e-05
0.000142042
2.61168e-05
4.19602e-05
6.60139e-05
2.84691e-05
4.81909e-06
8.26418e-05
5.2191e-05
3.55635e-05
6.36269e-05
5.44525e-05
0.000131867
0.000136083
1.19374e-05
3.24782e-06
4.86438e-05
0.000173369
4.17526e-05
9.54592e-06
2.45554e-05
8.95965e-05
2.64373e-06
2.38902e-06
0.000159141
4.696e-06
2.81771e-05
0.000116736
2.22252e-06
4.37554e-05
5.86594e-05
0.000126504
1.05605e-05
6.77982e-06
0.000140081
3.2743e-05
5.08363e-05
0.000178593
2.23641e-05
0.000169777
5.67198e-05
0.000518937
0.000208107
7.2568e-05
3.46742e-05
8.57431e-05
3.57636e-06
0.000123304
1.7239e-05
0.000105817
1.38975e-05
0.000122477
0.000166051
9.10564e-05
8.13392e-05
5.36812e-06
5.30396e-05
9.9384e-05
4.52261e-05
6.93443e-05
0.000183427
0.000665684
0.000101869
2.69499e-05
0.000416624
5.70968e-05
5.8876e-05
0.000111837
9.49303e-05
9.65079e-05
8.56553e-05
7.84734e-05
0.00104888
8.14672e-05
7.28118e-06
1.3637e-05
3.36675e-05
0.000153229
0.00452432
4.11113e-06
3.30054e-05
6.74881e-06
0.000123649
1.59893e-05
2.10131e-05
1.81366e-05
6.46338e-05
0.000106651
0.000144955
8.00945e-06
4.7583e-05
8.38228e-05
1.5658e-05
5.49768e-05
2.07853e-06
0.000160212
0.000132701
5.24551e-05
0.000168703
7.3032e-05
2.96245e-05
0.00012132
1.35676e-05
3.8252e-06
0.000189444
3.97537e-05
3.55232e-05
0.000636882
0.000114332
5.5568e-05
8.37797e-05
4.34547e-05
4.84253e-05
2.70372e-06
9.74581e-05
2.07599e-05
0.00124007
8.48508e-06
6.79662e-05
1.08642e-10
7.02731e-05
2.97707e-05
1.04485e-05
9.34317e-10
6.25367e-05
0.000177706
8.23272e-05
0.000144651
0.000146817
0.00534611
7.72863e-05
0.000121363
2.91114e-05
0.000154856
0.000166864
4.29686e-05
2.86587e-05
4.12677e-05
3.08724e-05
8.24155e-05
2.9226e-05
0.00339182
7.03316e-06
2.29023e-05
4.33068e-05
1.51866e-06
2.66706e-05
8.88299e-05
4.68705e-05
0.000214036
4.86861e-05
2.62512e-05
9.80258e-05
0.000186332
8.52716e-05
1.32241e-05
1.85414e-06
3.72633e-05
0.000137652
9.35304e-05
2.83387e-05
0.000133645
6.39178e-05
6.38339e-05
0.000101485
3.23439e-05
9.27628e-05
0.000157038
0.000131815
1.36121e-05
6.06731e-05
7.63591e-05
9.66104e-05
0.000156074
0.000541152
3.99342e-05
4.07845e-05
5.27292e-05
8.68546e-05
0.000139473
5.34575e-05
0.00103317
0.000717907
2.56341e-05
2.01175e-06
3.85656e-06
0.000104773
2.24506e-05
6.37999e-05
3.81083e-05
0.000100322
3.66529e-05
4.07157e-06
0.000171212
7.13761e-06
2.61076e-05
0.000271606
7.50304e-06
4.46046e-06
8.84949e-05
0.000142897
9.24235e-05
4.87948e-05
5.79334e-06
7.11728e-05
5.63546e-05
1.55833e-06
0.000140426
0.00638227
5.5678e-05
4.78505e-05
2.80981e-05
0.000113829
9.12308e-05
8.82853e-06
2.12659e-08
5.9328e-05
3.22778e-05
6.61613e-05
0.000183026
8.10188e-05
0.000114675
0.000119872
5.99351e-05
0.000166182
9.02363e-07
5.92598e-05
0.000962847
0.000449515
2.79722e-05
1.36455e-06
6.44295e-05
2.71289e-05
5.53299e-06
0.000262862
9.36345e-05
1.77373e-05
0.000165795
3.78308e-05
2.83753e-05
3.71225e-05
2.0697e-08
3.27906e-05
0.000108606
3.59109e-06
0.000180224
0.000176258
7.61294e-05
9.89959e-06
3.04132e-05
9.21757e-07
1.56672e-05
6.10925e-05
6.0006e-05
3.31776e-06
5.45464e-05
5.36839e-05
7.11576e-05
5.8968e-05
3.23869e-05
8.22445e-05
0.000101017
4.61423e-05
0.000304071
0.00015362
0.000341943
1.02151e-05
3.57746e-05
6.27816e-05
2.188e-06
9.16214e-05
8.80228e-05
0.00089915
2.84289e-05
9.43498e-05
4.38859e-05
8.01555e-05
4.89837e-05
3.82715e-06
5.05348e-05
7.26811e-05
3.54439e-06
2.03491e-05
6.41293e-05
9.23713e-05
0.000105475
0.000127534
7.65014e-05
4.37222e-05
5.11198e-05
8.12535e-05
0.000145805
6.43221e-05
1.76762e-05
3.44488e-05
2.83631e-05
9.05463e-05
7.28008e-06
3.97268e-05
1.76383e-05
4.51968e-05
3.08029e-05
6.98525e-05
0.000163191
3.00143e-05
8.00116e-06
6.68526e-05
7.42048e-05
5.27341e-05
2.51179e-05
3.03423e-05
7.27251e-05
3.23516e-05
6.63382e-05
3.40454e-05
5.27214e-05
3.67628e-05
3.67254e-06
1.06248e-05
0.000141406
0.000120337
6.39765e-05
8.24144e-05
4.9865e-05
1.82161e-05
0.000101098
0.000142768
8.62687e-05
1.3799e-05
0.00019094
6.86424e-06
0.000183311
0.000107072
5.30003e-05
0.00016748
3.55716e-05
2.47559e-05
0.000103911
8.1715e-05
2.69314e-06
3.12543e-06
0.000134776
0.000122089
4.8172e-05
0.000134858
0.000140609
2.99967e-05
0.000123342
4.68635e-05
7.07734e-05
0.000134573
6.33314e-06
3.30597e-05
6.25298e-05
0.000135398
4.71339e-05
8.70961e-05
1.5978e-06
7.26714e-05
8.56985e-05
0.000382088
1.78848e-05
7.16262e-05
3.8674e-06
5.7682e-05
4.97897e-05
0.000141768
5.20113e-06
4.99922e-05
5.90833e-05
6.76167e-06
0.000113491
6.17487e-05
6.46412e-05
0.000170314
3.79584e-05
0.000116843
3.25355e-06
2.00707e-05
5.51293e-05
6.86852e-05
1.19973e-05
2.93243e-05
7.702e-05
9.03947e-05
0.000126513
9.59242e-05
0.000160375
0.000102292
8.98369e-05
6.17359e-05
7.21442e-05
0.000125298
3.85289e-05
2.07669e-05
3.04615e-05
7.07784e-05
1.2333e-05
7.82536e-05
9.91811e-05
4.27168e-05
0.00015426
0.000775431
6.09444e-05
0.000100059
6.34698e-05
7.91198e-05
4.15656e-05
2.05887e-05
0.000205819
0.000113122
0.000162645
0.000113362
0.000141541
7.08539e-06
8.17856e-05
9.24186e-05
9.81076e-05
0.000494916
1.11241e-05
7.38941e-10
8.5084e-05
0.000126929
8.58884e-06
1.04186e-05
3.01119e-06
7.41472e-05
0.000138843
4.89911e-05
0.000141191
4.07437e-05
4.65812e-05
9.1068e-08
6.11504e-06
3.70427e-06
1.35168e-06
7.62122e-05
3.941e-06
7.98393e-05
0.000624237
1.63303e-05
2.93208e-05
3.92736e-05
8.83262e-05
0.000107097
2.72608e-05
6.30166e-05
0.000116491
0.000100972
5.39064e-05
7.98491e-05
5.62756e-05
7.01259e-05
4.27608e-05
3.32307e-06
0.000123985
1.55599e-05
7.87341e-05
0.000154937
8.23233e-06
1.08115e-07
2.3502e-05
1.16068e-07
0.000159817
0.000161708
0.000639931
3.63274e-05
1.99165e-05
0.000182847
0.000115883
2.08124e-05
0.000194239
6.41765e-06
5.30664e-06
9.32389e-05
7.84972e-05
5.74194e-06
0.000117912
1.62773e-05
0.000133558
3.45104e-06
0.000106965
3.34931e-05
4.47276e-05
5.86005e-05
0.000147194
0.000172566
6.91216e-06
3.15685e-05
0.00125502
5.20473e-05
0.000109162
0.000169335
2.97154e-07
8.58371e-05
6.99943e-05
3.00659e-05
0.0001686
0.000197579
0.000124832
0.000125189
7.96468e-05
6.29113e-05
0.000116061
2.55778e-05
3.48079e-05
0.000103442
7.92635e-05
3.68322e-05
0.000117003
9.03346e-05
3.18543e-05
3.23424e-05
2.12296e-05
1.83951e-05
3.12063e-05
0.000677097
2.52071e-05
3.97616e-06
1.75364e-05
7.87022e-05
4.08783e-05
8.08109e-05
9.90674e-05
6.7258e-05
7.06223e-06
0.000100035
1.66248e-06
0.000195172
8.26521e-06
7.03548e-06
9.2767e-05
8.35206e-06
0.000143516
1.52668e-05
6.16166e-05
1.92536e-05
1.42099e-05
7.58979e-05
2.14772e-05
2.24092e-05
6.01823e-05
1.02913e-07
6.13615e-06
3.52174e-05
1.64878e-05
3.53363e-05
0.00013889
0.000112121
4.93331e-05
3.61097e-06
6.02637e-05
2.65596e-06
0.000101857
8.03926e-05
4.25382e-05
7.59124e-05
0.000117963
1.4469e-07
7.33362e-05
4.93052e-05
0.000174468
4.53743e-05
2.00514e-05
8.48411e-05
0.000100485
0.000144796
3.15299e-05
5.91415e-05
2.7366e-06
7.36849e-06
7.45092e-06
9.25423e-05
7.37068e-05
1.69161e-05
0.000160555
6.56076e-06
5.63259e-05
9.87323e-05
5.74617e-05
0.000158077
0.000142857
1.77005e-05
6.98942e-06
3.03969e-05
4.15917e-06
2.52866e-05
6.12453e-05
0.00112629
6.45136e-06
2.94766e-05
4.4618e-05
7.86487e-05
6.48745e-05
0.000139392
0.000133894
3.01394e-05
0.000745598
2.81211e-06
3.92474e-05
0.000111328
0.000108801
5.10502e-05
9.80485e-05
1.24142e-06
4.60234e-05
6.55446e-06
4.00689e-06
4.28352e-05
6.14727e-06
7.26544e-05
3.20597e-05
0.00035291
3.06812e-06
2.97578e-05
4.4212e-05
6.53399e-05
0.000118766
8.63648e-05
8.03404e-05
7.84641e-06
1.51642e-05
0.000131616
4.2013e-06
2.28716e-05
2.60607e-05
3.28899e-05
0.000104028
5.71224e-05
0.00121123
2.9161e-05
0.00146174
7.84812e-05
3.74187e-06
0.000179883
5.5653e-05
7.14847e-05
2.21097e-06
8.99948e-05
2.56171e-05
7.10988e-05
0.000106128
0.00128729
3.61294e-05
4.25615e-06
7.01428e-05
9.04014e-05
0.000172121
1.60734e-05
8.96079e-05
0.00105936
1.89873e-05
5.54695e-05
1.0721e-05
1.07255e-06
0.000153224
3.45212e-05
7.87773e-06
0.00107602
8.90444e-07
9.31498e-05
6.68275e-05
0.000152129
0.00100577
0.000746708
5.46382e-05
1.39072e-05
9.86257e-05
0.000155328
1.9046e-05
0.000103816
7.86423e-05
7.2763e-05
7.32389e-05
5.24548e-05
7.2827e-05
0.000154191
0.000164002
4.10934e-06
6.47428e-05
0.00011543
6.63555e-05
2.82865e-05
0.000136725
3.70117e-05
0.000160071
3.51232e-06
8.24482e-05
5.67834e-07
6.47449e-05
5.82899e-06
7.25866e-05
6.46575e-05
0.000105717
0.000159634
7.26406e-05
2.63623e-05
0.000115904
0.000113601
9.57481e-05
3.8494e-10
3.58546e-05
2.35678e-05
9.81874e-06
3.40651e-06
0.00012726
0.000283696
0.000114021
7.40106e-05
0.000128732
2.67915e-05
1.76845e-09
6.7062e-05
6.82461e-06
3.76568e-05
5.12905e-05
3.11575e-05
4.04452e-05
8.41361e-05
6.46356e-05
9.98377e-05
2.22112e-05
3.70277e-05
7.93849e-06
1.95127e-05
0.000168373
2.63272e-05
6.87655e-05
3.61018e-05
7.66476e-05
7.24484e-05
6.26821e-05
1.86046e-07
1.15068e-05
6.3346e-05
2.55252e-05
6.79915e-05
0.000116285
2.93297e-05
3.28395e-06
7.68974e-05
0.00040428
5.58752e-07
8.4864e-05
7.0412e-05
1.7606e-05
1.3331e-05
2.31554e-05
2.1666e-08
7.35426e-05
3.94969e-05
6.76305e-06
1.67964e-05
0.000129892
6.99426e-05
9.4818e-05
3.18206e-05
9.44515e-05
0.000154269
8.04437e-05
1.02226e-05
0.000259863
4.30427e-05
7.00866e-06
1.12572e-07
6.47755e-05
4.47071e-05
6.48104e-05
9.4586e-06
6.72307e-05
5.77079e-05
5.28424e-05
1.7588e-05
0.00014509
0.000623666
0.000120289
8.69053e-05
1.92229e-05
6.77277e-06
1.73017e-05
0.000154018
0.000126266
0.00015439
0.00019595
4.72058e-06
5.6467e-05
4.18975e-06
0.00015959
7.82246e-05
7.39797e-05
5.91618e-06
3.26268e-05
5.10492e-05
0.000219155
6.68201e-05
6.49262e-05
8.81419e-06
4.70567e-05
2.08093e-05
2.27583e-06
6.97482e-05
2.36299e-06
0.00016338
1.53339e-05
1.18567e-08
7.21795e-05
0.000103631
8.52883e-05
1.38571e-05
4.2061e-05
2.32349e-07
1.74084e-05
0.000122243
7.11151e-06
5.41851e-05
7.01416e-05
9.61999e-05
0.000177244
7.49673e-05
7.0754e-06
3.18855e-05
4.70415e-05
0.000106784
5.77624e-06
1.20097e-05
2.14179e-05
3.88244e-05
0.000153616
3.51152e-05
5.49045e-05
8.35064e-05
4.91931e-05
8.78869e-05
3.59357e-05
1.44937e-05
9.90626e-05
2.51514e-05
4.1339e-05
2.85122e-05
3.82947e-05
6.4794e-05
0.000110438
7.9471e-05
1.70547e-05
3.18511e-05
8.64071e-05
5.64674e-05
1.73285e-06
1.92259e-06
4.87685e-05
6.88557e-06
3.43201e-05
3.21444e-05
2.35269e-05
3.09149e-05
0.000126663
8.38252e-05
6.4107e-06
7.85601e-05
0.000996673
6.2309e-05
3.09873e-05
0.000130489
6.57224e-05
4.67418e-05
0.000115931
5.72465e-05
5.54869e-05
0.000105455
2.64188e-05
6.27603e-06
8.95301e-05
0.000111493
3.16452e-06
5.66048e-06
9.83583e-05
0.00118128
4.09623e-05
8.34843e-05
7.90572e-06
6.43054e-05
3.20509e-06
0.000135
9.91627e-06
0.000172007
0.000115344
1.25424e-06
2.25385e-05
0.000159935
0.000107554
8.91358e-05
2.17628e-05
7.53963e-05
9.10833e-05
0.00011882
6.26842e-05
6.71899e-07
0.000132564
4.41697e-05
1.64589e-05
6.72227e-06
1.50415e-05
7.79225e-05
1.61816e-05
2.86927e-05
0.000113948
0.000112226
3.18085e-05
6.41627e-05
1.43137e-05
0.000128268
2.98144e-05
3.43916e-05
5.12778e-05
8.65799e-05
0.00071387
9.38643e-05
0.000906524
3.12472e-05
9.84502e-05
7.1497e-05
5.51233e-05
1.84117e-06
8.42621e-05
8.37818e-05
0.000110188
0.000126813
3.44151e-05
1.05275e-05
4.10265e-05
5.14178e-05
3.84141e-05
2.51447e-05
0.000172807
8.42834e-05
5.72689e-05
9.1236e-05
3.24987e-06
9.35255e-07
8.85776e-05
0.000123082
8.39247e-05
4.13265e-05
4.30953e-06
2.84552e-05
0.000110695
8.21905e-05
4.29374e-05
7.09048e-06
6.27554e-05
9.89712e-05
8.25698e-05
9.45473e-06
8.65229e-05
0.00018922
0.00016231
9.2932e-05
9.64137e-06
2.79379e-05
6.87265e-05
2.50935e-05
6.11758e-05
7.61634e-07
5.75678e-05
9.89047e-06
3.73683e-06
4.06269e-05
4.64431e-05
1.0633e-05
7.5082e-06
8.45795e-05
2.52228e-05
7.26442e-05
2.46329e-05
8.75673e-05
4.89309e-05
0.00017667
2.02547e-05
9.71451e-05
0.000162591
3.65602e-05
0.000179793
2.68423e-06
8.81322e-05
2.75816e-05
0.000153715
1.26728e-09
2.56407e-05
3.80901e-06
1.033e-07
5.43678e-05
6.04611e-05
6.8047e-06
3.54532e-05
7.75328e-06
5.31426e-06
0.000152703
5.15613e-05
8.45374e-06
8.95705e-05
0.000114025
3.28124e-05
2.29651e-05
0.0001717
4.68087e-05
8.07492e-05
3.80439e-06
1.41218e-05
0.000177547
0.00042334
3.32294e-05
0.000125435
1.27281e-05
6.17454e-05
1.28583e-05
1.47874e-06
0.000133186
0.000132401
0.000141547
0.000122349
6.50102e-09
0.000152469
7.7817e-05
8.75502e-05
2.52165e-06
2.83239e-05
0.000153722
6.61358e-05
3.79154e-05
6.92989e-05
2.00144e-05
4.87917e-06
0.000100145
2.88487e-05
1.42633e-06
0.000238581
2.13524e-06
2.03225e-07
0.000182105
2.48223e-05
2.63395e-05
1.29228e-05
2.3201e-05
9.97968e-05
6.85922e-06
0.000913079
6.47234e-05
3.78722e-06
0.000136164
3.49213e-05
0.000110293
3.44415e-05
0.000114401
9.59876e-05
8.89689e-05
2.29826e-05
4.5494e-06
6.81705e-05
5.29132e-05
2.23403e-05
3.06888e-05
1.3607e-05
9.37226e-05
8.3135e-05
4.31753e-05
2.40823e-06
7.94964e-05
8.89367e-05
3.24225e-06
9.81436e-05
0.00168953
6.78405e-06
0.000128555
0.000120584
3.74794e-05
5.90761e-05
0.000166724
6.8798e-06
9.46825e-06
6.73844e-05
2.89107e-05
5.25396e-05
0.000158867
9.53412e-05
6.66192e-06
6.36809e-05
6.47245e-05
6.40434e-06
6.61189e-05
2.45026e-05
0.000121421
7.34492e-05
3.57955e-06
7.42983e-05
9.49792e-05
1.22819e-07
6.00421e-05
0.000168737
7.76106e-05
6.07323e-05
1.18889e-05
2.61719e-05
2.94441e-05
2.32432e-05
0.000417817
5.55955e-05
8.63757e-05
1.34541e-05
3.25745e-05
3.40099e-05
0.000185598
6.3936e-05
7.31304e-05
6.13756e-05
0.000154389
3.79449e-05
7.53266e-05
9.55011e-05
5.15519e-06
0.000102935
1.04715e-05
0.000108096
5.07847e-06
2.45483e-05
3.66226e-05
3.71379e-05
2.03507e-05
5.08792e-05
8.26723e-05
5.13574e-05
7.79467e-05
2.93675e-05
3.42185e-05
9.25e-05
0.000157197
0.000201367
0.000158483
0.000130918
0.000158722
0.0001561
6.53487e-05
6.68115e-05
1.05161e-05
4.37861e-05
0.000101047
0.000153263
7.24732e-05
7.29086e-05
3.90791e-05
6.57257e-06
0.000115982
2.52596e-05
0.000114182
3.72747e-05
6.68027e-05
2.96752e-05
7.88081e-05
0.000118763
8.61312e-05
7.99551e-05
2.16179e-05
8.80042e-05
0.000147064
0.000111005
3.05807e-05
4.3172e-05
0.000142923
5.76475e-05
0.000143124
9.76155e-05
6.663e-05
0.000194518
3.2807e-05
8.65578e-05
9.41859e-06
0.000103393
5.50405e-05
3.68616e-06
2.797e-05
5.03283e-05
2.76645e-05
7.92615e-05
7.5583e-05
6.97849e-05
0.000113383
0.0001286
8.77029e-05
6.27833e-05
6.04257e-05
9.66025e-06
1.39578e-05
2.65353e-05
4.25088e-05
9.80226e-06
2.35314e-05
4.39318e-06
7.78191e-05
0.000143316
0.000103128
0.000291983
2.80955e-05
7.44237e-05
0.000103182
5.11121e-05
7.15343e-05
1.27058e-05
0.000382437
6.37061e-05
1.56441e-05
1.1067e-05
4.19992e-05
3.77116e-05
4.27156e-06
7.0245e-05
8.00329e-05
0.000121927
6.45535e-05
7.44316e-06
2.08496e-05
8.21991e-05
6.59431e-05
0.000240719
6.56869e-06
1.761e-05
5.81834e-05
3.24623e-05
3.12356e-05
0.000102523
4.62184e-05
2.46964e-06
4.09222e-06
4.23218e-06
3.79103e-05
3.44033e-05
1.92779e-06
5.239e-05
8.06559e-05
3.41956e-06
5.23963e-05
3.17276e-05
2.94362e-05
5.23514e-05
4.22989e-06
2.66483e-05
6.58137e-05
2.98008e-05
5.61804e-05
8.33595e-05
0.00012352
0.000160372
2.12565e-05
1.60401e-08
5.85933e-06
7.9925e-05
8.13222e-06
3.37875e-05
6.36773e-06
4.98636e-05
7.1105e-06
2.60186e-05
8.78961e-06
5.85007e-06
8.72191e-05
3.12947e-06
1.96808e-05
7.68291e-05
2.20685e-05
6.27622e-05
2.44952e-05
7.64706e-05
6.45485e-05
9.58071e-05
3.40924e-05
3.40436e-05
6.1212e-05
5.87942e-05
8.42926e-05
0.000191644
5.15918e-05
3.13222e-06
0.00015918
4.98116e-05
9.22248e-05
0.000133646
5.80572e-05
8.04978e-05
5.5455e-05
4.07293e-05
5.90254e-05
0.000154259
1.11336e-05
5.68211e-05
5.11856e-06
1.83145e-06
6.97531e-05
0.000148189
2.92604e-05
3.23552e-05
5.44711e-05
7.36766e-05
0.000161074
9.75848e-06
2.0664e-05
0.000979443
2.89556e-05
3.92446e-05
0.000440514
6.19054e-05
2.44379e-05
1.96403e-05
5.47412e-05
7.78543e-05
8.90196e-05
1.03187e-05
7.49004e-05
6.64534e-06
5.27684e-05
3.35297e-05
2.25533e-05
2.22451e-06
6.18137e-05
4.18346e-05
2.89365e-05
4.60663e-06
5.9014e-05
7.32426e-06
0.000153102
9.03772e-05
9.31119e-05
0.000156712
1.76642e-05
0.000100422
3.20435e-05
5.74477e-05
8.05357e-05
8.13284e-05
7.86804e-05
2.68465e-05
8.51309e-05
7.2946e-05
0.000354631
2.31841e-05
2.34233e-06
6.48422e-05
2.85929e-05
6.42812e-06
9.99169e-05
1.70221e-05
4.57516e-05
5.45704e-06
0.000118192
9.06995e-05
4.14605e-05
0.000168965
4.63551e-05
0.000115341
9.19284e-05
5.96672e-08
5.05236e-05
3.21901e-05
5.94269e-05
0.000169315
2.25311e-05
2.51794e-05
3.28727e-05
1.67592e-05
7.06866e-05
9.39513e-05
5.33281e-06
1.19238e-05
3.77971e-05
0.000175035
0.000105337
0.000107135
0.000192291
6.13128e-05
8.19008e-05
0.000100435
2.66396e-05
6.1336e-06
0.000132856
5.33965e-06
5.32328e-08
1.77727e-05
5.30339e-05
0.000139765
5.08325e-05
6.49449e-06
4.38825e-05
9.07503e-06
1.71082e-05
0.000188691
9.71158e-06
8.61001e-05
0.000309224
5.13127e-05
9.0949e-08
1.92533e-05
6.29272e-06
1.34312e-05
3.6618e-06
3.42886e-05
8.88309e-05
3.58131e-06
3.09929e-05
8.74744e-05
8.84773e-05
4.28373e-05
7.17139e-05
1.37649e-05
3.64512e-05
0.00020096
5.43195e-05
0.00011126
2.99699e-05
3.7979e-05
7.61813e-05
1.33099e-05
2.45562e-05
3.31303e-06
0.000113339
7.45674e-05
0.000313413
0.000116397
1.67152e-05
2.31769e-06
7.01391e-05
4.65196e-07
2.78e-06
1.61957e-05
2.8167e-05
2.93011e-05
3.69483e-05
5.51215e-05
0.000182454
8.63518e-06
3.40089e-05
3.77219e-05
6.43407e-05
0.000101187
0.000248887
0.000744379
5.94196e-05
0.000148671
3.38828e-06
1.72858e-06
1.08193e-05
2.00657e-05
9.79627e-05
4.36143e-05
0.000163384
0.00011345
7.15253e-05
2.4366e-06
4.82632e-06
1.72267e-05
0.000430327
0.00016381
2.33578e-05
0.000113358
1.61795e-06
0.000118994
5.94697e-05
2.52425e-05
3.14507e-05
9.19944e-06
0.000137638
0.000183229
4.8567e-06
0.000940136
8.73454e-05
5.22105e-06
2.61067e-05
7.95031e-05
3.25308e-05
0.000102009
1.13319e-05
9.38311e-05
0.000741161
3.05026e-06
0.000148302
1.04395e-05
0.000139574
2.98647e-06
4.0261e-06
7.3326e-05
4.43173e-05
4.98703e-05
2.82114e-05
2.73956e-05
1.42037e-05
1.50621e-05
0.000119029
0.000121255
0.00117309
0.000132134
0.000148141
3.39057e-05
3.88235e-06
0.000155969
4.02603e-06
5.25352e-05
3.49841e-05
3.295e-05
0.000124467
0.000146937
1.44153e-05
1.12208e-05
0.000120467
5.77254e-05
9.69459e-05
5.66474e-06
3.75596e-06
0.000101538
4.95318e-05
7.67218e-06
1.32918e-05
0.000153135
5.84433e-05
7.60292e-07
8.32783e-08
8.51642e-06
6.42433e-06
9.05877e-05
1.30891e-05
0.000103625
8.9547e-05
6.53282e-05
2.54539e-05
6.248e-09
7.49388e-05
0.000248671
6.74691e-06
0.000223044
0.000139577
0.000106414
0.000149148
3.20016e-05
0.00183419
0.000141972
3.07142e-05
0.000944001
0.000149198
1.09947e-05
0.000115764
0.000206661
2.60339e-05
4.16184e-05
0.000198305
0.000137387
7.59997e-05
9.10181e-05
3.74072e-06
0.00014639
2.469e-05
0.000184018
0.000241192
4.59049e-06
0.00011843
1.76687e-05
7.76588e-05
3.93629e-06
0.000218901
7.56474e-05
0.000123894
6.99251e-05
2.70072e-05
0.000154134
1.09753e-05
7.49584e-05
2.36929e-05
3.40413e-05
0.000161529
3.28449e-05
4.44828e-06
8.94124e-05
1.97247e-05
0.000142872
1.31479e-05
7.19471e-05
1.47843e-05
2.57515e-05
9.14342e-05
3.82529e-05
3.89387e-05
4.23416e-05
1.66198e-05
5.07817e-05
9.12708e-05
3.94124e-05
0.000441864
3.39337e-06
2.5875e-05
5.94041e-05
3.25083e-05
2.60377e-05
6.53213e-05
5.13106e-05
0.000183429
5.87524e-06
1.51701e-05
1.78836e-05
0.000105709
1.84703e-06
0.000105068
4.1353e-05
5.14044e-05
7.60603e-05
0.000108204
0.000110603
0.000136883
9.10252e-05
7.15825e-05
5.65189e-05
6.59173e-05
0.000108497
3.09721e-05
1.49326e-05
1.49285e-05
3.88663e-06
7.41769e-06
2.65361e-05
7.25226e-05
1.05282e-05
6.17553e-05
3.19919e-06
7.4249e-05
5.70824e-05
5.02661e-05
0.000113689
5.02754e-05
6.0303e-05
8.9589e-05
0.000166173
5.7812e-05
0.000112542
0.000235143
0.000585605
4.7553e-07
3.37836e-05
3.62e-05
1.96073e-05
5.39695e-05
5.01303e-05
6.56362e-05
4.57662e-05
2.7911e-05
7.51248e-05
0.000183567
7.89903e-06
0.000129554
4.18933e-05
5.96605e-05
0.000122235
0.000108855
3.99818e-09
0.000102293
0.000155287
3.67647e-05
4.61362e-05
7.82087e-05
7.70708e-05
2.96386e-05
0.000180694
1.52728e-06
4.04718e-05
2.67184e-05
0.00021969
3.80614e-08
5.93334e-05
0.000193085
2.84695e-05
0.000271949
1.88378e-05
0.000107858
2.71143e-05
9.7918e-06
2.84845e-05
6.67198e-05
7.22217e-05
0.000136305
5.15623e-06
4.28459e-06
3.9901e-07
4.27074e-05
5.75725e-05
0.0008215
4.16675e-05
7.22958e-05
7.19697e-06
5.24726e-05
5.33847e-05
1.62206e-05
9.03504e-05
6.96856e-05
1.84173e-05
5.89243e-06
6.84903e-06
1.03339e-05
3.1821e-05
0.000126689
2.55109e-06
0.00017098
4.86609e-05
0.000378194
1.39244e-05
0.0008125
3.88684e-06
1.37002e-06
2.57838e-05
2.3552e-05
7.51624e-05
2.52899e-05
2.22543e-05
6.03073e-05
0.000245227
5.76781e-05
5.9139e-05
0.000282652
5.42318e-06
0.000170647
5.16727e-05
8.04212e-05
7.86386e-05
9.25674e-05
6.61652e-05
0.000309193
3.66269e-06
9.94113e-05
8.40252e-05
7.11893e-05
6.16098e-05
0.000636236
4.8092e-05
0.000106874
7.9425e-05
3.25528e-05
0.000166782
2.73341e-07
6.58437e-05
3.28646e-05
9.21274e-05
0.000152429
3.19611e-05
8.26145e-06
7.94999e-05
0.00708499
3.88016e-05
0.000100161
0.000479968
6.14086e-05
0.000606857
7.96482e-06
9.79815e-05
0.000125218
6.1313e-05
0.00010008
3.52134e-06
4.19009e-05
2.20421e-05
4.55408e-06
0.000136833
5.82563e-05
0.000118757
1.33395e-05
0.000151354
0.000374255
0.000151601
7.24454e-06
3.96748e-05
2.81954e-05
0.000158934
0.000111278
1.00793e-05
3.9293e-05
6.76183e-07
7.91711e-05
3.13825e-05
1.0896e-05
3.97808e-06
0.000136742
5.14476e-05
5.39668e-05
4.91062e-05
9.31599e-05
4.01057e-05
1.01707e-06
0.000102001
0.00471026
0.000109199
9.84798e-08
0.000125306
6.96775e-06
4.69814e-05
0.000128627
3.71287e-06
2.73247e-05
6.64848e-05
0.000118146
0.000102683
5.3222e-06
0.00010813
0.000171648
7.20212e-05
6.45232e-06
5.36176e-05
8.51162e-05
2.46441e-05
0.000153709
1.39306e-05
4.24397e-06
3.35918e-05
7.1291e-05
9.37467e-07
5.4271e-05
6.45739e-05
6.83063e-05
8.45544e-05
3.53394e-05
8.2379e-05
4.05947e-06
5.85821e-06
6.51523e-05
0.000108161
4.37088e-05
0.000125386
7.23504e-05
0.000165951
5.44198e-06
0.000113419
0.000162454
0.000145983
7.20444e-06
1.49315e-06
3.27613e-05
0.000116906
7.87539e-05
2.44307e-06
2.14558e-05
0.000103408
8.64553e-05
2.46391e-05
4.48666e-05
3.32226e-05
4.56767e-06
7.69006e-05
9.22982e-05
0.000151933
2.56451e-05
6.33312e-06
0.000100291
3.84283e-05
7.75011e-05
3.26144e-05
2.07539e-05
4.93016e-05
4.05254e-05
0.000149416
9.00772e-07
0.000145176
1.86549e-05
2.75882e-05
3.43988e-05
3.12413e-05
2.42187e-05
3.09637e-05
9.72312e-05
5.9437e-05
1.42684e-05
0.000185847
9.74273e-05
4.1259e-05
7.48586e-06
1.81287e-05
0.00018065
7.31821e-05
3.28877e-05
0.000150819
0.000118946
2.35605e-06
3.96093e-05
1.7536e-05
0.000169749
3.92519e-05
8.22278e-05
8.22938e-05
4.77843e-05
1.42753e-05
0.000101632
4.7495e-05
0.000187547
6.09106e-05
5.69811e-05
1.54225e-05
7.41927e-05
0.000929676
5.09549e-05
9.70413e-05
2.35545e-05
4.83656e-05
1.84138e-06
7.19359e-05
1.91754e-05
0.00104602
3.34376e-06
8.43984e-05
5.14033e-06
2.85725e-05
0.000122274
2.44545e-06
1.76861e-06
0.000144988
6.13967e-05
0.000143482
5.08433e-06
4.39365e-06
0.000155507
0.00010695
3.3988e-05
9.91119e-05
5.6035e-05
5.53437e-05
6.25979e-05
4.87402e-05
9.43597e-06
0.000148873
6.66111e-05
5.84903e-05
3.00889e-05
0.000104426
7.73159e-05
3.78081e-05
3.67454e-05
0.000104721
2.99684e-05
5.75618e-05
6.17527e-06
2.5151e-05
4.44247e-06
7.39597e-05
0.000119072
3.94047e-06
1.11215e-05
0.000127125
7.73975e-05
8.01934e-05
0.000107049
0.000142053
6.02314e-06
1.94392e-05
8.51934e-05
4.17464e-05
0.000169051
7.88785e-05
0.000146979
8.50922e-05
4.28841e-05
4.56471e-05
4.95467e-05
2.17954e-07
0.000115901
7.48859e-05
3.92036e-05
7.59918e-05
7.40522e-05
4.48185e-05
8.64202e-05
4.86037e-06
2.88271e-05
2.22135e-06
5.58889e-05
5.95968e-05
8.36589e-05
7.73765e-05
5.95415e-06
0.000140908
2.03049e-05
8.55467e-05
0.000137454
2.92695e-08
1.97171e-05
7.229e-05
3.02985e-05
4.37552e-05
0.00016496
6.19857e-05
7.16012e-05
3.20035e-05
7.49404e-05
8.38898e-05
6.19662e-05
5.89464e-05
5.05165e-05
8.4766e-05
4.11558e-06
0.000100128
6.50422e-05
5.9947e-08
3.62764e-05
0.000178118
1.63757e-05
6.53726e-05
0.000109733
3.68079e-05
2.37771e-05
7.65473e-07
0.000110088
6.63605e-06
4.91631e-05
8.212e-07
0.00015497
0.000172652
4.68977e-05
7.73203e-05
8.05004e-05
2.47982e-05
0.000176372
0.000173777
4.77071e-05
3.47431e-05
8.1018e-05
3.51019e-05
0.000152051
2.18749e-05
4.94866e-06
6.41535e-05
8.11743e-05
0.000130074
0.00110379
0.000348717
8.60997e-05
2.39494e-05
5.81103e-06
0.00014815
4.02391e-05
6.08597e-05
5.40111e-05
5.61061e-05
2.90359e-05
4.28367e-05
5.39636e-05
0.000146556
0.000138299
5.80177e-05
4.11827e-05
0.000112911
7.69136e-05
4.59748e-05
6.25862e-05
5.47411e-05
0.000228583
9.4116e-05
9.45804e-05
6.49003e-05
4.39012e-05
4.62943e-06
9.57804e-05
7.84484e-05
9.02946e-05
5.34147e-05
0.000143414
2.65505e-05
4.19069e-06
0.00012595
0.000108166
3.47968e-05
2.98539e-05
1.30143e-05
0.000111687
1.11493e-05
3.22169e-05
7.85173e-05
6.32069e-06
0.000105075
0.000143157
7.90002e-05
4.0629e-05
0.000144607
4.50217e-05
6.82477e-05
0.000122811
5.08249e-05
6.61494e-06
7.93489e-05
3.84239e-08
8.25526e-06
8.53884e-05
0.000101685
0.000178523
9.88146e-05
2.22981e-05
2.65718e-05
0.000270096
0.000143668
9.03839e-05
7.0031e-05
0.000112303
2.07365e-06
1.34194e-05
0.000115116
5.97179e-05
6.08688e-06
5.83325e-06
1.8769e-05
0.000143882
0.000103399
7.37461e-05
4.92348e-05
1.80937e-05
3.52376e-05
5.79024e-05
0.000198355
7.88791e-05
7.352e-05
3.12201e-05
4.17383e-05
8.75543e-05
0.000102132
4.93824e-05
8.16824e-05
2.72044e-05
0.00340681
3.14472e-05
1.20378e-05
5.5198e-05
0.000152154
7.82361e-05
9.29735e-08
4.05263e-05
7.68562e-05
3.0407e-05
0.000130594
7.09363e-05
0.000114703
0.00156109
3.31167e-06
7.8107e-05
5.83385e-05
2.89866e-05
4.00146e-05
1.09989e-05
2.94669e-05
0.000103555
0.000136628
7.12168e-06
2.9223e-06
0.000156346
0.000362306
5.62015e-06
6.56008e-06
3.18366e-05
0.00024838
3.00561e-05
0.000105334
4.45948e-05
0.000117875
0.000140864
6.51791e-06
1.56413e-05
0.000117481
0.000141084
0.00012592
1.77683e-05
6.8181e-06
8.81454e-07
1.44207e-05
5.96398e-05
7.61315e-05
9.83198e-05
5.04075e-05
0.000130856
6.81381e-05
4.10565e-05
8.40195e-05
0.000100508
0.000182711
5.62742e-05
9.786e-06
4.34849e-06
8.73091e-05
2.73434e-05
0.000160356
0.000101323
8.3808e-05
2.08759e-06
0.000124676
0.000168811
0.000465678
0.000111766
9.64474e-05
4.30621e-05
0.000108666
3.78886e-05
2.78925e-05
0.000142801
7.27886e-05
6.19583e-05
7.57106e-06
3.58946e-06
1.49865e-05
9.48297e-05
7.97282e-05
0.000132329
4.971e-05
5.28633e-05
3.17202e-05
2.60025e-05
7.01448e-06
5.93314e-05
8.10936e-05
6.66503e-05
0.000101179
0.00012723
6.06971e-06
4.49279e-05
9.43034e-05
4.01296e-06
2.08359e-05
5.29381e-05
0.000119522
6.37947e-05
1.99404e-05
2.90965e-05
0.0001314
3.11435e-05
6.05374e-05
0.000994321
0.000104723
0.000103751
7.96054e-05
3.53245e-05
0.000370595
5.671e-05
0.000177923
2.54046e-05
0.000102992
5.2731e-05
7.56117e-06
1.96071e-05
8.86914e-05
5.36076e-05
4.99637e-05
1.6403e-05
0.000754245
3.76903e-06
6.0041e-05
0.00016506
7.81694e-06
0.000127187
1.65484e-05
1.34837e-08
0.00016533
0.000115211
0.000131764
0.000166742
0.000140876
0.000100818
0.000118012
2.98749e-06
6.67036e-05
2.41498e-05
3.06363e-05
3.3235e-05
9.52525e-05
0.000189142
2.75261e-05
8.67991e-06
1.88711e-05
5.1842e-05
2.95227e-05
2.51541e-06
1.30195e-07
1.65725e-05
3.24142e-06
5.1911e-05
0.000129996
0.000347187
3.9312e-08
8.42835e-05
4.56752e-05
2.59515e-05
2.49222e-05
1.35476e-06
5.34615e-05
3.31159e-05
6.1287e-05
1.6172e-05
6.8741e-05
5.29824e-05
0.000111882
5.0369e-05
5.84843e-05
0.000116136
2.10097e-05
4.65505e-05
8.3709e-05
2.69128e-05
5.30772e-06
6.02381e-05
0.000133896
9.18703e-08
9.17352e-05
0.000113444
0.000163035
3.12506e-05
3.3375e-05
1.37159e-05
1.30149e-06
0.000143645
0.000387527
1.63656e-05
0.000188015
2.3677e-05
3.65328e-05
3.04584e-05
0.000165205
0.000106687
5.80894e-05
1.27935e-07
3.90333e-05
0.00016171
8.09179e-06
8.27058e-05
4.70009e-06
6.34986e-05
0.000165135
4.95718e-05
7.01416e-05
0.000178401
2.61149e-06
5.41156e-05
1.67564e-05
7.80286e-05
2.29287e-06
6.64213e-06
2.74717e-05
2.69272e-05
0.000139383
5.02503e-05
6.99433e-06
3.61601e-06
6.45119e-06
3.66297e-05
2.56237e-08
6.5441e-05
3.21581e-05
0.000186987
5.54949e-05
1.50047e-05
3.05798e-05
7.73608e-05
3.84256e-05
3.69849e-06
6.81719e-06
3.89759e-06
7.54899e-06
4.67193e-05
3.13438e-05
4.75797e-05
0.00015065
7.70642e-05
3.56688e-06
0.0006415
8.8556e-05
1.59627e-06
5.17267e-06
2.50479e-05
0.000141152
9.88401e-05
7.53015e-05
0.00012216
3.13674e-06
4.74053e-05
6.91018e-05
2.47207e-05
1.32116e-05
0.000103109
0.00013125
0.000101023
5.47597e-05
0.000110926
9.9097e-05
1.38419e-07
7.69037e-05
2.8963e-05
4.70049e-05
1.10434e-05
5.16762e-06
8.6502e-05
1.18935e-06
8.08352e-05
3.86472e-06
0.000115938
7.31609e-05
4.5088e-06
4.22129e-06
8.93662e-05
1.78815e-06
0.000146966
7.21637e-05
5.68018e-05
5.78658e-06
0.000132843
3.70347e-05
3.2777e-05
7.08656e-05
7.2533e-06
7.33682e-05
6.19786e-05
0.000181644
0.000756718
0.000229882
9.29098e-05
5.92572e-05
0.000180549
7.78415e-05
0.000165376
2.82614e-05
6.87755e-05
0.00015427
0.000125101
4.76003e-05
2.73349e-05
6.69749e-05
6.9755e-05
4.80469e-05
2.71594e-07
1.0376e-05
1.58996e-05
1.08791e-05
6.01734e-05
7.48429e-06
2.82138e-05
4.58307e-06
0.000197088
3.38868e-05
9.53565e-05
7.81048e-05
1.12631e-05
6.63976e-05
0.000328333
9.41779e-05
6.48533e-05
2.74639e-05
8.77739e-05
0.000115721
4.33055e-05
6.22963e-06
0.000181094
6.52569e-06
5.6892e-05
4.60043e-05
0.000178668
4.80698e-05
0.000148886
0.000137433
0.000118344
0.000105615
0.000104408
6.28245e-05
2.00122e-05
5.60337e-05
7.64561e-05
1.40419e-05
4.44778e-05
2.03301e-06
3.15032e-05
2.36552e-06
9.54337e-05
6.83516e-06
1.07127e-05
0.000130019
8.0453e-06
0.000124049
0.000147707
1.83164e-06
0.000756492
2.63919e-05
0.00014142
8.28058e-08
2.3585e-06
1.90848e-05
3.60252e-05
0.000160205
2.68837e-05
0.00018153
0.000175664
0.000159108
7.21865e-05
8.51126e-05
2.59184e-05
4.74339e-08
6.82367e-05
8.86352e-05
2.80572e-05
3.28073e-05
0.00095302
1.65231e-05
1.59837e-05
0.000119349
1.81442e-05
7.69596e-05
6.40629e-05
2.92274e-05
8.40735e-05
7.33002e-06
9.13313e-05
0.0001192
4.96413e-05
0.000125496
8.09238e-05
2.62484e-05
0.00109816
7.36809e-05
4.33162e-05
2.08858e-05
3.20391e-06
3.89161e-05
0.000282186
1.03644e-07
1.01678e-05
4.92592e-05
2.59155e-09
0.000919642
0.00014776
1.01831e-05
7.37448e-05
8.68015e-05
6.55571e-05
1.0096e-07
2.57884e-05
8.35717e-06
0.000911332
0.000315366
0.000106631
8.45226e-05
2.95731e-05
0.000144051
0.000263001
0.000340856
0.000166631
5.72212e-05
9.37699e-05
4.38757e-05
4.23517e-05
2.53233e-05
8.89344e-06
6.2584e-05
6.32782e-05
6.14431e-05
6.18016e-05
2.81244e-05
4.81382e-06
2.22262e-05
3.33659e-05
2.25366e-07
0.000142828
0.000306173
2.99946e-05
1.52155e-05
2.1376e-06
2.1102e-05
3.26554e-06
6.2105e-06
0.000339246
0.000135109
3.01432e-05
0.000111203
5.98125e-06
5.20669e-05
7.13555e-05
0.000449007
0.000119639
0.00012186
6.14538e-05
5.71836e-05
6.70173e-05
0.00106208
2.28676e-05
0.000149404
1.73168e-05
6.40477e-05
0.000222269
0.00039103
4.14888e-05
0.0001304
2.02702e-05
5.96999e-05
9.86649e-05
1.87499e-05
8.74804e-05
0.000109049
3.28594e-06
0.000135761
2.80337e-05
7.82206e-06
0.000157582
0.000144685
6.95203e-05
3.09285e-05
0.00113335
7.77461e-05
5.34523e-05
6.9158e-05
4.87924e-05
0.000131419
4.29446e-05
0.000133755
3.2281e-05
3.96004e-05
2.58541e-05
7.0165e-05
8.67913e-05
5.28007e-05
2.94279e-06
3.20056e-06
5.11238e-06
6.31664e-05
7.1403e-06
6.95285e-05
0.000155443
3.05474e-05
4.05608e-05
8.06185e-05
2.54606e-05
0.000163458
3.07001e-06
6.97495e-05
0.000156984
3.14233e-06
9.33735e-05
7.56874e-05
3.73068e-05
3.23973e-06
0.000138877
0.000128384
0.000161366
5.90972e-05
4.18668e-06
9.83792e-05
6.26352e-05
0.000150314
1.5666e-06
3.77182e-06
0.000151802
7.24598e-05
8.005e-05
1.81745e-05
2.52849e-05
8.00932e-06
1.04245e-07
0.00014003
4.4931e-05
0.000106766
0.000125514
0.000191008
3.8921e-06
0.00033896
0.000157914
3.07836e-05
7.89763e-05
0.000119077
3.24531e-05
0.000193595
9.42967e-05
0.000129563
0.000175941
3.3032e-05
4.2684e-05
8.50427e-05
0.000157781
6.21775e-05
4.93032e-06
0.00121319
5.35329e-05
3.72424e-05
5.85566e-05
3.40986e-05
3.99451e-06
0.00014938
1.70875e-05
2.95108e-05
4.82625e-05
3.08188e-05
8.23996e-05
2.65286e-05
2.42494e-05
3.48698e-06
4.20535e-06
0.000113691
6.33204e-05
0.000108053
5.75102e-06
7.01339e-05
7.85584e-05
7.15211e-05
6.25045e-05
8.28882e-05
3.9424e-06
6.46053e-05
0.000107346
9.49367e-05
7.14665e-06
6.92454e-05
2.0958e-06
0.000185659
0.000115313
4.12208e-05
8.07622e-05
2.34917e-06
4.03434e-05
8.19341e-06
5.09888e-06
0.000137897
3.61087e-05
9.16923e-05
9.24422e-05
3.25382e-05
6.70192e-05
6.70688e-05
1.97925e-05
0.000144125
0.000184945
0.000325339
4.151e-05
5.44435e-06
7.92223e-05
3.62832e-06
1.22413e-05
2.34508e-05
1.7853e-05
9.97195e-06
8.99898e-05
2.44569e-05
0.000149742
1.68428e-05
2.05459e-05
8.08435e-05
2.47575e-05
4.68835e-05
6.90728e-05
7.62392e-05
7.68509e-05
0.000144319
1.42533e-05
4.76461e-05
5.25739e-05
2.83068e-05
5.96353e-05
0.000102951
9.52867e-06
6.31626e-05
5.36723e-05
1.33755e-06
1.02714e-05
5.74326e-05
9.64044e-05
6.71246e-05
3.84358e-05
1.51935e-05
0.000141312
8.16712e-05
7.49336e-05
0.000827441
7.20047e-06
0.00015789
2.45454e-05
5.1718e-05
2.32875e-05
4.97048e-06
0.000160015
3.76949e-06
3.23586e-05
1.06854e-05
3.73082e-06
1.01908e-05
3.31583e-05
0.000129064
1.75541e-06
5.55481e-05
9.59829e-06
7.2317e-06
0.000188628
0.000249489
3.35573e-06
8.2233e-05
2.73e-05
0.000121445
7.80304e-05
0.000159897
3.64155e-05
3.00103e-05
9.14114e-06
6.14749e-05
3.83125e-05
4.04312e-05
0.000120726
2.0424e-05
3.22751e-05
5.84993e-05
5.93985e-06
0.000114006
2.97082e-05
0.000130221
3.65716e-05
1.95454e-06
3.32283e-05
8.5781e-06
1.37257e-05
0.000112774
7.96971e-05
4.39362e-06
3.64611e-06
3.52285e-05
8.88629e-05
6.15729e-05
1.96252e-05
7.75994e-05
0.000163415
0.000119528
6.93379e-06
9.02692e-05
7.20653e-05
0.000122786
6.78782e-06
2.10959e-05
1.81736e-05
6.96223e-05
7.76691e-05
9.76429e-05
5.97664e-05
0.000131995
0.000138444
6.96648e-05
1.99402e-06
6.75642e-05
0.000138018
0.000111867
1.61639e-05
8.8239e-05
3.61313e-06
0.000130915
3.53907e-05
3.28693e-05
0.000241038
6.53924e-05
0.000108306
1.27265e-05
0.00113917
5.30133e-06
2.56808e-06
0.000147938
0.000111533
3.25965e-05
5.16493e-05
5.67415e-05
3.21227e-05
3.07478e-05
0.000180387
2.535e-05
7.38924e-05
0.000168229
1.7631e-05
1.8107e-05
3.0873e-05
3.27069e-05
7.08426e-05
5.71694e-06
4.82498e-07
2.53692e-05
0.000140916
1.89851e-06
3.22171e-05
0.000141883
4.1887e-05
9.98825e-05
6.62964e-05
0.0001944
6.2127e-05
0.000100105
0.000165306
7.90624e-05
3.46622e-06
4.04927e-05
0.00137954
0.000156517
7.13249e-05
6.03727e-05
6.62636e-05
2.27681e-05
5.43355e-05
5.82392e-05
1.07153e-07
0.000141616
7.34014e-05
7.15765e-06
4.85972e-05
4.14913e-05
7.12816e-05
5.22518e-06
4.81901e-05
6.07828e-05
0.000181905
6.53686e-05
6.4061e-05
9.19423e-07
7.79933e-05
7.17638e-06
4.64016e-05
5.51156e-05
3.71847e-06
0.000142153
0.000110655
2.37499e-05
0.000413187
1.86173e-05
9.87059e-05
0.000136474
3.84327e-06
6.13476e-05
5.13592e-06
6.73942e-05
3.03061e-08
2.92008e-05
0.00135021
9.5796e-05
0.000184135
8.26038e-05
5.94933e-05
1.25432e-05
0.000248033
0.000118719
8.43146e-05
0.000120212
0.000154003
0.000497822
6.45942e-05
6.47745e-05
4.19392e-05
4.58447e-08
4.20452e-05
5.86115e-05
1.66461e-05
4.26168e-05
8.9255e-05
3.71931e-05
6.01011e-06
8.86201e-05
3.59007e-06
7.89975e-05
5.51255e-05
0.000165932
1.73564e-07
5.98126e-05
2.09122e-06
4.16553e-05
7.54535e-05
0.000766479
0.000131134
0.000110032
2.66658e-05
6.47897e-05
3.06859e-05
0.000170623
6.36198e-05
0.000144957
3.28635e-05
7.31539e-06
0.000613901
4.80379e-05
0.000141913
8.35395e-05
2.62295e-06
3.06259e-05
4.17897e-05
6.04669e-05
4.86085e-05
6.85228e-05
0.000127771
3.6514e-05
0.000100674
0.000140763
3.72336e-06
0.000158244
3.02876e-05
2.34216e-05
3.29769e-05
2.96982e-05
5.74317e-06
9.36419e-05
9.10933e-06
1.03012e-05
1.77453e-05
6.93841e-05
1.30012e-05
0.000122912
4.13662e-07
5.01551e-05
8.50578e-05
1.20524e-05
5.08645e-05
0.00021057
5.70609e-05
2.05095e-06
6.94778e-05
5.16354e-06
0.000189678
2.0613e-05
6.79861e-05
0.00018686
5.75302e-05
5.47961e-05
1.01702e-05
3.30335e-05
4.48558e-06
1.36732e-09
8.69342e-05
0.000203243
1.0205e-05
1.84693e-05
8.21266e-05
0.000205569
4.88547e-05
0.000126452
0.000125646
9.86266e-05
5.28848e-05
3.60147e-06
0.000147305
1.98049e-06
1.15409e-05
0.000137767
3.41266e-05
0.00015419
9.03922e-05
3.73029e-05
0.000125741
2.76618e-05
1.84332e-05
0.00182018
7.4469e-05
3.0968e-05
7.48156e-05
6.05669e-05
3.08237e-05
4.22464e-05
4.38441e-05
2.87376e-05
0.00016097
0.000139009
5.87168e-06
0.000110058
2.07647e-05
5.24128e-05
8.04522e-05
3.73601e-06
2.72366e-05
3.01788e-05
9.77773e-06
2.84043e-06
2.79529e-05
6.07578e-05
6.21129e-05
0.000113682
2.70442e-05
7.66118e-05
4.3677e-05
7.27313e-05
3.53543e-06
9.64537e-05
2.75946e-05
4.668e-05
5.69624e-06
7.28661e-06
5.3335e-05
0.000154654
8.19885e-05
6.92235e-05
0.000124836
5.60912e-05
6.10856e-05
6.11636e-05
0.000115601
2.26897e-05
5.21995e-06
6.65237e-06
0.000438294
6.15425e-05
0.000145419
4.68746e-06
6.79579e-05
5.57805e-05
8.84709e-05
8.17505e-05
0.000160427
7.59852e-05
6.7393e-06
2.71104e-05
8.65079e-05
8.1519e-05
5.78133e-05
4.39445e-06
2.82305e-05
5.70636e-05
5.64592e-06
7.63126e-05
7.4431e-05
5.12077e-06
3.87078e-06
1.78083e-05
2.06135e-05
9.44648e-06
0.000120429
0.000106075
7.64727e-05
4.14747e-05
0.000156478
5.84161e-05
8.10721e-05
3.95882e-06
0.000165928
5.56753e-06
3.96231e-06
6.56568e-05
5.61929e-05
3.81985e-05
7.00875e-05
5.36585e-06
6.71988e-05
5.44216e-05
1.06825e-06
6.10293e-05
3.22843e-06
6.41861e-05
7.06889e-05
0.000163078
1.89084e-05
3.27647e-05
4.96118e-05
5.81273e-05
2.89099e-05
3.30008e-05
4.36428e-05
0.0001042
5.06865e-05
6.26877e-06
0.000136446
0.000574919
5.55041e-05
0.000125377
2.77892e-05
6.61003e-06
0.000668859
9.93272e-05
6.97519e-05
6.80343e-05
4.03536e-05
0.000216783
6.60829e-06
0.000106526
3.22907e-05
9.86461e-06
2.9145e-05
6.56545e-06
6.56623e-06
1.28783e-05
6.29122e-05
4.12952e-05
7.07084e-05
4.05364e-05
6.30299e-05
1.56915e-06
7.35834e-05
9.47831e-05
9.71234e-05
9.58799e-05
4.94442e-05
0.000385447
2.03746e-05
0.00108553
7.17267e-05
1.52927e-07
6.34698e-05
5.54555e-05
6.24736e-06
0.000163772
0.000120717
5.13318e-05
2.09161e-05
1.27225e-05
6.80731e-05
3.87563e-05
3.86196e-05
9.76082e-05
5.6335e-06
1.20177e-06
1.25236e-05
3.15837e-05
2.79914e-05
0.000148174
2.61579e-05
5.91068e-06
0.000108242
7.25996e-05
6.55603e-05
0.00139747
7.86026e-05
0.000129134
5.32582e-05
8.33609e-06
1.9016e-05
6.37618e-05
6.03187e-05
2.67191e-05
8.33333e-05
0.00010482
2.33525e-05
8.34894e-06
3.95929e-06
7.76148e-06
5.65809e-06
6.78419e-05
7.91695e-05
1.53113e-05
0.000997761
6.41847e-05
0.000115267
3.90585e-05
3.29141e-05
7.76558e-05
2.65867e-05
5.59609e-05
7.43142e-05
5.85043e-05
0.00013723
1.42672e-05
4.19299e-06
0.000703682
0.000718783
0.000785517
0.00010386
5.40579e-05
0.000155411
7.39646e-05
9.29755e-05
0.000159325
4.88348e-06
4.24299e-05
7.97083e-05
2.34112e-05
0.000179396
6.29056e-05
9.48361e-06
6.39631e-06
5.85211e-06
2.26871e-05
6.67425e-05
1.23418e-08
8.33241e-05
2.98153e-05
9.81027e-06
0.000132218
1.63694e-05
4.24506e-05
0.00010785
5.57048e-07
7.80115e-05
6.11705e-05
5.86805e-05
0.000154351
3.36939e-05
5.96547e-05
5.22213e-05
5.94086e-05
2.08017e-05
3.83949e-05
7.19363e-05
2.74844e-05
7.83338e-05
3.53735e-05
9.64433e-05
7.98227e-05
1.50233e-05
1.74039e-05
9.18944e-05
6.48989e-05
2.60188e-05
0.000120995
0.000108747
6.17465e-05
5.62132e-05
2.35164e-05
0.000153615
3.88495e-06
6.59699e-06
3.291e-05
1.18234e-06
4.04575e-06
6.36056e-05
4.52608e-05
0.000158688
0.000123095
2.74826e-05
1.57525e-05
3.68201e-06
5.34448e-05
9.92384e-05
0.000132064
2.27047e-05
1.41446e-06
9.78504e-06
5.07249e-05
9.58032e-05
2.02212e-05
9.57018e-06
4.50652e-05
7.9922e-05
0.000105056
7.63226e-05
6.67073e-05
5.82123e-06
1.00384e-05
6.41215e-05
1.25946e-05
7.70407e-05
1.88556e-05
6.06047e-05
0.00010282
4.59708e-08
1.54886e-06
0.000180622
6.85185e-06
1.1314e-05
9.6896e-05
6.49208e-05
9.08676e-05
0.000114973
7.46294e-07
0.000620301
7.99438e-05
0.000133461
8.3282e-05
3.88222e-05
4.16084e-06
7.5145e-05
2.59542e-05
6.81125e-07
0.000122842
0.000111238
6.5536e-05
8.14213e-05
0.00215179
5.73442e-05
4.75132e-05
2.36352e-05
1.98556e-05
3.43251e-06
0.00013125
6.2345e-05
3.77451e-05
0.000147614
6.49204e-05
1.94731e-05
1.29694e-05
0.000105846
9.2974e-06
7.39814e-05
5.90793e-05
5.44046e-06
6.87257e-05
3.25809e-05
5.82486e-05
0.00018101
8.38562e-05
8.13882e-05
0.000119618
1.03257e-05
7.50498e-05
4.32466e-05
7.45225e-05
1.44437e-05
1.85658e-06
5.10656e-05
0.000849893
2.78411e-05
0.000738782
3.22965e-05
3.59937e-05
7.14089e-05
1.73529e-05
9.87725e-05
6.89e-06
3.32729e-05
0.000137718
4.37994e-05
7.05495e-05
6.89708e-05
2.09612e-05
2.768e-06
9.82334e-05
6.99214e-05
8.76718e-05
1.41396e-05
6.62757e-05
4.87727e-05
0.0001868
1.43261e-05
9.17747e-07
7.84495e-05
8.89409e-05
0.000122803
0.0012939
3.72261e-06
3.55702e-06
7.62358e-05
2.36961e-06
7.69652e-05
1.52288e-06
8.81603e-05
5.17442e-06
6.476e-05
8.80531e-05
0.000122228
8.84114e-05
0.000193043
8.0752e-05
0.000108604
0.000329609
3.83953e-05
2.12603e-05
6.01917e-05
4.47387e-05
0.000107782
3.33937e-05
4.36028e-06
4.57654e-05
7.86989e-05
3.35855e-05
0.000133573
9.18132e-05
7.04992e-05
8.16523e-05
2.95351e-06
1.81516e-05
9.53694e-05
8.39628e-05
1.51155e-05
5.60282e-05
6.20863e-05
5.57935e-05
3.77291e-05
5.89433e-05
8.56497e-05
3.40019e-05
7.62883e-05
7.4625e-05
2.25807e-08
7.13131e-05
2.38401e-05
9.96325e-05
1.18786e-05
6.42304e-06
8.31367e-05
0.000110837
7.74518e-05
6.62253e-06
0.000633757
8.24469e-05
0.000183778
2.9732e-05
4.52875e-06
8.93614e-05
3.10537e-05
0.00018296
0.000112809
0.000193892
3.96494e-05
9.07381e-06
6.96628e-05
9.91912e-05
6.2289e-05
5.61491e-07
2.16618e-05
0.000165089
8.87922e-06
0.00013538
1.58457e-05
0.00010482
6.14435e-05
9.16746e-05
5.82117e-05
7.21662e-05
9.33512e-05
5.48286e-05
8.94376e-05
4.40036e-06
0.000164184
0.000148758
0.000162246
0.000109187
3.12401e-05
3.26714e-06
5.53455e-05
4.35313e-06
4.10264e-05
1.84115e-05
5.47823e-05
9.08887e-05
5.4217e-05
3.98851e-05
4.49682e-06
4.13858e-06
2.64148e-06
8.8811e-05
9.80936e-05
5.84124e-05
0.000178781
3.23323e-05
2.58527e-05
0.000107351
6.27498e-05
4.90064e-05
5.98615e-05
3.09768e-05
0.000113163
2.68425e-05
9.49005e-05
6.23843e-05
0.000108238
1.92888e-05
9.18933e-05
1.45509e-05
5.07591e-06
1.61588e-05
3.47878e-05
0.000155517
0.00338692
5.20483e-05
6.64421e-05
1.1784e-05
0.000103852
3.27923e-05
9.50667e-05
7.84965e-05
3.04627e-05
7.87204e-05
1.53083e-05
0.000108678
4.37105e-06
2.71621e-05
5.68797e-05
1.08143e-05
8.82995e-05
1.43034e-05
4.88595e-05
3.75806e-06
1.05157e-05
2.60802e-05
8.49535e-06
6.67875e-06
4.44264e-05
4.30758e-06
1.67252e-05
0.000313657
0.00015879
0.000174137
8.73688e-05
6.58989e-05
0.000159123
6.96575e-05
3.19473e-05
0.00121923
9.13054e-05
3.63356e-06
0.000159969
6.73194e-05
9.2789e-05
0.000157174
0.000747346
0.00010045
2.58296e-05
5.42127e-05
3.02414e-05
5.87926e-05
0.000123114
7.655e-05
1.1243e-05
1.03082e-05
3.75366e-06
5.62661e-05
3.06157e-05
7.06512e-05
2.67806e-05
3.06087e-05
7.38805e-05
2.28808e-05
3.41372e-05
3.72848e-05
3.04972e-05
0.000176633
2.32184e-06
8.93152e-05
0.000152816
0.000161513
3.33135e-05
7.99117e-05
0.000235423
1.48673e-05
0.000134633
6.63842e-05
0.000174301
3.09592e-05
5.82924e-07
1.90294e-06
0.000167799
2.97988e-05
0.000105629
6.31439e-06
1.80533e-05
3.67299e-05
4.9878e-05
4.47686e-05
3.26156e-08
8.06353e-05
3.91243e-05
0.000110904
2.74111e-05
6.34836e-05
4.49614e-05
6.02526e-05
0.000114287
2.61411e-05
8.69002e-05
2.68341e-08
8.10755e-06
3.17538e-06
3.66416e-05
3.33329e-05
7.75969e-05
6.70043e-06
0.000240088
2.78626e-05
0.000362652
3.05901e-05
3.30876e-05
5.95437e-05
2.89151e-05
0.000103935
9.5466e-06
0.00013361
0.000112425
0.000179609
7.82726e-05
9.17445e-05
5.41367e-05
0.000167983
7.31865e-05
5.74765e-05
5.53255e-05
7.39872e-05
6.91255e-05
0.000147941
7.40737e-06
0.000171516
5.27516e-05
3.1499e-05
0.000127866
2.65718e-05
3.23074e-05
4.16932e-05
7.05239e-05
8.16151e-05
4.56642e-05
0.000932004
3.6719e-06
1.88104e-05
0.000160304
6.53566e-05
0.000164981
3.90918e-06
1.73145e-05
0.000149142
0.000137719
0.000106225
0.000247554
1.4015e-05
7.02981e-05
2.83221e-06
2.88367e-05
2.34596e-06
7.22605e-06
3.92059e-06
0.000130446
9.28847e-05
5.1705e-06
5.41585e-05
3.53714e-05
0.000167087
6.08196e-05
1.95545e-05
4.80846e-05
0.000110753
0.000173128
0.000163901
0.000127726
7.7309e-05
6.82623e-05
4.3305e-05
8.45551e-05
5.62716e-06
1.45864e-05
6.47739e-05
8.5142e-05
1.05034e-08
0.000110035
2.30467e-05
0.000100241
3.37279e-05
8.89712e-05
7.01374e-05
0.000187783
0.000703365
0.000160051
0.000644917
0.000369312
9.96056e-05
7.90321e-05
9.63448e-05
6.35966e-06
8.29239e-05
0.000129328
2.75065e-05
6.51018e-05
0.000150249
5.85816e-05
0.000101144
6.17955e-05
0.000176472
9.35097e-05
8.33374e-05
0.000164184
0.000106757
3.27011e-06
5.35362e-05
2.11769e-05
0.000313587
6.35343e-05
5.42383e-06
0.00013475
4.68221e-05
0.000174785
0.000125965
1.63307e-05
0.000126552
6.86922e-06
8.80388e-05
5.08143e-05
0.000147291
1.45973e-06
0.000100113
1.52653e-05
3.99805e-06
2.83011e-06
2.37028e-05
1.65256e-05
0.000101848
4.14814e-08
9.67446e-05
2.94271e-07
8.06951e-05
8.30366e-05
6.42264e-06
3.20908e-05
0.000163295
5.03412e-05
0.000101665
5.35329e-05
2.78757e-05
9.91426e-06
2.32403e-05
5.95981e-05
0.000446062
2.75693e-05
1.29896e-06
3.09136e-05
7.16464e-05
0.000136558
0.000107403
0.00011956
2.18667e-05
4.03288e-05
2.63962e-05
2.00857e-05
8.0956e-05
0.000166663
5.7072e-05
6.2213e-05
5.16476e-05
3.40939e-05
1.71178e-05
7.46746e-05
1.16401e-05
0.00012841
1.69359e-05
3.17923e-05
0.000122529
0.000609131
0.000110191
0.000114117
6.66696e-05
6.76259e-05
1.68762e-05
1.99578e-05
6.12745e-05
4.08873e-05
1.18876e-06
9.95507e-06
2.34025e-05
2.13336e-06
5.81205e-05
4.10995e-05
7.0486e-05
8.28975e-06
0.000115939
5.99673e-07
2.69675e-07
6.47244e-05
5.23396e-05
7.40268e-05
3.48954e-05
0.000133279
6.16138e-05
6.5686e-05
8.43148e-05
1.48986e-06
1.40088e-05
5.49941e-05
7.68512e-05
6.54444e-05
9.59514e-05
2.38849e-05
5.5807e-05
7.53847e-05
0.000122353
0.000115472
3.23821e-05
9.49471e-05
8.76997e-05
0.00010123
0.000107403
9.08558e-06
5.47001e-05
7.89622e-05
6.80992e-05
0.00173053
3.26123e-06
5.86535e-05
7.10388e-05
3.49068e-05
2.64772e-05
2.70189e-05
0.000129175
0.00010743
6.465e-05
7.83644e-05
0.000159379
7.65343e-05
1.42252e-08
6.32411e-05
9.40425e-05
7.97187e-05
9.30931e-06
7.01423e-05
1.8374e-05
5.53195e-05
5.41695e-05
0.00010756
6.06648e-05
8.38413e-05
4.0625e-05
0.000119388
0.000921103
6.99132e-06
0.000144412
5.83439e-05
1.92473e-05
0.000152385
2.04193e-07
3.06395e-05
3.24668e-06
0.000198879
0.00113043
5.39265e-06
2.04455e-05
6.46448e-05
4.04004e-05
9.40588e-05
3.12858e-05
6.30415e-05
2.33997e-05
0.00015709
8.50608e-05
3.23371e-05
4.06745e-05
9.54556e-05
6.79821e-06
9.06096e-05
0.000360505
4.1066e-05
0.000112006
2.28684e-06
7.25993e-05
1.66817e-05
0.000161047
7.93866e-05
1.60976e-05
3.06129e-05
3.83316e-05
0.00011506
3.75556e-05
5.60147e-06
3.84924e-06
2.50625e-05
1.39244e-05
2.52627e-05
0.000128401
4.80459e-05
3.23799e-05
6.88591e-05
0.000102682
9.04327e-05
5.80686e-06
5.51812e-05
3.03577e-05
4.73105e-06
7.86212e-05
3.18558e-05
6.4101e-06
7.72052e-05
6.48276e-05
9.17317e-05
3.15481e-05
6.01707e-05
0.000106853
9.14005e-05
9.98636e-05
2.16791e-06
6.4796e-05
5.75061e-05
2.08567e-05
8.8193e-05
4.93062e-05
3.90395e-05
4.9202e-05
3.23349e-05
9.17689e-05
7.5156e-05
2.80148e-07
6.06128e-06
4.10553e-05
2.32186e-05
5.66917e-06
4.32495e-05
3.50382e-05
4.77848e-05
1.77884e-05
4.7772e-05
3.82333e-06
3.04503e-05
4.45736e-05
6.40579e-05
0.000169713
3.64527e-05
8.83614e-05
3.48614e-05
5.63899e-06
6.82405e-05
5.61724e-05
2.43657e-05
8.6399e-07
6.90553e-05
3.15175e-05
9.0809e-05
4.47369e-05
3.40183e-05
0.000151606
2.29895e-05
3.97108e-05
8.10594e-05
2.40303e-08
0.00015973
9.2081e-05
0.000144763
0.000144074
8.2543e-05
0.000141523
1.50513e-05
5.29128e-05
0.000106845
0.000115622
1.03216e-05
7.70152e-05
6.60593e-05
0.0001643
1.83358e-06
1.27474e-05
2.88107e-05
8.28843e-05
2.04498e-05
1.78752e-06
3.31077e-05
9.82379e-05
0.000184811
0.000117411
8.35952e-05
0.000136164
0.00128403
7.98262e-05
6.63842e-06
6.80295e-05
0.000154172
5.92712e-05
3.53714e-06
0.000110229
0.000101405
8.35173e-05
0.000230163
8.82894e-05
3.04368e-05
9.81509e-07
2.66366e-05
7.68187e-05
2.92664e-05
0.000163359
8.81202e-06
1.20404e-05
2.38247e-05
3.09566e-05
0.000120281
0.000104004
4.46591e-05
8.14256e-05
0.000103265
0.000178023
6.50429e-06
5.75108e-05
4.48351e-05
2.34676e-05
8.72325e-05
3.86368e-05
4.42663e-06
5.90852e-05
0.000158861
6.36952e-05
7.40383e-05
0.000105212
0.000189025
0.000125546
4.0514e-05
9.36622e-05
0.000125178
1.50092e-05
5.7294e-05
9.54926e-05
0.000129799
6.74594e-05
6.3511e-06
5.98515e-06
5.76522e-05
0.000110644
0.000181872
8.42234e-05
1.06668e-05
4.07383e-06
4.61373e-06
8.8812e-05
6.2109e-05
3.15051e-05
2.10657e-05
0.000140595
0.000147543
0.00017192
0.00010599
7.8676e-06
6.98737e-05
0.000111449
3.54964e-05
2.81425e-05
4.3468e-05
3.65272e-05
4.51884e-05
3.21746e-05
7.9895e-05
5.5105e-06
2.78384e-05
3.71695e-05
0.000107342
6.3222e-05
7.46978e-05
1.26588e-05
0.000107937
3.21701e-06
2.07088e-05
3.64568e-05
0.000148605
3.54489e-05
7.51978e-05
4.96379e-05
0.000123137
0.000146125
0.000156168
5.19843e-05
2.88887e-05
2.84243e-05
3.19689e-05
1.01807e-07
5.09253e-05
0.0001455
0.000114605
0.000109991
6.22102e-07
7.3128e-06
0.000119169
5.68349e-05
0.000106726
2.9217e-06
7.37822e-05
6.38489e-05
0.000119962
2.7641e-05
0.000120533
1.73072e-06
0.000106189
2.92481e-05
9.79064e-05
4.26454e-08
1.04607e-05
8.08311e-05
0.00275258
2.42701e-05
0.000412698
8.16089e-05
2.75202e-05
0.0001364
9.55063e-05
3.8509e-05
2.84734e-05
0.00014344
2.48223e-05
8.30725e-05
2.48715e-05
7.45818e-06
0.00015402
0.000111374
1.34416e-05
3.91233e-05
6.29943e-05
3.14107e-05
3.79956e-05
0.00015452
2.23316e-05
7.34915e-06
0.000190347
1.79102e-05
8.46916e-05
7.79092e-05
8.18141e-07
8.6656e-05
0.000111029
3.75716e-06
3.80355e-05
9.18306e-05
7.10359e-05
9.57925e-06
5.07584e-05
6.41599e-05
5.91216e-05
7.87024e-05
5.18641e-05
1.16312e-05
7.3302e-06
5.81159e-05
8.10821e-07
8.89308e-05
0.000129506
0.00017599
7.44206e-05
9.17409e-06
6.63386e-05
3.28547e-05
8.31984e-05
0.000149122
6.02227e-05
9.39459e-05
4.84709e-05
7.96309e-05
1.44743e-07
3.16744e-05
0.000154441
1.94258e-05
3.22761e-05
3.60521e-05
2.28699e-05
3.27006e-05
0.000114008
6.3201e-05
0.000107964
6.98013e-05
0.000143528
3.76732e-05
3.25008e-05
5.75537e-05
5.75956e-05
5.79508e-06
9.71016e-05
0.000148886
0.000134402
5.70826e-05
9.02826e-06
5.90532e-05
9.15247e-05
9.9285e-06
3.33988e-05
6.91376e-05
0.000131889
2.90754e-05
2.55075e-05
3.47669e-05
3.17897e-05
5.817e-05
2.83546e-06
7.66461e-05
5.61325e-05
6.43896e-05
3.11078e-06
8.26303e-06
3.23141e-06
2.02217e-05
0.000114882
9.90353e-05
9.99754e-05
3.05086e-05
4.01419e-05
0.000358051
9.14182e-06
5.5059e-06
3.39646e-05
2.64573e-05
0.000163495
2.78931e-05
0.000134176
2.52787e-05
0.000145258
9.58419e-05
7.17283e-05
6.369e-05
4.33831e-05
8.47646e-05
2.54967e-05
7.37407e-05
0.000139494
6.95207e-05
7.58101e-05
1.10608e-05
0.000117773
5.40762e-06
7.27003e-05
6.45207e-05
1.99032e-05
0.000708811
0.000346249
7.68391e-05
2.51094e-05
0.00054556
7.67145e-05
6.87269e-05
4.38056e-05
7.83979e-05
2.26059e-05
3.43906e-05
9.89134e-05
0.00016142
2.30564e-05
3.23276e-05
4.29637e-05
1.02544e-05
1.8443e-05
0.000167954
6.28939e-06
1.61973e-05
9.44154e-06
1.20833e-06
3.69977e-05
0.000364544
0.000123121
3.94949e-05
8.28646e-05
0.000173788
4.25778e-06
9.96037e-05
7.07602e-05
0.000126898
5.77832e-05
4.0118e-06
2.49725e-05
5.85551e-05
2.84966e-05
0.000148661
8.26163e-05
7.6983e-05
2.46966e-05
0.000102523
6.51807e-05
5.24733e-05
5.28459e-05
5.41458e-05
4.49638e-05
3.69069e-05
0.00015368
1.92391e-05
5.74613e-06
3.01775e-05
3.17681e-05
3.41775e-05
9.53815e-05
9.06143e-05
2.42888e-05
6.16273e-05
8.27446e-05
9.94603e-05
9.13502e-05
9.80963e-05
3.77478e-06
9.62498e-05
0.000124273
3.21581e-05
6.54992e-05
6.21582e-06
0.000159728
7.76773e-05
2.42374e-06
8.89508e-05
7.90565e-05
7.09606e-06
7.64392e-05
6.67984e-05
4.22529e-06
0.000128652
2.83137e-05
4.29406e-05
5.59513e-05
6.32101e-06
0.000800642
0.000196376
9.67981e-05
0.00014346
6.39093e-05
0.000161267
5.78115e-06
1.23254e-05
0.000102006
2.52208e-05
1.74964e-06
5.62088e-05
9.59999e-05
0.000111306
0.00015214
7.13178e-05
0.000756589
8.00209e-05
4.30391e-05
4.99659e-05
0.000190257
8.94324e-05
1.38041e-05
4.43515e-06
6.37087e-06
1.10678e-06
0.00011611
3.26971e-05
3.30733e-05
3.09612e-05
0.00133426
4.86761e-06
0.000104192
0.00018891
6.00901e-05
0.000150219
0.00122334
2.63958e-08
4.16015e-05
7.48734e-05
6.78192e-06
2.71339e-05
9.65747e-05
0.000382501
6.71852e-05
1.88922e-06
3.79317e-05
5.19054e-05
0.000139166
3.13389e-05
0.000127132
6.62637e-06
5.56301e-05
7.33252e-05
4.39218e-05
6.41252e-05
3.92729e-05
7.21148e-05
0.000132526
7.29744e-05
0.000109716
6.12766e-05
6.64652e-06
6.89932e-06
9.09661e-05
2.36926e-05
8.30507e-05
0.000165082
1.68623e-06
1.48379e-05
5.88631e-05
0.000179971
7.0934e-05
1.52691e-06
1.49902e-08
0.000130146
7.38025e-05
8.3623e-05
0.000116992
0.000107796
9.02042e-05
0.000103806
5.45525e-05
2.98331e-05
6.70131e-05
0.000147309
1.94058e-06
1.42521e-05
0.000191901
0.000152376
3.92437e-05
7.35375e-05
2.22288e-05
4.01657e-06
4.71646e-05
2.26602e-05
9.92922e-05
4.57444e-05
6.55014e-05
0.000100893
6.79086e-06
6.81874e-06
8.47885e-05
1.19332e-05
0.00029119
0.000107594
1.83698e-05
2.76443e-05
8.54279e-06
8.85285e-05
9.03831e-05
4.4097e-08
7.79685e-05
8.24019e-05
5.42948e-06
1.0311e-05
1.16934e-05
2.04949e-05
0.000101879
4.06772e-08
3.15315e-05
4.29864e-05
3.05444e-05
9.53513e-05
6.61809e-06
7.15273e-05
3.6808e-05
6.6012e-05
3.29613e-06
0.00140877
7.88056e-05
8.23249e-05
7.51624e-05
0.00115283
0.000143544
0.000119307
1.13401e-05
4.3494e-06
2.78726e-05
0.000188241
9.49262e-05
8.83894e-05
0.000149942
4.3098e-05
8.89032e-05
3.79005e-05
8.52476e-05
4.28358e-06
3.14759e-05
1.79989e-05
5.56471e-06
7.73512e-05
0.000727631
6.60357e-06
1.20297e-05
9.56061e-06
6.83839e-05
5.01885e-05
5.70143e-05
1.39342e-08
3.36941e-05
2.71681e-05
1.65529e-06
6.52493e-05
7.78165e-06
8.06465e-05
6.17999e-06
0.000104643
0.000100346
3.27236e-05
5.66455e-06
3.29055e-05
7.20515e-05
0.000111381
0.000129201
0.000109441
6.11693e-06
1.87233e-05
3.95481e-05
0.000150433
0.000125613
8.4506e-05
6.88267e-06
2.17064e-06
7.58208e-05
0.000860017
0.000132305
0.000115267
3.19242e-05
8.3166e-05
0.000239843
1.52409e-06
4.9293e-06
4.03501e-05
1.5379e-05
6.35971e-05
4.46983e-05
4.96022e-05
6.65014e-07
5.51625e-05
1.03969e-05
5.78084e-05
3.23025e-05
8.65534e-05
0.000153603
4.95614e-08
0.000172454
2.73488e-05
8.12125e-07
1.61895e-05
6.0337e-05
1.89685e-06
8.40363e-06
1.23165e-08
1.72227e-06
1.26757e-05
5.55535e-05
0.00108949
8.00839e-07
4.65341e-05
0.00014364
1.06483e-05
2.89877e-05
3.91213e-06
3.10678e-05
3.81122e-05
0.000106692
6.6079e-07
8.37322e-05
8.10967e-05
5.76723e-05
0.000169033
6.63842e-06
1.38056e-05
7.48826e-07
6.17984e-06
0.000101004
8.07751e-07
8.70635e-06
1.95117e-05
2.13597e-05
0.000117059
4.88433e-05
0.000110478
1.54979e-05
0.000102163
3.83762e-05
0.000102975
3.16252e-05
6.09916e-05
8.67782e-05
1.34502e-06
2.61521e-08
5.76891e-05
1.39598e-07
2.70899e-05
7.5132e-05
0.000133961
8.52483e-05
3.81957e-06
0.00138472
5.75463e-06
9.16608e-05
2.0571e-05
0.000148969
7.53984e-05
3.93261e-05
4.82448e-05
7.6017e-05
9.34706e-05
8.56092e-05
0.000502295
0.00118796
7.59118e-05
9.27335e-05
9.10144e-08
1.41767e-05
9.82817e-05
3.28018e-05
2.33805e-05
5.85385e-05
2.84e-05
6.26964e-05
6.20227e-05
3.72342e-05
2.76916e-05
1.81625e-05
2.84035e-05
7.50374e-05
9.08823e-05
2.98954e-05
0.0001483
8.48707e-05
3.10608e-06
0.00018554
3.19796e-05
8.66383e-05
4.26909e-06
6.09282e-05
4.05374e-05
0.000159192
4.42379e-05
0.000148084
0.000142169
3.87495e-05
0.000451608
4.73031e-05
0.000138266
9.61187e-05
7.73304e-05
1.73689e-05
0.000516023
3.68881e-05
0.000381502
9.69353e-09
9.79742e-05
0.000109074
5.9936e-05
0.000319469
6.24344e-05
0.000179042
0.000213495
0.000259532
2.08279e-05
0.00260198
4.52079e-07
1.21623e-08
2.06059e-05
5.03112e-05
5.74142e-05
1.99245e-05
3.52537e-05
1.12015e-05
3.73973e-05
1.16974e-05
0.000161928
9.52901e-05
6.95074e-06
1.73685e-06
1.76078e-08
0.000132879
0.000127748
0.000136204
1.30578e-05
2.08746e-06
5.19666e-07
0.000161397
5.68474e-06
3.1166e-05
5.32647e-05
3.4146e-05
3.14933e-06
3.75574e-05
6.3168e-05
0.00189343
3.18169e-05
0.00112919
3.32992e-05
5.78302e-05
7.23805e-05
8.18226e-06
2.06149e-05
0.00036374
2.63186e-05
5.15573e-05
0.000102632
3.84808e-06
5.53766e-05
3.47375e-06
1.18317e-06
0.000191084
4.67376e-05
4.23772e-05
0.000106905
5.50892e-05
4.19287e-05
3.189e-05
3.54067e-06
5.70158e-05
4.56404e-06
9.41743e-05
1.03897e-07
0.000100009
7.92678e-05
5.61915e-05
4.36769e-06
8.77191e-05
0.000113596
0.00139043
0.0014575
0.000533808
5.72659e-06
2.13676e-05
4.1785e-05
0.000116491
0.000113633
0.000684024
0.000195713
1.99254e-05
7.05695e-06
5.42755e-06
4.41831e-05
0.000743759
7.66872e-05
8.93627e-05
6.40378e-07
6.09848e-05
6.51106e-05
4.07713e-05
4.30371e-05
2.1577e-05
1.6771e-08
0.000100661
1.70369e-05
0.000137443
5.99596e-05
3.00767e-06
3.24537e-05
3.40831e-05
0.000158679
0.000112009
9.78553e-07
2.25986e-07
0.000102128
3.76925e-05
5.23098e-05
0.000105221
4.45761e-05
1.4761e-05
8.92456e-05
6.48751e-05
7.65786e-05
4.10601e-08
0.000568998
0.000154568
3.32519e-05
7.59668e-05
7.95931e-05
0.000185435
0.000203598
2.45552e-06
8.30892e-05
3.53996e-05
0.00010491
2.26904e-05
1.42455e-05
5.9556e-05
6.13292e-05
1.39181e-05
7.84717e-05
3.00916e-05
5.52204e-05
0.000104149
5.34387e-08
3.90904e-06
9.33446e-05
8.88256e-05
1.27987e-05
3.7442e-05
1.20674e-06
0.000113102
2.48776e-05
1.30411e-05
0.000131276
3.66455e-06
4.23167e-05
0.000106283
5.35048e-05
0.000142992
0.000767246
4.5878e-05
5.70586e-05
3.03802e-05
3.09692e-05
4.45382e-05
5.62184e-05
6.78483e-06
0.000725319
6.52695e-05
0.000123055
0.000183379
2.7598e-05
0.000132226
1.73759e-05
6.50114e-06
4.45216e-05
3.92641e-05
8.8818e-05
1.64887e-06
2.46675e-06
0.000160132
1.10912e-05
8.05687e-05
0.000387891
2.97622e-05
0.000123262
5.71231e-06
2.64203e-05
5.45052e-05
0.00140781
2.54703e-06
8.782e-05
0.000170242
2.57006e-05
0.000117375
2.4366e-05
7.21274e-05
0.000363818
2.05063e-05
0.000184412
1.27986e-05
2.3348e-05
2.77778e-05
7.19477e-05
1.02911e-05
0.00155198
0.000150883
3.33018e-05
0.000128698
0.000191648
0.000140607
2.19647e-05
2.68025e-05
0.000132103
1.29901e-06
0.000108681
5.02307e-05
1.37273e-05
2.95513e-05
8.38392e-06
0.000105906
2.58857e-05
2.38906e-07
0.000128454
2.40411e-05
3.0167e-05
8.96332e-05
3.87026e-05
8.87905e-05
2.91525e-05
0.000147979
0.000148736
0.00010095
2.72861e-05
1.4543e-05
1.20153e-05
5.69565e-05
6.2207e-05
2.94311e-05
2.34636e-08
5.78139e-06
0.000718214
5.10483e-05
2.2968e-05
0.00016738
1.29133e-05
0.000159176
1.50965e-06
5.87878e-05
4.79907e-05
2.93381e-05
1.40369e-05
2.41266e-05
2.86622e-05
1.92544e-06
0.00060261
1.59219e-08
1.96101e-05
1.64958e-05
1.65075e-05
6.08356e-06
4.82577e-05
1.69411e-05
2.53167e-05
9.86175e-05
3.99828e-05
8.484e-05
0.000136664
6.15645e-05
1.63466e-05
7.73576e-05
1.69897e-05
7.93225e-05
9.20712e-05
0.000227442
7.95289e-05
3.00574e-05
8.55616e-05
2.84794e-05
2.77857e-05
8.62634e-05
0.000135695
2.71323e-05
0.000219665
8.04669e-05
0.000110703
0.000133297
6.17167e-05
1.69165e-05
6.16818e-05
3.47364e-05
7.80853e-05
2.90398e-05
0.000110894
3.67423e-06
1.86364e-05
1.78083e-05
6.08001e-05
0.000694609
5.71903e-05
9.16516e-05
0.000182341
2.92374e-05
2.75715e-05
8.27011e-05
0.000167731
8.95225e-05
8.45803e-05
7.23299e-07
1.77338e-05
3.89109e-05
3.84371e-05
8.52779e-05
6.81011e-05
0.000774174
0.000372499
8.0281e-05
8.37752e-05
4.50147e-05
8.69241e-05
0.00132567
0.000155188
1.51551e-08
1.92438e-05
6.60616e-05
4.39613e-08
9.60724e-07
8.36613e-06
4.01784e-06
1.60374e-05
7.28129e-05
0.000159523
8.8924e-05
9.04894e-05
0.000261226
2.89745e-06
3.86051e-05
0.000122153
7.83847e-08
7.63704e-05
7.91382e-05
0.000159145
2.00568e-05
0.00108569
2.16588e-06
8.41025e-05
2.39652e-05
3.1554e-06
0.000181694
0.000631415
5.60692e-06
6.84974e-06
4.00632e-05
5.86667e-05
8.55221e-05
6.53226e-05
0.000169642
8.2951e-05
3.88285e-05
)
;

boundaryField
{
    back
    {
        type            empty;
    }
    front
    {
        type            empty;
    }
    gasjet
    {
        type            nutkWallFunction;
        Cmu             0.09;
        kappa           0.41;
        E               9.8;
        value           nonuniform List<scalar> 
710
(
0
0
0
0
0
0
0
0
0
0
0
0
0
0
0
0
0
0
0
0
0
0
0
0
0
0
0
0
0
0
0
0
0
0
0
0
0
0
0
0
0
0
0
0
0
0
0
0
0
0
0
0
0
0
0
0
0
0
0
0
0
0
0
0
0
0
0
0
0
0
0
0
0
0
0
0
0
0
0
0
0
0
0
0
0
0
0
0
0
0
0
0
0
0
0
0
0
0
0
0
0
0
0
0
0
0
0
0
0
0
0
0
0
0
0
0
0
0
0
0
0
0
0
0
0
0
0
0
0
0
0
0
0
0
0
0
0
0
0
0
0
0
0
0
0
0
0
0
0
0
0
0
0
0
0
0
0
0
0
0
0
0
0
0
0
0
0
0
0
0
0
0
0
0
0
0
0
0
0
0
0
0
0
0
0
0
0
0
0
0
0
0
0
0
0
0
0
0
0
0
0
0
0
0
0
0
0
0
0
0
0
0
0
0
0
0
0
0
0
0
0
0
0
0
0
0
0
0
0
0
0
0
0
0
0
0
0
0
0
0
0
0
0
0
0
0
0
0
0
0
0
0
0
0
0
0
0
0
0
0
0
0
0
0
0
0
0
0
0
0
0
0
0
0
0
0
0
0
0
0
0
0
0
0
0
0
0
0
0
0
0
0
0
0
0
0
0
0
0
0
0
0
0
0
0
0
0
0
0
0
0
0
0
0
0
0
0
0
0
0
0
0
0
0
0
0
0
0
0
0
0
0
0
0
0
0
0
0
0
0
0
0
0
0
0
0
0
0
0
0
0
0
0
0
0
0
0
0
0
0
0
0
0
0
0
0
0
0
0
0
0
0
0
0
0
0
0
0
0
0
0
0
0
0
0
0
0
0
0
0
0
0
0
0
0
0
0
0
0
0
0
0
0
0
0
0
0
0
0
0
0
0
0
0
0
0
0
0
0
0
0
0
0
0
0
0
0
0
0
0
0
0
0
0
0
0
0
0
0
0
0
0
0
0
0
0
0
0
0
0
0
0
0
0
0
0
0
0
0
0
0
0
0
0
0
0
0
0
0
0
0
0
0
0
0
0
0
0
0
0
0
0
0
0
0
0
0
0
0
0
0
0
0
0
0
0
0
0
0
0
0
0
0
0
0
0
0
0
2.35648e-05
0
0
0
0
0
0
0
0
0
0
0
0
0
0
0
0
0
0
0
0
0
0
0
0
0
0
0
0
0
0
0
0
0
0
0
0
0
0
0
0
0
0
0
2.65784e-05
0
0
0
0
0
0
0
0
0
0
0
0
0
0
0
0
0
0
0
0
0
0
0
0
0
0
0
0
0
0
0
0
0
0
0
0
0
0
0
0
0
0
0
0
0
0
0
0
0
0
0
0
0
0
0
0
0
0
0
0
0
0
0
0
0
0
0
0
0
0
0
0
0
0
0
0
0
0
0
0
0
0
0
0
0
0
0
0
0
0
0
0
0
0
0
0
0
0
0
0
0
0
0
0
0
0
0
0
0
0
0
0
0
0
0
0
0
0
0
0
0
0
0
0
0
0
0
0
0
0
0
0
0
0
0
0
0
0
0
0
0
0
0
0
0
0
0
0
0
0
0
0
0
0
0
0
0
)
;
    }
    inlet
    {
        type            calculated;
        value           nonuniform List<scalar> 
20
(
6.1879e-06
2.73191e-06
1.57507e-06
1.54218e-06
5.16947e-06
3.0204e-06
2.60573e-06
4.31094e-06
4.10347e-06
6.08002e-06
6.71674e-06
7.31627e-06
7.35865e-06
3.23557e-06
3.05524e-06
5.27418e-06
7.10685e-06
6.68596e-06
7.07692e-06
2.63857e-06
)
;
    }
    outlet
    {
        type            calculated;
        value           nonuniform List<scalar> 
110
(
2.94831e-05
0.000144925
2.95799e-05
2.92784e-05
0.000367542
2.92784e-05
0.000686533
2.75997e-05
0.000379161
2.24161e-05
2.27837e-05
2.59228e-05
6.58034e-05
2.18031e-05
0.000343455
2.899e-05
0.000575998
2.35626e-05
0.000367011
0.00103064
2.96671e-05
0.00127774
0.000815436
2.97834e-05
3.7555e-05
3.54217e-05
2.53875e-05
0.000453492
0.00037581
0.000220696
2.04145e-05
1.96086e-05
0.000129608
1.09091e-07
0.000509888
2.35259e-05
0.00107045
3.90348e-05
0.000304172
0.00136894
2.96996e-05
2.03337e-05
1.90851e-05
1.09091e-07
1.09091e-07
2.64658e-05
2.08051e-05
1.09091e-07
0.000109349
2.26083e-05
0.000117987
9.90194e-05
2.85384e-05
4.90461e-05
3.80628e-05
3.24697e-05
0.000375547
1.66286e-05
4.78117e-05
3.38987e-05
8.76163e-05
3.8932e-05
3.56531e-05
7.87869e-05
4.3285e-05
4.55456e-05
4.96084e-05
2.90742e-05
4.70407e-05
4.4259e-05
4.92665e-05
2.86134e-05
7.56311e-05
7.20538e-05
2.7511e-05
2.73544e-05
6.11781e-05
2.70254e-05
5.10312e-05
2.85523e-05
2.72653e-05
0.00075883
5.82943e-05
5.48447e-05
1.09091e-07
1.09091e-07
4.76653e-05
4.47325e-05
0.00012694
0.000179359
4.04405e-05
4.27382e-05
3.08832e-05
3.00917e-05
4.32904e-05
3.88824e-05
1.09091e-07
1.09091e-07
4.06448e-06
7.68281e-05
3.7979e-05
0.000313413
0.00011345
4.48666e-05
2.88271e-05
3.20035e-05
4.10565e-05
0.000108666
2.72366e-05
2.79914e-05
)
;
    }
}


// ************************************************************************* //
