/*--------------------------------*- C++ -*----------------------------------*\
  =========                 |
  \\      /  F ield         | OpenFOAM: The Open Source CFD Toolbox
   \\    /   O peration     | Website:  https://openfoam.org
    \\  /    A nd           | Version:  8
     \\/     M anipulation  |
\*---------------------------------------------------------------------------*/
FoamFile
{
    version     2.0;
    format      ascii;
    class       volScalarField;
    location    "0.0005";
    object      p;
}
// * * * * * * * * * * * * * * * * * * * * * * * * * * * * * * * * * * * * * //

dimensions      [1 -1 -2 0 0 0 0];

internalField   nonuniform List<scalar> 
34060
(
37192.5
1.31817e+06
35636.4
1.3755e+06
17770.5
6523.15
31383.4
51890.1
42515.1
1.12512e+06
110.017
37934.4
59321.8
3856.14
1.37513e+06
1.32515e+06
552.598
97690.4
36983
1.31824e+06
4472.92
4785.69
4820.19
382.725
4797
1.24839e+06
4047.51
1.36913e+06
4182.81
5225.8
1.34563e+06
310.605
41874.6
136825
12863.1
37005.6
17.7477
1.36893e+06
4959.56
1.09871e+06
4511.05
5389.44
1.307e+06
1.37407e+06
4087.47
6048.48
17244.5
976808
6061.34
2603.99
1.36007e+06
3852.46
36.0728
1.14294e+06
1.1671e+06
968369
6481.47
23569.2
1.37527e+06
997698
3103.95
17825.3
14821.5
3492.8
24021.2
91670.9
3912.34
1.3259e+06
1.08668e+06
2615.63
5283.04
8953.72
365.341
344528
4603.13
12193.8
1.04401e+06
1.36542e+06
863.72
32775
4955.31
177.345
3612.02
3792.5
1.22439e+06
1.30219e+06
13117.6
304519
259.27
248.688
1636.78
427.476
3245.98
414.549
14875
125.066
1.36176e+06
1.13781e+06
9975.2
4765.15
3703.73
3868.07
447.137
6086.89
53.1385
4450.4
1426.55
5476.88
12261.4
82.8468
89.3618
5975.14
1693.04
21280.7
634.709
280.517
14027.8
4129.76
44.8201
5379.3
452.611
8231.1
1.3397e+06
4633.05
1531.51
1.10721e+06
2596.92
3192.82
12580.2
19628.5
3780.25
216.864
4604.1
1.37408e+06
19206.6
13464.4
6998.09
870070
1.09103e+06
112.444
42.5281
1.37522e+06
379635
3573.67
345988
3777.27
4435.61
7611.73
1.17168e+06
10358.2
137.839
15.8965
42193.6
507.641
19577.4
6856.2
1.33167e+06
3497.77
5930.6
7327.05
1.37249e+06
23565.3
34893.3
3778.24
4607.47
5412.56
3225.78
4104.5
4263.26
178.132
5019.4
1.24689e+06
1.34097e+06
1.2203e+06
1.36188e+06
7608.78
247.018
61415.8
5466.59
1.04567e+06
10704.5
647.908
1.10049e+06
246797
1.21348e+06
11941.5
9672.72
13063.1
4414.42
50544.7
12402.4
4394.96
444.198
1.21083e+06
1342.11
7758.48
5979.55
31536.4
1.36571e+06
1.10246e+06
5474.71
6168.69
3704.73
4768.58
1279.47
5564.35
33775.4
1.36273e+06
3656.58
39939.9
4426.67
56093.9
1067.91
1.18266e+06
1557.44
140.327
21891.7
65.1844
2490
252589
13077.7
28367.8
1.30692e+06
14428.4
58892.4
393915
5166.63
3894.64
1.37411e+06
4097.11
1.20663e+06
1666
4784.99
5830.15
151747
33209.5
3674.19
1.36008e+06
1.33986e+06
181831
4452.52
1902.33
1.00008e+06
3935.63
1.3742e+06
1.21791e+06
35323.3
1556.51
1.22337e+06
5489.93
23828.1
3927.73
4628.28
5478.22
1.36737e+06
13916.6
336.218
3468.22
18778.2
1.01573e+06
4235.04
5469.33
1.14732e+06
6028.46
8657.18
1.114e+06
3899.86
1.36588e+06
324620
1.37089e+06
1.23076e+06
987905
17917.7
1.37082e+06
1.28129e+06
4164.36
1894.33
3605.45
1.36744e+06
3767.72
1.26696e+06
14975.8
37266.2
1.23042e+06
14197.3
1.07921e+06
53771.6
8365.02
17921.4
15496.9
4501.86
1.3695e+06
3796.59
381.794
1.31055e+06
1.31915e+06
996619
3939.82
1.32456e+06
3135.5
1.10872e+06
7222.84
83.2608
3474.41
44328.9
409.075
17351.5
5769.66
4451.84
13299
9525.38
27561.9
7156.68
37254.4
19248
1.34167e+06
1.02149e+06
1.37405e+06
1.20199e+06
29170.7
388.402
1.36069e+06
4582.55
32942.3
50537.1
1.21465e+06
140282
1456.93
116.964
497.313
4009.43
4103.47
12095
5755.22
5369.95
3942.58
3785.71
1.33055e+06
332.88
3961.01
1.23715e+06
25760.3
1.35156e+06
16183.1
2930.65
18618.5
12143.1
5970.49
4021.32
18731
1.36172e+06
18619.6
8808.9
31434.6
27260.7
32724.5
1.32566e+06
297.499
1.09764e+06
370.477
4244.69
3799.24
403.857
15097.6
35793.5
53346
3083.81
1.36702e+06
93331.5
1.37603e+06
55383.5
1.374e+06
56.7281
993732
86.9191
6420.4
11242.3
1.34131e+06
4426.29
863.662
31011
38359.8
1.14363e+06
63.0318
1.20741e+06
6438.58
21.9958
6559.17
1.17909e+06
114.866
274.859
1.30812e+06
1.04391e+06
8465.67
4403.14
4387.24
3550.11
11142.1
1.35175e+06
4477.07
27987
6742.85
886496
6454.16
18826.2
1.24023e+06
1.30517e+06
26325
16247.5
184.052
102.246
8378.51
12124.7
3366.73
12869.8
6500.64
3242.02
7006.01
99505
1833.58
147246
1.36937e+06
1060.34
3750.1
6827.77
5991.75
257751
1824
1.18561e+06
4441.28
28729.7
67.3649
1.36728e+06
1.10438e+06
171.415
3781.31
21791.9
1.37526e+06
60.9517
41.8915
1.18062e+06
75205.4
5456.07
4789.46
1.31645e+06
1.20672e+06
1693.78
1684.68
4396.95
127.351
1.34208e+06
1.20098e+06
1.34197e+06
13203
9069.66
55172.9
233393
1.36089e+06
1715.42
15176.3
60955.2
10747.9
30139.8
3864.07
945526
1.23565e+06
3764.24
1.37073e+06
19079
183.943
8467.38
1.10793e+06
9517.19
4184.72
1.11099e+06
981847
1.21893e+06
1.01673e+06
3680.78
35218.9
2956.83
752.281
4654.13
4304.86
1.26319e+06
15306.6
10771.8
19444.3
5162.44
1.26037e+06
18226.8
66715.1
1.37014e+06
1.21133e+06
16.9139
451.149
5464.07
1.3686e+06
105.893
1.31113e+06
14992.3
1.22262e+06
3567.95
18808.1
6894.83
420.896
292.588
2099.55
230.566
499.679
1718.76
7431.36
129690
5020.72
7035.6
7083.66
2253.45
952.428
1.11277e+06
241225
1.2244e+06
12414.5
4774.83
12305.3
49253.6
1.27956e+06
159.524
142.738
50515.2
741.728
2743.35
1.3364e+06
4131.17
1.03893e+06
55584.8
4370.54
3422.25
30560
37575.3
3545.2
32766.2
69.7072
4912.21
1353.86
4962.91
211.054
39242.4
4183.63
41231.4
4365.23
4301.87
6874.97
1.37706e+06
54545.4
3699.04
46884.1
3529.64
350.256
3866.03
5998.71
5320.99
867.316
5368.13
7455.18
955205
4494.39
182.824
1.35807e+06
3805.86
50.5168
22552.1
414.847
13394.7
1.2276e+06
452.391
47786.6
1.36302e+06
9920.22
275.089
1.15287e+06
1.34847e+06
4171.51
5305.42
1.24895e+06
59642.4
13492.8
1.31207e+06
1.22332e+06
379.015
5591.82
398.059
59930.3
7205.32
7595.66
1.35841e+06
34065.5
29208.9
4162.74
1.20209e+06
7112.48
1.12839e+06
1.3753e+06
1042.28
3105.46
4785.92
170.776
5947.62
1.33511e+06
5641.54
4275.94
1.34487e+06
3793.33
1.26616e+06
1719.41
3900.35
1.17088e+06
5003.85
163616
1.35374e+06
1.35529e+06
5439.36
11041
285711
17918.2
1.37518e+06
1.30025e+06
63268.4
3631.37
3188.54
4181.45
14892.2
4925.81
11533
3224.01
3220.04
15293.7
697340
58644.1
18199.4
643.649
3223.67
7865.7
5165.56
5477.6
14857.9
4805.5
857.695
1.06753e+06
9098.64
955.104
1.11527e+06
1.34785e+06
7882.98
1.36889e+06
1.36896e+06
21021.3
1.33632e+06
1.19416e+06
48400.2
54.3862
2998.7
30865.6
5151.84
1.36342e+06
202.098
1.36425e+06
1.3471e+06
3272.85
944097
4768.25
1.35195e+06
18868.1
998.671
3420.68
1.36878e+06
1.03155e+06
1.35437e+06
144353
1.14714e+06
351600
3920.03
1.36115e+06
4814.43
1.34231e+06
7340.25
57829.2
12569.6
7251.94
1.10062e+06
3278.59
1.2123e+06
17297.1
11708.1
346.419
4148.99
362.329
18640.9
12587.9
584.962
1.31859e+06
3791.68
159.495
5512.31
8291.98
5275.49
2548.34
14849.8
6388.87
37200.9
1.34526e+06
10390.9
4760.4
3650.34
4908.31
1.37429e+06
4847.21
162591
4035.27
1.26701e+06
5193.95
4735.1
4137.2
3953.78
53111.7
12349.9
40942.1
4200.51
4750.66
1.24894e+06
16065
8874.59
4204.77
11927.9
5253.15
720831
175.063
14065.8
3184.99
5551.49
409.836
5408.22
1.30325e+06
4614.17
1690.57
1.37473e+06
19731.4
3832.06
707.188
506.701
60111.7
3640.11
1.23596e+06
50132.7
34301.4
254.637
40757.6
1.32768e+06
4855.29
4155.14
3751.67
5428.69
329.796
43979
17209.2
923398
11754.7
1.30911e+06
4579.67
3893.61
109.738
372.704
5161.79
1.09897e+06
11146.7
246214
3746.23
1.15585e+06
1.37242e+06
5395.81
1.23126e+06
931992
3183.21
391.516
1.34147e+06
1.30657e+06
13593.9
1.23262e+06
17471.9
369.473
147073
972.707
3335.13
43.6885
13321.9
1.27753e+06
1.28337e+06
39189.8
25350.8
44.6131
4806.5
47677.9
4126.83
859040
251.03
40845
59723.3
4594.15
4698.68
679.512
367.998
6755.26
5294.42
3987.22
1.18165e+06
65986.7
3147.47
41936.4
83759.4
7633.1
1.33692e+06
1.3636e+06
4485.87
4008.58
1.19756e+06
5156.69
4789.36
11527.3
12301.6
1.32971e+06
6840.79
1.23184e+06
11544.3
1.37461e+06
6497.31
1.00046e+06
30564.9
11700.3
228218
1552.39
84312.1
6417.68
1.15183e+06
18835.4
156.687
4461.98
17166.5
24144.1
2953.1
1.34891e+06
24996.2
5326.63
1.37094e+06
9764.21
1.37273e+06
186.06
27.7189
9776.58
14585.6
5425.23
1.36979e+06
14140.1
47612.1
27.2302
44.3369
14503
4846.62
20336.7
3538.42
1.19627e+06
1.37435e+06
2672.63
8669.02
112159
189.783
64552
4467.1
1.37269e+06
9383.01
19814.8
5297.27
2648.48
23437.2
1.11631e+06
49987.3
4260.9
4236.47
3678.91
2030.43
255.67
1.36887e+06
1.35486e+06
1.35661e+06
26888.7
36510.4
3982.76
790.696
49560.1
666917
5111.47
1.34594e+06
1968.77
6331.76
1.34539e+06
16875.1
3626.32
1.23563e+06
10114
4805.12
340.29
3769.61
622.683
4225.65
1334.89
40695.4
6908.57
6370.44
19178.6
14538.1
1.12596e+06
5055.78
46325.3
11153.9
4414.83
3606.19
1.32918e+06
22222.1
1.37685e+06
22945.9
1.30827e+06
48850
51118.6
4044.46
1.23548e+06
1.37169e+06
3660.3
823829
5870.23
101900
3402.29
3526.59
1.37296e+06
354.571
4681.02
1.2949e+06
1.33929e+06
867634
17504.1
622.862
343.212
1.26968e+06
5478.61
1.21271e+06
3400.38
28539.3
8545.63
10164.2
22086.9
1.36686e+06
3547.1
1.37273e+06
285519
7391.99
287295
30236.7
13733.2
8952.5
1.32018e+06
1.17218e+06
350.451
15104.1
32661.2
8839.48
588.63
11492.7
1.22464e+06
4107.6
200.449
8105.96
3953.72
1.36384e+06
5144.89
65711.9
1.06406e+06
1.33794e+06
24240.9
1.24212e+06
369.691
12260.6
1.30061e+06
3866.8
6120.25
20515.5
13750
205.128
4861.83
35876.9
88.8669
5645.35
23924.4
23035.7
22826
18200.1
177520
47578.9
17546.8
897710
407.371
4088.27
1.37102e+06
5384.94
1.3289e+06
14620.4
34.1168
1.37517e+06
18333.5
1.37617e+06
63681.1
323.813
1.30131e+06
1.3196e+06
102.231
11919.1
38932.7
311.38
1.0939e+06
21468.5
6108.94
179.52
261.433
6815.47
303.911
1.31831e+06
4464.25
7930
132463
4413.5
552.826
1.33632e+06
1.37424e+06
41733.2
483.121
95319.9
6028.95
11499.3
279.622
318987
1.36986e+06
44.1392
6143.55
1.33819e+06
4046.81
3226.53
40785.2
4488.21
3300.01
7490.66
5332.56
1.37515e+06
3860.37
433.009
19647.6
4219.32
5104.82
949.766
23010.6
7745.5
5457.98
8594.96
6575.75
1.35786e+06
28279.6
1.23723e+06
9474.97
1.36417e+06
4866.23
5082.39
17458.3
3668.1
1.31871e+06
3223.28
14415.2
5449.07
10437.9
39.7976
114489
3613.78
3504.41
15773.7
289.177
41.0654
1.32404e+06
148676
53.1143
1.36752e+06
14089.6
7351.86
1.36201e+06
1809.41
19311.9
14194.1
8849.2
54.0713
1.3732e+06
4430.25
37540.5
12265.8
2362.28
490044
1.01062e+06
153019
1.25128e+06
72.0063
13284.3
53187
4033.45
1724.95
4481.78
1.21634e+06
1336.64
17200
115465
284.711
68377.6
11707
1.37124e+06
1.3741e+06
7781.45
77030.8
24619.6
20029.5
55277.3
60945.8
111042
56704.2
6251.47
4065.47
856143
655.169
1.26572e+06
31821.7
27389.9
4219.71
20610.2
506.899
2030.57
908586
4855.69
39914
6076.97
836.718
1847.53
3718.45
16999.5
6066.32
1.10728e+06
1.37021e+06
4210.49
3085.27
492.252
4417.89
1796.77
1.37464e+06
10396.9
37267.2
17831.1
6217.41
3967.51
5193.5
5219.19
4911.42
1.34618e+06
1.11269e+06
1.15335e+06
23789.1
5042.54
4866.76
1695.27
1961.95
1.1243e+06
31.1433
5967.02
4417.31
503.226
60307.6
4329.88
12994.6
3781.58
852.011
326.668
136072
1.185e+06
3180.24
1.26516e+06
19178.7
18751.6
16769.4
1.35559e+06
168.623
32423
1.36549e+06
1.27657e+06
196.175
85.5149
28235.8
18487.8
204847
4053.31
2441.12
52922.2
1.34548e+06
26772.9
661771
13044.7
4296.25
443.959
1.35367e+06
36615.3
108089
492.713
32763.8
5492.47
3660.33
18280
5870.47
1.25628e+06
13279.8
1.31232e+06
3907.59
1638.1
1.04082e+06
13895.4
1.2335e+06
3814.03
1.25563e+06
5178.29
1803.95
4024.94
11250.5
52714.6
1.25997e+06
165.97
10115.6
3575.09
1.31208e+06
2032.51
924.914
20912.5
116447
60781.9
3058.83
354.945
26963.6
4299.43
287.103
311.538
4192.74
4240.34
1.3725e+06
1.37597e+06
811769
1.37334e+06
98167
13242.9
1.37317e+06
44506.7
29359.5
3493.3
1.34834e+06
42964.7
3819.91
5026.46
418.381
21500.8
102.628
10154.8
1.35955e+06
1.28154e+06
630.331
1.29318e+06
4124.73
1.08398e+06
20186.3
1.36997e+06
5040
748.339
4347.93
393.337
5080.95
5703.6
5162.4
67202.7
12272
19990.9
12620.2
1.35539e+06
5698.31
5168.69
27653.1
1.3731e+06
17766
380.192
6190.11
1.20724e+06
3620.8
4585.02
1.2419e+06
54.2268
1.02556e+06
1.30125e+06
1.03738e+06
32330.2
284.271
1307.77
7864.69
671.433
5986.45
485.261
18785.9
19730.4
16900
32277.7
1.21864e+06
6044.03
5457.04
8483.64
5497.59
219299
4192.48
7550.88
12369.7
619.978
5313.39
8308.27
1.21425e+06
1.2464e+06
25558.9
251.135
556.963
6026.75
5980.52
1.26249e+06
3661.53
482.595
69317.8
4295.07
5730.76
1.2406e+06
257.964
45.8092
4908.85
1.14801e+06
890.782
4995.87
342846
1.34084e+06
1.23323e+06
403.684
171390
73602
1.28012e+06
677523
3645.39
4334.9
5382.72
1.37344e+06
4579.28
1.1572e+06
7082.87
1.21173e+06
1.26054e+06
44.2911
22.3493
5128.82
4085.49
885.067
105195
17125.5
753.106
257.816
6354.85
34949.6
46799.6
38771.7
16772.5
38824.9
1.27983e+06
7705.42
5025.8
6051.24
26443.2
57635.1
1.21864e+06
652.252
7825.03
133.666
3920.49
1.26191e+06
1.37029e+06
3295.87
1.36566e+06
1.35834e+06
9644.04
1.31765e+06
977188
893.676
1.35045e+06
5583.63
12012.5
3038.45
4508.04
5293.35
5425.17
18.4525
3192.94
6794.91
6207.74
3629.65
2975.1
1317.03
77362.3
1.37036e+06
1.36975e+06
459.173
3622.7
1.22529e+06
255.393
1.34641e+06
12420
3009.9
510268
4195.77
16356.6
42.5181
15255.6
4726.31
11708.1
879.776
542.989
1.36346e+06
3122.73
196.454
6217.63
17201.3
234.064
5126.83
20711.7
9054.17
51862.3
23540.3
824229
420.394
8585.93
4526.03
282.828
21141.4
12438.6
2819.23
2117.76
1.10615e+06
3426.51
6203.47
1.37498e+06
23252.7
279.064
28559.8
6938.42
5035.19
3384.41
301.809
5154.51
1.33223e+06
3437.76
404.106
1.35346e+06
9668.59
3606.59
1420.47
69685.2
4618.19
4461.57
4492.88
4021.04
1.35023e+06
4956.02
1.01699e+06
89466.7
6193.86
336.058
120488
1823.42
4967.38
1.36711e+06
761.756
12957.5
1990.23
24844.4
36326.9
5990.32
44375.4
3701.3
4791.54
3694.6
679567
1347.65
1.27803e+06
5318.24
16845
1.22261e+06
1.33598e+06
7012.6
965128
487.906
3842.1
4079.73
1.35394e+06
6552.66
1.2943e+06
1.35142e+06
4548.24
44204.9
130.346
1.33653e+06
3130.75
1.37339e+06
1.34526e+06
6413.64
5731.69
34723.9
52.7296
633.298
13970.3
1993.82
1.37072e+06
7980.51
6897.42
3089.57
13928.6
1.12779e+06
3620.42
989059
5473.03
9703.81
333.787
25493.9
600534
1.25585e+06
208.202
5975.44
3346.25
58377.8
1.08938e+06
43897.8
867.329
1.3766e+06
27219.2
12014.8
19461.4
1.34013e+06
1741.24
1.37537e+06
1.36422e+06
1.23855e+06
111.27
1991.4
91605.1
5621.74
211.313
1.15418e+06
10143.9
13287.7
24880.9
4390.14
14440.9
1.37352e+06
289.853
902.364
25934.4
54.1533
9176.69
16445.1
1.35658e+06
423.762
8917.73
1.21877e+06
422.675
980432
4097.5
3542.88
691898
18845.5
1.01836e+06
4656.35
1.31034e+06
1.34239e+06
22783.3
5964.75
4642.58
1.33726e+06
22475.7
27652.8
4156.36
49465.4
3563.1
1.21791e+06
6523.06
42154.3
17.0583
26436
1.24166e+06
19502.1
1.36123e+06
7435.49
59492.1
18284.4
253027
359.528
1.22817e+06
1.37479e+06
1.36556e+06
33152
62935.1
1.27845e+06
7738.12
10394.4
1.30885e+06
42813
3719.74
11245.8
1.37097e+06
53809.7
5209.73
1.35174e+06
51396.9
643.142
3201.92
6342.95
92.9477
52445.3
30161.9
1.12916e+06
4209.67
1.37622e+06
5199.63
5407.28
430553
12064.1
1.35166e+06
15456.7
1.30374e+06
223.399
12468.8
488.318
29074.8
12910.3
1.3418e+06
7520.84
151.244
1.34459e+06
92.2078
4872.49
18907.5
125.461
3081.75
1.04798e+06
140959
5278.32
7047.76
9143.16
30.0042
12529.7
56.9716
1.30595e+06
5027.42
9026.92
1.2126e+06
5672.43
5519.96
3463.13
1.0382e+06
1022.54
3042.52
5398.09
9503.83
147.864
22.7777
233529
407.369
59232
17166.1
1.32493e+06
352.492
3413.81
9073.26
1.00883e+06
161.472
4373.76
23436
3603.6
8029.45
4956.68
1.30122e+06
5995.48
725.999
21754.7
22709.5
1264.32
21142.3
1.1237e+06
1.35613e+06
4767.39
505.388
1.36424e+06
857.984
23364.9
6277.12
1.37805e+06
4797.19
57731
4860.35
1.26046e+06
30.726
5270.71
13181
420184
23015.6
1.37523e+06
4248.53
4515.46
3473.38
19271
14700.9
1.37394e+06
759.446
5286.59
12533.2
20626.5
90.7288
4168.55
1.3664e+06
1.08712e+06
15275.3
3578.65
4711.56
4138.99
22117
8251.92
1.37456e+06
672.299
22002.5
53526.4
3755.65
3657.87
11656.7
4190.79
1.01719e+06
4349.29
4908.63
309444
1.08145e+06
6680.65
3425.46
869648
4183.15
15339
3939.21
7277.04
10020.9
427.361
25434.6
21841.6
234.577
22233.9
4192.47
331.781
19519.1
4481.02
3427.73
4808.9
193.775
12902
390213
5129.14
1.27662e+06
1.27864e+06
4459.29
2931.86
14924.1
14369.1
4547.15
21902.7
19287.5
402.114
1410.66
3612.91
5085.62
1.31061e+06
1.30578e+06
1.07534e+06
4407.74
4805.27
117.217
38259.9
1.37111e+06
75.62
776.69
1.08968e+06
15203.7
1.32438e+06
4170.55
14303.6
121.491
40335.7
1.3712e+06
470.203
9110.18
3976.99
30814.5
8191.86
278.686
1.29525e+06
3912.72
542.328
1.3371e+06
13029.8
68157.4
245357
1.36918e+06
47080.8
1.20398e+06
4580.83
53410.5
166.347
27992.1
1802.22
625.674
63875.6
5709.38
14808.9
1598
20.6482
20914
5770.18
59.3643
1.03027e+06
1.04416e+06
5162.31
50151.6
14196.3
1.00907e+06
3241.51
4779.75
1.15905e+06
5133.55
1542.33
5347.95
52934.7
324.943
5123.72
22107.8
4576.17
6319.38
295930
7183.42
116858
47.3382
51160.4
4825.7
12903.6
39384.4
1.32476e+06
22656.8
1.14062e+06
5762.87
12217.4
1.37462e+06
4290.81
3759.41
6492.6
3682.57
1.31239e+06
1.37595e+06
3329.79
18257.2
3719.92
6123.04
102.385
34008.1
1.01147e+06
1.36785e+06
40712.2
17783.1
4159.71
341133
7348.08
4873.07
17053.9
453.916
11691.2
1.37453e+06
8069.17
121.935
1.28581e+06
799.074
46177.3
4814.5
3821.77
30782.7
7180.17
8793.2
41178.5
1.37307e+06
20927.5
13485.9
99.2675
426.55
292.301
12168.1
3048.95
1.28434e+06
21194.7
26205.5
495.254
16392.2
1.33007e+06
3364.34
25666.8
47264.3
1.30467e+06
5936.12
41654.9
8984.4
1.29815e+06
1.32824e+06
13354.7
1.02617e+06
26576.6
13509.6
13025.4
13164.7
1.26097e+06
5365.81
10326.5
49305
11124.8
7607.43
4746.22
1.37113e+06
5052.92
882169
10014.1
12441.2
393.532
1.21938e+06
4345.36
1.37093e+06
1.35529e+06
1.32368e+06
15043.3
24.0252
14595.4
5443.76
4431.06
24212.6
17120.2
4145.59
16795.9
1.37582e+06
1.19609e+06
46810
1.37771e+06
4927.13
16263.9
1.2748e+06
5224.25
6185.25
4699.1
6539.18
1.3533e+06
1.3122e+06
1610
91635.5
3615.97
941104
1.27565e+06
5957.7
4757.1
840871
1.27728e+06
38108.2
5473.53
11530.1
4100.91
21232
811.272
6092.64
22.4218
26619.4
373.65
80.0973
17972.4
1.36163e+06
1.05105e+06
2955.6
29.3551
312059
738.701
10852.3
586587
4268.29
1.37437e+06
32456.4
4511.75
1.3705e+06
36532.2
11368.6
5940.06
3748.72
8032.82
3524.38
1.19579e+06
216468
3358.49
5408.71
9337.71
1.2503e+06
165.878
45301.9
1.12945e+06
3927.51
10163.7
1.37183e+06
12597.7
3109.98
235.975
5106.64
1325.23
241.706
1787.8
572.118
5193.68
13965.6
12510.5
5039.94
7678.13
353.281
23853.2
466.938
4330.73
4257.14
18897.2
3504.97
215284
18606.3
19004.7
18415.6
24118.2
1.21979e+06
349.882
6577.61
1.28816e+06
4891.7
114.307
228006
748.598
18700.8
24024.7
4790.92
40878.6
9639.03
7293.17
6438.06
3544.36
727.85
17319.4
13645.6
3058.61
24833.8
12620.6
51507
17035.3
17356.7
3563.33
15182.2
12577.6
4246.8
186680
1.27753e+06
1.32094e+06
565.056
476.784
3806.5
3432.15
19471
32287.8
5471.67
453.998
1.23821e+06
1.11789e+06
21333.5
1.37035e+06
34129.1
35303.9
3788.98
1.30784e+06
70.4866
416.627
8085.15
901.196
439.966
3633.71
3395.18
6263.96
4592.76
1.26995e+06
1.36377e+06
290991
9345.33
32059.8
375632
5018.08
37905.6
13638.8
60947.5
5389
5110.29
1891.18
1.20648e+06
3845.89
15007.8
1730.05
12448.9
871.502
1.29919e+06
4413.49
5187.02
5428.68
679765
4418.17
28819.8
5019.05
1.37326e+06
3257.63
6237.56
1.37079e+06
4115.34
1.34619e+06
1.3446e+06
1.37432e+06
96.412
3632.28
5367.57
44313.5
5162.43
57920.6
24586
46562.1
455.078
37142
867644
1.3386e+06
4309.07
54.8416
763.212
12387
8522.19
1.34709e+06
108364
26244.1
12524.5
1.18493e+06
1.2412e+06
745.34
3786.6
1072.7
3066.65
251.76
10477.1
1.13684e+06
171107
184.631
12219.7
655.796
1.30617e+06
1.33135e+06
1.35427e+06
1.37432e+06
1304.55
9342.77
481.132
4493.43
51.9388
20278.7
183.524
8224.89
418.35
76.6672
92.7491
318.305
1.21823e+06
915.771
4655.73
4909.39
6097.12
8254.97
196.844
6464.36
3582.45
1.37146e+06
3651.96
599.048
5050.11
3717.08
7128.94
251277
1.09122e+06
7085.12
3533.42
4973.71
31820.2
366.271
1.32285e+06
233451
5836.04
224.933
24804.9
13262.2
16926.8
14046.7
4682.78
467960
4066.99
6281.06
10966.9
1.36231e+06
1.1648e+06
5104.89
6689.74
18148.6
5063.89
1.37115e+06
3900.46
23950.5
4780.15
3267.06
6234.13
1.27857e+06
5445.69
4436.97
2989.21
4791.65
1.31768e+06
16019
35686
17628.7
1.35423e+06
21653.6
253.348
1.37833e+06
1.37839e+06
335.71
51858.7
1.30487e+06
27008
1.34828e+06
1.36129e+06
36793
189778
4113.93
6199.21
4243.38
386.079
30081.1
110013
9921.97
43938
1.27889e+06
1.37251e+06
3219.8
358.637
6131.21
1.0336e+06
832476
33972.6
1.23738e+06
1318.92
303892
19577.3
72.3288
37974.2
4284.83
5990.87
23767.7
8859.73
92.1878
4911.16
6836.78
1.27656e+06
1762.68
1.36189e+06
1.37511e+06
344.369
523620
4441.83
1.37384e+06
1.36267e+06
29133.7
1.37534e+06
6054.71
1.3624e+06
739934
22818.1
5927.98
6076.29
1.37078e+06
3221.51
1.37015e+06
1.10391e+06
5367.66
3352.98
11434.9
13464.9
950811
3567.28
1.34756e+06
5040.06
5485.93
9113.9
1.3706e+06
3592.56
312.462
54.1715
60.5259
80.6772
5028.19
27441.9
6779.75
38517.2
1891.63
39535.7
1.30217e+06
1.21541e+06
22246.2
4954.59
3565.56
1561.85
14962.3
3923.77
172.258
7499.69
1.36384e+06
5324.76
4688.72
3969.89
4279.18
340.909
4301.78
30064.8
6850.3
54623.6
45182.2
1.28084e+06
3697.88
3140.8
1.37134e+06
3246.06
311559
316.151
12552.8
62924.3
170891
3904.62
16644.5
10613.5
7137.61
20788.8
31694.8
29133.9
675736
15739.1
1.35269e+06
4469.02
86695.6
132.358
3904.43
1.36937e+06
21506.6
6285.08
617.553
1.08098e+06
3922.76
1.3664e+06
4564.84
5981.41
27.4124
3754.75
338.299
460.637
348.118
49466.6
22749.8
5017.5
5305.3
5192.16
1767.82
207553
734969
1613.23
1.00501e+06
9604
2260.95
6244.63
3746.6
4447.92
116.104
18681.3
2042.21
80263.7
28245.8
4385.2
336.397
5230.83
1.23083e+06
13099.6
6955.3
242617
1.3661e+06
31128.4
1556.25
4337.7
1.37097e+06
88.2272
4370.63
1.3742e+06
1.21825e+06
762.519
6261.05
4912.09
76.2346
1.14487e+06
1605.88
15017.1
10166.3
4524.57
3027.52
458.677
31100.2
20536
37325.7
4544.15
41993.8
6503.44
15241.5
104.06
3578.31
346.104
1.12069e+06
73.8587
1.35502e+06
224.389
411.975
438.44
4443.83
1.35497e+06
42276.6
141.036
8812.21
340.768
225.916
3808.1
4469.17
5372.23
3464.61
24530.9
1.33993e+06
2513.9
264.626
6646.44
5454.03
1.25957e+06
1.34324e+06
3069.21
1.35324e+06
894.274
6822.53
3477.2
11412.3
1.36279e+06
5358.24
1.22522e+06
11081.5
10722.2
1.33652e+06
291747
1.21431e+06
10568.7
3184.1
24453.4
4234.43
1.35362e+06
8826.51
17579.8
22883.1
4720.32
245.016
4213.69
1.25135e+06
390.088
1.36274e+06
1.35487e+06
18.384
3382.52
247619
1.34933e+06
869173
430571
161258
21877.1
1.15713e+06
5182.23
10877.2
13942.6
18869.5
339.683
1.16133e+06
5353.56
14095
5846.33
1.33109e+06
16409.4
5123.57
1.22752e+06
20768.6
3286.84
1770.27
3950.89
29415.9
4962.16
5605.42
819.312
600.757
31419.9
5635.48
14585.9
9730.58
5402.92
1856.13
3485.64
465.681
118597
1.12017e+06
293.854
3464.04
13491.5
753.177
3566.65
127.008
389.246
51265.9
4650.34
158.203
1.26874e+06
1.37535e+06
1.08113e+06
3119.79
567.435
6073.52
1.37543e+06
1.30187e+06
70453.1
4378.25
5571.86
6315.26
1.16547e+06
3724.79
1.36199e+06
164.893
828491
16211.6
443.943
1.222e+06
1.3704e+06
458.455
4690.56
3631.87
339.085
270501
1.11892e+06
5521.61
3851.92
1.29096e+06
23545.2
8784.02
22974.3
23114.1
199.023
1.32646e+06
12159.2
19801.8
243.843
22923.8
39695.2
4345.93
341.908
18440.8
61299.4
5237.21
326687
12818.7
1.12577e+06
1.3497e+06
2109.35
6039.83
126.246
98.3446
73.1514
26.0636
36.3405
66.3974
25.7297
336.137
33200.4
5368.63
145.556
9419.95
10132.9
15481.5
2823.87
8619.97
11570
604748
13169.2
34266.7
4461.28
9075.11
4303.21
13728.4
186887
13109.6
12837.1
21088.7
20783
5270.33
416556
3466.67
3751.31
1.34775e+06
24625.4
3518.67
1.37286e+06
1.24624e+06
5336.03
8908.83
4573.34
1.35344e+06
4183.27
89.2745
1.37401e+06
6215.58
6189.11
10858.1
1.35853e+06
4050.44
3476.34
11684.8
1.3551e+06
17443.4
1.36225e+06
5953.19
1.32753e+06
8257.46
63.3484
3321.3
8456.5
5113.18
5298.22
4558.48
4378.24
40909.1
1712.88
1.20704e+06
956692
29443.7
1.36987e+06
6936.13
25600.8
4142.96
1.12227e+06
18.9017
53586.3
4129.52
1367.63
14934.7
1.3511e+06
4807.5
1.23042e+06
1.21711e+06
502703
12241.9
50049.3
3665.82
66.9662
2974.45
9498.94
4016.73
5746.46
6713.56
477.756
846.538
12488.5
274.412
5947.74
8791.47
2018.92
1.14286e+06
6479.26
10264.7
15175.7
1.23212e+06
12128
4300.08
316.091
17731.7
11691.8
246803
1439.39
3934.98
4599
4921.58
8051.6
3876.52
1.16247e+06
29065.9
6246.53
3453.06
4506.65
5366.72
39948.7
1.33987e+06
1.35486e+06
1651.35
1.29121e+06
13002.7
3144.13
4287.38
729593
10971.2
647332
288455
1.02529e+06
6819.21
1.14818e+06
25527.5
3752.03
17873.2
5100.12
3979.57
1.37714e+06
34997.2
5145.08
540.429
1.06698e+06
1.37318e+06
5577.8
95292.5
1.29587e+06
414.617
182.516
1.37244e+06
951625
19296.3
1.34074e+06
3426.42
1691.48
7179.01
4897.02
41364.8
7206.03
4603.96
4391.19
704747
4422.71
4563.01
1.37465e+06
65394.2
333.051
3649.08
7107.65
6435.92
717.74
3649.16
3021.35
1.21644e+06
189018
1670.14
2951.24
59424.6
5226.94
3240.24
15318.3
4146.93
1.31118e+06
15445
42420.4
3440.04
254.521
25154.8
3650.29
1.36342e+06
340347
2040.94
1.36093e+06
3288.82
7540.84
12187.4
12149.1
61056.3
1589.66
5291.5
1.37538e+06
1.35814e+06
335.185
5194.02
36142.7
23680
37463
1.14247e+06
1.35322e+06
1.36968e+06
17385.8
1.0835e+06
13102.5
1.224e+06
1.3224e+06
35.4594
5215.07
1.37441e+06
258.249
4192.11
1.33294e+06
24240.7
4967.29
4061.06
5496.21
1.27908e+06
11034
1.20128e+06
477.511
843.887
4016.46
12533.4
1.24877e+06
2548.56
79.6859
42983.1
331.17
3648.68
1424.41
12535.8
75751
748.887
1.2434e+06
1.32013e+06
3992.31
3808.18
488.844
8937.46
205826
6489.87
13439.4
1.37308e+06
7968.77
166860
4705.13
41038.3
11202.8
1.36111e+06
3664.07
1.31588e+06
299749
346.234
4084.54
5570.05
121.536
1.32661e+06
4021.38
221.639
9855.98
7205.54
1.35557e+06
3196.57
6358.81
248952
5467.46
33477.9
6300.36
4255.59
7498.8
1.14599e+06
129.279
1.23035e+06
18220.8
22.7845
1.22963e+06
13102.3
8639.74
1.3544e+06
4816.52
1.30322e+06
361.142
1.37507e+06
8856.18
40641
139981
1370.15
1.13565e+06
50739.8
1399.33
194.36
1.29113e+06
5512.81
3790.88
2332.56
3500.24
6189.4
4161.68
12333.4
29528.3
438.338
8848.22
3512.28
284.584
5049.99
4233.95
1.35465e+06
1.11611e+06
837.315
863.096
1.36555e+06
6247.41
18089.3
18910.2
2550.2
2327.85
34170.4
5602.35
1.35279e+06
403.633
315.778
1.24885e+06
409.03
8777.32
10966.4
64.1823
4354.73
819.876
3988.56
48916.5
1.12092e+06
325.768
1.11791e+06
9284.62
14453.8
41809.3
4575.07
24917
5131.69
783.282
327.563
1.37543e+06
1.372e+06
16171.4
3179.95
1.31427e+06
21237.7
1.37162e+06
8609.23
44457.2
6566.83
366.884
1.36071e+06
3513.7
1.37318e+06
4089.69
5035.45
1.23262e+06
1.34051e+06
771.42
6450.89
1.1624e+06
10475.8
872.543
4028.62
1.37041e+06
1.37122e+06
4153.35
226.884
152829
1505.95
1.2759e+06
11830.4
25382.1
11306.9
14151.7
1.36116e+06
4155.91
15569.8
1.37423e+06
3982.57
4830.36
328.249
13073.9
5506.9
42246.1
6159.35
5139.21
95.27
100252
6176.84
4289.66
1.09087e+06
28109.7
13763
4783.09
10478.7
84410.8
6067.17
38306.7
1.37436e+06
236.997
859586
18336.3
356.884
33775.8
7939.68
1.36153e+06
21.8016
3350.57
1580.19
4940.52
14644.4
4085.43
129918
47113.3
32959.9
5383.98
6514.86
4211.67
4333.11
166190
3702.94
1.36314e+06
4186.86
221.499
4113.8
1.24267e+06
12740.4
14445.7
55129.3
1.36002e+06
10289.1
1.22787e+06
1.11135e+06
751369
3371.86
243819
5207.21
199.954
5715.44
403.886
1.36988e+06
115.203
1.36029e+06
4007.04
2948.2
838162
571.816
945381
12943.3
4209.28
93746
10214.1
383.855
19856.4
15131.8
49898.2
7754.13
366.862
4599.88
14870.9
3974.26
7076.14
342.295
4184.19
33.8727
1.37378e+06
203.299
4575.68
1388.9
1.23678e+06
4208.47
6010.78
10619.6
15226.9
23685
20500.5
857628
186.169
1.36699e+06
102.268
293.581
6213.94
4261.66
5394.05
1.33036e+06
4480.42
622486
1360.83
7487.01
2925.83
3433.12
5872.07
4931.8
1.36772e+06
38703.1
483.111
1.26339e+06
334.955
10199.2
3971.49
91.7902
1.13672e+06
55.0247
3232.34
5069.38
36594.7
86.0735
1.37405e+06
364.245
282486
1.37561e+06
12519.5
382.267
35933.3
8132.22
1545.35
10754
1.12406e+06
7863.11
1.24927e+06
4226.49
129.326
5411.19
1.07465e+06
15995.7
17759.6
1.36872e+06
10743.2
5126.8
272.342
322.507
4301.18
784.701
5360.68
5343.81
438.741
10374.8
1.36353e+06
22070.4
13383.3
3989.6
3698.33
10218.5
3616.05
18366.2
2771.33
1.37488e+06
5440.9
97208.6
3635.49
876150
1.11894e+06
12825.7
14951.9
26.0346
25298.2
16760.9
7510.66
3127.55
354.867
1.20836e+06
30200.7
32407.5
12466.3
3764.26
14965.8
13007.7
4478.06
415.231
1.19981e+06
1.35892e+06
5800.68
571.709
20365
403.227
3881.02
4322.54
805.327
1.26129e+06
3354.82
44587.7
55675.2
16573.1
82.0245
336.352
1.36988e+06
22.6739
1887.56
326.91
105.733
6162.18
3908.08
4315.64
4348
32.8855
325.105
131.635
23.4927
16636.6
7188.75
3686.17
222.218
11059.5
1.28306e+06
125.998
3676.92
173614
3674.99
189.582
22802.8
8014.63
519.203
3072.5
162.79
5048.38
1.31287e+06
321.212
1.35274e+06
1.1162e+06
2801.86
1233.61
1.36976e+06
52044.9
22346.4
1.35403e+06
1.17753e+06
330.561
856039
1.33801e+06
4385.21
222.849
995.951
12503.5
1.37466e+06
5249.99
314.514
21837.9
172541
4957.38
4070.45
6322.18
24376.8
819.178
5964.39
1.37553e+06
17133.7
94.7182
11515.7
3507.97
1.37385e+06
5760.69
1.30232e+06
6398.83
6217.7
11083.8
7367.45
5250.78
381.303
82634.8
23158.7
1.33173e+06
5088.91
1749.21
368.557
4902.41
1.36737e+06
12952.4
808.173
1.36316e+06
1534.9
6263.68
68137.4
5303.39
1.37469e+06
4334.27
102.186
5610.51
3192.54
166.292
14421.3
3767.36
1.37555e+06
1.36115e+06
4092.07
22232.2
156.153
6138.29
8968.71
16015.3
885.044
96911.6
1.33941e+06
412.606
1.37483e+06
805.307
10808
1.37414e+06
64273.3
93.7585
12078.5
1667.49
4815.37
4045.78
8820.24
846412
1241.97
32338.2
138.92
1402.76
3017.91
4187.51
1.14192e+06
10589.6
277.38
9733.16
1032.78
81014
4861.91
1.35511e+06
4372.28
194.779
189.765
13707.5
218.552
419.305
5591.82
27661.3
6673.03
1817.85
1.35673e+06
63775.2
1.34676e+06
326.338
1775.87
46908.1
25666
4024.55
4045.69
162.95
4610.02
10177.3
3481.59
486.695
446.776
4785.6
9172.42
45.3501
11637.4
4820.83
218.43
6027.7
11984.6
835.584
310.543
13784.4
3923.23
17123.9
822.098
751.121
5123.36
5994.12
1.32529e+06
1.34361e+06
51279.9
245091
139049
846374
28154.1
754.276
4666.53
1.36963e+06
146849
1.11724e+06
2863
240.64
51427.5
17627.5
1.23082e+06
82189.6
1.34741e+06
910.616
3718.36
3103.27
5249.41
723.54
1.33315e+06
59411.1
5591.81
12870.7
1.18737e+06
340.575
1.37596e+06
41221.6
4272.26
3086.96
2550.64
1.27039e+06
6460.87
5026.61
59.9013
18799.5
4680.08
37085
12295.8
1.26751e+06
3702.53
836.177
865.366
163.406
2973.58
10895.4
640627
1.3403e+06
2896.1
9073.48
23149.8
8033.01
662.314
522339
19755.5
690.882
4259.48
3272.51
4011.42
3349.71
11414.2
405.502
1.32744e+06
174.121
7834.73
1.15867e+06
48333.9
3891.84
20406.5
162.803
3500.61
1.36638e+06
533.334
5602.15
343.687
828.968
1.30781e+06
3388.84
1540.33
15410.9
449.242
4084.29
11670.7
271576
2960.92
1.364e+06
324.323
829969
1.20651e+06
371.33
10002.3
5639.27
1.35575e+06
5044.36
10883.9
4119.48
304.199
4041.75
947.015
3663.8
1.37318e+06
34770.9
11856.2
13325.3
1.37623e+06
852561
1.37385e+06
29080.4
1.36488e+06
6348.53
1.01334e+06
3372.43
5403.45
177.174
8922.32
1.23182e+06
19390.1
1284.03
219.76
15882.2
850.982
432.529
48917.1
4315.36
17035.9
1.37325e+06
364.459
4479.03
17678.3
154.18
10452.8
2086.67
3847.18
2317.31
443.276
1.34221e+06
5330.09
13222.8
1.15662e+06
4399.89
379.315
17154.6
332.32
24324.2
976689
1.24663e+06
16303.5
5606.59
207.376
38887.5
25618.3
4134.77
6294.83
6093.29
572.165
5381.06
1.10018e+06
7629.86
1.36875e+06
340.044
6046.91
25156.9
134.541
3620.1
5132.93
4140.07
198.137
11213.1
9088.75
2243.17
2372.32
234509
31349.9
1.36651e+06
5255.23
57300.8
8487.06
4892.39
1.01206e+06
1.37425e+06
5566.84
4021.59
7623.8
1.36172e+06
9718.32
96.4329
1.2879e+06
3496.63
4925.75
460.624
1.37142e+06
692892
85713.3
631.05
3524.27
47542.9
1.10397e+06
458.135
1.1043e+06
4267
36689.5
17298.3
89233.9
3686.04
40477.4
416.328
5573.42
7874.92
1.34807e+06
17959.3
77.3345
6101.77
397.648
504.916
4135.59
638.202
1912.75
588.502
1.37312e+06
1.35314e+06
188.418
109.934
617.982
7356.82
568.039
17401.9
361.026
216.913
4080.17
31784.8
1.0379e+06
3649.27
14382.4
189.813
5035.56
55831.8
14930.4
6569.54
1.14506e+06
419.646
1.24318e+06
8613.88
1.35667e+06
3662.46
402017
3835.97
4273.85
26835.3
9710.78
1.3538e+06
434.687
1.18725e+06
1590.1
1.34566e+06
710369
1.32602e+06
190314
18245.6
83.9711
23254.3
4010.41
11714.7
179.239
3384.22
937904
1.3059e+06
4763.23
18924.7
3886.35
2556.16
267.016
4114.2
366.338
11443.1
5373.04
1.11062e+06
4769.3
544.084
320.197
6274.24
29400.2
1.36709e+06
4130.15
2904.24
3355.55
22740.4
1.25939e+06
1.33896e+06
22541.7
7784.34
52.7035
24536
6006.37
31673.1
19809.9
5032.1
21482.7
5008.48
388.092
1.37006e+06
17368.8
335.41
4799.7
7474.93
1414.2
1.25952e+06
4770.51
4885.68
1.37261e+06
4331.47
1.27491e+06
4604.39
1.18074e+06
1.20543e+06
1.36346e+06
18329.9
841.022
388147
297890
190324
8850.94
8802.32
1.21877e+06
4338.9
6985.03
579.55
2745.6
1904.6
217.53
5789.91
1.35514e+06
9244.31
450.032
10358.5
363.094
330.329
4143.59
3788.72
7733.57
3968.2
1.1366e+06
2992.81
1.28734e+06
299.333
1.36166e+06
138873
1.34742e+06
48743.9
1.26226e+06
863.83
465.294
137.683
5417.2
167070
1.28415e+06
19789.5
555.196
12308.6
176836
1.06149e+06
3342.21
3521.1
8946.4
17019.4
1.37611e+06
22899.1
3077.99
11948.5
1091.69
15143.8
973283
16971.2
1.26552e+06
4885.42
40645.5
1393.56
12052.2
59.3617
2768.51
175734
10191.8
1.21002e+06
7070.75
4653.87
4065.47
93.8174
1.09313e+06
32978
1.01125e+06
17539.2
1057.6
22452.9
132.38
4211.17
1411.21
168.357
4192.2
323.051
7221.08
3564.84
4983.94
9563.63
6119.63
4870.53
1.3575e+06
15939.1
18410.5
4396.15
338.829
41.2283
14865.7
5107.87
2593.48
1.13803e+06
1.35919e+06
4948.81
4837.04
25702.1
444232
3660.53
756.436
1.36676e+06
4212.41
38525.6
4144.23
19946.3
10172.9
486.154
143261
38702.2
10374.5
232.325
9623.54
6294.82
3324.72
10441.7
5200.39
1297.51
3987.34
1.34252e+06
20050.3
11504.2
13211.7
4622.81
19791.4
1756.56
16712.9
3996.1
36138.5
1.11127e+06
390.513
5453.75
1.29244e+06
36506.4
6779.9
424239
9072.74
32890.2
287.636
2122.39
1.35471e+06
3900.13
1.12099e+06
150154
3319.73
330.52
43829.2
1.09846e+06
72452.7
371.109
301.265
13201.1
214.69
1.37301e+06
4371.15
1.37642e+06
5141.07
2435.59
64627.1
1.11186e+06
32316.5
3768.18
233.724
4345.73
14208.6
3439.79
55674.9
1026.82
1.26637e+06
20100.5
47958.8
98414.2
3915.85
4276.41
353.132
1.1442e+06
85.7768
22616.9
12647.7
1.33943e+06
4733.24
165.944
167533
96907.8
15003.2
204.008
422.887
4065.76
1.14637e+06
45572.8
4888.9
116.628
1247.71
3797.92
30497.7
3760.99
5519.32
4739.8
4013.5
1.23123e+06
2484.67
1.26732e+06
4002.42
226500
5047.15
345.204
22940.6
5371.71
1.37553e+06
5037.99
1.34775e+06
25078.4
613.832
20710.6
18512.6
23706.3
360.819
35897.9
10846.5
14711.2
3163.36
603.996
16475.9
4789.04
29030.6
16629.3
6885.28
6994.96
1.15124e+06
6174.73
146.427
229312
5547.03
1.26422e+06
96.7234
6794.51
3477.63
242.002
573.051
294.958
6900.38
3948.35
4709.2
43999.4
11810.6
4197.25
5541.3
1.33531e+06
1.21131e+06
5644.78
561.39
132.932
1.29033e+06
14372.5
7100.03
49521.2
4767.29
5181.97
1.00733e+06
3746.5
16717.7
1.2107e+06
8749.3
1.33531e+06
55.3307
8968.71
315.003
3366.06
12726.7
3982.74
18559.3
1565.16
243688
308.729
1.11597e+06
4695.92
4040.84
3502.23
132.352
4940.38
1.21004e+06
14879.8
2437.99
5819.4
43869.4
1.37075e+06
21718.5
12943.9
5571.12
4190.26
5755.46
6182.54
11192.3
4819.86
1591.24
11130
12003.9
1416.73
9238.18
1799.06
4726.99
1.1331e+06
1716.02
17796.2
1.37357e+06
797.949
52.2839
3300.25
4422.51
3663.04
4546.9
860094
6077.88
1.09507e+06
6554.64
25495.1
11655.6
77692.1
29206.6
27041
10638.6
372733
59737.2
11206.5
153.417
398.559
44503.8
518.977
10664.1
5187.9
1.27333e+06
137.898
3779.33
5308.87
7545
1.36231e+06
10645.9
15562.8
1.37432e+06
19.0708
15810
30097.3
1.23661e+06
7056.37
6496.79
977.777
4339.95
3844.23
1.18492e+06
117.892
1.21734e+06
1.35417e+06
1.18797e+06
1.35402e+06
4385.88
4274.44
1.37124e+06
3693.23
15318.9
53155.2
5577.04
259.397
1.37185e+06
1.06833e+06
1.35314e+06
446.874
21942.3
722.692
3487.09
412352
8211.69
4280.4
456.752
387347
143.144
38870.5
748052
1.23874e+06
14606.9
4983.12
428.452
12536.2
1.37599e+06
3888.14
116.754
641341
4237.3
1818.81
1.34713e+06
8696.58
1.35773e+06
1.14099e+06
3195.07
6487.82
6369.27
105179
6351.46
5211.62
20162.7
4873.67
4645.78
21152.4
25667.1
1.01604e+06
4769.7
3433.59
596.826
268.621
746.32
966.436
3563.52
3366.9
9812.62
171.429
963865
11549.7
9426.01
4071.3
37.294
4079.97
22402.2
1115.45
4845.89
35340.9
1.37015e+06
5958.85
17112.7
1.272e+06
3469.59
1.37353e+06
1.30641e+06
1.11414e+06
5090.66
3767.36
1.12134e+06
7845.05
468
12796.7
18477.4
4284.67
1.07753e+06
24416.1
481.475
3376.85
539.479
6365.01
486.412
7545.99
52213
147.69
139030
172.89
473820
39567.3
4386.4
1.25943e+06
7784.78
1.35248e+06
1.19717e+06
4956.03
4236.12
2499.45
56317.8
3970.42
4976.73
13189.3
795.381
44280.8
434.256
207.584
12770.5
923877
159.416
962.774
850.251
1.32802e+06
4989.42
8042.8
4267
281.482
362.429
3496.34
4476.12
1.31266e+06
15021.3
313.531
4427.24
623.829
577.76
1.37467e+06
1.21518e+06
5358.12
29294.4
4446.26
3404.7
19724.5
11602.3
1.24102e+06
27790.1
1.3317e+06
38874.2
5358.39
858708
57060.9
1.26936e+06
7045.15
4810.49
4557.68
14686.9
156.384
9256.8
1.27214e+06
1.3676e+06
1389.55
841739
17723.2
4258.22
763.288
4791.49
538565
3415.27
19028.5
25487.7
9169.85
4173.79
9773.54
10265.8
288.147
3422.76
4044.1
2940.04
450.378
405.416
3041.61
9644.67
19980.9
18122.4
3538.01
4902.11
4159.38
5293.99
49046.5
4204.36
408.451
15980.8
2327.16
5130.18
131850
1.26727e+06
3597.25
373.976
290.464
9609.06
133.603
4179.2
1.17665e+06
31347.1
1.37604e+06
6892.34
3305.94
5191.5
9403.39
29374.1
18987.1
29709.2
141911
1557.77
7708.69
684.711
31004.9
3800.33
606.754
4009.77
6062.45
1.24644e+06
57200.4
3805.45
4076.06
1.00203e+06
1.37099e+06
567274
23977.4
6094.24
2650.56
53286.8
3430.42
6734.79
10084.2
12411.2
9693.31
4837.29
14204.3
803194
4578.84
8061.52
413.064
1.37278e+06
21935.7
166631
1.3706e+06
680.619
23906
29198.8
7113.46
24147
35568.2
8860.62
15872.5
35.8189
666851
27510.2
602.367
951.595
135.235
932746
110558
1.32665e+06
3661.49
3930.27
31000.5
5280.73
4925.34
4421.9
248.208
103333
1283.12
6298.74
307.525
35.0942
2132.19
21819
860367
3079.37
76466.1
1470.63
1.01562e+06
1.23637e+06
3948.92
5201.54
1.06228e+06
55317.9
1.37392e+06
1287.15
1.37478e+06
12949.4
4624.41
1318.59
359.84
12996.3
8357.76
1.36973e+06
1409.89
32565.4
201.876
1.08064e+06
6783.28
3676.55
5017.06
142564
393.588
156196
233.117
3652.26
3617.9
1.14665e+06
6666.56
4717.01
235807
1447.73
983227
9223.51
14781.9
64.7064
112.032
71.0135
22.9792
29.2583
44.5298
106.423
5342.95
89693.3
12073.7
989712
5049.94
1.37129e+06
19219.9
1179.74
7935.91
4656.26
163.674
16445.2
38063.6
301.523
4688.95
1.00387e+06
1.20416e+06
30381.3
3266.39
1.20284e+06
5810.07
1.35229e+06
52853.5
972.883
281.291
9448.3
56832.5
20109.8
1.37532e+06
1.22489e+06
429.391
4130.71
22166.6
1.15653e+06
32419.3
17220.1
1.22815e+06
4666.24
3892.79
1.3586e+06
18074.4
7874.08
10244.3
1.37519e+06
9119.32
5007.02
3394.11
399.475
1.35876e+06
3446.28
1289.19
4626.18
378462
31857.3
1.34839e+06
12239.4
12468.1
1.14019e+06
25250
1557.44
3311.57
809.32
53711.7
909950
5247.2
3949.48
51437.6
5426.52
4786.6
9159.88
15394.1
33149.1
4784.67
151751
24052.7
10945.1
4493.12
35563.6
24504.2
785.891
239.87
1658.73
19756.3
1.34179e+06
2418.5
247.382
1.37833e+06
41873
5152.91
427.867
1.3483e+06
1.37218e+06
4907.04
40443.3
56515.3
3863.56
3348.72
19042.5
105.94
3318.61
12586.1
53396
4264.72
5290.24
173902
1412.98
4888.4
7471.62
3039.97
1.36645e+06
2068.15
3157.36
829562
8564.64
81119.5
1.37432e+06
1.35722e+06
19799.1
24277.6
4001.4
7086.38
1.25706e+06
1.14066e+06
29283.2
55827.7
568.803
11297.1
2541.18
3959.39
98.9846
4584.34
22604.8
3256.64
14293.8
11191.9
4859
1.37108e+06
580.273
193.108
3583.46
41751.7
4586.72
1.37413e+06
7681.93
13894.1
315.302
1.34636e+06
34.6732
1.35844e+06
475.422
5601.39
421.718
1.19609e+06
4123.17
59565.9
440.189
2475.64
959260
1.19144e+06
22225.2
16769.8
4324.72
28609.2
1.33055e+06
465.622
4332.92
6614.39
4394.34
1.07164e+06
196374
534370
5777.31
32878.3
800.424
11750
131374
5525.13
365.758
4417.58
4480.45
11237.8
95856.5
4229.29
4053.08
1.2807e+06
172465
415.83
1.35469e+06
6383.69
6071.48
12364.7
877.628
35437.3
3745.17
1654.32
1.23072e+06
5557.47
3687.57
11844.2
43237.3
5522.7
1.35251e+06
1.37504e+06
5357.26
166.081
312.588
3117.49
3236.31
11812.8
5376.5
15133
1814.54
15864.4
7093.97
1.36293e+06
18527.4
3572.93
1.36116e+06
146.27
13973.5
422.993
5007.11
1.2267e+06
58785.2
184.098
4983
1.29942e+06
797954
3164.82
7443.1
1.11673e+06
4461.31
85313.7
3636.88
5472.11
37435.6
1.20054e+06
1.13846e+06
1.10853e+06
10451.8
5293.53
1.16619e+06
904.058
871799
1.34266e+06
80802
917.325
1.3561e+06
89.7527
4497.57
394.202
3998.04
13281.5
16132.5
2636.97
3047.46
3464.62
26096.6
4492.29
362.1
2266.55
1.31373e+06
6900.14
1.3448e+06
8028.35
8895.6
355.176
39482.5
16726.5
48746.8
2427.84
15818.2
12502.8
878350
5183.29
4197.33
6805.62
9947.97
25943.6
1.0535e+06
38073.7
3757.82
5585.38
916589
3766.43
55046.6
612698
485.256
397.904
342.776
349404
11543.4
6674.02
1.36038e+06
4330.8
1.34746e+06
4654.48
1.1986e+06
4632.27
1.37525e+06
30.0127
682589
1.14471e+06
10417.2
3595.03
197.386
4619.2
3875.68
368.853
109380
39773.7
18731.7
4441.34
15337.6
28804.8
4654.37
1.35308e+06
15440.2
28561.3
461.037
5248.33
1.06791e+06
31199.4
350.202
1.33354e+06
3327.82
1.27857e+06
6859.36
41271.5
3139
4402.11
13761
243.449
61090
3783.05
65.5248
3489.19
3691.15
553.196
1763.13
297.944
33822
11546.4
34723.7
2073.48
14911.1
1.27577e+06
53423.3
14093.8
1.31199e+06
19577.1
3128.51
31483.8
1.3755e+06
15443.4
38165.3
4540.22
2510.19
124286
4969.4
775464
64261.6
33529.9
91378.4
838.131
10047.2
1209.66
4277.07
1.37079e+06
68183.2
714.718
6036.2
39726.6
8165.28
4058.79
1.34403e+06
6079.33
28495.5
32802.4
10299.9
1.10208e+06
13626.1
5010.82
34993.6
213.504
34001.9
6262.22
3199.07
446.866
52462.7
1017.53
859510
1.37402e+06
8355.64
4847.28
6806.61
5692.4
4291.75
51992.2
38590.8
157.668
19135.5
4297.83
1.35557e+06
12646.7
3927.85
132150
1.26127e+06
12150.4
8719.4
934483
293979
24663.6
11859
378.984
1.07407e+06
948272
3321.54
1.32341e+06
14489.4
4192.56
14408.9
4877.57
5469.39
50309.2
1.3515e+06
10746.4
5288.29
11651
3936.45
8697.86
1.21317e+06
4065.67
6896.67
3744.6
5204.4
28075.4
15961.4
888.005
415.431
4105.85
110.761
1.2846e+06
3958.24
5517.67
1.37383e+06
4399.54
15498.9
6342.68
30305
20752.3
4106.62
317050
8230.98
487.172
659952
23577.3
23696.4
369.116
1.37608e+06
18961.3
13324.3
1.37475e+06
3311.72
3880.04
22208.3
1.3437e+06
3769.14
1.19611e+06
6172.53
4110.98
1.34301e+06
1.27461e+06
5294.38
139.044
5243.43
1.13821e+06
11095.1
29278.1
282825
126094
12173.3
4316.61
3722.89
426.407
56493.6
3524.05
3623.17
1.02094e+06
2203.56
30956.9
4733.81
5123.15
4902.58
5714.59
3471.14
16631.7
1.20084e+06
5150.21
3103.45
6181.43
407.832
4639.43
1.37341e+06
325.595
1351.83
4874.77
16086.4
1.25755e+06
10687.3
122.702
1.26558e+06
1.37246e+06
491.659
28863.5
6628.78
9303.55
61255
1.27753e+06
1.19271e+06
4600.69
50631.1
35197
4528.25
43.9293
924.448
12293.5
7398.34
1.37701e+06
871.428
4924.11
190.854
9085.21
11539.8
4512.55
306.985
327.124
14347.9
504.229
31070.9
1580.19
40.0329
56385.3
1.28894e+06
154426
40155.1
15544.4
4429.98
6045.58
324234
246.172
11431.6
785.71
543.951
2897.24
3302.82
1.2773e+06
34380.2
147.527
1.15308e+06
843.399
6593.57
22659.9
47504.7
1.02491e+06
6758.29
26761.5
4161.74
1624.48
32618.5
16562.3
8672.65
4736.94
9231.22
46203.5
24233.1
1.33323e+06
671.665
219.473
1.36281e+06
8558.71
1.25652e+06
5327.88
5498.2
1.36995e+06
13112
6376.8
2066.13
1.13908e+06
1291.03
1.20351e+06
12824.1
1.33328e+06
1.37423e+06
15789.1
5180.04
71.7326
15294.8
925790
5071.43
3453.77
1.29774e+06
1723.79
4232.25
60335
13932.5
3530.07
14371.7
4219.45
6895.48
60556.3
94639.3
1.27721e+06
48886
1.17878e+06
11912.9
9912
4856.72
3236.13
12783.6
835735
143.842
122.384
67.935
56.9015
111.415
95.9203
20.1822
62.4444
28.4127
44.1615
42.4549
25.8217
20.003
86.1467
72.3199
33579.3
168.525
47953.7
804290
129.956
5807.3
54388.7
3972.59
5020.19
5545.55
13093.8
46284
11555.7
139.368
88415.1
2517.06
4098.96
5707.69
6230.93
17520.3
8445.82
12888.9
3862.03
4071.94
4331.26
3957.29
576889
3228.83
31978
11475.1
579.909
1.02488e+06
1.26137e+06
101.93
77.8381
18361
51.9071
21954.1
2946.83
1.36786e+06
1.1494e+06
17329.7
5220.55
1.37331e+06
147367
9412.58
958580
1.35694e+06
1.33226e+06
3681.11
513347
13884.5
6203.72
506728
3043.52
1.17648e+06
1.1328e+06
35031.7
12222.6
391.785
1.31492e+06
18023.8
36259.1
1.26241e+06
336.483
864434
7348.42
29091.6
4892.87
3123.27
46890.9
151.363
728.299
11450.8
1260.9
201.782
14677.1
180101
80580.2
7017.09
503.32
9234.49
4321.85
140916
12492.7
4750.21
3878.05
6035.61
31722.9
1.37489e+06
762.228
5500.82
25844
3532.23
842471
26713.6
1.37409e+06
1.29536e+06
3715.77
6215.69
1.15034e+06
89402.8
6474.5
3807.13
33639.1
3007.81
1.18532e+06
5727.68
14132.2
4548.08
236103
3057.48
759692
5534.55
283674
148920
10291.1
12731.2
5541.35
3770.3
977.733
148.342
1.17214e+06
272249
31976.9
3621.18
910740
1.25864e+06
133434
298.996
1.27847e+06
353134
3598.84
1.27691e+06
4657.77
36654.1
170.142
11611.1
20469.1
759935
2554.34
4410.56
14192.5
78.0247
24208.5
1.20512e+06
26604.7
1.37138e+06
3589.3
225.672
10194.7
315175
7269.28
25265.1
7018.72
4125.58
6292.72
4381.86
1.25206e+06
1.15059e+06
3289.59
2261.72
23600.4
1566.95
3735.26
1.36174e+06
1.29146e+06
15920.6
4768.73
13955.4
16950.4
1.31066e+06
916.656
39934.5
9733.47
2878.18
15918.2
184.674
3733.13
23201.3
100.549
4017.37
8380.56
1.17325e+06
1540.76
6365.86
116.371
20724.6
6859.85
1787.34
3269.63
80.1389
1.16704e+06
1242.46
15551.6
44333.3
377.439
8673.04
1.37319e+06
3062.68
3328.09
6550.58
19071.3
22177.7
1.35818e+06
1608.87
58462.3
1.36253e+06
5208.46
58508.3
6612.92
23652.5
307.626
33917.4
12743.2
35407.7
5872.46
10727.3
17204.3
11470.7
3319.42
36382.2
1.04381e+06
714.098
423.866
4383.28
1.35805e+06
10787.8
4771.91
1691.97
125531
1037.05
1.37436e+06
4061.76
163100
20829.5
5451.04
1.35374e+06
1.36961e+06
1.01914e+06
4795.55
4379.7
52061.6
4145.12
6276.12
4402.5
16357.4
5179.03
3299.55
15097.3
26722.6
6382.51
3904.54
23204
15542.4
541.611
4280.09
11126
9507.21
12885.9
898539
1.07178e+06
13303.4
4750.88
1.24369e+06
166.276
9616.94
191979
10891.6
7721.47
325.458
457524
1.37321e+06
100045
20860.5
1.23509e+06
8310.92
21777.5
33600.3
701004
102111
755.561
4214.96
3278.34
8130.87
32086.6
177811
9596.18
915.719
1.36166e+06
24050.5
5003.99
4265.88
16286
433.251
37767.7
3320.71
4704.18
16574.6
31384.8
654.907
3397.88
1.37594e+06
580.129
17459.1
39954.1
349.53
2402.83
1.2263e+06
35181.9
1.20823e+06
286.179
752588
151223
17421.5
1.37536e+06
1.37336e+06
114255
31158.9
4205.5
5007.09
20801.3
529.91
937547
3265.85
1.24599e+06
1.28482e+06
51951.4
39412.1
5733.05
12740.5
37600.2
131447
1500.14
306.345
1.37403e+06
7397.3
15627.1
1.01693e+06
6250.73
38218.1
54294.7
875871
19430.5
102393
20120.4
288.341
10265.7
4303.52
3415.59
18480.4
4677.07
1544.65
730.451
162225
4952.21
8123.75
1194.6
1.03202e+06
2930.6
7978.12
51.8765
5462.53
1.34595e+06
40593.4
13336.3
94997
15183.1
54595.3
5259.15
6182.59
2785.28
1.13052e+06
1498.01
19045.3
1.37163e+06
3666.73
6046.49
1.18406e+06
553.995
34236
5819.8
3302.84
1.37324e+06
1.36338e+06
1.37594e+06
1.36823e+06
1.35531e+06
755.046
440.383
1.3537e+06
101486
28620.1
5523.48
1.34944e+06
646.941
14131.9
132.182
7232.44
480253
1341.26
881131
13125.4
824170
1277.94
5733.55
1.31256e+06
745.185
380.142
18042.4
8028.71
1.35194e+06
32.5933
1.34995e+06
4056.35
11877.9
289.165
18746.7
228.995
1.18224e+06
39318.2
636.227
39311.7
1.37261e+06
1.32485e+06
4418.45
278.091
1.2795e+06
1.32669e+06
3523.24
1.36754e+06
1.20628e+06
13182.8
3711.58
2869.25
7078.3
4023.88
4489.87
6055.47
3698.39
892755
152712
3424.42
466.848
15859.3
8013.64
1264.3
39483.1
35388.9
11523.6
9197.71
145.461
7601.18
7832.5
5480.34
65824.5
1416.74
287.855
1.14275e+06
66665.2
6853.68
3755.29
1.34517e+06
39532
15839.3
9412.94
532.945
2284.39
25390.2
5424.57
1.30525e+06
308.085
330245
10650.3
73.4742
11278.9
22507.6
4762.58
11348.8
1.32049e+06
4154.17
1.25755e+06
8452.93
8979.93
1.36112e+06
1.37512e+06
27670
6554.96
3946.45
1.3e+06
37326.2
1.29764e+06
32379.9
20416.4
4231.02
3413.63
6584.29
114.597
12666.2
13982.3
3012.7
41546.1
14320.3
13698.2
1.23075e+06
5448.3
1.2219e+06
1.29779e+06
184.096
1.36333e+06
24311.2
73979.3
9957.91
4235.88
3698.31
1573.97
1.37263e+06
3668.29
4648.79
3563.39
1.27893e+06
5701.59
1.2038e+06
1235.86
3716.94
9617.99
3655.59
11759.9
65374.9
1.00993e+06
616326
19168.6
8410.74
185.818
4803.46
1.06816e+06
381.323
1.3743e+06
78253.3
1.36978e+06
222333
5027.84
1.24966e+06
106922
117.689
4272.61
119540
6157.98
651238
3112.39
40822.2
1.36293e+06
26103.8
6959.87
568352
164405
57284.5
1213.19
1.15896e+06
3987.81
4989
36590.2
303.969
4577.74
870434
5006.21
1255.24
910521
2890.54
15117.9
1.26054e+06
715646
5048.01
24966.3
282717
135618
656147
294575
651.83
878722
4303.1
440.712
147431
347.227
1.23724e+06
4204.03
870959
1.07442e+06
17605.7
1.35461e+06
6373.15
117615
1.34658e+06
400.127
3468.97
1022.16
4915.03
5341.79
4457.85
4609.59
731355
4460.63
10871.7
17961
37868.2
4586.88
18493
1.00445e+06
18819.6
53374.6
40830
7036.68
3582.22
4322.89
10740.5
5871.25
1.34865e+06
956481
4439.03
4596.76
58266.3
1.36951e+06
12094.6
20428.3
4641.11
1.3491e+06
3332.53
7701.63
5092.77
889960
41630.6
3854.07
503876
512863
1.23667e+06
13305.9
129307
831.532
4971.88
24796
4020.2
25398.7
20783.5
9324.01
49816.6
174705
22094.5
224.332
136726
218.53
2424.67
230.658
39.2717
446.445
38190.1
727.21
201.199
199.727
1.35535e+06
5278.97
523208
1.26977e+06
16285
1.07683e+06
124628
6864.07
18961
3888.62
2935.18
127587
1.37317e+06
4420.5
559767
196443
48890.3
1.32532e+06
39848.1
23435.5
28933.5
3932.66
1.20547e+06
6506.35
4845.5
3009.91
11803.5
5462.91
5852.62
232.015
142629
3241.85
229.88
1.30105e+06
14166.8
1.353e+06
103172
1281.96
175537
1.37384e+06
2871.04
294.962
14973.3
1020.34
22458
3587.98
176906
8978.12
1.12716e+06
1.03748e+06
55129.5
8157.54
21062
1.24268e+06
21783.2
1.37607e+06
5518.37
310.734
6860.67
3509.92
11883
25794.6
8224.46
1.1915e+06
14999.9
10286.8
1248.24
34149.4
6682.68
29518.5
148372
9719.08
17389.2
1.37241e+06
1121.01
1.37608e+06
740359
209.34
3545.18
2291.37
39300.1
1.2352e+06
4073.76
43434.1
6026.48
5735.47
2959.11
174419
12840.7
20589.6
1.36391e+06
41361.4
1.16972e+06
214.549
4246.72
6203.83
229.422
142434
1.2567e+06
4051.16
74.4559
1.27336e+06
1.3742e+06
4563.87
13889.3
20227.5
1.37415e+06
2353.16
1.16817e+06
6600.7
17603.8
3389.16
37504.4
2204.85
1.32926e+06
1.13109e+06
37666.5
5084.83
127920
1.12455e+06
611855
620699
3142.15
669.49
48337.1
13767.5
7556.61
144.471
133.609
144.483
13051.5
42591.6
821.274
10224.3
1.29449e+06
53741.8
103750
164.455
22873.6
1.19096e+06
5971.25
4352.88
40936.5
424.14
1.14471e+06
1.29569e+06
2922.17
650.557
264.365
5582.28
14919.2
4012.93
53170.6
10695
253.81
15934.6
1.37466e+06
1.27637e+06
4743.41
1.31137e+06
1.08557e+06
2162.53
27542
376.898
35575.8
7199.33
1.29878e+06
30421.2
41453.5
1.32932e+06
4737.28
3592.69
629142
6492.12
14744.7
310723
4934.24
93876.2
5106.83
91704.9
665.208
716.055
101944
4514.02
294.912
9147.11
179.19
1.36937e+06
1272.03
1.37553e+06
738.099
110013
4093.02
52032.8
183.71
5420.11
1.10537e+06
4139.09
44220.1
1.37046e+06
348.615
655.231
3026.89
10220.4
205.883
951.047
888845
2408.43
190986
39208.4
2359.51
643658
963972
1.27587e+06
15724.9
41145
333.142
14552.7
6455.53
22931.2
4180.57
5459.95
1.15662e+06
35924.1
1.32735e+06
22380.9
14872.5
1.36861e+06
8614.1
3462.45
1449.65
51070
18913
344.956
3990.85
14228.9
8370.45
15644.1
1.36659e+06
10841.3
4272.09
309348
12883.2
10429.3
11431
117.764
605161
6794.09
983582
32406.8
39953.4
15874.8
6252.35
4215.73
400420
1.01745e+06
3616.3
15979.1
27199.8
5575.46
66004.1
381.15
297.282
24448.8
16864.5
26234.1
170333
10824.8
1.3073e+06
1.0352e+06
4312.1
1976.8
13910.8
4683.24
3987.16
11868.5
31002.2
764880
3399.71
7142.44
1.29989e+06
25624.8
1.0554e+06
10075.9
98.3228
3819.27
4693.48
4759.65
761.772
25.327
1.37587e+06
11551
1.37457e+06
23787.9
19661.1
3361.14
11207.2
200808
32869.8
15903.7
190885
16175.8
44517.3
1.37434e+06
4995.89
25454.8
3505.98
96458
20902.8
1.36294e+06
3604.53
2373.51
1.37466e+06
36777.7
109271
1.25185e+06
1.37319e+06
4675.21
1.37585e+06
4833.14
3111.4
1.07115e+06
3680.43
762681
3373.96
1.35349e+06
32271.8
28945.2
1.22377e+06
7221.12
3925.54
1.34871e+06
742.487
1.37476e+06
4147.79
6613.35
1.34765e+06
25506
42511.8
881.29
309718
118915
43061.8
35973.3
1.37421e+06
165521
12561.2
687.627
83742.5
1.24695e+06
730.763
2503.41
891.326
40885.9
289.952
1.23171e+06
1.29299e+06
1.2529e+06
39.9276
97978
1.13825e+06
1.35583e+06
60939
4000.93
11006.4
3212.43
6404.64
4997.61
26317
1.35809e+06
5281.7
20361
1.33492e+06
28178.2
45914.5
289.938
18324.6
847052
942638
5545.14
22566.5
4004.22
849729
132008
1.37145e+06
702752
1.32441e+06
782117
132061
4359.43
5095.1
585.267
8062.85
1.31345e+06
4117.07
6564.73
11369
898455
1168.89
5660.82
7976.27
124207
1.04762e+06
3867.68
21212.1
1.36888e+06
5366.5
6411.09
933770
5400.2
92.0382
3584.59
5301.24
6688.48
285.919
3548.45
458.835
157152
26569.9
40925.3
1637.06
10515.5
3335.64
946699
1.15839e+06
1.36677e+06
5433.58
3925.15
691.471
1.37265e+06
30495.3
10402.1
52147.9
3887.17
1.37455e+06
3589.79
39854.3
1.14074e+06
1.34447e+06
436695
1.36911e+06
7833.87
267.617
1.17284e+06
16415.8
1278.78
1.13491e+06
5313.11
1.37452e+06
67137.5
1.27714e+06
450.14
31729.8
16746.3
2738.77
34557.7
9762.45
5080.88
1271.74
4768.99
33086.7
6371.92
1.37014e+06
1.37183e+06
132117
34013.9
89.0637
156542
959351
1.26487e+06
1.37293e+06
3264.12
1.2379e+06
29465.5
4183.07
917674
1791.57
81.9508
3230.99
5569.23
3940.5
588.311
1.13228e+06
33258.4
1.27471e+06
2961.02
56834.4
1.14691e+06
14540.1
33003.6
16542.3
4583.75
13198.8
478.576
19491.6
973340
27091.6
1096.89
1044.18
4837.66
9674.34
21811.2
96787.4
5485.2
255.269
10348.3
4771.59
312.864
44297.6
6754.93
68586
85550.8
6699.89
861308
14607.4
1.36335e+06
493.079
5213.21
41270.5
1.37554e+06
99014.5
4094.05
808658
13528.6
1.19245e+06
6013.05
52579.4
1.30479e+06
938658
3394.15
3622.19
8180.62
112067
1899.56
9833.55
212.357
29713
6457.29
39358.4
415.461
1.34793e+06
3113.59
11517
6057.9
1.36674e+06
3930.61
110857
6436.52
231268
256708
8197.61
3275.04
25035.6
152269
3407.38
4886.07
9700.73
649.21
5572.88
14684.9
1.27511e+06
32690.2
1586.73
66.7402
97.163
35.2575
22.322
106.57
25.9946
62.906
44321
78982.7
1.14492e+06
8638.22
15561.8
1.1941e+06
27045.8
17140.8
4672.9
26652.2
175.186
1211.02
230.092
1.28052e+06
21.7708
7887.77
888625
25282.6
3075.13
38825.3
1.3764e+06
1.10749e+06
1.37572e+06
3934.53
3991.79
5679.95
3298.41
24007
60712.3
46976.2
16072.9
4388.42
209.488
1.315e+06
183949
147.279
15574.4
4110.33
44487
16721.5
19050.7
3487.07
6335.49
9861.16
1606.93
75331.7
692.312
9560.59
7339.57
11378.4
1.36835e+06
5946.49
8548.36
2223.41
4372.2
1.05807e+06
127711
1.20559e+06
4177.57
229112
4902.47
465004
38771.1
802164
22892.4
3561.84
886.674
1538.54
1.36639e+06
1.31076e+06
854098
37442.2
29550.2
468.787
1.37434e+06
4653.47
1.25034e+06
3988.64
457.774
5406.67
1.07909e+06
1.3719e+06
253.8
4919.75
1.37245e+06
502.205
10269.1
26046.5
14851.9
977661
6543.84
83047.5
7545.93
16051.4
15822.1
535317
42889.4
954.4
1.03951e+06
54189
34970
121677
38123.5
1.37597e+06
497.568
4352.1
7190.28
6780.79
1.31606e+06
1.37152e+06
3387.33
3992.82
7339.09
3832.62
13007.9
39551.9
1.34101e+06
31003.8
17891.2
1675.63
4284.31
29012
5075
6392.96
16137.1
3742.34
1.29686e+06
3071.81
4345.76
1.37282e+06
1.30985e+06
5357.56
394.273
1.04021e+06
1.3666e+06
4622.83
3703.54
1.17534e+06
7931.74
16906.7
6372.19
34219.1
753334
3454.64
33.8408
787817
54264.9
145023
709556
145.206
1.20322e+06
79443.9
9206.18
115.546
1.16015e+06
5482.1
161338
4652.46
33031.6
1.34161e+06
1.08324e+06
5641.36
2003.56
3490
9880.12
4129.24
8890.46
945227
35965.3
28303.9
1.37295e+06
1.37464e+06
552998
315.422
32472.6
32997.1
3710.12
128051
3429.99
598119
469.486
46476
227.069
15212.2
23478.9
5357.13
1.37237e+06
4609.68
26666.2
73897.2
4854.93
1.37406e+06
3924.01
1.32986e+06
16179.7
2756.82
1.37273e+06
1.35863e+06
3638.52
49052.2
4495.7
322599
2467.25
1.08545e+06
28446.6
1.15265e+06
22908.9
4901.97
1.37515e+06
3383.31
1.0019e+06
1.25452e+06
588.866
3653.82
1.3657e+06
3395.84
1614.65
27572.5
4768.23
28066.6
12684.4
1.04824e+06
4809.82
3034.15
7393.59
16828.9
8165.25
3436.63
6340.5
31033.5
1.31018e+06
1.37137e+06
1.04212e+06
142219
20195.3
979899
15038.5
124327
24427.2
490560
4248.56
32867.7
1.37172e+06
33221.4
319714
3114.76
4385.28
841998
868325
1.11894e+06
1.37183e+06
1333.9
1.13392e+06
13353.4
1.37196e+06
10304.9
4012.92
11697
1.35264e+06
148.231
1.07707e+06
10528.4
3508.88
56898.2
669.368
1.37415e+06
250.554
6044.11
3893.28
16730.7
1.32048e+06
1.34682e+06
1.36095e+06
61881.6
1.3592e+06
1.36194e+06
284.081
1.23191e+06
1.34542e+06
1.28296e+06
38996.3
137177
1.34101e+06
4443.26
1.21976e+06
1.32234e+06
1.36299e+06
16464.2
1.30846e+06
785.095
6325.34
1.12467e+06
6315.06
1740.99
14749.8
1.30533e+06
1.29488e+06
3896.45
30030.3
1.10495e+06
17339.3
1.35441e+06
27844.7
1.34828e+06
1.29845e+06
1.32294e+06
1.36275e+06
1.30188e+06
1.23725e+06
1.346e+06
1.28941e+06
1.09867e+06
1.35694e+06
1.35655e+06
1.27634e+06
16235.8
80462.9
137.083
1.31555e+06
49.0501
31764.4
1.35923e+06
1.31173e+06
6997.18
1.162e+06
16625
1.36378e+06
6594.45
25935
1.33768e+06
29343.5
1.34299e+06
1.37443e+06
4765.72
1.35471e+06
1.24746e+06
4979.72
687.724
3060.53
1.37442e+06
906708
26131.6
14424.1
3909.67
2775.63
87544.4
1798.62
7935.15
1.1373e+06
8170.71
1.33448e+06
1.24238e+06
1.37493e+06
83087.2
1.35834e+06
15926.2
34491.5
1.28794e+06
1.237e+06
579.95
42643.9
1.28054e+06
4529.16
14369.5
1.24234e+06
932013
899220
53332.9
42633.1
1.04526e+06
6668.68
5480.51
355.064
1.22619e+06
3434.76
1.25415e+06
1.26801e+06
600.95
407.767
1.05062e+06
1.29595e+06
13842.9
4055.05
8993.68
1.24872e+06
1.32847e+06
1.27084e+06
277.653
54250.7
12777.8
1.03282e+06
4101.04
4997.82
4943.5
43538.7
14761.1
9866.42
3543.92
7700.89
4612.23
1.25922e+06
3617.08
1.12776e+06
28128.9
788450
1.32864e+06
10536.6
8005.46
3532.11
18414.1
1.36794e+06
1.14683e+06
6578.61
3603.37
206079
1.22784e+06
6359.23
719864
1.249e+06
3502.44
3999.1
36050.9
13910.2
1673.13
1.32735e+06
1.22137e+06
1.25225e+06
15215.1
8100.05
1.11687e+06
11657.1
4066.47
10042.9
1.10543e+06
1.17037e+06
1.29e+06
1.35077e+06
2350.54
18579.8
18882.8
4018.11
6593.62
3409.72
885.207
72181.6
26517.4
9814.68
1.14337e+06
28451.8
582.09
13069.4
104.276
874382
1.23884e+06
559.173
24230.2
1.19537e+06
202433
1.30904e+06
27824.5
5821.92
44782.8
1.37441e+06
46598.2
503.29
41864.7
9420.35
3654.99
3079.69
1.31691e+06
70887.3
916190
40826
624324
15046.6
12476.6
1.16533e+06
25471.8
5582.79
1.33342e+06
1.36801e+06
1.37434e+06
745879
105776
253.391
68126.6
322.467
43882.6
49900.3
4811.91
1931
24009.4
1.3726e+06
4665.15
18675.8
6503.52
1.28246e+06
12455.2
3868.06
13956.3
6747.57
17981.3
1.37435e+06
22212.6
21265.6
1189.12
3967.86
1.12629e+06
1.37432e+06
361.089
1.37321e+06
1.37035e+06
1.1476e+06
9759.52
1.14878e+06
1.37307e+06
1.10737e+06
323410
1.22377e+06
1.07509e+06
2109.21
47600
4637.42
18798.8
16580.7
20488.1
1.3521e+06
1.37436e+06
821501
42.6532
31.5544
1.20237e+06
4682.03
849392
62482.1
5466.41
76641.3
6083.9
9717.85
6980.67
5041.67
48017.4
10141.4
36.1494
22550.6
14228.1
27763.7
13618
568.986
1.23504e+06
10363.7
6652.01
1.36333e+06
9130.93
1.15608e+06
5697.84
49375.8
131.636
1.37486e+06
1.20923e+06
32448
1.24535e+06
1609.66
1.15309e+06
1.37294e+06
1.37157e+06
4474.97
1.37231e+06
134.459
1.24804e+06
1.37163e+06
18550
3478.99
1941.66
4809.8
16981.1
1.02247e+06
14116.1
1.20078e+06
854.889
10171.6
1.10473e+06
7521.03
14261.9
15839.9
1.37114e+06
3438.41
1.31724e+06
1.15405e+06
1.24001e+06
1.05772e+06
3806.98
1.25111e+06
1.34187e+06
2958.05
3463.28
1.2883e+06
558897
1.11572e+06
887.176
21161.8
1.33657e+06
7172.21
307.7
695.648
1.23527e+06
12403.4
2282.21
1.37445e+06
37092.2
1298.36
5257.7
6830.38
26.6405
1.36149e+06
16858
1650.55
1.37206e+06
1.3643e+06
4867.38
19896.4
22800.3
1.36225e+06
1756.42
47.1523
295.017
32060.4
51030.4
16639.1
28626.8
5852.75
1.37452e+06
317.785
673567
1.35789e+06
1.34739e+06
1.18103e+06
1.28143e+06
1.22031e+06
3460.11
1.35519e+06
1.32799e+06
1.36348e+06
534.647
1.1467e+06
38569.4
1.35955e+06
989488
25697.6
1.34634e+06
1.35556e+06
1.19068e+06
1.19329e+06
1.35547e+06
1.29267e+06
2786.11
1.30851e+06
5965.31
1.34961e+06
558621
1.24022e+06
1.364e+06
608.061
1.34753e+06
13825.9
1.16186e+06
219814
257972
8614.11
4267.44
1.35749e+06
1.35594e+06
1.32529e+06
27694.7
1.34971e+06
1.1732e+06
1.35626e+06
1.27529e+06
1.19973e+06
25980.8
58373.3
1.02802e+06
1.31567e+06
5587.26
1.31454e+06
6737.46
10306.6
244.578
1.32621e+06
1.22545e+06
6763.54
23272.7
4378.71
39269.5
1.36417e+06
1.25261e+06
1.17012e+06
1.22546e+06
1.17818e+06
1.37205e+06
413.935
1.34678e+06
4816.5
4173.07
1.15641e+06
1.25054e+06
9740.5
1.19427e+06
6601.64
807613
596.253
10783.3
1.32191e+06
302.355
5690.1
4837.84
949358
12950.4
17937
200.78
3667.69
1.31427e+06
1.24766e+06
1.1735e+06
84303.3
1.1648e+06
1.10089e+06
73934.7
1.11085e+06
1.37192e+06
1.29137e+06
3899.47
1.37476e+06
1.30722e+06
1.29711e+06
1.09366e+06
1.3676e+06
17990.3
1.30059e+06
11688.7
1.30397e+06
170186
1.36315e+06
1.31017e+06
4872.32
1.27891e+06
408.034
3547.35
13983.6
34390.8
13000.9
1.24843e+06
47208.1
1.25725e+06
1637.84
1.33751e+06
695.1
18696.1
26694.9
1.37504e+06
1.20659e+06
383.391
1.35503e+06
4308.13
1.37171e+06
26555.5
24145.6
1.2522e+06
1.22965e+06
3487.19
1.16627e+06
1.37598e+06
6821.29
5761.79
1.34907e+06
627797
1.35528e+06
58819.1
14460.6
4152.14
80077.3
1614.58
768044
4819.58
996.957
19547.3
982883
4960.56
1.34376e+06
607.856
807.567
513601
1.33892e+06
805034
1.36449e+06
1.35508e+06
26766
44969.7
1.36838e+06
1.32432e+06
9724.93
326638
4322.63
1.27368e+06
4454.18
1.37e+06
1.04449e+06
1.24569e+06
1.12995e+06
28062.4
1.25486e+06
25523.6
3444.28
1.35972e+06
1.09863e+06
28589.4
1.35791e+06
3482.76
12851.4
12636
6783.7
29847.8
50010.7
547662
1.37296e+06
6949.6
17724.5
213.42
1.3721e+06
15005.8
46306
507.669
954859
295074
1.02435e+06
1214.51
18336.4
5628.24
37344
3817.53
1.31344e+06
1.31438e+06
932679
24271.3
4664.43
780945
5310.71
3022.67
15793.2
5495.18
16163.4
13287.9
1.08246e+06
697.119
1.25315e+06
4889.76
1.31703e+06
81824.4
1.31803e+06
18762.9
1.31814e+06
1.05583e+06
5403.12
1.30202e+06
12805.2
494.989
1.37099e+06
22832.8
1.29178e+06
4792.31
856.279
3625.48
11605.7
75924.6
29833.2
1.09486e+06
1.34171e+06
1.29032e+06
1.27256e+06
1.37366e+06
1.28404e+06
36071.9
10240.3
31014.4
4332.65
18085.1
73897.4
3667.86
21931.4
1.34807e+06
12472.6
1.27083e+06
22175.5
1.35706e+06
13784.5
27408.8
165218
17958.5
27273.4
79198.8
1.35908e+06
1.36624e+06
13492.7
4114.72
1.34241e+06
23672.4
1.33075e+06
1.37163e+06
93436.9
1.36959e+06
3751.75
1.2857e+06
1.33532e+06
85105.7
1.37024e+06
1238.86
1.36986e+06
1.28464e+06
1556.3
1.37065e+06
4629.96
18353.8
1.36425e+06
5830.69
93529.2
1.28305e+06
1.18544e+06
1.14881e+06
21162.9
6479.29
26705.7
20439.9
3492.72
4355.73
6607.26
3142.98
1.3603e+06
1.27158e+06
45592.8
7037.94
1.23165e+06
13080.3
4471.68
4272.23
1.35443e+06
19983.1
3454.99
3675.31
1.27965e+06
12338.4
359.755
1.18591e+06
1487.19
16361.1
1245.46
1.26225e+06
67112.6
12997.6
1.26401e+06
31285.2
4420.52
4050.12
1.37016e+06
1.11964e+06
23302.9
46801.7
1.36691e+06
9509.94
29384.8
75669.8
1.3536e+06
67354.7
3217.43
1.19835e+06
1031.61
692.24
28280.5
5861.71
163.938
27482.2
4831.85
1.13625e+06
1.26434e+06
29235.3
61498.1
4066.5
1.33912e+06
646.887
1.2422e+06
60638
5384.3
1.23688e+06
1.34458e+06
188.584
1.32489e+06
1.37412e+06
43999.8
4799.93
1.33466e+06
56807
9947.54
1.21342e+06
927093
1.28232e+06
12388.6
1.09709e+06
5165.38
1.02697e+06
1.33387e+06
1.0645e+06
2774.5
1.02355e+06
1.37169e+06
23834.5
2972.86
1.21026e+06
25032.9
1.35595e+06
56367.5
12887.5
3670.57
36063
3679.99
5072.26
221241
1788.86
1.23875e+06
74177.2
22601.8
232091
36145
1470.44
1972.12
7152.48
1.35275e+06
3287
1715.17
1.37052e+06
1.3667e+06
1.36629e+06
5070.62
133282
561.326
19063.7
55567
1.08164e+06
3906.01
26140.4
52639
1709.74
1.37505e+06
1.23379e+06
1.359e+06
5891.86
517.595
1719.51
122021
1.33012e+06
4610.13
1.24429e+06
1.10884e+06
1.29739e+06
28583.5
61430.6
15968.1
340.188
4988.65
1.34204e+06
33581.1
41849.5
13979.7
4755.77
3630.46
29398.3
9539.66
336.052
5114.88
10412.6
115416
9438.53
3957.5
745.573
12084.3
829056
4306.84
5107.93
4609.54
17249.9
4563.43
1.28019e+06
48518.8
752368
1.37606e+06
18124.1
2013.5
44769.3
7296.36
753322
5055.14
30170.5
11694.6
45334.2
3828.28
1.37232e+06
712901
16569
21803.4
1.15903e+06
3239.1
34650.9
5092.83
6980.75
4944.93
5811
811634
5143.73
1.2319e+06
18151.4
17152.7
5573.8
267966
24564.5
16254.8
35366.9
30917
4772.68
21679.6
218.374
3989.21
17006.5
78267.6
53261.2
42622.6
199.828
984986
210.857
7883.91
37421
1.22514e+06
16001.9
1.36847e+06
869.055
5711.27
1.15826e+06
1.22452e+06
3698.09
31437.2
547.195
12014
1.00127e+06
35746.8
11873.5
1367.8
1.21589e+06
307.151
33356.3
950492
6867.7
36490
1.06846e+06
4508.01
1.22419e+06
194.513
1.21446e+06
1.29318e+06
54645
1.21149e+06
4757.37
11533.7
24577.8
4785.89
13412.1
56576.8
8309.62
17935.3
20274.3
1421.22
3563.12
11791.9
21144.6
1.36433e+06
3668.5
15961.8
370.933
890280
9891.31
3600.71
1.20854e+06
3932.59
5930.91
1.18856e+06
1.18517e+06
15276.1
1.12896e+06
4049.84
26452.1
715346
4519.7
223382
1.22663e+06
480.065
41455.5
10867.8
20180.5
3797.85
11890.8
1.13813e+06
478.447
10323.5
201.609
6034.81
641.905
11791
27454.7
15903.1
4425.76
5497.79
350.709
3910.5
4435.49
1.3718e+06
22444.6
917966
1.35001e+06
1.36908e+06
33158.4
17103
587.364
1.37328e+06
12444.6
40803.8
4421.48
32275.7
2084.88
3751.41
1.04632e+06
9511.16
1.16155e+06
859043
3840.75
241617
6656.48
1.07364e+06
11710.4
5309.07
18181.6
4683.15
1.37445e+06
20250.4
4350.7
19124.8
219.979
1720.86
50625.1
1.15325e+06
11468.2
1.16041e+06
10175.3
11266.1
4394.76
1.20438e+06
1.35348e+06
5890.45
1.20853e+06
317.698
3702.42
1.09486e+06
3891.25
763.082
12568.1
1.37302e+06
4108.17
3592.43
51323.2
13025.6
5672.99
3308.64
1.32711e+06
3259.45
1.28118e+06
1722.24
1.37324e+06
5041.26
19624.3
3959.85
145629
1.35013e+06
1.32554e+06
10484
10683.6
229.313
1.36985e+06
1.37353e+06
1768.84
1.2218e+06
49814
38507
21091.5
550.774
3705.91
29703.6
26760.3
3639.84
1.34982e+06
1.37185e+06
4682.28
14085.2
1.28741e+06
4424.16
6429.28
11547.4
3617.92
895.212
32318.6
21955.1
3651.14
635.826
3294.71
1.12938e+06
325.757
888754
48245.4
1880.92
3953.42
3753.91
5515
1711.17
1.35563e+06
5123.43
11129.8
13904.4
1.32125e+06
3402.2
13151.9
1.1264e+06
7581.78
3846.4
1.37185e+06
4646.61
1.32047e+06
4905.86
99500.7
1.16373e+06
665.872
1.04393e+06
1660.08
10888
1.26975e+06
1.36358e+06
50923.5
3564.56
1449.96
42545.6
7722.54
4332.43
38267.4
19874.4
667.503
1.30056e+06
21002.3
1.31641e+06
130868
17232.4
450.38
47120
777475
1110.1
5256.73
46525.3
1.37185e+06
26216.6
1.32609e+06
1.33972e+06
705680
47896
26086.1
1.31493e+06
1539.3
81999
1.28204e+06
42252.9
1.37679e+06
3179.79
3560.26
1.3157e+06
732.187
1.02915e+06
4626.11
2478.3
18330.3
4177.44
1.31598e+06
5125.19
17639.6
16419.7
336.723
15466.4
381.295
843495
5709.77
820332
1.34297e+06
7295.34
641972
1.37658e+06
15807.4
1.11242e+06
11501.6
49861.5
1.34893e+06
13857.5
12311.2
3573.87
47986
1.28189e+06
1.04672e+06
117061
18236.3
24956
10736.9
3970.57
1.33118e+06
11674.6
22310.5
4273.55
1.35934e+06
16012.5
4939.78
4785.68
14811.5
837469
13813.7
344.012
6852.37
5269.48
1.04853e+06
34042
35792
17198.5
3619.03
35399.6
1.36735e+06
37647.4
1.27578e+06
29290.2
28553.2
19218.1
1.36637e+06
1224.41
12954.6
1074.43
1.10229e+06
48260
1.03512e+06
997.91
1.28289e+06
6126.31
29611.4
762093
590.279
34553.5
23690.2
29850.1
890.49
46098.2
4216.92
1.26067e+06
13110.6
1.25989e+06
1.36825e+06
14452.1
7884.09
58892
11042.2
908519
4235.43
12554.3
11506.2
13521.3
18077.9
29369.9
6855.34
1.36967e+06
2556.25
490155
1.37015e+06
763939
32722.4
3736.93
18825.4
1.11965e+06
25057.4
17715.4
3736.04
28583.1
11332.9
3640.57
15373.8
31.3717
7905.84
676.026
33737.5
875.217
4197.36
5478.14
45539.4
4827.47
518.506
2320.48
15998.3
1.37509e+06
20436.3
453409
964697
15846.4
87049
12144.1
29379.3
1.10593e+06
3067.65
1.15245e+06
10391.2
13099.4
3602.64
11769.4
4202.88
3603.77
7984.02
17566.4
3827.63
9191.03
10936
1.1367e+06
684193
25839.4
930.846
14737.8
1.14189e+06
1.37053e+06
32483.2
8143.4
1249.42
3529.33
429.985
24442.8
3643.65
9487.74
1.15753e+06
630.06
74.8583
1.2027e+06
4068.85
4280.58
33561.1
17597.2
11035.2
5725.23
1.36644e+06
1.37574e+06
4065.36
10327.6
44266.1
234612
46167.1
1.33556e+06
1.11508e+06
16511.5
25169.2
1979.3
42765.4
783807
7982.09
1.17827e+06
1.15207e+06
13574.7
4549.82
10137.7
4624.05
1.35946e+06
14358.4
1.22091e+06
3774.16
16219
617543
4007.57
47681.5
20702.2
2874.92
14067.5
1.23022e+06
9140.43
4363.08
5058.21
24412
4122.74
3328.78
3654.96
34980.1
4458.82
306.099
8775.68
1830.73
1.12732e+06
566.649
1.04851e+06
1559.89
17.2818
28.6283
31029.6
4994.95
3457.19
4631.21
8755.4
1.33594e+06
8321.01
124.216
1.16425e+06
4749.57
36612.8
8342.41
6981.6
11559.4
4384.49
46859
70525.5
1.26037e+06
12763
1.34312e+06
1.04573e+06
27335.6
8903.9
10844.4
1.14828e+06
5623.33
3978.81
6709.66
10875
14829
4652.27
1.34799e+06
1.36386e+06
5125.64
374.735
21264.8
34701.2
5591.19
831494
10365.1
10612.6
1708.28
345.448
1.35482e+06
39198.6
96614.1
5548.91
9813.56
418903
1.04278e+06
768.497
44273.8
28096
1772.44
380.768
50919.5
63882.3
2436.36
5056.84
34347.1
1277.61
3774.15
17213.9
1.04305e+06
10636
1.18827e+06
10387.8
11061.6
27827.4
1.21093e+06
53309.5
1.3265e+06
37374.5
1046.41
3774.25
3247.21
17992.9
5193.89
28889.7
37016.3
31747.4
3654.51
6060.01
36416.7
32362.4
12275.9
1.35728e+06
10448.8
1.13954e+06
28061.3
22043.8
843720
7054.79
5458.03
1.19469e+06
8823.99
48257.5
1586.42
946134
16057.6
6021.71
32815.9
7443.32
43111.2
1.37103e+06
11764.5
27853.5
7174.7
1.36916e+06
14461
1.23187e+06
3474.81
30415.6
13691
13246.6
44831.8
1.36875e+06
1.36983e+06
10613.3
3989.33
1.28516e+06
46184.5
9230.18
1.37226e+06
3873.08
5086.03
3670.16
4442.24
38680.8
1.17915e+06
1.36934e+06
4832.4
628.569
52231.4
4218.28
42973.5
1.10829e+06
11211.9
12178.3
12680
16165
1.37484e+06
4714.14
1708.29
31696.6
6580.7
6831.43
616.229
26135.8
3594.1
3890.13
678.305
1.36838e+06
690951
4539.55
4737.42
1.17937e+06
43673
10154.1
32071.8
15921.8
5358.05
4557.32
9681.95
18528.2
312.447
12073
9476.91
9570.84
137657
11280.3
1.30893e+06
4956.02
5252.68
1.21001e+06
4988.33
14837.6
10426.3
3931.9
26737.4
31843.6
5034.12
1.32329e+06
21759.8
33502.3
1191.15
1.15363e+06
2480.91
10597.5
17313.7
45165.1
1.10978e+06
1.35726e+06
25340.1
32819.7
277.719
9164.58
1.35507e+06
1.33198e+06
52474.1
16446.4
13561
42641.9
15470.6
3431.28
144329
32922.3
1.08785e+06
1.28235e+06
9403.69
2281.63
21797.3
4806.71
62496.2
39826.7
23297.9
40916.4
33153.1
10206.6
3521.74
9108.63
5018.64
906613
33581
979996
1135.78
1.1763e+06
1.04912e+06
3621.97
9849.83
1.19151e+06
10583.3
1305.89
81163.6
8628.94
41462.6
15608
11536.5
19288.3
4501.07
9510.46
4588.21
1.37472e+06
13462.8
25231.4
5172.67
9788.93
19091
10714.1
384330
32923.9
168.641
40052.9
1.2336e+06
482467
19330
1.13983e+06
1.37486e+06
2968.11
7457.83
74195.2
4085.66
4690.46
3969.51
4015.17
93068.7
10903
3775.2
20088.7
19464.8
10685.7
4040.61
43.0273
1624.07
4405.3
1.22941e+06
17310.3
954183
8834.67
1.06282e+06
171.577
4408.06
1.1208e+06
2422.43
350.272
2283.24
1.16934e+06
12396.6
8501.87
15123
266676
1.2548e+06
2986.79
3538.33
1.33258e+06
1.37468e+06
4750.05
3515.93
4054.41
573.338
32811.7
2632.34
14771
77.9692
1.37352e+06
446.611
5819.93
1.1263e+06
3830.4
4175.56
2696.92
8258.66
24691.3
8187.55
4539.22
3804.07
1.35319e+06
7754.67
1.36087e+06
18801.9
27754.8
25313.1
11880
3563.46
1155.81
2857.15
46301
3811.61
73943.9
1.14944e+06
68198.5
34214.6
7330.5
1.37466e+06
906766
1.07425e+06
13299
4128.26
73641.1
20523.3
1.3681e+06
1.37255e+06
3628.56
18204.9
1346.6
1670.57
4787.93
31406.2
10185.6
43781.7
10199.7
5608.49
391.525
5904.45
1080.32
3544.17
1.37461e+06
12264
3666.99
1.22284e+06
898858
13497.3
7110.14
4555
413837
3629.33
9085.12
1.3248e+06
1.37453e+06
1.37455e+06
5462.08
1265.21
1.37461e+06
3720.39
1.37457e+06
4334.78
6375.89
31729.5
9487.08
5604.88
3598.21
30516.2
1296.72
12972.7
3956.2
4478.99
1.12131e+06
1.14653e+06
917151
1.3772e+06
3814.36
397140
1.36952e+06
1.05169e+06
2895.21
5925.84
29925.8
3616.88
30954.2
1.35111e+06
5542.92
6039.32
4937.81
1.19904e+06
3980.69
5617.08
13064.9
5785.65
924381
1.11688e+06
1.36555e+06
4398.3
3636.28
4497.34
4665.79
1.19783e+06
15080.4
4809.36
31446.4
24020.4
1021.38
255.931
5834.39
4081.35
30318.9
16813
811.072
433.994
4135.44
4859.61
2323.08
3932.71
6766.49
14259
213996
931909
7066.39
26885.5
17215.7
41249.4
1.16004e+06
1.37454e+06
23736.6
1.23512e+06
1.37342e+06
13406.1
947754
2022.06
30064.1
4808.97
5997.6
15171.8
1565.5
1.37764e+06
4567.75
1.19854e+06
1.29507e+06
1.19424e+06
7926.48
20411.7
12064.8
8399.76
30643.3
17516.6
727662
11271.7
1.03563e+06
1.03375e+06
86646.1
46360.6
19008.6
13797.4
3865.34
1.3725e+06
18776.6
15772
11678.8
10295.3
7138.38
30544.5
18103.9
19762.8
18116.9
49546.8
4503.23
4416.62
26089.9
46653.3
9440.95
14347.3
1.37326e+06
4546.28
268779
1.37328e+06
41903.4
13664.6
37110.7
6340.47
11892.4
2772.44
25845.7
9105.62
334.608
8877.07
48735.8
14913
3068.39
3996.2
30436.7
5915.98
31017.6
134.208
2834.75
1.37498e+06
7620.28
3806.67
10554.8
1.3692e+06
11852.9
11445.1
3072.83
9331.59
8484.69
29526.3
1.37335e+06
14724.5
551.046
12450.9
1.34651e+06
1.35841e+06
1.03068e+06
1892.93
1.32655e+06
1.3546e+06
1.29295e+06
214.877
8933.21
1.17305e+06
11099.1
1500.35
69111.1
3578.3
1708.15
3335.67
1.37651e+06
29249.3
2947.77
150.885
16446.5
274239
3871.29
15743.3
127510
5464.04
4111.01
26279.6
7486.24
42394.1
1883.68
759.409
8489.72
4766.58
1505.13
853545
8093.77
1.10995e+06
1.25546e+06
1.35834e+06
2884.26
1.14802e+06
28274.8
916385
4024.51
1.0425e+06
6732.56
1.08684e+06
7337.83
54407.9
28570.5
22093
8505.21
1.37492e+06
1.06379e+06
1.18535e+06
1.34811e+06
969380
6980.31
14059.5
4285.01
1.32918e+06
32577.2
29009.9
4682.7
5398.18
30212.7
14003.2
6012.99
2472.36
6552.36
1.24804e+06
6588.83
36117.2
9958.35
9356.71
46093.4
1.30985e+06
3080.46
17717.3
1.30455e+06
35755.9
1.31098e+06
49995.9
49133.1
1.37665e+06
10399.7
110696
31421.8
13758.2
9812.48
1.29407e+06
3254.68
1.08772e+06
4138
1.3217e+06
26804.4
4031.08
2024.31
4536.9
1.27523e+06
416982
12766.4
20404.6
1.16131e+06
1.31964e+06
13753.8
1.32954e+06
1.15448e+06
1.31481e+06
12257.3
1.25153e+06
4058.89
3865.3
15004.6
3499.1
30002.3
4828.59
21735.6
22968.5
1.2947e+06
17814
1.27831e+06
1.20411e+06
1.28704e+06
537294
1.13454e+06
4857.96
616799
1.31037e+06
3036.86
3385.44
4613.92
4262.21
4079.98
24151.8
12192.1
10226.9
9696.86
4524.18
1252.88
17055.6
11755.5
31025
263.505
431.835
1.26691e+06
3382.61
67862
28179.7
4634.65
19412.9
7861.92
21836.4
74811.3
673177
1.21353e+06
2975.45
3722.1
11010.6
1.28981e+06
1.27233e+06
2138.58
10932.4
33430.6
1.36385e+06
29710.2
1.25795e+06
7797.99
1.37231e+06
19275.1
8012.62
4216.04
6229.49
4886.66
1.3712e+06
3443.77
46225.4
10889.3
13214.2
3548.39
13894.4
1.34619e+06
6812.94
10119.5
24059.7
7293.64
121750
8078.18
40987.5
416.411
12696.4
11747.1
3888.42
12534.1
4120.94
5894.03
5390.83
8469.03
30932.6
1.37569e+06
1.37573e+06
3529.83
1.18969e+06
967741
61325
1.37206e+06
118748
9874.13
1.25066e+06
4414.26
12138.7
4575.22
6024.16
29906.7
4348.23
35635.6
1.25155e+06
1.25104e+06
238604
1776.14
5642.32
3916.32
7409.98
936.432
31795.3
11373.7
29792.2
1.35606e+06
3260.9
1.37148e+06
9002.64
8887.87
356233
28068.9
2087.37
1.31513e+06
14369.1
34014.5
1.13452e+06
40511.1
3497.03
1.32628e+06
744.663
11011.3
47651.4
15483.7
20334.2
13457.2
1.37557e+06
1.26567e+06
1.37247e+06
8672.21
10291
2985.6
4275.35
20663.7
6948.41
3825.05
920644
4779.37
1.23952e+06
12106.2
27438.4
4151.66
1652.03
1.37534e+06
3936.77
1.37534e+06
1.24763e+06
30087.3
40003.4
24043
6910.69
17550.6
1.27782e+06
1.35033e+06
13292.7
4446.17
1.36075e+06
13703.9
378.229
1.33804e+06
3830.4
1.36023e+06
1.18695e+06
1.2839e+06
1.2774e+06
1.34949e+06
7812.68
5052.42
1.32456e+06
47723.1
415.72
3837.49
9584.3
3389.8
1.37009e+06
25424.3
1.36705e+06
1.30748e+06
7369.84
1.10624e+06
50197.4
1.16566e+06
1.2792e+06
29377.7
37300.2
30035.3
1526.88
1.35621e+06
660682
9184.68
14237.6
794504
1.01005e+06
28852.4
1.3712e+06
324.765
36094.9
1.11011e+06
1.36461e+06
4228.47
439.091
38744.4
1.23732e+06
38461.6
5385.78
1.35017e+06
5126.98
3575.12
4437.06
149373
1.37305e+06
28902.3
1.0298e+06
6975.24
26690.6
5752.3
1.33851e+06
1.36055e+06
9453.65
5700.04
1.37313e+06
3825.02
5653.58
27983.7
1.28365e+06
10491.5
7507.79
1.27423e+06
1.2406e+06
17990.4
15203.3
37691.7
593.376
1.36903e+06
1.30009e+06
1.28109e+06
9207.49
33202.3
1.31729e+06
1.35652e+06
3559.84
44042.5
1.14335e+06
1.10045e+06
1.21992e+06
13335
24.6141
1.2879e+06
1.15254e+06
27414.7
1.34918e+06
6822.21
18558.6
127008
42437.4
1.32664e+06
1712.63
1.34049e+06
19322.9
6093.52
4229.13
6890.34
10904
1.3738e+06
28387.7
13408.4
24312.9
67100.8
1.35046e+06
5231.12
7494.6
31745.9
30730.5
1.36961e+06
26541.4
13832.1
943999
1.3161e+06
1.3167e+06
7151.29
342.979
33605.8
1.31736e+06
953977
59237.7
1.28081e+06
248.811
1.37264e+06
28229.9
947.314
6307.82
1.34508e+06
10120.6
23542.8
4131.01
1.3552e+06
872463
1.37075e+06
3286.28
3452.08
1.3454e+06
6675.33
430.914
15409.1
1.26289e+06
54375.3
887432
3254.98
1.21887e+06
13013.7
1.12588e+06
534.22
154714
12954.8
28426.8
14410.1
698290
4865.89
8385.88
1.3698e+06
9945.54
45764.6
3955.53
301.752
1.37058e+06
1.11791e+06
509.448
5505.31
216.736
1.36068e+06
1.3624e+06
1.3655e+06
1.34597e+06
1.31468e+06
1.3569e+06
1.30917e+06
1.34895e+06
1.33863e+06
1.36808e+06
1.34225e+06
1.36687e+06
1.36918e+06
6131.79
21230.3
1.34069e+06
3571.3
442.369
392.192
767.052
1.33457e+06
5045.8
725.996
1.36302e+06
1.37013e+06
1.30927e+06
27112
1.37092e+06
1.32801e+06
1.3205e+06
33741.9
4211.59
1.37199e+06
3808.41
1.3425e+06
455.872
6635.35
1.37053e+06
1.31802e+06
1.29941e+06
1.37438e+06
25836.4
13465.1
1.3025e+06
9275.6
1.36325e+06
624.386
1.09533e+06
23863.8
1378.42
91856.7
27978.3
10588.2
3733.46
26866.8
1.35654e+06
1.34874e+06
9365.62
70.3421
1.29158e+06
1.18029e+06
28956.3
4889.59
6409.08
18927
21698.2
2993.63
57679.1
24004.5
6248.94
11560.9
17414.1
30072.1
23047.6
7092.31
1.25314e+06
5136.32
4724.42
6960.58
4411.62
54275.3
1.22361e+06
8867.18
904581
6939.45
127854
27419.5
19728.7
1.37046e+06
10728.8
22674
1.35426e+06
26476.8
152.936
124670
17715.7
25094.6
3504.97
1.36681e+06
7911
20797.6
4704.31
1.13251e+06
850500
7242.72
1.28237e+06
6503.9
3987.47
4448.1
23288.8
1.23224e+06
916586
6223.32
1.08257e+06
47697.5
466.959
11448.9
1.20752e+06
1.37507e+06
323827
3438.6
48733.2
3602.07
534.833
23653.8
15660.1
1.37519e+06
1.01716e+06
6838.2
28833.9
26212.7
2366.8
19056.8
5131.26
15229.3
1.24586e+06
25353.8
3919.28
1.3335e+06
39636.9
1319.53
309.564
1.36746e+06
4705.09
1.35992e+06
117881
4215.29
14874.7
1.36004e+06
22891.3
6014.1
1.08651e+06
1.37487e+06
5791.05
1.19336e+06
36082
42684
4600.63
172245
3614.78
898541
5124.72
1.2858e+06
7686.07
1.1086e+06
4346.48
4528.7
870577
9381.99
11900.3
12641.1
1.20792e+06
1.25021e+06
3875.64
433.081
3246.25
3854.48
20444.5
29918.7
4161.22
669255
4316.89
45537.5
2490.41
4066.29
6891.65
5922.45
1.37176e+06
20378.3
4015.58
1.37512e+06
760.901
4461.95
3839.54
55758.7
289.931
1.37159e+06
4224.36
5882.72
579.536
6587.2
1.2133e+06
6448.75
23767.3
1.22888e+06
6146.56
452.263
1.12848e+06
3606.72
1.37583e+06
1.23517e+06
4544.8
16699.3
1.37261e+06
2082.18
20083
30404.7
4896.32
24760.4
5505.55
15425.7
2225.21
1.13e+06
4476.64
1.34409e+06
969829
2090.04
6859.42
705.539
27502.2
4126.67
15280.3
10181.9
1.37386e+06
4936.01
523060
7466.58
1.23534e+06
5184.39
1.22426e+06
5715.56
4983.61
28974.1
574.237
4470.33
940774
6821.26
1.37453e+06
5876.32
1.05029e+06
5096.66
1.24091e+06
4306.04
19513
4569.41
1.2564e+06
8694.24
22897.1
33484.2
5969.84
5316.94
1659.23
1.16722e+06
3920.1
9890.05
18408.9
1.37068e+06
3435.52
1.21418e+06
4111.19
2948.19
1.37158e+06
9311.1
11042.4
16903.7
5247.28
4313.23
1.37274e+06
1.37355e+06
4406.64
1.22924e+06
1.37105e+06
616.429
526459
6300.32
5810.87
71524.9
41115.4
3160.25
7582.73
544.49
39601.9
23783.5
1.33714e+06
52466.6
1.032e+06
26017.5
4885.42
3865.99
18779.8
9909.07
16136.2
23648.1
5578.17
1035.77
5044.56
26494.8
8924.58
25996.5
200.604
1923.3
1.28281e+06
5409.1
16695.6
24136
401.851
5188.81
21860.7
27020.8
15693.3
3501
604.531
4160.85
27912.1
885130
11313.3
4073.76
8409.77
3372.1
3557.45
23685.8
20889.5
1.30141e+06
23078.7
22949.6
1.17893e+06
1.20996e+06
4047.63
1.33512e+06
5551.52
10128.1
55842.8
452.413
3831.04
8252.12
1806.35
5285.02
6334.98
37943.6
108493
3490.87
940979
3142.42
20907.1
17716.9
1.21413e+06
26277.5
940263
1784.52
1.2597e+06
1.11875e+06
98718.7
4044.31
6307.21
1.36491e+06
5381.4
1.29345e+06
9088.84
3600.56
22585.3
4720.39
1853.17
6951.3
3584.51
1.09122e+06
5075.57
943757
10037.3
428882
1.37342e+06
26107.8
24737.8
1.36858e+06
19289.9
16204.2
4660.21
5310.61
3832.56
11089.9
4468.03
433.323
1061.66
6824.69
42259.6
20071.3
25907.4
4909.94
1752.84
1.31391e+06
5342.71
3118.52
1.37121e+06
4285.54
851687
9368.46
211.634
319.997
5957.07
6233.56
25739.9
22771.1
3952.53
51886.1
4618.07
3860.21
47090.8
20652.9
5615.22
1.20933e+06
4889.63
1.35858e+06
26766.9
105892
3535.04
6031.73
4808.08
5204.67
28127
22431.9
28925
4949.64
15585.3
18115.9
5556.08
10452.4
4049.69
39962.3
20698.9
4025.89
35119.1
1.2758e+06
1.34907e+06
938.363
1.19215e+06
1554.91
44811.9
25407.7
21175.1
5161.77
36890.9
597.384
9607.53
1.23064e+06
621.315
1.25611e+06
60.4856
18186.6
15663.8
4634.16
9999.7
2229.78
14239.6
1.37327e+06
3432.89
4686
522.727
18421
337.955
5020.71
13461.4
1.37233e+06
19928.3
3972.42
1.34837e+06
56649.6
4318.96
4172.16
4449.44
919853
41883.4
8725.65
936540
1.0381e+06
7844.93
5045.42
34452.4
20115.5
22627.2
4037.87
1915.77
1.21984e+06
8523.12
8629.6
10829.7
5915.14
5710.37
886.364
58368.2
7903.42
1.23743e+06
7795.22
1.36959e+06
6024.28
2013.35
1629.4
20865.7
3621.49
4622.17
10642.2
4575.37
4462.54
825459
11294.1
8826.64
1.24205e+06
25648.6
1.15653e+06
4567.72
17303.6
37339.3
924257
19484.6
18969.5
113.579
10271.2
1.36874e+06
19684.7
20480.6
21938.1
4241.75
10522.3
27066.5
1.36832e+06
7093.79
11434.9
3553.19
33445.3
9926.5
35791
3267.63
1.32983e+06
18604.4
5771.64
4399.6
31750.1
1.29521e+06
989583
401.358
5197.69
13559
3679.12
3657.41
790547
16402.6
42473
1191.17
4404.3
1.11491e+06
4131.06
3654.27
1.31085e+06
1.02822e+06
1.19504e+06
15697.5
1.3749e+06
33881
4086.67
1.29209e+06
7459.33
22538.4
6387.01
25146.3
47511.3
3727.24
6506.42
4324.72
11824.2
221.556
45547.2
12084.5
1.27329e+06
4057.63
592.717
1.21745e+06
18032.7
3545.64
1.36398e+06
5834.24
1.37553e+06
17135.8
7705.62
1.25385e+06
4776.75
929971
16107.8
5057.07
13469.7
720.041
4950.79
7371.4
4975.35
3297.04
28136.2
16360.4
4982.34
3862.46
18953.9
4985.98
22071.4
4465.89
187.459
17453.7
122.388
1.37475e+06
19121.3
13353
4314.61
12441.7
8596.45
14102.1
36254.9
7665.52
431.093
5701.78
4718.88
14222.6
3465.91
351856
13030.8
25767.2
3773.67
11228.5
2233.39
3826.88
5190.41
6094.33
46862.9
3610.99
3475.31
1.25968e+06
15556.9
4255.49
1.37079e+06
4539.23
1.35621e+06
3992.34
955066
18549.9
12384.5
15427.2
7087.9
11671.3
4921.8
7501.86
1.00538e+06
621.634
126642
4018.5
3685.02
15766.4
797441
13754.1
7180.43
3359.79
4186.28
1.36879e+06
3660.68
1.28509e+06
14140.3
4458.76
52411.3
3087.4
3871.88
897033
649.92
24521.8
4587.45
7768.62
53074
3545.17
3074.58
1.35058e+06
5026.5
1.36356e+06
487.352
10238.9
3890.54
38897.8
1.28442e+06
1.35949e+06
1.16468e+06
59803.9
757.425
19101.6
3941.85
1530.24
1804.99
11206.5
24417.2
19283.7
564.049
1.36725e+06
1.33061e+06
6633.39
2926.1
13375
11465.3
605.405
4439.42
35442.9
3502.32
1.12823e+06
12765.8
4035.86
17417.8
14022.9
13587
4944.79
1.24791e+06
4165.55
1.15397e+06
8090.38
1.36471e+06
4009.94
3491.03
918955
41137.9
16360.3
8138.18
852774
1.14557e+06
16878.8
16639.9
458.188
6146.72
3300.37
1.34854e+06
4916.98
3441.42
3058.62
109492
15991.6
1.25947e+06
11422.5
1.06667e+06
29487
5576.4
42994.9
1.33877e+06
1.36073e+06
22668.7
4719.92
3728.43
18214.7
8425.93
13145.7
6014.43
16814
26876.6
4357.86
37161.6
10580.9
14323.9
2164.51
11467.4
17143.8
1.36727e+06
33176.4
8620.85
1679.14
34073.7
505.587
5199.8
4289.49
2956.18
6739.89
3881.21
12186.5
65589.7
1.35689e+06
4088.84
1.06136e+06
1.13099e+06
22.448
1.32049e+06
3882.86
1.3269e+06
1.37212e+06
9246.19
17439.8
698.871
1.32315e+06
1.32274e+06
20829.4
5370.31
1.1018e+06
3299.14
33255.6
10363
1.35099e+06
13805
3946.74
13216.3
15152.9
3900.71
75.916
933680
13863.9
4077.43
16423.5
3147.04
3303.85
8367.11
577.841
7807.92
34200.9
3564.97
33692.9
1.34534e+06
215.799
23617.2
2300.59
1.37563e+06
7509.92
13650.5
6005.2
12375.1
5234.83
12604.4
4794.88
4221.08
3155
11124
1.13008e+06
1.24866e+06
6151.61
13867.2
9326.36
7832.93
12483.2
1.33869e+06
3930.29
6174.12
9982.63
6001.33
5252.35
35100.5
11900.3
5160.93
2261.51
5991.06
3784.69
8414.99
5333.98
3456.65
27200.7
7945.8
31528.7
3765.45
4674.85
3657.92
7423.37
1.32849e+06
4517.07
7321.04
36032
12094.9
33611.7
4432.59
21720.4
20954.5
11948.5
12807.8
1.17742e+06
2103.97
4187.3
1.31874e+06
3343.44
22879.1
3871.47
23578.8
9216.77
4543.9
12934.1
4824.89
485.835
11868.4
21778
4958.71
44895.1
1.13587e+06
14083.9
11022.7
440.465
123138
4277.84
4374.14
33714.3
2181.97
5835.62
3647.05
1.32853e+06
37554.4
4086.5
2968.62
391.059
5305.58
3200.6
1.28859e+06
1.03858e+06
1.37701e+06
16309.3
988805
4583.56
5471.22
704.199
3784.67
5723.79
14840.7
26192
3877.79
16505
181.99
1.34448e+06
13406.2
3367.43
5157.4
31241.6
939933
11948.6
1.22859e+06
2258.41
61.5339
1.01755e+06
1.17743e+06
1485.66
10911.5
1.37225e+06
13150.3
1.26868e+06
19352.6
4678.21
1.37469e+06
8486.88
22032.9
7348.54
11565.9
4784.57
1.37741e+06
947144
770947
26932.2
11033.6
4050.07
5106.03
10396.2
1.28786e+06
13162.5
1.12824e+06
5092.88
14549.6
48781.2
2086.38
30250.5
553.694
26170.2
11422.2
1.16932e+06
6762.53
4034.32
22587.3
4138.3
11370.5
10066.3
3212.6
23229.6
11957
12669.6
12471.4
3555.98
345.457
13090.6
88105.8
12132.5
4676.39
443.023
511.971
3437.61
12977.8
32038.7
10696.3
8741.35
3381.3
4096.07
4771.31
20146.1
1.26715e+06
2374.16
3970.6
10386
3255.87
41027.9
1.24603e+06
3907.36
9959
3931.23
1639.04
11663.3
3266.69
9836.79
33889.9
23118.2
17240.8
5616.76
3273.62
8538.32
40642.5
4985.97
34346.4
4158.69
35561.2
1939.79
11800.4
1.30171e+06
3732.3
7329.08
901295
3729.06
167068
3252.46
1.24231e+06
1.37059e+06
7091.88
1.1339e+06
3347.86
1.06151e+06
1.37611e+06
542.17
4518.6
1.15124e+06
4100.95
11235.8
1.27983e+06
4012.43
5297.19
5579.61
6475.65
3984.78
3215.06
12302
3683.57
9449.45
27234.8
13014.3
6593.96
9631.56
804149
12857.9
3367
8478.23
4179.18
1.22156e+06
8377.38
9909.26
2134.86
13084.5
23854
43281.6
4051.07
24500.6
923.317
2023.48
55248.3
826952
1.10784e+06
31506.1
11309.1
10012.4
5628.67
3466.3
8693.93
22180.8
26546.8
2238.27
36579.3
294.186
456.406
3862.24
1.36691e+06
3647.78
5465.4
1.14573e+06
3165.43
1.36912e+06
10283.6
926.675
792397
1.17127e+06
3465.4
4378.51
14110.7
7919.35
994392
12669.7
4037.28
2975.38
4618.78
4571.65
4651.02
3261.29
36057.5
1.23955e+06
17126.3
1.36481e+06
487.174
2749.74
6453.55
1573.15
19478.3
10882.6
13969.7
8655.59
35788.4
386.056
4477.71
4885.63
7126.5
4748.2
2362.62
1591.49
671.865
5509.49
10458.7
9064.38
1.15566e+06
12408.1
3684
5547.78
3374.87
107.758
4675.7
10925.3
10205.4
850.176
783870
10655.1
334.616
1.16287e+06
34703.9
264.817
7184.94
788.481
12640.5
18283.8
643.363
25177.4
4310.54
3837.01
893265
35476.3
5497.19
10823.6
4249.14
317.705
2368.3
14172.8
23344.1
50152.2
992019
1.36018e+06
1.17597e+06
5822.28
15138.5
4791.27
5492.64
7481.35
947034
22850.7
8083.74
1.19051e+06
9060.71
5975.11
1.08525e+06
1.03648e+06
1.36759e+06
12307.6
4292.77
7175.09
10818.9
5120.58
4010.54
8513.6
11304
10575.2
42865.1
301.078
7481.89
9931.37
7978.67
2631.51
36873.8
3656.95
3815.48
10226.2
519.046
3987.62
2779.2
12081.2
31079.8
756.958
9621.13
3499.41
884568
1022
4767.94
304.761
4239.16
3036.54
2196.29
444.651
26914.6
3848.58
4011.05
6604.32
10274.3
9342.48
1.12377e+06
5495.68
1.3195e+06
1257.38
3739.66
691596
2299.46
6152.87
17952.6
8191.88
3506.59
245.284
57430.8
9064.92
4344.7
1.21085e+06
5207.64
2326.43
5859.38
1.16322e+06
40112.3
4259.65
4051.56
4549.8
6830.89
3074.95
549.106
1.2865e+06
5356.76
4482.81
13671.8
4185.06
2429.68
5182.71
3892.61
2263.85
15420.8
3492.37
2452.21
44542.6
13109.1
8557.33
5161.11
1.1159e+06
4837.38
8747.68
1906.15
24563.4
9128.41
368.671
10020.1
48306.9
471.026
4029.01
1983.92
5168.65
4883.93
6097.95
5699.02
5907.89
37096
4634.39
4997.78
8176.04
21093
16487.7
10502.5
2255.72
5528.35
7448.2
774.214
13589.7
532.758
1.3714e+06
8491.56
970480
1.16572e+06
6630.17
7355.31
1.34494e+06
20598.1
937070
45124.2
13906.9
8282.53
10803.7
4313
6280.96
3175.7
432.202
1.34439e+06
1938.55
2401.43
4624.13
3897
1.32509e+06
9845.57
16212.4
8189.7
4117.25
20643.3
1.17223e+06
5049.6
29891.6
497.246
10850.5
8431.67
13237.2
24960.6
1.37574e+06
3985.43
4896.94
2199.04
16235.2
1.14858e+06
20273.1
3774.94
476.61
8885.7
3622.62
13001.5
8170.45
4967.44
1.16253e+06
1.37378e+06
10299.1
946571
4977.98
731504
4781.17
10572.3
919582
473.161
1.34062e+06
1.01165e+06
9344.4
30813.4
3885.65
12444.6
15190.4
15520.3
7737.82
5792.72
49597.8
957.715
7441.42
5145.29
3903.38
33592.5
3217.52
3713.33
5120.25
3064.44
683933
6994.63
335.422
9865.68
12601.8
5147.58
40713.7
7995.17
6593.2
4058.26
7173.59
828199
6813
11914.9
12891.3
52805.3
15096.7
31892.1
3819.84
7496.94
7379.46
22912.8
56189.4
15946
28351.7
19678.2
9645.34
2084.18
11491.5
7780.11
5975.02
10896.7
10053.1
5845.44
731953
18129
4664.38
10402.3
3031.17
31393.3
35873.7
7910.58
12907.4
13138.6
3529.25
4667.58
41093
4581.57
6590.12
4610.23
5329.56
1.17431e+06
11015.6
4671.26
7591.2
1554.65
1.34333e+06
14299.9
7005.34
537237
10096.5
7486.35
30460.2
5268.31
3976.99
81408.5
6840.36
6808.63
4736.87
12115.7
4008.22
11269.5
5817.15
4960.98
5619.16
5377.57
11630
11371.3
4047.63
648.514
3209.96
4667.69
3586.99
5394.81
3010.24
10336.6
1.37554e+06
4058.61
20890.6
6612.49
4780.52
8997.21
734.06
9563.87
5013.76
27316.5
109657
11003.1
11655.1
5720.96
4109.87
11040.1
3785.53
10291.9
5247.69
952392
5234.35
12770
6560.78
575.261
7329.2
1.05547e+06
9887.45
5414.87
12565.8
10276.7
4813.81
1649.66
8636.23
821776
14096.2
14580.9
5819.94
4230.97
42752.6
5616.36
22599.4
5806.83
5782.65
6149.42
3800.1
24702.4
6771.66
10691.1
6387.75
1.34711e+06
5378.98
3922.42
7731.91
4023.2
6102.86
20859.3
4125.76
3545.95
5981.49
7054.14
3776.5
6552.28
3965.1
2599.2
8066.23
11547.9
9297.91
1.06452e+06
6180.93
4074.79
5375.85
5687.05
1.32069e+06
31525.3
7716.38
2864.57
10029.6
1.13719e+06
2587.16
11220.3
1.35221e+06
6309.25
5585.31
3810.75
12408
11486.1
3693.08
8466.74
552.155
323.126
6159.37
4219.61
6023.18
446.116
13589.5
11093.3
7719.93
245.446
8426.5
5858.75
9483.33
4374.85
3692.24
3982.34
11113.5
1.12409e+06
3677.11
5858.06
4427.47
14695.4
3975.98
1.12719e+06
4478.91
6587.17
4587.11
6150.68
4697.89
16930.6
6872.23
3985.83
14908.1
1.02256e+06
12062.8
10198.4
8895.07
921.233
58153.5
2246.82
21023.1
1587.14
10924.5
1971.35
3956.52
9219.81
6634.47
4372.05
8467.98
10400.2
28608.3
617.651
2604.06
8397.97
1.33754e+06
17743.6
869365
11178.6
2358.75
6613.07
44847.7
5151.84
5685.01
14882.1
7468.9
5440.52
11285.4
5012.78
3974.21
25863.8
6302.79
1.21381e+06
1.09856e+06
1.36219e+06
1.37098e+06
1.05838e+06
1.35804e+06
1.31215e+06
1.35062e+06
1.1926e+06
1.37104e+06
1.36193e+06
1.29099e+06
989755
1.35807e+06
1.21369e+06
1.34757e+06
1.36007e+06
1.36526e+06
1.35085e+06
1.36907e+06
1.12133e+06
1.31179e+06
1.31741e+06
1.34456e+06
1.356e+06
1.35587e+06
1.36901e+06
1.37259e+06
1.34766e+06
1.13247e+06
1.37228e+06
1.08613e+06
1.34433e+06
1.17536e+06
1.31775e+06
1.37182e+06
1.22621e+06
1.34073e+06
1.25484e+06
1.04444e+06
1.34071e+06
1.37333e+06
1.36011e+06
1.26941e+06
1.30522e+06
1.17698e+06
1.3652e+06
1.26978e+06
1.36671e+06
1.27859e+06
1.28689e+06
1.35314e+06
1.37006e+06
1.15122e+06
1.36655e+06
1.32289e+06
1.37e+06
1.29815e+06
1.33706e+06
1.35322e+06
1.15035e+06
1.32808e+06
1.36788e+06
1.36788e+06
893972
895052
1.27839e+06
1.30532e+06
1.328e+06
1.33702e+06
1.36369e+06
1.33282e+06
1.24436e+06
1.36379e+06
1.24366e+06
9382.85
8224.98
6954.98
6285.83
25240.3
10810.5
4553.43
1.33275e+06
6065.91
51669.5
5219.18
3964.01
7503.8
3950.26
9953.95
6439.7
1.32304e+06
10907.2
862803
5157.92
9871.37
10435.8
31892.8
4365.82
10973.6
4008.56
4253.2
26054.7
5366.16
11680.7
393.072
7305.1
4244.58
23634.1
5883.75
3946.76
9634.23
8905.62
1.3625e+06
8691.01
1.34671e+06
4142.22
5823.13
770.878
3845.87
1.375e+06
4348.47
12013.2
4605
9388.51
3920.17
3999.71
1.29475e+06
13267.8
10856.3
1.29832e+06
53591.2
4282.39
12912.2
13689
4018.25
3742.73
5874.25
13510.8
5081.6
468.038
880703
10205.4
1.24262e+06
20933.6
4438.95
3988.41
4899.81
14374.7
4883.69
9068.26
535.797
7495.13
3793.94
6520.97
54928.3
6049.43
4109.37
4029.98
48920.5
5816.44
5388.61
6112.9
3972.26
6097.83
3480.53
7418.25
33753.6
1.22237e+06
4798.54
10205.1
10696.7
4658.93
4159.39
2930.04
6123.63
3844.14
6281.14
4797.09
4272.77
11335.1
5269.64
5338.6
5711.54
10642.5
5768.21
4483.57
10383.5
10313.7
1926.7
258198
11326.4
5936.36
4576.58
3763.74
4906.37
8320.96
5220.28
10415.6
4649.13
5748.26
3311.15
22626.2
10399.9
6395.72
2887.44
3528.69
3774.77
4239
4202.74
4948.77
3927.36
3544.91
6237.61
3997.51
9922.07
8422.08
6403.96
4101.61
58291.8
4695.76
8582.83
4343.39
4807.58
43242.4
7978.87
7660.87
5210.12
6173.25
4655.66
6069.46
34476
3546.68
5029.08
4250.7
10553.8
4934.52
9888.83
3536.15
1.01492e+06
7616.01
5639.88
4662.19
20572.8
309.917
4021.68
24881.9
5955.34
5576.02
3526.94
4111.92
5246.47
3242.21
4983.59
974917
1.05046e+06
30585.5
1.25452e+06
7692.37
4831.75
8759.46
4666.05
9403.9
3514.38
5027.06
4743.59
8478.1
1514.64
7922.07
8479.51
9046.55
1.15705e+06
4697.68
1967.07
1.29247e+06
3760.3
3785.92
3189.15
6286.35
1.37445e+06
3698.54
4858.26
7664.88
4409.14
4025.06
879267
5621.97
3501.74
5502.85
18251.1
4966.23
24230.5
4038.84
5208.01
3568.89
2921.39
4563.33
18535.8
4152.31
1.28766e+06
16748.2
8075.74
1.37396e+06
31228.7
5836.94
27541.1
29762.1
6227.96
3878.33
4165
1.15165e+06
7501.72
5333.22
3323.82
4051.9
7811.65
1945.61
3967.39
4440
886.222
4014.75
1.32818e+06
4223.07
4039.09
9020.72
7319.65
1.37131e+06
1.3733e+06
5382.65
8912.96
20942.4
4036.53
4868.13
3838.07
3951.48
3346.55
4187.14
10386
1.15571e+06
23067.7
8383.9
160406
4355.2
6118.22
5101.63
7350.56
8791.93
3950.38
223.07
909013
3549.8
11957.3
12983.7
4972.16
2741.25
1.37308e+06
6007.43
1068.35
5254.92
44505.4
4665.95
40478.6
1.15501e+06
3787.09
552.37
5362.94
50818
26557.2
7275.1
1.23579e+06
1.09506e+06
3551.96
4132.38
9006.69
21546.2
745903
3851.61
5994.55
5488.6
1.26762e+06
4077.82
2036.65
6761.53
1.05391e+06
4887.03
1.19403e+06
4668.38
5057.16
5972.95
6831.92
743.612
1045.01
5943.64
3727.42
3479.44
7417
3913.43
27322.5
5306.84
13444.9
13752.4
5745.25
3982.46
4108.88
542.255
5086.04
1.37544e+06
1.18041e+06
3985.84
52734.3
6593.47
5351.93
11963.4
5910.39
5625.62
5430.93
3924.59
1.09423e+06
1.1812e+06
1.03476e+06
3404.56
4090.58
5724.99
2133.11
3789.71
38416.5
6520.59
559899
4126.88
190395
5225.79
1.29414e+06
314.617
6215.54
3912.03
1226.76
3824.56
7016.15
3570.17
45915.6
3317.52
3618.75
6472
4206.66
852412
3979.67
3266.15
3307.31
1039.25
5235.27
4376.88
321.485
10383.9
2296.71
4270.95
5994.58
4009.49
4688.37
5523.65
55441
4294.65
3464.06
5604.82
753.654
4794.44
9118.88
3629.36
4479.59
1.23808e+06
4511.82
784.674
2821.93
478.346
3882.07
255.125
18348
5428.23
18242.2
20929.7
6468.56
3975.76
14154.7
10823.1
5742.32
9800.26
7053.13
5516.98
312.145
152902
4857.07
4137.81
4561.97
1.2285e+06
3729.9
4288.1
12177
6056.01
6191.43
3742.56
6338.13
4407.67
1.1543e+06
3963.89
5488.46
449.844
4171.04
11515.8
3816.25
12993.9
8063.86
4041.79
6419.49
4377.55
5662.78
5824.07
1.22006e+06
11789.1
5525.83
5876.69
5323.46
5461.47
1.20159e+06
316029
5676.73
9864.82
3930.8
4704.78
4349.64
17911.6
18759.2
1.37446e+06
10468.8
13229.6
6233.81
13686.7
6471.33
6513.58
3798.46
4616.38
49235.9
6096.8
5416.95
7951.48
5423.09
27473.8
5983.18
10306.7
41501.8
12126.8
3850.37
499.6
4796.28
6074.16
6753.7
924535
24403.8
1110.61
3488.23
5433.79
3591.96
1.24697e+06
4137.17
1.37391e+06
3860.47
5410.53
5331.47
23075
3945.62
30005.9
4194.16
5885.49
4073.68
8738.09
22817.7
9186.16
6085.32
6343.18
4950.49
12796.2
3486.39
3549.1
6125.93
6311.68
4999.18
5209.43
46278.7
3530.11
6080.03
4689.51
6201.89
5682.05
4368.98
6898.48
6101.62
33516.3
4282.01
1.05946e+06
1.36446e+06
4493.76
6266.24
5073.62
4633.26
4290.41
4278.46
47674.9
3362.58
6546.98
5234.52
4882.78
5760.05
3650.86
5973.79
10746.2
468.252
24932.4
4093.44
3548.33
4864.58
10093.8
1.25356e+06
581.239
6378.03
903759
1.36815e+06
3622.22
43402.5
5826.75
3547.68
3656.37
6317.19
3971.14
3185.96
13761.7
3536.37
5908.21
4470.89
5871.74
1.37483e+06
15497.4
3345.53
4030.08
3909.74
3526.62
374.854
3477.98
4985.06
8485.09
16086.2
6578.25
649.117
3704.13
5650.24
34548.1
5700.13
4009.22
4929.55
4572.57
3792.28
3153.23
15277.2
5452.83
3513.96
6214.98
1514.36
4273.84
3498.07
4980.87
14881.8
4869.87
914190
4607.85
12736.1
3222.52
3207.23
3586.25
5520.92
5319.17
5644.9
4613.18
3965.63
42620
49157.2
46774.7
3853.18
8370.09
3833.48
21854.5
5301.09
5483.91
4200.12
21100
3925.59
1.37538e+06
11402.7
3023.06
3567.63
5083.89
3954.92
4047.41
4527.43
3042.67
4148.99
1.0492e+06
24498.1
2044.43
3057.35
5272.36
4946.04
8889.71
4228.84
4849.23
3078.06
4725.71
5495.18
5683.06
10067.2
1.37313e+06
4395.36
5132.59
3900.06
854087
3225.88
3716.32
979292
4029.87
6383.96
1.06587e+06
5185.73
5740.13
3693.98
4719.98
5006.31
4891.28
4527.39
1103.08
12791
5387.39
6567.14
21952.4
8215.41
6473.29
15341.8
5855.85
3037.01
5416.75
4488.25
4472.92
4881.14
4692.34
5140.66
8543.21
3501.15
9241.38
3865.13
462.054
2670.52
11750.1
6130.48
4578.91
1.35597e+06
4222.21
4432.52
12416.2
4970.74
4895.5
524.657
3726.84
5135.16
1.37537e+06
683.315
3781.96
6092.43
18496.2
3851.12
12037.3
4259.83
5980.95
5974.86
1.14236e+06
726.393
551.545
465.835
4392.85
4400.98
4458.03
5137.22
4399.53
6372.85
6973.58
4744.39
7383.94
4265.59
16844.7
26778.3
770.95
7043.09
4350.33
37263
1.19519e+06
17030.3
3749.17
5025.82
323.165
4949.23
5052.19
5581.85
52049.6
10597
3712.89
19727.2
3878.36
2210.73
6154.81
4192.09
9967.97
411.116
4995.73
11210
3844.52
12592.7
6393.19
1.37267e+06
5979.81
7134.54
25239.2
4799.46
1856.42
15852.8
5968.9
59177
4198.76
3772.99
4657.46
5937.79
4963.87
135235
5125.27
414.217
4954.48
1111.91
1.19103e+06
468.32
3647.05
1722.59
22200.7
5681.44
6981.68
4205.61
4046.83
3865.96
37677.8
11137
3827.04
11096.5
17373.3
9516.7
3530.92
10322.3
5389.98
3421.8
2354.68
4025.52
3483.14
5365.28
10904.6
5820.41
5280.19
3916.23
3795.69
5584.97
3482.08
34598.4
1.20387e+06
3522.43
3548.61
4298.23
6110.33
4373.3
4066.31
1.37542e+06
3618.71
9381.31
15417.6
3456.58
3854.85
1.14954e+06
2970.75
4222.83
18209.1
808.102
4142.08
1.36255e+06
1822.55
4537.43
950987
815777
35324.7
16294.2
6446.83
23554.3
7683.9
381.932
11307
5523.76
3839.15
3248.18
767226
8613.64
4336.86
4634.32
5533.41
5027.94
5854.18
5897.2
3992.67
3632.56
35314
17429.7
3836.85
3216.29
8206.91
5017.04
3388.6
6144.4
3813.61
5489.83
4970.97
1.16173e+06
8406.1
10904.1
5164.26
16884.4
2007.36
4910.98
5444.82
4508.71
5307.4
5773.4
4108.54
16658.9
15963.2
470.834
1.2073e+06
1.19163e+06
3911.03
3341.36
5619.68
11027.8
1.18872e+06
4225.6
464.846
3994.26
4361.45
4011.28
25927.4
3603.68
6776.74
4931.56
3921.52
4889.99
20050.2
4203.15
6754.32
5836.59
4418.33
5268.17
3656.96
4113.12
6332.89
5583.76
1.2192e+06
44600.4
1346.13
1289.02
6592.88
4537.19
4368.79
3424.06
3904.58
5556.05
3842.41
3968.55
3513.34
9868.49
4764.05
13597.8
5831.02
3986.14
5423.4
5657.83
10805.7
1.2269e+06
8050.43
4692.18
3293.95
4004.64
4080.48
4739.58
3732.13
4137.96
5600.78
5994.15
1235.86
4383.32
35859.5
6026.89
6533.15
4035.59
1.29423e+06
3557.07
4408.8
19528.1
22316.2
2824.86
4918.68
5245.33
5019.79
17742.1
7602.85
21584.6
5620.52
5379.42
4000.27
3365.82
3265.02
3393.82
3482.01
558.296
3336.25
13496.6
585.555
5840.22
3045.73
16570.9
5760.06
4016.58
10312.5
3074.59
2868.52
1.23711e+06
3838.32
3628.28
4458.88
5195.23
4425.85
17368.4
1.37572e+06
3379.27
371.189
1.35571e+06
5128.56
3028.66
1318.07
3301.11
2969.35
3027.75
2140.41
5285.68
3728.98
3669.27
12710.3
3558.1
5001.64
3023.87
3043.13
5066.51
20907.5
3269.07
3101.94
3908.31
1.37167e+06
1.29214e+06
50796
5737.74
3377.44
1.01314e+06
5061.37
5229.53
4748.83
3079.05
1.36256e+06
3326.1
3783.57
1725.32
3381.11
3580.75
5118.3
5392.44
1977.16
2981.72
1.14737e+06
3252.09
1962.55
4025.81
54634.5
4887.25
3349.23
7394.88
4859.4
4252.74
5587.82
4939.89
4633.23
431.573
4763.45
2303.65
6806.87
3691.48
789.637
4521.67
3655.28
4823.06
3162.37
3858.34
3165.97
3302.18
9148.4
2352.01
3040.27
5385.86
4474.56
5175.87
4537.44
4975.92
3203.45
4430.81
4237.31
358.121
4000.84
4138.16
4905.68
22630.7
7688.85
29624.1
958.66
4730.17
1633.81
8315.8
15393.8
4844.16
4813.87
4018.81
9156.46
4306.34
33903.3
3508.69
5765.89
9816.72
5043.15
3015.08
1.11063e+06
9946.61
749.774
2988.72
4216.76
4426.43
10329.5
36120.7
3189.75
4194.8
6714.01
2796.75
3436.74
43892.7
29901.4
2603.21
4349.57
3070.01
30920.3
52668.2
5258.6
6474.02
2979.15
3204.22
59509.8
4653.47
4401.11
1237.72
29497.8
4077.62
3944.44
3433.71
3820.1
6367.66
3130.12
8186.6
8262.23
4073.66
3077.68
6180.19
4250.22
10581.3
4040.33
4311.19
4152.99
4090.39
4380.57
297538
6173.68
8602.16
5772.13
28018.4
19810.4
3836.95
566.002
325.012
4094.25
17960.6
7436.49
4941.56
22.2287
1941.42
5368.46
3787.48
4508.67
1.3331e+06
1910.87
46332.1
71477.7
394.007
3750.33
5637.08
3882.79
13356.4
6259.32
5817.58
836.956
3302.45
3647.81
5920.68
11599.4
8649.32
4992.7
11610.1
17721.2
2476.16
7260.1
1.23202e+06
4726.99
1228.14
532909
2743.54
5763.94
1581.61
5047.57
1.26566e+06
15978.2
7319.21
4238.9
6550.93
15823.1
5119.8
4112.07
464.864
17389.9
35268.5
5799.37
24173
4411.25
423.992
52130.1
7237.61
5647.12
4111.62
26854.9
27584.9
5948.19
587793
21621.5
7732.86
6398.87
2192.01
2950.72
3359.51
1.34792e+06
4041.96
168.667
1.3555e+06
8270.58
25002.6
2884.64
1.37144e+06
3020.11
748133
5718.84
3663.59
4537.11
4137.97
619749
729338
740.804
371.902
3524.16
2989.89
5625.5
1065.64
1179.6
8060.2
5158.55
60441.2
31926.3
4446.63
6763.77
50290.7
3666.18
12731.4
2231.18
1.18224e+06
3369.36
8641
4319.57
5867.81
1297.66
1.36218e+06
3108.57
322.088
6515.52
3478
3228.02
4404.37
2160.07
14901.3
5417.31
1.25355e+06
2237.72
6404.01
19105.5
4238.58
9092.05
5102.25
1.24724e+06
6338
11061.1
963773
1.10527e+06
5335.19
3826.28
778905
4660.63
9861.01
10851.1
40949.2
709165
207.896
16264.9
19980.7
5995.9
5543.38
57624
22896.2
3938.24
19013.3
1571.87
16696.1
6635.92
19068.1
1.19303e+06
2754.53
27065.1
3439.17
5012.89
4086.92
920560
1.36989e+06
68600.2
1.37603e+06
13864.9
6194.14
32122.5
8154.87
11005.3
3896.46
13076.3
3977.74
31211
2901.08
618.299
22230.2
18771
6263.31
202.817
4489.89
5930.41
25571.5
3529.97
1.37007e+06
25493.4
5971.3
8024.78
19132.5
1.18429e+06
1.00121e+06
8665.92
6064.5
1.31992e+06
16829.7
5129.75
4895.45
15437.3
6961.95
11164.3
24331.1
1.04899e+06
11888.5
906116
12196.6
4176.29
42161.3
7728.99
4523.93
4072.79
3312.92
4893.49
2944.89
5049.64
4671.18
11219.2
1.36823e+06
875792
11194
68330.1
269.29
18891.3
4136.12
4068.92
3910.54
5603.76
383.535
3570.27
651.051
351.189
4875.05
5210.66
1749.74
6743.2
6588.13
6527.06
4937.16
4360.37
11075.3
5353.8
19246.9
2407.64
19950
4433.19
1.22073e+06
1.32268e+06
6775.33
24030.5
3637.76
4771.08
5145.06
415.497
4306.73
4768.95
4347.54
8831.71
3791.75
19327
6175.15
6632.76
3609.45
6381.12
6222.28
61587.2
4016.56
4812.74
27842.5
5264.51
249.123
15875.2
468.778
3035.63
3904.45
4811.25
4025.89
4007.08
16790.3
2617.73
6045.44
898207
17977.7
13016.4
1.27997e+06
4103.98
21740.9
5894.87
1.36982e+06
3384.06
4666.68
1.3152e+06
321.872
283.08
6185.47
7840.77
704.552
14976.9
5954.57
6740.46
4376.11
12072
4336.18
921802
3912.55
4571.53
7712.67
9386.03
5023.34
1.35532e+06
4124.28
9170.73
3592.24
6451.43
11169.3
5169.59
7373.69
3792.19
4330.06
9918.82
988080
1.35977e+06
4155.5
34538.6
965805
979881
4179.13
3480.1
7263.56
28341.1
4129.34
1.36265e+06
4706.43
3378.73
29325.1
1.35936e+06
11047.8
4280.27
1.30135e+06
12815.6
1.32509e+06
8778.66
8495.88
1194.86
674.89
8325.54
4559.22
19958.2
129957
12264.2
4481.08
3989.93
1645.7
5808.22
7932.57
4280.14
1.03125e+06
10566.9
12884.3
24276.4
40439.7
4091.7
10821.6
5820.08
6359.55
11955.7
418985
19748.5
8500.37
14439.7
16658
996483
4073.46
16119
9871.09
64144.4
3013.29
5224.5
4607.84
549090
1.31106e+06
1.35582e+06
162326
6501.73
19044.4
502.931
69048.9
513.77
1.18735e+06
4546.07
429.723
4902.49
2907.05
17484.5
5752.22
1554.69
41459.3
4445.21
4897.5
1.25494e+06
8405.75
1735.66
20736.5
2958.22
1.24925e+06
1.36608e+06
1.33481e+06
1.33893e+06
1.35909e+06
1.34604e+06
1.31442e+06
1.36446e+06
1.3019e+06
1.29469e+06
1.32053e+06
1.35693e+06
1.33031e+06
1.35229e+06
1.3696e+06
1.34269e+06
1.14122e+06
1.34909e+06
1.1843e+06
1.37059e+06
1.02798e+06
2882.08
13384.1
4072.63
5705.36
28093.5
1.29539e+06
8333.37
2938.95
3802.58
4210.1
4853.28
5808.48
37268.3
12865.2
1.29786e+06
17518.8
3292.46
4509.79
8706.67
8560.48
4430.13
5710.25
2756.63
1.37136e+06
21598.9
1.22552e+06
13281.7
11311.1
3939.33
5031.4
4134.28
2949.62
5396.07
4292.01
7507.03
3177.54
3870.68
18018.7
1824.25
1.37657e+06
958237
7935.29
4725.91
1.37262e+06
3683.92
57548.3
1.37013e+06
556.881
7532.06
16501.7
4324.82
3990.22
5832.2
5881.28
15017
4284.9
5552.91
3573.48
4665.72
14201
8595.14
3699.28
8921.63
4145.2
4028.62
895073
1.29123e+06
7783.05
4481.87
7602.39
4690.9
4125.05
2806.36
4554.92
4169.32
1.37463e+06
1.36853e+06
1.33823e+06
16253.2
3787.81
3651.46
6475.93
8195.76
50060.7
4190.13
67062.2
2370.99
3859.6
4122.1
1500.5
1361.75
6197.69
8235.09
3636.97
195629
4161.84
4174.77
67143.6
3693.41
18145.9
1.24114e+06
1047.09
4639.4
6086.91
719.633
5659.35
15609.1
6025.13
4779.15
4649.68
14783.4
17780.8
22128.6
3873.28
4837.97
14323.3
12340.2
1.37784e+06
421.456
8251.41
5538.09
4479.15
52780.1
5100.14
6568.96
3946.24
906050
23423.6
15079.5
4538.3
1.07194e+06
1.37459e+06
1.21381e+06
869448
3691.57
7355.5
1.37459e+06
5160.93
3628.95
5015.51
6888.34
1.36123e+06
43066.4
9431.6
12348.7
1.37369e+06
924239
11424.3
49057.4
5029.81
4034.27
2463
4695.66
11685.5
7106.8
16616.3
1257.42
20984.6
31761.8
4011.18
192860
4017.93
2973.17
4287.59
15308.2
4393.63
3841.15
15265.7
7645.6
1.20062e+06
10423.1
6181.86
1090.32
5702.99
7105.41
18230.9
3937.81
5252.1
4613.79
7714.85
2987.47
22758.8
16775.7
5964.02
3799.74
1.20094e+06
1.33333e+06
17962.9
28222.6
27362.9
5548.39
5757.79
12871
11571.2
21091.4
2508.84
6916.53
38083.8
7466.43
5095.72
1.29948e+06
66153
930318
5971.38
1838.48
6366.54
6184.76
12288.9
11894.3
5486.83
33994.3
10530.2
5533.38
6386.78
6140.54
1019.89
3727.12
4249.74
9912.82
5520.04
8493.46
422.132
5291.06
1.37356e+06
60723.6
3911.39
5112.1
7580.97
3851.73
8553.18
115424
5088.74
3489.16
6404.68
4580.17
997771
4918.77
5920.76
4232.01
3606.66
3917.8
1.34375e+06
5954.83
289.852
18525.5
39091.5
5299.6
6718.35
5209.1
3844.96
3923.23
3807.09
4057.86
3455.46
5063.75
5611.74
4909.99
2945.11
789.325
10228.1
3764.25
5087.96
5364.11
3727.48
4162.27
11884.8
1.37262e+06
1.17107e+06
16724.3
4248.91
16408.7
5418.24
7434.03
34144.2
3907.83
25183.3
5122.02
6233.39
3346.01
11220.5
8110.6
3861.78
4270.72
40423.9
4579.14
4942.49
15236.7
12832.6
5596.85
9568.78
4126.33
6506.61
25682.4
6123.41
28694.7
5240.81
5335.64
5018.69
6751.74
310.923
6861.46
4206.28
16780.7
6339.64
26030.8
1.3586e+06
6811.84
3530.8
4190.85
10294
4214.36
3357.01
5209.86
3624.51
3423.64
59578.9
819.993
5047.41
4126.75
4183.22
8407.08
6142.78
6329.62
3950.44
4256.64
24210.1
3740.68
3728.88
9948.3
4225.91
373.542
1.12197e+06
7994.65
3993.89
4076.73
5266.82
5257.16
4986.18
3471.28
8329.82
5808.26
3956.95
16113.8
6094.91
5099.95
10456.1
3811.44
6002.84
17955
5502.23
8606.6
4542.1
13297.3
5626.24
3230.92
48347.5
4581.96
3891.72
4740.78
5238.02
3221.7
4450.7
8050.82
9828.31
20646.4
29500.4
6550.97
4052.68
3461.33
2935.28
4214.52
2972.24
960984
11787.3
3315.4
58315.4
47705.9
2442.95
29780.5
1528.29
3041.46
4706.65
15559.1
3846.85
6437.32
26098.6
4951.54
4136.55
12422.4
5877.2
3622.65
886499
5722.29
5015.12
12822.7
3460.35
18960.3
5601.5
4568.61
34708.7
9576.33
5776.38
6531.1
4015.7
4047.3
1.37367e+06
3932.22
7775.09
9011.91
1.35896e+06
5253.38
5267.34
3829.08
5984.52
19050.6
1.19854e+06
3589.18
5502.86
9081.9
25992.1
2747.94
1.37423e+06
58531.4
42862.7
4376.14
5145.64
5173.83
89323.4
972006
1.3733e+06
24138.1
5507.71
4847.06
5848.15
7521.88
3456.59
5006.22
2577.65
5099.88
10954.2
4288.01
1224.79
13441.6
61984.2
3668.21
5122.93
4364.09
8870.87
4905.81
3051.43
15148.6
3577.23
2889.54
5427.52
38531.1
7527.77
14245.6
2727.18
681.702
3065.21
3278.4
4876.42
4122.59
6166.13
4002.11
3159.06
4576.31
7781.79
4861.39
62814.7
3388.41
5581.5
1.16033e+06
1.27891e+06
18046.2
1.3726e+06
4920.43
1.37338e+06
4908.3
2225.38
5391.6
4305.9
4799.09
5387.93
4294.92
7251.65
6594.59
5096.46
1821.02
5845.84
3930.63
5268.77
3404.29
56.0725
3433.22
16109.6
259805
46475.1
16482.7
6574.26
5256.55
3191
3405.91
4181.65
4443.7
6470.67
5473.69
5627.01
1.25684e+06
3897.19
1.19801e+06
5266.28
14691.6
4177.28
3025.72
293.879
3844.91
1.34843e+06
4518.64
10114.2
2940.62
21532.5
8941.34
1789.56
3723.99
3808.41
5224.37
2845.46
5860.32
6742.39
2870.69
10454.5
10142.8
3587.33
28389.7
458.564
4445.01
10709.4
6668.33
60355.5
5347.98
401.428
3485.21
481.601
4502.98
3767.36
12310.2
3506.67
5834.5
4124.3
4115.37
25982
28954.1
4321.28
22567.9
1.36389e+06
427.71
3822.46
11962
3610.2
4178.96
3448.33
5098.14
1474.03
1.37347e+06
6348.66
20347.7
3286.88
3187.23
4347.73
3581.99
3926.73
3356.89
5352.29
4007.66
5007.84
3253.13
3468.53
326.438
6483.58
4674.85
2922.64
4219.39
908524
3963.25
3778.24
23135.4
4219.11
5954.66
1.27605e+06
3471.5
4811.04
6956.87
3982.93
55487
3590.89
1.2923e+06
5178.83
679.695
3319.58
28362.4
4132.13
971938
10641.9
1.03108e+06
4280.23
5832.46
65704.7
4829.2
4987.96
4643.46
4363.8
21755.6
5314.48
6737.17
10496.7
4767.31
1.08445e+06
7268.09
6767.81
3474.35
4109
694.784
4535.21
4893.78
5288.16
1610.52
5435.71
1192.87
4383.57
4018.34
438.418
10768.2
4121.95
9101.77
360.187
4740.8
3769.27
4326.64
9287.92
4639.27
4853.07
5521.06
3388.93
32877.8
4885.34
1.07546e+06
14774.8
5313.68
5709.99
25236.9
9281.07
5940.1
1.32961e+06
1985.86
3256.86
18231.1
3430.26
6453.62
33012.4
52475.4
4616.52
11035.1
16601.4
5704.14
4564.72
84617.9
2302.59
8470.66
3373.73
8632.72
4332.93
400.571
4958.84
1.02029e+06
5818.89
966095
1.21212e+06
4959.17
5466.8
25787.3
4349.56
1.36513e+06
16757
3237.79
5009.15
1.14056e+06
22330.6
1.05506e+06
4525.43
1.3302e+06
5913.81
5227.74
6115.46
16442.4
483.31
6814.82
5876.58
4286.77
7668.31
1.37477e+06
4462.48
1.36575e+06
1.35648e+06
1.35856e+06
1.34592e+06
1.33857e+06
1.31472e+06
1.25039e+06
1.33435e+06
1.34872e+06
1.19063e+06
1.34254e+06
1.29506e+06
1.32084e+06
1.3521e+06
1.37031e+06
1.36921e+06
1.36401e+06
1.30209e+06
1.14083e+06
1.33036e+06
6197.32
7570.11
1.37465e+06
15769
3934.83
6227.94
86392
4634.98
4434.56
3834.06
3660.38
5407.68
58745
16334.8
10468.4
5713.42
5195.91
1.31115e+06
6088.13
4610.63
10439.6
1.37515e+06
6421.35
3911.64
10569.4
3808.46
7609.7
4889.82
4078.29
4180.28
5146.9
341.45
18644.5
2869.09
4809.4
379.419
5891.9
9375.84
1.31133e+06
5560.5
6259.91
1.05519e+06
466.743
6947.72
8148.67
5412.71
1.29596e+06
602.092
3238.65
1.37349e+06
13248.2
6568
3311.07
4019.18
5004.72
5843.26
1195.18
2687.65
4553.9
4849.26
3864.52
19759.1
4645.67
4309.49
7057.06
4436.35
3661.34
74115.7
5673.47
5711.09
414.551
4408.02
3520.07
4776.61
4509.01
407.834
4035.3
6987.01
3434.58
7211.99
746.178
5258.11
963492
1.21249e+06
3431.81
4928.43
2611.5
1.35885e+06
3495.06
4924.09
3862.53
4620.56
2924.44
3609
4227.29
4421.85
4488.93
6973.86
22552.6
7790.4
4090.58
6841.18
3158.14
7921.05
1.26014e+06
6216.34
4606.16
5827.43
4203.22
3747.64
3065.03
21.9504
24.16
2777.65
4020.79
18120.2
3366.32
556867
7922.04
4893.38
4371.09
7816.82
5771.87
3956.73
4294.15
3792.54
12245.8
5837.69
3624.53
2785.81
8023.96
7791.87
4000.77
5539.98
1506.19
2726.9
9055.92
986191
1.36487e+06
1.33728e+06
1.24499e+06
1.33296e+06
1.35786e+06
1.32801e+06
1.34419e+06
1.31192e+06
1.31799e+06
1.29157e+06
1.36341e+06
1.36875e+06
1.2988e+06
1.35557e+06
1.34058e+06
1.34732e+06
1.35053e+06
1.13479e+06
1.17616e+06
1.36965e+06
7785.91
2823.64
7653.81
5803.11
3314.68
5829.21
912291
5651.79
4286.62
3422.18
4227.35
4291.33
4578.62
1.32409e+06
5190.95
4332.22
701.001
3446.01
5816.99
6587.1
6753.4
16244.7
479.354
5057.2
1.33564e+06
3069.33
1.33173e+06
7610.12
5051.86
3881.14
1.37063e+06
486.973
2565.59
3214.23
5543.83
6383.36
4214.2
2697.79
5195.19
4896.88
3245.18
3198.32
1.04465e+06
5770.4
588274
1.34805e+06
2663.7
2890.22
1.27884e+06
1.37186e+06
5668.64
8316.45
4755.9
8492.47
365.022
3520.1
1.36139e+06
1.2445e+06
4713.05
1.30343e+06
1.25747e+06
365.085
5740.9
4006.52
8700.75
4522.4
2295.98
6945.07
21291.7
3717.78
7265.19
4090.62
403.446
2233.86
1.35676e+06
6955.76
495.597
4563.68
6765.2
2438.47
4111.81
3477.7
1.29652e+06
5953.63
29815.2
4317.68
16145.9
555.675
21125.7
11851.8
4422.03
9262.78
4539.45
1.25509e+06
1.25293e+06
3957.71
5838.1
3623.44
62549.7
9760.13
5213.24
3791.07
5417.3
1.03172e+06
3466.38
1241.31
470.571
6040.42
3012.62
5684.18
5119.02
5270.26
6182.76
883147
4646.08
4111.68
4307.06
1.34879e+06
3427.48
4231.14
31342.3
4612
5493.76
24884.7
64641.7
5217.92
3503.41
4572.57
44497.3
5057.18
55058.8
4555.19
1.373e+06
3246.42
3980.53
11047.8
1.36441e+06
4957.78
5139.68
4894.16
3934.72
3794.4
1.35645e+06
4720.72
75718.6
448950
4199.16
5410.14
703386
5363.33
539955
421.767
3376.92
4635.81
4985.2
14574.8
62217.3
5985.66
1.25243e+06
4740.18
3521.38
4418.62
845096
5555.94
5057.73
16971.2
1.11075e+06
6059.27
6993.2
4362.04
1.04316e+06
1.37351e+06
4579.02
36557.8
948581
1130.07
9608.43
4435.3
1.23926e+06
4301.76
55167.1
3910.73
1.29453e+06
18657.1
25772.1
3608.71
366.212
5452.28
1.11737e+06
1.37034e+06
366.686
5764.38
533.533
4610.17
4513.38
411.505
546.255
4306.41
4411.04
4421.27
2333.73
1.35809e+06
1.04833e+06
314.97
5320.16
2708.6
1.06129e+06
1.37525e+06
52397.7
413.166
7800.4
5275.84
687.009
894221
1.04549e+06
1.3712e+06
1019.72
1.32861e+06
1.3506e+06
1.37328e+06
8331.65
532316
3472.16
3213.17
3387.39
4965.94
3972.8
134820
3996.69
17609.4
27492.2
4761.37
1.07701e+06
1062.31
694.793
301.476
5032.07
1.27942e+06
4184.46
4205.1
14024.6
6229.21
2987.87
1.33047e+06
1.25204e+06
4259.86
10656.8
332.249
1098.51
4469.92
13613.6
5745.32
4891.26
1.36726e+06
1781.13
41643.7
1.15995e+06
4076.4
1176.64
1.11264e+06
1188.89
256.357
7623.95
1.28529e+06
5054.01
11175.8
4520.04
2896.14
1.36236e+06
485471
287.843
4036
6178
1.37444e+06
1067.38
6029.07
8341.06
4334.44
6944.57
1.31163e+06
6181.16
18342.8
1.36457e+06
1.2963e+06
5715.14
20051.1
323.627
18447.6
4910.1
1293.36
4190.41
2542.94
3229.11
1267.54
39246
11726
4684.34
4293.81
4600.41
9892.54
2879.65
2749.59
480.015
313.645
1791.31
1.33908e+06
9912.26
1.28033e+06
3419.44
1342.14
1.06997e+06
2714.6
3924.48
8281.76
4203.05
86862.8
2943.3
1.27904e+06
4419.41
5894.53
1802.08
1.14063e+06
7089.2
1.19425e+06
306.107
29429.6
1.33912e+06
1.36057e+06
588.06
1.22947e+06
11105.8
3656
4106.73
4927.57
3001.92
20470.6
5038.93
3543.43
29837
1284.77
5303.24
521.596
2900.69
4647.74
3070.31
10994.7
446.214
2769.26
407.278
6442.56
7144.72
7910.49
5029.78
267.792
1.36424e+06
1.15903e+06
319.493
6843.79
4678.32
30286.3
1.04663e+06
6824.33
9633.54
1.35676e+06
2633.19
3614.26
5605.21
3729.08
3769.16
10021.5
1.14075e+06
1.07023e+06
4222.4
474.588
5667.77
105269
2749.74
25797.5
32860.3
1.35049e+06
16743.8
1341.59
3313.48
13058
14341.3
345.221
12868.9
4133.81
5310.48
6743.05
15177.1
1.09142e+06
567.963
357.976
16886.6
6372.97
402.224
7212.09
1.07197e+06
1.35069e+06
4083.66
6801.43
5679.71
4422.88
4740.2
11832.8
4323.69
4018.22
3039.53
10462.2
554.263
3138.15
352735
3493.75
4415.37
1.37009e+06
3912.43
521.391
3159.83
1.04985e+06
5219.76
99999.3
1.03301e+06
3588.19
1.04239e+06
4614.52
1462.92
5513.76
8628.56
1.09783e+06
2527.87
702.338
3618.27
1.34496e+06
15302.1
1230.56
10820.5
5707.71
277.101
1.17789e+06
1289.1
3003.61
603.993
5886.23
3170.15
2916.94
3992.34
6652.11
18551.4
10981.5
910297
1.2989e+06
6053.48
3904.48
10497.8
10027.1
2933.58
598.487
676.53
3501.16
3254.37
3581.27
8131.42
2703.11
30479.6
17627.7
406445
1539.99
4239.46
6209.37
6359.42
2552.02
1.35658e+06
16821.2
6124
7171.59
5129.16
5896.72
4236.62
3288.04
5274.72
5803.74
4764.23
2716.19
8941.84
1123.91
52347.5
1364.79
11009.2
379.556
1.26091e+06
685.82
1570.48
1103.13
5234.5
4322.85
1160.63
3361.55
1923.98
206.697
372.437
1.31725e+06
1191.67
693.052
1.31782e+06
4220.06
2480.39
14819.8
5702.33
11989.8
749105
33914.4
10056.4
5181.16
1.13035e+06
354.548
9115.97
491.886
10077.3
4016.01
5599.98
1.31854e+06
1.37361e+06
16308.4
6710.84
2892.23
953205
1.04688e+06
3495.69
489.016
1.0422e+06
3977.5
1.32458e+06
31975.6
3718.21
22150.1
5097.99
3713.47
5357.06
4049.4
16151.9
2931.08
2205.31
720.23
3009.68
439.582
3917.1
11155.6
1.35097e+06
4967.41
24899.4
830557
6515.86
4473.33
18808.2
6361.59
16065
1.37258e+06
4479.64
4009.74
45960.3
1.36764e+06
3201.95
1348.21
3961.17
14801.4
2617.61
1.37092e+06
20368.8
13507.6
10403
5622.34
388.306
4504.58
3343.08
3846.15
15643.8
1.17257e+06
988870
4077.55
4537.57
11406.5
1.28595e+06
15107.5
4239.69
4438.66
4234.44
9980.19
4648.47
3850.76
3776.85
413.478
5171.49
12199.5
3691.77
3687.32
8370.22
1336.47
3472.98
27924.2
561.162
3612.23
1.36737e+06
3862.96
3415.9
3637.59
1.0777e+06
3743.27
2585.46
3639.13
3757.13
3670.99
15341.4
19298.9
3427.12
2660.83
1.3739e+06
1765.98
4379.11
2725.74
3371.65
1.35899e+06
5040.82
3847.1
409.971
3679.91
5245.35
4915.29
12335.3
3071.31
12122.7
8047.96
148998
4535.1
2938.74
2985.06
4992.95
3636.9
364.754
7100.04
1.36483e+06
4538.23
1.22487e+06
3966.46
4384.98
2790.07
4373.8
3533.52
2875.92
1.00199e+06
2851.56
25696.3
3084.04
22280.4
484.44
1.16329e+06
5244.89
3986.81
4523.87
3590.06
4050.61
2928.86
32997
1.08054e+06
64422.8
20581.1
569.818
60175.3
16804.1
5140.32
3188.06
960341
1.37501e+06
580.296
14111.2
3345.75
2865.3
3461.78
6726.99
4152.36
4928.09
5434.14
4044.36
5689.89
2745.84
49603.7
4929.61
13293.3
11303.1
4389.86
5843.96
1.27789e+06
6050.42
1.02146e+06
643.186
2497.66
3695.92
4074.93
4056.83
6465.6
5836.29
5414.6
375.625
544.805
3560
5479.63
4397.89
770642
7955.83
4805.07
3928.62
4215.94
1.33921e+06
4468.98
3364.69
1.36091e+06
5349.49
1693.76
6118.3
4599.81
20909.6
3022.57
1412.6
1.36174e+06
2982.96
3615.89
12065.1
580.05
7643.15
3936.84
5579.37
555.166
4954.52
4070.65
4013.25
242744
6111.06
4571.8
3646.77
6958.34
3204.77
6407.15
3346.79
4595.09
13161.6
4377.44
4416.39
1.194e+06
5957.25
9578.78
4853.69
3948.69
247.057
1384.15
5115.57
15186.1
2839.23
6531.71
1.16898e+06
3499.9
3991.39
548.243
4673.66
5976.58
13239.5
1.35709e+06
4409.04
9720.34
3843.44
2044.91
3820.36
30637.9
1113.89
3923.94
4715.33
6346.57
5135.11
6868.82
1.37512e+06
6250.98
1152.16
2023.71
1.11936e+06
5160.61
8375.86
44447.5
1397.32
561.68
4958.19
1328.92
3522.3
5604.08
1160.93
6586.75
9559.61
3337.4
3489.38
1.16261e+06
1842.97
3980.09
21421.3
1494.44
1462
5844.58
13500
1505.52
11585.6
1.32758e+06
3245.99
4536.3
11149.1
3996.09
1.20811e+06
2519.67
2598.67
11013
1.35119e+06
1513.85
649.255
1.26256e+06
8011.38
5992.1
9020.71
5718.44
582.626
2192.13
3336.64
1.23306e+06
20556.6
15901.2
10529.4
3611.66
5785.42
3401.37
3776.48
2584.64
1574.85
4192.86
3702.95
1728.57
4144.12
904640
2862.51
4247.4
3560.3
5107.54
391.074
564.75
2558.2
6433.35
3206.59
3839.53
1894.05
3656.86
2062.1
1768.33
1437.94
1.06755e+06
1704.31
11990.3
10017.3
380.929
9165.79
1.10567e+06
3124.34
4951.94
2445.8
1.01175e+06
2674.76
4201.74
2916.24
4292.65
1572.42
20816.8
2706.85
3555.31
1.33206e+06
2909.37
1.34566e+06
4455.36
7259.5
1.36791e+06
6873.09
1643.79
10786.8
3031.01
64333.7
65319.2
5600.48
55371.4
587.71
1.05152e+06
8748.76
4123
330.018
584.339
563.564
3873.05
28067
14017.2
3789.29
3768.1
999.587
2287.08
1.28434e+06
5267.21
989591
1642.57
1715.64
2545.35
1163.66
1292.17
1246.57
8032.01
3787.55
2319.61
999932
3476.55
9939.47
7052.35
2877.47
24348.4
277.825
3340.87
3545.78
2168.57
3682.31
2823.96
10950.4
13239.7
7472.1
4569.91
3872.66
3401.09
11454.7
6165.6
4542.93
36082.3
13894.2
1586.14
1194.77
3136.62
2258.01
2515.83
3837.67
2027.3
613.797
11090.8
1455.21
3471.49
3110.52
3967.45
1350.36
250.078
3503.12
4585.56
15720.6
4259.7
2269.02
3796.51
4418.69
1.33899e+06
9433.25
284.748
6729.89
3602.2
3650.68
1.37531e+06
4662.07
1588
8825.1
7361.47
1932.79
311900
2759.14
5555.97
4305.66
6174.37
3846.53
4213.11
3762.21
12884.5
2940.04
2101.18
1.36968e+06
5367.1
7251.8
3567.44
3475.64
5903.97
4880.34
1450.18
2846.88
5305.04
635.378
12732.9
3458.01
1.28433e+06
7690.65
3213.92
5551.67
1841.42
6180.21
5779.6
589.477
1.26367e+06
4588.49
1612.38
3648.73
2740.45
3040.15
3193.91
1.37492e+06
1897.5
3473.12
396.667
26754.2
6236.25
5226.24
1406.08
585.755
6662.15
1.32873e+06
6151.95
1470.58
3122.33
1.00246e+06
3323.4
6148.15
1480.48
1.06942e+06
3450.7
5818.94
2118.29
2589.83
985575
3676.13
5781.64
1500.83
4724.78
5369.05
2397.44
6750.48
1420.18
1890.3
1590.52
5356.2
13880.2
4344.29
1468.23
4009
2433.35
2250.36
5165.7
1672.86
20956.9
4047.91
1653.52
5241.42
1651.37
3220.33
1753.12
71389.9
1769.62
3433.1
4631.41
3343.21
4629.13
3804.44
2233.13
1765.69
1880.76
3912.67
4814.03
16479
1460.51
2159.92
1.31923e+06
968217
3076.71
2191.85
4486.27
4055.62
30331.1
16964.9
108711
4207.61
1916.11
1390.55
2039.16
1.15056e+06
1038.47
1929.64
4358.68
21810.4
2022.72
3431.64
636.529
4936.22
2412.95
1430.88
1469.57
3267.79
121747
2287.76
6050.4
954542
4074.38
1831.95
1.37595e+06
2919.01
3197.99
1.32893e+06
1928.21
3470.83
5448.76
5655.94
5599.11
411817
5636.05
4165.76
3726.98
5397.56
3461.38
3806.14
7614.68
3962.58
2073.51
5158.7
5126.63
5037.02
4484.71
3330.19
2508.24
4725.9
683.507
2299.09
19733.9
8007.37
3471.53
3700.39
4959.55
2017.81
1513.64
41893.4
2133.7
2224.87
3537.89
3655.52
1.35395e+06
628.519
5310.45
43701
686056
2376.51
65051.7
1.31764e+06
4190.15
4100.25
6384.09
775.974
16281.4
18678.6
4373.93
4621.99
5265.1
5524.31
4315.13
5821
3232.62
4270.13
5236.39
1915.65
2108.53
1.225e+06
2166.12
6624.8
3642.12
2992.94
29626.4
3633.24
1877.37
1341.51
4182.55
2176.75
5797.3
3427.78
1927.35
2217.81
4433.34
1906.68
3609.81
4441.25
19610.2
3445.47
1917.39
254.036
1884.09
4047.1
623.697
768.193
1751.72
6243.36
4297.74
158706
39436.2
8240.71
5846.45
1404.75
3749.76
3378.09
4522.14
2023.15
1595.18
25268.2
5447.47
983.386
718.454
1308.49
3716.79
7710.32
1991.66
4702.98
1573.91
723.257
961789
5642.87
3858.76
731.458
718.624
4303.87
2070.4
737.559
2064.82
4808.81
6453.67
5678.1
1000.17
2154.13
5814.74
1300.1
2242.9
4655.99
2270.43
3249.19
1073.18
1114.89
1152.42
1094.92
1156.46
1183.37
809.868
803.92
1146.68
740.532
1083.98
2176.69
645.151
2330.16
5684.54
725.641
9652.91
2359.56
1191.75
3573.31
2176.14
5051.7
1175.29
2202.59
5120.37
2281.93
643.407
707.258
6427.72
4476.05
4020.27
5647.94
712.826
2385.06
723.736
628939
1322.42
1142.35
3199.73
1128.62
2284.77
3029.34
1.24188e+06
3675.48
5740.82
1806.57
638.348
854.855
4334.64
1181.63
2448.97
2321.59
2882.12
4291.01
734.446
6498.45
4618.29
8762.59
5233.67
1135.22
1198
4598.89
816.461
2052.39
2466.07
641.742
5157.89
3997.12
614.01
612.365
765.79
2392.69
1.30247e+06
1720.71
40027.3
4270.64
866.579
2281.58
5919.21
23168.2
1050.24
4194.36
1.09278e+06
1210.77
814.75
2391.63
891.382
628.562
4597.17
2571.44
2524.89
1010.79
673.707
1052.03
4015.86
1037.88
874.492
1302.3
3914.4
1042.92
2080.84
2518.82
14407.8
4076.83
880.008
981.259
4201.74
8724.36
2711.72
3014.58
28285.5
5291.44
1045.5
5056.67
2975.17
4764.99
3575.62
1195.35
4384.49
1.37586e+06
879.509
4423.73
2418.58
1047.67
786.834
4323.97
1150.6
5002.16
990.788
689.348
2671.73
2592.81
1004.06
8734.58
1.05765e+06
941.373
888.561
2616.98
20223.7
3548.49
3825.3
1.22075e+06
165.878
7776.66
2102.84
12007.4
4405.46
1202.94
12586.8
674.292
4256.56
3326.21
10000.3
1050.21
317.718
645.266
4583.89
4073.01
3608.7
248.242
2999.72
769.001
5136.41
841.273
1024.05
6123.26
4066.99
4702.43
5171.58
518.835
4070.1
947.243
3992.12
886.02
4398.53
628.535
3513.72
4898.35
2937.37
10468.3
41899.3
5917.3
4605.64
5045.29
216200
4409.45
2440.4
11411.4
36832
136889
2765.34
2631.31
2943.18
867.629
89246.5
1071.81
1.25188e+06
842.232
4025.36
22462
3339.78
7281.06
5525.65
4863.18
3426.9
1.31757e+06
6760.76
997.984
1085.66
966.202
5129.41
5130.95
717.707
1222.43
4763.45
4769.16
3582.02
1352.36
791.169
5413.86
5431.76
17311.6
5011.63
3618.59
441.612
3921.48
6573.44
5324.2
5338.51
866.243
4822.36
5283.22
6255.78
4946.22
5155.43
5005.32
877.166
1079.86
5454.71
631.892
6818.6
5652.55
4377.65
4890.95
4766.09
1.28864e+06
5646.82
4375.95
939.249
1123.24
5443.19
6493.21
5745
9544.82
3801.53
1.01816e+06
5057.59
5074.56
4770.96
3966.25
4567.38
16506.4
4598.43
3610.9
3602.14
959.872
3812.29
1127.99
2593.49
1.05926e+06
5806.71
5314.51
1127.98
4473.97
5544.69
5950.14
931342
6356.77
1110.62
3278.12
3666.02
4400.16
2982.64
3775.35
2805.22
5658.51
2716.4
3002.54
6195.24
497844
6860.88
1170.19
624.422
7072.29
5999.25
6626.38
6663.49
3882.85
6010.42
2556.33
5157.32
26738.8
1.26816e+06
4269.76
276.368
4188.38
980.06
14081.1
4491.7
5472.81
3180.8
7235.37
3920.48
5775.25
5294.49
3359.32
3990.24
3469.78
844.221
785.876
4008.27
685.48
2296.03
1.0435e+06
6672.93
9992.27
579.014
6230.11
10524.2
2810
3518.8
9306.82
3798.01
4400.5
3467.55
4081.89
707.071
3955.46
5300.57
4679.59
11570.6
5610.44
4312.7
17312.6
1097.91
2704.4
3806.36
1.37308e+06
47834.9
3402.15
3840.71
700.641
2307.67
5105.25
4976.23
2512.41
3342.71
3015.51
1.32705e+06
3091.04
1551.15
2778.27
2810.56
18500.1
10196.5
4536.49
2839.49
28946.7
77652.6
4358.45
4030.42
6706.04
4205.75
4316.01
4432.07
17726.4
4131.55
2871.1
4828.81
2889.34
6945.82
6427.38
2342.1
11130.9
8661.81
6439.27
5848.23
797.923
1.31642e+06
2351.9
947.231
11727.4
10388.7
6146.92
7369.41
1114.62
723.236
646.509
1.26761e+06
4552.72
2621.33
984334
123877
1.04152e+06
20843.1
11182.9
4503.38
4243.94
4996.43
3029.94
3494.71
7043.2
7850.31
1158.32
718.468
4161.09
1.0406e+06
7298.06
687.89
4265.51
660.094
1.21505e+06
3218.79
17417.7
3026.45
4390.71
376.837
252.173
2902.14
2910.1
2855.82
4073.24
922751
3850.46
10670.6
2229.73
2726.05
11229.8
4149.82
3438.42
5182.51
1.23387e+06
9758.74
5404.22
1.24343e+06
10884.1
41630.1
797.021
2178.8
1080.2
9382.8
1.26369e+06
1.03876e+06
4121.9
3148.23
912.879
32260
8111.09
1.26511e+06
5803.04
9070.46
37994.6
6370.55
20093.1
2939.08
1.32637e+06
9936.23
3594.07
8251.08
8317.8
8815.08
5617.91
4086.69
8222.18
8390.38
1066.88
3262.21
3879.08
13263.8
19033
8850.24
3422.08
32069.4
3717.92
14234
1381.22
7585.72
15125.9
34110.2
6277.37
5567.16
8695.8
8388.98
10100
523.472
2976.49
974657
442.866
957.489
2955.65
11364.6
1113.86
1098.91
4244.61
1.28498e+06
8360.48
669.121
33786.2
5157.1
8178.24
719.705
8546.49
1.05316e+06
1.1738e+06
6800.54
649.374
23949
26895.7
4365.19
722.904
3179.88
1618.7
656.664
7937.51
1667.2
35710.7
246307
1.2856e+06
8748.34
796021
20651.2
10255.6
9830.94
629352
895.598
10261.2
659.187
37707.3
8174.89
9294.15
1.20142e+06
1076.16
14877.1
6036.16
686.533
18672
3585.87
3928.81
390.067
4544.45
7808.5
7670.4
2866.66
1.37313e+06
881.897
1462.26
2660.96
16971.7
655.967
1.37362e+06
47418.1
1068.65
9137.32
3321.55
4163.6
5286.21
5178.52
1169.49
10713.1
16509.8
858.87
119740
7997.12
645.291
330.994
12215.8
11904.2
4176.49
7072.94
5152.39
27157.5
4338.19
1.37338e+06
668.798
716.011
4104.78
10495.5
556.277
7137.13
25251.5
6683.37
895909
3752.12
4257
4156.29
7203.08
4116.8
5162.55
1178.4
802.224
3101.07
3664.28
646.17
1221.31
1.34389e+06
862.967
22159.1
3817
3719.51
3382.96
4067.59
27532
1748.19
9678.17
1209.93
14020.3
8610.16
4325.96
10877.6
3697.66
2092.93
19693.5
3109.8
6316.2
11487.4
3179.01
6204.38
1.00725e+06
2427.03
10039.4
479.997
7885.26
1257.31
4297.93
687.349
2096.58
3374.31
3307.77
3437
4095.52
5296.68
4580.75
7654.74
310.789
3899.2
15078
4248.99
4293.22
1.18573e+06
4337.18
4257.37
4379.56
4563.44
4464.04
4261.53
4271.69
19066
4662.46
4026.43
4004.77
4756.18
4001.84
14291.5
6202.94
3763.52
9984.95
4625.79
4778.63
696.885
3998.79
4550.45
668568
8492.3
4772.65
7999.91
4892.51
4401.15
3782.13
4506.81
31829.7
2496.27
5072.34
4878.82
3210.64
4892.27
1.34969e+06
4417.3
5128.87
3961.42
4987.09
4539.47
4718.09
734.692
5428.5
3811
3611.72
5559.25
6497.92
4889.69
3814.24
6585.39
4225.79
849.919
5296.93
323.913
3943.07
5726.24
20051.4
11921.7
4521.78
5185.59
10165.4
16285.1
1.28105e+06
3056.48
2529.92
3977.69
1.37334e+06
5105.86
5212.03
3138.74
22893.1
3061.9
8088.18
5895.33
7405.75
6006.83
5556.91
3185.19
5721.93
3185.79
5446.59
9871.14
3316.47
6683.24
6559.33
1.01496e+06
4300.84
1.18657e+06
2427.94
9236.54
5811.43
50086.5
3432.2
3389.52
2382
3570.3
3652.04
4151.17
18278.2
2377.25
529.31
1.00469e+06
7016.96
6664.94
6309.78
3931.56
3465.52
6005.57
4012.34
4822.58
9478.07
3238.16
4919.62
17082.5
1251.62
7598.06
497.812
41967.3
6218.75
3815.59
5437.5
7959.05
914927
3737.89
831.959
7572.68
1.33233e+06
6371.49
27359.1
1.25612e+06
1.10881e+06
4422.44
2707.51
378.146
6367.39
99370.5
1850.12
4086.88
4456.14
6772.19
359.867
140193
4393.86
28365.4
43592.5
14828.2
650.446
451.011
1451.31
1.0552e+06
19150.4
7036.11
9529.78
4204.95
3713.83
3241.99
11517.8
3827.79
914864
1.16196e+06
9202.53
385.844
3820.09
6892.21
4195.61
3642.02
4434.19
39992.5
3894.28
6691.38
3330.75
5483.77
4630.85
8384.09
32011
4923.12
1.35996e+06
10697.3
4444.03
288.341
3962.44
30232.2
3795.45
3846.26
26336.8
41011.1
3437.62
912.098
4379.06
5915.08
1.01024e+06
438.597
5218.81
1.37205e+06
6520.76
4074.41
3684.49
5543.24
1.36726e+06
1.15298e+06
484.419
5860.43
1.36756e+06
11970.5
6335.56
1.36706e+06
1.32489e+06
9816.23
3730.38
3554.82
5313.47
2188.45
1.36502e+06
2126.32
1.3469e+06
678.294
3427.4
13156.8
1947.62
5445.88
7266.03
5292.56
4190.68
1.36949e+06
1.34119e+06
17327.5
1.02919e+06
3792.26
3452.83
615.025
3978.19
28599.9
3591.86
1.19719e+06
18856.5
6301.6
7683.76
4247.35
3551.83
28244.7
13606.9
4313.24
27010.1
1310.39
738.428
3221.24
6301.96
6775.75
50960.4
596.196
1.03427e+06
2424.43
1.02445e+06
3791.24
1540.19
5077.23
6245.39
29744.7
867.309
1.34491e+06
42958.1
689.44
4580.69
2920.97
25391.5
9524.75
6037.35
7363.2
7243.09
4150.5
7259.77
3715.26
4500.88
6698.08
1.34516e+06
1.36687e+06
8689.06
15639.9
51544.3
3220.2
6228.88
3214.8
1.21588e+06
5372.43
5128.13
848.375
1222.18
78727.9
676.615
9049.59
9585.96
2197.38
6878.5
4874.72
846.123
131319
4091.12
1.0138e+06
4085.47
1.37205e+06
2151.66
7912.13
8152.27
5864.47
10056.9
2557.34
1.33232e+06
14435.3
4004.83
1.05575e+06
10792.2
2750.69
5588.39
3859.49
444.963
81.1633
7532.7
6833.72
3558.95
8678.66
32469.9
355.284
11435
1.22888e+06
3767.56
270.566
11002.7
4275.98
4614.34
500.712
23178
1.08062e+06
7312.36
9393.76
11807.7
14226.8
6458.93
4288.95
1.07871e+06
4658.73
9291.13
261.535
10876.8
4660.89
1.35756e+06
2005.89
3486.18
2392.06
3469.67
975470
10470.2
3678.58
4388.82
3525.22
19604.7
18622.3
629.622
10993.4
19484.9
6069.05
5188.42
2775.02
645.631
2765.1
4432.75
7624.75
602.045
4478.05
3793.14
1.16618e+06
1854.64
10344
4515.55
3402.08
5099.05
4771.23
4181.84
19977.8
13630.6
5979.46
10562.8
1250.61
5464.93
5761.92
6120.23
11887.7
5124.15
459.042
5956.57
5463.88
4020.39
3525.11
8442.19
3569.97
41737.5
3263.96
3433.81
6415.73
4476.62
3520.82
5297.5
3337.86
1.23544e+06
3040.27
10148.6
4104.26
10370
3200.33
3765.62
720.242
14653.5
3069.78
13339
5667.99
5838.38
6058.29
5779.89
9911.02
56828.1
656.904
10435.7
4569.37
3292
814305
3704.75
11090.6
2907.29
3732.3
23102.4
1535.04
10321.3
661.159
3011.51
3463.33
4673.06
3282.5
10683.1
4695.12
4337.25
657.102
1.36791e+06
4503.94
20847.5
3962.41
10784.1
1112.43
13092.2
3631.99
5761.48
3584.63
6682.34
13217.6
283947
1.2638e+06
3600.99
3980.76
1341.12
761.184
3608.3
3858.67
6329.08
736.078
24175.1
660.158
3890.92
11511.7
13743.3
5839.04
6189.41
644.889
1.23436e+06
11067.7
460.463
10718.8
3771.11
10755.3
6022.17
396.261
73.7713
5162.45
3542.17
42611
17080.8
390.602
408.303
419.095
406.231
5218.16
4447.3
4494.09
9751.18
7202.27
3723.04
988748
51828
19429.4
14476.4
3893.35
331.793
823332
376.942
63874.5
6158.17
332.119
14984.9
4932.4
10023.6
1.19953e+06
7054.56
3887.5
5838.5
3860.47
17445.3
21814
223180
15165.9
4882.74
5666.09
1915.73
1.26315e+06
18457.5
1.25703e+06
18364.7
737.815
10610.7
4552.34
4771.91
277.732
4584.68
15812.2
976560
1611.75
434.917
3597.23
16671.4
12046.4
6666.05
4087.66
40136.8
4785.75
795613
3998.86
16395
375.706
5652.79
13457.3
4113.45
18471
5500.18
19314.6
2207.48
4007.99
8855.6
734.369
38339.1
888377
4044.37
7236.53
1.10748e+06
4657.98
4865.95
3797.8
1299.38
6308.48
4114.41
13769.2
3876.92
6300.04
379.167
7090.75
4014.27
25967.1
3542.4
3362.4
4736.62
7106.82
4518.97
32357.2
23218.5
15185.9
354.57
10963.4
30234.8
1189.86
15886.2
1.26142e+06
3949.12
4005.29
28286.8
1833.16
3003.16
29956.4
243.114
14919.7
1.37174e+06
1.03025e+06
3901.36
13667.7
25329.6
1.16363e+06
428.661
3986.51
1399.89
3531.18
974953
14679.1
189432
7386.99
4046.6
2459.88
3640.62
945905
510.086
363.33
1.37265e+06
23377.2
4731.65
3613.83
3769.22
23394.5
822678
887179
4773.4
399.299
8306.8
4553.89
7171.04
9850.11
662.511
50.0988
4249.61
653.557
4933.31
7550.63
4520.35
6029.9
1.28124e+06
8658.09
24365.2
2945.65
3863.26
3625.86
3972.06
3968.98
3674.09
24400.5
1.25092e+06
4778.59
1965.64
1314.86
8979.88
2785.8
3125.16
48148.6
3005.88
1.04497e+06
2906.1
4235.57
4862.57
20842.4
3362.61
3702.96
1427.71
3653.39
3743.2
1.33681e+06
8715.89
6488.3
1.37092e+06
1.29232e+06
4878.18
5119.82
5042.81
5055.28
5230.92
827622
5785.62
1.13874e+06
840.062
22943
1375.92
12651.3
7609.84
8693.51
3659.3
6151.89
5589.52
1.30704e+06
5444.14
1.31345e+06
10094.6
5731.02
1.1797e+06
41144.2
18882.8
1.0234e+06
2575.14
268.895
1.1448e+06
7615.39
1992.92
20354.7
252.544
1.37464e+06
994160
5775.48
3649.73
4627.19
1.18414e+06
1.06904e+06
3738.99
704.979
55633.9
14038.1
3515.59
26793.4
8239.1
1.28321e+06
3808.16
692.096
1483.9
1.2744e+06
4436.71
3913.13
577.675
8749.44
3889.99
971294
3733.96
1.24786e+06
685767
3595.38
29570.2
281.29
4869.18
4315.42
5226.94
376.457
6009.74
3864.57
43214.4
3429.18
45100.2
3873.69
3516.07
4009.45
396.24
23295.9
4468.78
3827.65
31887.4
1.14982e+06
4237.42
278.892
45627.1
6177.89
4213.01
498.623
1.04132e+06
725.699
3321.28
5678.9
4235.73
14863.3
3997.87
9942.54
9030.44
5168.64
47500.2
6336.14
16040.8
15877.7
52107.7
1.24074e+06
262.009
5030.23
6603.37
10434.1
325347
4341.27
37275.7
3676.38
50697.2
3689.29
21863.7
3886.08
5064.68
1.27175e+06
3714.34
4519.29
530.94
20583.9
17516.2
7984.2
5441.67
3925.73
4699.93
1.29416e+06
1.37368e+06
1.37321e+06
12501.4
5252.59
2377.54
14301.2
5532.17
1.25131e+06
12062.4
1.369e+06
7500.67
11583.1
1.30141e+06
4322.1
2999.44
360.468
22890.4
7257.78
5942.07
5523.13
6045.83
357523
14222.7
33517.2
208319
106415
3472.09
3609.02
1.35748e+06
3352.93
12915.2
1995.49
14645.4
5477.24
5846.39
3931.33
3318.88
4680.87
1.14901e+06
1.04025e+06
5532.92
6490.56
3949.72
4628.92
13821.8
1.30532e+06
1610.92
3215.64
533.941
43131.2
396.512
414.881
69743
4130.9
1.17632e+06
1.20633e+06
4455.51
1.15532e+06
39633.1
15781.8
7607.32
3813.02
2281.71
9002.22
2450.13
10322.2
3197.38
10760.2
1151.71
3953.39
1.29187e+06
5408.25
1538.61
4594.52
5624.64
5829.35
6908.83
10390.7
286.099
1.3155e+06
3144.56
1.30423e+06
4453.85
4979.67
25988.9
31331.4
3692.89
11816.4
12129.9
951.925
4099.69
3864.31
3327.03
4341.02
4497.87
12750.1
1.37278e+06
1308.19
1075.21
4573.99
21157.6
4348.38
1195.96
7789.06
1.03734e+06
4709.98
4673.6
4733.83
4724.77
4732.49
2959.59
3006.65
4852.8
3705.19
1.3255e+06
3297.32
19469.4
3194.17
90558.5
5101.26
7130.19
385922
5233.5
4924.5
4634.53
1.06918e+06
4948.38
3733.84
5014.64
3711.57
4343.97
52222.8
3733.19
1.3343e+06
1.36433e+06
85443.3
662.256
4114.82
364.852
3921.57
4442.1
9736.59
1583.47
3532.57
4543.48
4212.83
4360.11
118579
4579.3
10793.2
1.3186e+06
7522.23
4411.86
4151.31
1.28556e+06
4512.27
4351.3
4549.23
4305.2
4372.8
4622.1
1.1919e+06
3831.01
4468.3
828823
8008.75
4602.1
1.3722e+06
3615.24
5793.09
3946.64
50585
3291.95
5545.76
4232.94
1.33171e+06
5740.39
4399.68
5261.03
3226.65
10835.8
5381.5
8612.46
5363.95
4734.25
3442.39
4306.48
4749.01
4187.5
1.33654e+06
8956.18
4056.96
4594.47
3416.95
4610.58
5265.19
800587
30815
4839.68
993836
6143.44
5499.4
4220.54
1961.78
1855.5
4657.12
7412.83
4617.52
19977.9
3470.47
4681.74
745162
7918.02
1.37494e+06
3404.92
3711.13
5144.23
4643.15
5026.72
6623.44
4159.48
4559.82
5371.52
775714
4290.18
3209.06
4103.44
670343
3542.89
4192.62
3620.78
3757.22
1916.13
4625.41
4902.27
4528.53
3756.73
11308
3711.93
3253.54
4916.81
3848.17
62091.2
4826.72
1.37138e+06
5187.83
1.34334e+06
11107.8
4835.49
13443.3
13946
4037.19
5289.78
3376.45
5060.49
4535.93
4189.2
4566.52
11389.1
339840
452167
4355.12
3123.6
22012.1
4389.24
1904.58
1.30334e+06
4443.31
5399.73
4026.56
3926.2
1.37393e+06
5193.24
3715.93
4285.91
3684.94
404.69
1.36548e+06
1.37423e+06
4205.74
3130.74
4506.33
5087.43
4479.09
9404.03
347697
4476.4
10485.5
4489.54
4439.67
12001.8
42198
1.03905e+06
3195.63
2046.41
5718.7
5888.59
4073.37
5967.88
3943.43
6312.72
38355.3
4363.27
16817.2
3630.25
4942.17
3245.81
5133.19
5634.16
4790.13
1.37455e+06
3851.08
4361.97
5221.79
3314.37
4320.47
641.17
442.462
6156.27
34727.2
2346.36
5750.55
4114.09
4333.75
3364.14
2851.63
5510.01
4683.47
1.34932e+06
4319.31
4420.38
4795.07
4609.82
5195.35
4547.84
5034.06
5177.41
1.36838e+06
3995.49
3490.55
489011
10937.1
4495.98
4838.24
7703.77
3938.93
3742.87
11166.3
5667.44
9203.69
27595.4
4266.37
4308.21
3758.13
3434.17
3867.67
4258.46
3883
20821.4
9715.47
3922.73
4490.77
5779.64
3465.36
4592.05
4774.24
14044.9
722.192
5438.2
5919.14
3489.74
4658.46
5749.91
4017.15
3671.55
3525.04
3685.72
4956.67
4567.57
7331.83
8920.53
1.37047e+06
10806.8
1.11461e+06
4209.44
3957.85
6221.58
6311.05
1.27312e+06
4708.43
3584.97
4692.81
5332.68
3753.38
3739.87
6213.67
4616.02
3497.01
253068
28955.8
1.35429e+06
3367.41
3881.06
4457.6
18259
3996.84
4765.42
3825.49
5513.53
1.332e+06
3771.87
4220.67
3849.88
3563.48
4455.63
4818.36
3617.85
3760.36
1.36953e+06
4200.51
3634.78
6549.09
3912.68
1.14653e+06
4557.71
1.14766e+06
2290.77
5967.24
4060.09
3878.39
4627.43
54170.9
4077.17
5038.59
3837.49
4086.29
6076.13
4482.82
3146.89
10599.1
7422.42
3859.74
3769.56
422344
5064.51
5547.81
5640.73
4973.38
5792.33
5081.84
4171.53
1340.38
4061.77
4032.92
5139.19
3466.29
1.35967e+06
18337.8
3891.41
4713
363.005
3382.23
6214.57
3439.84
11273.8
1.37321e+06
5221.47
6314.52
4824.75
51685.8
3249.11
3635.99
11036.5
3799.13
5901.23
4716.49
4383.42
1.33064e+06
4155.22
2995.31
89333.1
4517.8
5080.14
4868.98
3974.13
3588.61
50347.9
4790.58
4199.94
3608.57
4099.22
4553.85
5332.47
3930.51
1497.06
3732.98
1.34111e+06
5436.22
545.768
395.995
3707.69
4467.87
5091.93
6337.59
4385.37
12347.3
3730.87
1.36304e+06
4198.1
4130.44
5452.33
1.18115e+06
9424.74
3426.52
3493.47
3528.19
4371.96
4177.17
33292.5
3874.14
6594.97
3693.96
6356.76
4537.36
3916.97
4444.91
52226.6
4503.87
5525.03
4115.91
345.038
3141.09
6580.05
4527.41
3834.21
4093.76
52040.6
5667
4833.64
1.34574e+06
2117.81
1926.04
45883.3
13284.7
1.19816e+06
3668.32
5612.57
4595.93
4018.2
6730.27
408.423
3893.95
3890.35
6130.82
720.699
4368.18
58093.8
1.36654e+06
49920.1
1569.69
4527.98
4180.53
3951.03
3587.93
5155.19
4624.86
5932.05
3646.01
6550.1
10104.4
569.595
4048.29
1694.41
3687.08
1.22315e+06
5825.67
3921.01
170.706
380.845
5757.06
1.3726e+06
30162.3
4454.46
5312.45
449.99
3722.54
4649.17
892.575
4388.19
4053.05
1969.74
3964.51
4885.61
4069.34
22801.4
7770.54
14247.3
5959.89
4124.63
4387.64
1.30453e+06
6170.58
3592.92
4549.86
3083.9
7191.07
4169.41
4287.56
6193.8
21638.7
1.36881e+06
12592.2
1.24693e+06
4580.62
6706.68
12321.1
1.33464e+06
3592.86
1.37032e+06
57882.5
4074.07
6827.87
70502.7
4023.79
4035.48
1.37191e+06
6877.08
5417.75
3731.31
40835.8
4272.26
3829.74
8633.28
4241.33
6817.13
5677.51
1851.35
1.35226e+06
3985.64
4384.16
4986.42
101756
5207.92
5119.17
4256.24
4128.67
4556.16
185943
4768.95
4855.58
6687.72
3353.4
5904.21
3816.32
45006.7
4097.79
4322.59
15314.6
6475.89
747695
1.36329e+06
4249.92
13031.1
6817.95
6264.83
114562
3750.78
5177.8
6130.83
60725.5
6441.72
6260.62
5431.52
2042.06
5731.63
4117.25
4059.81
4040.51
528.844
4634.77
3225.92
52126
5005.89
4988.48
4052.68
6406.66
6985.56
3575.61
45883.3
3521.13
4417.71
3857.81
6342.37
7468.63
7043.04
4624.87
19620.8
20834.3
4088.85
3979.08
449.34
36333
1.02597e+06
1581.25
434.46
3740.23
904790
1.23337e+06
999619
4560.57
941455
833050
4292.13
961916
422.847
22940.7
5197.14
4926.91
462.494
11465.1
49416.7
4304.62
5519.63
1.02035e+06
4337.31
499.753
1.35767e+06
4032.05
6508.64
5887.45
3949.41
4742.69
4758.25
25817.1
1.35783e+06
3807.51
5250.9
6615.26
5477.72
1.37405e+06
1678.12
659.787
4528.86
3964.76
9786.49
5539.47
7081.02
5587.45
30145.7
38222.8
6679.7
6158.33
7069.57
3952.03
5480.28
4436.57
1.06704e+06
16521.2
4226.61
1030.79
957960
476.411
5550.41
8386.81
130052
936392
7264.06
4277.78
6987.32
1.16787e+06
5692.98
4447.67
3595.5
50231.3
3634.01
950696
7096.26
4834.1
1.36035e+06
5858.15
11595.8
6083.85
418.921
10014
5629.01
4079.03
294.196
6201.21
34741.6
4249.26
5216.58
1.2623e+06
2010.64
8960.92
984977
4224.1
1.37539e+06
5633.33
436.565
9482.56
31027.1
60181.1
5299.52
4477.74
3310.45
7327.31
5910.44
4240.68
3786.99
6871.95
1.32911e+06
4046.58
1.28108e+06
6921.02
3582.47
10299.2
948280
3787.94
4248.72
3279.52
89498.2
968926
19775.9
665.369
1.0137e+06
5088.42
5195.48
4328.32
5429.68
7243.97
5168.97
4690.81
345.157
4421.22
5137.51
4609.93
3776.41
294.613
6798.41
4092.77
4047.25
4632.88
4221.26
6750.36
6724.73
7054.73
5409.82
11760.5
839773
7015.29
455605
8429.07
1.34483e+06
2863.77
811.781
4041.73
902722
6306.21
1.28276e+06
8750.53
9726.64
1.2905e+06
6465.49
15560.3
987319
13747
3887.9
8439.38
3892.6
3692.34
7034.07
4486.11
5845.95
1.36494e+06
4467.17
4624.38
57195.9
5502.09
30749.5
3363.95
1.30307e+06
8142.86
1.34746e+06
7216.26
4077.21
3939
40556.4
4219.62
1.37524e+06
4746.11
3293.39
7470.21
3209.37
3529.34
3803.4
1882.28
7026.58
991158
376.945
152894
694.123
3780.49
5729.6
4767.62
5578.17
475.331
3300.42
1.19666e+06
463.14
3923.34
2141.63
5802.94
4725.94
10062.3
1.31408e+06
515.764
13489.4
77496
1.36682e+06
895.339
4643.7
10961.2
3469.51
657.25
341.597
4155.34
431.241
3409.73
29561.3
3077.18
5443.59
7192.9
7803.81
4535.12
3709
3406.86
22072.8
5001.77
4757.97
1.2582e+06
3819.73
6452.58
63231
4113.71
9159.61
3865.67
8456.05
614.197
4227.78
398.584
4959.74
25188.3
1.32409e+06
6209.69
1.32685e+06
41904.5
4429.42
4369.17
5424.7
5044.29
1955.76
1482.24
4933.63
651.185
3732.43
4035.42
1192.44
4324.53
5235.52
3758.16
2367.06
3644.19
5022.4
1.36818e+06
6255.4
13094.5
3958.1
649.638
9324.38
7329.67
4032.73
295.762
6383.12
3544.8
1.24951e+06
5734.83
9785.57
11180.6
6266.18
156525
4621.18
1.10482e+06
2439.56
1.33935e+06
3717.05
394113
18869.7
8956.07
624751
11198.5
4524.81
7657.16
5434.88
6886.67
5349.98
2994.72
35086.4
19120.2
4495.56
7849.71
1.33692e+06
3702.66
17913.8
7568.72
3656.13
409.109
1.31169e+06
1.33645e+06
336.373
3514.53
7571.3
6228.16
5296.93
7545.74
3624.86
4973.46
19860.8
7421.55
6517.75
2893.08
3691.1
5474.09
7081.19
1.3714e+06
4838.49
7542.79
3441.6
370.91
3803.55
4014.1
6649.61
991454
1.37457e+06
10287.5
10079.3
3456.58
31945.6
521833
3406.14
3134.98
5837.49
5181.96
5468.09
28872.8
13652.1
3583.29
6760.18
10169.8
86424.4
6122.91
451.634
397.922
71597.3
1.34149e+06
10340
56641.6
6236.85
7149.53
5084.47
7369.4
4241.69
5442.04
3256.25
7980.07
3683.52
4593.97
219046
5219.12
1.37478e+06
1.13893e+06
1639.11
13692.7
4300.8
3629.67
361755
1.37532e+06
3363.74
3253.17
7240.92
12003.6
10787.7
1.36182e+06
5718.28
7832.91
78.7658
5483.1
19629.7
9892.2
4250.5
5803.15
3488.58
7359.63
3645.26
5624.57
1699.74
38526.1
455.074
5968.15
21259.3
20161.6
7236.15
6096.24
4059.6
8624.82
18491.7
8539.12
2507.06
13423.8
5461.52
19120.5
1.30141e+06
1720.06
5805.7
6706.53
28156.1
4447.46
10065.6
6339.44
3906.65
8879.2
2160.2
5806.97
1302.43
4059.78
3992.6
981171
7476.12
5249.44
1.35024e+06
1.35973e+06
13792.4
11205.5
29128.5
3615
3791.65
7255.4
49539.7
4156.29
3189.17
11717.9
4420.25
5621.03
7283.92
4866.06
941032
381.153
1.01514e+06
4305.77
4229.07
2837.6
3826.98
3164.27
2366.6
15461.4
8380.23
5088.54
10819.7
5871.29
2300.05
5651.22
4187.91
7904.43
9244.5
3987.04
4393.59
11136.3
50342.7
6818.98
4454.63
31507.6
10422.1
4385.76
4033.86
6039.99
2714.56
179387
2083.72
4469.29
4257.34
1.22567e+06
1.35395e+06
4416.96
2386.01
423.908
3795.23
4480.81
3570.82
4632.59
485.712
4459.85
33053.3
476.403
3804.31
4130.53
58807.5
4546.9
4864.5
14337.4
4549.28
389.931
4630.43
3937.22
3828.12
3664.29
3790.06
522289
10068.1
4457.71
12118.5
4313.25
17918.3
42642.5
8769.45
4186.82
402.288
6181.16
1.17946e+06
3112.29
3761.12
5363.98
4668.32
4584.9
1.21296e+06
4604.62
6041.82
11204.7
1676.14
955752
9148.96
2108.19
4644.76
11945.7
4258.2
15629.2
316.89
8399.09
3189.56
4611.46
4511.28
8460.37
10755.4
1.21715e+06
6432.07
4154.05
4431.81
1.3677e+06
6118.14
4816.13
10459.4
6835.93
8174.5
4583.1
4779.23
417.717
3945.46
19706.4
4537.72
11951.3
1.0468e+06
4437.15
4306.34
8081.7
4337.05
3758.13
1320.98
4860.69
4076.24
4493.41
26050.1
4836.37
3844.83
4423.84
4113.61
4774.1
21641.9
13560.8
1.01305e+06
4284.59
41349.2
4499.81
3943.88
4720.67
4234.84
22984.6
4664.23
9096.72
8980.05
3854.29
4718.02
425.407
6769.02
5308.72
4077.54
4688.78
5138.19
7171.57
1.17447e+06
3856.13
5019.5
4016.23
4168.43
1777.95
63545.2
4986.9
1.07871e+06
4917.22
3555.23
4251.98
3431.46
3857.5
4325.38
8987.24
16736.2
1959.27
4630.55
4435.3
949.713
4246.89
680.614
6411.55
4635.52
16691.7
60287
3910.44
62.1518
4930.16
3984.82
4354.04
4657.51
4585.82
335.802
651.539
3219.86
3645.5
6747.44
4606.61
5095.14
4389.19
4823.96
4529.85
3909.25
1.36e+06
4648.45
1.13144e+06
4917.76
2153.89
4357.51
997071
5138.17
8510.48
4359.14
4446.96
7266.45
1.37425e+06
3165.41
15310.3
7068.51
4512
4841.48
4795.66
4484.18
1870.4
6700.98
5063.88
3844.25
2314.78
5535.78
4709.54
4256.78
375.938
4568.06
3290.36
3410.42
3391.64
4699.04
4869.63
5177.31
1716.2
2851.95
4974.94
563.478
4494.62
5485.84
44381.6
15851.2
725.923
4414.98
9097.81
4897.31
4633.43
425.676
4820.77
3459.38
3604.99
4823.44
4842.3
4188.62
11730
4605.78
3806.38
4775.79
4819.67
4313.25
1.03482e+06
3804.53
3697.47
4688.47
7503.97
1.36651e+06
4562.13
4532.89
1704.24
5295.52
18207.5
4528.01
1.29093e+06
8985.44
1.27147e+06
3542.39
25416.8
3800.3
12477.1
24047.3
3922.27
4398.7
15655.4
4318.44
4721.01
403.35
3315.34
5070.86
4802.56
4823.79
1.37561e+06
4238.11
1.36238e+06
2594.57
3675.61
3130.07
5476.21
11919
6239.83
4079.42
1.364e+06
1773.02
4698.32
3596.86
4740.59
4346.62
1.11356e+06
1.00779e+06
295.335
4441.53
3994.47
1.2429e+06
4736.43
3809.19
366.06
364.495
9695.09
5251.95
4018.66
10042.6
4973.05
4847.74
4446.2
3994.26
1.09558e+06
6621.88
4888.46
17503.5
4183.48
1.18401e+06
2929.94
4826.17
1807.04
1.33937e+06
2829.26
7447.15
3408.55
2034.32
3762.89
5192.23
3455.71
2022.94
3229.57
3615.55
74525.4
5124.6
2880.44
4912.55
3477.6
5177.18
4617
10480.2
4528.17
6813.31
5216.7
4828.36
4834.67
1.12493e+06
3035.62
4077.48
5160.98
4570.29
5622.99
3347.81
1.32262e+06
4724
4198.31
409.09
18333.5
5077.99
4730.84
3941.58
30752.9
3015.28
5235.85
7494.84
773732
3707.05
1.36283e+06
1.36584e+06
1.36098e+06
1.33895e+06
1.34619e+06
1.31471e+06
1.36734e+06
1.35717e+06
1.36848e+06
1.30877e+06
1.34909e+06
1.36957e+06
1.34265e+06
3733.85
3491.39
477.352
898152
4280.41
1.33471e+06
3142.19
5184.63
5020.03
4216.45
3803.96
5086.04
2552.08
4376.66
12950.5
3370.15
1.32049e+06
3482.65
3440
4763.66
1.30178e+06
4183.71
5684.67
5863.91
1906.15
62859.4
507663
4713.18
3462.69
3605.19
1.30915e+06
4732.8
1.27858e+06
7319.74
5796.27
5473.5
511349
4485.59
2963.88
4839.87
823641
5679.05
4879.51
5332.77
3352.18
9150.44
1.36432e+06
1.29086e+06
1.14345e+06
3560.79
3739.56
660.652
18.5688
5722.39
657.837
2830.89
4653.22
4067.42
4354.63
4817.75
5353.3
624.218
828.158
3084.6
6845.58
5784.82
3688.47
7705.41
4459.44
14018.3
4006.35
4606.33
4189.21
5180.19
3793.71
4657.03
660.489
249.349
4759.05
3111.51
3860.22
2164.76
2943.73
371.731
1.16417e+06
3221.52
3113.25
14997.6
5719.16
4045.25
3622.21
3106.28
3721.73
3864.59
3465.68
14437.8
5513.14
1905.57
4474.85
4795.01
5256.56
1.08376e+06
4697.88
4105.7
2697.67
1.36715e+06
4739.84
4007.31
13932.7
8037.78
4068.66
5214.57
4091.86
6810.6
3567.45
6895.6
5109.63
4033.52
591.761
16000.1
5394.28
5011.88
4226.11
3835.64
6664.09
684.819
3228.93
3904.71
5567.44
4978.66
3337
3581.84
3716.4
5771.29
5673.93
3903.02
4820
4983.93
1.10217e+06
5906.03
24190.5
4306.64
8275.98
7289.24
5715.94
4632.16
79509.9
3984.81
9437.67
5670.66
3859.74
3844.32
1784.78
13604.9
4376.01
3282.91
4635.27
3868.39
1.24913e+06
5541.74
1.34042e+06
3446.79
5575.16
3678.88
3879.91
4135.14
1.37472e+06
466.909
381.492
5526.68
3795.76
3719.2
3927.71
5003.34
3862.04
3736.79
5659.57
4215.74
14428.5
2079.17
5608.06
3434.2
3372.96
3919.05
9508.15
3551.25
14290.8
18617.4
363138
5641.13
4462.3
4070.96
20579.2
5579.26
500.658
5198.1
730.991
4331.57
3861.88
6725.95
1.37295e+06
5827.01
4122.92
25301.3
4392.86
2595.59
4052.05
4167.36
6136.72
5207.7
372.512
4684.02
3692.14
35518.3
5111.66
3754.38
449.585
5960.48
13608.6
11138.5
4478.23
3796.99
4040.93
3924.36
4220.06
5293.32
5695.84
4241.05
1352.3
6020.81
16547
7663.81
3778.96
3726.16
14197.2
5112.47
3853.56
1767.72
6361.98
3759.09
5186.58
3775
6303.32
1.05787e+06
3574.48
3796.79
2502.04
4220.09
5466.2
5743.43
4107.82
4150.3
2660.22
5562.19
16375.3
3823.61
3852.18
433.774
3156.93
2422.41
5015.87
4285.4
2972.4
5534.57
4312.45
574.341
4226.26
3824.31
3854.05
4152.95
4152.43
455.099
15408.8
3611.92
4106.86
631.709
919441
4263.69
7801.87
4113.3
4123.19
15214.8
6525.74
4234.55
4276.97
32491.4
4366.91
2767.71
40617.5
3957.86
10008.9
2215.48
4009.8
629.238
4392.56
2973.63
4453.67
497.599
4303.32
4451.94
3796.99
1.14425e+06
5159.71
5319.47
4830.28
4422.88
4230.86
17101.5
3744.1
4686.68
4127.9
3965.29
1.37362e+06
4232.44
4261.84
25743.3
5061.34
4277.12
4969.7
4216.88
3837.49
3517.34
4307.85
4552.21
4940.98
3167.68
2915.94
3725.25
4467.73
4462.76
4352.92
4123.21
6019.75
4390.83
443.069
3725.8
4442.92
6121.22
4593.86
9060.7
5684.76
4108.64
6168.92
4481.96
4494.7
7231.08
4535.55
2358.77
4084.34
4649.49
727.555
8863.21
7047.35
4455.85
11279.6
4712.79
3729.17
562601
8648.06
4301.56
3366.34
6588.12
4670.58
4660.53
5366.78
48824.4
1.12196e+06
467.714
4004.53
4521.33
4488.03
6291.69
403.109
18479.3
4184.42
3678.4
6071.06
3347.47
4391.05
569165
3802.07
4517.09
4594.78
5496.87
3611.4
4042.24
6194.27
4648.3
4700.66
1.01523e+06
4058.98
6109.44
5954.67
3776.08
5882.43
23158.2
4293.43
4216.27
1975.54
5033.88
3968.6
989301
6152.7
4751.88
4038.8
3135
4635.33
4601
101.564
4149.63
945729
3997.9
26650.9
406.343
419.157
988404
4829.39
6408.89
18967.1
4111.83
4570.38
8244.31
3630.86
5870.1
4574.46
2559.06
28722.7
14415
5535.32
14283.3
4683.87
213665
4776.58
4780.83
3855.83
5817.93
6993.64
6254.02
4166.65
4766.17
5357.27
3783.07
5855.14
4804.38
4176.53
3945.17
1.35301e+06
3927.28
4729.4
4701.5
5872.54
4877.96
16651.6
4244.23
2641.17
3884.74
4745.98
4198.06
3820.61
4674.35
2493.44
552.137
3780.74
7517.29
4046.06
6028.34
5857.1
4351.98
3911.87
19176.2
6327.93
2970.05
4742.24
4321.68
4930.44
3762.17
5290.62
4849.49
4732.81
6893.63
2868.3
4971.94
4128.97
14927
4889.51
4550.51
4535.92
6605.35
6421.66
3967.09
2423.44
3249.63
4761.52
389.002
4436.24
12432.4
6461.45
1.0626e+06
7825.1
569.384
4879.61
4020.49
1696.02
5348.67
13617.1
1887.39
4800.99
504.144
5977.97
3674.43
389.494
5070.59
1.07798e+06
4036.54
3894.69
5221.74
4240.11
4480.29
3284.32
1.11251e+06
14332.1
3926.59
1.37423e+06
4255.56
117.381
4052.2
5054.62
4517.93
5623.73
2712.17
1.03315e+06
17142
4689.25
1.34901e+06
7036.34
4756.89
4737.4
30946.8
5140.4
3419.65
4792.91
964218
5052.93
3581.56
113.306
4261.18
5010.17
3438.3
5003.42
4663.54
6376.27
8438.92
1779.93
18657.9
1.37545e+06
24574.2
3940.7
3894.25
17951.7
1.32215e+06
4653.36
12697.7
3739.53
6641.31
3786.23
4484.44
35557.9
4511.51
4806.44
6833.01
4859.36
7252
3418.69
4027.53
4086.56
6541.21
3124.84
5267.84
1.16051e+06
3068
5578
19126.6
5909.11
5642.02
6701.31
5182.08
18422
1.08092e+06
4561.52
1.13514e+06
3100.75
4833.42
7647.53
5297.11
5731.4
4929.24
5229.88
1.03698e+06
3371.54
996156
3646.69
4526.38
1.09991e+06
3849.29
969042
5794.48
4076.14
3105.5
1.34378e+06
3111.66
4688.21
4089.84
4476.21
5217.79
859878
4253.42
1.2843e+06
5437.2
3776.34
8487.86
12402.3
1.07551e+06
4142.13
4759.47
4330.85
4731.39
3220.07
6468.42
4467.13
8866.93
5258.26
3803.72
2722.47
3207.78
5126.41
4383.93
4151.66
7170.58
5381.19
3930.67
4074.3
3809.97
3405.65
4606.32
515691
4374.61
1.09083e+06
4163.53
4834.61
5683.62
5534.64
58.7586
4004.16
3718.28
435.787
4888.57
473.022
435.787
387.992
4268.57
4536.25
5111.17
5062.74
13955.6
6785.57
6924.82
4818.7
5744.73
8825.21
3561.16
6858.62
3882.91
4084.69
3984.64
1.05323e+06
1.37379e+06
4983.04
4953.53
5429.46
5625
4346.58
3369.26
19525.4
6961.16
3944.29
4637.85
7000.95
95.2931
1.26161e+06
3974.69
4618.5
4019.2
7574.35
3563.85
4300.24
130.673
4500.14
7417.79
3823.04
7338.18
10214.7
639.53
948632
4081.6
1.37239e+06
605.527
78026
5342.83
4375.05
7059.57
4264.75
5814.9
802357
3866.59
5528.32
5575.67
3354.04
8124.71
3002.25
12839
5713.35
4708.99
4397.03
484.782
3288.98
5459.28
25642.9
3715.95
9427.93
5541
426.514
5175.84
3982.59
12625.9
4848.3
5504.18
6902.89
1.22631e+06
1.36193e+06
3999.97
5683.22
14609.2
2559.34
4001.76
13552.8
557.464
476.202
3956.17
3405.97
20974.9
6954.73
4606.1
18231.7
6086.75
5626.9
5060.49
4343.86
2968.96
16887.5
2994.73
4036.87
5867.15
5699.03
4062.84
3674.97
5787.89
4980.49
7873.4
4448.09
3784.96
3720.52
4975.97
3846.73
5382.25
4101
3794.62
1558.37
4183.95
1711.58
633.788
990410
3877.07
5745.7
5088.72
1.09391e+06
45984.4
3749.28
6062.04
3789.95
4381.75
8007.48
1.35876e+06
1.16022e+06
7335.32
3549.85
386.82
4053.9
4072.94
4603.58
4290.19
411299
15532.7
6020.75
4759.37
5294.89
3945.6
390.723
3885.46
283198
1.16401e+06
4773.47
841760
4126.23
22942.9
5345.79
7214.67
309.323
6045
4270.99
7641.07
5035.31
412.153
5005.61
4073.11
12909.6
5735.99
9771.6
9926.45
6983.48
569.627
3809.15
7322.34
4155.32
6546.31
3564.66
3855.83
1.05962e+06
44473.3
6562.48
58674.5
642.335
3742.8
3449.89
15411.8
3598.45
4751.5
472.403
3713.18
14507.3
4263.05
16300.7
4261.7
2055.39
4635.39
16013.1
354.962
4078.31
15961.2
4580.95
5412.12
3517.28
3267.13
3927.51
15662.2
1.18041e+06
2498.36
7099.58
5572.27
7543.9
4649.44
7310.04
6014.38
1.16258e+06
11857.1
3738.72
1.00564e+06
3692.45
4251.72
5667.58
5034.52
20671.7
3691.91
3856.63
7252.18
10383.3
6288.38
4733.25
15477.2
549.857
4537.27
12504.6
3954.67
1791.97
4180.31
11098.8
3608.79
4706.09
3718.35
7300.7
3491.93
4150.21
6092.29
15390.8
6157.26
3965.06
3931.56
16345.3
3621.63
4457.35
15388.8
15584.2
7333.98
6199.74
6396.71
3132.93
4364
10752.1
9328.16
16131.6
477.035
385.349
6413.97
1353.71
22714.8
5050.34
4858.75
1.24603e+06
6488.86
4187.9
4453.07
4634.94
3893.23
5019.54
4388.95
6801.95
6831.43
4551.14
3393.2
5308.68
6010.43
4122.28
4763.74
4335.96
4760.42
5355.76
6987.9
6246.96
1.14568e+06
5331.04
6203.98
3755.36
3650.16
4202.13
4943.3
6363.15
5717.25
406915
6167.95
64200.7
4944.47
8962.51
5976.18
6762.71
5452.29
5432.26
8747.16
3742.18
16163.8
10528.5
6320.25
3806.87
4644.94
23976
3763.07
18961.3
4659.64
4319.06
5627.77
4277.05
514.822
42261.2
4342.42
1.0131e+06
5024.96
7101.3
7122.59
2800.8
4146.08
3716.15
3691.4
6818.07
3821.84
6520.84
5500.05
4495.44
3842.8
7327.07
15337.7
3484.75
9085.28
1.0198e+06
14540.1
7925.68
6418.39
4543.09
3667.6
3828.26
22157.6
869084
6466.78
4286.98
5774.96
7250.77
3774.17
15214.6
8010.02
5299.31
7261.57
4918.8
1.22165e+06
4984.53
5997.43
4662.83
3917.03
4261.86
924707
2912.22
6021.84
4292.54
5467.63
13779.3
4104.62
6601
7180.13
7815.5
1.25858e+06
5239.82
4328.58
4515.63
4483.64
5303.56
4513.27
283.075
51633.7
19427.2
5523.78
4978.59
6210.93
3697.05
6125.56
10820.4
63970.3
24141.2
24900.4
9346.19
1676.07
1.0546e+06
4347.76
3503.77
4019.87
3883.89
3815.41
6588.21
3874.63
4538.13
8408.78
6055.57
4368.72
385.796
3675.16
4035.21
13965.3
2982.04
5242.8
4628.62
4577.66
6472.13
1.23159e+06
14996.1
4883.95
682.352
23085
1.13238e+06
5186.59
8694.68
24993.3
5347.54
1018.89
3567.2
6543.55
551.106
4188.98
4569.24
716.988
2837.34
6043.77
6088.68
3554.2
4923.77
2275.68
2665.91
4198.28
7597.57
3216.98
461.918
4088.43
5475.93
946654
7477.69
4063.43
7562.38
7540.15
1.1618e+06
18123
6692.69
4114.69
4067.02
4230.3
7479.51
6765.89
592.043
3982.61
6512.14
4056.12
4753.78
4253.92
6903.39
4019.1
6141.91
8956.97
7539.37
10085.1
1.24339e+06
4259.62
3456.59
7083.68
6776.46
6559.18
4031.46
5599.34
5180.3
5711.49
5161.93
785183
4159.53
4227.09
6524.73
49052.8
6848.24
4832.61
4552.61
6511.01
6719.12
7398.1
18965.4
4634.69
16124.3
14478.8
8421.85
4375.5
779.183
3986.82
53115.8
7742.45
529.135
3821.71
8086.6
4489.29
4737.72
5579.11
3455.21
5039.83
3032.36
770.02
6889.78
4133.43
1853.48
7901.02
4345.03
4022.77
6305.81
3694.56
4124.46
9566.63
4308.2
4707.76
6688.97
4443.15
5838.26
982767
3935.14
286.757
5754.02
3486.68
8427.37
5372.43
5722.18
3646.14
6210.88
1.15667e+06
3807.31
1.05195e+06
6887.67
8786.02
518.856
7146.55
4508.47
7009.58
20015.2
3395.73
6768.94
4401.92
6423.81
1855.51
5645.29
6882.46
4498.75
3963.31
4252.84
4258.84
5121.09
4184.44
4977.68
6945.79
5194.68
17381.6
32008.9
4645.7
10515.4
5199.43
4612.9
7203.26
24606.6
14355.1
4514.18
3392.81
4461.17
4480.5
9318.64
653.857
5734.96
4388.94
4291.92
4596.3
14228.2
3968.01
1.0647e+06
34238.9
4858.82
7937.22
389.042
14137.1
15516.8
1926.18
4206.42
5604.78
374.292
5018.34
45960.5
6049.73
16074.5
4517.48
14662.8
3079.49
8789.39
5922.84
3974.52
4051.25
4742.17
2085.4
7282.9
4021.66
596.817
6009.48
3957.6
7029.77
626.262
5004.72
5797.9
5114.97
5062.17
9716.91
2176.25
3610.1
1.37289e+06
5745.32
2733.39
3858
3160.59
4557.04
4733.61
4583.12
1852.82
4235.24
6867.79
7042.64
2374.54
5234.4
1.06057e+06
12526
4413.88
6930.21
5044.94
1769.56
5033.22
5964.65
5651.84
7008.85
5521.36
5141.08
6125.59
1.15596e+06
1.37596e+06
3742.15
699.361
8602.75
7154.38
4341.58
4840.82
7081.18
3837.88
6251.45
6225.72
1.19998e+06
6045.75
6128.75
1.20548e+06
3751.61
3682.19
9807.11
5170.13
5927.84
1232.24
3968.1
3422.44
5225.16
17220.8
6741.72
3293.99
3849.98
4013.29
1.06526e+06
10578.5
4800.78
466.308
5510.75
4148.76
3126.65
13863.6
10823.3
193.1
6311.97
1872.78
5377.77
25523
961.503
1857.34
4027.58
7341.72
4204.86
5732.69
3596.57
5016.1
4252.73
4903.65
8677.21
7252.39
4077.93
4165.89
4205.14
3263.5
4540.2
4480.63
13890.1
7140.86
589.537
4832.33
1.18726e+06
7313.1
9486.95
4040.82
3223.83
4348.87
1.01142e+06
41686
10703.7
46406.4
5542.67
2810.42
38082.9
7166.9
4242.54
4498.52
6337.49
4634.55
28070
3671.1
60726.4
4954.76
1.3753e+06
534.701
3969.81
4056.04
562962
3844.5
6487.4
5179.47
6401.69
5907.02
5685.04
5384.7
3915.45
4766.12
8285.56
317.488
487.235
4621.62
4694.26
14559
548.163
5466.37
7046.85
4405.8
7860.08
5072.21
4025.86
4532.91
9888.84
4369.68
5310.35
2430.01
1.01668e+06
6497.72
6735.46
7189.92
6706.82
5333.22
6663.82
4978.7
370.386
7491.69
3974.77
7527.69
3086.63
4093.79
5358.15
970260
516.015
3796.76
5132.98
5260.67
2987.29
1.12848e+06
1733.38
4804.69
1.17962e+06
7895.53
5021.32
4952.59
1.21202e+06
1853.84
5628.49
11615.5
9491.66
563.881
4969.79
4977.12
5665.87
1.16093e+06
971438
5346.58
1343.62
609.537
7601.58
6725.93
368.762
3838.15
1.36738e+06
3184
6634.64
9202.64
3518.23
1848.91
10242.3
7666.64
20648.4
3293.62
8291.49
3255.3
933184
4921.7
5426.42
5005.52
3915.58
3016.77
5733.92
3734.79
4933.73
3509.7
9175.1
3672.32
4385.18
8396.17
1715.99
1315.24
5175.2
4643.35
17815.6
6321.58
4645.83
8340.06
3802.24
3244.73
4255.03
6481.34
5226.45
9144.49
1854.07
36214.8
33632.1
4753.85
6457.06
5359.04
6871.16
8940.97
7586.85
827.653
7194.2
5511.79
6624.66
1733.27
10618.2
20090.8
7369.39
10087.7
7740.27
10555.6
2043.41
4049.53
3966.3
2063.45
1.32665e+06
15844
12945
24147.1
5047.66
4274.92
14178.6
466.236
7480.94
1.06991e+06
44129.8
3857.52
4862.94
2658.72
9020.07
7101.65
5509.28
20607.6
24851.8
1.33484e+06
16447.1
24646.9
3967.47
8448.66
6140.25
1.32792e+06
6054.28
18501.9
20449.9
1.05743e+06
14007
1.36211e+06
3452.51
6787.04
7635.09
3030.29
1789.51
8976.45
5670.29
1.00781e+06
562.272
4190.72
5323.94
6156.4
8743.64
26702.2
1928.39
7552.13
6122.46
24669.2
4728.3
7805.97
3841.25
3921.93
8307.21
9392.28
6760.44
4899.1
6062.76
5582.76
9952.33
11051.8
803.849
1811.32
6084.13
1.37182e+06
7336.63
3804.84
3575.65
11801.3
395.52
3455.34
7165.45
4866.49
5966.59
3798.3
1249.51
4076.72
7311.79
641.287
5098.88
7215.63
5422.73
3369.57
11772.9
5759.71
8905.35
6984.69
5641.45
4055.29
8718.69
13742.1
6506.71
18713.9
6379.52
3877.9
29586.2
39934.3
4725.34
9702.58
105.911
13782.9
6758.2
4036.26
10018.1
118916
4355.01
5354.4
6063.91
5608.37
13221.1
4581.47
2841.15
5458.86
11391.1
865373
7817.87
3740.02
14484.6
9633.51
3423.71
9111.47
1.04686e+06
6413.2
6943.22
5949.22
3426.75
5930.65
1894.95
11203
5007.98
8950.82
3727.67
5224.8
622.483
2995.41
2068.41
6981.64
8337.11
1.05416e+06
6916.16
4506.56
47570.2
8034.48
11261
5662.11
4213.22
611.048
10722.2
3496.88
6478.07
6426.44
1.37195e+06
1866.27
3655.7
16827.4
4320.48
8156.42
4022.93
5944.99
4193.81
3918.98
7198.35
10133.6
111903
5261.36
4366.4
4368.69
3966.21
4937.61
4977.85
525.008
20130.2
3818.16
4862.71
3940.89
7171.32
4417.33
558.961
3922.82
2162.76
433.519
33355.3
3586.47
4687.43
770.494
1.13044e+06
104409
8837.16
636.467
4614.82
4450.42
11018.7
3423.81
4155.57
3933.48
8436.21
116168
8934.23
1899.71
5676.31
1.30776e+06
959330
11521.1
308.803
3435.89
38269.6
4169.49
2978.61
4205.87
277.808
3100.19
5501.43
2269.47
6014.67
24533.2
1661.41
9056.77
4318.45
3790.61
959398
1.32771e+06
3834.27
4414.87
1.13496e+06
8533.08
7024.31
9034.12
4454.84
46583.9
45.5224
4490.75
100356
3687.36
1.17662e+06
4544.32
12691.6
3949.27
1353.19
9495.78
8557.12
34950.3
1.2024e+06
3816.04
5517
4920.11
2029.45
5853.5
21504
13755
975566
6875.87
7076.91
1976.06
3015.29
4680.74
3761.63
6926.78
8263.53
3769.2
3223.43
6990.03
3274.12
5596.29
4702.09
1939.08
3896.6
8299.62
443.418
3714.14
2424.41
16846.3
4575.28
6959.94
882878
3963.77
6725.49
3798.37
2856.82
3561.11
8284.09
3574.58
6121.51
4290.69
24773.9
14449.3
702.317
60.3389
4210.71
15742.4
7949.18
1.14135e+06
4674.84
1.16325e+06
4669.42
4301.34
9566.78
14980.9
4810.95
780473
1974.09
3842.42
1.05243e+06
1.09676e+06
647.138
803741
1883.69
7544.66
11551.4
7814.97
4534.86
5487.13
6655.25
8305.83
6344.27
26243.8
4602.63
9005.82
151495
3269.85
3742
24458
1.00685e+06
4280.94
7824.61
3046.17
6025.75
4701.25
4953.53
3772.86
5752.03
4784.63
59253.5
6193.27
6669.83
3986.48
5266.88
3206.12
20402.3
3893.58
2040.32
22684.3
4678.8
12248.9
7517.03
6464.4
5314.33
1.06038e+06
2108.25
6498.22
6880.59
4809.24
2769.41
4641.07
1.10321e+06
7851.31
1440.17
12730.1
48939
15400.3
4965.23
4871.92
6069.69
317.317
9660.01
6505.5
8767.52
7729.71
5535.37
5036.08
28281.3
3759.94
4606.68
4054.06
633.209
519.306
7484.52
3739.4
4049.85
3979.34
375.615
5426.91
4597.39
6156.24
2373.59
7974.96
2357.74
6626.63
24687.3
3924.4
5135.53
4304.38
2308.9
4240.17
6173.49
7152.03
6561.31
15303.7
11580.8
4628.47
1232.66
32751.3
4273.06
3818.37
3495.07
5704.38
2842.99
3831.24
2045.32
9015.59
10670.3
30416
335.418
3690.91
1259.35
4431.93
4903.97
3988.67
7997.85
6131.22
25304.6
2217.61
4049.03
29407.6
5395.94
7852.08
14500.7
3063.47
4965.85
9421.28
1.37154e+06
3863.92
3903.81
1957.52
7586.27
48844.9
23767.7
4339.96
9398.47
15129.7
432.253
7274.21
20710
2605.31
1.25234e+06
6727.11
5150.63
4608.29
7663.63
9777.53
2105.63
976599
6705.09
24052.3
14937
3839.97
4110.51
25834.9
450.62
1.1968e+06
3914.87
3975.24
1.2264e+06
3716.5
9502.58
3038.21
2343.1
10004.8
2539.64
5346.43
7735.13
12906.5
14240.6
3197.54
14196
1.26985e+06
6765.66
2504.68
8511.81
5136.3
4292.16
3505.02
3033.52
1.00927e+06
28669.7
6580.43
568.698
2135.36
2749.91
4235.02
66454.3
1844.98
4342.88
1.18333e+06
4604.63
5403.25
1.19397e+06
2920.94
3485.07
9574.54
2582.35
674571
8158.49
5459.54
4866.27
4451.37
10191.4
3798.04
5349.71
1.07612e+06
8732.9
9109.19
7906.79
2584.79
7853.14
4878.79
6802.91
3210.98
7799.94
5492.27
657.818
3598.56
5037.75
9804.5
4685.52
1.21614e+06
12104.6
3334.63
9706.12
18679.4
4458.28
7760.35
51220
21766.2
1.29777e+06
57976.4
68739.5
291.604
3779.58
5350.8
5274.83
5471.83
12572.3
4517.67
10440.7
2069.58
4120.87
4473.02
3810.74
4518.55
2684.06
5216.06
1776.47
5523.33
5764.39
3739.13
4443.57
3998.14
6093.36
6742.32
3995.11
2896.26
6812.93
5918.66
5652.8
1877.16
13058.5
4843.25
4301.41
9739.34
3760.51
13127.2
3881.17
2498.85
36062.1
6497.36
7048.3
11099.5
2572.22
6989.1
5316.15
13025
3802.14
3805.89
2642.69
5484.92
3859.41
5750.1
4563.19
5136.97
496.885
492.079
2702.15
13132.7
981737
9853.77
12765.6
5172.38
7079.74
4423.24
6916.98
2260.71
8071.15
24378.6
3677.79
4648.34
3685.43
5006.31
2384.49
3353.42
773339
3699.91
4534.46
9361.87
14642.4
6857.4
5272.47
8590.33
5443.81
4376.1
4688.35
4429.08
4714.79
13649.7
4461.17
8697.9
371.137
2549.17
8330.64
3656.74
4796.03
937106
1915.21
3430
5772.42
6212.24
935062
14070
967946
8384.22
18033.6
8838.92
1.37191e+06
10855.3
5648.43
1773.08
6924.24
6423.45
1.23455e+06
1.28807e+06
4155.66
4942.77
6547.12
3801.19
12587.7
4517.78
3842.71
8823.37
1.32735e+06
3766.4
3087.51
9948.86
4321.56
7855.55
9087.75
11158.1
2446.97
5805.38
1.31255e+06
3730.26
323.529
10084.5
4670.47
3808.21
10112.4
212.829
4061.61
2801.82
4368.7
23042.6
56872
34964.5
6801.89
19534.5
4459.72
10008.3
3078.91
1805.82
11296.3
22304.8
11366
2731.52
4845.82
8907.66
1821.81
14131.6
2691.08
476.605
8821.17
8873.87
14827
3770.97
3973.15
11544.7
4029.28
4758.51
6720.23
1.06699e+06
4971.65
4696.58
6814.96
14784.7
1.02558e+06
6389.68
8901.61
4971.31
1.21672e+06
5883.82
16389
3919.99
138.929
24647.1
5174.41
4209.37
3473.54
3597.43
65205.1
5352.76
5970.59
3589.04
14987
3938.63
1.37115e+06
4948.57
6788.37
993804
9917.64
3293.59
4075.16
608.989
7932.08
3596.04
28525.8
14386
656.676
7081.39
36040
8131.36
4367.47
85957.1
3002.33
3396.66
4278.87
2750.31
2520.67
25489.4
1958.16
5850.08
5148.17
21637
6911.57
4304.98
3796.79
4977.46
15193
4289.15
4485.77
185.061
9957.82
3915.48
6957.14
1.03775e+06
29997.5
1.08344e+06
580.537
1.37109e+06
2752.84
2007.91
15753.7
2866.95
4606.21
1432.96
1926.66
7392.04
9528.55
5165.69
979844
3301.39
1.37541e+06
3321.63
825.314
1943.37
5070.01
61088.1
4794.74
7130.98
7419.18
4565.45
73425.1
16869.4
961804
3572.7
12325.3
7283.67
3814.47
7152.31
660.328
915861
1.19943e+06
388.084
9947.5
17323.8
493.376
1.16544e+06
82095
894486
488.369
1.36931e+06
5020.31
2982.71
14732.3
1973.98
679758
3728.73
4603.1
5077.92
384.75
71903.2
5887.58
6266.56
19815.5
21948.6
958035
12135.2
1.26475e+06
9529.74
1.28525e+06
15316.6
16356
2031.59
1.18165e+06
3553.66
3770.53
13389.4
3823.19
2889.27
3393.5
4175.01
430.05
9897.94
23546.3
939102
5057.12
5226.92
8823.07
5478.48
9967.43
3639.42
658.348
6387.94
6367.27
903137
35401
3652.87
4482.73
11270.1
1.29469e+06
12671.6
20189.8
4630.42
28380.9
4181.37
4003.2
3919.37
4981.44
4090.43
16363.9
3990.58
14203.9
16285.7
13578.2
3756.89
7226.39
13728.5
7396.7
13492.1
9881.53
7412.9
3597.94
4366.18
4803.49
9627.96
5760.51
3360.59
3821.06
416.995
3916.8
2069.8
5114.96
6369.75
2961.8
3729.82
3128.12
4051.31
7155.82
15015.9
9710.59
2096.35
742.509
9169.44
5646.24
586.353
20806.5
2913.92
15518
6442.55
424.391
4861.28
5027.8
15644
3732.48
353.073
4497.41
7531.22
3375.06
3596.78
3960.87
14351.9
4864.5
16076.5
3538.58
64485.1
16015.4
5005.58
5705.13
16717
15741.8
1.04378e+06
2164.98
9222.78
4814.56
4278.69
13225.9
1.36927e+06
10074.2
3931.46
1.20136e+06
4148.88
15488.1
5640.04
3922.12
1.37128e+06
5569.71
8484.22
6444.89
17448.7
6470.43
3903.33
2265.98
1.00254e+06
5856.08
3754.33
3977.89
9813.37
9431.58
11934.3
4447.97
4089.92
5048.89
3551.66
15306.8
23491.6
4325.42
16187.4
19046.4
76383.3
6737.75
3738.83
9472.05
1.2329e+06
1.08459e+06
12852.3
83986.7
3846.48
220.274
13454.2
2183.45
5273.65
10330.3
6845.73
9610.79
4264.52
6632.37
1.0401e+06
1.31779e+06
6456.99
6020.63
4331.47
4452.13
3762.71
3053.03
19464.5
48494.7
5913.79
3606.11
1.24186e+06
34722.9
3310.52
4876.34
5134.18
7557.6
13546.8
3037.21
4642.57
3132.77
4889.46
3801.22
3978.87
556579
5223.74
13817.6
5380.42
3227.07
15326.4
11048.7
960502
18786.7
4099.15
4888.7
1.0919e+06
998242
433.89
18779.9
13677.9
1885.78
5736.43
2359.76
1.22631e+06
3841.74
3476.48
4730.56
4143.9
9700.37
2423.86
3180.95
8356.67
3938.56
14676.2
15748.7
4303.19
28428
3467.95
3524.67
5647.93
672.647
3167.23
9669.37
301.813
4129.71
3392.09
5697.87
1.31834e+06
6978.16
476.562
5170.07
3372.47
12909.9
4679.92
1.36758e+06
7763.8
4317.21
47540
5178.24
627.65
14453.6
6736.6
1.21112e+06
12960.3
9831.58
3751.97
25923.1
6222.62
3230.22
5764.21
15450.7
13033.1
6099.63
3800.95
6728.15
10669.2
4867.09
8041.28
15213.1
6310.77
54840
16043.8
7988.88
5919.78
3343.08
3363.35
4228.69
12223.1
1.10681e+06
7199.14
4366.81
62553.6
8594.73
3463.98
3861.56
20357
6239.42
3886.87
36472.6
3902.04
5596.36
4412.53
6007.56
3388.67
9945.95
8646.16
8732.2
13217.6
4246.36
16705.6
4042.16
2384.79
6849.82
14001.8
4332.27
18828.6
4154.42
7462.59
3845.1
4444.62
33798.9
2315.79
3578.4
4137.2
17621.5
1.35555e+06
3477.93
13976.6
3846.53
14947.4
322.563
4678
38639.3
13653.3
11639.1
2586.49
13653.7
4313.22
7394.28
3799.76
2452.28
3436.16
3593.36
18926.8
1.02727e+06
1.21668e+06
3752.2
18273.4
5218.14
1.20675e+06
3594.41
10038.6
4767.33
6160.1
385.918
7036.19
1.04025e+06
1.36122e+06
10114.8
15793.9
924544
4655.76
1.25846e+06
6846.57
10082.5
4213.72
3669.53
925166
6374.12
4221.75
18595.4
8693.43
20842.3
3810.2
2492.5
2648.81
1244.03
7831.46
17990.4
5881.85
4503.57
3138.58
18219.6
1.01079e+06
26623.6
4373.01
20398.3
4670.85
9905.87
3754.24
34565.6
4709.52
14875.9
2698.82
4321.21
1.02901e+06
8539.55
3499.28
18607.4
4043.86
419.732
14897.8
2798.93
7704.82
1.36625e+06
4694.44
4692.86
6735.09
10857.3
8780.48
2521.44
5632.04
4043.64
17270.6
6294.13
6926.73
7581.45
3739.68
8404.6
1.06744e+06
3467.97
8854.58
3837.04
3805.1
498.13
14672.4
3461.1
2600.27
196.107
5853.92
3884.73
4814.83
3904.69
2752.67
5574.25
14903.8
19470.3
7033.83
8228.6
4868.14
2745.17
17191.6
15545.6
7860.75
1.07446e+06
9789.58
4224.26
15212.3
380.54
1.36835e+06
2842.93
16662.1
14786.4
1.37e+06
6253.81
3737.07
1.33987e+06
15864.4
1.3689e+06
4946.58
194.7
979273
15100.3
3720.22
7166.47
3646.29
3763.6
4858.21
3983.58
3919.01
4178.51
4519.32
6920.88
206.818
14943.8
3829.2
4158
2797.47
4918.71
4883.83
12773.7
9716.08
4804
412.379
7836.98
4693.52
24405.4
3551.23
5221.36
627.794
9409.18
4137.67
3640.78
3311.69
3557.12
5916
4605.47
8506.74
6363.27
4060.98
57994.1
5582.09
18773.5
4242
1.37066e+06
2759.4
33834
5792.13
352.77
178.976
972366
1.22204e+06
187.333
7937.47
6886.83
11970.4
9493.04
3788.22
17073.3
9082.09
45843.6
4534.6
3742.74
1.03231e+06
7841.87
7170.03
9352.23
1852.14
3632.98
284.821
21637
918165
8980.49
1.12674e+06
997450
4540.23
491.987
1.37487e+06
23542.9
4887.95
3806.77
12784.7
3738.29
19229.6
5435.65
13334.8
5151.85
19467.4
1.23512e+06
424.193
235234
13748.1
3962.62
11726.8
1586.23
471532
9675.43
5014.66
39318.6
4326.89
1.23777e+06
5598.56
585.192
1066.25
4880.13
1.16889e+06
792.386
4106.41
1.02174e+06
6156.54
5205.6
441.295
15074.5
35392
3942.57
1999.61
665.029
3100.81
4860.68
3997.4
1.30471e+06
3364.71
22118.5
410.107
20373.4
19248.8
13192.3
4116.93
14856.2
1.2613e+06
28342.7
23837.2
391.024
38529.2
1.00212e+06
24960.9
3610.58
1694.42
5329.43
4855.25
18129.6
13734.5
2827.92
3954.5
5350.76
2160.77
4022.22
23604.9
9627.88
1.08206e+06
1.21255e+06
3708.68
5209.8
4940.58
5598.22
3918.7
1179.4
8849.43
3367.97
1.35568e+06
9760.91
4476.59
524.318
9472.97
15561.3
9463
3735.16
2408.45
1.19555e+06
4887.11
342.053
589.693
2909.6
17627.5
6178.2
3278.18
105.77
3867.45
4849.24
43849.8
5284.21
1.21712e+06
6706.22
4533.32
3628.9
16963.1
3979.74
5237.83
1.17591e+06
20223.2
3684.96
3830.92
5475.21
6171.57
2984.72
5475.12
4319.33
5080.18
13300.8
11989.4
15340.4
8486.32
3923.88
1.14909e+06
5108.56
7620.59
1702.26
3659.83
1.34609e+06
4546.95
9003.16
3430.73
6910.18
1.26319e+06
5188.14
62062.7
1.06388e+06
3310.75
58960
1.04275e+06
26486.5
4435.95
3664.55
5142.52
3309.7
2178.53
18620.7
6288.78
9399.1
4656.31
24817
1203.35
5686.89
4793
4615.07
442.633
639.846
4806.63
3845.47
5313.35
16027.4
3914.4
15573
13336.6
3946.37
5780.11
15740.8
5909.18
1.33364e+06
34887.1
6378.65
13417
1.16208e+06
13586.5
4717.2
9969
5737.94
3800.33
4613.98
6656.16
754982
2898.87
5548.67
1.12612e+06
4684.99
37593.7
4899.28
3875.63
4987.8
5662.62
1815.53
14808.6
1205.01
22944.4
9097.41
5723.94
3780.94
5218.55
7115.22
23555.2
35844.4
4285.99
16448.5
33785.1
7580.15
8306.68
37631
3784.74
3432.89
3124.68
492.364
8622.21
4363.87
17105.4
5286.5
3655.12
10264.8
1906.13
1.20535e+06
3228.61
1.31376e+06
1.177e+06
25573.7
4676.23
1.21258e+06
25556.9
1.37217e+06
12675.7
3556.05
5809.45
3783.18
6368.23
11504.6
1.37364e+06
3611.34
6665.77
1.35698e+06
18272.2
6165.31
1.2993e+06
11536.8
3343.77
3885.03
7990.74
4734.65
37601.4
9181.86
11801.4
42078.4
5134.34
4105.98
4350.73
6921.23
17244.7
4693.97
6519.04
3698.49
10442
5511.37
17707.2
5219.3
1859.02
33835.3
20229.2
9178.05
6093.41
63382.6
4253.04
3551.84
22965.8
16794.1
672.546
5077.33
52589.6
5457.13
12666.2
5645.53
598.219
14233.5
4347.94
49560.6
3225.64
4522.66
3875.95
19672.2
8566.91
16643.7
3593.4
24700.9
4474.41
495.418
5101.21
6406.06
14796.8
8233.26
3341.4
6378.49
4113.33
1.15e+06
4331.55
4541.32
6355.38
7295.52
10050.9
4540.68
39168.3
17478.8
3444.88
1.17749e+06
3715.47
4230.07
51348.2
1.36484e+06
242.233
557.583
4711.05
561.889
4731.76
21597.5
11413.5
18197.2
6985.21
1.26728e+06
4783.25
579100
1.37511e+06
4003.06
595.992
3487.51
8157.69
23017.4
24642.9
4851.37
58656.4
1.36569e+06
6371.34
1.36618e+06
1.1395e+06
1.36521e+06
901.41
9232.18
6404.96
15917.1
28330.9
17844.7
4297
4413.9
4618.31
2634.93
6821.74
16633.7
1.24418e+06
4475.42
6982.85
1.25329e+06
12974
3263.72
5156.23
3816.13
1.06092e+06
494.147
4725.74
1.36466e+06
23443
875849
445.466
19856.3
1850.48
581.499
3917.89
18508.8
1.12164e+06
12406.8
14614.8
21545.1
1.36892e+06
4226.41
5859.33
100198
96794.4
10856.4
6641.29
5374.67
1563.1
10319
6125.33
17494.9
3377.67
4145.7
27039.1
3997.61
42804.1
7000.04
7070.75
1.16855e+06
4851.36
5921.67
1.14514e+06
1.16841e+06
3645.97
21740.8
4561.2
21250.3
2496.13
1.25083e+06
4718.77
1.37003e+06
1.27949e+06
3570.24
6668.68
32467.4
3392.67
3925.86
3882.18
525.074
6183.89
1.11723e+06
7627.3
109823
3795.33
23999.4
1.35909e+06
7459
4091.84
863167
2120.59
21993.7
24604.9
5303.69
390.211
24040.4
55986.9
5726.2
1.25699e+06
4893.18
7452.75
3634.72
10544.2
7865.39
1.22655e+06
2109.03
3658.91
3787.06
7074.79
1.35191e+06
5475.82
3836.84
3216.01
4310.9
4206.92
8015.84
5433.88
1.08328e+06
3607.91
19245
4224.63
10387.8
7942.77
3919.57
13053.6
12137.3
4103.84
16415.6
6810.36
4489.27
22160
9875.37
5647.29
19763
5734.8
5768.34
5655.1
26295.6
7545.6
3994.16
4919.72
6329.28
4130.63
11941.3
24859.6
6369.86
14812.3
4287.94
3960.3
2434.92
6099.55
3550.08
1.27774e+06
12658.9
2948.64
3447.96
496.89
7462.21
2659.35
1.17438e+06
6276.22
18790.7
10307
4184.99
5853.35
65918.4
25631.1
563.927
1.17678e+06
5932.06
8952.86
1.37578e+06
7016.78
3197.67
1.25804e+06
3909.89
20615.6
6966.94
3242.79
6712.75
9515.77
15102.5
275.184
10880.2
15428.1
3630.32
4874.2
3799.94
2636.39
1.36781e+06
1.30476e+06
1.30191e+06
7713.21
4179.83
6200.59
20180.4
8534.56
71795.3
7496.34
1.34904e+06
5911.68
1.34066e+06
1857.93
4694.07
3539.59
1.17129e+06
400.264
5515.18
3779.96
6796.14
17243.1
5353.74
11118.4
1.0647e+06
2867.01
361.13
4330.06
10785
174872
4333.14
485.782
6567.04
1.28265e+06
3376.28
2722.66
7164.59
66140.9
471.021
1.36151e+06
1.23532e+06
4130.64
15345.6
24412.6
3854.02
2165.65
12684.3
14839.3
17919.8
7796.77
1.36543e+06
5259.21
8294.86
7081.76
21602.8
3586.18
5502.61
4802.76
504.129
6115.29
1818.96
284.709
6942.07
540.444
132.472
9889.26
5788.11
7237.98
11509.2
129.508
64334.3
129.777
8401.52
8608.25
4695.91
145.466
2508.06
1161.4
5499.28
21493
4224.51
17758
5442.4
20123.2
346.512
4301.98
3607.63
1.18005e+06
1.36974e+06
7290.2
7175.37
4416.97
6369.93
3527.71
1.32951e+06
592.401
10977.2
2419.75
1.12014e+06
7317.19
2294.94
187.664
1.36933e+06
5197.77
1.33087e+06
5866.24
4382.76
26828.2
968242
2122.89
1.23624e+06
1.0651e+06
140.621
18119
18065.8
965036
10479.8
1.17349e+06
59354.4
1.29363e+06
12294.9
1.05838e+06
8948.63
99438.9
1.23943e+06
1.36901e+06
45568.3
1.31973e+06
1.2864e+06
1.36456e+06
30401.4
6861.45
15303.5
10714.5
26356.8
1.06888e+06
18856.1
1995.63
886986
1.06317e+06
1.29664e+06
10500
9054.82
10057
6938.31
4289.06
809.27
20071.6
152.45
7643.73
1.31199e+06
1.37449e+06
22323.6
7365.14
6471.32
1.36853e+06
7890.38
3703.1
15721.8
3937.03
1.0429e+06
4425.54
1.26345e+06
7358.43
1.37468e+06
3839.26
8337.76
4967.41
1.19232e+06
4153.36
3754.9
2720.35
46973
66806.6
2444.2
2139.07
4212.64
1.31947e+06
1.0723e+06
3131.14
3687.68
8287.41
6475.77
35398
1.37559e+06
17953.9
7300.33
45299.6
2142.8
2562.57
6515.36
32398.2
11283.4
4503.14
71305.4
14143.6
1.21757e+06
4951.11
1.19257e+06
51673.7
790.085
11088.1
369.731
8101.65
6396.17
3844.66
5782.08
18305.3
1112.38
5357.97
1.36433e+06
6669.7
1.30407e+06
1.3571e+06
22731
1.18558e+06
1.11156e+06
3166.75
8149.33
33559.7
2976.58
3080.12
4656.83
280.187
1.36456e+06
8533.73
3929.65
1.26538e+06
4796.05
22652.4
7282.53
6131.02
28565.4
19206
5184.35
9378.37
5348.48
5322.36
595.58
1.26569e+06
1.36251e+06
3294.04
3838.13
3849.77
5722.35
5254.43
6453.46
5062.47
16287.9
2869.41
8649.09
4282.82
4445.39
9027.24
3414.63
8588.96
9268.35
9858.6
1.15242e+06
20379
33664.4
1.36403e+06
6906.47
7963.42
8287.84
1535.56
7222.11
1.26182e+06
7719.91
4061.13
3590.43
4496.93
3075.57
5468.37
5883.96
1.28589e+06
18852.7
17491.2
61166.1
16721.1
3582.54
3138.67
45062.8
2821.11
3646.3
2918.24
1.28505e+06
1.36095e+06
1.31774e+06
214.879
1.37358e+06
1.36808e+06
3730.28
5007.71
5286.84
284.748
4605.22
3587.91
6522.72
8742.78
3447.33
281.671
7568.11
8024.92
1.35838e+06
11639.9
1.34219e+06
1248.5
1.35672e+06
14400.1
12137.7
1.36217e+06
1.34003e+06
1.2534e+06
4452.87
4661.5
3601.52
1.31316e+06
4444.63
7323.65
281.975
3703.09
2605.05
6264.99
7911.03
4719.03
4418.78
1.32844e+06
4238.38
1.28662e+06
51343.7
873.057
690.798
1.2149e+06
6889.05
1.354e+06
1.21339e+06
3547.79
1.32723e+06
1.30826e+06
36567.9
439.257
5091.75
4489.61
1.37519e+06
4223.26
12677.6
4868.45
1.28621e+06
1.02e+06
1028.45
1.35616e+06
3818.67
3850.82
1.26738e+06
8760
8014.04
7067.68
4052.88
1.30808e+06
1.25375e+06
2697.48
3832.18
1.33146e+06
3875.52
4081.06
1.35115e+06
1.2739e+06
2636.61
3395.32
7092.34
13412
3798.1
1.37513e+06
6167.43
34820.8
499.327
20253.6
1.33334e+06
22173.2
1.37517e+06
1.3517e+06
373.489
8198.76
5842.56
28649.9
1.37338e+06
3509.77
1.36752e+06
3748.42
1.31848e+06
4921.73
1.34787e+06
16477.3
4142.94
17004.4
7195.43
3019.31
29775.4
5458.97
7239.85
1.3605e+06
29488.8
3188.12
7140.16
1.30245e+06
7421.3
5796.75
8091.39
24256.1
1.36479e+06
1.34465e+06
1.06384e+06
2585.68
1796.84
1.30285e+06
1.3336e+06
18254.1
5689.36
3177.56
1.19309e+06
1.21618e+06
28592.4
4397.82
1.37557e+06
5461.24
2799.13
1.36505e+06
1.34178e+06
1.27544e+06
1.34422e+06
6122.84
5852.44
3728.76
3373.85
8052.02
576.522
1.37072e+06
5187.27
21250.2
3788.14
1.24692e+06
1.36656e+06
1.28272e+06
1.35052e+06
24468.5
13445.3
12207.1
1.20816e+06
1.15105e+06
1.34493e+06
6319.6
1.37459e+06
7915.43
8970.42
4314.48
4400.84
1.33463e+06
2200.99
1.24464e+06
8723.32
1.33946e+06
14392.2
4450.58
5511.26
3213.49
1.36116e+06
4029.36
1.3217e+06
1.37248e+06
938640
5090.54
6478.88
4289.22
511.772
11039.6
1.07246e+06
1.07317e+06
3935.06
15745.8
3338
7077.45
7071.9
7908.35
4218.74
285.187
1.29068e+06
1.3242e+06
1.37105e+06
1.33848e+06
21497.5
1.33331e+06
1.07749e+06
8595.51
11619.2
3597.43
8947.48
138.75
252551
217.591
1778.08
1.0979e+06
1.3238e+06
15993.1
15659.4
1.35738e+06
1.32586e+06
3273.79
3542.43
1.07883e+06
1.32785e+06
4177.07
1.32914e+06
1.30548e+06
10477.1
561.369
9285.14
5710.4
8740.3
1.31686e+06
17313.8
1.30328e+06
8587.45
12933.5
11909.8
3998.2
23372.9
8490.13
1.31745e+06
1.36688e+06
1.06116e+06
53158.1
7202.85
9494.3
1.35157e+06
1.23677e+06
11106.5
1.27659e+06
8361.3
3849.96
1.30246e+06
18510.2
1.37368e+06
1.3095e+06
27958.5
7168.23
4422.68
1.34215e+06
6326.24
6835.27
5876.74
2125.14
8558.2
58869.2
3615.41
1.32679e+06
40966.1
1.346e+06
3492.32
4310.3
1.27357e+06
89321.6
509.863
9111.75
10695.9
7690.78
43041.7
3276.58
6127.79
3559.54
1.17367e+06
28004.2
10307.1
68883
1.33654e+06
1.36576e+06
9693.19
1.36803e+06
476.91
1.36734e+06
9913.68
1.36778e+06
1.37349e+06
1.36768e+06
17866.1
59279
493.938
8952.24
1.3637e+06
1.36508e+06
3646.02
1.33948e+06
10659.5
1.36719e+06
1.26923e+06
29336.6
931807
4365.58
4780.27
6413.44
10925.9
4221.18
6406.12
62546.3
6997.64
5821.27
3384.92
33703
50448.3
1.06658e+06
19535
1.33715e+06
4726.38
5502.25
4029.8
7361.67
7221.53
1.02682e+06
1.32947e+06
1.30966e+06
1.36036e+06
1.08084e+06
8262.58
26447.2
4155.6
1.32007e+06
363.843
8232.25
5795.91
935.179
1.3623e+06
6480.57
1.34422e+06
959480
3824.79
20.2847
26.553
1.28036e+06
26452.2
3585.65
5029.69
1.31206e+06
1.28961e+06
2990.29
13232.2
1.26625e+06
4225.59
6046.56
1.37313e+06
3823.56
3627.27
836083
3520.84
338.115
1.26486e+06
1.35884e+06
10230.6
11475
930.263
1.36172e+06
1.35581e+06
2302.53
8531.53
1.35003e+06
38174.5
1.05004e+06
3474.62
15544.4
8619.14
36686.6
59919.2
5533.04
23392.2
6317.93
1.2403e+06
15911.3
3312.33
6661.01
5658.9
3789.44
231931
8827.01
1.36455e+06
9718.87
531.726
3999.47
1558.92
11131.6
38974.1
29.3465
11822.3
26962.7
1.33291e+06
16812.6
1.30545e+06
1.22813e+06
1.0179e+06
1.12483e+06
416.916
9150.92
846571
1.35367e+06
6535.68
1.37218e+06
21356
4393.84
4160.61
4461.02
1.29922e+06
4160.25
1.35e+06
6953.77
3026.72
907268
955670
4051.58
1.23564e+06
1.09416e+06
3819.98
1.29295e+06
21621.1
12153.1
1.3601e+06
5820.18
14480.7
18320.9
1.03719e+06
15582.8
1.36915e+06
6195.02
1.37502e+06
267209
6277.79
1.37433e+06
1702.37
12829.2
4268.34
7717.19
2121.26
1.2464e+06
159.729
9828.97
1.34171e+06
6573.94
4394.22
1.36709e+06
1.34747e+06
16862.9
3859.91
8203.63
9429.37
4116.14
147.653
6709.21
3474.61
559.102
1.37296e+06
3584.7
1.34651e+06
6682.99
1.36292e+06
1.07554e+06
1.34286e+06
1.36448e+06
937303
2312.9
9797.34
977664
4123.1
1.375e+06
6942.64
1.33784e+06
1.03925e+06
1.36684e+06
1.15005e+06
3782.4
22579.1
295.816
9433.85
7557.25
20878.6
1.30575e+06
1.37497e+06
6607.55
54595.5
7453.41
9758.8
1.36044e+06
13687.7
4173.6
1880.25
4185.68
14379.6
3715.65
7176.95
6857.39
2251.02
6113.15
1.36882e+06
13460
1.33222e+06
5702.53
5575.02
1.33427e+06
1.37075e+06
4408.22
1.35419e+06
1.35658e+06
1.36936e+06
1.26567e+06
52101.8
4305.88
1.35299e+06
554963
18146.3
4871.73
1.37033e+06
46440.5
1.25557e+06
24063.2
7370.29
91.3547
6004.43
17293.6
2125.51
3651.12
1.26427e+06
2646.43
3939.31
5245.68
5333.97
1.37336e+06
8224.81
233.918
1.35055e+06
3911.48
46750.9
607.56
1.37487e+06
1803.88
25946.4
7126.98
1.21914e+06
1.13651e+06
730.016
5711.2
1.33738e+06
1.34483e+06
8552.91
16699.5
4545.84
893.494
1.16084e+06
18047.9
15990.6
9575.28
506.996
4942.24
40155.3
14599.4
1.3582e+06
1.37315e+06
1.33395e+06
1.33802e+06
55293.9
3589.36
1.37032e+06
2008.75
10573.2
3686.93
1.37507e+06
1985.89
8621.51
8384.59
1.2971e+06
4834.12
7657.48
1.32778e+06
1.28675e+06
4684.55
1.27832e+06
4845.13
1.30407e+06
22336.3
1.30986e+06
1.37053e+06
7775.43
1.318e+06
3619.65
39282.1
34681.1
186596
2864.62
2699.64
4346.12
9350.21
1.2974e+06
16513.6
12126.9
5077.14
664.699
1.30435e+06
3841.68
1.29156e+06
1.09257e+06
1.28401e+06
1.34931e+06
4028.82
1686.18
7429.19
17961.4
2908.95
300.428
8214.53
4048.22
5927.75
4183.62
1.05178e+06
2664.91
2308.07
23254.5
2909.82
9731.91
4949.4
1.13687e+06
5043.45
7822.96
5030.09
3742.53
1.37214e+06
1.31328e+06
3507.32
3554.64
1.37222e+06
564.758
1.37212e+06
12197
3637.34
898021
13498.9
3835.91
21439.7
4186.18
3535.19
411.024
42586.6
17110.5
3612.22
1.36531e+06
10258.9
8395.75
35838.3
762175
157662
2106.9
4073.78
2969.23
3917.34
37796.3
54021.6
12379.9
18392.1
5111.97
8059.34
4703.78
1.29294e+06
5047.87
24396.7
2786.25
7124.26
1.08608e+06
385100
6487.2
609.758
5696.73
17923.3
5494.87
1.3716e+06
4860.56
3605.38
25284.2
1.18919e+06
17094
8873.5
3782.22
8389.99
57361.9
3534.19
1778.81
6439.41
636.892
23861.8
28031.2
2674.76
23064.7
1.13197e+06
1.37241e+06
9033.62
273.572
1.21213e+06
380.994
16008.8
289.961
1.08247e+06
4794.14
4458.67
59500.9
57814.7
8909.76
12582.1
423813
1.33741e+06
6950.79
2242.05
5421.12
5451.73
4611.02
5158.69
10449.6
10121.9
865.9
1.11874e+06
14625.8
593.729
1.35934e+06
102782
182.057
4103.87
10929.4
3868.35
18153.3
902.944
6970.06
6748.86
3854.09
283519
5363.69
1350.08
11253.4
1.08705e+06
11990.4
3816.09
1.3644e+06
1.15874e+06
4631.06
6481.15
6428.91
3127.69
25740.3
1.23625e+06
33848.4
23115.1
4431.78
3632.02
1.09931e+06
5036.01
11462.7
4391.52
1.07007e+06
3776.83
1781.56
634.28
414.076
8765.9
14599.9
1480.54
15972.2
40057.6
55137.1
1.17744e+06
17296.5
8475.24
5411.48
1.3705e+06
1.37526e+06
4362.47
5088.78
8666.07
4642.69
11091.6
4652.36
1.35078e+06
3517.78
10193
8572.65
3229.05
5766.7
569.552
874814
4664.13
3801.74
7709.51
32777.9
650.609
25339.6
55809.8
273.88
1.3752e+06
7872.86
1.04947e+06
46938.3
1.36901e+06
11962.6
1.09378e+06
2891.84
6507.15
1.37394e+06
3573.32
3236.32
20423.1
3083.47
22952.7
1.15015e+06
7317.4
2110.93
7252.99
3656.87
47070.2
3632.07
16049
16870.7
2471.96
8033.79
2445.79
37314.6
11646.1
4866.71
4882.96
13390.3
4170.76
2923.15
11536.8
7151.47
1.36999e+06
1.37387e+06
1.03492e+06
2917.69
4527.71
68313
11781.3
5304.27
4190.64
4461.62
59915.5
2166.01
7100.26
13033.4
1.37409e+06
3939.14
18859.8
37452.1
8989.45
1323.36
1.2554e+06
1.33974e+06
3560.42
3886.61
14845.8
2460.86
3359.47
8388.18
1.18688e+06
2061.78
7887.01
4477.43
15275.2
1.11095e+06
54102.3
6595.98
4225.8
22411.2
4329.72
1.36018e+06
5609.76
8219.26
6809.59
2655.09
3165.09
1.07359e+06
287.577
9975.15
6996.68
3130
3777.64
52997.9
12277.4
1.37485e+06
34666.1
3149.7
4203.94
1.37481e+06
4945.34
1.11381e+06
7923.81
8611.74
21530.1
1.37143e+06
3858.89
955750
1.36443e+06
5743.45
52008.4
6124.82
4419.04
7971.3
4567.84
8126.82
1.08713e+06
4186.87
13447.4
275.432
509.267
4671.31
4710.69
18194.9
10491.1
14223.6
6151.06
3416.81
11347.1
1.13745e+06
6040.15
4414.73
51740.4
4044.33
3187.01
12024.1
1109.9
3543.62
12071
959.763
3889.66
2624.81
732169
3933.25
3615.89
20687.4
5360.49
562.33
15164.4
8277.45
4365.76
65387.9
1762.63
2044.16
1.1852e+06
20244.4
3717.39
7979.68
15706.8
25021.2
23019.2
16902.7
22311.3
35374.7
3965.88
10051.7
982.622
8682.2
12247.2
1690.5
5679.29
4509.01
38824.6
14623.7
13077.5
30937.2
38151.6
1.05673e+06
15021.2
4027.53
3431.49
19326.4
1.29377e+06
1.27207e+06
21113.4
3361.43
1.09501e+06
627.026
1.1216e+06
6022.92
24722.7
3891.87
1654.79
12749.1
2921.88
2871.1
16864.6
23385.1
405.281
6016.37
1.06785e+06
28562.9
18183.2
3551.5
4926.76
1.05295e+06
5509.99
474722
22299.9
21824.5
3659.26
4031.83
17432.4
6044.14
3774.96
30599.5
13868.7
710.312
1.31835e+06
5837.23
18675.9
12776.5
1912.93
5780.53
23144.1
5089.32
44498.3
3994.04
274.033
8972.79
61924.6
17784.9
11040.3
6518.95
371.824
11901.6
17485.8
8263.7
6647.38
36160.9
1.16955e+06
1797.56
1.3664e+06
762.539
877041
42539.6
231.106
16379
2442.09
4671.51
1.37066e+06
2558.28
15433.7
78238.1
614.058
6674.07
10858.6
3856.7
275.266
12502.5
3325.78
56063
3674.31
100493
7484.8
2227.22
4799.72
3978.86
55788.1
8040.61
7963.83
4546.9
3879.53
9329.72
5663.37
10050.2
1.129e+06
10453.4
15181.4
16677
1.07425e+06
5991.32
11439.9
10030.1
612.481
3788.81
956.816
4240.86
16523.6
4601.68
15332.4
10286.3
1.31436e+06
14020.1
12697.5
14486.8
1.16608e+06
2359.52
13118.5
18843.1
6801.74
3339.29
67519.8
1.06411e+06
4777.44
3014.94
5569.41
12388.9
870634
4026.52
4282.29
1.37301e+06
7445.06
21651.3
5784.39
9820.74
22967.2
8773.78
3894.77
22173.1
13758.1
4159.08
23850.7
14402.2
4341.57
14522.8
6268.76
74224.1
21889
1.37588e+06
1.15986e+06
325.933
896398
1.10862e+06
6911.09
2479.99
3838.36
2082.79
14612.4
12490.6
13268.2
7666.99
5616.16
3329.84
20395.8
5479.96
3395.95
22575.1
1.3117e+06
26249.9
6181.31
83538
23220.6
19745.2
1.33344e+06
7100.9
26548.9
19879
50561.7
103814
7330.54
1.3691e+06
14763.5
15110.6
9459.65
16253.3
27718.5
50233.6
1.371e+06
36165.4
23589.8
4915.18
934795
6501.44
9451.32
40108.5
14520.5
1.14466e+06
3908.93
4668.01
4486.75
13931.2
9925.75
938508
22670.1
20592
4734.22
1.13237e+06
4063.61
3569.04
14990.5
18014.9
5877.3
16131.9
3659.36
19448.1
3684.68
2781.29
1.13299e+06
10874.8
17481.9
84560.7
1594.53
579.809
4736.06
22008
3545.41
10340.7
510.655
5094.03
56178.4
9728.96
1.10437e+06
26647.4
1.19265e+06
1.12881e+06
7980.36
11239.9
3625.68
1.19776e+06
6901.99
17051.8
13822.1
638.77
13851.6
4302.91
4720.11
15751.1
71796.1
4690.02
17687
6633.93
4982.42
5132.49
191173
1.15488e+06
25431.3
1.10449e+06
1.16623e+06
10961.4
2240.52
1.25519e+06
43342.3
111957
19341.9
18311.1
1525.32
298133
16869.6
4528.5
11690.7
6644.08
3897.83
7792.58
5061.03
726.604
1.23744e+06
2235.88
5083.95
3877.72
4254.06
7267.06
5483.77
18515.2
16578
2234.82
54511.6
58575.6
6244.21
6846.17
1.11632e+06
5331.2
5966.05
2497.39
12323.3
2889.64
18281.8
4125.16
33924.7
45954.4
5307.34
7276.03
4281.46
3581.88
21176.2
21658.9
29139.3
31897.3
64745.8
17524
504.016
127651
1.06197e+06
1.37533e+06
18243.8
17591
17538.3
1.36846e+06
11700
421.567
801.733
13548.7
502.809
57855.5
1.12831e+06
1.17953e+06
20652.9
6854.84
13853.4
4016.71
3679.63
13151.8
207.25
14310.7
1.37226e+06
3487.2
15632
3809.99
21378.8
1.14255e+06
7887.76
18794.7
23381.6
49250.5
3774.04
7319.74
48452
21802
19649.6
1.10174e+06
3983.76
396.723
924.504
16483.9
67736.1
26174.8
32287.3
6174.65
3619.33
317.181
4353.84
1.23501e+06
920765
25364.4
1.37549e+06
3374.71
30859
9911.45
16955.2
70814.9
1.08139e+06
3675.12
1.20458e+06
13808.7
3167.18
4658.62
10533.9
7037.28
12465.3
4502.03
561.945
654.878
4553.17
16181.4
80885.6
4667.59
13602.3
13651.9
20753.7
21188.4
18756.9
24233.8
1.3608e+06
1.36309e+06
1513.49
12636.3
7970.6
356.501
385.783
5063.69
204398
1.16399e+06
1.31404e+06
1.12252e+06
7153.19
1.29638e+06
1.17224e+06
7806.63
13207.9
14175.7
4988.32
664.399
20180
1.32124e+06
1.36766e+06
46120
1.25659e+06
3636.02
3929.81
4669.68
1.12369e+06
938.906
1.07872e+06
5570.72
6530.5
3281.55
32015.6
1.23966e+06
24621
19648.2
3943.11
3669.98
4892.46
4999.79
3997.45
21744.1
5030.93
3793.76
11936.2
22019.7
3740.09
23892.9
4483.84
518.691
1.37595e+06
14018.1
3115.14
9084.07
215.111
21400.6
1116.26
7706.93
3219.06
1.09888e+06
91143.6
2915.72
6965.39
43354.5
16563.7
5217.48
516.371
13728.8
1.08439e+06
1.24983e+06
141134
5269.6
598640
6179.92
5670.24
23706.6
31389.9
1.1674e+06
3597.92
17108.8
7398.08
9696.49
568.055
361.973
4040.9
3222.65
13524.5
4926.81
50397
1.37011e+06
13020.6
1825.62
3402.31
1.22702e+06
4780.8
4699.48
1.25963e+06
3364.53
14480.9
20057.4
23266.5
15466.7
12364.8
149775
1.10745e+06
1.35939e+06
78296.2
8339.48
3933.15
1.36182e+06
1.3596e+06
1.36642e+06
1.34713e+06
1.36488e+06
1.33697e+06
1.34044e+06
1.30519e+06
1.31225e+06
1.35568e+06
1.36867e+06
1.34409e+06
1.36757e+06
372.644
1.33257e+06
365533
1.31751e+06
5410.58
33807
5067.42
5854.93
1.37311e+06
1.26395e+06
1.13478e+06
275.371
714.239
1.30548e+06
39938.9
4359.4
1.2877e+06
136900
14726.7
3677.29
191485
1.23016e+06
8911.44
1.29877e+06
15915.1
4336.12
61018.2
1.21561e+06
603.05
1104.57
13906.8
836.765
35958.7
1.15222e+06
1.15086e+06
16498.3
950117
3001.03
4494.08
4854.55
39088.7
1.30341e+06
16674.4
745.077
119119
126947
1.33161e+06
808271
938421
18210.1
1.32641e+06
7563.73
1.18151e+06
3722.12
1.17744e+06
1.34954e+06
4591.54
160238
17158.5
15110.2
21380.8
1.24539e+06
4668.9
627.436
4364.22
701070
1.31283e+06
16670.4
14240.2
2112.87
4863.44
565.032
14047.5
9352.11
24428.3
5715.6
6741.64
1.12514e+06
1.16506e+06
1.2315e+06
5032.07
5064.59
7574.31
1.37223e+06
1.37283e+06
26894.1
1.23127e+06
1057.88
64005.4
1.36954e+06
13881.3
4595.73
1.37382e+06
1394.57
3659.83
6321.45
116023
9689.92
26478.3
1.37488e+06
16610.2
4836.55
4531.15
25154.2
1.35998e+06
13892.6
1.37529e+06
5183.84
366630
21551.5
2839.53
1.16156e+06
9474.9
11823.5
14294.6
4272.45
1.29823e+06
1.04578e+06
48595.6
457.588
932.672
13342.4
6644.59
12233.9
14382
2831.46
1.25551e+06
2905.51
765097
1.09427e+06
12923.8
640.458
21499.6
3856.23
460.438
3383.36
8502.04
1.17434e+06
16012.1
13912.9
1.13702e+06
3493.07
28084.7
1.19544e+06
63231.2
266.694
3569.64
985.616
8190.56
14536.9
24875.4
6866.47
161088
5307.04
4545.22
5856.03
3209.62
1.36459e+06
16168.8
1.37352e+06
57725.1
3691.2
3856.23
23165.6
577.287
13263.6
5563.34
23478.7
11890.6
16535.8
3587.55
328.586
1.37373e+06
12055.5
235841
779.46
2242.25
13486
4273.85
1.35131e+06
28809.4
3986.37
10684.4
1.32588e+06
841.433
826.995
15543.9
1.17066e+06
2889.26
966207
15279.3
1.10621e+06
1.373e+06
6628.46
9812.24
1.35713e+06
1.28138e+06
3964.3
1.19131e+06
3769.28
16388.6
50026.3
1.37293e+06
52513.3
6066.5
5667.89
4553.68
962115
25185.9
1.33998e+06
1.11605e+06
54215.2
3799.39
16236.3
1.08887e+06
12938.7
3178.86
3793.23
18295.4
5987.05
457.85
948.117
19516.3
19001.4
1.3736e+06
1.37253e+06
18115.7
14427.1
3597.68
5230.32
1.16277e+06
206812
38805.2
656.833
3169.77
3980.97
5784.37
413.838
3694.72
4955.96
5060.12
20384.4
5559.83
1.36765e+06
1799.65
1.36523e+06
312.425
1.34623e+06
1.17908e+06
16518.4
44608.6
17687.6
7380.24
29921.4
1.27097e+06
39973.7
3272.21
1.3614e+06
5686.58
2868.11
16156
1.37626e+06
1.3259e+06
1.37476e+06
792890
1.00564e+06
1.18513e+06
57805.9
13340.6
1.32014e+06
1.319e+06
24968.2
264.425
4730.98
1.35768e+06
6495.46
19999
3801.53
19805.6
20794.5
1.08778e+06
13149.4
16687.4
1.11755e+06
3999.12
19380.8
3512
3564.71
1.32885e+06
1.15774e+06
8226.21
3286.93
3787.43
1.35203e+06
613.209
17119.8
4292.48
5482.62
1.04993e+06
18770.4
1.05047e+06
49535.7
20173.2
18493.7
1.14115e+06
1.2909e+06
3642.89
50332.5
2551.5
1.37405e+06
18361.9
428986
4538.33
3577.06
4337.37
208140
1649.51
5567.8
1.34005e+06
3000.5
245.109
4246.66
9638.98
4287.92
30279.6
1.33031e+06
1.16967e+06
15078.8
6628.06
458707
76144.5
5391.46
1.37389e+06
46834.5
4734.52
19118.5
472.981
19592.6
122422
16134.6
90979.2
1.37353e+06
15878.8
458.016
4422.51
14035
4183.92
3727.2
1.05317e+06
26670.6
1.05675e+06
3741.07
16732.3
17783.7
62900
4156.82
5483.18
3658.55
3026.61
4228.32
475.83
8867.22
28942.6
3582.04
5115.32
5223.11
3533.72
3675.78
1.18741e+06
382.362
3686.52
17227.5
18735.1
24136.4
5232.23
1.19811e+06
5304.83
8852.79
3512.35
147284
19147.2
9009.71
1.12807e+06
1.17434e+06
584090
26208.6
1.1612e+06
873470
20925.6
11702.9
4070.64
3760.44
3887.22
3535.05
4651.91
6070.04
10473.5
3614.73
1.14304e+06
7095.44
4767.13
8766.48
9273.11
5888.34
47734.9
1.0226e+06
97600.2
3108.01
366.876
28888.3
1.1532e+06
3535.9
3564.92
3433.99
17491.6
30894.8
6938.72
4151.52
1.09313e+06
28278.8
18334.7
21541.3
50968.9
7877.12
4367.6
1.19348e+06
19408.2
4822.48
6913.06
2040.45
364.343
3902
1769.27
22013.8
85784.9
16288.4
6929.33
4446.05
1.09701e+06
1.2095e+06
1.14323e+06
567.091
4829.9
31326.1
13714.5
51933.5
20888.4
487.069
4970.1
11436
22482.7
15420
168232
5768.53
31020.4
4491.97
1450.29
3673.13
29743.3
849.873
1.10456e+06
1.16722e+06
14148.7
10307.7
17817.5
32448.8
4263.53
21061.3
32407.5
1.16023e+06
34223.5
21488.1
5872.4
888.868
4613.89
6599.86
13460.8
808.732
5466.08
1.36525e+06
15287.8
1.21525e+06
728.886
17805
3851.32
3902.22
5702.5
1.19554e+06
12999.7
3998.33
2098.71
36003.9
7573.52
4785.08
9080.72
23494
3693.88
24311.7
7625.51
3880.88
7379.44
36715.7
36080
7336.18
9685.87
10694.2
1.22063e+06
1.00129e+06
7032.64
3128.96
5303.17
1.08654e+06
3576.6
23094.8
916194
26158.8
27766.7
69795.2
3621.53
3529.59
17972.1
1.19521e+06
5746.91
22146.3
19300.2
1.32722e+06
8624.69
177612
3449.71
1.07443e+06
1.13864e+06
4258.09
1.20284e+06
852796
12918.8
30995.6
1.15789e+06
1.16985e+06
1.37533e+06
28791
7248
5313.5
14702.5
728.262
560.866
1.35643e+06
4222.57
1.34092e+06
8159.03
14558.3
913299
20682.7
26891.3
7236.97
1.11146e+06
1.21027e+06
13687.8
3256.6
63725.3
5106.68
5356.43
1.04609e+06
2484.65
13364
3608.86
74206.1
4560.55
40775.6
380034
3160.76
3576.66
51521.6
3309.83
1.21063e+06
494453
26270.8
9990.44
3753.06
1.18084e+06
6933.73
75997
5333.75
13047.7
3551.73
23576.1
59453.9
52966.1
52693.3
28028.3
1.23494e+06
4664.82
1.10039e+06
3754.82
628.974
320.196
1.21653e+06
32756.2
3001.62
1.12426e+06
195349
3990.86
33352.9
12456.1
1.17811e+06
3565.21
1.15879e+06
4091.95
55945.1
4660.35
807714
15122
3602.84
4914.12
11372
69042
13242.4
4828.13
1.096e+06
1.19221e+06
56403.4
86046.8
37.5077
6714.91
2218.52
10688.5
1.37034e+06
224.524
13876.1
6298.39
3651.56
4973.72
8378.24
84800
21030.2
4324.31
4078.47
43536.4
7514.84
1.13529e+06
84.6705
6875.66
923348
55373.6
1.32428e+06
3677.72
1.08575e+06
10232.1
4272.35
4212.28
3946.86
58378.1
82134.8
3479.13
3849.48
1.37538e+06
1.18797e+06
35639.2
1.18122e+06
1.3715e+06
427.662
5312.1
17213.7
1.18457e+06
18236.8
1.22371e+06
3187.98
940996
9505.34
25029.1
4008.23
6002.3
1.20092e+06
3492.94
15960.4
1.24277e+06
1.20756e+06
3616.53
4880.47
20815.5
15101.8
1.18598e+06
18181.5
1.26401e+06
168793
29329
5065.79
19810.1
4329.55
4791.64
1.37034e+06
5253.8
21802.2
1.19954e+06
6742.38
892646
27380.8
1.35159e+06
26097.1
3833.12
2363.65
42240.7
1.19359e+06
7090.71
6136.94
1.15552e+06
5778.16
1830.33
1.01033e+06
3638.24
53930
1.37536e+06
1.24745e+06
428.935
405.329
4280.46
18048.8
2418.07
6385.04
1.14837e+06
19976.6
3081.15
30056.2
4270.22
1.36554e+06
1.3661e+06
1.36651e+06
13256.8
565341
1.36502e+06
866.483
1.22969e+06
9112.48
4965.58
3128.73
4478.94
1.37407e+06
1.37102e+06
15719.8
1.24615e+06
3572.75
4294.85
280.447
37658.2
7675.38
14000.4
1.30658e+06
4306.22
30095.5
3931.35
562257
1.30094e+06
4663.38
1.22975e+06
1432.46
50686.3
1.31569e+06
356.96
572721
9129.92
66784.9
3601.28
6488.54
4690.81
19959.8
1.34852e+06
1.23598e+06
12808.2
24332.3
1.22271e+06
28337.6
4343.03
1.22045e+06
1.1819e+06
1.17479e+06
3600.02
222311
1.03918e+06
9262.56
28553.3
69142.2
28671.2
211610
10880.1
831.217
1.36445e+06
1.13454e+06
1.36522e+06
5471.93
1.24186e+06
27730.7
9177.21
32991
3664.7
6763.05
40638.4
26098.2
1.35901e+06
1.25677e+06
1.36148e+06
1.35355e+06
22249.8
1.27007e+06
1.08793e+06
58118.2
1.20673e+06
1.35882e+06
938862
49038.1
5804.18
24470.3
25129.5
44046.1
12575.1
343.562
1.27048e+06
1.36573e+06
6756.44
1.35681e+06
6357.84
1.25166e+06
1.27618e+06
238004
1.36914e+06
1.25985e+06
1.33206e+06
50346.2
1.23815e+06
27.6212
18.3125
24911.2
1.375e+06
1.35247e+06
7717.73
9249.84
1.32129e+06
70858
886.476
1.278e+06
1.29573e+06
42394.8
1.34867e+06
54080.3
50818.1
3279.99
1.37001e+06
1.31975e+06
1.17546e+06
879.378
1.36968e+06
4086.44
1.15787e+06
5691.8
1.25698e+06
1.29282e+06
675479
1.34583e+06
21042.4
1.37421e+06
1.36928e+06
5946.26
4112.54
18032.1
3927.75
7759.49
1.3688e+06
1.34152e+06
1.29078e+06
1.33977e+06
47230.4
14776.9
20548.3
1.36204e+06
1.28482e+06
1.33038e+06
1.1909e+06
1.24363e+06
1.37085e+06
1.36809e+06
5499.78
1.31914e+06
1.27079e+06
113733
4925.95
780.52
7158.48
9395.92
20261.6
3765.12
6902.51
3916.22
1.31116e+06
5098.39
1.3598e+06
16045.9
6237.22
1.26411e+06
593.732
1.24283e+06
1.33079e+06
6563.99
10886
8144.09
5715.58
1.36797e+06
1.26209e+06
41376
1.30765e+06
3684.44
84795.2
1.36614e+06
1.16693e+06
1.24727e+06
8067.42
704163
1.30734e+06
1.36258e+06
4376.43
9387.05
3812.26
1.36412e+06
1.31301e+06
1.2494e+06
1.23596e+06
18298.5
1.2525e+06
3999.27
926.821
226504
13178.4
1.32099e+06
1.36839e+06
28776.8
1.28825e+06
1.36273e+06
1.36861e+06
1.32074e+06
21782
8085.12
110213
1.33261e+06
84643.8
1.35465e+06
4265.24
12731.4
4503.23
15835.3
3537.49
577.079
1.35934e+06
1.25868e+06
404688
16322.5
961.734
1.33022e+06
3615.34
3769.74
1.29047e+06
1.32028e+06
1.27507e+06
27543
13392.9
5702.28
4447.19
1.35639e+06
54252
12429.7
1.22882e+06
3727.51
23104.9
1.37303e+06
9341.16
1.34004e+06
794329
7734.03
558425
1.26107e+06
3406.66
5048.77
734712
1.32817e+06
1.17575e+06
16916.3
1.32422e+06
2971.72
1.35436e+06
1.3465e+06
5545.21
1.21287e+06
1.30691e+06
1.32317e+06
16675.4
7610.34
7124.22
14250.3
7842.39
1.30118e+06
1.35082e+06
1.35196e+06
1.27954e+06
1.32527e+06
31945
1.32725e+06
1.27176e+06
1.01458e+06
1.26842e+06
1.28963e+06
1.29469e+06
6486.41
9256.96
13067.5
1.33626e+06
3929.94
1543.25
151004
1.3577e+06
67637.5
9220.84
4234.8
473964
211934
1.36745e+06
2398.93
1.34827e+06
1.33981e+06
3768.23
79.612
979.884
1.33345e+06
1273.86
1.36139e+06
401.429
1.29634e+06
1.16657e+06
1.34224e+06
1.34453e+06
1.34387e+06
1.19239e+06
1.3649e+06
3759
6555.56
1.36541e+06
1.27961e+06
1.28379e+06
1.30244e+06
1.34882e+06
4676.54
12302.6
1.33899e+06
998406
4903.72
1.3677e+06
567478
3935.25
1210.47
1.35162e+06
2326.55
6864.31
1.36101e+06
1.23465e+06
1.35132e+06
3952.35
1.2533e+06
1.33548e+06
1.27041e+06
1.16478e+06
1.33519e+06
1.35486e+06
1.18398e+06
1.35721e+06
1.36847e+06
3976.01
1.24814e+06
1.29469e+06
807542
1.26578e+06
4311.32
1.35688e+06
17957.4
6815.72
3983.5
10235.2
5869.35
1.29706e+06
1.35139e+06
8887.99
1.29002e+06
3470.94
1.28902e+06
1.3598e+06
22788.4
1.13106e+06
1099.69
1.34575e+06
4412.2
7832.35
35280.9
1.36306e+06
1.31263e+06
3891.7
900602
1.18924e+06
1.3222e+06
1.33922e+06
4096.69
1.36447e+06
376.721
1.29838e+06
15845.4
5620.13
1.3291e+06
1.37452e+06
1.31161e+06
1.31963e+06
871.307
29360.8
50543.1
1.30616e+06
1.33295e+06
4915.39
3580.66
5839.3
1.30191e+06
1.36636e+06
1.31637e+06
1.36607e+06
1.30878e+06
3715.52
1.36846e+06
3429.65
3100.67
1.17101e+06
1.29428e+06
836.493
9282.81
1.34042e+06
1.27803e+06
4218.91
1.29796e+06
60406.7
1.23972e+06
14673.9
1.30127e+06
13111.1
6735.96
1.34676e+06
8245.51
25304.6
1.30479e+06
1.36871e+06
1.00619e+06
3734.13
1.31599e+06
1.34926e+06
1.37095e+06
51098.6
4927.45
1.32123e+06
1.08775e+06
1.36957e+06
30259.9
1.37456e+06
1.35303e+06
623838
1.26524e+06
350.716
626676
4814.02
1.37017e+06
528.022
5039.75
1.35722e+06
1.32343e+06
1.37338e+06
1.05787e+06
1.37117e+06
3980.42
14785.5
6670.72
1.35921e+06
43271.8
1.36545e+06
833.601
1.27235e+06
1.24022e+06
1.37053e+06
1.37373e+06
1.32576e+06
1.36174e+06
9313.5
1.3324e+06
649933
36883.8
4135.48
1.20018e+06
1.26346e+06
5523.99
1.37443e+06
1.15717e+06
1.37352e+06
1.33451e+06
1.33669e+06
3729
8719.19
1.34186e+06
1.17494e+06
1.19677e+06
40427.7
5666.25
1.06679e+06
911.079
5127.32
30070
641.085
1.34363e+06
1.17008e+06
1.34806e+06
1.26091e+06
6368.92
1.17922e+06
21726.7
5449.59
6301.45
23973.3
1.33036e+06
475.989
1.34954e+06
1.35335e+06
26957.3
9496.51
3101.04
6771.05
3735.08
1.33251e+06
34418
1.35879e+06
1.35456e+06
37707
13647.5
1.35573e+06
40194.6
1.3733e+06
8496.41
3212.75
14064.3
109.26
5334.21
1.34147e+06
37463.9
22351
1.36224e+06
4747.89
4609.24
1.35979e+06
3589.8
1.369e+06
6492.94
674154
1.36957e+06
1.34605e+06
18651.6
416.241
1.36591e+06
1.36299e+06
1.26873e+06
1.36393e+06
1.30573e+06
792358
1.30528e+06
12836.8
5780.57
1.37258e+06
3552.99
13990.7
1.36833e+06
1.36668e+06
1.19187e+06
1.3753e+06
86.1499
262926
783.531
289.034
834185
6722.66
911.838
1.35266e+06
1.37508e+06
60443.4
1.2836e+06
1.37262e+06
1.37245e+06
1.36889e+06
1.29306e+06
10500.9
3690.03
1.35703e+06
1.02583e+06
1.3714e+06
46829.8
1.36996e+06
1.36948e+06
9976.66
4341.57
1.35963e+06
1.35602e+06
1.37094e+06
1.28745e+06
1.29125e+06
7816.78
1.37393e+06
43123
9533.3
1.35788e+06
985103
9114.54
26945.7
7009.25
4863.84
31756.6
1.3705e+06
7542.1
1.37177e+06
3404.88
14453.4
1.26917e+06
1.37218e+06
1.36067e+06
1.30042e+06
2627.88
894136
1.37258e+06
8009.36
14093.2
1.37287e+06
1.30344e+06
1.30655e+06
20422.2
3615.28
813.735
33215.1
1.36162e+06
1.37368e+06
1.21897e+06
17021.6
1.18302e+06
8735.99
1.31533e+06
14698.8
1.28888e+06
14646.2
842.346
21439.5
4583.21
3594.88
1.36519e+06
4732.3
14110.1
1.37226e+06
4045.89
36361.2
30314.6
545876
1.31787e+06
51548.9
1.36617e+06
653.626
1.36994e+06
3141.32
1.37588e+06
56925.5
1.32456e+06
774568
36821.8
1.36695e+06
5846.84
13744.1
3722.9
1.3498e+06
15591.4
994278
1.37037e+06
1.29789e+06
272.154
3698.59
1.32691e+06
1.30591e+06
1.33495e+06
1.3291e+06
53397.2
46847.7
3784.4
11608.5
1.37123e+06
4479.75
4303.77
1.07524e+06
28097.4
5818.36
1.26992e+06
1.34196e+06
1.19958e+06
4876.64
1.3369e+06
5583.75
9054.96
1.31938e+06
11727
4587.69
5820.05
6694.79
1.06948e+06
3887.98
8669.9
1.20834e+06
1.20376e+06
1.36765e+06
1.19067e+06
1.34379e+06
3686.81
31753.9
1.30994e+06
4660.34
1.20705e+06
1.37509e+06
1.35068e+06
1.31362e+06
15422.2
39780.2
23377.4
644584
1.34575e+06
940.729
1.32316e+06
1.2372e+06
1.05472e+06
1.33446e+06
22737.2
1.35143e+06
63749.8
1.35426e+06
8846.01
7764.33
1.35903e+06
3701.04
47224.3
1.3677e+06
1.29363e+06
1.375e+06
457.622
981328
1.35534e+06
3801.31
1.20512e+06
1.3681e+06
759148
1.18988e+06
43808.3
14351.9
1.32332e+06
1.37491e+06
1.36021e+06
1.21407e+06
1004.65
1.29863e+06
47109.1
4794.75
1.19801e+06
1.37517e+06
504.696
1.1695e+06
1.30752e+06
3204.34
1.36266e+06
3929.78
1.18185e+06
43363.7
14798.9
730463
5183.83
1.37521e+06
1.36472e+06
29486.9
3251.18
1.37382e+06
1.36346e+06
3964.95
1.36425e+06
1.18986e+06
3568.23
1.24116e+06
2282.02
34005.9
1.22091e+06
967.537
1.36485e+06
1.11388e+06
1.16236e+06
7971.83
9138.41
1.1679e+06
1.2263e+06
1.36845e+06
3484.37
284.63
10045.5
1.37065e+06
4598.72
1.15555e+06
3568.29
1.37424e+06
27247.5
984979
1.0991e+06
1.37293e+06
1.37323e+06
1.37157e+06
1.11911e+06
6654.06
1.35727e+06
1.19965e+06
3560.14
1.34237e+06
28552.9
5657.76
396.731
15007.2
2902.59
56525.7
1.37197e+06
88197.2
26736.8
1.37069e+06
17492.6
1.20708e+06
54736.4
3600.98
23360.9
4710.36
2573.18
65538.1
1.37468e+06
1.34031e+06
34545.1
30221.5
3365.02
16620.3
1.37488e+06
4737
42161.5
191502
35138.6
114202
4445.77
6655.19
1.11268e+06
26328.8
1.17709e+06
5009.3
38232.8
172.908
559.179
300.515
4419.49
1.36787e+06
4245.27
1.04171e+06
3450.66
9312.9
1.37221e+06
5432.59
5065.31
3649.43
8103.01
402.371
459913
1.11051e+06
1.36544e+06
1.22728e+06
34894.4
1.36514e+06
3822.56
1.34045e+06
5516.51
34360.8
3845.71
71235.4
29333.6
1.37527e+06
1.36163e+06
18173.7
1.37503e+06
224861
16466.8
382.203
1.37444e+06
235049
2511.17
1.13429e+06
1.27182e+06
3850.79
1918.3
5335.47
1.30126e+06
1.358e+06
3680.44
7783.72
1.37331e+06
9737.23
2867.06
4177.04
264.235
3536.82
55833
36053
2837.86
1.35239e+06
259366
59273.9
15579.6
48402.6
1340.73
14631.3
1.32915e+06
1.36373e+06
6390.26
1.23333e+06
62262.7
1.18882e+06
1.31597e+06
321540
119746
1.01951e+06
1.37246e+06
10885.1
1.29177e+06
1.34056e+06
1.37376e+06
48144.5
1.25934e+06
7058.83
1.37475e+06
5103.87
1.33072e+06
1.37033e+06
483.983
1.2324e+06
1.14922e+06
15362.5
1569.3
1.17601e+06
914657
8634.16
77239.7
1.37512e+06
24.6454
1.23939e+06
34178.1
458652
1.3735e+06
589.515
20640.6
4673.48
3873.27
869498
17889.6
1.37251e+06
2490.93
1.24928e+06
1.23817e+06
1.37494e+06
42951.6
786967
389074
6810.35
22813.8
3878.87
1.09172e+06
4649.35
1.37401e+06
570.558
3544.61
4981.53
15122.4
289179
89501.2
1593.93
15768.8
6224.66
1.37423e+06
118402
5444.35
1.08805e+06
44263.3
13153.8
54725.5
1.24587e+06
1.37095e+06
66169
4256.29
59746.4
2018.32
131225
5026.59
16792.6
1.2547e+06
10143.8
758.15
327.264
1.21402e+06
1.2451e+06
41736.1
8711.33
2014.17
1.24475e+06
943.436
355101
1.37499e+06
20792.9
1.25254e+06
10750.5
1.37475e+06
325.289
3598.3
160257
1.33426e+06
3604.67
35750.2
1.25103e+06
79475.4
8858.44
1.20406e+06
1370.3
3037.49
312564
752.208
3710.65
17157.5
36375.8
24958.5
759072
8033.61
1.2504e+06
9096.02
49073.9
1.37485e+06
26541.7
476.053
1.2599e+06
72633.9
1.26161e+06
3792.06
1.20525e+06
1.22587e+06
9431.97
666123
9519.09
1.12244e+06
30837.6
1.18142e+06
1.37422e+06
5454.05
4224.3
376.263
1.27312e+06
1.17321e+06
73482.7
1.26484e+06
11784.4
17116.9
1.17502e+06
7153.21
1.26495e+06
1.27438e+06
4564.12
1.23735e+06
1.37532e+06
3312.7
4156.42
4536.73
3639.35
376.069
15543.9
4112.6
17837.6
9348.25
1.21672e+06
804451
1.00598e+06
1.00336e+06
1.35188e+06
36085.6
5996.22
3992.62
120086
1.2663e+06
270807
1.27265e+06
7628.86
1.27347e+06
3440.8
1.27757e+06
22250
93.0299
3575.03
3808.36
231312
958721
143365
15959.4
9493.22
743223
217.778
1.0718e+06
203536
58435.4
21938.1
1.26815e+06
1.2893e+06
1.21117e+06
40227.4
1.293e+06
134813
56590.6
3519.15
8714.74
1.28201e+06
3622.02
534336
309.903
80292.3
10696.4
1.33765e+06
1.28197e+06
9520.69
1.18971e+06
3567.25
5230.65
1952.3
4412.86
1.30827e+06
295.355
1.28614e+06
63504.2
138711
1.29266e+06
1.32826e+06
1.29911e+06
4341.94
1.30937e+06
1.36227e+06
54646.3
7375.22
1.35973e+06
5182.02
309089
105534
63272.2
1.35814e+06
4002.64
1.31777e+06
520.57
1.31422e+06
1.22203e+06
56235.8
1.21053e+06
1.35377e+06
1.30837e+06
13147.4
1.32368e+06
1.35004e+06
1.31465e+06
1.3341e+06
4575.4
7633.04
1.34761e+06
1.32251e+06
1.29171e+06
1.34162e+06
17602.3
1.29683e+06
3052.84
52514.6
1.36635e+06
1.32226e+06
15435
8635.11
3406.87
1.28599e+06
1.36676e+06
1.29816e+06
54727.1
1.36488e+06
1.28973e+06
1.36349e+06
1.3042e+06
87167.2
1.3315e+06
349.057
1.36036e+06
1.29642e+06
1.35752e+06
1.32952e+06
1.35552e+06
777.273
1.35213e+06
19088
1.34966e+06
1.33742e+06
1.3455e+06
1.34084e+06
1.36804e+06
1.30043e+06
1.34105e+06
1.36577e+06
1.34736e+06
1.36195e+06
1.35271e+06
1.35827e+06
1.24908e+06
5954.66
1.30381e+06
6440.69
4648.33
1.37245e+06
1.30006e+06
4862.13
1.30333e+06
15306.1
3117.28
97708.1
3113.01
3745.14
54392.3
4890.15
17153.4
19672.6
1.30667e+06
1.33594e+06
1.27236e+06
476.95
1.30247e+06
4963.92
1.30568e+06
5167.44
1.30819e+06
1.37515e+06
4677.63
2955.06
47950.3
1.05519e+06
1.37027e+06
1.3176e+06
1.3072e+06
5235.81
1.31691e+06
1.36308e+06
153550
4897.12
1.3607e+06
4613.79
1.36389e+06
1.32495e+06
25520
1.36787e+06
1.32608e+06
4939.15
1.35492e+06
42990.1
6522.52
1.35143e+06
5042.63
1.37518e+06
4124.19
1.33613e+06
1.32853e+06
1.343e+06
1.35596e+06
1.3272e+06
1.3336e+06
5917.41
1.33815e+06
1.36876e+06
1.3446e+06
1.33581e+06
1.3656e+06
840917
1.33169e+06
1.34284e+06
1.33778e+06
1.36125e+06
1.3585e+06
1.34251e+06
1.34891e+06
1.35337e+06
1.34709e+06
1.33378e+06
1.35404e+06
1.36867e+06
1.34457e+06
1.3663e+06
1.36205e+06
1.35934e+06
1.36277e+06
29697.8
1.35036e+06
3276.83
1.35528e+06
1.35639e+06
1.36702e+06
1.36034e+06
1.36365e+06
1.36433e+06
9141.72
3859.14
350.938
6287.22
1.36914e+06
7428.81
68799
6599.81
44702
22126
5871.11
3806.29
68346.2
13388.9
3688.54
10525.1
1.08951e+06
28922.8
1.36731e+06
1.28647e+06
75175.3
142.285
9158.4
3067.62
1.36935e+06
220857
3748.21
43262.1
17066.5
3778.38
3910.06
6454.59
4027.13
2948.78
4597.38
3058.36
1.18578e+06
1.37391e+06
34258.7
327002
907.907
1.36791e+06
55627.2
4371.13
19743.7
1.36181e+06
22884.1
4199.73
1.29822e+06
1.36971e+06
4648.77
481.853
1.36971e+06
66589.8
5922.87
11147.6
11809.3
4834.5
19198.1
567.399
1.24839e+06
101305
1.33709e+06
30192.6
3915.57
1.01341e+06
1.23778e+06
296656
1.08803e+06
6857.49
11239.6
94818.8
739.382
5874.53
992.294
12315.5
3522.75
13223.2
15331
400.299
1075.35
8670.43
1.09141e+06
319632
3496.9
5136.14
11491.1
14467.9
1.18237e+06
9364.51
363.667
8935.49
118812
1.37027e+06
1.09546e+06
1.37013e+06
13142.8
8906.93
20624.1
471384
1.37073e+06
1.37118e+06
389.247
4379.34
1.37071e+06
1011.54
1.17157e+06
11243.4
1.36051e+06
44580.9
31558.8
244430
1.37559e+06
1.17478e+06
1.34321e+06
9543.88
1.37527e+06
9518.76
24003.4
16744
3400.03
3063.11
1.37158e+06
1.35928e+06
395033
9196.11
12585.1
1.00274e+06
122166
12223.2
5881.67
6803.97
3159.57
1.26554e+06
28496
105002
56434.4
1.37198e+06
7862.76
352.532
5487.44
1.37237e+06
6722.93
4220.69
1.37283e+06
16062.9
23938.2
3803.69
38411.9
547.141
1.35769e+06
637481
1.37353e+06
245.347
285395
1038.53
4902.13
3621.6
4276.82
1.09656e+06
1.37136e+06
365450
7614.04
13858.6
548.217
3707.3
807.991
5611.11
3148.13
4004.65
22261.2
1.36294e+06
13855.4
41567.6
1.36418e+06
1.35115e+06
37923.4
4499.71
840.707
6752.87
17855.4
16264.2
1.02978e+06
85160.9
1.37375e+06
1090
14953.9
6004.56
10641.9
1.11815e+06
1.37276e+06
4073.55
4405.43
5055.22
102370
703559
3262.69
1.36204e+06
4672.56
6109.34
1.20329e+06
92871.7
4009.56
46907.7
6217.1
6392.99
110.864
768.137
1.26357e+06
1.3561e+06
4126.43
15975.8
56865.8
5254.22
42609.8
5398.54
1.10308e+06
1.19739e+06
15287.9
16084.6
60763.8
114485
16703.2
6911.25
29820.2
26641.5
14107.9
1.29962e+06
4307.87
7632.96
4365.4
110139
1.07512e+06
1.16875e+06
6040.5
6790.24
69056.9
13044.9
43644.1
15593.7
1.37405e+06
75235.8
5086.41
4445.14
14578.2
1.37397e+06
72620.9
516.931
7780.66
23894.3
557.352
521.977
6819.73
1.07692e+06
8943.8
1211.11
1.31646e+06
5752.36
936.119
1.37179e+06
1.37219e+06
397864
1.16027e+06
1.37311e+06
3822.92
3927.32
1.07724e+06
70449.3
1.06752e+06
3615.77
98452.8
1.30191e+06
1.33725e+06
347.664
3277.89
62132.3
21357.5
31496.4
15942.7
1.36364e+06
11462.5
554.74
1.20504e+06
1.37531e+06
6075.63
1.28496e+06
1.30277e+06
98507.2
15637.9
3288.58
1.37476e+06
1.37428e+06
46266.7
1.36544e+06
6791.4
27529.9
14122
14640.3
930.75
6247.57
6110.74
321.334
1.3756e+06
3178.39
2807.66
11943.4
236.882
37962.4
601.929
16646.5
59249.3
4987.7
120836
1.28585e+06
7731.05
4272.71
53664.3
32285.4
52451.8
1.34507e+06
1.37492e+06
1.37431e+06
69540
81409.5
1.28345e+06
1217.31
4516.75
23853.3
217.896
5212.13
5461.31
1.26028e+06
1.30517e+06
24707.4
46000.2
1.33565e+06
24417.2
3580.73
16978.3
1.34683e+06
15000.4
3497.65
17831.9
396.073
445.356
21505.2
1963.78
553.604
3878.66
1.30153e+06
1.32595e+06
15213.3
3627.51
1.35829e+06
1.37452e+06
48842.6
615.501
6396.71
111442
4032.75
11009
15542.6
1.33166e+06
4658.44
1.37517e+06
3677.96
15788.9
1219.2
1.37237e+06
1.31313e+06
1.37561e+06
3598.31
1.35624e+06
5024.89
1596.42
5176.76
830715
195.487
1.37441e+06
1.37482e+06
76535.7
41143.8
2622.47
22147.2
5720.63
1.37218e+06
24497.4
30490.1
5877.09
1.36725e+06
530.057
3646.79
22080.6
438.92
1.33045e+06
2503.09
26624.2
990419
19369.2
4435.26
83047.9
1.37553e+06
25666
57037.2
11015.5
12583.3
1323.82
5428.28
2444.19
28378.2
59167.9
1.23165e+06
124688
3749.98
470.51
4743.12
6786.97
454626
32133.8
371960
1.25591e+06
154749
4068.45
1.18321e+06
107139
6116.11
14403.9
29274.1
1.12007e+06
4541.01
20797.3
1.36254e+06
1.36102e+06
5040.39
1.34229e+06
10591
930212
1.34433e+06
1582.1
16983.4
50404.5
4951.98
88868
4155.38
1.34016e+06
321.536
1.31673e+06
28677.1
5798.15
5473.42
3140.41
1.1548e+06
1.34847e+06
933.739
71016.3
6719.84
4744.98
181.126
6348.85
4733.46
8330.71
30508.9
35124.9
5006.02
3301.51
3701.93
6403.59
22075.4
1.3536e+06
1.37519e+06
6539.94
1759.51
1.33133e+06
1.37492e+06
8528.23
18594.7
2455.95
22559.4
6741.05
9107.4
4069.26
1166.52
82432.4
5790.3
4588.86
373.949
390.294
6093.2
3652.14
2213.32
844790
16038.5
160341
3688.12
12463.5
43754
555.612
16801.7
5750.59
7533.57
67687.5
5038.26
1.0518e+06
5706.62
16938.2
33902.8
2515.74
3660.45
1.27639e+06
7089.87
1.33307e+06
59870.2
12151.4
2499.39
3532.12
5976.88
14773.4
338.772
8210.64
1.36808e+06
5256.46
1.36335e+06
1.29576e+06
4276.53
2330.78
15583.4
447.215
4044.87
1.37353e+06
1.30697e+06
1.31982e+06
3117.45
443204
3837.09
1.25851e+06
1.31944e+06
117165
1.37474e+06
534.713
574.344
5971.2
19290.3
67822.7
1.27004e+06
612602
949486
72.3916
3527.65
6336.87
3628.29
338.707
10653.1
11520.8
1.37363e+06
360976
3520.24
29545
1.35494e+06
1.32421e+06
3500.8
1.37483e+06
54821.6
1881.35
1.15984e+06
11855.5
1.33539e+06
236.831
3364.81
32072.9
48089.5
1.02601e+06
5130.88
3425.72
640912
56775.7
50782.7
1.3086e+06
6395.07
2981.41
109089
9288.23
3707.75
9700.47
2714.67
1.35987e+06
81892.4
12362.8
2019.74
43081.5
49523.8
3625.85
3435.91
4176.24
4032.95
5047.94
73785.9
259406
19094.4
11728.4
1.10013e+06
807.655
4914.08
1.09066e+06
9110.63
1.33512e+06
1.28079e+06
404.209
1.2991e+06
30496.2
3679.74
1.09008e+06
3560.85
3651.45
3498.91
55049
5642.99
1438.77
25932.2
1.20163e+06
1685.37
27484.9
1.37377e+06
3557.9
1.26763e+06
1.23129e+06
1993
38261.1
88985.2
123012
54585.9
4857.15
1.35014e+06
3429.05
6404.83
3129.63
19413.4
724382
1.1888e+06
804140
3488.16
10113.1
15386.2
5831.15
5010.25
11972.1
3369.55
1.35663e+06
3266.79
22821.2
1.35666e+06
3945.25
3759.3
1524.41
31134.4
3327.74
4040.83
85828.6
61008.8
8911.9
1.37184e+06
61354
4881.7
1082.2
50007.7
1.33261e+06
35935
87556
5340.85
50202
6742.58
5066.17
97685.4
6427.21
202036
346.037
5698.47
175676
779798
1.26621e+06
539269
98847.5
1.29961e+06
3242.3
5205.84
17024.9
7789.34
1.21121e+06
995482
68442.1
844.026
1729.09
15863.6
477.254
3890.43
1.21871e+06
2179.61
6737.96
13028.2
1.00982e+06
1.32117e+06
1.36493e+06
1.37179e+06
26336.1
66852.7
1.27475e+06
1.35984e+06
188949
3651.15
30632.9
1.23164e+06
1.37259e+06
2411.42
6659.88
55450.5
311.74
38056.9
3487.6
12569.2
111093
300.989
471.131
9559.11
1.36529e+06
1156.01
5215.31
19379.7
7057.41
6345.3
249729
3643.42
24072.6
18753.3
44061.2
12284.3
14326
1.19096e+06
1.34431e+06
3641.5
1.35762e+06
1.17282e+06
32822.9
20669.2
2121.35
12957.3
1.28739e+06
362.105
1.27503e+06
4778.31
2758.8
769.283
739.985
6217.83
1.32163e+06
7111.83
2107.42
154913
48006.4
4053.46
123451
9316.53
214502
1.08486e+06
3259.88
3635.3
4879.08
5696.54
6036
6872.98
170316
1.36799e+06
15812
896052
15450.3
52503.1
899768
1.33348e+06
3831.97
1.36559e+06
34151.7
15385.1
85665.9
51387.3
1540.07
1.34679e+06
4076.02
7563.77
1.34937e+06
5920.83
1.19386e+06
87218.9
4693.74
201335
1.36181e+06
1.24085e+06
5823.86
570.758
1.30483e+06
31529
1.24015e+06
4776.97
1.18785e+06
109716
211657
1.35818e+06
1056.21
1.27273e+06
1.36115e+06
8195.17
5604.81
1.35229e+06
1.29687e+06
6689.19
3287.1
374.074
49112.6
2370.08
7030.44
994196
1.3437e+06
5995.62
1.35264e+06
7332.07
3940.31
35081.5
7446.84
1.34518e+06
73319.6
3606.92
1.32976e+06
895.714
3633.81
8693.49
1.169e+06
5191.46
1.34698e+06
4324.68
173899
3020
1728.4
5999.86
7524.13
20746.4
1.34087e+06
20977.9
1.29247e+06
1.30734e+06
1.14378e+06
211323
1.33108e+06
16524.4
216561
875.672
1.3184e+06
1.35241e+06
4115.77
22790.7
3382.26
997519
3549.17
905095
1178.77
1.26614e+06
3672.55
183839
1.37381e+06
4424.46
3904.84
189.222
3295
14821.2
1.35028e+06
4447.92
3679.27
1.04432e+06
1.32834e+06
1.16329e+06
3781.13
697.53
12306.3
3675.23
1.23916e+06
758792
3858.06
338.422
425.825
11708.1
15338.8
5186.37
10214.2
15912.7
2576.25
4075.36
9652.07
3264.4
534.624
15139.2
1.33818e+06
4069.06
3289.13
3409.4
6140.49
970712
4750.55
19799
1.01413e+06
768229
17434.9
5894.34
1.31372e+06
17631.6
3891.28
4838.31
5529.13
1.34516e+06
175.042
3619.51
38672.5
1180.27
4061.31
1043.12
1.17949e+06
1128.73
4968.51
73654.1
5033.95
646878
15544.3
1572.85
1.35077e+06
1582.13
4828.05
72131.8
483.688
4046.57
1.17605e+06
554.277
15302.5
32267.6
1.33413e+06
1.26935e+06
11864.4
520607
3571.87
2256.94
274.982
4424.66
3462.25
5642.3
4554.43
785.521
1.36063e+06
245.461
1.32619e+06
747.609
1732.75
488.341
3593
1.33675e+06
466.994
10653.8
19966.7
8141.63
8939.72
1.34269e+06
3433.78
30060
4858.89
779757
19313.1
5832.2
51922
23215.6
10733.8
1.32811e+06
1.37269e+06
1.28911e+06
32177.8
5221.4
1.26697e+06
1.36726e+06
1.34757e+06
60121.6
5639.75
17629.1
1.31328e+06
25311
6229.63
3647.35
1.35794e+06
3711.23
430870
11373.5
223872
74140.9
10288.6
15234.2
15237.5
3356.93
2085.28
46652.3
5824.14
34809.6
565.828
7561.01
895785
1.37272e+06
1.15939e+06
1.35369e+06
1.2628e+06
7005.53
5178.74
17397
3560.82
4764.62
7007.3
1.31927e+06
17223.6
4299.75
18839.3
1.17139e+06
372.954
1.1631e+06
1.24438e+06
13573.1
888618
9059.92
15448.9
10720.2
1.35876e+06
6109.1
3984.69
3867.51
358.724
4090.72
36290.6
3913.72
44595.8
6275.89
15726.2
31.0913
3195.44
8580.44
1.02227e+06
76222.8
1.3562e+06
214284
3291.64
16244.4
436.569
32482.1
5229.58
29654.7
2178.9
3385.82
4831.54
1.37078e+06
16476.6
1.35739e+06
3667.91
4055.02
51495.7
5967.11
476406
5784.8
1076.97
12167.5
59950.4
1.24538e+06
3729.94
15190.4
10782
413478
228.342
3680.06
41285.3
6537.82
1.36576e+06
406061
1153.62
399795
29088.6
24620.3
1304.51
1.1852e+06
20631.3
1.36004e+06
1.20694e+06
5514.86
57645.3
12085.6
404.369
2646.11
1.31135e+06
3133.98
4976.91
880885
35905.8
12859.5
14964.7
1.27388e+06
866429
1.11006e+06
20484.9
1.35042e+06
1.31479e+06
350882
406.206
10945.6
1741.98
10642.9
20493.6
3151.4
3649.94
42973.3
1.30716e+06
1.33839e+06
3425.78
5155.77
5168.43
30800.9
15295.3
1.33681e+06
5446.63
3929.28
5540.84
1.30003e+06
783.582
11843.5
473.844
165837
3636.28
3261.39
169.092
2796.09
1.37231e+06
744.279
311.58
19222.4
538552
3098.47
8444.25
404.865
9638.97
1.36505e+06
2271.46
4475.37
1.1956e+06
20562.5
4532.79
4518.68
1.19669e+06
1.29361e+06
4514.71
24.0048
1.37419e+06
1.3578e+06
1.34812e+06
5752.27
3601.77
49877.6
1.2617e+06
1.37237e+06
758.075
14522.6
1.34124e+06
4721.23
1.36811e+06
1.36582e+06
23425.1
10417.4
5784.26
1.3621e+06
4544.59
3832.48
1.35844e+06
56224.8
14702.1
9555.2
417227
4236.23
1.17098e+06
4432.58
1.35294e+06
897.251
157.627
728658
2427.99
27141.3
1.33177e+06
1.35399e+06
1.35148e+06
1.34133e+06
1.26213e+06
141.732
1.33007e+06
82579.8
5614.14
1158
939.232
1.24215e+06
475452
5371.45
560.715
1.13332e+06
18104.9
1046.52
3498.05
2093.29
1.33235e+06
176883
4721.45
7063.13
3725.7
2038.14
281877
3711.94
26583.7
1.31399e+06
5765.04
1.36332e+06
3280.16
1.26981e+06
200152
483.898
461739
3788.87
72102.2
12409.7
1.05882e+06
13246.1
14473.3
64479.2
554.994
28094.9
1.36095e+06
1.18485e+06
4725.16
14991.4
20127.5
517.359
3009.66
4456.43
1189.68
46622.1
61.9273
2574.15
5709.28
16719.4
5453.43
3577.61
294016
1.30289e+06
366.196
4646.42
4046.62
408492
217833
3711.78
5781.88
44718.3
715.788
749610
4697.59
16236.1
802207
338881
558509
11248.1
43454.8
5072.76
12258.6
470.986
595085
10886.6
752.375
7720.55
1.29025e+06
1.15655e+06
3457.69
471401
168325
3757.23
6412.59
4509.84
1.31438e+06
25745.4
7387.39
28433.9
425801
677391
6025.83
1.34074e+06
25548.4
15147.2
22135.3
2964.89
6901.65
30431.3
684459
24795.3
1.25718e+06
196998
718.273
1181.05
22278.5
229567
16902.9
48449.2
5608.99
88914.7
9833.72
17062.5
635160
1428.37
4178.33
4640.3
1.30714e+06
2372.26
13961.8
268439
881035
2433.13
1.26701e+06
4526.2
1.25792e+06
1.25968e+06
1.33885e+06
180968
5742.5
1.29778e+06
5610.82
4571.51
767.757
1.28137e+06
14612.3
6890.74
18560.4
902.321
860719
4918.21
1.33608e+06
1.32457e+06
3306.97
67182.9
11121
3795.9
5914.47
1.34407e+06
12098.6
27226.8
1.32037e+06
8083.94
4041.01
45947.7
860.496
2428.61
114171
1.35802e+06
5715.39
1.37553e+06
9366.87
1.32992e+06
1.32053e+06
521226
4877.69
169457
17390.1
29889.7
3100.17
5834.48
80461.6
1030.16
951.999
6253.48
2750.37
2577.96
1.33974e+06
1.3737e+06
7619.4
1.27069e+06
76691.7
37288.8
622.116
1.24036e+06
3379.9
1.30983e+06
1.34628e+06
202472
586.401
922631
70112.5
3919.35
16805.5
4475.34
3017.2
4540.4
1.35175e+06
4694.8
5590.39
1.33327e+06
1.37358e+06
1.28788e+06
1.32004e+06
1.33585e+06
4094.58
183.727
1.37373e+06
1.3748e+06
659841
4417.37
1.34095e+06
4579.61
800.022
1.20084e+06
15628.5
1.3613e+06
4179.57
3139.88
42994.2
10633.2
1.34414e+06
26393.3
1.34856e+06
1.36764e+06
12033.5
960.285
1.37579e+06
1.28181e+06
1.37483e+06
1.37482e+06
530.772
550242
13674.6
2236.68
376200
1.2387e+06
20176.7
1.35458e+06
27982.3
8981.58
168.887
1.30527e+06
384878
4275.07
4382.72
3524.39
1.35961e+06
1107.72
1.37486e+06
1.15796e+06
14785.7
789601
7086.44
59103.1
2964.7
41430.2
4415.59
3986.11
1.36551e+06
2641.68
20576.5
1.3079e+06
16664.8
5197.22
9283.02
1857.44
24.6187
5550.96
1.36626e+06
1.25451e+06
14826.6
1.352e+06
1.3683e+06
1.23529e+06
1.31882e+06
28732.4
1.29112e+06
912.554
3855.35
114674
393.426
4161.57
30998.9
2720.24
1.33987e+06
1.32832e+06
3357.26
1.34683e+06
1.22585e+06
1.25872e+06
1.2868e+06
337.57
1.26795e+06
1.19725e+06
10954
3550.16
16004.2
4627.34
3629.05
3510.4
1.33864e+06
1.21114e+06
26830.6
36799.9
1.37112e+06
1.37486e+06
1.22472e+06
264935
25134.2
1.15992e+06
1.34537e+06
1.35269e+06
1529.75
4669.35
30903.6
5163.81
1699.18
1.35098e+06
257.563
1.26048e+06
3252.76
1.33458e+06
6635.08
6868.28
85689.8
252730
8945.06
3727.15
4250.42
1.36161e+06
1.36077e+06
1.33512e+06
5299.2
1.35266e+06
3602.82
21471.3
3293.83
4853.96
1.36828e+06
1.36327e+06
2951.19
4843.94
1.34322e+06
22424.2
6245.66
3166.2
4715.07
4942.62
339.191
1.36728e+06
16296
1.34772e+06
1.36917e+06
1.36661e+06
4645.1
1601.22
3924.45
5080.64
15725
1564.74
773219
3777.91
1.32154e+06
4641.63
17549.1
7229
4347.52
884.323
6003.77
16620.7
395504
3061.8
20159.5
955066
2026.24
3941.59
16910.2
1.3539e+06
1.26817e+06
1.23421e+06
8428.91
1773.04
289766
6491.49
4646.93
1626.77
1.10873e+06
757129
3690.64
4415.45
23735.2
2951.02
628937
4134.37
356198
3673.67
612816
1.35879e+06
214516
12443
3292.36
4949.62
4886.84
649594
10755.3
4115.6
5641.95
6460.16
316932
4450.78
21610.2
27628.3
1.37255e+06
15568.2
1.36589e+06
18947.7
3202.48
6042.27
14968.5
32009.4
1.28707e+06
3802.08
311318
4491.47
11942.4
23261.3
621684
1.33864e+06
19806.4
3061.28
1.21099e+06
3333.45
58315.5
273615
1.30662e+06
6031.42
1.36413e+06
6538.01
1.37157e+06
9285.22
32492
3445.49
5312.34
371458
6955.94
1.28821e+06
27732.3
10191
1.33661e+06
9067.85
13185.8
6380.22
1.37088e+06
644572
1.28391e+06
3245.97
1.32694e+06
1604.26
1.3518e+06
1.15879e+06
107399
1.1548e+06
17824.9
20865.2
12942.1
83507.4
11308.6
42608.5
12700.3
6573.75
3491.88
10484.5
1.28939e+06
24903.1
3702.74
6057.71
8501.07
1.36112e+06
4946.08
675865
64237.3
4609.54
4320.43
54825.5
7172.62
302870
6285.89
1.36751e+06
19757.3
1.26069e+06
1.24147e+06
6660.15
5227.32
1.26432e+06
1.25969e+06
2511.22
1.17813e+06
6192.7
450.6
1.36136e+06
1.34168e+06
856.686
48367.9
123442
225229
4388.34
186300
1.17164e+06
204458
4301.93
21060.1
6275.94
3634.78
917977
780.944
245.398
75524.7
3740.55
1.26752e+06
1.34776e+06
849.361
5002.93
1.31544e+06
73264.2
1.11293e+06
3042.48
1.35077e+06
3719.6
34543.2
6085.52
19275.6
664052
56329.8
14156.3
1.01102e+06
2887.91
9288.96
574739
3605.53
11863
2947.5
11871.6
1.36378e+06
1.35405e+06
14756.4
1.2706e+06
4328.87
1.36024e+06
6278.15
48.371
1308.65
1.16786e+06
1417.27
1.28268e+06
3157.38
3272.65
41921.4
89248.1
1.35545e+06
3414.83
261783
4632.34
1.37236e+06
456558
176479
1.21233e+06
1.22041e+06
4793.1
1.22147e+06
12455.9
3533.26
3195.27
1.30064e+06
2173.29
6323.79
14853.5
1.36933e+06
3652.46
5740.14
5065.5
4299.58
3165.01
1.29475e+06
1.30625e+06
1.33609e+06
283365
1263.42
61209.5
312060
501.778
3407.4
1.28292e+06
304.436
5827.74
24985.3
37848.1
57876.5
4799.86
1704.89
646.481
1.36792e+06
88971.1
987347
55327
2280
522763
68540.4
1715.84
3267.2
24720.1
1.36264e+06
931.746
1.34475e+06
48203.4
4731.16
18637.3
1.31962e+06
326857
328.362
3574.16
1.33425e+06
752.864
28039
96.7485
4120.74
1676.9
1.30823e+06
4035
34209.4
1.3573e+06
4991.98
1.36502e+06
1.34053e+06
6891.33
247.002
358.484
4492.16
12706.4
10846.1
346105
38531.6
1.37358e+06
1.34586e+06
3903.26
1.35146e+06
1.33504e+06
3036.23
8253.4
6586.42
3627.48
3248
3004.05
3530.21
28639.9
5176.29
23546.1
200898
218850
16855.3
1.35793e+06
242705
317479
1.2994e+06
1.29146e+06
212362
10428.2
4122.22
200.582
8441.76
1.34647e+06
337.268
155.192
4772.2
1.29339e+06
56583.1
1.37558e+06
1.0153e+06
780442
21953.1
44416.9
1.35789e+06
29764.3
4664.71
10609.1
23320.1
3854.38
1.37138e+06
1864.68
22659.8
1.07466e+06
5005.83
280637
4315.21
5371.6
4924.05
5529.37
19894.8
8688.49
1.29631e+06
4074.58
3327.56
25631.2
1.31948e+06
1.34813e+06
14346.8
3528.64
251180
44768.8
1.33041e+06
13647.5
9790.97
1.30735e+06
477470
35934.3
7045.05
81.2422
1.36247e+06
1.36463e+06
135462
1.32172e+06
6124.18
1.37202e+06
13229.1
412237
1.37553e+06
1.02238e+06
1.33237e+06
359.004
487.224
1.37291e+06
50135.5
17612.8
1710.76
5758.9
339.795
3667.06
271.596
568623
3685.25
4217.76
85722.4
455365
1.36234e+06
1.36353e+06
1.37163e+06
45476.1
1.13783e+06
1.36514e+06
5711.06
4135.05
6546.33
47937.9
4103.85
31349.3
1.20382e+06
10309.8
1.34662e+06
3422.31
3998.78
5519.65
20093.3
3756.2
1065.35
1.32062e+06
48118
1.02064e+06
1.19804e+06
4528.79
7079.35
7712.18
14620.7
1.28551e+06
22616.6
15059.7
328.613
8142.5
2990.07
1.37355e+06
513867
11790.6
3511.42
32952.3
1.32291e+06
331.193
4836.55
270663
37259.2
4728.63
5271.67
6213.42
3307.24
1.08089e+06
3048.91
3338.15
24459.5
341097
3411.37
1.32764e+06
1.3568e+06
4011.22
668.384
35485.2
1.07391e+06
4036.23
22574.7
26.4384
1.32114e+06
98044.3
40506
7670.02
1.34583e+06
195698
3590.66
271.296
1.35681e+06
4805.23
14977.5
11723.7
1.31786e+06
1621.41
54497.1
304201
1.36031e+06
3802.98
3177.32
1.04713e+06
3536.56
3141.01
2892.63
1.37251e+06
875.239
3981.5
25784.9
3482.47
38856
1.36477e+06
1.31511e+06
1003.69
48877.4
4139.82
1.37506e+06
3380.64
4891.2
35766
1.13876e+06
6845.54
18089.9
849.806
474390
222098
5638.51
19399.5
94948.3
132.837
4858.13
1.2942e+06
56345.4
3435.93
3736.82
361.13
4133.44
4257.97
4932.78
11859.6
2226.96
352234
5091.41
4198.19
3219.27
1.37362e+06
1.36568e+06
1.34441e+06
1.2418e+06
3754.42
13467
4193.05
709021
1.33119e+06
1.32006e+06
1.3692e+06
45533.6
1.23663e+06
2758.66
1.3729e+06
5139.48
69.5516
149.577
1.37341e+06
1.06682e+06
10075.3
449.553
1.32366e+06
806.406
16696.1
3723.71
202770
59701.2
3571.84
16901.6
4250.31
1923.5
1747.34
1.26952e+06
1.3575e+06
12370.7
56630.5
7028.16
448.451
6718.58
4092.93
6116.07
5518.51
59934.6
3304.53
9913.5
48371
237038
1.21754e+06
4523.99
308302
256510
1.36616e+06
1.13753e+06
6036.53
9499.83
401.5
1.13524e+06
14160.4
133062
1.30837e+06
277.345
36189.9
715.852
222788
5746.36
515467
245591
11916
11425.9
304.422
665416
4523.62
3461.38
277520
12202.1
578.887
5605.75
493.158
1.2867e+06
59501.3
155.884
90589.5
93591.4
1.37441e+06
285096
1.32568e+06
3342.7
14369.3
18966.8
5281.92
1.19819e+06
858.517
1.37515e+06
6976.02
1.3429e+06
38631.2
456526
1.33447e+06
251130
1.37457e+06
35724.9
1.29661e+06
4452.51
2692.02
66702.5
344704
71676.5
1.37501e+06
3721.44
583.968
17269.2
1.37514e+06
16311
6393.83
12021.7
1.3431e+06
12985.9
4203.45
1.28935e+06
11931.1
2311.14
11574.3
1.37256e+06
25547.6
1.36819e+06
1.34917e+06
870.541
701.734
1.19254e+06
1.36971e+06
1.36893e+06
8976.65
1.37432e+06
4382
62650.3
1.07911e+06
1.36782e+06
1.36923e+06
43916.5
4074.15
1.09662e+06
36108.7
12770.6
6087.84
281159
300103
3767.72
6460.34
6179.98
1.37505e+06
9315.88
3828.31
94366.4
15219.9
855.268
394.668
270.565
1174.85
4145.34
945.67
3286.42
962902
918920
499.396
1.28905e+06
13508.8
1.37502e+06
3482.27
586.308
57.6498
61853.3
1.36571e+06
9669.67
4125.41
1.37521e+06
105373
4565.9
1.36797e+06
9890.71
4104.67
89324.2
10058.5
93111
3493.02
199480
16137
164769
17112
24686.9
5653.27
3803.04
1.16805e+06
14406.9
4004.27
311051
11805.4
1.34761e+06
75380.4
2795.17
4593.57
31572.2
2839.98
5503.41
33171.8
17657
69894.3
1.23268e+06
1.33149e+06
298886
4259.25
1.36854e+06
396547
1.27522e+06
1.37197e+06
1.3612e+06
38511.8
2360.64
4626.86
1.36697e+06
1.3471e+06
261.657
3597.27
70973.9
1728.22
4831.26
4006.05
4354.3
1.32269e+06
2667.47
1424.45
6376.88
988.044
2985.13
5667.15
1.28365e+06
118017
5139.72
4134.56
6174.65
37693
61130.1
3649.76
3724.54
3654
7915.21
14143.8
7585.46
4726.07
782.328
9623.01
3223.89
441237
5144.44
20034.9
10139.6
1.3354e+06
5333.04
210.788
1.37278e+06
2882.25
2760.3
1.07773e+06
2755.09
330618
9538.3
5139.31
12713.6
380457
115120
2757.9
768558
1.37382e+06
3236.42
4852.96
3447.12
9440.2
1.37366e+06
9492.54
1.35595e+06
73921.9
428912
6395.9
11889.7
1.19424e+06
208185
15410.8
1124.51
13889.2
14064.8
1.37448e+06
1.368e+06
2013.92
1.36795e+06
3251.51
4336.77
1.37345e+06
4682.68
10783.3
16042.4
5506.96
584977
5492.13
3847.34
1.12719e+06
1.32196e+06
3141.72
3225.22
3860.29
28491.2
27286.3
560.827
26498.3
889.257
245504
414.374
1.37486e+06
487001
1.36579e+06
1165.38
158872
3219.62
5098.89
1.37408e+06
3540.01
1.22529e+06
52911.1
1.35049e+06
21747.1
4176.49
1.20307e+06
15274.8
8547.67
272.753
73520.8
384457
1.37514e+06
3154.48
1.24668e+06
1.3262e+06
4174
25903
1.36901e+06
456905
581.584
20016.8
1.37085e+06
4734.32
7630.69
5722.92
5137.32
7144.95
3739.65
1.35702e+06
11967.7
5880.2
30000.3
3473.79
1.08859e+06
3517.6
952.819
1.3681e+06
47335.7
3458.13
306.408
15559.4
418716
565428
2786.97
185953
1.08856e+06
2900.49
7025.42
10754.5
4966.27
1018.9
6037.5
4858.99
6450.57
309537
2469.39
3761.51
3618.59
448911
545618
4101.79
268.626
19156.1
190500
13989.8
10048.2
3854.75
49.2753
5722.1
12784.5
4731.06
16856.6
187236
1.21883e+06
13248.7
2889.61
3195.88
2823.99
4226.2
7752.89
7053.65
275.913
62132.1
1.37151e+06
4566.08
4229.37
709913
527202
18525.9
1684.57
45145.8
5023.01
936.927
15770
541.616
12238
387.074
4279.8
265.672
1.23169e+06
7589.69
974327
39768.4
13154.6
622515
374.547
26233.6
9203.3
3003.08
1.37504e+06
84944.8
7685.21
4524.21
4504.16
559.665
7176.41
1081.75
4305.53
70998.4
1.33863e+06
20874.6
1.36973e+06
1.35144e+06
802.615
4762.59
314683
4387.54
3253.78
9037.93
1.3743e+06
1537.71
3907.8
1.35176e+06
12590.5
13300.7
1.17305e+06
12329.8
3945.28
906631
3614.03
3201.92
15571.1
3244.62
3733.94
1.3015e+06
991231
9235.14
3154.97
4967.44
3329
6445.2
1.1376e+06
5046.49
1.21287e+06
3905.35
11965.4
308708
9812.62
3335.87
1158.45
14168
335236
3738.61
10067.8
1403.27
1.33515e+06
27186.2
4309.22
895.333
905685
6184.31
27375.7
8044.58
5460.16
5252.58
4461.23
12048
9354.54
4642.16
179041
22809.3
1.11185e+06
307.433
15099.4
3358.38
3325.98
129911
3522.96
434.41
15698.8
3658.62
24604.9
6199.92
60442.1
5912.55
328239
126267
931.95
48483.3
1.26883e+06
1.09116e+06
90437.3
1.31459e+06
63643
14123.1
16169.1
4605.28
36605.1
21263.1
2833.31
1.27048e+06
1.32209e+06
3859.72
25511.8
57017
3590.13
42923.5
4020.68
4633.6
177.628
23542.2
1.28867e+06
3806.44
66233.4
5965.06
4997.2
766801
720670
973402
51179.8
1487.14
9762.74
4539.37
4817.85
23972.7
17190.9
302.032
22103.8
1.21143e+06
1.31518e+06
1.3437e+06
1.13956e+06
5604.43
294.689
4737.99
6097.02
247.667
16807.6
3606.73
6685.89
4530.28
1.34948e+06
5863.77
9285.97
31506.8
1.36307e+06
1.26951e+06
1.35957e+06
5667.49
18476.7
1.35033e+06
353.01
3270.74
660.137
4940.05
9772.84
2919.16
3094.38
4184.5
3866.68
3288.93
12469
1810.45
162.468
16417
1544.85
36884.3
1.3255e+06
1.29821e+06
3825.25
4030.56
4055.18
1.0693e+06
1.30497e+06
52570.4
2284.55
10431.5
1.24679e+06
19372.1
2555.21
4490.77
26178.2
7058.51
14890.6
436206
32272.4
344660
3232.77
1.18428e+06
5880.75
281.01
191398
4506.67
5378.38
4898.17
365.277
1125.75
1.36665e+06
3986.33
98054.5
1.32126e+06
56241.3
3622.17
3220.48
3859
19889.3
1.37518e+06
1.2549e+06
276153
14357
15461
339.04
3782.96
5054.98
1878.49
20246.6
1535.29
3143.79
3392.83
1.08961e+06
66148.3
4557.72
28854.4
1732.62
17288.3
4425.91
4001.68
3512.24
1.10663e+06
1301.74
4165.21
17913.6
278.723
270448
5126.37
42592.6
1.36504e+06
13258.6
1.21637e+06
1.34966e+06
829.62
31071.9
1631.65
1.37596e+06
818.408
9029.71
126598
782.942
301632
1.36388e+06
4736.95
3908.25
125608
35739.8
3357.45
3163.99
1.35275e+06
988226
892.263
115.66
31084.7
8899.04
1.24818e+06
169172
1.33277e+06
15766.9
1.37625e+06
1.19213e+06
6416.14
1.3658e+06
17644.5
2990.96
323.632
2606.94
69666.7
99730.3
4980.12
6570.45
1.3541e+06
1.35827e+06
12111.9
3759.09
95003.5
47636.8
4437.23
6407.04
25263.1
10547.1
1.37032e+06
46448.4
1.28078e+06
3643.98
159984
49545.2
321133
4274.05
5837.53
1.12627e+06
9990.16
4090.92
354634
1075.14
3357.39
525626
11174.2
4700.32
1.37501e+06
55085.5
59915
1.36777e+06
1.1249e+06
1210.62
182239
1587.04
1.37538e+06
4999.12
11554.8
27226
4115.98
3482.59
19361.6
1.33165e+06
6582.28
214.986
96907.2
5860.41
3763.95
2308.03
4785.14
966897
106964
874.659
1.12528e+06
1.27807e+06
11551.2
185.984
4667.85
1.17013e+06
375081
3803.46
893.054
6295.46
6053.01
2633.21
666.4
4239.68
51917.2
9040.06
1.3743e+06
423879
1.16067e+06
3292.93
3366.58
46287.6
9638.88
1.34328e+06
4200.71
3695.71
15361.1
331.227
12368.9
9584.51
378566
5322.37
1.37367e+06
1683.77
4322.3
4006.07
866.077
1.37205e+06
3991.97
3176.57
1176.97
8631.88
999243
22205.6
463762
73.9752
3861.34
1370.71
6987.91
48711.3
1534.85
4032.16
9548.42
1.33034e+06
5031.62
93.461
56300.5
35.9993
5448.61
971009
3616.82
3609.32
124721
128555
8201.82
1.2712e+06
4959.84
3879.07
62587.2
439.385
3507.85
2381.67
4020.17
4183.69
16191.1
9622.04
3459.06
6585.97
21329.5
8113.71
4016.55
1.2891e+06
17804.8
4146.71
1.02195e+06
15995.6
274055
1.2321e+06
13202.8
5130.04
4979.14
40817.9
4290.32
1.30947e+06
31773.5
44145.8
29056.3
560.076
1.2757e+06
9340.29
16338.4
7427.08
21627.1
3933.96
1042.67
1.24096e+06
2968.54
3813.34
39671.3
110444
7528.65
1141.51
3275.52
5664.67
3120.09
1.36507e+06
16280.6
10591.6
6553.17
6106.23
6971.29
5729.25
3008.12
4393.73
1.36158e+06
4169.41
5570.14
26086.6
3905.95
9267.01
3332.14
34946.6
4821.28
1.27312e+06
1.35398e+06
1.33069e+06
13215.5
1569.47
944464
14682.3
1.35926e+06
3667.91
4047.03
13087.2
1.01348e+06
679892
3969.27
14591.5
1.31992e+06
420421
1.36172e+06
2110.81
12105.5
436745
779188
19966.9
273.112
4091.91
1449.07
277541
1.3376e+06
48565.1
3758.4
11465.3
1.22258e+06
1.35727e+06
9663.6
10965.3
30054.6
15203.8
3707.83
8678.33
3263.65
595.201
8289.25
4058.65
6195.04
1.0078e+06
13489.3
1462.32
1.22642e+06
1.35226e+06
759448
8104.25
2714.54
5589.46
4551.96
56472.2
23591.3
13149.1
13256.8
5542.37
1.06962e+06
1.3215e+06
4468.95
195379
448.334
4796.42
72549.6
5353.5
1.02119e+06
1583.54
1.35979e+06
3485.55
1.31208e+06
191438
973.243
3819.33
4321.49
1187.74
13096.1
420895
9703.13
4566.25
12736.8
3793.73
3471.75
1.3758e+06
1.36994e+06
6032.78
554907
4802.35
4049.8
1.3749e+06
1956.17
11795.2
647198
150371
30279.7
39558
4091.94
964.524
1867.34
4784.8
8704.84
1561.98
14397.8
4116.07
5539.71
318391
3668.25
1.1203e+06
116624
61805.3
1.14863e+06
1.26984e+06
9356.58
1.36416e+06
5293.41
3894.11
814968
34.1887
4632.69
1.37133e+06
1.2736e+06
1.20748e+06
5416.38
747.231
1.3126e+06
6852.98
13936.1
5905.95
601.245
1.17437e+06
146583
406945
4258.78
5547.29
6597.33
15574.9
1.34356e+06
1.07665e+06
15467.2
2985.72
3458.01
8198.53
1.28973e+06
662.126
9425.88
1996.53
33180.2
870.6
1.00294e+06
151.492
4353.2
4180.1
23187.4
5573.98
1.29557e+06
6342.24
5906.5
3006.54
1.3719e+06
11058.6
42792.1
4313.26
5217.06
5473.43
1.24316e+06
188.952
6676.17
19042
962.664
1945.03
3787.49
3130.9
4896.63
1.20418e+06
7240.37
227.183
8716.18
3631.39
665244
6468.36
105.041
4113.47
868.864
10845.2
1193.14
1.37488e+06
1.16789e+06
15869.9
16106.1
1979.78
253470
5406.67
5386.25
1.12986e+06
4666.97
5984.4
1.1442e+06
11010.3
4048.62
9861.82
131.316
5122.55
1.20579e+06
4024.46
1973.23
6339.06
3734.88
6027.52
8682
375.822
63582.5
1.27037e+06
1010.67
20454.6
1.01018e+06
23730.4
1.36747e+06
1.29804e+06
521.111
70.5967
1.31579e+06
32413.4
17063.9
1704.94
57000.2
50374.2
1896.73
3421.6
9780.76
1193.85
971065
4421.78
12958
3150.5
357.047
285477
4148.88
3520.96
4136.24
4528.32
3312.35
303.143
1.25029e+06
19392.1
1702.37
29435.8
20529.4
4991.8
1.22473e+06
54.8259
1104.33
3186.39
199316
5724.72
122.521
2032.19
8036.36
33286.4
1.32312e+06
6716.8
24836.8
493.606
424.045
1.25406e+06
1.37408e+06
481.328
15011.6
9224.68
1137.15
24135.2
7686.69
55908.9
970795
1.29132e+06
4100.59
1.29289e+06
1175.7
17879.1
1.33861e+06
12932.9
7208.48
385597
3981.83
2986.71
4484.12
5051.02
2542.8
15177.9
49.6953
3828.86
8537.53
1.35914e+06
1.3675e+06
3887.98
3811.73
131.201
429885
8107.37
6700.69
2386.8
602768
28679.7
4568.84
951064
1.05774e+06
3492.19
1.34786e+06
1063.15
182923
387.343
10526
405038
95.2686
4297.28
1537.26
3347.03
195911
1.35321e+06
3579.42
1734.25
7670.16
4806.4
4306.32
1055.74
137021
1.26219e+06
782000
986136
1.26864e+06
5161.36
5117.75
62110.5
4599.85
7020.16
59099.7
19089
2172.12
1.33932e+06
945051
30184.4
1728.32
14142.4
8613.9
59667.9
172641
3502.33
3985.61
2091.51
5110.15
3884.45
20.6042
17782.2
111461
861241
66285.8
89224.2
3947.21
1.37122e+06
12802.9
85344.6
6064.74
4653.32
10901.1
1.11927e+06
22242.6
2234.63
1085.99
28519.7
348.462
1501.82
283205
1.2827e+06
1.06195e+06
6197.41
122.425
6126.87
4760.34
1.36612e+06
624542
48841.7
4007
1.14252e+06
10670.6
271.779
1.28783e+06
8830.75
695027
1532.55
2734.55
1.30035e+06
3496
1.27946e+06
10135
5140.23
50717.2
5105.35
235.656
6128.59
239286
409.618
763424
5329.48
3730.08
2371.92
1.36469e+06
1.3387e+06
944410
9118.55
1.24308e+06
9698.28
13986.9
1.27207e+06
976.631
3329.2
1109.73
3570.7
48223
51330.3
3913.21
3442.09
20195.3
4003.39
188873
1.36484e+06
9097.64
6028.57
22006.4
4587.32
1215.18
4005.33
1.36841e+06
8898.22
1598.37
9892.64
5691.59
4023.9
1876.15
9937.26
14362
4040.29
8844.09
94913
500.778
26493.1
1.36618e+06
1.3676e+06
2835.9
81212.1
32933.1
8156.03
9320.47
5118.9
4831.94
6207.58
5559.69
1151.68
11838.4
2798.52
20814.7
1.12313e+06
3297.65
1.24367e+06
6151.18
20552.5
14474.4
12166.4
732.913
273.45
1095.07
2671.57
1.30147e+06
242296
1.34127e+06
42221
190774
2156.57
3580.44
390111
984454
3357
990837
1.37609e+06
3127.59
5474.37
1.33031e+06
6233.3
6257.28
1.3345e+06
1.36529e+06
3350.33
690.775
123702
2768.63
1.33641e+06
352.158
538.273
88.6994
4699.65
1.25932e+06
4241.51
960578
3990.05
1.10508e+06
619150
3728.43
17440.6
178152
163.983
1.33606e+06
233.056
771320
3760.27
5419.44
171496
172566
1.19945e+06
4048.72
4095
4119.35
5572.76
14255.2
7754.92
4145.16
1.3741e+06
1.3729e+06
1.2458e+06
4038.05
25401.5
57508.9
53736.8
241177
3596.89
199021
5783.56
136.912
29757.4
23770.6
1.14251e+06
1199.79
4908.46
765.311
1.36227e+06
3229.29
1.28163e+06
3796.06
1064.94
5862.66
17711.9
3621.96
5862.26
752.769
3438.73
32205
4020.57
16506.4
39400.2
17699.4
1.36634e+06
11717.8
815.329
2890.25
21477.3
13499.5
1.27756e+06
683116
1.331e+06
9476.44
27285.6
15889
1.31723e+06
4035.21
3963.98
300.199
63869.5
68591.9
188.345
1231.04
4109.34
1.26461e+06
20132.6
3310.06
4258.03
1113.89
3419.75
5824.92
945.251
4013.94
1.08398e+06
22978.8
1.28844e+06
1.08105e+06
7699.37
44927.1
2277.29
8258.23
4650.98
2058.65
4042.14
10036.3
5286.07
9204.82
4376.5
374475
1.14741e+06
1.26931e+06
4070.9
4084.22
1.28961e+06
27332.3
6494.9
2191.83
1.35942e+06
1923.23
3522.48
4242.35
5153.89
12854.8
285374
45659.2
13583.8
3866.55
13467.6
2710.55
2518.12
3472.26
2534.96
2080.85
3734.67
5021.61
53543.2
31838.4
4474.35
139.213
1150.48
6518.72
944215
51147.8
3391.23
1.13977e+06
3796.95
12324.4
14185.1
5031.69
3912.78
37247.3
14399.9
260.393
20574.9
9349.91
1.26658e+06
9264.18
3968.78
5906.69
2183.28
3884.29
1070.82
1.32212e+06
28077.1
1.20363e+06
16979.3
14947.1
1.09056e+06
3067.66
2952.97
119722
193970
1983.14
4040.19
4888.84
381396
17852.4
3474.17
48.1279
3722.57
2362.94
3924.21
5045.04
1986.05
5544.96
9555.44
36716.6
4073.07
7849.46
18301.2
3747.44
1167.2
420.867
22999.7
1.24559e+06
8316.54
8678.05
8171.72
302.643
1814.6
1967.48
1.34258e+06
6348.24
5222.94
1.36849e+06
28249.7
3234.87
13500.1
3932.88
196.258
1.34309e+06
1.35908e+06
1.26613e+06
940.611
8727.28
8778.14
53775
2556.56
2594.65
3232.38
3975.82
20560.8
3823.06
63709.1
6000.34
2230.17
299.374
191789
1672.99
7075.49
2417.31
4244.68
163185
993174
43011.2
1867.89
3325.34
3937.17
7012.73
3369.61
5544.16
17585.5
2703.52
13977.8
3564.75
2435.96
936.491
3209.14
572.576
6913.02
1.29977e+06
15617.8
3187.61
361732
8420.07
1.22919e+06
3713.29
16740.9
15688.7
4372.51
1.31969e+06
38621.1
4072.06
119.244
360453
358166
8727.05
14653.3
1.19337e+06
1.32324e+06
9031.97
4544
1.37503e+06
4493.61
3978.82
60602.7
835995
8441.39
3853.3
66.8404
1121.15
5139.5
3468.06
1917.54
357279
33303.4
3823.45
15375.3
1.35118e+06
1.16272e+06
217.025
3427.4
1.21505e+06
39456.6
8710.62
3009.85
61336.8
14968.1
980.772
5464.97
4279.37
1.21932e+06
1145.75
98786
4595.39
9402.96
572368
14527.6
804.435
3692.47
6259.85
935303
4406.49
1.34236e+06
486.33
10861.9
4407.93
4153.06
3092.58
785.022
2742.79
3533.22
222.524
14422.7
7821.17
1.21757e+06
5834.38
85385.6
1.05472e+06
11532.4
3166.18
721455
4762.63
383081
725031
3849.37
1.25215e+06
53603.4
5076.97
1.31062e+06
8714.16
232987
341.037
1.248e+06
3875.9
1.36662e+06
27722.3
1.08097e+06
266.149
8242.12
5030.42
45396.3
1.28904e+06
384.454
4989.11
1.36676e+06
847.248
14594.8
30249.4
6866.57
8138.91
6538.5
4550.58
3666.82
658202
1.33437e+06
409156
2374.18
9306.78
10951.6
5709.53
8399.39
596572
1.30235e+06
201320
13823.8
22357.8
3660.99
6974.81
4832.54
49582.2
24969.4
5373.52
3852.94
3794.39
2932.34
1.37527e+06
5566
1.36551e+06
415980
3054.18
6130.8
11682.6
3944.13
907068
9148.73
447.531
32134.6
3831.08
2908.33
349.647
3644.39
202289
884955
741.187
5876.21
15218.5
339.268
71456.2
1.26863e+06
11087.8
56244.5
1015.5
15463.2
4881.42
455873
4701.33
3660.77
19637.8
1.32929e+06
3522.19
48123.6
27288
387.573
64740.7
1.18288e+06
2963.3
578.719
4021.93
5819.97
64832.7
4934.69
206.372
1102.97
13485.3
4381.56
3608.61
36775
9850.29
4850.97
1.37564e+06
3254.68
85671.4
4015.26
4174.61
36573.9
9841.84
10917.5
1.36243e+06
3623.82
582929
5323.57
13560.3
430.486
378.26
11197.1
15465.5
68980
3651.99
450.092
1.33259e+06
434100
4701.2
4824.7
4776.92
11475.2
50602.3
178003
5333.73
47683.5
84208.2
58135.3
1.28698e+06
10600.8
3943
20351.8
1.33164e+06
280695
6303.9
28170.7
1.30275e+06
409.889
508299
4697.69
4860.21
6220.59
575.74
177153
13065.5
5485.19
1.32021e+06
1680.46
32366.3
8529.4
11204.4
7480.5
7987.95
734.487
4384.38
1.03033e+06
1.36564e+06
916589
1151.68
3526.56
1.36285e+06
2953.6
1.25246e+06
1.37371e+06
7064.83
27817.1
14493
8756.77
4205.16
4642.79
1.32083e+06
2939.82
205.602
19773.8
5495.25
1.37052e+06
3363.83
3683.11
41367
3590.44
25826.2
4844.18
5310.9
193302
1.24357e+06
27753.5
375414
1.06111e+06
1.24504e+06
4030.5
3693.77
6170.61
3895.12
18557.2
241484
8064.03
964160
59492.7
265519
3504.45
8229.1
17644.6
746450
1.36269e+06
280.358
1.06077e+06
8904.87
1.1022e+06
41319.1
1.3483e+06
5295.89
24921.4
457.265
1.17038e+06
6493.86
570.716
4374.13
1965.7
6123.09
1.33191e+06
24878.5
2805.95
204.984
610605
3741.24
2770.12
4396.27
3600.52
4319.81
4738.96
83837.1
41705.5
27542
11648.6
4959.39
11031.7
1.32364e+06
2348.06
32694.6
253.928
20790.3
17096.9
88933.6
17153.8
1.3737e+06
3480.38
6925.6
3082.98
11548.1
33280.9
7804.83
1.32791e+06
7333.09
66118.7
8954.62
1.36997e+06
4848.39
32581.5
3924.96
16910.6
1.36869e+06
3775.87
42388.8
43317.4
16318.1
1331.36
305.935
3209.2
22942.1
54193.8
2995.57
2956.03
526080
2677.92
1991.53
1.13008e+06
3898.36
1045.42
4215.02
4174.1
11157.7
13169
12344.2
4206.67
725.441
54497
499.767
635.019
660.962
1.20694e+06
337.772
17099.6
3994.51
5435.1
998636
12117
613.532
11285
26956.6
1.34994e+06
26773.9
909.074
3383.2
5623.78
4595.7
16781.9
49.4796
3979.06
5062.48
6834.97
5395.53
4087.09
14984.7
11232.6
1.36916e+06
1353.4
9233.09
4305.25
1.09956e+06
3693.29
9022.98
12544.6
198.135
73870.7
10349.8
4843.74
1148.12
31719.9
266077
1355.31
3366.62
3297.59
772.877
5526.33
62137.3
60102.2
4182.19
3480.28
22289.5
5021.59
13217.1
78112.1
331.886
27975.8
323400
4206.26
7036.1
2149.87
4894.29
3906.57
36094.5
3996.87
1.35201e+06
1.1202e+06
253.13
3341.8
3798.24
1.28111e+06
718134
22005.1
1.36598e+06
21642.6
7311.84
684688
1.20111e+06
6786.79
4517.22
9343.84
51802.6
964.162
16796.7
3846.71
1.17405e+06
1.31086e+06
180.408
5120.21
40765.2
671.511
4005.69
240.595
4057.18
864.475
879.156
981.467
26446.9
25637.6
1.37511e+06
826.651
2906.34
1.22602e+06
1.36593e+06
1.13698e+06
742.324
26761.4
4407.13
4078.57
54071.6
2606.8
1.36661e+06
1.13401e+06
12276.2
3351.89
3655.87
3382.2
1.31033e+06
1.25663e+06
3325.92
5011.38
238730
26883.8
392783
2063.93
8945.02
8400.58
8866.07
17677.8
1.28516e+06
4054.69
19349.7
55392.1
3488.13
973.364
5053.02
400.353
14034.1
41460.7
50235.1
1.25457e+06
7774.67
3894.1
1.36718e+06
23210.1
15436.2
3600.82
4488.66
1.35293e+06
1.32202e+06
6809.42
26204.7
5336.17
8600.57
3122.88
461.446
18051.9
15225.8
3155.99
614014
2340.19
11367.1
1.31274e+06
47.5516
4072.34
3603.08
18325.4
3225.57
10872.9
16264.7
4442.38
5013.78
14816.7
11149.2
20654.8
4450.08
17752.5
46.3298
3851.44
1.11236e+06
33453.3
1.23054e+06
19343.6
1.17341e+06
274197
1.05556e+06
3085.12
4511.28
1.18612e+06
1.35337e+06
38408.4
11942.8
26.2667
22.2531
4089.96
3608.63
351.531
1286.61
1.12653e+06
1.04894e+06
52733.9
12008.5
10707.9
153.052
4136.32
16021.5
4231.09
4921.04
16125.2
5106.79
3729.02
3556.99
35986.2
393039
12241.9
3297.76
322561
5107.5
10567.9
35141.2
159.063
3664.06
4817.83
49655.7
2107.09
1.36972e+06
8017.61
993832
4683.21
8478.13
1.35418e+06
64605.5
8144.58
14197.5
1687.77
6619.8
5000.02
1.21473e+06
5735.54
9818.05
50305.7
720.896
10349.6
13580.7
1.24159e+06
31390.1
13042.2
155169
6122.84
611.452
1.11021e+06
19566.2
1.36544e+06
205671
3892.87
4868.92
3974.44
1.33843e+06
34958.7
351199
211.071
3784.19
555.956
4586.55
395793
1.23006e+06
3642.08
3504.76
3900.04
1.33711e+06
144508
12764.6
1.19188e+06
4841.28
10903.7
186228
16975.6
1047.18
9733.71
1.33335e+06
1.37306e+06
3689.53
1576.22
3964.47
255.058
4405.81
20624.3
1.32815e+06
15411.7
4086.64
1.35101e+06
11630.6
124517
694.37
3683.41
551050
12956.1
13865.6
8358.93
3362.44
5953.47
9010.27
68998.9
2942.27
8798.3
12616.1
985883
4772.43
1.22249e+06
1.13098e+06
6720.73
158.937
1.37531e+06
1.36467e+06
6257.55
3043.43
1.29513e+06
5638.44
1.28438e+06
110160
1.36597e+06
1.32396e+06
4173.23
4770.37
408.401
3678.07
26.4206
22.2409
467.188
4096.1
12335.4
4023.49
1.32423e+06
1.29871e+06
423.051
7543.16
1750.7
5144.07
5750.71
3178.74
4156.89
290.076
214699
347394
4554.52
1.10734e+06
10151.3
7406.56
3505.89
632940
55053
4109.14
174.236
2983.26
2057.86
174.458
13863.3
2751
3973.45
1.36773e+06
82427.5
57348.4
4122.33
2812.2
3932.51
1.37298e+06
776.65
3793.82
10892.1
3839.19
425668
5344.11
18348.3
5068.68
39346.7
8896.55
5001.9
716286
1.00231e+06
251.048
326.071
1.16693e+06
1.37218e+06
1.36599e+06
1.18298e+06
661316
4283.96
1.31218e+06
943.083
21859.1
29451.4
9056.1
347.39
1.27662e+06
1.36647e+06
8692.69
8226.21
5654.21
35573.1
615109
4546.3
12337.1
1125.88
10986.3
585593
1.32303e+06
3759.97
325.705
3815.16
1841.18
3555.13
3717.49
6415.13
4818.51
3495.99
12254.3
1.25205e+06
252471
3762.1
4925.02
1.33078e+06
1.33281e+06
1.21939e+06
106909
1.03503e+06
5753.84
1509.5
1.13282e+06
1.02409e+06
1.36398e+06
674.19
1866.13
5934.03
196874
4699.08
11129
25064
8036.9
1.24989e+06
21044.1
15053.3
9150.39
7697.45
2943.27
932824
4967.58
7586.9
3482.64
1.34353e+06
1.01678e+06
10000.8
1.3304e+06
82.8417
256.995
3679.14
428.806
1.34626e+06
185.73
15613.1
241430
208.076
2790.78
1.37375e+06
352.12
4044.01
250.241
7933.64
4354.09
1.3712e+06
692684
1.2648e+06
1.18757e+06
9710.69
531540
113.854
21925.9
3798.34
1.25021e+06
54145.6
1.37018e+06
1060.81
1.1776e+06
366.397
3301.18
6842.26
348.816
8485.31
5804.11
6017.58
14635.3
16014
3860.86
3696.92
11086.9
47.5401
1.05605e+06
1.3757e+06
24778.9
4072.03
487.773
17659.3
6716.46
623876
3935.67
747255
6145.84
640.77
22585.5
3469.48
5401.45
5374.66
5501.15
2921.65
4851.17
4138.42
201110
189187
288269
343.391
1941.23
17993.5
19464.1
1.33713e+06
3791.67
719.694
1374.39
6150.84
4269.96
67212.1
3340.52
1.32247e+06
3567.77
11935.2
465.516
4213.39
7959.3
3687.74
12612.3
13257.1
45659.5
5242.2
3458.29
99.3238
3997.36
1.3438e+06
4071.08
15745.6
242166
1.26928e+06
1.36936e+06
2875.98
13105.8
4866.43
20653.9
3578
65898.6
5432.79
4558.06
251.649
12096.5
1.17767e+06
8441.73
1.31575e+06
4028.88
77171.9
3986.13
1.30849e+06
346933
7622.25
5088.9
7868.91
1.3521e+06
3465.63
6199.2
783362
5174.1
422.243
321.809
3682.27
250.165
135.427
3341.74
4628.65
270426
3220.71
710707
11299.8
3895.44
138.274
3391.81
1.35087e+06
1.30805e+06
1.1842e+06
93236.8
4771.27
1.35912e+06
74.6488
101200
3693.66
3209.68
1.25739e+06
3660.38
5261.92
461815
6536.89
1.35222e+06
418.411
12805.4
1.22773e+06
8804.54
1.32919e+06
6678.16
59747.5
3530.47
17973.6
4173.96
19148.5
13054
1.29775e+06
1.01823e+06
9152.19
3853.2
4742.49
332.523
361460
9860.12
12759.9
9486.31
1.0978e+06
3791.36
16385
3485.02
84.8932
1.33823e+06
5727.03
8260.07
4160.42
376.37
1.30976e+06
8174.93
18447.1
12439.4
38117.8
6020.72
3512.1
1858.19
3521.66
16228.6
169.754
4120.36
8524.31
3728.85
328.065
977059
11056
4777.17
147.598
5267.94
1.3611e+06
8182.51
373.555
286367
264.872
9840.97
4675.47
827.818
3151.43
287.35
632618
15753.2
8688.43
1.19951e+06
1.22761e+06
3417.31
64530.5
3299.26
1.21569e+06
417.003
4756.64
4308.03
10368.3
27330
2629.71
5995.45
21189.4
1.13082e+06
798.66
10166.7
67915.8
12761.3
21.1732
990056
1.08374e+06
13330
3074.07
5814.14
5371.62
104.264
116.423
258.388
1.30737e+06
1.36732e+06
5335.51
3643.07
238557
72591.3
694735
14956
1.36712e+06
7388.15
1.36413e+06
1.17938e+06
1354.78
5407.42
1.37378e+06
4835.27
7645.32
3922.01
3225.8
1.35294e+06
3484.4
5006.49
1.27218e+06
5634.77
5037.61
773804
471.074
1.19692e+06
8341.98
714512
1.13577e+06
855416
930.42
1.19143e+06
712.678
9406.24
981.333
14980.5
35315.2
790.241
12027.3
288631
38526.7
106.15
154.803
1.21622e+06
1.1749e+06
7605.31
125152
1.36006e+06
256.417
11930.6
4731.08
81873.3
4088.08
117659
353.405
858793
1.18102e+06
4709.79
1.37052e+06
14284.3
22923.9
10390.3
1.31332e+06
64114.8
849929
4154.93
3595.21
1340.98
1.37657e+06
6890.01
7057.27
39720.4
4227.93
43354
3277.78
16382.6
1019.63
237.117
91833.6
209.006
1.33807e+06
14730.1
4675.44
1.30717e+06
2796.96
12120
65.1306
1.21851e+06
3253.52
23603.5
13774.1
27042.4
1.36972e+06
1.07544e+06
1379.42
1.37565e+06
4648.54
12484.1
3730.15
44784.8
2628.44
2235.1
56.1903
3417.8
3128.35
52622.5
68591.1
1.22046e+06
7801.89
55349.4
5249.65
1.3337e+06
3768.95
3721.42
435.152
9176.43
410.749
11739.6
5402.07
1.34064e+06
8320.24
8798.44
9651.11
1.19066e+06
20628.7
6216.34
5274.3
762.839
61709.9
6596.3
383.472
4932.98
1.33439e+06
10940
564010
7648.04
3220.64
3508.21
5156.89
3663.49
3322.52
2347.85
3206.34
6178.51
1.35787e+06
277.668
30650.8
4016.54
30010
3531.91
3860.59
11792.1
4815.98
1.35021e+06
1.31749e+06
411159
2444.7
378.789
152206
2944.29
14727.4
8814.88
1.11121e+06
6125.95
36805.8
1.36586e+06
471.211
730.057
3255.43
1804.32
33991.8
12804.7
2391.06
4013
479.104
63551.5
2814.4
27516.8
10102.5
854.111
135705
1.3595e+06
3422.08
715503
1.36903e+06
14833.9
3456.59
7220.75
9687.99
865.788
8925.77
1.29554e+06
9079.58
41478.6
5192.33
1.30522e+06
283.734
2757.34
5141.02
2711.69
4029.82
45425.2
3695.13
859746
5487.73
5795.68
43504.4
4043.77
5112.83
352025
5274.5
3027.18
6046.17
621818
9949.65
76944.8
121.738
4993.26
3585.64
7333.59
921951
64046.4
5234.91
490.955
15714.1
8429.77
15209.5
3000.42
1.36036e+06
6727.13
2158.69
3538.04
336.748
1.30664e+06
9315.03
5054.56
19312.7
1.26612e+06
9229.44
1.28686e+06
4555.06
4011.27
3093.64
5769.78
7113.77
4658.1
1.20611e+06
1.3637e+06
1.36509e+06
1.1789e+06
3504.73
1.37087e+06
8717.62
5024.26
3540.14
122.87
1625.27
3766.51
44713.4
3625.02
4465.41
20929.9
3694.51
5386.36
3041.12
126348
3147.47
43.0393
1.35884e+06
870.162
1.19335e+06
6716.8
95641.6
1.35121e+06
85843.9
105.595
16082.2
6081.01
15965.5
242.885
148514
3896.73
25627.5
441228
1.24957e+06
227.048
107293
1.372e+06
32976.8
8125.38
1.29634e+06
17630.7
3015.39
419.303
3137.74
10551.9
20611.1
4036.01
3929.45
8059.02
8048.21
1.32069e+06
500.175
65.4647
61.0669
26478.2
8482.57
26815
18419.4
1528.82
101.019
9521.13
18658.4
5783.17
2472.13
6011.45
701.548
17501.3
4817.94
77.3582
5289.15
267049
8718.65
21343.8
13523.4
19227.8
45149.6
67128.6
1.27853e+06
19790.5
333.967
3996.6
1.37133e+06
2889.57
7669.39
8856.99
76900
13870.3
4592.87
1.36627e+06
3527.25
951831
748.357
145597
1.37541e+06
2593.26
1.34527e+06
452.371
1.2734e+06
5482.88
10634
57913.2
2654.77
4393.33
6858.08
901508
1.27492e+06
1.35836e+06
3974.13
1.19625e+06
1048.68
4117.75
4671.73
3385.1
1.37141e+06
694.16
1.33205e+06
15791.6
3162.71
4973.01
4842.56
312331
1.27016e+06
3847.35
3249.22
9157.59
4549.62
4423.07
3137.51
732666
5293.74
1.12216e+06
1467.48
1.07302e+06
1.35754e+06
1.31326e+06
11841.4
6076.38
3394.83
5158.02
1.36844e+06
979.339
4098.24
40987.9
13626.5
14960.5
1.27268e+06
1.35878e+06
21695.4
1.37141e+06
309.24
4884.77
194.676
14488.8
115.744
851682
38899.8
4394.81
164894
14290.3
7130.78
25.5835
1.37639e+06
705.842
5566.05
3617.65
4065.23
219791
598289
829.663
1.36349e+06
1.33221e+06
3623.61
1.36331e+06
14995.8
35607.7
485.733
1.28642e+06
72.2489
372543
17921.2
5598.51
10453.6
2999.04
1.35244e+06
1.29191e+06
32508.2
1.36104e+06
25483.8
191.305
1.13408e+06
4700.03
487.432
57.0623
507.69
47.8693
3700.02
3453.86
21425.4
5725.31
5259.09
1.33649e+06
2583.89
4755.48
5045.1
4051.65
65.7442
1.11315e+06
1.3647e+06
5107.45
4034.2
7708.69
2987.65
3538.19
78.0356
32070
1.05998e+06
1.26669e+06
11919.6
29442.6
3290.37
1.31708e+06
85.5266
877460
1875.59
3477.38
7080.86
4744.85
30.8085
14368.6
25652.6
4098.63
12576.1
43833.5
30194.5
7648.28
302639
11180.3
6426.68
3679.54
5723.61
84606.1
1.37547e+06
22238.1
22316.3
4278.9
4089.97
189040
2091.65
11743.6
1.35681e+06
16329.1
14279.2
8581.76
1.36956e+06
723671
7038.6
11189.4
8876.28
3500.75
1.19961e+06
25209
13691.9
4293.34
8620.36
357.145
1.00553e+06
1.32056e+06
1.37564e+06
314349
1442.08
158876
8609.64
2310.02
18132.4
11138.2
11786.4
1.37438e+06
1.12274e+06
63775
5177.3
1881.86
2919.34
5257.69
3594.95
11438.5
19390.9
1.35308e+06
23748.2
7532.98
7826.62
3516.67
205009
9235.91
3672.66
3579.02
188855
1.32344e+06
4968.94
6758.89
5280.18
567221
778.108
3119.83
38384.2
165.556
12854
853.555
3803.8
1.28401e+06
3006.85
5190
959275
4247.34
210667
1.37188e+06
1.28715e+06
34324.1
4561.87
3271.42
38735.3
3235.55
5820.05
3824.3
1.00534e+06
855.415
314.16
1.34272e+06
197386
627.904
4007.77
979111
1.29573e+06
4436.13
10096.8
1206.07
1.24898e+06
7141.42
350.973
2269.11
2917.21
1.24501e+06
1.37173e+06
1.28635e+06
11662.2
81807.2
6651.16
7153.67
28321.9
977.744
1.35714e+06
11536
2142.49
8526.66
1.37281e+06
794.118
390.887
256.869
3692.44
47188.6
1.28632e+06
930.064
3498.93
1.34701e+06
5515.77
1.31046e+06
22961.9
2929.3
10906.6
2213.23
7409.55
4479.48
1.09092e+06
1.14012e+06
1.32573e+06
7104.04
2608.01
1.37511e+06
6461.72
5054.04
30474.6
14123.5
2838.84
1.34559e+06
15405.1
57538.6
5548.44
16507.4
1.31571e+06
3992.88
3549.65
4068.02
570.605
610.19
5097.8
4967.72
3370.2
3496.76
1.29279e+06
4764.56
27202.6
1.10456e+06
1.16718e+06
5760.33
8540.76
15439.5
1953.36
1.27379e+06
368.115
1844.77
24025
33402.6
1.0272e+06
1.1046e+06
1.36611e+06
949.244
574.236
5955.54
529.019
36566.2
5098.3
263034
11241.7
40.3672
19121.8
1.10003e+06
3570.41
11726.5
397.43
21178.2
18864.8
1400.55
32726.8
1.18236e+06
1.37535e+06
2634.44
447.506
1.36165e+06
1.36835e+06
5568.91
1450.24
16215.5
9221.17
1.34989e+06
4822.51
1.3609e+06
195385
1.33568e+06
8214.61
4647.4
42216.1
143.221
6202.43
5326.31
56506.4
19406
9366.56
13108.7
3804.3
785.027
1.11676e+06
5257.94
3680.07
3152.28
1.36966e+06
1.27159e+06
928900
1.25337e+06
273.472
7948
340505
96.0902
17995.5
30137.4
5708.57
14314.9
64661.7
1285.7
41657.7
162.695
4077.96
36.423
54.6231
4229.56
1727.48
621.599
14959
12039.4
7102.9
11654.1
160250
9628.76
1.31523e+06
5603.17
104414
5014
51859.3
982.72
3615.46
11161.7
3410.21
1.37417e+06
14586.3
3762.45
45834
2961.98
2658.1
1.29859e+06
1.19056e+06
25659.8
5273.8
152697
1.34787e+06
802.374
3544.5
13278.8
1.31254e+06
34098.6
16446.8
90455.9
3064.89
1.27708e+06
19513.2
3541.68
328152
401561
30815.3
227.435
1.33826e+06
3144.85
290738
7943.3
1.31349e+06
1.31588e+06
18429.7
1.23236e+06
273088
10437.2
8224.14
4085.99
13737.3
1.14323e+06
740544
8300.3
55322
994.534
1.00062e+06
2119.22
22521.1
120671
11948.8
16758.9
1.33542e+06
10613.7
4627.81
9704.23
1.37143e+06
4001.27
1.33309e+06
1.37179e+06
6002.56
50.8527
166000
3580.19
325095
14305.9
4070.42
7107.01
1.07458e+06
5046.67
22837.7
1.27245e+06
1025.03
3549.65
1.09714e+06
2587.28
7249.47
1.02043e+06
3387.8
16376.1
3784.64
173699
6438.86
334845
10316.3
12864.6
7146.94
3127.48
1.37617e+06
3856.37
4087.25
7963.92
4022.06
13116.5
1.25079e+06
1.36627e+06
16605.6
14011.3
1.09849e+06
35.8141
1.33834e+06
797549
25348
254.805
4185.6
1.30915e+06
1.23919e+06
3524.27
1.34188e+06
377.098
341573
1.36527e+06
15501.2
14598.2
4841.18
3363.38
4604.46
2668.94
9167.3
1.01617e+06
16196.1
4667.42
5192.19
1.25383e+06
53915.6
1.26254e+06
54382.7
11476.4
65.5507
1.3491e+06
641062
1891.54
1.37209e+06
13506.2
153.879
1.37383e+06
308292
14231.4
3953.21
4043.29
9293.14
1.36934e+06
1.26277e+06
20953
5616.58
14207.4
5637.85
3358.36
1.37507e+06
3945.29
4962.32
17934.9
4237.09
8865.73
373086
2909.49
1.3708e+06
5442.47
5269.19
794284
759.463
957.607
5092.88
160823
1.30028e+06
5682.3
9493.58
3232.27
361.417
22085.5
7835.08
1.19509e+06
12761.7
9293.77
992.367
10285.4
6450.84
121922
11772.6
817.636
2782.28
3545.37
46373.5
4065.15
4787.52
34306.5
1.35906e+06
10487
55975.7
9884.08
7916.03
3558.27
3363.85
5799.73
3013.08
171.558
3753.32
3185.17
6831.39
280.012
14738.9
2697.36
8032.73
6349.57
4599.91
3860.86
7345.16
365.121
4910.09
4414.94
6035.99
6152.08
8912.45
1.36003e+06
16431.6
278.967
4601.95
812.134
5187.9
401.536
6393.15
2160.4
324.825
35043.1
4735.08
74106.9
5932.63
15311.7
17679.1
1.06423e+06
130541
4203.69
12012.3
3747.1
4143.89
464.462
26371.6
699965
3151.01
3761.41
3865.97
1.32884e+06
1.17192e+06
1.06405e+06
1.21213e+06
3481.21
3983.47
5504
2186.21
2496.77
8333.82
8655.98
796.361
1.3419e+06
321478
204.012
5155.23
1.33598e+06
7203.31
1.36933e+06
3399.99
61094.2
3725.66
1041.79
1.11556e+06
2754.82
12658.4
4299.63
11179.9
3206.33
1079.78
1049.14
1.28036e+06
1.04334e+06
3760.01
8954.89
1.37532e+06
12554.1
2542.63
6272.68
219554
1.06461e+06
5490.82
3809.01
440.464
800.325
1.31804e+06
32.1273
17212.1
27092.1
49968.7
25662.6
697268
1.34391e+06
1.37561e+06
1.36948e+06
705.47
568.301
1.25748e+06
3596.66
14832.8
14035.6
1.06166e+06
1.09348e+06
113.821
3759.68
1.36283e+06
1.16642e+06
449.007
6299.48
763.418
3426.99
30769.9
6558.28
4290.14
9992.05
1.36592e+06
4696.71
1.35269e+06
3204.54
1.34297e+06
3467.82
1.36546e+06
9946.43
1.33983e+06
1.31281e+06
5050.15
1.35031e+06
5985.61
4193.37
1.25739e+06
752.583
29314.7
2317.01
4951.75
11796.3
3596.82
49522.8
4707.39
3841.85
15810.2
8422.12
4401.62
1.37578e+06
117086
5638.48
748835
3668.5
17364.8
8120.59
10170.3
1765.96
9404.86
3870.2
974479
1.04982e+06
1.37529e+06
1.32191e+06
1341.88
14992.2
47121.1
726.029
15993.6
6004.67
6020.56
47192.3
4118.69
263.781
775.371
3523.43
396.581
11554.2
3115.79
1.2541e+06
3907.06
5391.31
3298.37
144271
4095.47
1.31664e+06
3504.02
20129.6
59554.7
1.26921e+06
859.282
3952.98
1.21299e+06
1.36679e+06
38823.7
1.33564e+06
12426.1
728652
561564
5477.15
29.0618
11628.3
26652.4
375.723
3355.26
150957
2944.99
5511.32
8659.99
6252.05
829.786
3195.86
13227.8
21265.2
501.659
1.34235e+06
3604.92
1.21754e+06
1.08262e+06
1.37511e+06
19518.2
12297.1
2506.52
7600.85
1.11597e+06
6799.8
3579.43
1.21921e+06
174.824
1.18555e+06
726.71
38939.9
2922.98
1.22711e+06
5249.14
52693.9
4736.02
3769.22
1.33529e+06
3512.06
5344.79
13561.5
16056.8
45058
261.611
5168.92
8296.29
3633.35
164.714
251643
381.063
15113
10582.2
7680.74
942.269
143307
1.05804e+06
1.37235e+06
8873.64
6010.68
1.28788e+06
13052.1
1.34104e+06
10862.3
1019.61
985477
1.25597e+06
1.26752e+06
1.37284e+06
1.30264e+06
1.28829e+06
468.464
2636.57
41983.1
489.836
7645.82
2956.89
890.35
3553.22
1.29507e+06
1.1437e+06
999.697
686.456
436885
57070.8
315.161
2997.3
1.30936e+06
5892.7
1.35079e+06
418610
5901.88
126.605
7901.82
1.29187e+06
25728.5
4743.65
10062.6
1.06066e+06
2969.79
369.031
364034
361.657
572.566
24969.3
41747
1.10157e+06
4003.76
23465.8
4044.58
163.324
42.194
784.815
5834.06
38907.5
13473.4
1.29067e+06
3274.85
13303.1
1.06987e+06
23178.6
198.186
1644.61
1.17709e+06
1.37514e+06
4634.88
340.264
112863
242.36
358807
1.18344e+06
18806.9
818.006
259.539
58651.5
1.32722e+06
290828
4329.28
1.33624e+06
5497.54
17599.1
1.37492e+06
3917.09
4062.04
1.08605e+06
3646.5
7036.66
31534.8
192.689
3352.49
5965.02
51612.8
40992
1.25572e+06
1.37559e+06
8803.29
1.12682e+06
997723
1.16413e+06
1.12173e+06
1.28487e+06
55573.6
8505.38
27328.3
81.8615
215285
11945.8
558.96
1.36705e+06
28934.8
1.311e+06
1273.86
4912.31
27870.1
435761
6757.5
3160.92
1.27109e+06
18875.1
6741.61
4731.52
1.31884e+06
1.10598e+06
18319.3
5590.38
35593.9
26851.6
5431.26
3534.47
1.08599e+06
1.20123e+06
1.01713e+06
1.37397e+06
3870.07
3364.89
6637.66
1938.29
4365.13
239.444
29174.1
4109.93
1060.89
1.37152e+06
1055.22
5218.38
15335.3
12438.7
5337.38
1601.24
3533.55
8264.03
148.466
14694.6
21848.8
35703.3
431.003
1.22672e+06
2385.65
256.94
170622
6790.4
13844.1
1.34906e+06
35217.2
1.12458e+06
23960.1
1018.37
1.30882e+06
16600.6
1.27418e+06
4595.65
1.3193e+06
366.313
2408.08
454307
12480.9
294.633
4762.85
1.33328e+06
2711.2
6831.05
1.11278e+06
7842.29
58193.5
1.25563e+06
761556
1.25554e+06
8756.02
55991.7
3504.94
1.20957e+06
243.509
3422.41
4867.17
3556.97
2623.8
4220.12
4245.99
3905.25
1015.96
148.461
1.37571e+06
1.02435e+06
3948.62
6255.12
17247
45135
3897.5
7544.62
1.36866e+06
1.29347e+06
1.2615e+06
10382.8
16567.2
13504.2
160118
682.904
9410.55
13874.4
55383.6
201400
1991.88
10843.9
5424.61
6945.96
14214.8
3647.34
1.28443e+06
821966
1.13519e+06
30961.7
111.666
4629.17
1.32597e+06
84082
1.31457e+06
5038.37
1651.31
63.7041
392932
4103.41
35042.4
8100.78
53337.6
4882.29
42357.3
5754.79
332.762
1.35443e+06
1.13345e+06
1.11694e+06
6288.97
188562
4673.59
7569.75
3663.5
434.21
3134.69
15748.5
1.33396e+06
4130.82
2437.31
163.589
20735.2
4581.14
27271.4
3626.16
5009.29
1012.45
5576.5
3702.04
943360
450.376
268.966
1.2852e+06
15900.7
173.316
236.838
9241.68
3597.19
18117.1
149.141
1047
1.25024e+06
3995.34
254.407
1.27463e+06
1.18676e+06
4026.07
29534.5
7099.7
3605.12
1.37545e+06
13092.8
4053.03
5010.42
105.947
2161.57
4008.09
1.36284e+06
9983.59
944.114
1.29594e+06
3660.28
3554.31
7900.91
1.36845e+06
1.35222e+06
286604
1.18892e+06
4281.07
1.37639e+06
9503.22
4687.05
491.602
3182.67
2879.11
1.3556e+06
1.18818e+06
270.071
4336.87
3288.85
217.351
11668.2
173981
250.523
19687.8
35959.9
237.641
1.35337e+06
38837.2
1.06763e+06
8699.46
2948.84
809.912
4343.89
227.728
16626.8
11208.1
1811.56
4327.62
4007.05
94.5886
4993.77
35296.6
5336.5
6171.59
248.749
11955.2
5399.84
537.542
3098.14
6768.92
45161.1
9114.94
5159.88
4824.85
2153.99
598683
301.963
5156.85
336.937
300375
11892.2
527337
4870.08
3758
1.35682e+06
2378.1
6737.17
1.30318e+06
14385.8
6693.54
33196.6
1.26097e+06
260.866
172.545
84077.8
23559.2
22206.5
18788.6
16240.1
8813.96
85.912
3546.21
1.10679e+06
10090.5
559.534
985456
1.37137e+06
3890.61
169.772
4117.62
1.1002e+06
3135.15
1004.85
196801
555393
1177.57
3946.53
7712.78
308556
1.37493e+06
3726.88
34292.7
1.36707e+06
6431.74
5188.28
286894
4034.55
1.35272e+06
429407
462.114
4283.8
1.37374e+06
900.468
1751.6
18700.2
5104.57
1.22432e+06
1.36937e+06
5178.86
5332.43
19424.3
5254.94
4856.47
34746.8
21102
1140.12
7119.15
1.36621e+06
868758
7591.77
44949.1
3658.35
7506.64
6377.11
8937.58
1.37505e+06
378376
98558.6
16279.8
1.36321e+06
878543
5262.27
11956.9
2661.2
1.33675e+06
60870.9
3692.79
17806.9
188.68
368.518
40511
1.37275e+06
305.041
4061.12
13413.9
5418.38
1.36736e+06
17152.8
1.15745e+06
3470.71
26239.7
63212.2
4958.15
1.14905e+06
12309.8
1.36282e+06
60603.7
3699.37
262.916
499.743
1.19332e+06
19231
312.959
13082.7
4485.86
1.29637e+06
5348.79
3741.46
1212.26
1.3498e+06
1.15127e+06
8933.41
4703.78
50516.1
53838.9
509300
1.19197e+06
1.15575e+06
1.27751e+06
7934.74
821.424
4057.28
4057.76
155207
52138
14542.6
892.751
21017.1
783504
4418.8
1.22579e+06
4996.76
90.7206
700.902
10019.7
197.9
4647.27
15875.2
1476.31
1.2712e+06
97.4394
1.37395e+06
3715.61
1.37522e+06
779.049
343017
1.08572e+06
1.08572e+06
82148.5
1.0298e+06
3297.77
1.17797e+06
3429.13
4693.48
580837
4716.24
3318.65
4102.87
44472.7
20292
50198.2
54420.8
5180.45
4583.14
249.024
13503
615589
16811.4
11072.8
2640.47
3964.4
123.515
16584.1
59291.6
4823.82
1.36674e+06
15901.7
5712.23
1.3716e+06
1.32906e+06
306.485
7166.41
11577.9
32133.3
28918.4
1.37076e+06
3036.49
11285.3
51816.1
8209.89
2546.19
20534.6
1747.19
3955.35
389.592
4060.22
9970.62
18604.7
5581.26
1.1071e+06
5396.57
3377.91
1.12697e+06
3852.71
1.30465e+06
273.002
1.34358e+06
9293.12
602.072
5545.64
6761.55
1.34377e+06
163898
11369.1
3327.45
178554
15690.5
4774.52
12308
557.479
3640.86
3918.06
20399.3
843.453
32.1244
4140.15
1216.58
4288.79
12791.4
591.138
19134.1
3069.93
5320.67
435.973
1.23724e+06
635.268
11447.2
644039
59841.3
6263.57
857.531
5851.29
1.09736e+06
34799.3
1.37197e+06
61.657
17104.5
6867.55
6630
11590.6
6766.83
42826.6
762979
746.949
13004.9
1.10655e+06
51656.5
4093.63
7794.23
5354.14
5160.22
1.37367e+06
5266.15
3371.94
332660
155.1
526.36
16951.1
10148.5
1.3752e+06
3186.13
3575.07
149.957
806.131
767210
85.1339
3596.02
640.709
3818.29
279.495
3313.98
2944.15
4125.72
4017.33
1.08028e+06
1.02866e+06
1434.85
854.459
2536.22
3795.47
7456.76
3697.61
5218.67
12439.2
2310.37
57080.6
42.8188
3514.15
50855.4
270862
92857.6
7288.11
426.491
18535.1
1.29544e+06
11855.3
1.32449e+06
13306.3
3992.39
1.25557e+06
603698
14974.4
357.9
13109.6
12540
393.383
4666.25
5329.06
386.51
1.26524e+06
4053.36
32068
1.3127e+06
11503.3
10276.9
12138.1
235765
4325.73
210.636
5894
3783.89
13910.4
5052.38
528792
1.35159e+06
36744.3
146357
4954.17
1.36889e+06
1.37524e+06
1.2754e+06
3570.79
10900.3
3975.5
25576.4
4581.96
430.692
71031.4
142.733
6313.73
2736.91
9945.98
206.421
4064.63
14929.1
9685.06
4823.47
107.48
1157.77
1.19792e+06
1.26209e+06
980521
5631.5
4282.76
1.23277e+06
3155.16
2740.61
9638.79
7561.57
1671.06
4493.21
230.72
1.17432e+06
24593.3
17755.6
791.715
116273
1.08595e+06
423.312
9853.51
350913
1.35018e+06
12646.3
430.142
798.912
1.37077e+06
1.32355e+06
354.126
1362.36
434.204
61682.1
32957.4
5684.63
7086.87
1.36387e+06
1.3748e+06
15494.6
134011
7153.36
4342.11
1.35972e+06
1.04348e+06
21808.6
1466.23
23478.2
3570.86
9410.79
226834
1125.38
338.977
12077.5
4204.72
13577.8
156.097
1.33928e+06
1.36879e+06
5380.37
246.743
114457
29263.8
3372.42
1.35022e+06
5322.04
8608.9
771.943
220333
15471.4
3670.94
232.831
2551.32
7596.66
17292.2
5881.24
29351.3
1.05798e+06
1.3473e+06
1.22219e+06
3862.64
2940.19
2466.81
832.409
5756.8
24974.4
1.22625e+06
1.35436e+06
17467.9
14168.2
21783.4
3727.75
45418.1
1.36937e+06
646702
10010
1.3666e+06
5167.86
886.509
302119
4657.02
49767.9
526.918
23518.7
20798.8
3894.08
1558.55
3888.61
4062.85
5060.68
1.17253e+06
510.594
1.05728e+06
9685.44
17706.5
3723.59
1395.03
1.34893e+06
3114.81
3005.7
1468.44
140601
1.29405e+06
271.075
1.37345e+06
4181.3
65602.2
1.27423e+06
7030.55
1.05205e+06
8939.8
5940.66
14379.4
1026.07
8267.98
6429.74
555746
7465.11
3245.48
1132.35
276.855
159.096
20378.3
5319.12
11301.7
162.785
1.37407e+06
1.27297e+06
57.9872
1.21079e+06
16791.3
12751.8
1.20796e+06
1.15209e+06
4029.48
269936
4839.29
1.13065e+06
4664.16
128.653
1.18702e+06
319881
1.36722e+06
674.231
1.19118e+06
19204.2
1.12752e+06
178.635
1363.23
4572.68
9449.56
9748.34
20111.6
4809.85
16270.8
903311
5228.34
1.3581e+06
1487.78
202365
1.28265e+06
2697.65
4440.21
239.823
19446.7
397.556
1.29577e+06
24030.8
12399.4
355.772
1.29055e+06
9438.53
6277.84
15314.5
353.369
197.454
14961.3
18503.5
146971
1.15505e+06
8293.16
1.3392e+06
10240
1.37219e+06
1051.16
10751.3
827.645
2104.25
21250.8
1.37787e+06
5300.71
3237.75
2277.43
1.34573e+06
1.37383e+06
239.166
70738.2
169740
4515.55
1.35659e+06
1.3729e+06
1.30975e+06
840.53
9063.98
2135.23
1.19097e+06
18249.7
1463.63
1.28968e+06
301.831
6542.42
1.1327e+06
4074.38
20474.3
1.36552e+06
1.35009e+06
3588.38
55656.4
875.278
246.058
6695.72
1.34604e+06
259.623
12794.2
1.36846e+06
1.33782e+06
1.0827e+06
6712.01
646965
1001.01
8071.52
1.36092e+06
3551.79
24674.1
38897.3
2914.14
3628.65
21949.6
4441.55
1451.69
466173
3797.06
27549.8
9562.26
486.088
4781.18
1.3322e+06
1.37394e+06
411888
1.07111e+06
5101.9
14466.1
21195.7
5128.1
1.37101e+06
1.35651e+06
3589.85
12466
47203.4
3552.87
4035.6
16040
4304.38
808.277
26359
3136.21
1.32185e+06
6213.41
28709.2
15385.8
41.9531
235.145
3888.5
813483
15183.7
3167.25
9017.02
1.21405e+06
2182.14
5273.23
6739.57
246.909
1.19984e+06
970.337
4994.14
50161.4
22897.8
301104
1.27563e+06
1.22111e+06
1486.2
1.34385e+06
419.641
1.36651e+06
240.761
4973.82
14580
6338.38
1.32243e+06
20978.3
186.777
3803.85
3025.27
98.2173
878364
1020.99
8305.85
1.36856e+06
19472.3
1.36456e+06
4095.83
4084.11
261.947
533.411
25766.1
12479.8
6919.12
34126.8
116472
1577.81
6118.81
6858.71
14192.9
1.29847e+06
3670.9
1.24715e+06
1.19552e+06
12778.9
5271.86
1.36962e+06
1.22497e+06
4052.55
1.34359e+06
5084.01
49243.1
1.32246e+06
104.53
265.737
36539.4
1.28185e+06
1.31123e+06
2944.73
1.12469e+06
8017.92
249.329
14673.5
956.965
9385.53
696891
2055.59
14516.5
1.16659e+06
167.216
3614.63
152.141
387.498
162.36
3357.94
1.29862e+06
291197
2938.49
5114.43
1583.56
137.442
7716.39
1.3543e+06
976.644
6296.21
1092.98
40309.2
2323.28
13837.8
40.4444
5211.25
9188.5
4335.88
1.31043e+06
3873.33
231.5
10047.8
12336.5
1.02755e+06
10653.7
100.678
82166.1
1.30061e+06
3462.22
5308.67
5267.5
9882.17
249.653
1.34867e+06
89.2352
216.255
855.262
2898.64
798.462
3837.82
239.924
4895.99
11411.6
932596
729.704
52555.8
9823.87
257800
1.37575e+06
28348.9
23047.8
30451.5
89643
250.528
1.37501e+06
5741.67
21585
11357.4
8690.05
219.65
307.397
1.28707e+06
32713.6
1.25808e+06
1.33736e+06
1.36405e+06
196.912
4097.98
3329.31
53221
1.36824e+06
48971.7
1970.58
117.168
20956.4
15786.7
29521.5
1400.27
2331.48
76.0921
1.24405e+06
57488.6
755490
4174.46
193.243
485.266
863.04
1122.97
4260.1
11588.6
14011.3
3519.71
207844
3987.07
1.35172e+06
4005.72
440.52
1.35059e+06
9311.82
3420.63
1499.07
20096.5
36.2793
3201.58
844.327
4368.09
720266
417.859
4447.78
22574.2
12794.7
16102.5
64371.6
820.858
3850.93
1625.4
1.25892e+06
1.36066e+06
1.35857e+06
1.01615e+06
1.37515e+06
4033.65
5527
517.702
184.222
1657.22
4002.97
73872.2
1.32276e+06
101565
3604.26
1.37607e+06
13505.7
5172.02
206.05
1.37591e+06
1099.64
295782
7386.73
5043.21
1.36634e+06
121252
479.75
9282.86
1.27207e+06
1.37341e+06
3857.71
5156.16
11420.2
7205.2
55926.1
8218.4
23464.7
14207.2
11722.4
4995.81
2450.5
7904.41
1.36514e+06
31.2676
4999.44
353.283
5223.01
145115
3668.64
7467.29
442809
2718.86
23083.3
50387
1.07832e+06
7613.54
8491.99
6157.93
18511.4
45.7834
45974.3
717.101
1339.34
6989.57
1.36592e+06
1201.4
4637.08
14424
13937.5
1.19663e+06
5246.93
9740.05
62788.6
3503.43
1.3716e+06
4442.92
817811
4008.8
1.37162e+06
4106.07
6631.3
360.797
212.777
33366.9
1.37409e+06
11929
35708.8
3278.11
1.34655e+06
4427.63
1.32764e+06
22321.8
448631
5156.22
13338.6
1.29089e+06
836.54
1.29319e+06
1.37303e+06
1201.33
20295.5
3201.73
14939.3
384.616
962421
825.691
27109.7
141743
7767.62
1032.52
3549.95
1.3756e+06
2879.56
1.36835e+06
3430.3
1.24294e+06
1.25088e+06
234416
3846.23
5231.29
19724
1.29013e+06
16348
9642.23
3602.76
9384.85
3942.14
3539.34
14135.9
1171.13
60659.6
641615
395.021
148.683
2518.02
599100
133755
3562.31
403.643
1.20118e+06
1.31217e+06
2182.8
17009.8
853.557
1.13699e+06
18597.8
1194.37
1996.02
2710.5
34.3551
1.33484e+06
39075.1
1.09004e+06
7118.27
3917.63
1.35322e+06
10444.1
1.3736e+06
41899.4
4222.96
1.36682e+06
1.30525e+06
14878.4
432195
985349
9590.55
1.29374e+06
1.37523e+06
8816.31
1317.02
25.024
19.172
227.814
8061.51
22105.7
6703.19
1.11424e+06
1.09648e+06
1.29998e+06
1.00956e+06
1.14445e+06
8520.68
15210.2
4417.06
22386.1
2285.83
1.27119e+06
4519.33
13594.8
2448.24
15706.9
1.25414e+06
601.45
1.2986e+06
2999.48
60675.2
9021.37
1.33571e+06
1.36191e+06
7885
32372.8
3926.93
1.26417e+06
2493.68
3546.86
20524.6
1.36298e+06
4026.07
751.117
3584.3
1.35317e+06
4815.54
1.09198e+06
4248.82
23308.6
3883.56
2164.98
3948.44
343282
1562.62
1.25464e+06
6507.71
184712
7365.84
3187.6
14359.7
1.37276e+06
3921.49
509.621
41889.4
1197.77
2274.69
103537
1.23173e+06
2130.11
1.32343e+06
1.37719e+06
3215.99
6250.34
25892.9
1.00233e+06
42090.8
43275.7
56104.2
20438.5
17523.3
15196.4
1208.46
4508.69
6189.42
13390.2
41289.4
345.993
670773
31418.9
5132.13
6167.06
1.3135e+06
479.077
16986.6
2264.67
12074.6
4198.98
4919.36
19475.1
4065.83
4871.27
835.759
1.27413e+06
888.5
106.534
75384.1
1807.88
1.03907e+06
555.244
7848.08
8788.46
3980.34
8914.08
13697.3
5121.27
2954.14
931.922
140148
205.324
1.37221e+06
13986.6
364.503
14295.8
363.832
1930.61
22447.3
3071.95
1.36339e+06
4298.74
8436.52
1.36812e+06
128898
49563
5660.52
4856.48
24627.9
3807.37
158433
1.36429e+06
4075.56
1.37532e+06
6652.76
1.11882e+06
387.109
65.0708
795295
1146.51
1973.57
934795
63978
201.607
7003.36
4730.15
32384.1
12278.4
55.6285
4957.39
3541.13
352.33
9249.13
3589.48
8433.4
2878.88
3902.91
4799.19
841.809
1.37099e+06
3827.05
1.371e+06
5245.66
1441.83
87806.2
8623.57
942178
1.32731e+06
9087.54
5165.04
34.1255
4368.37
328283
7150.24
1.01411e+06
19405.9
10648.6
4496.85
122481
81236
1.35314e+06
367.554
10633
18527.9
32987.1
15977.7
19507.5
861.148
35609.6
15632.7
6292.03
3581.2
20179.5
12506.9
5665.01
1.36748e+06
5052.52
5722.16
5584.55
56610.5
491.179
1.37179e+06
14332.8
1.27295e+06
1.27894e+06
4895.2
817159
3555.18
31461.4
13605.1
49489.5
3490.08
1.29785e+06
387.53
7763.27
3877.1
1.33421e+06
738.262
1.34963e+06
4532.24
3005.68
6446.53
1230.57
60501.6
8447.65
1.33546e+06
54892.8
1.36453e+06
11421.8
3317.35
1148.92
1.18673e+06
24201.4
19483.2
1220.22
7205.58
19279
253986
700772
48.5854
1.2462e+06
14486.4
3092.01
1.22608e+06
4007.4
19390
12286.2
4055.85
9813.52
265314
1.18042e+06
3508.75
4771.48
5320.09
52091
3958.23
39991.4
18242.2
1.09776e+06
41.6317
488.865
4951.42
6082.86
1.36766e+06
160817
24608.1
12237.1
1656.81
1.36819e+06
266.586
17490.1
1.29906e+06
39620
1.22163e+06
2595.64
3779.12
557170
1.22245e+06
3384.35
119599
15814.1
19703.3
765783
1.08023e+06
5935.16
4220.37
1.26862e+06
842.454
5131.67
9685.5
3960.03
7737.68
4035.28
1.03744e+06
154219
18516.6
1.24344e+06
1.3723e+06
1.33543e+06
397.709
931552
3799.9
1.37194e+06
1143.33
4811.62
755750
7017.92
6641.43
3399.2
1.36897e+06
5559.38
3025
1972.33
244.315
1.35293e+06
1.17541e+06
2079.29
1.37519e+06
931247
9943.95
14713.9
1.36687e+06
7514.22
5057.69
1.33936e+06
17338.8
550977
34134.8
363.083
5425.27
568.856
3388.8
1.36354e+06
5732.41
8626.36
1.36085e+06
2354.78
4651.75
105.228
732.545
3164.98
1695.16
899.69
1.09458e+06
4428.43
1.3079e+06
2630.85
4259.63
42960
13243.1
42743.4
573.172
89708.9
1.21076e+06
61101.7
52784
14297.3
89122.1
1.36289e+06
6702.46
287.653
3939.16
257069
278.83
1.36694e+06
102.364
754076
1470.57
6425.38
3535.08
951.109
1.37163e+06
61739.8
3723.54
8123.13
464.076
1.36548e+06
1.36424e+06
3277.8
1.02221e+06
1.14582e+06
10004.3
10043
2561.57
1.29686e+06
14499.4
16292.3
14169.2
723746
10372
841.124
1.0694e+06
169.931
3580.36
1.33036e+06
20618.6
22258.7
1.36834e+06
4936.67
72723.3
7015.32
4515.71
3280.14
872393
8017.04
11146.9
13233.6
1.37207e+06
22885.2
63548
37297.8
277.455
3226.04
64570.9
1.37139e+06
4403.65
4228.66
6963.46
71.9547
21150.5
51095.2
3443
1.27151e+06
2967.24
5129.83
480.322
1.22559e+06
4036.33
439415
3785.76
1.31136e+06
1.34027e+06
1.3099e+06
4522.98
5754.32
5224.73
59193.2
91.0439
31603.5
15667.1
864.203
42529.8
432831
167611
3880.07
5317.26
696.468
3792.2
1.29477e+06
1.36709e+06
116.878
29.9645
140.28
4551.73
732185
6653.14
11037.3
149162
6433.51
1.37391e+06
8487.96
7401.14
10339.4
9552.2
903379
3872.21
1.18592e+06
1.36926e+06
8380.57
1113.89
9905.42
4035.49
30047
1.32319e+06
3574.48
4362.58
20407
5321.35
10866
6663.55
3916.52
158.486
5457.25
38680.6
820.095
52.8734
4839.61
1.25174e+06
12788.5
4107.24
5301.94
6835.33
13421.5
7550.51
3122.82
1.2807e+06
4579.33
13645.5
5082.41
200.05
16871.8
4388.87
918132
3894.04
5806.1
3971.08
1.37135e+06
1.37183e+06
1.18716e+06
1.08488e+06
1.35979e+06
5090.65
1.12007e+06
5639.61
3930.38
60711.9
1.06243e+06
1.3076e+06
58.2505
762781
3833.37
3455.08
1.30383e+06
1.32503e+06
4068.54
4831.21
5593.63
1.30333e+06
50757.9
3952.64
3918.59
4103.36
3859.88
1.23077e+06
1.30246e+06
47916.7
51860.3
3583.84
6952.35
3929.95
3666.69
1.19682e+06
1.05835e+06
13011.2
1.36868e+06
1.30419e+06
18487.8
4828.53
3888.01
17680.7
1.08066e+06
5006.2
4811.13
4012.73
10120.4
10323
1.37178e+06
8738.3
45255.9
14391.9
21317.4
4154.14
3888.7
4359.21
5168.26
1022.17
10738.6
6285.25
4874.64
1.33049e+06
185429
125.352
35660.6
260000
3924.27
1.05256e+06
1.14633e+06
575730
1.33809e+06
2798.15
3883.13
1.3697e+06
9902.57
42366.6
4516.24
13379.2
4335.43
4361.67
4047.07
1.14156e+06
3997.3
8255.42
3396.73
66993.6
1.23067e+06
909.856
138.365
1.19488e+06
90.4678
44779.2
2849.63
5249.25
1.27489e+06
13815.2
1.31071e+06
40132.7
3710.74
21060.3
5282.01
1767.13
4739.73
5321.25
17067.6
3918.26
1961.6
3642.85
806.859
378.001
20191.5
3862.42
48989.8
60600.9
4465.82
6983.54
79.835
1.30538e+06
14705.6
2382.16
1.0194e+06
3409.89
1.15579e+06
3887.09
1.37277e+06
1446.98
11579.9
282586
3610.49
8755.18
19636
4367.26
661.361
14569.4
1.26133e+06
953351
386.521
4470.35
19194
1.36722e+06
3607.11
12694.3
38791.3
9067.53
855374
4084.39
606122
1.37573e+06
31566
4853.05
2892.04
4042.14
4449.16
31538.9
3951.54
881.642
3877.52
2462.6
15222.7
8896.7
3949.26
14428.2
1753.39
61880.8
15942.2
1.31361e+06
1.37197e+06
10341.4
47945
4016.81
1.35633e+06
247.791
2051.82
7733.44
421.066
1.37389e+06
3863.53
1.19838e+06
13753.6
389715
8744.68
286.946
1.31099e+06
5408
662186
3851.08
1.10133e+06
4875.58
69811.5
6946.99
161000
7752.69
4352.6
3868.54
3179.98
977553
5158.84
1848.73
4862.73
3668.47
1.36963e+06
6329.46
5515.29
103276
3597.7
300.979
1.32793e+06
3462.05
1.37318e+06
3545.96
4915.89
4838.73
4850.96
4839.03
1.09183e+06
1.24128e+06
277328
1.16895e+06
4899.12
12834.4
37703.2
178.393
37006.3
5673.52
29043.9
40404
50731
3925.89
1.19939e+06
4211.56
56913.2
3154.94
18625
1913.56
4898.11
10874.6
60111.7
1.36567e+06
10640.5
4210.19
5243.49
5064.51
13804.3
1.00365e+06
3979.38
3632.89
39781.2
3302.78
6488.72
11403.3
6936.95
1.27764e+06
572566
1.37288e+06
255.556
10170.9
1.37651e+06
94501.4
2868.53
1053.8
16962.6
1.10615e+06
21662.7
1.26531e+06
1.37242e+06
1.07247e+06
1.36669e+06
3309.93
500.174
5901.79
14989
2273.29
847778
10910.3
3910.83
37385.1
37.31
3317.4
1.37547e+06
17168.8
6629.42
3439.42
5540.05
44.1407
7337.98
1.20644e+06
3831.42
1.20091e+06
689.326
13112
3646.52
1.31395e+06
1.32611e+06
1.35787e+06
234581
11381
1692.48
1.19595e+06
10790.1
3475.39
5422.94
53611.2
15132.8
6949.01
10564.3
1.30468e+06
10125.2
6151.08
8109.56
11371.2
2039.37
19.5079
27.9951
10005.9
689.531
7914.19
6644.43
15537.9
1.06688e+06
65776.2
1.20406e+06
633268
1.36221e+06
5186.01
8775.52
802.137
207658
865381
13135.5
11037.8
44478.4
395.517
28352.2
8838.18
69862.9
363686
214.344
2916.22
869111
48171.4
1.37248e+06
1.17266e+06
1.11978e+06
3457.38
1.36229e+06
362.223
1.18323e+06
603.246
52064
11322.3
913638
1.20894e+06
4561.44
1.31091e+06
3757.55
38287.8
12738.7
4302.41
93956.8
4133.51
11052.8
5321.34
38936
4051.67
4382.32
9484.71
5657.68
1.2815e+06
10986.4
643.52
13876.2
226704
2861.9
46595.2
12839
418.607
2320.64
1.11828e+06
200.238
1.37604e+06
1.26148e+06
5484.1
4510.84
84353.3
1.36504e+06
3124.77
9654.07
19084.5
634791
21.5434
26.0656
5590.73
210.78
1.08423e+06
1.02942e+06
1.27084e+06
20202.2
213080
2488.45
1.36642e+06
4131
996.803
16140.3
1149.41
4013.12
36226.7
421653
7856.03
5643.53
302148
3657.9
10814
265.884
12293.5
1.37219e+06
1.03646e+06
5229.2
3319.73
8793.04
19712.3
4406.39
3603.55
350.752
4780.73
4948.85
19606.9
106.444
18115.1
133.153
616.982
16002.9
2113.43
4771.14
1.36597e+06
10285.9
3922.84
8686.92
178859
5365.62
627.656
3613.97
3500.32
10848.5
13166.2
9734.82
15630.9
29013.7
1.34379e+06
135.01
18447.8
996.485
896514
1.36998e+06
9835.25
1.0706e+06
10222.5
48843.8
2796.69
3584.86
1.36937e+06
9799.93
4116.65
10391.3
27328.4
4646.29
1.21573e+06
1.3721e+06
1.36001e+06
120.262
4475.38
3668.12
1.21852e+06
4749.01
1.35434e+06
3406.96
10002
1.36813e+06
45870.9
5148.32
6762.41
562569
982420
9580.96
1.29714e+06
5116.03
1119.28
128.453
424.701
15731.8
572.847
5081.44
152992
42170.2
14672.9
4903.47
13672.2
1.18959e+06
4778.63
9113.79
12182
4172.73
3837.09
17161.4
14699.9
21269.7
8212.14
1.32264e+06
238245
72189.4
576.444
176723
288.841
7578.46
354659
5223.8
5387.16
13712.2
5392.26
30206.4
8375.7
1.17277e+06
1.12543e+06
22327.6
1.3384e+06
943294
153440
5456.03
1.35234e+06
24096.5
14943.8
8930
4451.13
825.347
8385.68
1.14175e+06
9225.57
4482.34
4231.21
12345.9
1.03929e+06
1.29979e+06
4223.43
3844.76
4251.29
800704
17379.7
948556
5288.83
24557.3
464299
810.405
11908.4
2065.65
11840.3
4666.26
1.34438e+06
4226.71
730407
20288.9
464.931
963904
663.251
9803.64
1531.28
5254.76
6878.56
3582.56
4870.73
4788.54
3901.62
5342.75
543.294
8661.42
4811.12
3770.07
14044.4
1.33188e+06
5364.4
6812.56
821545
4262.16
26504.6
369.104
3632.6
5122.59
80227.7
103.9
1.34664e+06
3519.95
967330
20568.5
5391.59
10885.9
445.79
1.27271e+06
7826.38
225.775
1.35901e+06
1.25479e+06
4351.65
1057.39
4556.08
619.404
26812.7
10039.2
5322.39
3819.35
47777.5
10049
3331.5
1.31225e+06
3757.16
1075.23
977.392
4572.9
1.34531e+06
4451.61
3758.31
15150.5
3354.97
3203.31
5337.72
1.11885e+06
16362.9
16390.9
9620.73
1.32249e+06
214.29
1.28795e+06
6762.24
5937.09
395.548
3590.63
5157.98
64251.4
32476.1
1.37534e+06
865.073
3643.58
3142.41
3031.9
46566.4
1.35963e+06
3721.22
4907.1
2526.23
20533.8
5004.27
13456.4
1808.09
470.544
898927
4288.62
3887.08
4099.44
14482
607.159
88864.7
402.698
48076.6
664646
5312.51
10989.7
1.32223e+06
8190.19
5291.38
1.29843e+06
340.801
144.898
10674.6
1.27437e+06
140131
1.34365e+06
49806
4678.7
710.537
44961.4
15450.1
3041.15
992.982
1.36861e+06
5357.35
170982
6360.96
1.08915e+06
4700.97
46842.5
11831.6
3634.91
3570.23
6034.17
5726.52
37677.3
14131.5
9231.77
5463
4066.44
4312.53
207529
3547.35
164868
6785.03
3799.84
4650.34
13845.5
1.32265e+06
13853.5
4569.14
21418.9
1.31611e+06
3310.46
13964.5
9630.3
4440.73
1.07724e+06
37109.4
642482
19449.3
3572.77
13677.6
3997.98
226.283
558998
1.37412e+06
19674.3
8522.39
4899.16
1.36583e+06
42851.9
18948.2
9695.55
203.916
2431.37
3662.39
3434.99
297.011
13890.3
1.10525e+06
4782.93
3851.74
1.32229e+06
4282.49
554.051
3579.75
27477.2
4486.59
5319.53
3608.95
8153.31
1.3565e+06
124.42
4892.75
10153.7
1838.81
10443.2
1.25423e+06
4033.12
15460.1
561.033
8255.02
428102
18900.7
4045.19
1110.74
2440.72
291027
3828.26
5003.34
3692.54
265567
116076
1.36486e+06
10486.1
3892.09
13722.8
12425.9
2149.42
1.32419e+06
1.36723e+06
1.36601e+06
13082.7
3751.47
46877.6
6456.91
7102.17
4549.01
45187.9
4530.7
291723
14636.9
4549.82
1.12205e+06
3481.91
3674.36
15519.9
4783.58
138.396
2017.37
1.37239e+06
3651.87
364.49
44567.1
18699
259.102
2856.61
26340
1.29814e+06
3612.56
329.221
4538.45
4785.59
7897.45
597.007
3583.29
484.163
76427.6
610.388
5618.91
1.21677e+06
44251.3
8114.4
46715.7
26881.3
339437
39170.1
973366
1.35803e+06
16944.2
3894.16
6680.38
1.2045e+06
3476.65
665.391
3572.66
403.833
520461
1.29795e+06
9785.71
19099.8
17068.5
9396.4
1.31581e+06
9539.68
4868.02
4693.88
101.858
528292
3627.98
414803
3418.61
20373
5977.7
216507
286.976
2085.47
3682.02
1.18019e+06
4744.76
4535.5
3323.55
1.10292e+06
1388.87
49713.1
1.12675e+06
5127.38
2853.27
1.35866e+06
17281.2
5102.65
3883.09
8138.49
1.02808e+06
15914.6
3723.03
1.36044e+06
36160.3
3619.18
39689.1
1.33776e+06
5893.95
5241.14
3953.72
7087.73
4147.32
1.32185e+06
789001
3832.86
932432
2952.91
22177.9
12421
4239.12
1.28163e+06
4115.12
9222.95
3568.85
4936.83
3760.68
11828.1
1.00359e+06
3466.65
72.2728
11913.2
8524.23
4859.92
48146
15568.8
130.822
14345.8
30265.2
4982.23
15810.4
5049.43
5300.63
906.547
50018.9
4306.91
3870.57
1.36924e+06
14265
79543.4
204633
770.22
1.30172e+06
1.03611e+06
3423.06
1.33432e+06
25294.9
4905.01
3760.92
1.21063e+06
3370.05
1048.84
12425.9
1881.39
1.37611e+06
19895.4
4905.22
4378.95
12467.4
1.34642e+06
1.31328e+06
3279.9
17403.1
4322.2
3627.31
1.20192e+06
204137
110.443
1.29202e+06
1.37276e+06
3556.38
1.22229e+06
467.421
3619.45
23311.1
225.675
4924.91
4421.64
67867.8
5284.95
3722.78
7845.52
3349.24
8420.43
6157.77
5189.21
2629.26
1.32088e+06
3568.97
1.37542e+06
6217.95
4366.86
4657.96
286.208
459.171
6794.85
3374.08
422.62
5800.83
3562.27
52319.9
5156.4
4022.43
5260.97
4408.72
5514.66
23355.7
3567.47
3723.73
1.33356e+06
3621.21
491.428
1.36656e+06
1.29634e+06
1.30581e+06
972612
7972.89
182.833
22141.6
16836.1
2040.28
8170.17
1.37199e+06
5303.48
165.077
84655.5
37533.6
1.37549e+06
212.892
16069.4
526.409
13626.8
1717.49
3578.57
5186.77
4030.71
18545.3
5760.28
382.302
1.07205e+06
392.326
1.1059e+06
122651
22582.9
1.33617e+06
1.20583e+06
46136.3
540.616
3751.34
12116.3
19094.7
4934.68
7265.14
3846.65
628410
3582.05
1.37393e+06
4334.49
29589
44840.9
4599.46
1.36523e+06
73377.7
3484.54
1.32583e+06
13967.3
215262
1.37528e+06
6963.93
17911.5
1.36061e+06
272718
424.241
35.0768
252727
1.36532e+06
26.6407
7438.71
7568.39
893.495
4386.36
71154
1.36874e+06
3298.67
4255.13
56614.5
921668
468.461
607085
854.815
87541.3
1857.15
174.69
721054
882.847
1.09637e+06
15138.5
942.719
1.30327e+06
1.24426e+06
1.36039e+06
1.07092e+06
15329.7
462.163
97560.7
426.218
172.12
18359.3
7412.23
472.004
1735.16
373.542
4754.7
39324.5
3560.49
2720.45
1.36049e+06
1.2217e+06
802778
164.392
14683.6
1.2827e+06
4903.33
784.493
35444.6
45506
282503
1.37208e+06
479.86
9126.27
4612.42
3820.74
7920.83
4311.76
7079.44
3778.06
7559.37
18878.9
1.37391e+06
1.35862e+06
3568.64
182.4
699010
102820
1.3078e+06
18270.8
807.588
8675.85
3721.87
1.16657e+06
9437.57
29347.8
3992.02
917758
7536.83
9242.88
463.778
4062.48
495.6
1.20313e+06
14960.2
126803
1.14966e+06
1.28792e+06
967.419
13289.2
5112.25
5615.1
25937
1.31245e+06
869.347
18375.5
3831.72
131.713
5199.68
5565.3
1.374e+06
1.37415e+06
15740
4350.49
1026.54
11120.2
1.27443e+06
1.19094e+06
1.18319e+06
3555.82
14358.8
8599.29
4097.41
8924.36
1.35862e+06
1.30395e+06
61553.8
16305.8
3834.18
31728.4
50126.2
3678.12
13610.6
3577.46
1.35922e+06
3774.59
16499.7
18504.6
1.32667e+06
54.7318
267698
9319.32
6924.97
76.1597
3484.42
32305.1
1.23082e+06
1.28875e+06
6535.23
7277
3544.64
3886.4
26545.7
5074.09
4055.27
3811.66
3492.92
1.29112e+06
1.08112e+06
31612.9
1.35958e+06
327.564
236.058
1.3603e+06
1.32365e+06
1.18019e+06
110.678
988392
136.93
9675.17
1.12581e+06
253.811
1.24378e+06
4977.73
1.00562e+06
9646.73
1.36441e+06
612371
15697.5
92.4222
1.37524e+06
41.9171
4561.94
555511
436.262
21352.3
1.33803e+06
27.6187
829.594
5666.9
3586.39
3178.28
1.36984e+06
1.15539e+06
2652.23
26.7186
23733
6930.81
730.205
726122
485.258
1.25833e+06
732433
286.718
57296.4
4471.07
3626.54
379.305
15325.5
504.556
1.323e+06
1651.3
49135.9
533325
88616.9
9362
212.037
1.18708e+06
919491
3749.03
70114.7
1.31674e+06
1.18719e+06
8917.68
1.27194e+06
58424.5
513.113
63.3488
1.05652e+06
60880.3
27411.8
191215
6721
47638.9
345.564
1588.91
9397.97
16385.4
4631.31
433744
3386.23
448.106
150552
1.30132e+06
19696.3
1.35764e+06
5551.45
983213
1.34368e+06
4942.46
1.25827e+06
69143.3
194.687
417222
4389.01
4416.41
1.11401e+06
544318
141.269
840944
3405.1
1.20379e+06
37846.3
3952.38
9626.22
207.15
170.885
4106.63
11996.6
1.37547e+06
69.0478
114017
3575.46
1.25625e+06
897.994
18944.5
13348.8
85180.8
6985.46
2500.75
4501.49
51.2585
169.904
5392.79
5397.44
24950.8
3812.4
16029.8
25645.9
25919.7
675.247
1.21382e+06
1391.42
359387
1.13576e+06
6938.38
8021.92
89.1196
9984.38
86870.7
50937.5
16726
16434.5
13440.2
14417.9
89.5761
484.461
1.37223e+06
124.504
3788.13
14779.6
109271
3762.01
51819.1
4920.4
18.4038
3572.42
190975
11902.8
2593.31
3204.24
69.0895
5233.05
149.945
8920.97
3581.52
397983
4455.12
1026.27
4526.32
11515.6
349.95
35.9649
96.0545
712.029
14207.6
9381.97
24682.3
167.697
921978
22072
1.13112e+06
1.31577e+06
715.458
1.31596e+06
15896.2
3592.42
1.35828e+06
1.27316e+06
9138.25
6680.68
410.11
3905.69
1.2233e+06
1.35023e+06
14291.9
69287.8
1.33692e+06
501.391
167.732
137.748
1.34961e+06
151.531
561.799
495.226
134.798
70.3457
101.719
4198.46
17570
80.8078
4264.01
170.067
276.721
84560.8
545472
1.37375e+06
1401.41
1.3596e+06
1.06816e+06
1003.42
249.341
21436.3
15774.6
189128
984.489
120.911
1.36564e+06
489.016
46889.2
133166
139281
644571
6644.77
98457
74.0892
9037.45
381622
81.4009
53.2717
4440.37
38571.4
35365.1
5010.41
556628
13503.8
219.875
210.113
1.14933e+06
1.35312e+06
1.37545e+06
108577
200.63
688640
753090
13119.7
29938.4
358.779
364.391
188.92
127.356
9291.07
4434.95
3856.43
6417.58
576.095
1.35909e+06
42997.6
25.4952
14864.6
227053
19688.9
9156.71
570303
35.4655
163.342
4445.41
3623.03
1.28712e+06
97414.7
160.634
2547.08
8986.47
274.119
5416.67
41284.1
20003.9
2157.68
34.0245
166.995
14745.9
2106.27
591.118
4444.4
143.047
3971.6
98959.5
4040.5
1.22665e+06
2249.1
40.9606
129687
500.037
9060.64
1.22758e+06
466194
4031.24
3331.03
730.513
13498.5
14107.9
196.397
1.29793e+06
3937.88
1.36843e+06
1.09298e+06
5001.69
13714.9
390.784
265.91
110.752
1366.31
1.20317e+06
13423.3
393.302
106267
1.37398e+06
191.376
61552.6
21083.7
9064.03
78.3026
6684.49
72.7478
1.26833e+06
101647
11251
12140.5
960765
1.34437e+06
6644.66
1.31547e+06
63706.2
109.631
464.894
163750
1.31262e+06
1.20243e+06
156.363
59.6914
1.37621e+06
2027.12
8229.93
27320.8
14294.7
154.382
67396.3
481.663
92.1425
6138.38
1.29752e+06
161.285
204.261
5380.97
1.32371e+06
5022.96
78518.2
100.346
6659.9
197.898
374.067
26103.2
279.691
12438.6
13625.4
5934.72
128884
1.22634e+06
21300.8
1.27959e+06
451.488
170.376
9477.22
6616.64
57645.6
172.645
3662.98
769.672
3649.09
217.621
3658.32
10891.9
582701
208.525
1.21317e+06
2920.67
153.251
31048.6
30.3485
14436.9
1.31079e+06
105.622
111253
1.14211e+06
11104.3
1.21485e+06
5210.19
1.25775e+06
4120.2
5836.05
1.20632e+06
1.08781e+06
61657.5
391.171
1.05634e+06
237.074
10866.7
3596.74
3602.64
4203.11
1.36763e+06
195.882
3585.66
58238.5
132449
1.09605e+06
3746.71
3887.29
3866.71
4451.72
6788.39
3649.05
13649.7
5992.65
16.9177
7082.49
578.703
899260
85.0333
91.8622
2272.23
49206.7
437.631
177.509
3634.9
13993.7
4094.29
5121.76
1.04583e+06
4933.12
130.645
2249.77
417.57
596773
1.36825e+06
3706.65
4680.5
4825.79
84.4681
3906.27
5264.03
9016.26
564.579
72.4714
2165.69
5466.89
3841.19
13005
14589.1
7757.33
148.301
3796.23
3747.98
1689.46
98.045
390.473
3542.02
3769.76
110.217
2000.53
159.968
78443.4
10783.9
3683.84
5239.03
8865.64
14281.2
1.2679e+06
13834.3
3240.33
4106.22
5798.43
3853.39
13863.6
33.6267
1.37641e+06
810.371
13121.2
14418.8
4005.19
13607.6
15958.1
4484.84
191.561
1.31453e+06
3767.13
57867.1
1.31516e+06
461.952
102.854
63.6755
1.36915e+06
11000.2
4106.89
2249.96
4944.14
10831.9
2140.74
26.6123
)
;

boundaryField
{
    back
    {
        type            empty;
    }
    front
    {
        type            empty;
    }
    gasjet
    {
        type            zeroGradient;
    }
    inlet
    {
        type            uniformTotalPressure;
        rho             none;
        psi             thermo:psi;
        gamma           1.4;
        p0              constant 1.379e+06;
        value           nonuniform List<scalar> 
20
(
1.37554e+06
1.3767e+06
1.37725e+06
1.37727e+06
1.37583e+06
1.37658e+06
1.37675e+06
1.37611e+06
1.37618e+06
1.37557e+06
1.37539e+06
1.37523e+06
1.37522e+06
1.37649e+06
1.37657e+06
1.3758e+06
1.37529e+06
1.3754e+06
1.3753e+06
1.37674e+06
)
;
    }
    outlet
    {
        type            waveTransmissive;
        gamma           1.4;
        fieldInf        10;
        lInf            0.5;
        value           nonuniform List<scalar> 
110
(
242.835
161.82
54.0818
285.693
126.313
238.874
52.7969
76.7722
91.651
116.3
125.875
22.1509
287.041
146.073
119.068
67.3793
57.4995
110.668
92.604
19.8645
61.2565
28.7366
45.0291
42.7591
25.9896
19.8703
86.216
72.5915
126.616
140.386
172.37
187.813
167.217
33.4163
67.8805
97.9137
35.4041
22.4072
108.16
25.8024
60.6298
208.981
198.622
17.4752
28.1849
208.365
154.512
24.6963
220.722
208.786
190.718
248.238
226.099
372.731
289.949
310.913
22.0174
24.2267
367.599
314.957
260.265
324.019
314.394
270.643
345.884
358.9
379.19
207.257
372.301
354.033
375.59
246.765
275.254
282.606
248.925
253.253
286.574
271.528
277.651
278.84
263.311
18.4734
282.716
279.707
20.5816
26.279
275.691
271.75
173.442
142.905
270.356
265.093
280.814
278.132
345.062
336.817
26.1975
22.8188
26.2581
22.3905
315.52
125.38
201.196
367.805
273.219
32.3538
338.775
234.197
266.587
277.277
)
;
    }
}


// ************************************************************************* //
