/*--------------------------------*- C++ -*----------------------------------*\
  =========                 |
  \\      /  F ield         | OpenFOAM: The Open Source CFD Toolbox
   \\    /   O peration     | Website:  https://openfoam.org
    \\  /    A nd           | Version:  8
     \\/     M anipulation  |
\*---------------------------------------------------------------------------*/
FoamFile
{
    version     2.0;
    format      ascii;
    class       volScalarField;
    location    "0.0005";
    object      T;
}
// * * * * * * * * * * * * * * * * * * * * * * * * * * * * * * * * * * * * * //

dimensions      [0 0 0 1 0 0 0];

internalField   nonuniform List<scalar> 
34060
(
161.497
297.129
166.479
299.972
116.721
96.3111
139.291
172.859
138.639
287.873
197.841
165.909
182.196
108.942
299.981
297.549
63.9198
166.358
210.272
297.13
87.9829
89.5838
98.3618
53.7432
91.4181
293.552
118
299.662
84.8081
92.7033
298.6
51.5263
138.087
179.164
111.579
134.376
113.946
299.654
90.1923
285.303
89.9614
138.842
296.521
299.906
109.724
96.3342
115.009
277.969
91.1344
75.3374
299.224
106.826
199.917
288.807
289.896
277.32
97.6814
153.614
299.99
279.551
82.3617
114.121
141.403
85.1313
122.353
163.997
101.068
297.605
285.038
75.3715
209.007
145.618
52.2973
219.026
88.6126
157.139
282.032
299.489
73.9901
140.559
91.6885
91.8916
85.0353
86.3461
292.709
296.503
107.628
213.264
67.5117
57.6248
139.232
57.0133
82.9005
61.5316
110.07
72.218
299.312
287.383
128.982
89.4313
86.562
85.4723
56.5667
91.2233
342.851
90.0655
69.7326
95.4762
125.919
89.5641
71.5654
102.453
68.9051
119.013
62.4301
95.6008
110.139
109.904
77.2147
93.0556
56.7222
124.602
298.259
97.2779
70.8066
285.75
80.81
82.5901
105.921
116.984
86.0568
58.2525
99.1195
299.907
121.347
107.49
120.799
270.758
285.083
70.4845
133.364
299.987
224.98
85.2209
219.801
86.1914
99.1711
102.098
290.423
139.193
79.0202
135.643
154.277
118.458
116.918
93.2093
297.82
116.269
90.0073
98.2801
299.832
152.175
134.251
86.1946
88.6101
93.809
84.9546
106.118
110.234
89.4297
190.625
293.474
298.314
292.2
299.316
102.286
53.8846
150.085
94.084
282.147
130.223
62.9529
285.366
205.647
291.894
137.389
101.152
107.556
88.8356
199.44
105.737
88.7657
61.345
291.853
71.016
99.7726
90.9041
138.979
299.516
285.471
94.1417
92.3668
86.4206
89.3765
128.124
146.754
160.143
299.384
90.5793
136.435
87.4971
174.447
65.5994
290.544
71.5242
57.903
119.774
70.9706
78.531
205.535
111.484
134.081
296.557
114.012
209.895
226.699
149.804
85.5586
299.904
139.493
291.302
68.6789
89.4463
91.3849
183.263
143.29
90.9005
299.218
298.224
204.267
93.853
74.2375
279.847
92.6168
299.916
292.142
142.779
71.3471
292.523
95.3479
122.738
86.911
98.521
140.429
299.589
112.999
72.8136
80.4483
116.125
281.394
84.0736
94.1
288.975
103.043
136.36
286.19
85.5434
299.52
217.123
299.764
292.622
278.535
115.231
299.76
295.445
99.46
74.1676
115.253
299.593
87.1146
294.554
114.973
134.919
292.597
116.351
284.562
161.4
102.144
116.06
117.7
88.5365
299.687
110.938
52.7233
296.962
297.35
279.186
94.5711
297.568
93.8519
285.862
99.7809
72.2156
129.389
140.017
56.7362
113.282
98.818
87.837
114.226
103.361
125.579
99.9957
134.899
121.214
298.404
280.884
299.906
291.053
134.144
65.4034
299.259
85.0464
141.969
143.571
292.269
192.63
71.976
71.3197
103.976
159.651
87.2507
130.195
98.5795
141.166
172.562
97.2776
297.756
67.0756
103.347
292.972
155.662
298.808
112.564
159.949
115.624
142.536
90.8703
88.6787
116.911
299.34
115.634
98.0098
129.824
125.402
131.262
297.644
98.13
285.468
66.8683
98.0257
86.2225
60.5705
127.646
203.265
146.173
82.236
299.578
164.532
299.992
147.306
299.902
70.8063
278.969
67.4782
97.6169
103.447
298.338
89.0606
73.2399
137.491
136.039
287.816
70.4438
291.362
97.5666
97.1852
97.9077
289.84
79.0339
72.5894
296.646
283.142
136.446
89.6829
88.9488
81.4781
103.385
298.817
88.4583
135.611
92.8163
271.793
97.7392
117.738
293.154
296.505
161.498
114.791
63.8304
319.889
102.211
106.466
84.1503
111.162
97.8882
82.9118
97.0597
166.89
73.682
182.022
299.678
65.3048
128.614
145.388
95.9021
206.218
73.5906
290.804
87.8412
128.517
72.6965
299.586
285.601
70.2232
86.8115
147.707
299.985
88.6182
76.1498
289.884
162.579
93.4655
89.4559
297.041
291.31
72.3961
68.8278
89.3788
72.2112
298.444
290.998
298.43
187.602
99.1793
211.273
201.666
299.265
69.2095
110.773
188.371
106.437
128.996
86.7445
275.813
292.875
82.903
299.746
119.929
70.4189
125.996
286.089
100.665
120.964
286.035
278.22
292.15
281.237
85.2307
167.021
81.5358
62.9617
90.4591
89.7296
294.237
210.513
106.555
117.049
92.4274
294.61
120.982
152.926
299.721
291.575
156.389
55.9149
93.3554
299.65
66.0675
296.979
151.805
292.671
85.1947
117.044
96.9703
62.7137
68.9082
75.7731
67.2997
57.3896
69.2517
102.465
176.866
154.548
122.181
136.486
79.3418
63.8893
286.212
203.503
292.36
142.122
91.0501
112.775
168.622
295.506
56.0011
61.4138
155.225
67.5186
83.421
298.034
88.4365
281.762
146.919
155.118
80.0486
136.983
134.594
148.77
131.127
73.6017
151.499
71.3752
90.2101
63.48
136.108
83.8556
137.686
89.4637
89.7165
132.713
300.033
167.423
85.5572
166.324
85.051
63.7165
152.963
97.4794
92.9751
85.6846
159.942
104.064
276.635
88.5889
90.1826
299.146
86.4688
75.7165
120.677
61.6664
112.211
292.477
55.9336
167.571
299.4
100.722
67.1914
288.817
298.728
88.8087
92.7287
293.875
172.955
132.88
296.865
292.702
65.7195
95.3976
60.4067
179.029
99.9657
96.6982
299.169
162.894
135.072
87.1018
291.068
128.668
288.193
299.963
65.3122
82.3209
91.2079
60.4457
97.1475
298.091
146.296
87.5927
298.492
86.3568
294.513
73.9608
85.6144
289.37
151.745
189.9
298.925
299.047
93.7717
102.817
211.102
128.511
299.981
296.208
182.369
84.9666
82.9746
89.1138
120.857
152.026
104.623
113.53
82.7237
111.004
257.549
177.016
141.233
58.85
82.8798
104.223
92.1891
93.2586
147.103
90.4975
64.662
283.598
101.293
84.5989
286.132
298.69
104.612
299.67
299.655
118.785
298.125
291.261
142.152
76.1639
168.662
170.413
92.0533
299.414
62.0858
299.427
298.583
113.141
275.777
90.4366
298.88
163.971
64.6968
157.333
299.666
281.609
298.96
190.294
288.497
220.991
86.8461
299.269
154.838
298.384
98.2489
168.554
133.016
98.1911
285.823
151.125
292.224
125.172
147.463
52.8607
88.9304
64.2535
119.103
106.194
75.2834
297.163
86.2237
56.5841
188.467
101.537
96.4169
79.0836
120.498
97.4786
134.657
298.528
101.78
86.8705
120.572
90.7749
299.92
87.0147
187.574
86.6586
294.859
92.3442
90.9863
86.2396
87.1038
169.434
110.738
137.615
87.0221
91.0791
293.549
112.427
153.879
87.8363
118.887
145.759
259.396
58.9019
110.014
156.672
93.4027
62.6799
93.6758
296.415
88.5943
68.9067
299.959
117.257
159.173
63.6587
57.5602
178.148
130.159
292.912
176.379
158.068
53.5558
137.493
297.633
90.0322
108.345
85.836
169.165
51.9346
158.141
126.539
274.371
111.563
296.663
159.339
175.09
86.0059
65.518
93.1106
285.33
105.131
203.901
126.524
288.538
299.834
93.8602
292.695
275.053
107.936
63.1029
298.31
296.555
112.173
292.728
128.443
67.1422
182.044
64.3474
168.137
95.0726
128.645
295.324
295.528
136.207
129.359
97.8247
90.6367
167.218
87.3697
269.966
74.4371
165.197
180.122
85.1294
89.2514
62.9025
80.7703
138.264
93.0211
87.2261
290.501
152.527
107.606
138.207
175.813
128.187
298.142
299.427
88.0341
82.812
290.818
134.311
89.5593
143.648
105.703
297.727
96.7896
293.252
104.191
299.932
92.532
279.561
128.65
104.62
201.828
71.3109
166.609
97.602
288.319
157.379
89.4999
87.685
119.085
130.68
80.1572
298.678
159.096
201.515
299.762
165.858
299.848
62.3029
89.6853
126.508
118.334
93.1606
299.696
108.52
143.246
249.898
360.081
125.069
90.8513
118.421
80.7998
290.744
299.941
79.9156
133.895
171.608
68.4236
151.579
89.6301
299.847
127.777
121.204
93.008
79.7804
121.572
286.14
146.023
88.2106
90.0647
85.7019
71.6768
53.9395
299.663
298.965
299.101
127.209
180.684
86.9919
122.568
171.151
255.639
153.528
298.61
74.7326
91.5705
298.495
125.711
85.2705
292.812
101.214
90.6315
54.4879
85.9694
62.6052
87.9467
68.5847
150.563
105.598
146.912
116.147
124.801
286.831
142.333
153.515
103.552
89.6449
81.4895
297.72
120.249
300.027
157.05
296.641
152.163
178.369
90.7519
292.866
299.797
85.2897
267.081
132.186
167.843
84.7887
84.497
299.858
72.0127
90.5961
295.981
298.292
270.624
115.281
58.5812
65.3949
294.709
142.01
291.661
148.768
128.413
98.1533
129.304
121.848
299.58
153.436
299.848
210.936
98.6342
212.462
128.414
108.296
129.851
297.234
289.449
53.0613
193.332
171.204
102.871
57.8827
142.828
292.89
86.6468
63.6669
100.452
93.6828
299.43
184.355
152.743
283.484
298.137
151.534
293.226
53.2505
130.633
296.191
139.327
124.998
139.771
108.349
92.6307
91.4014
170.799
79.939
94.5209
122.822
134.832
127.832
148.495
189.543
152.096
117.542
272.696
64.7087
88.5948
299.764
94.2064
297.689
197.776
286.83
299.96
123.001
299.992
189.721
52.6463
296.506
297.192
80.6743
104.95
135.798
54.1504
284.981
144.815
95.2402
57.3447
91.5433
105.164
51.231
297.135
148.037
107.837
198.519
89.2332
64.5171
298.033
299.915
158.547
62.2025
165.306
96.0964
149.756
57.8337
217.362
299.703
87.4415
95.3789
298.154
86.149
139.692
137.568
88.5018
79.4282
94.7836
93.8704
299.981
86.8544
56.6547
123.166
87.8281
128.926
64.01
121.441
106.507
94.0174
133.913
139.809
299.147
126.798
292.988
126.495
299.449
91.3936
173.26
119.022
85.1633
297.162
83.0084
134.691
93.3338
151.087
118.776
172.49
85.0194
84.3053
123.436
98.4983
75.9459
297.583
182.728
144.057
299.607
108.856
98.6134
299.356
74.6767
120.234
109.677
98.9136
71.8006
299.87
89.9711
134.809
146.564
75.6205
238.712
280.193
183.622
293.633
71.5353
132.007
145.55
86.101
74.2561
90.1622
291.856
70.9242
113.975
174.294
51.5662
153.861
122.816
299.771
299.913
95.4088
159.564
154.131
117.165
146.782
169.011
171.153
173.85
95.9679
90.7927
269.88
62.5935
294.474
130.031
159.313
87.8817
127.834
77.9017
77.2386
273.245
90.9945
136.832
96.3365
65.434
75.6891
85.4253
161.379
96.2934
286.199
299.725
88.7937
95.5518
62.519
99.8405
74.9672
299.936
102.26
173.812
116.299
91.6273
130.306
148.886
189.938
91.2175
298.535
287.167
288.4
122.001
92.408
91.3902
73.86
74.6817
286.898
96.1128
115.871
88.4878
65.8558
177.093
88.6284
106.844
86.0649
65.5504
53.0225
179.128
290.759
166.141
294.731
124.984
116.087
121.095
299.012
56.1354
131.956
299.491
295.02
80.9468
85.0089
133.593
121.253
196.372
89.1789
78.2373
158.484
298.603
125.944
254.754
163.141
148.453
64.5183
298.883
133.802
171.259
56.8181
132.434
156.452
114.654
125.184
114.276
293.975
107.254
296.899
124.719
71.8098
282.078
128.339
292.777
86.523
293.938
165.507
73.3784
85.8868
103.11
158.733
294.156
56.1637
157.665
84.915
296.845
71.6899
63.713
118.969
173.122
209.129
156.014
59.6213
154.343
88.4125
50.8986
52.6133
107.038
89.8358
299.832
299.979
267.21
299.877
166.396
125.719
299.867
176.04
142.252
110.527
298.728
156.216
86.2001
166.487
118.501
121.128
72.3995
102.907
299.237
295.408
104.368
296.089
88.1099
284.401
167.045
299.702
125.886
67.3961
84.4557
61.163
88.122
94.6186
96.2227
154.485
137.007
171.603
106.155
299.054
96.8403
187.099
133.253
299.866
122.125
67.9894
99.0413
291.327
85.3149
90.2285
293.676
199.706
282.002
296.291
282.674
158.83
54.7973
68.3355
95.4827
59.4752
124.276
56.8802
116.485
165.692
112.934
130.602
291.959
96.2124
92.5394
102.104
91.9809
200.732
87.6648
103.593
137.485
67.3503
92.0224
101.283
291.812
293.447
128.307
79.1441
63.987
96.1266
90.1896
294.638
123.25
79.6094
181.302
115.152
93.8232
293.248
54.8737
71.7081
91.2175
288.102
66.1494
91.8793
220.3
298.273
292.74
70.5605
188.207
158.812
295.311
256.433
85.1508
86.6512
92.1503
299.879
90.2102
288.617
132.662
292.211
294.211
85.4502
106.879
187.698
86.2944
106.167
168.908
114.014
60.7934
78.8939
100.116
166.689
141.425
135.669
174.978
135.801
295.346
147.982
160.137
94.7575
156.447
148.814
292.056
67.4782
95.3907
62.946
140.066
294.251
299.714
165.928
299.504
299.171
150.504
297.286
277.909
108.159
298.818
95.3874
109.243
157.078
84.7901
165.787
153.025
214.024
97.94
135.873
96.2567
84.9616
144.024
71.269
159.669
299.734
299.705
62.6172
85.1548
292.402
67.3382
298.539
109.883
78.6061
239.366
89.0884
114.936
180.013
120.986
197.642
104.513
73.8159
57.9191
299.423
96.8031
75.717
96.3648
119.142
55.4162
92.5855
118.424
153.766
144.745
156.955
268.118
64.0151
97.3889
84.9489
78.6403
118.834
127.422
79.7002
75.8553
285.687
164.555
95.5697
299.974
121.68
57.8398
128.229
143.673
165.334
108.764
54.231
90.4098
297.929
110.909
66.6377
298.963
105.087
148.239
69.7023
154.314
90.281
89.5377
88.5426
125.692
298.79
137.242
280.397
163.072
95.8898
63.0808
175.71
75.0523
90.2559
299.592
64.3921
140.455
71.3467
128.483
134.55
95.9294
146.909
154.288
90.989
82.4775
256.366
68.9586
295.402
160.288
114.746
292.171
298.149
97.189
277.125
61.1814
91.8629
86.4359
298.974
97.8872
296.137
298.813
90.2132
139.703
59.8829
298.138
126.595
299.875
298.555
138.886
94.5832
132.522
72.5126
62.4236
122.255
75.0508
299.757
140.906
99.0937
147.912
124.337
287.034
84.9481
278.506
94.0113
149.721
51.9214
124.666
249.502
294.352
77.4683
94.337
84.3069
174.789
284.721
157.693
109.21
300.008
125.508
104.701
127.716
298.239
74.2033
299.986
299.452
293.047
72.4985
71.3502
163.851
106.851
58.7371
288.438
102.884
132.384
131.53
87.8211
109.904
299.885
53.8995
105.516
134.088
75.0594
104.369
112.912
299.101
61.0137
154.009
292.461
53.8324
277.992
87.7659
83.6515
258.033
122.523
280.551
89.4209
296.751
298.457
156.646
137.685
90.4813
298.108
128.954
125.97
86.6184
143.047
112.716
291.951
96.6189
138.207
141.417
127.306
293.198
128.393
299.292
103.496
172.439
115.2
206.275
60.4457
293.038
299.962
299.491
131.337
151.585
295.107
99.8054
101.945
296.673
158.56
85.4268
103.346
299.758
179.439
93.4246
298.848
157.835
58.8545
142.829
97.2761
70.4034
176.684
128.946
287.069
86.9402
299.992
96.9261
128.731
231.46
106.386
298.877
123.305
296.579
90.3812
109.348
66.0285
127.243
113.632
298.318
118.622
63.7963
298.512
81.4086
90.9724
124.418
70.4612
129.85
282.5
181.862
170.088
97.3456
99.2361
72.8949
110.962
76.2602
296.484
179.03
140.685
291.692
96.3683
104.919
162.727
281.691
86.7794
92.349
93.8734
145.429
64.0876
123.304
202.323
65.3657
182.029
115.084
297.617
62.5634
80.1521
98.665
281.26
88.6992
89.066
121.228
142.089
123.596
90.2805
296.261
94.8855
70.6875
120.009
129.161
80.9531
118.778
286.701
299.031
90.3016
62.0821
299.458
64.0579
122.162
95.8174
300.08
91.2911
169.252
91.3994
294.187
74.7909
123.411
107.378
230.155
150.914
299.985
84.0701
88.4237
86.0094
124.456
110.318
299.91
75.4016
165.26
110.695
118.484
69.3719
88.5895
299.545
284.649
112.68
142.139
149.754
88.774
120.269
103.106
299.931
59.3975
132.111
171.846
86.0891
85.1621
104.045
88.1249
280.921
89.0652
91.6181
215.927
284.347
93.0866
81.3581
270.657
85.8438
110.85
97.7709
98.2734
129.939
61.3524
128.235
222.359
69.6371
130.99
87.8304
63.565
125.358
92.2821
85.3287
89.6853
63.5708
112.254
226.876
161.391
295.045
295.148
91.8837
100.048
122.514
120.989
135.288
132.065
117.706
61.9334
69.6623
84.8709
170.144
296.764
296.617
284.125
94.4798
90.8966
88.7151
135.689
299.774
69.6275
63.5985
284.758
124.16
297.454
87.8097
111.713
66.7487
137.221
299.772
65.1832
104.202
82.8898
139.99
102.877
51.2725
295.993
100.583
57.8835
298.172
129.318
153.673
203.659
299.676
141.493
291.582
85.2142
145.355
88.299
130.729
73.2837
63.0357
151.372
94.7984
122.076
73.4289
120.385
150.296
96.3167
98.7363
282.221
282.072
92.3791
151.433
129.903
279.888
83.0947
154.453
288.714
91.0701
71.4698
131.836
155.284
65.9232
92.4369
153.487
90.22
142.691
213.281
100.909
173.108
75.0555
178.518
129.721
112.447
136.561
297.617
121
287.689
89.4591
104.862
299.957
120.748
85.8928
97.3704
146.702
296.823
299.994
79.6482
126.955
147.357
90.8854
78.4947
139.551
279.99
299.621
138.317
115.099
87.9483
219.627
98.1899
89.9085
116.193
62.1593
105.004
299.927
123.623
88.1254
295.589
72.9636
148.618
91.1294
86.2841
139.893
100.851
127.369
155.217
299.864
118.52
108.855
71.7794
66.7946
70.2875
111.602
81.8814
295.596
120.73
126.322
62.6202
112.898
297.723
99.8874
142.61
142.717
296.593
90.772
163.388
103.661
296.097
297.781
121.293
281.03
136.66
121.94
138.251
107.354
294.604
94.2665
139.26
157.926
103.376
95.6635
86.0829
299.759
92.46
271.867
135.792
112.03
80.9477
292.279
84.9464
299.755
299.042
297.549
115.422
87.0412
119.116
133.218
94.8908
122.274
118.137
87.4861
113.4
300.006
291.366
142.452
300.062
91.6653
112.04
294.93
95.7961
95.2603
85.7925
95.2241
298.87
296.833
73.4794
169.185
85.0833
275.57
294.976
90.8076
89.4744
268.242
295.061
135.587
140.572
104.017
83.1399
119.288
65.4903
95.2596
92.7249
132.186
102.906
70.8491
114.754
299.291
283.312
91.294
82.1764
215.498
63.3716
102.584
248.49
84.5869
299.926
147.287
155.955
299.729
168.568
109.354
90.7589
85.9648
96.1787
85.3156
291.478
198.358
80.2752
93.2125
104.534
293.643
80.0658
149.403
287.047
86.9779
136.817
299.8
109.739
149.724
56.9409
92.377
71.0334
54.2296
74.3963
57.7137
107.126
109.071
112.279
92.1983
135.504
64.3666
138.09
64.6647
126.11
87.9998
129.79
158.821
200.937
115.91
124.033
124.642
121.867
292.118
63.1807
148.067
295.696
91.3539
71.7658
202.561
60.7189
115.629
130.501
125.422
137.276
100.614
94.7651
93.6144
85.4694
60.4966
144.084
128.153
81.9914
123.268
112.382
146.015
120.574
114.349
149.758
111.626
106.104
90.6336
192.164
295.022
297.277
70.3027
55.8381
96.1504
151.819
117.087
130.606
94.5554
54.7974
293.012
286.943
124.647
299.733
156.537
161.787
105.698
296.586
147.348
53.6682
135.58
63.3726
56.2567
85.1177
159.144
96.1967
90.0767
294.746
299.415
212.619
104.535
171.668
224.985
101.712
134.953
128.643
207.953
113.208
91.0336
74.0321
291.604
161.784
110.646
73.995
132.783
87.6814
296.143
89.778
91.4056
163.527
256.625
89.6856
127.893
92.148
299.873
139.137
95.7042
299.759
86.6837
298.538
298.462
299.937
85.9686
80.8359
93.4539
139.969
103.909
170.02
153.293
158.471
68.5595
162.889
271.445
298.263
87.4067
396.417
76.451
111.903
102.222
298.579
170.294
124.477
106.088
290.31
293.7
67.2972
86.2052
74.9044
161.61
55.0697
101.943
287.461
188.724
78.8287
118.058
62.5781
296.472
297.807
298.964
299.918
68.5786
149.466
56.0033
87.8603
73.5781
119.729
59.4765
97.1896
56.5625
67.8486
69.4129
52.3335
291.892
67.632
89.4919
91.7484
96.2277
101.744
55.6226
96.8987
86.2727
299.787
112.822
74.5525
92.3723
85.4462
109.328
204.92
284.817
93.6695
85.0498
92.2867
129.828
52.3694
297.374
202.612
93.8972
92.2058
150.376
125.356
113.686
116.956
90.6241
236.888
83.1346
96.2464
103.49
299.344
289.039
118.402
92.7388
145.089
92.01
299.774
86.7792
128.375
89.7031
83.0511
95.616
295.131
98.9092
87.8549
77.445
91.3694
297.125
111.517
134.375
114.606
298.937
118.908
55.0256
300.09
300.099
62.2465
144.54
296.444
125.367
298.642
299.276
134.043
195.102
147.582
96.1907
89.0681
63.9351
128.696
170.936
163.269
147.576
295.385
299.832
82.7141
52.2735
95.3204
281.397
268.261
142.488
293.064
68.5927
214.991
125.093
73.7308
135.152
126.925
94.8663
141.126
98.2124
89.6401
91.7601
96.4201
295.314
73.0317
299.347
299.981
63.6526
242.082
89.3984
299.903
299.361
137.149
299.99
101.44
299.349
261.407
127.602
90.7268
140.218
299.758
82.8324
299.723
285.571
93.4333
83.4763
103.708
107.462
276.539
84.796
298.593
99.3736
93.2576
104.147
299.745
138.723
53.4062
72.0725
87.8945
89.8859
92.2609
132.806
99.6854
143.698
73.9942
136.445
296.312
291.747
120.427
91.2026
84.8196
71.6518
110.743
86.9068
89.2292
94.5436
299.404
93.2195
168.622
93.9313
116.959
54.015
93.3486
128.845
94.9681
164.615
147.846
295.601
135.212
78.3765
299.79
78.9931
216.17
53.5842
113.322
151.083
188.662
85.792
113.074
150.247
127.012
118.546
129.858
136.829
255.666
110.988
298.852
89.6192
162.146
70.5405
85.7948
299.682
122.768
95.2155
58.9651
284.124
86.9487
299.536
139.425
90.8813
117.155
177.437
53.8771
102.95
52.0089
151.645
120.74
94.0065
91.3068
92.3906
69.6058
196.784
260.764
71.6252
281.185
104.935
73.2365
95.2739
85.8196
88.058
64.9337
123.477
75.7337
159.052
132.41
87.7659
75.3599
92.5426
292.617
107.146
111.737
203.543
299.531
137.205
73.1012
89.181
299.763
90.7967
122.848
299.932
291.964
64.4501
96.0179
95.9835
86.5453
288.939
73.894
141.838
149.557
143.211
118.943
55.2285
158.031
118.128
134.595
183.304
138.144
99.2239
110.718
89.4754
80.5062
63.8563
286.536
70.0899
299.032
58.2976
55.2266
61.0264
89.4036
298.979
180.25
102.995
110.293
65.2788
58.1474
144.852
85.4642
88.8427
80.0887
165.621
298.337
75.3913
56.4926
92.5581
93.4454
294.461
298.401
82.0951
298.953
63.2925
127.02
80.451
105.933
299.387
93.6331
292.947
103.146
102.856
298.091
212.168
291.76
107.872
169.65
144.014
87.9327
298.905
142.24
143.743
124.657
89.2047
94.7855
127.05
293.919
76.6939
299.358
298.984
209.996
80.453
204.931
298.747
270.863
231.582
185.971
142.74
288.616
91.9069
102.994
125.115
121.879
66.4111
288.844
93.52
111.303
95.6033
297.878
112.091
87.9118
292.461
129.289
79.2148
69.5911
82.7498
136.103
91.7625
94.3984
65.4255
133.248
129.888
92.9174
118.676
155.414
93.4808
73.7639
80.5011
57.1789
173.62
287.534
56.4714
80.0762
121.9
64.3277
101.863
63.1015
76.1908
180.008
88.8959
56.1251
294.901
299.965
284.238
98.1339
61.3073
90.7941
299.988
296.495
177.446
85.0781
93.3339
95.952
289.068
118.341
299.32
55.3305
267.886
145.834
62.1378
292.165
299.741
62.5997
89.2483
86.7706
53.875
208.273
286.427
156.747
94.818
296.001
122.432
98.7202
157.036
121.823
62.3391
297.573
157.435
119.512
67.1742
129.537
136.53
89.3671
62.8977
133.861
150.205
92.587
217.292
106.616
286.89
298.729
72.026
94.9714
63.743
66.9392
70.0545
72.0709
74.96
69.0113
81.6609
53.8892
199.262
92.6399
79.6594
131.223
148.234
111.551
95.8501
134.243
105.371
250.464
145.795
132.432
89.5637
99.4329
172.532
109.203
202.626
107.183
113.352
118.706
129.206
92.5737
229.88
80.8108
85.9744
298.636
130.602
105.756
299.856
293.731
142.368
98.9846
89.5106
298.896
87.6148
89.7975
299.916
95.9301
96.0838
102.983
299.153
89.7656
85.1194
103.734
298.985
170.461
299.333
96.5126
297.753
101.329
86.9833
117.737
108.117
91.4267
93.4873
89.373
87.9075
137.633
69.0825
291.371
277.077
142.093
299.701
93.4939
124.012
150.879
286.607
134.626
173.768
135.168
69.3181
110.242
298.809
90.9063
292.628
292.498
239.091
159
171.76
147.382
107.933
88.427
107.103
88.8052
131.666
124.248
55.6903
108.725
109.253
66.9382
90.8002
97.9658
71.6328
287.768
94.6445
132.6
127.777
292.708
111.115
88.3532
53.0694
115.625
104.401
204.175
70.4869
122.795
89.7178
91.3219
100.817
113.272
288.895
131.272
95.7151
175.04
89.1876
92.6178
136.831
298.225
298.966
68.784
295.832
119.437
151.246
89.0943
260.414
108.622
253.82
211.479
280.915
98.0631
288.105
131.738
87.007
114.499
91.6178
89.3123
300.034
132.81
161.018
61.5942
283.929
299.867
93.4503
165.325
296.152
56.2712
59.91
299.834
276.7
124.83
298.342
93.8312
73.8268
132.703
91.2122
137.471
98.9828
85.2819
86.3611
258.062
92.192
182.953
299.945
216.89
61.2651
81.3998
116.455
92.4582
60.6095
85.3165
78.738
292.237
196.238
72.1907
88.6384
179.899
129.926
121.51
111.301
87.4472
296.795
126.39
175.734
118.688
55.335
130.876
85.072
299.396
219.552
71.8033
299.281
79.8476
100.302
105.409
111.193
188.514
71.779
92.832
299.97
299.121
69.6632
91.8759
138.512
121.861
156.882
288.738
298.873
299.694
132.167
284.457
164.092
292.24
297.353
197.253
123.65
299.922
66.9627
86.9022
297.889
139.387
91.8011
127.184
93.3105
295.164
108.832
291.049
81.0623
65.2308
106.443
109.464
293.572
75.678
89.6234
146.203
70.7144
98.6014
69.966
105.826
157.696
60.9667
293.311
297.372
91.6161
122.838
62.5424
103.523
196.319
115.872
121.484
299.864
95.6902
194.28
94.2777
137.359
107.816
299.287
81.4482
297.029
213.247
61.3624
155.492
93.2882
100.661
297.584
86.9522
55.9808
110.036
98.6662
298.999
79.352
95.3136
204.688
93.3614
132.339
131.433
88.8168
99.105
287.979
79.957
292.665
115.498
96.578
292.574
144.292
102.359
299.002
89.8705
296.387
61.7139
299.98
103.633
138.168
181.167
71.4712
287.442
161.859
71.1925
80.9026
295.82
131.372
120.907
73.9466
90.4077
95.5418
87.901
120.679
135.057
63.331
98.6251
81.0535
80.1048
116.205
132.064
298.951
286.284
77.2458
71.4465
299.49
96.2198
114.888
116.034
75.0129
73.897
132.771
169.029
298.863
53.2893
52.3327
293.563
57.1264
102.895
128.448
89.797
89.6041
62.3175
85.9218
143.067
287.184
53.2167
286.621
123.353
109.56
159.335
89.4196
131.026
112.595
68.9944
81.8561
299.967
299.804
112.277
147.025
296.947
155.691
299.794
97.5
171.779
146.598
71.7267
299.264
91.4726
299.869
88.1904
92.1699
292.632
298.263
71.2556
92.5763
288.909
137.557
64.3022
87.1374
299.739
299.779
87.9008
81.8202
185.677
71.1624
294.994
110.17
158.675
104.037
114.481
299.273
95.6607
113.293
299.919
89.4508
89.6836
63.5709
112.233
93.205
146.19
96.3487
92.4126
107.201
167.927
95.8117
89.3847
284.808
142.554
108.329
89.486
135.819
163.83
95.8015
137.395
299.913
82.2284
270.637
115.059
62.3039
132.924
96.0107
299.307
115.394
83.9255
73.1246
97.9337
118.469
88.1636
177.102
141.297
131.444
93.7306
97.9316
84.3716
88.9766
187.051
85.3738
299.382
96.1715
55.6705
103.803
293.315
110.689
112.596
180.192
299.248
107.644
292.447
286.004
262.141
83.5768
203.71
157.395
121.293
122.252
68.0509
299.713
113.735
299.235
131.159
167.418
268.554
57.35
276.155
106.651
109.403
164.749
143.172
62.2871
119.573
111.013
153.316
99.8652
63.1158
89.3621
124.27
85.5974
109.569
65.5798
86.8988
75.3147
299.896
61.1796
89.4114
71.7375
292.93
88.9147
94.902
136.624
112.701
121.404
118.094
272.212
69.4457
299.569
89.0153
70.397
107.537
84.5838
92.7792
297.746
137.74
251.839
71.7079
100.101
160.531
148.672
136.916
91.5011
299.597
143.254
72.5614
294.318
53.4925
101.726
90.4416
100.407
287.469
75.5943
82.8976
90.9606
183.198
69.4126
299.902
63.4668
212.344
299.991
106.144
54.9863
133.747
145.046
67.6539
144.349
286.714
101.167
293.6
87.12
63.8779
159.333
284.464
112.782
121.867
299.651
102.895
87.9954
75.7475
64.4258
88.8441
61.8053
94.4546
164.064
62.2675
101.706
299.396
128.701
118.042
92.4013
91.4019
162.007
92.736
155.486
97.1355
299.945
93.7738
167.614
85.1258
271.341
286.431
150.072
125.046
74.711
131.262
112.98
100.51
82.4747
64.3442
291.46
138.074
138.773
153.81
84.334
130.445
118.762
88.9999
71.8755
291.328
299.168
95.1085
62.3548
121.911
68.1578
98.6789
93.6493
72.2028
294.178
83.9461
147.633
146.85
125.566
69.6245
56.9115
299.713
115.004
70.5248
53.1423
78.75
95.4428
91.22
87.6128
89.0754
77.165
53.2242
64.9589
99.1018
128.255
93.7317
110.345
74.5361
126.128
295.355
83.9887
111.776
188.971
147.923
68.9517
152.783
120.805
57.9736
78.0028
87.3589
90.7538
296.879
59.6284
298.863
287.443
145.94
82.6213
299.698
173.6
120.434
298.972
289.823
63.4319
269.77
298.14
130.57
78.1574
126.136
111.763
299.957
92.3472
52.7973
123.875
189.291
87.3077
86.1581
109.367
132.097
62.2942
95.8951
299.985
113.534
80.0387
110.74
84.7712
299.908
90.1948
296.473
97.3061
95.6792
103.146
117.658
183.121
61.0451
160.954
144.408
297.832
92.6593
73.3274
53.1301
91.1051
299.584
123.199
61.9531
299.377
70.7346
138.851
153.253
132.134
299.934
84.1376
88.1142
117.562
79.3535
62.8171
109.469
92.5084
299.975
299.298
88.2804
130.912
79.5065
95.4109
99.0293
112.118
64.787
166.515
298.208
113.737
299.941
65.4107
102.655
299.907
151.758
70.5998
109.618
73.4292
91.7231
87.2097
126.838
268.981
81.3761
145.649
79.006
69.7748
143.558
88.7265
287.739
102.227
72.4806
105.458
64.9817
159.429
86.9718
298.972
89.3216
60.8936
63.085
134.232
78.4154
80.1809
96.3525
139.216
118.566
73.8578
299.061
151.445
298.579
63.7111
74.343
141.017
156.224
157.251
87.0042
72.307
153.537
127.006
120.144
56.9643
60.3486
147.254
104.368
77.2147
110.998
91.506
70.4949
95.3212
111.702
69.0176
66.7682
108.41
95.8823
113.994
71.0902
61.4719
92.4295
94.1311
297.528
298.394
178.623
204.233
179.724
268.68
126.559
64.0008
88.7436
299.692
182.235
286.343
158.972
55.919
172.962
114.233
293.117
159.98
298.692
68.8969
92.2292
78.1651
117.056
70.3015
297.892
148.73
94.5741
106.685
290.322
53.2145
300.005
145.894
88.7565
78.0828
75.7086
294.686
142.67
88.9572
72.4659
119.21
90.6037
134.789
111.592
294.538
85.5939
67.0977
71.0055
75.2751
81.368
169.76
253.172
298.25
117.744
101.375
121.191
116.558
59.1772
242.448
126.663
60.0768
89.8202
83.2656
87.3758
98.1921
110.538
53.4813
297.662
55.8922
95.3926
289.487
160.084
94.2967
128.831
79.052
85.1502
299.541
62.3541
149.508
66.4354
70.7664
296.599
113.151
71.2027
111.431
82.3456
113.322
104.959
208.637
89.8167
299.431
67.7048
267.832
291.308
63.5681
105.243
91.8614
299.016
90.7657
107.028
106.216
80.3644
112.713
65.3857
85.4085
299.871
135.141
109.817
113.643
300.014
271.122
299.895
145.816
299.459
91.6272
280.187
83.6424
93.2076
69.5368
104.319
293.123
125.067
68.2226
80.9195
113.913
119.115
63.2118
157.772
88.3017
120.884
299.87
64.9307
89.4965
114.085
79.2184
101.829
71.9325
98.551
77.4173
67.1208
298.349
93.2547
166.117
289.169
89.2442
61.7394
140.766
64.942
174.567
278.201
293.482
114.646
94.5094
58.3916
135.852
131.423
88.0287
121.22
96.197
70.869
154.537
285.415
94.9406
299.658
63.4697
96.0252
131.041
85.9662
86.3118
92.5226
87.9669
81.0773
110.166
142.817
73.5143
73.5589
200.478
157.804
299.542
92.6847
147.526
97.5374
112.334
280.185
299.918
137.488
87.7006
121.143
299.293
106.175
78.9312
295.926
84.7259
91.3399
72.1133
299.788
258.018
161.726
113.137
162.095
142.015
285.565
55.0175
285.639
88.6457
136.421
149.379
163.902
98.0321
137.341
60.2915
93.3002
101.262
298.626
122.475
87.6912
95.8142
66.1475
60.8808
88.0403
59.4513
74.4729
58.0464
299.864
298.947
55.5028
85.9016
62.286
115.019
62.292
115.051
64.6749
78.3545
99.9503
138.544
281.749
103.706
114.776
71.871
89.1726
172.55
116.002
98.0761
287.928
67.0007
293.289
104.424
299.061
85.3019
227.43
84.8523
91.7742
125.055
116.931
298.951
66.9263
290.366
87.6873
298.512
259.555
297.606
194.067
172.871
481.526
121.208
96.5091
104.526
74.1759
94.8529
276.436
296.509
107.407
123.968
95.7495
75.7312
71.1532
87.3689
67.2748
104.259
88.866
285.945
90.3072
82.6483
70.099
136.17
129.468
299.572
87.374
96.0992
84.1381
126.563
294.484
298.206
133.126
99.9424
89.8825
122.873
94.5213
130.05
118.178
94.3264
126.412
95.125
62.3854
299.719
121.729
64.3434
98.093
99.02
71.7485
294.137
103.057
91.3018
299.844
88.3838
295.068
88.5038
289.917
291.707
299.393
124.71
62.6025
226.007
213.507
192.394
125.16
98.6333
291.921
89.1914
98.0863
57.3532
80.3295
70.6469
69.8845
94.0571
298.989
145.061
59.7848
105.986
66.6731
51.9501
87.8746
82.5032
96.4136
96.2729
287.518
91.0741
295.972
67.6114
299.314
179.745
298.69
143.197
294.28
71.0704
63.8058
80.8637
172.287
187.17
295.466
138.319
62.1172
105.457
189.756
283.086
94.903
80.702
99.3329
120.862
300.012
124.682
82.283
118.375
75.3628
116.066
277.596
114.656
294.449
86.6325
144.49
69.4566
109.57
74.0862
80.4867
189.896
101.465
292.212
132.851
90.4175
88.3016
69.3674
285.061
142.904
281.666
114.478
74.7941
148.618
65.3505
88.832
69.2687
62.4111
94.772
67.6005
93.92
173.005
98.947
128
104.203
149.712
299.104
111.833
136.375
159.656
65.0885
76.7924
110.269
92.3793
79.4308
287.592
299.182
141.632
86.0755
174.104
232.976
126.237
68.1188
299.564
95.1211
135.297
87.4354
121.244
105.596
61.7466
181.036
135.632
101.732
75.2857
132.173
96.7603
83.3236
101.745
92.5395
68.5079
142.528
298.343
117.92
131.338
107.472
88.6536
126.61
75.5455
112.943
87.2744
135.026
286.615
72.2394
88.6164
295.833
133.829
98.9487
230.549
99.7973
131.262
52.8117
76.0095
298.958
108.562
286.591
186.44
83.7883
75.1456
139.161
285.237
155.724
63.4906
51.5599
106.98
59.9206
299.866
89.3077
300.013
88.0503
76.2928
190.49
286.277
143.241
86.0429
81.6354
142.264
109.091
103.42
147.121
67.1081
294.474
144.05
159.709
166.501
86.6925
83.7538
60.8855
287.948
69.745
159.116
112.474
298.207
90.1438
63.5046
187.658
165.935
110.8
76.968
66.766
89.0188
288.013
148.906
91.5342
89.5445
71.6551
86.3689
129.165
97.8005
89.0041
90.0938
87.5931
293.194
75.2089
294.696
86.8331
200.827
142.333
67.4785
134.66
110.222
299.99
183.815
298.613
125.355
115.376
122.148
115.908
150.488
52.8816
133.375
108.022
118.021
164.956
58.2792
113.006
139.964
131.301
112.447
97.5778
93.3296
288.288
104.301
81.3643
201.352
93.2076
294.722
103.322
92.6733
85.1382
54.0932
74.7309
51.2488
93.3907
90.1489
88.9643
147.292
104.399
89.0832
93.3666
298.058
292.044
94.7441
62.6347
66.4111
295.731
119.705
93.5756
168.254
107.105
92.3926
280.028
86.1641
128.101
291.535
112.757
298.081
497.533
98.4849
52.3169
83.4368
110.764
114.614
138.364
67.8696
206.034
51.9965
286.254
94.7129
89.0394
144.621
81.4756
91.7581
291.934
119.681
74.5664
94.7768
159.647
299.753
128.848
161.302
89.5745
83.4537
90.186
107.248
104.031
89.5439
71.3881
159.576
118.719
69.6025
106.887
74.5839
106.115
287.231
74.3658
137.486
299.886
61.9369
87.6316
83.6483
89.306
160.995
89.3479
270.156
95.2079
285.209
127.681
134.372
104.437
173.92
171.013
133.15
106.642
224.139
148.872
104.008
74.4998
63.6897
147.423
61.1571
141.65
87.7087
295.056
60.8801
82.4039
87.994
100.262
299.343
130.169
124.194
299.921
126.553
113.866
138.874
293.347
98.2756
92.6257
64.29
87.4472
99.4208
290.149
89.1997
291.899
298.932
290.314
298.925
94.9542
93.1871
299.782
92.6803
111.628
160.624
134.244
57.6827
299.801
283.491
298.907
66.7324
130.246
60.368
85.9392
228.696
97.1453
88.7096
62.8577
226.071
91.1303
143.388
262.274
292.995
115.768
94.6202
59.8548
106.257
300
98.2139
116.485
253.412
92.2462
73.4905
298.569
97.7759
299.109
287.674
78.9799
92.4914
91.6668
168.93
96.0733
91.5609
147.306
89.7634
88.8608
123.913
177.495
280.291
85.8144
85.245
59.2614
54.157
61.0358
64.8693
160.574
111.679
113.513
79.7374
277.025
104.185
114.616
86.7555
71.2764
87.1469
148.847
67.8121
120.956
133.807
299.717
99.9434
116.704
294.768
158.195
299.884
296.554
286.204
185.778
85.9135
286.96
96.935
60.9752
147.462
140.481
89.1269
284.008
157.286
68.6094
97.2748
61.0686
95.9283
72.412
99.092
162.712
63.7306
179.703
83.3066
236.452
136.08
90.4444
294.105
95.5504
298.843
291.3
87.3039
88.6771
74.9946
148.122
88.1699
91.3371
108.342
61.8649
139.836
74.7115
81.3561
106.317
274.463
65.0102
64.8706
63.1403
297.632
95.7856
100.806
157.287
75.9212
67.0268
93.1218
95.0892
296.876
134.6
61.6478
92.9209
58.4042
58.6905
299.953
292.377
88.2191
129.364
89.7461
115.814
120.641
115.859
293.2
125.914
297.823
142.79
93.6493
270.376
170.337
294.856
98.2624
92.7877
179.451
109.081
84.0273
101.412
294.803
299.61
71.9624
268.898
116.815
87.0322
121.359
90.9791
243.945
98.2885
125.21
134.539
131.526
115.394
100.382
132.593
60.9555
84.8551
132.919
152.525
65.2297
53.2262
83.1777
157.481
117.83
147.572
147.026
112.357
83.098
139.841
143.015
88.6615
67.0328
127.328
77.285
114.973
177.764
294.54
87.3762
80.9324
67.8329
106.011
81.6783
120.49
289.697
131.229
299.996
97.6634
138.303
112.955
105.067
133.367
124.208
149.85
181.954
71.2515
99.8272
110.137
155.943
93.9243
62.6115
85.8561
108.232
293.463
201.307
86.4592
88.6397
279.479
299.749
246.749
150.087
95.1778
76.2896
180.391
84.2584
98.6095
100.782
136.409
105.547
94.1411
138.893
265.139
89.4828
102.168
53.5989
299.843
119.573
187.4
299.74
63.4417
133.298
136.608
107.721
131.845
133.234
98.0339
145.793
152.234
254.878
134.036
107.51
76.5996
101.443
275.346
170.238
297.554
86.7448
91.9506
129.487
92.703
91.4738
89.6374
78.5518
168.507
68.6497
95.9002
51.8811
80.9372
72.2451
130.038
270.109
148.745
157.366
73.4602
280.279
292.923
92.5566
117.076
283.997
163.041
299.898
68.6707
299.94
113.077
95.0401
69.113
66.3765
154.564
96.9556
299.695
70.1258
131.068
59.2158
284.221
100.433
93.9537
143.676
180.821
66.1079
184.598
77.5798
88.9082
85.1839
288.015
97.0089
85.6996
205.028
70.3873
278.634
99.7492
109.85
70.2049
67.0582
68.2707
76.1175
76.1799
74.4941
64.7956
93.1907
173.063
118.279
279.047
92.273
299.771
122.084
80.1948
95.9849
94.9966
84.9797
141.554
183.447
51.5785
134.025
279.738
291.524
139.122
89.3681
291.141
94.3779
298.849
174.069
64.3043
71.6113
100.163
148.037
117.794
299.99
292.88
66.8265
96.9659
127.489
289.399
132.325
114.102
292.491
86.1801
86.5549
299.193
135.53
139.998
101.817
299.979
99.8853
123.294
84.1978
66.1119
299.161
84.3436
68.771
94.6732
224.693
152.19
298.654
118.216
136.398
287.869
130.715
74.1193
83.936
74.2614
172.306
273.542
92.522
92.2812
145.06
127.208
141.741
152.165
112.358
136.39
102.731
183.291
127.29
107.097
89.104
147.37
141.148
65.0745
81.7108
68.5797
117.291
298.314
74.4018
81.9498
300.1
145.15
164.279
59.4999
298.638
299.813
91.4401
144.535
147.408
85.046
169.222
118.498
79.9861
87.2079
105.865
172.208
87.0483
91.2603
191.07
70.2038
108.386
100.065
78.5805
299.547
71.7352
116.467
267.479
107.073
164.762
299.922
299.082
117.481
123.018
85.984
93.7974
293.989
287.598
160.056
147.906
62.0161
103.732
79.5207
90.2896
88.0691
89.409
141.236
83.4509
115.867
103.371
113.431
299.775
61.4137
85.3234
86.0069
145.433
90.6965
299.907
95.0464
120.166
68.0612
298.538
99.281
299.145
60.4814
92.7247
62.0407
290.677
140.66
177.095
66.6326
79.8118
276.733
291.094
120.816
127.868
97.8129
155.419
297.768
60.4303
96.6553
96.6054
88.0074
283.657
199.612
243.272
94.3209
132.498
72.9061
111.997
179.4
93.14
54.971
96.0645
89.5433
127.351
175.209
88.3736
88.5636
295.445
188.539
53.5957
298.955
97.463
90.794
129.926
64.4527
133.201
91.9093
74.9139
292.646
93.2621
87.1227
104.88
139.047
89.0914
298.871
299.947
93.5275
63.1923
62.8785
78.9715
79.1242
105.33
92.4554
124.184
69.9849
121.436
112.288
299.361
115.926
95.3785
299.29
80.8814
108.693
60.3952
91.6142
292.901
148.984
80.0488
166.468
296.135
264.965
78.4773
96.1461
286.413
89.6099
161.153
88.0189
92.6068
143.352
290.978
287.623
285.836
101.753
93.2469
289.11
64.0401
270.791
298.355
159.33
70.5145
299.03
347.866
89.5917
66.9405
113.764
107.57
114.739
80.2307
78.5859
138.721
142.45
89.1154
54.245
73.2018
296.911
97.7276
298.468
119.722
102.27
53.8873
149.961
120.02
168.4
74.4562
125.798
106.207
272.267
133.194
88.2687
97.1021
100.593
133.863
282.621
135.579
103.071
93.3508
274.545
85.8941
146.869
251.436
55.4756
53.1802
60.2935
219.889
108.746
97.0276
299.246
87.5958
298.596
90.448
291.425
97.2391
299.959
79.7976
256.194
288.246
101.876
90.9902
63.3537
104.358
95.3315
52.9595
170.615
147.446
149.073
89.4679
137.918
127.871
90.407
298.888
111.344
127.538
61.349
92.3358
283.503
135.536
52.4798
297.972
83.991
295.144
92.8951
147.253
165.089
98.0536
115.055
55.7038
176.63
82.0024
111.697
99.6807
85.5652
58.2332
72.9584
54.3684
142.057
104.307
133.356
71.7303
112.3
295.311
152.4
109.264
296.83
138.324
102.708
134.613
299.975
114.173
146.142
88.4492
74.6321
178.778
131.026
263.89
151.773
131.817
163.732
62.7075
131.619
75.5608
109.321
299.755
153.612
63.626
105.101
145.804
100.975
110.753
298.441
108.681
133.436
145.333
138.743
285.415
115.173
109.795
160.938
86.5612
134.493
95.7974
155.001
79.7227
173.926
65.2396
269.985
299.904
97.253
131.867
96.592
167.852
104.636
144.599
144.9
92.7785
116.389
87.3805
299.012
131.188
89.0322
177.741
294.225
152.353
109.571
276.178
212.3
130.465
105.049
62.5291
284.068
276.08
83.7786
297.399
109.155
87.7387
109.053
90.0261
92.8334
144.205
298.801
127.452
94.4808
104.421
87.1154
127.107
292.072
89.3491
135.85
90.5093
92.2274
127.504
134.389
66.6522
56.3109
86.0824
113.282
295.504
91.9089
136.417
299.896
99.2617
111.528
92.0152
128.932
148.817
103.487
216.514
96.7865
62.0296
254.815
140.956
122.19
83.6208
299.994
118.623
117.726
299.94
83.864
85.6736
120.748
298.421
95.0966
290.741
95.4771
92.4516
298.376
294.904
93.2451
81.7381
91.1341
288.593
113.652
134.996
210.823
176.033
108.747
84.0794
151.732
65.2286
181.237
84.3751
84.9591
280.638
73.1119
130.818
102.649
107.257
91.4108
94.4169
149.931
139.031
291.015
108.586
155.87
96.2627
59.256
105.051
299.878
60.7034
68.9043
91.2791
115.109
293.983
106.677
69.7978
294.459
299.836
60.5159
135.793
97.4569
103.588
181.657
295.063
290.575
89.4695
144.379
182.63
89.6869
75.5404
69.2108
120.385
100.034
300.038
67.6449
90.0085
58.9318
101.063
104.126
97.2615
62.1246
53.2241
109.469
63.2044
129.43
68.1137
81.249
176.143
295.73
183.612
155.628
114.376
101.935
95.0241
217.593
78.9269
124.074
64.4471
57.6343
80.9391
83.2739
295.363
134.554
78.4341
288.586
62.8046
96.7455
121.004
142.236
280.854
97.3088
125.013
83.2844
68.5428
165.359
156.698
103.554
128.695
104.279
146.159
132.056
297.904
59.3236
55.6372
299.366
144.852
293.985
150.79
93.033
299.708
161.869
95.7547
77.9935
287.616
68.1996
291.136
119.5
297.982
299.923
114.117
92.6717
74.1804
111.144
274.798
120.641
126.015
296.13
72.629
90.309
178.126
115.551
84.5142
111.067
86.6648
97.7061
150.303
165.333
295.283
142.917
289.931
124.108
100.796
91.2624
168.917
123.406
268.659
61.7037
62.5628
68.3729
70.9735
67.1063
67.2092
89.4417
70.2681
75.7219
74.8668
71.3698
72.192
83.6493
68.0888
69.0783
133.112
60.1248
149.056
266.841
57.814
94.5379
153.34
86.276
92.3008
92.5573
107.286
147.034
119.345
56.9832
162.561
74.7017
119.482
94.7568
134.754
120.03
97.9255
106.762
82.902
84.1803
84.3892
86.1788
246.642
89.6774
144.425
104.197
61.671
280.903
294.221
68.1068
67.4877
128.976
73.4015
127.096
78.2088
299.606
288.178
113.603
91.497
299.875
182.115
134.063
276.898
299.069
297.837
85.3161
240.648
124.031
95.6196
240.865
94.7256
290.492
287.911
134.281
106.29
53.0049
296.982
124.181
180.833
294.287
71.1663
270.303
99.0775
129.17
173.361
82.4544
159.154
111.729
63.7496
117.553
68.9093
83.1983
115.988
190.509
159.319
93.2213
60.5101
127.406
99.6505
180.719
113.253
102.413
82.2378
112.085
137.555
299.963
64.0292
93.2829
134.305
94.3771
269.895
125.138
299.911
295.971
87.407
96.5977
288.208
164.976
130.419
86.3871
140.727
83.287
290.186
95.5681
123.611
89.2894
202.197
82.1209
261.637
92.2929
210.714
182.582
101.683
129.491
93.2146
161.144
69.3064
60.3342
289.445
208.65
160.001
94.9805
274.616
294.079
177.772
74.0244
295.313
221.385
85.0223
295.025
92.0475
144.764
60.4212
116.129
124.649
262.693
79.1916
88.6691
123.285
78.4649
130.108
291.229
131.889
299.791
84.7666
81.5814
133.284
215.79
94.3014
124.119
98.0624
100.554
106.389
100.928
294.129
288.225
84.7074
73.7222
122.092
67.9565
85.8316
299.32
295.859
116.751
91.2854
109.845
113.171
296.719
63.5589
143.885
100.586
139.4
111.872
59.6737
81.3118
136.948
80.7979
130.406
114.198
289.509
74.1263
109.867
64.6912
125.641
93.5657
73.2041
151.485
77.4269
289.163
68.7082
114.063
147.376
112.665
103.413
299.865
99.778
79.7317
92.3701
125.075
120.039
299.174
71.5115
148.554
299.366
92.4449
182.62
96.8225
137.187
63.6935
166.604
131.216
133.177
93.6115
132.536
158.962
129.027
91.4738
134.645
282.209
61.2779
59.3422
95.1233
299.134
108.057
91.8779
72.3402
178.122
80.9363
299.932
101.913
186.862
122.443
92.8607
298.975
299.695
280.744
91.4448
103.1
144.506
90.9717
96.9979
93.0982
112.512
92.366
83.4487
110.631
125.142
95.1725
85.6159
126.175
111.587
60.9158
116.27
103.356
125.3
132.136
273.567
283.834
108.493
103.096
293.297
56.5553
105.362
193.503
110.12
95.9801
66.9482
234.858
299.873
167.476
118.451
292.877
113.311
120.269
133.619
258.196
168.186
60.8129
88.9474
83.6558
157.418
165.894
190.307
104.293
66.6325
299.3
128.665
101.964
87.0469
132.546
61.7028
143.05
83.6283
95.807
136.443
133.529
62.7249
84.6871
299.992
62.1504
128.641
138.402
96.41
73.8295
292.54
133.848
291.398
59.6662
262.639
183.635
115.356
299.982
299.875
172.491
132.899
88.7067
92.4312
132.251
60.5982
275.335
79.3908
293.423
295.45
172.323
138.131
210.017
123.168
135.548
178.094
70.5665
64.0865
299.919
143.194
121.399
281.064
96.6074
135.66
146.087
271.073
116.068
168.132
131.795
52.8603
102.119
98.1482
83.9908
117.119
100.148
72.2312
60.7506
189.573
119.826
96.5554
88.8082
281.345
95.8852
101.876
130.713
92.2816
298.526
137.318
107.676
165.227
110.719
146.823
91.2944
133.962
76.3538
287.081
70.8066
125.342
299.799
86.819
117.494
290.511
62.0052
138.605
126.431
83.3221
299.872
299.394
299.989
299.622
298.984
77.3751
61.2017
298.977
168.48
128.206
93.3487
298.691
58.8487
109.325
79.2845
100.024
236.928
72.8804
271.54
117.739
267.792
71.4441
89.6734
296.864
77.9371
97.3234
114.4
120.76
298.817
285.275
298.732
173.896
105.078
52.5005
115.741
57.7613
290.435
143.574
59.3995
143.971
299.839
297.472
88.6686
75.4798
295.158
297.59
84.3838
299.605
291.537
108.111
85.6684
81.1642
94.0776
87.3785
102.507
105.392
84.8665
272.805
183.585
84.7402
59.8572
114.189
96.0385
68.9537
143.188
133.472
140.584
99.1337
79.0721
96.0004
98.4714
92.8782
152.945
69.4149
82.4578
287.78
152.79
94.2473
97.3588
298.498
148.026
114.212
103.975
106.485
77.2932
130.979
101.092
296.499
65.4162
218.019
143.343
88.0526
110.267
130.328
88.9835
134.315
297.433
91.3958
294.052
97.9396
104.114
299.277
299.952
129.591
96.898
147.936
296.429
136.551
296.088
130.664
124.119
94.5432
83.8848
95.6611
80.9839
120.458
114.422
119.678
162.798
208.072
127.981
292.624
92.8407
292.177
296.104
79.6611
299.376
130.074
155.883
100.523
90.4997
84.8243
67.9204
299.841
86.6784
97.4073
85.7234
295.133
92.6802
291.744
68.5624
86.7003
106.102
84.3763
146.774
212.011
279.987
251.465
124.298
102.821
95.3549
102.701
283.601
66.973
299.925
162.499
299.708
199.722
102.814
293.603
170.063
78.2414
89.1306
174.129
104.664
253.823
78.931
138.349
299.372
125.106
132.817
246.396
186.851
185.183
67.1902
289.625
101.785
181.992
135.681
63.5743
90.5772
271.53
123.803
68.3607
273.929
80.9097
110.376
294.588
259.883
89.8745
133.261
210.829
178.785
253.926
212.602
61.0737
271.367
93.983
107.525
182.14
53.5136
292.96
91.8438
271.484
284.716
115.063
298.95
95.1612
173.408
298.553
53.3446
84.0704
64.9987
91.696
92.4835
97.4042
96.5187
260.435
89.8898
102.79
115.16
146.689
95.7292
115.095
279.455
119.733
160.271
138.025
97.9848
107.112
92.679
103.094
91.3021
298.652
277.767
88.7445
92.8377
148.409
299.688
108.408
123.414
86.7389
298.692
84.1019
99.5745
92.347
272.159
138.6
119.84
239.357
240.555
292.983
136.406
177.157
71.3098
95.2872
123.705
94.4306
124.078
122.48
127.687
156.543
189.189
121.107
72.3006
179.359
75.0071
76.0817
77.8807
161.049
60.8519
142.648
61.6711
76.5277
77.8165
299.004
124.114
241.01
294.684
115.476
284.035
175.597
99.1173
134.349
97.3896
84.874
176.394
299.867
88.6815
245.645
194.852
142.94
297.514
138.705
157.026
128.093
82.7518
291.267
96.4577
102.511
84.7607
105.224
88.2863
90.5119
71.0906
181.046
83.3742
57.8297
296.249
112.08
298.949
168.632
67.8056
190.127
299.9
77.179
63.4376
114.732
73.9481
124.014
87.8939
189.757
117.533
287.921
282.426
148.094
96.5362
133.096
293.259
119.858
300.003
93.1127
66.3848
93.5735
154.785
146.752
124.03
96.5073
290.598
114.561
101.65
67.7358
134.32
95.4018
128.055
182.492
100.534
114.12
299.83
105.72
300.002
260.616
58.4602
97.0377
77.1427
137.751
292.975
86.8361
140.779
147.856
93.344
80.4026
189.317
106.603
126.578
299.409
139.182
289.535
62.5852
88.45
110.384
56.6651
181.097
294.21
85.7712
70.073
294.929
299.917
85.169
123.463
117.677
299.922
73.9479
289.228
96.7859
113.944
84.1783
136.403
73.1212
297.771
287.151
134.749
91.4915
176.953
286.779
250.011
250.926
149.18
63.2106
143.009
110.152
100.708
73.1936
71.7012
71.5664
121.488
138.733
84.8206
105.793
295.927
159.041
168.807
73.3935
121.29
291.135
94.7796
93.2603
138.855
66.687
288.545
295.996
77.1504
108.667
96.1536
93.461
111.949
88.7061
145.475
106.902
87.408
115.119
299.956
294.999
92.4524
296.818
284.497
76.2273
128.6
70.8783
154.092
98.8234
296.141
130.279
139.853
297.843
89.1059
166.52
250.73
111.687
110.767
215.311
108.515
164.991
180.985
163.975
60.3067
61.3832
168.058
103.299
66.8035
99.0146
71.4796
299.671
109.744
299.988
77.8989
171.587
93.8018
162.267
92.9833
129.588
285.91
89.601
140.182
299.742
60.8429
63.1578
81.9132
131.283
89.3575
65.3937
272.071
113.817
192.894
138.983
78.6474
252.917
277.281
294.974
114.151
138.579
66.4824
114.908
96.9283
122.183
88.5625
93.4203
288.729
141.28
297.678
138.312
110.4
299.655
103.146
84.6537
84.6212
151.174
116.233
71.773
86.049
116.566
102.735
117.179
299.552
102.966
88.8118
215.078
118.464
102.345
111.079
68.2919
249.837
97.2834
278.398
130.692
137.529
120.227
111.016
95.2606
227.578
280.407
84.8821
118.498
125.245
93.0607
165.253
78.7157
63.5829
130.127
117.456
127.267
189.109
102.954
296.618
281.485
91.4001
89.0253
134.563
92.0333
86.9213
104.797
159.01
263.097
83.9651
99.3114
296.21
124.599
283.771
124.377
82.6916
97.9021
88.9166
90.1713
63.0047
247.134
299.992
104.238
299.952
129.541
122.387
83.5458
103.532
199.307
136.482
120.982
192.993
114.419
140.447
299.929
92.495
126.212
85.127
166.094
118.974
299.366
94.5354
116.346
299.959
143.691
170.327
293.754
299.869
99.8203
299.996
103.695
78.9099
283.648
98.9751
262.383
83.7176
298.895
139.814
132.848
292.261
98.8833
83.0858
298.671
64.1379
299.961
94.9088
96.824
298.608
127.981
140.397
68.835
215.546
174.274
140.4
142.76
299.916
186.968
121.356
62.6714
160.636
293.471
61.7751
82.1044
63.7388
138.796
63.4486
292.993
295.887
293.773
82.8021
166.642
287.533
299.01
149.809
87.3403
115.823
82.8086
123.423
92.0404
125.917
299.135
87.8884
142.683
298.064
127.573
142.095
64.852
122.762
269.185
275.712
93.3874
120.961
86.1279
269.437
177.976
299.796
258.254
297.424
264.442
177.85
87.5821
91.4986
60.6914
102.145
296.911
88.7124
97.4516
110.826
272.73
103.068
94.3547
101.893
175.123
283.245
93.8063
138.897
299.666
92.6163
96.548
275.082
92.6516
167.525
93.3272
174.275
92.4135
67.4312
87.5886
59.4997
184.588
125.933
138.432
68.4078
130.009
83.9804
275.903
288.654
299.567
94.3639
86.8753
62.4964
299.845
131.53
125.187
144.976
82.1055
299.936
87.2795
137.439
287.658
298.449
232.517
299.66
95.7307
67.4439
289.642
114.833
68.0466
287.33
87.9628
299.948
153.168
295.187
61.4295
137.072
115.501
76.7582
178.939
107.077
91.461
68.0483
89.4005
131.687
95.9676
299.72
299.802
177.879
134.942
77.9278
185.109
276.909
294.836
299.854
83.54
293.643
127.984
111.519
275.154
73.2058
85.1158
83.0142
89.5466
108.694
60.5075
287.193
131.915
295.149
80.0786
147.874
288.497
126.061
146.102
115.311
88.6123
122.915
62.3465
148.639
277.853
126.993
67.7844
65.3017
89.9152
128.281
120.064
166.026
92.9836
54.9848
108.63
85.9534
52.7199
140.279
96.4026
153.959
161.474
97.2866
270.193
110.157
299.413
55.696
92.7365
145.213
299.996
170.186
83.1533
266.39
134.157
290.557
111.699
148.476
296.654
276.028
84.5083
86.4193
97.4668
171.38
111.53
121.473
57.0428
129.524
96.4882
136.065
63.7725
298.619
92.9578
139.052
90.4329
299.562
87.0761
171.278
92.1095
201.513
206.277
104.098
83.6363
133.297
186.066
84.4005
105
108.622
60.9529
88.7001
109.822
294.98
131.329
68.0854
70.7111
67.327
75.0987
75.4659
64.6949
80.5021
68.784
150.563
158.766
287.947
103.353
113.559
290.632
126.56
116.052
91.013
136.944
78.8907
68.3242
94.8571
295.225
87.3673
95.8243
272.02
123.542
162.819
136.523
300.007
286.765
299.978
85.8567
86.0012
89.9173
83.7741
124.789
149.939
141.406
127.493
88.5545
58.2139
296.98
191.83
87.7569
113.477
88.3784
151.592
113.397
124.536
85.2675
95.9748
100.478
74.4605
156.765
60.8488
104.796
144.757
104.103
299.634
94.687
98.1537
76.8166
88.6047
283.538
176.812
291.653
88.1548
200.799
110.831
235.63
136.46
265.493
127.128
95.3795
66.4725
71.277
299.545
296.77
269.698
143.011
158.374
55.0133
299.938
85.5796
293.898
106.336
104.044
92.6892
284.118
299.809
84.2195
150.721
299.836
55.8107
101.541
130.123
110.341
277.893
92.5762
160.966
99.0121
113.866
112.715
243.36
138.944
67.0004
281.79
146.224
140.736
176.969
143.116
299.989
76.7569
89.2691
93.8188
97.3834
297.224
299.799
84.0918
85.8602
112.184
88.2488
117.313
136.423
298.282
129.647
120.761
72.1334
91.7582
127.782
119.899
92.1341
114.128
156.449
296.053
139.798
88.4159
299.853
296.699
133.03
101.317
281.892
299.55
97.2408
85.4012
289.622
101.712
121.096
94.8548
141.917
262.119
84.6573
76.6014
265.073
169.301
182
259.049
77.692
291.117
158.812
144.044
72.0751
289.482
92.8634
185.849
85.5438
131.648
298.318
284.973
94.7881
71.3561
84.9075
117.256
87.8236
103.69
276.664
133.454
131.569
299.864
299.937
245.039
52.6546
131.14
131.649
101.593
176.545
84.272
248.794
61.32
141.65
67.7387
126.974
122.996
91.5753
299.821
92.9982
126.182
156.34
91.2475
299.91
83.0403
297.719
114.617
90.2411
299.843
299.159
86.4301
142.793
88.2131
217.464
87.1129
284.614
127.311
288.331
123.283
116.844
299.985
83.6536
279.494
293.893
58.2312
87.3054
299.508
84.2868
72.4473
125.875
91.5505
144.758
106.506
282.208
97.262
78.5834
115.042
114.928
96.368
84.5899
91.3514
157.085
296.723
299.786
281.959
180.149
118.068
278.068
110.547
175.272
122.933
237.63
87.1396
130.818
299.798
131.341
216.599
78.9407
88.5417
269.038
270.671
287.022
299.795
73.5045
287.772
107.725
299.807
101.617
82.7545
129.184
298.859
78.2643
284.673
102.276
85.1057
147.749
62.5672
299.917
81.2346
156.357
85.4761
113.409
297.323
298.626
299.293
156.199
299.178
299.342
54.9935
292.943
298.496
295.331
143.234
179.211
298.361
93.4781
292.338
297.548
299.385
128.687
296.659
63.7889
91.4069
287.366
95.6599
85.3844
111.674
296.481
295.953
86.8731
128.404
285.748
114.109
298.941
126.676
298.683
296.134
297.423
299.377
296.307
293.13
298.589
295.821
285.732
299.107
299.05
294.993
120.773
159.332
76.1109
297.07
86.5939
130.395
299.211
296.804
97.9723
289.028
114.362
299.417
97.882
131.47
298.173
127.923
298.446
299.942
103.268
298.993
293.613
86.835
59.6723
78.1107
299.943
274.219
123.917
111.024
88.9157
76.2905
162.249
73.2599
146.645
287.812
96.3896
297.954
293.403
299.967
160.586
299.157
111.803
140.513
295.594
293.193
130.376
146.041
295.212
84.8732
111.114
293.375
274.948
272.734
145.602
138.829
282.149
97.0155
94.0265
53.9057
292.609
84.7156
293.837
294.56
59.5497
63.0152
283.167
296.01
108.387
88.5075
98.3996
293.587
297.742
294.728
54.1667
146.41
106.499
282.349
89.8097
121.946
91.5912
139.352
111.772
101.071
85.275
99.8045
88.5825
294.101
85.4196
287.437
126.97
266.326
297.685
102.238
95.9334
85.6582
116.582
299.6
288.126
92.3585
96.6238
196.13
292.449
92.0214
259.753
293.571
91.4221
85.8972
133.706
137.12
68.6878
297.729
292.102
293.932
114.524
103.456
286.336
109.984
87.4799
101.428
286.135
289.449
295.745
298.788
73.9365
116.788
116.49
89.4247
95.8857
83.8133
71.526
155.543
125.25
101.008
288.162
126.919
60.199
116.603
73.6583
271.126
293.035
57.081
130.347
290.707
195.542
296.67
134.349
94.3091
140.281
299.934
155.662
65.3367
147.794
103.898
82.4702
82.219
297.205
155.069
273.919
137.451
251.078
111.259
110.023
289.162
124.062
93.3586
297.912
299.618
299.93
261.611
169.521
73.8761
153.603
72.6932
140.685
143.311
91.4278
71.3704
122.527
299.83
86.2242
116.802
91.58
295.31
129.888
114.916
109.075
92.4911
117.785
299.925
132.386
139.475
67.0928
83.0009
286.888
299.924
64.1717
299.876
299.73
288.117
106.257
288.284
299.865
285.775
217.16
292.585
284.939
107.112
155.994
88.7893
120.378
117.106
118.921
298.885
299.916
267.456
71.7231
69.7667
291.083
173.767
269.043
150.828
93.5872
157.755
95.1188
106.137
93.0819
130.188
153.447
105.623
72.4112
129.394
110.587
126.616
150.508
57.8025
293.169
113.883
96.9742
299.403
103.355
288.849
204.386
143.037
56.9668
299.944
291.452
140.115
293.557
72.401
288.427
299.857
299.789
90.0506
299.822
56.0617
293.573
299.795
116.609
84.6795
71.6418
90.9135
127.787
280.763
110.493
290.958
71.7091
101.385
285.682
99.7328
118.954
121.31
299.775
84.8414
297.095
288.558
293.355
282.838
81.8264
293.74
298.42
78.1206
84.9161
295.8
245.333
286.294
74.4799
133.231
298.133
98.2814
83.4297
60.8928
293.085
106.64
73.4553
299.922
134.599
68.2571
93.1125
128.228
259.801
299.324
114.781
136.677
299.813
299.444
102.309
119.203
121.147
299.362
72.9723
88.6114
51.2505
138.121
155.496
113.391
127.042
109.254
299.933
57.7707
255.453
299.142
298.639
289.922
295.544
292.042
84.2174
299.047
297.691
299.402
60.7829
288.229
135.677
299.185
278.828
124.909
298.61
299.008
290.672
290.732
299.017
295.949
76.3732
296.674
94.8941
298.733
245.61
293.293
299.44
58.0245
298.665
109.586
288.898
200.802
206.122
119.563
87.1989
299.135
299.027
297.524
126.92
298.721
289.499
299.036
294.949
290.945
135.839
148.691
281.104
297.023
88.8233
296.947
97.3589
108.788
69.9929
297.562
292.349
97.3976
130.379
95.2953
136.394
299.434
293.852
289.342
292.321
289.775
299.806
65.5772
298.628
90.4409
86.4969
288.592
293.785
107.106
290.731
95.8501
266.577
61.1924
127.18
297.4
108.897
104.066
102.079
276.094
120.798
114.837
80.4029
84.4657
297.044
293.601
289.58
161.655
289.044
285.425
156.328
286.019
299.803
295.919
85.891
299.944
296.59
296.067
284.962
299.599
129.055
296.244
154.422
296.415
188.079
299.391
296.726
132.653
295.127
60.7787
85.9173
110.244
156.191
107.913
293.559
149.789
294
68.3687
298.114
60.8606
116.706
125.187
299.965
291.313
72.1732
299.005
88.9016
299.809
125.325
122.458
293.74
292.789
85.2809
289.128
299.988
97.0319
94.0063
298.719
251.868
299.023
149.855
126.78
88.3842
159.462
73.3496
263.629
91.8337
102.501
116.906
278.23
126.173
298.473
78.0061
69.884
241.032
298.228
266.366
299.443
298.98
124.921
148.237
299.637
297.491
100.12
216.705
89.115
294.86
140.545
299.716
282.068
293.56
287.083
126.289
293.853
124.118
84.9546
299.224
285.294
127.272
299.12
85.2782
107.505
139.341
97.837
128.439
143.562
245.107
299.863
97.8542
114.351
58.2328
299.812
111.033
141.287
60.3254
276.492
212.861
280.814
67.3105
117.695
94.0021
142.876
82.1631
296.891
296.955
274.986
122.747
88.9895
264.967
93.4701
78.3683
135.557
93.0197
112.256
108.422
285.312
62.8565
293.829
98.4447
297.144
159.744
297.226
116.777
297.175
282.831
93.5084
296.262
107.562
59.8575
299.772
121.172
295.79
139.503
64.496
87.992
112.194
157.195
138.809
285.046
298.318
295.717
294.798
299.892
295.393
141.89
105.742
129.739
84.4741
117.065
156.364
84.9554
120.087
298.626
106.679
294.707
120.196
299.074
108.477
126.034
185.788
120.749
133.199
158.729
299.176
299.538
108.564
88.3887
298.353
133.888
297.763
299.802
164.636
299.687
86.218
295.496
297.995
161.267
299.73
68.6265
299.705
295.423
72.3188
299.755
93.2719
115.345
299.454
95.7454
166.706
295.341
290.537
288.119
119.02
97
124.732
117.905
85.4815
92.1993
96.9351
78.3434
299.245
294.755
141.996
97.3307
292.653
108.054
92.8709
92.5771
298.953
117.504
84.9646
85.8086
295.172
105.585
64.1413
290.191
72.9645
132.656
68.6139
294.259
153.186
107.552
294.355
165.293
89.9161
112.867
299.73
286.506
136.261
142.049
299.573
100.236
128.151
157.062
298.97
153.003
79.2219
290.888
67.7899
62.4532
127.414
94.4105
62.0253
126.488
89.9726
287.442
294.388
158.903
150.279
87.4782
298.232
105.415
293.213
149.831
92.3895
293.037
298.49
70.3294
297.491
299.912
148.221
91.6272
297.964
147.669
101.216
291.677
274.869
295.468
105.898
285.254
92.5951
281.764
297.93
283.435
76.2716
280.898
299.804
124.114
87.3255
291.531
131.455
299.044
153.312
107.424
85.6967
133.487
89.6276
92.0625
200.178
73.1734
293.044
156.422
120.442
203.032
133.715
70.5723
71.2717
98.2416
298.917
83.298
69.0657
299.749
299.559
299.541
86.9334
175.716
57.1215
116.326
177.059
284.357
87.1086
124.702
156.604
74.1292
299.961
292.766
299.179
94.4974
56.1033
73.9374
174.606
297.732
90.1228
293.32
285.901
296.086
127.309
150.289
132.041
53.8753
111.354
298.333
131.642
144.358
108.454
85.8808
88.1469
129.963
99.7473
53.6736
111.674
128.258
172.703
99.6497
82.3878
88.2363
105.945
267.582
101.576
90.7726
90.1286
116.064
103.974
295.2
151.953
262.832
299.993
132.77
75.8933
140.287
94.177
262.224
113.994
158.558
132.529
155.191
86.6853
299.817
259.28
113.012
119.932
288.698
79.3411
141.075
112.14
97.6069
126.139
94.1659
266.845
128.069
292.829
115.015
113.538
89.4007
208.408
122.829
112.214
133.614
129.36
106.764
119.388
69.5876
85.9745
116.02
158.367
145.584
138.753
93.0595
278.497
104.11
132.184
142.886
292.313
111.702
299.63
71.5386
94.8253
288.656
292.296
94.5457
137.71
69.1101
105.801
281.22
132.766
105.571
69.0506
291.808
80.9442
172.076
276.218
97.246
141.443
283.57
87.8684
292.251
59.147
291.719
295.927
146.245
291.551
89.8632
111.859
130.185
93.0032
107.867
147.696
97.566
117.707
117.812
69.4435
85.9805
105.376
119.138
299.43
86.8046
112.1
55.6526
272.188
100.543
84.9144
291.411
82.1546
94.9203
290.332
290.22
110.663
287.918
87.4637
130.297
258.286
96.4072
199.494
292.374
67.8948
147.762
103.204
117.719
86.3314
125.282
287.392
55.1646
138.007
62.2283
95.6505
62.658
105.299
136.136
117.279
95.5026
93.4429
54.9668
87.1106
92.648
299.807
120.654
274.05
298.786
299.674
160.536
115.811
60.7145
299.879
128.022
137.347
89.6705
140.94
78.1292
86.2164
282.256
100.261
289.151
269.975
81.7423
203.166
96.9951
283.885
105.557
88.142
115.1
101.131
299.937
117.808
96.2723
116.405
53.9127
75.2585
163.104
288.372
104.583
289.273
101.638
108.208
95.3817
291.214
298.941
94.5004
291.438
100.935
86.0284
285.79
99.1549
63.0057
106.264
299.86
95.7624
84.7796
144.178
124.79
89.8904
83.9969
297.61
90.4016
295.246
74.0099
299.871
153.834
140.743
86.8433
181.591
298.74
297.514
102.569
102.989
57.768
299.697
299.885
73.1506
292.705
154.02
135.602
118.99
77.9219
86.1124
137.762
124.831
85.4127
298.716
299.819
102.839
109.197
295.567
95.2164
92.0898
104.866
85.4197
66.1643
148.955
133.654
85.383
62.7562
83.1151
286.839
53.0433
272.137
152.358
76.3717
103.336
86.0819
93.0565
72.7086
299.006
91.6218
103.78
110.272
297.284
80.3582
107.581
287.543
140.924
89.9405
299.816
85.5333
297.368
117.166
167.727
288.963
61.3885
282.126
71.9955
104.617
294.873
299.402
154.775
88.1684
70.6899
147.803
100.143
95.0084
135.379
117.027
61.4769
296.211
147.259
297.058
177.29
112.792
67.1672
155.484
264.102
67.2088
93.1092
141.079
299.808
125.244
297.572
298.22
258.598
155.76
124.376
296.967
71.9603
159.78
295.295
138.395
300.027
82.662
88.4492
297.031
60.8542
281.159
88.4336
75.0975
115.287
88.3683
297.029
121.068
114.245
112.384
67.1456
111.379
62.0509
268.927
204.121
266.999
298.381
125.962
253.032
300.021
111.47
285.957
104.67
143.189
298.667
119.143
105.736
86.8638
151.895
295.292
282.171
173.333
122.066
123.395
108.565
82.4299
297.786
133.595
120.218
149.349
299.181
118.454
104.893
90.337
109.895
270.465
108.231
71.2448
97.3846
92.826
282.304
141.462
165.701
114.787
86.8375
132.848
299.591
134.98
294.967
128.123
125.994
119.493
299.546
67.2016
106.646
67.8291
285.478
159.59
281.531
64.9056
295.348
96.0028
138.237
263.121
60.5454
141.747
129.31
128.456
75.331
155.988
94.1849
294.178
129.069
294.145
299.621
142.015
123.987
155.893
103.614
273.401
87.9003
105.985
103.814
107.521
115.001
128.081
97.6927
299.703
95.0806
238.298
299.719
262.863
130.884
86.3938
150.681
286.458
125.188
116.976
86.4814
127.22
103.64
86.4365
111.172
201.734
96.0054
87.4351
139.837
63.6274
89.8937
93.0252
155.34
91.4938
61.6516
77.6916
144.492
299.952
119.522
234.373
277.167
113.331
162.04
124.776
128.879
285.719
78.1495
288.444
102.342
107.114
85.334
126.86
90.0773
84.9288
96.6689
114.615
88.2378
105.211
103.309
288.357
256.895
174.426
64.3506
110.297
287.733
299.746
132.302
101.078
68.7577
87.5817
106.825
122.607
85.6609
99.8696
288.682
60.5075
79.6641
291.124
89.3182
84.3929
140.308
114.231
102.896
104.638
299.553
299.993
87.6169
102.17
153.232
202.183
147.626
298.005
286.97
112.979
123.448
94.8416
149.046
264.512
100.624
289.849
288.53
107.519
95.8347
101.7
101.105
299.196
109.166
292.097
86.1652
117.537
253.279
86.0796
150.839
118.179
77.9063
109.15
292.573
99.042
92.878
130.804
133.396
83.9835
83.4065
85.8766
142.734
94.3515
61.1053
104.218
70.1116
287.299
59.7039
282.35
71.5271
244.899
290.111
137.261
106.066
93.2116
85.9823
104.053
298.025
97.5899
101.092
289.003
91.6051
133.806
139.811
97.9497
125.525
101.179
150.023
154.842
294.194
106.851
298.405
282.168
125.955
98.428
138.16
288.12
93.9959
82.5108
119.926
103.036
110.091
100.004
298.632
299.405
109.052
71.8807
119.885
142.863
102.954
268.182
101.559
102.759
73.4404
69.2292
298.969
145.911
165.725
88.5771
100.388
229.949
281.987
61.3747
152.257
126.616
93.6784
63.1663
144.075
151.48
86.903
92.2217
179.625
68.901
86.8668
113.197
283.436
104.465
290.327
102.408
105.309
135.871
291.541
162.299
297.582
135.25
67.767
86.771
83.1486
123.352
87.3669
146.814
141.999
139.664
86.214
96.1412
134.122
132.155
105.906
299.127
106.364
287.597
126.396
140.209
269.094
93.62
93.572
290.702
98.2451
142.915
93.4446
275.834
118.714
153.06
141.451
94.7521
152.467
299.765
104.927
126.275
125.921
299.681
109.266
292.666
84.7079
136.905
107.968
107.451
152.491
299.661
299.712
108.427
91.5991
295.606
141.313
99.1275
299.821
84.6411
127.732
84.9341
90.1463
142.948
289.838
299.687
86.24
75.0036
145.188
93.8854
151.859
286.089
103.356
105.112
106.21
111.503
299.963
110.091
73.6833
139.798
96.9194
97.2809
73.8944
124.699
138.95
86.8773
61.8655
299.642
257.127
98.3568
91.1376
290.073
150.574
105.743
149.994
153.551
93.7263
88.1184
105.643
155.129
56.2939
105.415
99.8338
100.045
179.4
103.581
296.679
111.131
139.096
291.494
108.17
110.426
102.427
85.7313
125.023
145.244
91.2774
297.394
119.772
142.207
68.5739
288.943
75.1956
101.941
113.885
147.987
285.881
299.089
131.404
132.5
60.3045
99.0979
298.973
297.97
154.847
112.743
124.114
149.377
111.374
84.7292
184.996
140.991
285.057
295.312
99.6867
73.4525
133.446
86.2522
150.795
148.449
120.771
147.842
143.162
101.663
85.767
98.8364
86.7587
273.237
142.975
278.132
115.53
289.995
282.32
86.9509
100.565
290.871
102.694
109.956
159.471
97.5778
148.855
111.57
104.22
116.445
100.765
106.081
92.9853
299.944
108.033
130.99
87.5051
100.553
117.524
102.195
225.838
138.405
97.5106
144.604
293.219
237.413
116.161
287.635
299.964
77.8879
94.9358
156.453
86.3078
91.0339
129.236
86.8585
164.255
103.144
86.2225
117.326
155.934
102.445
88.8463
147.313
71.7373
134.476
292.531
156.771
276.195
98.2742
283.61
58.948
88.9964
286.552
88.2581
63.3043
77.2246
289.338
124.209
103.175
136.565
207.823
293.876
81.4548
92.3752
297.966
299.935
90.227
84.8883
86.2966
60.8861
141.823
93.5528
109.849
73.5414
299.881
60.0879
94.592
286.863
86.5163
90.34
87.4326
96.6182
122.944
97.2748
87.8709
86.4474
298.879
120.891
299.268
123.382
126.512
130.36
104.67
86.7154
67.3937
76.8272
141.284
87.341
157.52
288.868
153.666
146.241
94.4123
299.958
273.272
283.821
107.598
88.7756
156.915
119.847
299.622
299.826
102.464
115.329
73.5191
73.2089
90.3523
139.104
101.186
154.646
101.597
93.4263
81.1389
90.1899
67.4844
85.0974
299.946
105.545
85.2019
292.197
273.897
108.468
93.8042
85.2789
228.609
86.8185
103.131
297.478
299.943
299.951
124.537
68.7412
299.942
87.5537
299.942
90.2266
95.1689
140.986
99.6019
93.3212
107.446
164.884
68.2598
107.817
82.9511
97.6827
286.518
287.912
274.019
300.043
85.4385
227.35
299.694
282.524
80.9259
93.252
138.443
85.0731
137.948
298.784
93.216
93.7609
107.686
290.941
90.9749
93.3111
106.93
89.584
274.493
286.287
299.494
92.7004
85.5191
84.9697
94.1569
290.979
152.9
90.9145
131.336
124.666
65.2915
75.6314
94.684
88.0003
137.055
117.357
72.3903
59.316
87.8534
91.2599
80.0997
88.6399
97.3284
111.221
197.88
274.975
99.3329
125.349
114.094
145.434
288.747
299.927
126.342
293.229
299.882
107.524
276.068
104.926
136.99
91.6503
94.8404
147.631
71.9824
300.068
85.5083
290.969
295.961
290.661
95.7856
139.214
105.36
98.3622
129.292
116.579
260.481
103.955
281.572
281.438
162
149.532
120.592
108.601
87.576
299.829
136.92
117.099
105.656
101.41
99.2909
137.299
115.029
117.009
115.75
160.899
88.1826
84.594
125.102
159.945
105.128
115.293
299.873
93.0633
208.323
299.877
149.485
107.769
137.78
94.5861
105
85.6778
126.364
98.8167
63.6767
98.4081
154.713
122.162
85.8162
87.4893
137.052
94.5906
139.613
83.0938
81.0441
299.953
94.902
87.2421
113.248
299.669
160.485
104.176
168.554
126.459
97.4023
136.481
299.881
110.264
59.1807
106.018
298.553
299.164
281.217
107.118
297.607
299.005
296.119
55.2096
98.372
289.397
146.502
70.178
154.053
90.1533
68.986
93.9415
300.027
136.293
90.8403
60.9838
112.89
208.823
99.2787
111.912
176.56
91.884
119.636
133.718
94.5292
152.208
73.7247
75.2475
97.2394
102.728
70.5959
269.865
96.3776
286.671
294.006
299.152
89.0179
288.249
135.314
273.864
86.9192
281.92
92.3863
285.369
94.0909
146.176
127.333
121.333
103.2
299.95
283.196
290.438
298.677
277.413
93.3012
109.102
87.1934
297.788
147.591
153.528
97.7631
95.8204
137.996
118.176
91.109
74.5674
91.9594
293.534
91.999
144.045
101.03
99.7838
153.344
296.855
78.2379
115.475
296.413
134.649
296.773
143.588
149.872
300.032
102.11
171.131
139.745
151.446
100.645
295.908
78.9673
284.602
83.0435
297.443
133.439
87.5246
75.105
88.411
294.937
230.337
106.851
135.002
289.374
297.254
145.939
297.759
288.461
297.004
105.886
293.724
87.4963
86.0492
110.471
81.731
137.224
107.016
120.004
124.966
296.054
114.135
295.1
291.178
295.547
243.233
287.352
91.2667
250.207
296.792
81.8891
84.0722
94.4501
89.4858
88.5385
130.551
105.491
108.361
162.082
137.379
69.3249
119.777
105.266
139.354
55.4239
83.5804
294.505
84.0607
155.487
127.406
85.9905
116.708
100.498
139.985
156.992
255.751
291.693
87.2041
85.4461
103.576
295.692
295.004
72.6941
103.157
148.599
299.422
136.935
294.04
95.4208
299.821
124.856
96.0388
92.7488
90.9754
91.9469
299.781
84.5148
153.354
102.679
107.375
86.3106
108.946
298.572
97.4803
108.979
130.612
128.156
174.166
111.112
148.572
53.8291
107.04
104.904
86.2432
106.211
86.492
89.8914
95.5977
97.3594
129.38
300
299.983
88.4494
290.4
278.341
207.63
299.823
173.459
100.724
293.756
84.4376
118.252
88.4741
105.121
137.172
90.2871
154.008
293.7
293.721
202.233
80.6125
89.0225
89.5711
99.884
71.7523
147.337
104.098
128.203
299.048
83.4802
299.783
99.1538
105.024
222.029
126.583
88.129
296.996
109.452
132.188
287.429
145.447
84.8838
297.548
62.2705
103.108
158.445
116.401
118.655
110.279
300
294.836
299.831
103.093
111.637
77.7469
93.5117
124.274
97.4933
85.9025
274.228
110.388
293.625
105.754
133.343
90.1343
68.5158
299.995
88.7243
299.995
293.496
137.131
187.9
130.577
93.0308
114.506
295.097
298.771
107.859
84.6623
299.274
108.548
83.1032
298.209
87.8931
299.225
290.243
295.653
295.123
298.71
95.4766
141.919
297.473
142.446
82.3741
81.7892
99.8999
83.9146
299.71
124.496
299.575
296.661
99.834
285.726
152.321
289.077
295.154
136.413
141.905
138.192
71.6969
299.034
254.049
99.135
109.313
266.061
279.991
133.375
299.769
52.9656
133.686
285.946
299.477
93.3404
82.2599
135.725
292.954
143.632
88.0773
298.741
126.18
84.7537
101.112
182.747
299.859
136.396
281.255
97.4861
134.796
93.9781
298.176
299.253
99.721
89.249
299.873
85.9112
89.3359
135.51
295.373
102.209
94.5783
294.889
293.235
123.276
110.932
165.273
58.5013
299.662
296.219
295.261
104.753
167.13
297.112
299.051
84.9084
151.634
287.811
285.344
292.025
113.657
280.492
295.682
288.313
125.286
298.695
96.5345
122.472
176.564
151.104
297.595
69.2748
298.309
124.965
90.8233
92.8239
93.0701
103.152
299.897
147.234
126.311
130.699
154.075
298.757
87.5759
94.7108
144.519
137.361
299.684
133.783
115.338
277.029
297.026
297.066
93.5462
89.9193
131.668
297.109
276.523
148.815
295.229
87.0121
299.841
127.516
63.893
101.46
298.526
101.399
121.758
92.6595
298.992
270.952
299.756
83.2923
84.1078
298.534
92.2781
54.3602
116.203
294.302
160.619
272.296
83.0339
291.959
107.183
287.069
76.9378
184.517
106.871
135.524
115.468
257.318
86.1295
139.316
299.701
101.197
141.161
85.811
62.4797
299.746
287.286
65.488
88.6297
54.5676
299.286
299.371
299.503
298.621
297.162
299.119
296.918
298.759
298.28
299.631
298.451
299.569
299.681
90.911
138.34
298.267
84.7331
65.9835
83.2442
76.039
298.092
92.0537
90.5029
299.371
299.721
296.903
141.662
299.769
297.654
297.416
181.984
98.2649
299.809
148.519
298.354
55.3424
116.947
299.748
297.141
296.193
299.931
124.789
107.81
296.558
103.955
299.387
60.1799
285.047
130.015
69.0963
163.866
136.472
102.763
88.3762
135.389
299.075
298.65
99.7461
73.4051
296.032
289.896
137.302
86.6643
91.5257
116.054
120.956
160.874
148.106
130.504
91.7034
117.151
114.941
136.637
129.193
99.0999
293.785
150.743
85.7331
94.1287
101.983
146.206
292.237
115.919
273.191
93.3418
176.476
125.901
125.463
299.746
111.926
128.537
298.925
135.445
94.6614
175.536
121.789
129.367
84.9341
299.568
95.9238
118.834
94.7449
287.231
269.356
93.8486
295.311
91.707
86.9283
98.154
129.428
292.685
274.446
95.6403
284.349
142.207
54.8752
104.487
291.36
299.955
217.352
84.4711
161.31
85.3363
58.4933
130.21
113.998
299.981
280.436
92.8267
127.52
135.837
74.3923
116.722
90.4073
118.197
293.485
132.301
95.1391
297.912
148.088
70.0554
104.396
299.596
85.6601
299.224
173.53
92.6798
121.678
299.226
128.477
90.2847
284.609
299.956
89.5791
290.593
133.937
148.777
106.604
193.656
116.249
272.746
92.2863
295.485
95.3178
286.549
101.364
98.3344
270.837
104.778
148.398
116.768
291.371
294.081
87.6992
58.9781
79.3276
90.2833
126.336
141.187
91.0777
255.226
93.5975
154.469
74.7116
88.8697
92.8124
93.966
299.805
118.209
96.5997
299.971
75.6698
93.5775
87.8616
171.453
55.4654
299.787
88.5851
106.512
60.1571
92.7744
291.666
97.0694
130.431
292.513
90.6993
55.2548
286.982
86.0511
299.987
292.919
87.3599
119.792
299.842
75.5499
125.746
136.205
91.9238
130.421
88.5389
114.594
73.1157
287.059
93.3204
298.459
277.526
72.3093
141.773
60.5715
176.361
83.9943
114.531
109.274
299.897
87.302
241.732
98.9744
293.023
93.04
292.425
89.5917
129.434
135.748
76.9951
89.343
275.555
98.4844
299.945
93.9029
283.927
87.1728
293.156
87.8703
124.812
93.709
294.194
113.696
121.594
179.242
94.8244
93.4725
73.316
289.151
89.4668
100.719
122.981
299.743
97.1254
291.717
83.8898
78.0309
299.802
107.005
103.182
114.08
87.581
101.842
299.85
299.884
88.9938
292.535
299.768
74.4756
243.537
91.5667
90.739
155.299
148.931
79.2544
95.6073
75.0936
146.553
130.084
298.086
145.06
281.287
132.678
105.15
88.8374
124.148
106.52
118.752
122.153
88.8181
67.8003
91.3296
125.745
105.041
125.707
96.3802
99.7802
295.332
88.257
118.982
145.695
67.3216
91.2614
136.153
133.882
113.28
91.668
75.0301
97.5012
134.658
271.868
110.866
88.3556
102.083
83.6865
84.9197
141.186
135.546
296.251
141.522
129.113
289.81
291.733
87.2474
297.986
102.409
101.387
147.251
54.4562
88.4551
102.395
73.5296
149.187
101.706
135.399
170.411
84.2015
275.708
82.5806
118.454
122.048
291.74
133.471
275.417
74.415
294.359
286.479
166.931
82.8007
94.9545
299.464
149.034
295.88
99.2988
85.1473
128.982
85.57
73.8423
97.2361
84.8674
284.732
86.9738
275.767
107.994
231.324
299.886
124.384
176.038
299.646
116.533
112.58
93.7605
93.4036
87.7599
118.284
142.025
55.9381
67.6598
96.5345
138.047
132.339
133.433
118.195
104.423
296.931
91.6481
78.6647
299.776
102.601
269.379
99.5582
56.6109
79.535
95.4763
95.6765
138.896
128.67
85.9282
144.794
85.2076
87.0302
149.302
124.847
93.521
291.454
89.6183
299.161
124.871
169.387
84.5138
90.6303
90.0601
122.559
135.604
173.521
127.32
90.2819
111.545
117.34
88.7887
102.98
102.037
137.24
126.161
89.5488
153.517
295.201
298.688
66.7447
290.589
67.7457
140.269
123.489
118.845
87.0243
141.469
58.1331
100.358
292.59
74.0543
293.987
88.7989
116.968
111.364
85.6236
101.146
76.6964
109.382
299.873
96.4551
98.9751
57.9896
123.487
91.4064
90.1974
108.018
299.83
139.317
91.2779
298.647
148.455
98.124
91.4669
89.5304
274.291
144.81
98.2302
275.217
281.833
101.767
91.3038
135.683
125.826
124.35
82.7479
75.1835
292.042
101.731
97.7298
109.276
93.2586
89.4059
87.3865
148.619
115.226
292.987
96.9158
299.699
94.8959
75.5052
68.279
132.836
106.043
89.2524
113.573
145.254
89.1926
267.572
103.688
98.5718
293.234
133.923
288.554
85.055
113.87
146.761
274.432
116.902
117.158
72.5151
101.713
299.651
124.95
118.148
127.46
103.617
135.423
132.2
299.616
98.2425
104.12
94.6917
148.378
102.932
141.151
79.5454
297.735
117.016
94.8169
84.6751
146.94
296.038
278.659
84.9552
133.328
140.252
95.5176
86.4347
265.525
112.687
146.507
68.8281
85.1586
286.227
91.0795
86.774
296.773
281.099
290.703
163.597
299.965
132.064
86.1263
295.848
94.579
120.592
91.305
123.453
151.884
85.9028
109.171
84.2032
119.448
76.2231
140.555
159.028
295.078
85.8611
58.0362
291.896
122.443
98.8529
299.42
95.7517
299.989
165.701
99.5637
294.104
90.7907
274.765
114.31
91.3491
112.885
60.5963
91.2726
94.6634
87.4594
79.4703
146.372
118.731
87.2328
88.2816
167.245
122.45
127.402
84.8044
55.5649
119.929
66.7276
299.96
124.009
107.087
84.0791
111.574
116.454
109.384
133.717
95.1924
53.9453
93.0339
90.052
109.247
85.0593
221.091
118.296
136.208
86.1301
110.142
73.2667
94.7673
147.434
96.6143
141.741
82.8747
85.139
294.351
111.458
83.8634
299.756
106.638
299.034
99.9084
276.448
123.337
106.042
166.861
93.8146
105.831
90.9072
99.1144
279.655
74.2523
176.14
87.7321
81.9013
113.028
264.74
114.008
93.475
108.364
86.8881
299.657
86.8488
295.524
119.381
85.4214
158.215
131.706
88.3958
272.718
85.134
146.019
89.9705
100.407
145.618
97.662
78.0319
298.754
105.583
299.388
55.4872
111.344
88.843
135.654
295.574
299.191
289.245
160.46
76.2421
123.747
82.7893
73.5867
74.6847
109.996
122.329
129.34
59.6457
299.582
297.84
92.8792
78.3397
114.701
114.13
83.3569
84.7282
140.062
85.4521
286.836
131.452
103.295
121.534
110.116
117.524
110.79
293.554
91.3288
288.441
96.0663
299.468
87.5539
84.45
274.059
150.542
123.515
100.379
269.642
287.933
135.586
128.579
91.9945
91.1624
79.8309
298.66
120.679
85.1158
78.6273
170.56
137.335
294.152
104.145
283.365
166.076
89.5902
153.284
298.17
299.266
136.658
111.332
85.9336
117.166
101.306
108.046
104.515
115.323
141.551
84.3442
135.046
107.186
129.759
76.2018
109.459
113.644
299.586
140.757
97.7759
72.4626
132.15
67.8494
90.8131
90.6886
127.181
92.4608
81.7017
105.383
152.248
299.069
82.8941
283.121
287.129
220.809
297.245
89.9078
297.583
299.824
105.345
121.617
92.4593
297.401
297.361
130.784
91.7659
287.118
123.238
145.931
132.755
298.781
108.331
82.3436
116.174
110.664
88.9728
70.0329
275.114
164.476
87.4401
119.734
78.7714
79.8822
101.821
58.6596
101.816
142.903
80.5333
141.325
298.515
54.2565
123.931
73.7027
299.988
94.5366
114.751
94.8927
105.86
117.94
106.678
111.278
89.7141
78.9058
103.319
287.595
293.565
95.4802
137.502
139.203
101.41
115.751
298.173
89.6039
139.874
107.082
95.0222
87.773
140.957
105.019
92.9314
73.665
94.8426
85.7733
97.3522
88.8517
82.191
131.81
100.447
143.198
86.7299
85.6711
85.6575
99.9059
297.664
106.706
94.2711
133.68
110.586
139.521
109.763
143.608
136.007
110.263
106.44
290.325
75.715
98.9639
297.169
83.4406
140.817
84.2046
145.264
99.1755
93.6114
116.31
90.4747
55.4414
114.043
136.441
87.3546
147.33
288.038
196.663
109.992
56.2388
175.509
98.6672
87.4714
139.558
73.0175
90.4906
86.3835
297.654
146.308
88.4601
78.2228
64.9595
88.2112
79.0835
295.626
281.7
300.045
118.18
278.589
88.3705
167.724
123.77
88.5507
89.4559
115.369
132.794
84.9192
116.213
98.9345
298.532
116.595
80.1462
97.3194
137.76
275.488
110.241
292.49
90.1813
85.3567
280.442
289.903
73.6677
102.826
299.816
115.065
294.6
116.551
110.338
299.931
97.3665
131.489
99.6926
112.801
90.2609
300.062
275.932
263.918
131.619
112.405
107.152
87.1616
110.766
295.608
130.341
287.648
92.3418
115.444
142.674
72.0863
137.402
56.8963
131.664
112.521
289.284
100.244
87.7653
140.219
99.5806
110.179
108.969
79.057
122.623
104.934
127.157
127.91
88.747
70.0288
113.893
164.076
128.814
85.7108
54.9193
57.5288
84.4721
106.566
137.878
129.874
102.843
84.5295
90.516
99.2104
132.682
294.535
74.6243
90.8947
106.398
79.3674
145.946
293.67
86.5281
162.667
162.336
68.5274
125.729
79.5577
107.696
139.088
121.443
113.59
105.427
79.4427
103.355
146.003
129.235
139.154
95.4672
138.402
74.7004
111.347
296.27
84.9117
94.9312
272.942
85.9492
187.57
88.8518
293.233
299.744
93.545
287.49
79.6021
283.123
300.014
101.169
95.074
288.683
100.363
122.732
295.193
89.4561
93.1383
93.3203
96.4761
83.423
83.0249
114.005
87.0192
100.158
140.248
112.585
110.823
106.774
265.193
115.018
84.365
102.612
128.177
292.102
102.316
100.398
75.9908
114.154
124.587
138.949
87.4722
130.832
64.8168
75.249
163.766
267.137
285.771
138.158
103.942
105.503
96.8153
84.3536
97.8911
121.284
124.843
73.2746
142.35
61.5824
55.1513
85.3853
299.57
81.9045
92.3789
287.969
80.2332
299.67
101.619
63.6218
265.326
289.385
91.0975
84.4433
114.811
100.154
278.932
106.062
107.082
121.081
92.3976
87.4849
85.4255
120.582
168.472
293.072
121.333
299.473
56.6388
76.5567
92.4617
71.1597
116.761
103.096
108.749
103.97
133.329
52.8992
85.4041
90.7218
159.943
90.2135
74.0591
68.0022
60.3803
89.3069
106.56
104.729
288.595
111.547
84.8794
92.4907
83.888
82.6658
89.2669
126.585
107.385
80.6029
265.176
102.146
52.319
288.981
143.916
53.7544
98.3628
80.1543
137.995
116.712
92.7437
123.446
90.7601
82.4454
273.565
133.105
92.2805
108.024
94.6184
52.6261
74.175
119.608
121.378
152.911
278.825
299.236
290.376
92.9761
116.781
112.454
92.1673
100.252
275.984
120.229
101.409
290.835
105.04
94.7884
284.461
281.568
299.602
124.323
87.0474
93.943
110.739
90.6511
99.0288
102.845
111.585
123.923
140.015
53.651
166.748
125.464
95.822
77.1872
143.035
85.6473
83.201
128.668
57.1265
100.762
77.1547
124.387
137.391
75.2467
121.966
89.3883
271.739
68.0035
90.7088
54.7819
86.7421
78.6451
76.4623
54.2518
125.828
81.9675
86.1789
96.7271
106.822
118.974
286.646
92.373
297.296
69.3185
81.3601
257.094
73.7053
96.3565
114.328
101.275
85.5386
98.0109
172.973
116.075
87.7611
292.32
87.4887
74.1156
105.978
289.342
147.731
86.8438
87.7939
107.714
93.8572
78.2478
59.038
295.52
94.8416
101.168
117.919
87.7565
74.1829
91.142
88.0236
73.69
118.328
81.6454
76.197
147.375
107.033
97.7728
90.1236
286.631
91.2029
113.525
70.8324
122.832
139.512
111.311
101.257
156.659
85.7656
86.0369
71.3527
98.9804
89.7607
96.2665
94.7439
93.8992
143.709
88.2464
87.5783
96.637
139.714
113.699
106.926
73.4431
144.037
99.5813
78.9745
134.247
57.5331
299.776
108.542
277.435
289.064
162.873
99.0791
298.474
118.989
275.33
140.259
108.153
97.8153
119.374
85.7868
91.0132
79.3894
92.2038
298.476
70.9983
75.0563
88.4668
84.5524
297.539
107.07
148.125
101.665
88.1254
125.91
289.477
105.201
164.93
92.1432
123.211
109.376
116.428
123.396
299.987
101.87
91.594
73.3162
112.773
288.87
135.677
85.234
55.2695
104.744
87.4508
118.135
101.499
90.5605
289.541
299.893
101.374
278.381
90.521
260.361
90.262
108.946
274.182
55.1385
298.269
280.161
99.4127
148.094
86.5009
115.78
110.54
112.593
113.959
94.7783
151.368
131.231
94.4699
91.3843
86.6444
139.855
78.8146
85.8373
91.3284
78.2935
256.796
93.3104
52.3539
100.729
106.638
90.8808
163.403
103.518
170.12
85.8993
93.8218
268.253
98.4612
114.291
116.145
145.328
110.835
138.269
99.6332
105.83
94.4535
137.162
163.623
111.816
146.673
132.831
100.201
72.1163
114.288
109.999
169.537
112.316
101.703
93.1879
260.417
124.17
89.9326
110.698
77.6941
137.622
142.266
100.306
132.055
130.955
83.1912
90.1344
163.985
107.809
92.3953
89.4447
93.5003
289.569
109.819
90.3196
148.552
67.7293
298.39
108.849
93.0759
243.377
109.022
107.039
136.884
90.9417
84.3365
159.717
92.8502
107.169
88.8135
129.497
85.9626
103.954
123.561
122.321
168.497
92.0742
113.068
112.503
86.1207
93.7681
117.311
90.3851
85.2417
92.0138
119.002
124.664
299.975
87.5835
133.105
92.0763
167.92
104.179
74.222
99.8917
90.2174
129.361
175.453
136.807
125.826
93.134
86.4337
118.581
86.8632
121.645
94.7238
276.297
115.194
128.064
104.913
58.0129
99.3553
282.717
107.927
92.0619
128.189
107.154
89.8023
68.5291
102.546
267.475
118.024
110.118
93.6111
94.8118
140.24
92.7635
129.007
94.2589
95.1211
94.8293
111.589
131.442
112.7
103.027
103.476
298.57
91.7739
87.7112
101.945
85.3076
90.3778
131.001
86.4418
84.8982
95.5857
102.959
81.6832
106.087
85.6832
77.0633
104.882
136.966
104.908
283.256
96.2989
86.3018
91.7541
89.9756
297.288
148.482
130.93
167.85
106.764
287.481
75.8108
122.527
298.837
104.593
88.7635
88.8202
106.076
129.066
115.338
111.402
56.897
51.9969
102.924
94.7912
101.393
91.3135
114.245
122.105
103.349
54.2205
102.599
90.5405
106.348
87.324
127.773
87.2828
125.558
286.76
82.3061
99.9712
88.1748
110.934
86.7097
286.918
108.39
96.7384
89.9745
96.3669
89.4005
119.156
98.8619
87.1781
116.249
280.73
115.754
109.485
104.27
66.7156
199.14
76.8672
118.665
67.9627
107.564
71.9637
87.2322
103.821
107.399
87.3915
106.444
111.974
134.633
59.0524
74.9907
107.42
298.107
114.561
270.452
110.22
73.6759
120.761
139.95
124.787
98.574
110.5
94.7051
92.4094
130.54
86.8767
86.789
127.903
91.5657
292.566
286.984
299.361
299.767
285.154
299.173
297.059
298.842
291.455
299.766
299.352
296.094
281.359
299.177
292.523
298.698
299.268
299.502
298.842
299.679
288.12
297.032
297.296
298.564
299.083
299.081
299.676
299.843
298.701
288.501
299.822
286.387
298.551
290.751
297.312
299.806
293.024
298.386
294.348
284.28
298.38
299.875
299.266
295.041
296.699
290.745
299.502
295.073
299.561
295.468
295.839
298.958
299.727
289.594
299.566
297.577
299.72
296.421
298.21
298.961
289.628
297.798
299.619
299.626
276.349
276.535
295.467
296.728
297.792
298.208
299.434
298.001
293.934
299.438
293.849
108.597
100.909
98.1881
118.937
131.997
130.386
88.1035
298.013
115.829
192.29
91.1979
86.8237
94.6771
86.3711
101.038
117.647
297.553
126.776
270.586
111.267
125.484
132.321
144.32
87.2304
107.299
87.1277
87.0043
132.548
91.8874
113.849
69.2997
157.298
87.3724
130.153
113.121
86.8208
122.163
104.897
299.379
122.45
298.559
86.4373
101.004
63.5697
87.1869
299.948
87.3542
133.667
92.2951
119.327
91.3609
86.2126
296.211
112.221
109.168
296.385
192.703
88.6765
107.01
108.216
86.3361
92.2162
94.3226
113.161
90.6398
54.8776
271.545
128.932
293.297
125.374
87.5951
87.5025
89.7524
109.807
91.565
116.393
58.497
100.204
121.579
91.4916
160.618
96.1626
91.4381
87.923
144.272
117.707
91.6007
95.0011
98.2911
96.2751
84.4753
104.643
137.672
292.157
86.1942
101.67
127.877
88.9818
96.4686
79.704
97.298
87.2011
95.5066
89.4003
87.0928
147.743
93.2803
87.804
93.9888
124.594
95.1866
94.1407
102.037
131.247
70.9139
206.522
130.184
95.7129
88.6485
86.0067
86.3675
107.995
91.703
102.415
90.26
119.167
130.638
130.993
102.127
95.9603
131.045
84.8608
85.8938
123.38
92.3485
91.2695
93.5999
84.9826
90.7467
87.5572
108.021
110.672
96.3876
86.4358
200.017
89.3178
104.101
92.2811
89.4599
139.027
105.506
101.442
87.5458
94.3628
89.65
90.374
132.294
85.0138
92.1243
87.1244
108.944
104.008
101.116
84.9691
282.238
132.101
119.727
89.9206
118.983
51.8511
87.0842
131.221
95.753
92.162
84.9349
87.3715
91.3702
119.907
103.818
277.702
282.419
143.938
294.325
102.396
102.144
113.834
90.1401
135.772
84.8806
90.8736
111.372
131.022
75.5928
104.753
97.4371
120.783
288.601
100.094
86.7471
296.028
93.0776
86.5075
193.311
95.8519
299.921
98.3307
92.1741
108.324
88.8302
86.0843
270.973
92.6926
84.8217
106.876
117.122
121.989
130.31
85.8954
112.039
85.1328
187.277
98.2839
117.107
87.5651
295.582
120.968
120.806
299.906
129.706
96.6053
141.625
143.471
102
86.5842
86.679
288.295
160.809
87.9765
84.0477
88.0571
111.885
74.6147
88.1862
96.5156
71.6889
85.9871
297.745
91.1433
87.05
125.886
94.5756
299.78
299.875
90.8964
98.9897
127.268
86.0587
118.579
85.731
83.2262
83.5335
91.5138
106.53
288.548
121.167
97.3423
185.31
95.4424
95.2683
91.2163
105.548
98.7347
112.829
54.1605
273.584
85.0154
110.331
107.776
86.6723
179.809
299.866
94.8969
68.6002
92.1513
140.068
90.3049
149.447
288.627
101.584
57.372
92.5046
195.763
125.624
98.3755
293.293
285.513
83.394
88.352
99.1582
127.103
261.875
87.2627
94.84
97.1775
294.548
87.172
71.8802
97.3597
282.629
90.0231
290.916
115.109
92.2129
94.8046
107.577
60.8439
68.6833
94.6962
84.8498
84.7199
108.027
88.0192
141.973
92.3062
116.664
114.027
93.9374
86.6264
83.9285
56.7963
93.1372
299.962
290.023
86.6546
195.3
105.412
103.603
105.195
94.6078
89.0188
91.7944
86.782
285.062
289.968
282.011
84.2574
86.3308
110.757
76.0157
89.513
183.952
96.543
245.598
87.7024
192.795
92.9833
296.067
54.047
114.709
86.4696
69.7294
91.4425
102.464
95.9354
141.357
123.257
91.2025
96.8271
87.265
269.401
86.725
115.122
79.7243
68.4879
88.8303
87.7151
51.9741
101.855
85.6452
88.625
94.6979
87.6931
90.6564
110.299
146.749
88.7598
81.9676
93.7246
75.1986
99.0443
105.009
84.2577
89.6932
292.995
88.9186
78.5624
76.7126
55.5291
86.5622
53.8819
149.703
88.4076
116.472
128.892
97.894
86.8018
109.438
103.263
93.9467
106.119
104.278
93.1509
51.8765
187.835
90.4162
94.7551
90.8835
293.109
85.8207
88.6965
131.176
101.811
103.269
84.3625
104.892
89.2246
288.747
86.8358
93.0401
54.4324
87.0614
109.323
103.918
106.991
101.195
90.1538
103.892
126.284
94.6426
95.342
292.034
109.821
94.142
100.292
91.927
92.9092
291.058
215.664
114.785
100.921
112.021
89.4319
88.3805
122.077
123.077
299.927
114.317
115.216
119.672
134.455
96.3262
120.964
85.9767
88.4685
144.198
110.448
93.909
96.5935
92.7541
125.981
116.257
106.152
188.901
113.493
92.697
57.0638
89.7148
93.4278
99.8868
274.496
130.184
68.4932
84.7541
116.52
100.259
293.705
87.6248
299.901
82.284
92.0383
92.359
122.715
86.833
136.03
103.436
94.2883
97.4388
117.84
128.301
105.655
108.153
126.692
91.0236
114.926
93.1027
84.8895
98.4684
116.077
91.1218
94.0735
159.289
84.8551
95.0545
86.0512
93.2555
98.7677
84.3356
98.0872
96.2532
131.648
88.6731
283.078
299.453
94.0589
95.6292
91.4127
98.547
120.83
83.9605
149.654
100.856
96.7336
93.1582
99.9255
100.499
116.932
128.532
106.805
59.1754
123.184
104.712
84.9637
101.863
105.59
293.815
61.6771
95.6935
273.142
299.631
84.1096
189.938
102.89
85.0089
85.4641
117.254
85.4491
78.9806
108.985
84.9865
97.0386
88.5028
113.825
299.941
161.203
101.37
86.403
86.742
84.9361
52.491
133.997
91.0109
103.148
119.106
92.7434
90.3492
85.9919
99.3318
139.86
94.0147
86.2796
90.1936
85.3156
81.6824
108.411
117.029
93.0374
84.8839
95.3972
71.9937
94.3105
85.7389
92.1318
118.777
86.6446
273.724
85.9428
113.837
101.997
112.699
85.2449
92.9706
114.42
116.437
90.5513
89.3129
138.706
152.937
149.843
86.332
116.898
86.0602
170.345
102.263
93.4598
90.6858
125.397
86.4521
299.964
111.221
103.268
85.1347
105.153
96.4632
88.0686
111.845
105.544
89.8079
282.332
123.582
75.3024
108.321
104.387
103.86
131.384
93.2922
102.264
108.99
91.0572
112.23
121.894
125.118
299.871
87.8933
98.2754
88.1204
269.681
107.908
85.9925
278.273
87.3057
96.0971
284.899
121.836
121.981
85.7045
100.414
126.109
91.1723
89.2122
66.7771
123.664
92.8513
127.808
119.997
101.355
97.028
146.809
94.3541
112.156
139.77
89.035
125.611
86.6456
85.7725
100.007
103.856
84.8244
99.483
93.3555
54.8785
76.3324
105.23
95.3167
98.5155
299.068
88.5011
88.7605
124.882
96.5606
121.643
58.0157
88.7317
110.368
299.966
59.9434
89.108
95.1768
123.746
86.3891
124.711
83.8665
96.1389
97.4314
289.029
74.0283
57.1812
54.9806
89.5839
88.609
96.8558
200.711
89.2911
96.3248
97.9845
93.5377
100.339
101.875
150.201
173.636
61.4581
98.8417
93.4597
135.144
290.665
120.811
87.9459
91.0215
90.4159
103.3
114.583
119.215
159.606
110.025
85.8403
124.184
86.5835
73.2523
99.9515
91.1297
108.078
103.849
103.84
111.386
86.1734
112.17
122.547
299.833
94.8345
93.8241
133.94
119.726
70.132
112.637
94.7935
200.141
92.2936
96.4944
89.0961
94.6745
92.0381
185.494
107.812
53.4964
106.512
69.2695
290.439
55.2312
85.8481
69.5253
129.07
94.0244
97.9651
93.6959
89.812
104.944
186.165
103.544
85.7964
118.73
120.403
141.01
84.8962
101.746
93.8416
84.369
74.0289
87.2911
90.6389
92.5241
109.376
95.2852
93.1055
82.2411
84.7707
93.8986
84.7317
161.933
291.35
88.8112
85.0176
88.1391
95.2388
95.8349
90.2691
299.977
85.4644
105.765
164.798
84.5741
106.368
288.182
98.2872
121.425
122.271
91.3214
87.5289
299.348
69.9574
90.2885
276.209
266.425
180.438
120.78
96.7311
171.361
125.891
52.855
103.537
93.1821
91.6691
83.128
263.101
97.8879
87.8217
115.807
90.7203
91.2411
94.3802
94.5159
86.7314
103.442
142.983
151.28
86.2202
132.785
101.377
105.811
84.148
95.6722
89.8851
93.034
89.6308
289.534
97.2795
123.469
87.3242
162.954
71.6444
91.753
92.8538
89.9769
130.183
95.5623
87.3379
112.807
119.178
55.0678
291.332
291.531
94.8611
100.069
94.547
113.837
290.352
94.3192
95.0288
86.7964
89.5918
109.906
131.335
84.0427
92.7079
91.9274
87.7169
91.0934
130.24
103.053
100.961
94.0937
88.0358
93.2609
88.6653
105.406
113.01
94.1775
292
190.378
73.518
70.399
96.7912
90.1433
88.4541
123.496
115.944
93.5878
109.76
87.3342
101.377
107.551
90.1887
108.151
89.5816
87.1913
93.9548
94.6322
119.724
292.402
96.7951
90.9231
125.006
87.1161
96.1666
90.1006
105.493
87.6172
92.2987
91.0822
70.1668
127.662
133.678
93.5639
125.962
106.198
295.921
96.5684
85.18
122.935
137.184
100.051
91.6128
93.2978
92.2938
121.462
96.7317
129.608
94.2719
92.572
88.4433
97.5963
114.795
106.964
108.512
57.312
103.496
114.322
63.6044
94.3216
78.1752
118.885
95.0821
87.5983
124.625
105.469
81.1923
293.235
130.966
98.3857
85.3976
92.9943
89.3355
120.528
299.979
84.0153
52.6751
299.004
92.7156
101.874
70.9681
79.8387
143.99
104.002
76.0721
93.457
86.0848
119.571
113.068
113.452
92.2271
106.89
98.3965
91.3944
118.962
121.892
78.5221
96.9095
299.796
295.997
193.54
94.5763
99.9618
280.1
91.8832
93.1079
98.3401
78.463
299.382
103.171
89.4361
69.564
134.62
93.8047
92.4946
88.6202
71.3699
134.667
288.019
117.128
71.145
87.1052
146.399
91.7364
125.823
99.5887
91.5431
88.6527
93.893
91.9551
89.8709
55.1497
91.2496
77.2253
155.679
94.562
110.131
89.2089
85.6057
91.2549
82.4951
85.8125
132.079
101.079
114.174
75.4563
110.9
95.9009
88.967
93.1089
89.2254
92.1081
111.715
88.7554
89.6857
67.5336
83.4957
87.9859
91.716
122.058
100.061
128.272
69.065
91.055
68.3777
134.102
117.568
91.3649
91.1135
97.0981
104.036
89.0706
155.621
85.6126
93.9596
159.553
87.0009
106.176
287.737
100.738
61.4554
115.951
88.4614
89.3337
121.875
181.37
109.567
88.3965
93.8501
102.672
79.9442
185.892
140.82
75.6298
89.3749
79.8062
129.575
194.666
110.797
96.2265
110.107
109.84
200.624
87.657
88.6116
70.4075
179.047
87.1688
103.047
103.253
102.218
96.5843
78.8621
102.17
102.397
86.0734
101.541
95.489
92.0246
102.695
87.0583
88.1795
92.3953
87.6738
89.4913
213.555
95.4733
103.585
93.3437
135.907
118.412
86.1976
57.5775
51.7707
87.4597
115.16
163.818
92.1314
92.7579
71.0216
92.6051
86.0087
90.6174
297.907
74.1792
188.337
157.053
53.011
87.5075
101.279
87.2845
113.43
91.1585
95.3295
68.1873
79.8821
85.3351
96.055
109.268
119.809
91.1232
104.698
114.377
86.3954
139.872
292.781
100.133
67.5741
242.924
76.5092
93.3174
68.0148
90.3211
294.66
112.489
126.634
91.2269
97.4407
112.036
91.6777
87.6308
54.9339
115.137
181.801
94.2923
122.56
105.049
55.4995
193.153
98.5344
92.6389
87.2884
125.442
134.373
95.8285
247.794
142.906
100.294
96.0993
76.7353
78.079
84.1468
298.689
87.7211
81.0811
299.04
97.0024
169.535
77.7568
299.784
78.563
261.796
93.4973
85.8151
92.6318
89.1327
251.337
260.948
89.8684
52.5342
87.9459
80.3478
93.5912
68.4279
67.6955
101.321
92.429
203.486
180.747
87.5707
97.7808
144.512
85.8061
113.894
73.2377
290.003
83.8726
103.081
88.278
94.4225
70.8971
299.32
78.5076
52.104
103.05
81.9634
78.9353
91.7216
76.3694
111.101
92.0949
293.82
73.2581
92.2407
126.737
86.8799
99.3005
90.5738
293.703
97.2401
109.94
277.017
285.806
91.3848
89.3118
264.306
108.806
100.723
140.357
146.461
258.656
71.8359
123.484
151.991
94.1348
93.785
164.445
121.115
105.965
116.42
82.4993
128.801
92.2093
126.46
291.119
80.2382
176.859
84.6901
152.416
86.2723
274.225
299.7
209.675
299.995
162.372
90.6969
137.929
100.698
103.513
90.423
107.545
127.437
177.262
80.9319
58.2325
173.754
124.823
102.462
75.3012
159.766
94.6291
138.402
93.5418
299.723
170.016
99.5133
96.7354
165.877
290.102
279.436
111.721
95.0408
297.234
135.315
92.8065
90.9172
111.639
98.0467
109.053
133.237
282.311
110.174
273.287
112.803
89.0492
184.386
102.013
88.0588
89.0329
98.2159
91.3406
77.4508
92.031
89.923
109.078
299.628
271.817
128.413
169.953
79.2378
115.742
85.9848
94.536
106.59
96.9806
52.9079
80.5042
89.4862
52.741
91.2944
92.8368
69.369
97.275
95.806
116.419
92
122.328
108.023
161.807
116.073
74.0701
128.19
138.444
292.07
297.47
161.386
169.071
85.5297
90.6642
90.9272
87.7881
93.4505
90.7708
88.8434
98.1357
137.065
129.437
100.194
92.8767
102.429
113.501
115.218
152.575
87.787
90.3965
126.568
92.0444
56.0793
118.581
88.5108
78.5233
82.1645
89.4599
87.1264
97.7408
163.959
79.3692
96.0743
272.373
161.066
115.339
295.182
98.8099
170.473
109.83
299.703
135.309
89.055
297.114
52.1204
53.9888
164.843
96.3022
73.0453
116.129
94.7545
97.9024
89.0258
108.019
101.064
274.277
85.9597
93.1397
110.239
148.214
109.109
298.989
88.0891
107.16
83.426
96.3848
109.007
162.046
94.6637
90.7411
94.2767
105.271
278.609
299.209
86.9825
132.817
277.621
278.088
87.1323
86.2084
106.362
156.925
87.6825
299.345
88.7815
84.4418
174.843
299.187
107.806
87.1047
296.281
111.127
297.551
98.1747
115.326
70.1862
59.7291
109.323
85.1914
167.905
188.566
141.187
88.4705
85.816
68.5839
96.5706
104.594
87.5601
281.074
109.321
107.526
122.684
147.5
87.5515
119.534
94.3443
95.816
105.38
230.171
165.706
103.807
109.842
118.994
278.977
87.492
166.269
106.241
206.818
87.4244
107.639
89.5405
244.118
296.765
299.018
188.581
96.3983
163.171
76.6497
212.109
57.5583
290.276
88.5758
53.794
100.524
183.158
136.496
94.8765
67.7425
151.776
89.4409
102.245
294.072
129.087
74.252
118.36
92.7641
294.092
299.544
298.094
298.297
299.221
298.628
297.154
299.468
296.568
296.267
297.454
299.13
297.895
298.913
299.704
298.473
288.906
298.761
291.175
299.746
283.65
135.89
114.185
88.1367
94.6825
135.779
296.21
97.3722
125.707
85.1578
87.1408
114.762
93.0385
143.802
107.194
296.106
163.048
124.641
96.7487
104.08
135.53
88.1303
93.9247
159.839
299.781
125.685
292.333
107.982
136.421
87.1842
90.4393
83.397
79.7395
113.146
88.6519
112.652
187.692
85.2702
120.832
92.5048
300.013
276.723
118.291
91.0985
299.839
86.1245
202.722
299.708
57.368
159.025
164.784
94.2038
85.8679
94.8358
125.338
110.97
136.22
93.3486
84.9255
109.779
155.991
103.507
85.9233
104.99
86.5021
90.118
272.522
295.766
114.389
89.6891
101.664
90.6637
86.5936
76.7082
89.8576
161.349
299.946
299.641
298.141
116.732
86.0227
85.6205
95.0285
101.532
165.475
87.0604
223.165
173.542
86.9503
83.4255
72.197
73.4235
95.5512
107.946
85.5289
194.073
89.4728
86.6389
211.938
85.7096
115.783
293.195
68.5773
95.273
95.1609
60.9036
88.8207
167.954
94.9623
99.0825
90.2442
110.462
114.245
166.584
88.4747
91.1926
110.189
105.677
300.077
54.8636
97.3688
93.0628
85.4149
146.968
91.0715
96.9686
105.015
273.27
130
157.847
91.6482
284.199
299.942
291.693
270.749
88.2423
99.4678
299.941
119.273
84.2413
92.2391
99.0541
299.279
139.373
100.002
163.004
299.892
274.584
108.595
160.719
92.1175
88.7405
78.2722
94.8805
111.222
100.278
112.853
70.766
126.357
141.849
86.0078
193.454
86.0793
78.2804
92.7346
135.739
87.6685
89.2378
156.318
134.567
291.11
101.655
113.659
68.8839
93.9164
112.664
123.08
107.696
88.9068
89.6968
103.411
77.7645
171.138
117.826
106.595
86.0661
291.072
297.901
116.552
176.094
134.993
93.2211
102.073
155.919
119.873
127.443
78.5801
103.153
135.361
99.456
90.8634
296.24
206.9
274.872
96.1312
69.9623
125.097
95.4984
161.054
104.507
92.9875
132.227
120.596
93.2311
98.9806
97.4156
67.9653
82.0444
92.163
149.365
89.3639
111.678
53.8185
108.986
299.885
150.011
85.9342
90.7572
97.3394
86.3939
103.726
175.344
91.0451
84.7946
96.3126
133.277
278.884
90.6653
94.5978
87.1055
88.5186
86.2072
298.43
95.9011
50.8137
122.469
184.314
130.975
159.786
103.146
87.1333
86.7952
85.6052
87.5895
84.572
98.9393
119.333
95.8506
78.0144
77.4409
161.366
84.2768
91.4678
93.5717
85.7598
99.6315
165.144
299.831
289.394
131.918
88.0594
125.33
169.134
118.612
182.152
118.845
123.731
90.58
95.6536
98.2119
150.057
111.615
88.458
88.6264
184.849
93.4098
109.199
110.266
106.383
98.6441
163.85
100.974
96.5982
124.403
94.3886
175.073
93.259
88.9773
112.583
97.2611
51.7121
98.963
94.1486
138.108
96.8044
130.781
299.181
97.5432
84.9019
91.8388
107.25
97.4286
106.446
92.0564
88.6067
84.3707
211.07
82.1808
109.083
92.1636
87.1487
117.289
96.3142
96.8576
114.709
101.732
174.018
85.4169
128.423
152.244
93.6284
52.7328
286.644
101.951
87.3511
94.9789
94.9486
110.526
92.1621
104.245
148.574
94.3011
88.7544
118.746
163.825
93.2198
165.507
88.816
96.1717
166.134
97.4136
122.948
89.2438
107.859
94.5649
119.902
153.94
89.9055
92.6756
91.1552
159.256
114.864
88.8078
151.572
150.269
164.901
153.352
91.8528
88.1012
84.0465
113.769
88.5798
108.168
277.687
110.818
117.61
179.465
191.732
85.373
145.17
73.9762
79.5493
92.978
114.402
117.52
96.2581
132.821
91.1985
93.618
153.79
95.3202
127.806
272
93.2582
92.4756
113.733
94.7418
164.232
93.4069
91.0251
141.337
168.961
111.574
96.5811
89.3563
96.2791
299.902
125.358
117.259
102.125
299.196
93.3257
93.0505
112.727
90.0312
168.952
291.648
114.284
93.1702
152.71
132.48
80.2653
299.917
221.815
139.231
88.8903
115.735
92.8943
163.444
277.478
299.872
130.98
93.2109
104.608
95.1494
163.638
84.5759
91.0671
75.7877
149.472
107.405
88.9748
67.8449
113.066
211.42
103.342
92.6327
89.2424
154.322
90.7836
97.6815
110.981
117.222
182.89
116.379
145.483
95.4699
153.87
76.3697
62.7961
93.0646
83.3725
91.6782
91.7179
95.7649
86.3584
187.068
89.3703
146.522
91.5491
200.988
133.529
94.1541
289.966
295.145
158.028
299.836
91.8783
299.88
91.8246
73.1112
93.0035
89.1624
91.1909
93.8303
94.976
157.82
96.9317
91.9741
69.9012
94.3228
88.9812
92.8214
84.2569
72.9477
86.4966
120.449
206.353
140.587
119.41
151.736
196.784
120.621
110.119
93.6668
153.402
112.713
93.1712
93.5969
294.128
86.7463
291.41
93.2356
168.112
88.2828
123.996
81.8655
89.7825
298.714
112.593
154.748
113.802
128.499
103.489
69.7063
88.87
100.568
92.1872
103.035
94.3808
161.826
180.594
101.715
107.711
87.3975
135.995
54.7642
106.022
125.187
147.652
221.405
92.4489
54.7443
98.7347
55.954
89.214
94.8205
105.898
128.485
103.402
87.9303
113.875
142.371
136.99
87.2156
129.191
299.425
53.5638
159.768
153.855
97.304
91.922
91.027
92.346
73.3517
299.885
97.2856
139.088
124.578
78.662
88.8472
100.644
120.637
103.448
92.4675
152.596
91.1387
161.25
88.7829
51.8352
153.804
90.8253
81.3463
91.2826
273.561
94.9016
85.4475
170.067
93.3635
95.7335
295.009
120.036
91.1004
98.0126
92.2397
198.22
96.2141
295.978
92.1757
61.9011
99.7416
136.696
87.6012
278.071
163.501
283.804
88.4077
149.639
207.334
160.026
91.0627
90.7773
88.446
127.083
94.1177
97.2492
106.432
90.2079
284.467
98.4117
98.2463
86.0228
96.5696
72.7628
89.5387
91.0983
153.544
68.1627
91.7616
70.4697
89.1753
86.1374
54.8614
102.822
88.071
150.936
54.3444
90.1125
104.731
94.518
103.919
90.0974
153.125
94.1342
108.3
178.569
87.083
283.885
111.543
92.3252
155.103
132.674
99.1265
99.1198
297.826
72.0837
158.983
124.589
93.8444
96.3947
130.892
145.426
90.549
110.126
137.748
93.7025
88.8331
161.205
77.3475
102.706
84.6051
164.861
87.291
53.3683
152.626
280.569
153.989
277.203
291.939
90.9333
156.468
144.1
88.3849
299.481
131.883
102.284
170.422
288.79
128.817
282.674
95.8575
297.816
95.2338
92.9873
151.577
125.626
55.4014
170.695
96.559
87.9667
148.853
299.948
88.6584
299.527
299.105
299.194
298.613
298.278
297.146
294.099
298.07
298.734
291.386
298.458
296.266
297.479
298.902
299.73
299.683
299.444
296.555
288.846
297.878
95.5324
98.9873
299.951
116.954
86.4963
95.4449
168.421
158.742
187.523
112.377
85.257
169.846
210.596
122.524
102.446
93.9319
162.324
296.936
100.764
156
117.146
299.983
161.867
108.545
113.319
86.1532
109.479
174.281
153.698
176.846
161.376
59.9584
123.038
81.0059
155.533
52.6346
93.9165
108.845
296.884
93.3738
95.61
282.702
89.7393
97.9752
96.3182
93.4462
296.141
79.0774
118.209
299.882
123.014
157.898
156.469
86.0001
90.9988
166.846
67.2134
79.8563
108.597
90.5384
86.6481
143.529
184.545
174.234
98.1262
97.8992
185.433
156.441
170.982
94.1843
54.5866
89.2252
160.607
91.4171
166.759
55.6866
156.414
93.218
168.344
94.1418
71.807
162.078
277.041
291.639
184.01
91.124
79.3129
299.179
174.342
111.55
174.081
89.7183
184.413
168.43
94.3672
174.308
91.6074
97.988
129.002
106.204
87.6764
97.6361
172.314
103.788
294.381
90.9294
163.71
93.4769
88.2682
194.694
189.369
196.174
182.023
184.857
85.4211
159.146
173.191
245.458
100.325
91.44
185.635
105.882
94.9104
105.799
92.9107
183.512
112.615
94.3258
96.6443
183.796
102.322
123.149
168.553
210.488
72.1832
185.827
121.065
278.446
299.485
298.208
293.851
297.993
299.159
297.788
298.542
297.021
297.309
296.084
299.418
299.663
296.407
299.064
298.371
298.682
298.825
288.445
290.578
299.701
117.003
80.6683
109.959
193.611
188.352
124.172
273.715
101.578
92.0672
84.2169
87.9498
99.9948
124.217
297.537
193.699
89.4727
60.5844
174.335
95.2971
96.7927
97.2831
112.279
55.2688
91.7491
298.116
192.184
297.928
114.814
191.042
95.1881
299.746
56.6224
75.0468
175.892
188.874
96.177
88.8819
177.895
200.234
197.268
83.1054
173.538
284.308
94.0004
248.005
298.603
79.419
81.0927
295.236
299.802
106.023
97.131
191.953
160.174
52.5773
85.0604
299.291
293.611
99.5532
296.599
294.076
54.6338
93.9439
88.5114
151.806
93.6759
84.9
137.789
161.534
87.3268
94.2976
87.5555
93.2818
77.0679
299.109
118.502
55.6864
130.52
122.838
77.9507
88.0676
180.618
296.328
94.7483
145.069
100.682
114.923
66.0248
126.722
133.195
204.7
130.871
125.647
294.055
293.81
86.5893
94.3304
87.5414
150.557
148.193
93.1508
89.2807
88.1608
281.302
112.586
70.6884
55.7358
95.0072
124.339
93.7681
91.6654
92.2094
91.038
271.745
90.9612
87.6273
91.9289
298.689
84.4592
185.703
141.58
90.4298
93.0445
131.14
203.917
92.185
97.6496
92.8055
152.502
91.759
146.942
93.1804
299.86
108.649
121.828
103.364
299.467
91.0039
92.4398
90.9064
108.793
102.37
299.08
90.0677
157.108
233.854
88.4887
108.271
258.09
92.5421
243.408
54.7929
128.187
89.8826
91.0949
153.425
204.312
147.904
293.813
85.7868
108.106
91.8707
269.164
151.864
127.082
120.759
287.537
95.0679
97.2997
89.4596
281.963
299.89
89.4604
216.37
276.086
70.726
99.9991
88.8287
293.484
88.24
224.141
86.4592
296.221
123.592
136.754
87.4496
52.4299
152.67
287.842
299.734
53.5763
94.0741
74.8535
90.4222
85.4142
88.8629
67.5924
189.347
189.472
151.69
77.4763
299.121
282.315
51.5566
87.8811
80.1637
283.043
299.96
145.4
54.3989
113.619
92.2082
71.9891
272.445
282.641
299.773
101.977
297.718
298.803
299.871
98.8502
242.993
96.2402
106.983
84.0515
91.0677
86.6774
178.973
110.311
114.241
160.468
90.1992
284.053
69.1239
60.9228
63.5082
120.319
295.165
88.4081
87.7571
108.594
95.5919
80.279
297.782
294.147
88.1396
127.653
56.0598
69.0177
88.8975
107.565
93.9589
90.6587
299.584
69.6445
153.198
288.776
86.2881
70.667
286.081
70.2587
54.0507
95.8076
295.741
118.63
125.923
89.1327
115.836
299.326
237.403
53.3896
87.1461
93.7967
299.926
69.3456
99.0212
97.4101
93.3619
159.058
296.833
96.3334
115.269
299.469
296.118
95.2362
123.809
51.6386
139.759
91.8253
71.0778
88.8029
78.6392
82.8372
71.2675
168.8
114.056
97.5789
157.722
150.565
101.299
100.127
76.4278
55.5218
51.2272
84.8198
298.271
103.036
295.205
88.6558
71.9499
283.618
85.4006
88.4135
139.47
88.263
162.209
112.618
295.184
127.739
148.739
74.9612
287.694
144.462
291.368
54.2083
135.792
298.23
299.265
66.1052
292.975
103.847
90.8152
87.2656
106.487
84.7869
139.826
111.972
85.6229
128.317
71.7221
139.057
56.3158
122.471
85.7257
99.9786
103.569
54.4269
142.883
53.4405
123.051
129.764
97.4621
105.635
53.9811
299.435
289.949
84.3901
97.658
89.515
223.221
282.184
116.379
150.578
299.061
168.191
85.4197
99.2125
86.338
88.7262
140.494
287.679
283.651
88.8972
55.815
207.061
169.233
167.492
144.436
181.221
298.755
138.697
72.1019
85.3022
107.195
109.369
52.0717
110.859
89.9419
138.993
97.2532
162.906
284.845
67.06
52.3077
119.082
96.1389
53.2354
101.929
283.684
298.767
147.744
106.013
93.7574
145.625
93.7884
151.005
87.1748
88.5777
82.4261
108.427
68.3785
84.5397
220.984
86.1842
89.1617
299.706
105.887
56.3993
78.8443
282.524
93.1804
167.078
281.366
121.784
281.989
89.6281
71.945
93.134
102.893
286.105
78.7388
70.0826
87.8254
298.504
151.759
68.4234
103.031
93.8544
53.6881
289.704
71.6865
86.6934
66.9447
93.7634
79.2705
77.2566
96.0437
109.799
122.1
103.458
273.518
296.161
94.5729
88.3491
102.632
147.736
81.4497
67.434
71.1301
85.1748
83.3787
85.9061
104.602
79.9629
173.458
114.232
228.739
73.5289
88.8088
94.9264
94.9351
79.3464
299.062
118.94
95.2809
101.629
91.631
89.7911
88.4523
85.4721
96.4917
94.9932
186.975
165.034
145.028
70.4913
214.741
72.1682
152.295
52.6952
294.443
71.826
73.5825
69.3095
91.2639
91.9002
70.54
129.184
70.4002
53.9902
52.4704
297.087
80.1744
69.1498
297.128
87.8887
79.0676
152.642
93.0572
105.234
261.786
131.704
110.184
91.194
287.114
51.8022
139.323
68.1579
100.972
86.1582
108.63
297.169
299.888
119.921
96.7309
81.6064
276.262
284.084
92.0313
55.5404
281.906
86.6295
297.571
130.278
85.5399
120.125
87.2324
116.835
92.7456
87.2563
117.968
81.399
72.8345
92.6444
83.8232
55.0696
96.2432
103.798
298.785
186.013
135.961
267.988
91.78
88.4055
118.411
91.2866
114.205
299.838
88.7704
106.233
186.444
299.603
79.2831
78.209
108.12
115.3
81.2219
299.763
125.028
160.441
114.353
94.2661
53.9347
96.8286
83.8287
110.42
118.936
289.448
278.672
93.3717
89.195
104.239
295.697
118.857
184.011
89.4424
90.6797
106.736
94.1169
85.9716
85.9093
54.1213
91.8397
108.919
85.5952
85.6422
103.965
72.4455
84.6549
154.369
57.1949
85.3554
299.589
86.276
84.4148
85.5555
284.077
100.802
75.993
84.1604
103.596
85.5398
114.545
123.444
84.4291
180.524
299.9
82.987
174.433
180.34
80.2443
299.209
102.4
169.46
54.5043
87.6094
169.371
90.9579
117.317
100.595
105.7
99.24
182.506
88.0994
94.3281
121.258
92.1685
85.4338
53.3621
93.7787
299.481
164.859
292.303
87.1852
87.5725
180.396
87.5274
181.412
97.8673
279.439
182.276
128.032
184.464
160.802
57.7637
288.944
92.9735
85.5921
88.346
85.0928
86.1075
184.344
130.969
284
162.904
118.703
67.6616
179.958
154.758
91.5568
183.76
279.714
299.946
68.2398
114.922
83.8454
78.0696
84.2988
160.339
86.5964
129.533
92.8495
86.0827
89.9919
76.5038
143.271
87.2788
112.616
106.231
99.1218
94.3518
295.077
95.6104
280.678
64.1649
79.205
85.6012
178.314
88.935
96.8219
94.3727
92.7768
52.5803
67.8116
84.9177
93.0883
88.643
263.763
119.825
169.933
85.9545
97.4967
298.198
89.016
107.069
299.276
167.069
81.4255
95.3389
99.1163
162.383
186.065
72.9378
299.3
81.8916
89.6236
121.92
57.434
125.934
86.0036
89.6064
68.634
106.946
166.649
85.9454
203.683
95.385
90.4031
87.0997
98.1891
82.6184
96.3972
186.326
100.735
110.539
97.9623
91.7462
290.628
102.498
104.328
86.9964
83.2124
53.5579
75.5401
107.96
116.434
80.9999
97.4905
289.258
85.4569
103.942
57.2367
120.226
119.79
106.96
299.079
98.8186
105.676
176.635
75.4023
90.891
129.295
70.795
82.7002
121.013
125.778
87.2747
110.041
299.964
105.549
70.7943
75.444
286.433
88.091
97.4601
223.478
73.4875
69.5304
87.3523
74.6389
142.511
93.7667
71.7654
125.559
125.617
83.8141
84.7865
288.901
76.8006
83.363
128.342
74.5083
75.2151
119.551
113.843
75.8251
121.662
297.63
79.5822
172.09
103.795
83.3765
291.395
79.4015
79.8676
131.141
298.792
75.9114
108.87
294.21
106.416
97.5978
103.821
94.8145
68.597
79.076
80.1161
292.726
118.011
111.799
111.813
168.927
93.4873
84.481
121.817
182.183
76.3282
86.7603
85.7059
76.5499
92.1427
273.345
185.171
99.8218
189.505
172.641
52.9995
68.9336
80.7118
164.42
192.998
85.8847
70.7807
86.8146
75.6291
76.7069
79.3322
283.532
75.5519
115.396
109.342
52.7888
103.717
287.148
188.596
168.674
80.2494
279.886
81.1294
95.813
187.982
93.8085
76.5717
120.893
80.5025
84.9154
297.962
181.586
298.533
170.49
98.85
299.609
97.7743
76.1162
109.093
83.4586
210.204
214.207
99.3883
146.905
69.5077
282.469
117.8
91.1756
52.4377
68.9804
57.8136
86.3809
171.332
152.816
86.1405
180.845
68.8449
77.2975
295.414
88.0791
281.693
76.708
74.4626
80.8899
71.7032
73.6086
73.1214
106.409
86.1416
83.8478
279.357
84.7108
121.203
98.3099
80.773
130.98
53.7298
84.0667
123.256
83.3162
85.6332
77.4212
109.43
140.57
167.524
177.733
86.5301
85.7417
128.695
165.642
90.2565
143.606
108.95
67.9767
75.9463
82.2769
73.1699
79.4229
86.3579
77.7279
73.107
110.206
77.9849
84.7366
83.142
86.6926
78.4523
53.1063
140.799
107.315
117.456
85.5959
78.5945
86.16
88.9266
298.187
99.7511
53.2622
97.076
90.6731
85.503
299.964
95.5038
76.3817
121.982
99.7337
70.9295
215.884
81.8154
116.392
87.6117
157.317
86.4158
92.412
85.9355
136.851
90.1827
77.3816
299.71
88.5493
98.7187
85.2147
93.9862
165.368
86.1701
77.576
81.3485
93.1875
73.0536
113.263
85.1423
295.405
100.198
83.1906
164.933
76.6585
95.4876
107.873
71.4953
294.35
88.2637
76.1683
85.4026
81.617
83.1456
84.4877
299.954
77.2193
84.546
54.4166
125.429
96.2138
92.7179
76.15
70.6197
164.928
297.658
96.3816
78.6622
78.1902
279.284
84.0043
91.1643
78.4121
283.583
84.0687
94.9024
77.9317
79.9657
278.437
81.0973
98.1707
77.047
89.2774
93.7609
80.651
98.9579
76.0944
75.79
76.0581
93.7056
120.068
92.0445
78.2129
87.829
81.6326
78.0542
92.7662
76.0738
139.581
86.2035
74.403
92.595
76.3313
83.7759
76.7198
155.005
78.1829
84.3151
90.2088
84.1296
90.6572
86.1931
80.3588
76.8481
78.9564
86.839
91.1275
122.63
76.4018
79.9437
297.198
277.344
83.0357
78.1323
89.2736
87.6034
128.501
163.982
170.368
88.7268
79.2714
76.5377
79.0403
288.248
70.5401
70.9409
87.6465
119.687
79.7741
116.379
67.3789
90.2384
79.2352
77.7095
77.1181
112.934
174.484
73.5654
93.9717
276.458
94.6871
74.0715
299.991
82.225
83.1883
297.685
79.8785
80.0939
93.0268
93.7418
94.5949
228.905
92.4533
95.5812
95.8806
91.9647
98.65
82.1482
100.598
86.8519
81.3199
90.9284
92.8158
93.3974
92.4938
84.202
79.8084
90.0503
67.9776
77.5596
143.266
101.303
84.6175
85.6367
90.9437
81.8252
78.4925
223.665
82.8479
77.8544
130.149
87.844
298.926
73.516
92.2958
182.864
256.906
82.1538
152.195
297.116
87.183
87.4096
95.1516
65.2911
118.529
155.52
88.0823
89.9341
92.6375
93.3733
91.8875
94.2449
138.526
88.305
92.1025
74.5698
75.8934
292.303
76.9453
96.9779
85.3722
77.9119
128.34
84.2579
76.3362
71.4292
86.6589
76.8592
94.1518
84.4337
74.5172
77.7617
84.7362
74.4582
121.958
88.0507
124.05
89.9639
74.4179
52.6559
74.1912
86.5137
65.8234
64.8593
75.3122
95.7623
87.4149
185.456
136.484
101.558
95.8839
72.0837
90.3513
84.3088
89.3858
75.108
68.1258
132.183
93.3274
67.0447
64.9101
70.3413
134.554
123.997
74.9258
85.9226
73.4233
64.9882
276.948
92.6133
141.614
65.4511
65.3213
118.138
75.3892
66.4276
75.6172
90.1901
96.5741
94.7355
67.2435
76.2021
95.0885
70.5015
76.8205
89.0847
76.8667
83.1692
68.2225
69.2801
69.642
68.2632
69.2109
69.6287
66.7521
66.5458
69.5406
66.042
68.6019
72.8408
65.6149
77.5104
94.6389
65.926
130.455
77.7211
70.4226
88.2346
75.8978
112.091
69.6356
76.486
90.6039
77.4468
68.093
67.1946
96.2946
88.1288
161.667
93.6861
66.7448
77.3582
66.4201
251.991
71.3807
69.4721
86.1544
69.6644
77.2727
86.3032
293.499
90.972
93.8836
75.545
66.8963
65.5139
87.8718
70.2077
78.3866
77.4585
81.7244
97.0985
66.8878
96.5957
90.7149
105.402
93.0413
69.3671
70.1907
117.023
67.1428
77.0156
79.4256
66.1577
126.939
86.3901
65.9467
66.5921
64.8467
77.6869
296.304
74.9846
136.922
87.0722
66.9588
77.166
93.5286
121.381
68.2652
93.4817
284.981
70.063
67.1636
77.6446
67.3303
68.6679
89.0103
79.6801
78.6158
68.4256
60.4505
68.7412
90.2718
69.0159
67.0681
73.0006
85.3787
69.1861
77.4621
79.3415
113.769
86.2948
66.929
67.008
87.6602
127.981
80.347
135.205
136.718
114.004
68.2265
90.6826
77.8596
90.6081
90.4854
70.0163
93.2161
299.996
66.818
109.432
77.9214
69.4857
65.8154
88.2709
69.634
92.022
67.4668
74.2958
79.2282
79.124
67.876
98.004
282.876
66.3014
66.9923
79.8705
124.327
105.667
85.6604
292.104
61.4178
102.448
77.1958
125.49
93.9023
72.6935
106.035
72.5693
88.5567
124.702
162.25
69.6278
105.122
66.6894
89.9433
163.487
91.0644
53.151
82.4785
65.2552
92.4863
65.0116
67.9041
96.0908
87.6501
89.9678
181.67
57.1162
86.4467
66.6346
91.8842
66.0057
88.5734
67.0993
85.9848
89.7688
81.2976
108.873
157.668
94.5928
89.8861
122.818
198.479
92.9627
78.6192
104.492
234.709
178.612
81.6489
79.5639
77.5812
65.1562
163.173
69.8846
293.736
64.8727
85.9423
120.839
138.509
99.8033
94.299
90.8752
89.179
297.108
97.3477
67.4121
70.0863
69.6118
92.785
93.8849
75.712
72.7921
90.7692
90.4372
89.051
73.4631
65.9936
93.4481
119.953
167.257
91.9316
85.4816
67.1682
86.5972
97.2676
92.5448
96.0598
66.4364
183.993
92.5614
96.5069
90.9008
92.066
91.7789
65.1159
70.2763
92.8752
70.09
97.5376
93.684
88.8948
91.1694
90.6179
295.652
93.605
89.0263
71.0574
71.0116
93.2889
96.4856
117.04
112.674
85.7109
280.441
91.8084
91.8603
90.6564
85.6823
88.8806
119.488
89.9712
84.0467
84.0263
66.4794
86.1679
71.2311
79.1701
282.951
94.2002
92.2995
71.1802
89.0146
93.7765
95.8066
274.94
96.4853
71.3395
97.0754
88.1886
86.6737
78.8041
86.1536
81.2273
93.4573
80.5866
81.7896
98.1754
239.656
97.7345
71.9542
69.2111
93.9026
95.6154
100.685
96.9865
87.2892
96.5762
78.9902
92.4122
125.763
294.587
87.4445
55.8709
118.025
67.4208
115.191
99.954
93.1689
90.3581
115.815
104.82
95.4836
92.2906
83.8194
85.4658
81.9707
64.8038
64.9137
134.267
59.8444
78.4629
284.261
98.0864
107.766
75.5021
96.3456
160.523
81.5375
89.5103
105.611
88.235
89.4599
92.4176
88.8872
75.0833
85.8268
95.1415
99.1695
110.015
92.5339
103.515
120.175
71.7669
79.9924
84.8748
299.865
141.805
88.7456
96.311
73.4882
73.2642
92.526
124.62
74.8108
79.5751
78.1924
297.616
80.693
67.7625
80.7033
80.5836
122.165
107.852
85.1235
81.5077
224.144
158.259
88.6935
86.1244
100.295
93.0751
88.2509
90.1623
114.56
88.4224
81.3797
91.8036
81.1407
99.6946
123.178
78.0986
103.625
98.0414
97.4536
94.3473
74.9225
297.054
73.6949
71.4924
111.017
108.791
95.68
101.747
69.6638
76.2778
65.6619
294.905
94.4008
79.636
278.224
175.357
282.616
126.126
109.359
90.4166
88.2858
92.3846
77.7086
91.5901
98.8651
104.99
72.0741
76.0503
88.449
281.782
99.751
71.299
88.5262
67.2113
291.763
79.4339
113.809
81.9237
88.9622
53.5111
52.7103
77.0568
77.9459
77.4883
90.4584
274.377
81.9914
107.81
78.0211
76.5962
103.93
87.7022
85.5751
132.449
292.765
105.875
90.9863
293.291
108.919
186.648
71.6742
72.8261
65.7406
105.03
294.376
281.704
88.1424
82.8551
71.261
151.505
114.22
294.42
94.9065
104.724
144.381
95.9749
167.397
77.2035
297.564
122.762
101.877
101.589
100.947
102.403
108.784
86.4016
109.209
102.55
72.1762
79.0444
86.4597
107.851
122.612
127.38
80.5173
130.177
81.2965
115.06
74.4812
95.0177
117.285
132.141
91.2165
92.2537
103.945
120.311
108.786
74.9931
81.7458
277.738
55.2806
71.846
82.1851
106.322
72.1787
69.9018
86.5007
295.451
102.638
68.22
153.05
92.9418
102.125
76.3578
102.624
282.557
289.527
97.5404
69.3544
129.483
125.95
85.0198
77.0946
78.6878
74.8302
68.7855
100.756
72.5676
133.567
206.795
295.479
105.478
266.023
124.658
112.706
100.684
252.447
71.0515
106.373
64.4944
145.918
103.418
149.858
291.035
72.4719
116.293
90.3914
77.4326
122.296
136.327
131.789
58.4887
84.9135
108.881
101.992
77.587
299.862
79.277
75.9803
76.0104
119.424
67.153
299.886
141.836
74.6716
98.8616
83.3901
88.4057
92.5317
95.624
74.0011
102.883
119.404
74.1831
174.189
96.3391
92.1774
52.4963
111.293
126.511
87.7058
101.243
111.263
144.552
84.9159
299.873
68.8185
77.0355
87.6304
135.364
75.8336
94.0571
216.519
96.4346
272.355
82.376
88.2506
90.3688
98.6568
87.6594
98.3311
74.2453
73.5008
83.2263
102.36
67.1934
74.8622
298.434
72.8009
169.841
94.8746
95.6179
93.2838
87.2066
174.106
69.3531
100.517
74.0729
119.151
98.2313
97.0165
103.37
94.5784
76.8178
167.816
125.369
91.9621
109.168
83.7134
95.5809
280.54
74.113
101.695
60.08
100.336
74.5607
83.9296
78.232
77.1223
83.9817
84.3636
93.4931
87.4732
92.5807
85.1606
130.424
51.5361
86.7696
117.652
88.196
88.3695
290.183
91.1226
83.8573
88.7731
90.3865
89.1993
83.8202
91.179
129.856
90.0546
86.9402
113.178
86.5903
86.7859
113.725
95.5748
82.2974
101.097
89.9559
91.0803
77.4647
87.403
90.2884
253.903
97.987
90.4944
101.523
91.6511
89.4071
85.7255
94.2929
130.31
79.1488
91.7106
90.9422
83.2184
91.8139
298.719
122.076
92.4454
85.8848
92.3878
89.6791
94.5978
67.7372
93.0053
85.8899
86.7714
92.465
91.8345
90.1434
86.0184
119.576
87.8377
80.6724
92.4809
52.1501
90.5983
93.2696
124.389
105.381
89.0441
98.0065
101.322
144.083
295.356
85.4883
78.576
83.36
299.872
91.0226
92.2654
86.8479
172.891
86.1094
100.052
90.5618
95.1932
94.3027
93.5789
85.7057
94.2017
85.0557
89.1149
101.006
85.9995
96.3995
95.7643
280.276
84.7109
290.232
78.1749
99.203
93.5652
164.197
85.0622
84.1522
74.4235
84.6503
90.6279
117.403
168.436
74.3824
57.2035
279.634
97.1836
97.2074
96.0408
84.9307
87.242
95.252
87.0841
109.517
104.29
83.1929
182.785
119.628
75.2265
95.6815
75.6887
181.365
95.9267
91.536
88.5446
100.024
273.876
84.4067
81.2091
99.1434
297.849
96.3188
133.747
293.945
286.707
89.4068
76.4847
52.7103
92.0834
167.239
70.3073
88.334
91.2476
97.5892
54.335
180.154
89.1595
135.69
154.405
109.733
66.8666
54.6842
77.0578
283.424
142.107
98.3343
100.069
90.1834
85.9591
83.7129
108.602
95.1767
273.845
288.835
134.954
54.1056
86.2483
98.0683
87.7331
85.4695
88.8241
185.109
82.7227
104.811
84.0472
93.0442
89.772
97.4868
150.093
91.0904
299.205
107.046
89.4439
52.4421
87.4865
136.529
84.8307
86.6101
124.925
137.466
84.9316
63.9189
91.0134
95.2508
279.944
54.5431
92.5081
299.815
107.636
87.5025
83.6785
93.7996
299.592
288.333
75.9592
205.265
299.602
126.395
110.402
299.585
297.448
106.878
104.098
83.4616
88.3304
77.6308
299.483
72.2536
298.591
78.0535
79.9459
107.708
76.0456
92.2129
102.387
96.7296
87.7744
299.68
298.283
113.596
281.127
85.8189
84.3875
64.2088
86.6916
165.149
81.1123
290.822
116.249
96.6863
95.8708
97.9068
83.0883
178.048
139.019
84.5674
145.153
75.8033
67.3662
81.5195
91.7471
98.2656
144.114
57.9495
281.424
75.1342
280.825
85.6842
78.1899
90.8666
96.4888
128.445
79.1365
298.54
187.156
63.2204
90.4426
77.4684
123.748
151.434
90.2718
100.138
94.5267
88.3237
99.775
85.9578
99.8456
96.8844
298.567
299.575
98.3711
111.498
144.413
78.8918
94.9963
104.56
291.815
88.1161
90.9883
79.3557
98.7162
158.841
63.2565
98.997
102.435
72.9653
94.3875
87.0175
79.5249
177.122
87.1913
282.633
83.8445
299.826
72.4578
101.673
102.448
93.6454
101.624
75.1651
297.856
136.317
122.306
282.744
107.739
160.488
92.7249
86.1421
98.3628
94.0965
95.4855
96.553
90.1633
103.93
138.575
53.0107
117.548
292.481
101.184
52.3162
110.185
120.612
101.284
57.0862
121.361
284.348
98.9222
105.843
116.465
115.116
91.7339
88.3417
284.238
90.6341
105.581
52.3547
107.949
90.0375
299.117
71.3508
84.5318
73.9996
87.5089
277.826
122.864
94.0988
88.8442
80.512
129.69
166.378
78.0269
108.277
132.168
91.9173
93.0433
76.4323
64.6695
76.2791
89.3432
162.47
58.3976
99.1405
85.7308
289.138
70.3442
108.259
89.1282
110.574
91.8171
90.4835
88.4305
129.66
124.215
102.802
121.023
76.0914
89.1344
94.0435
101.157
112.281
91.0082
55.0536
122.021
93.1876
86.92
80.3571
97.5091
81.0074
184.418
83.5973
79.8974
97.1664
88.6797
82.7999
92.4901
86.3969
292.859
85.4535
107.727
189.793
109.003
85.4687
82.3183
61.4192
117.966
78.0379
117.132
89.9394
95.3049
95.0706
93.6844
100.958
163.038
66.9961
108.817
88.4553
79.2731
266.765
91.5242
108.271
109.876
82.2485
172.372
77.2201
108.716
66.5569
81.5644
167.709
138.288
176.957
109.115
194.599
116.297
59.4628
299.628
85.3868
126.077
88.8925
108.309
75.5639
115.414
96.2483
100.686
85.6801
97.2604
121.405
211.45
294.375
91.1451
82.7189
76.8837
91.1157
85.8656
169.024
96.1876
67.2725
122.357
66.768
161.366
108.877
108.747
95.1034
126.303
64.0337
292.818
108.262
54.8027
159.976
81.7203
108.633
121.929
55.0823
77.0857
92.4659
83.1648
189.915
113.393
53.47
55.7042
53.7812
54.9737
87.5432
155.941
193.899
108.426
93.9804
145.923
278.66
155.709
116.698
109.169
82.7244
52.9458
268
52.6432
151.441
95.7951
52.9524
114.4
163.12
105.067
290.944
98.3536
87.3454
89.675
87.0941
132.51
119.523
199.768
132.29
86.7369
89.0582
70.4449
294.342
126.926
294.006
123.402
67.4542
108.107
106.121
90.2455
51.0902
95.523
121.375
277.814
77.7064
65.2666
84.7818
116.038
115.619
96.5783
86.0977
188.195
155.562
265.391
86.7875
119.438
54.8188
155.734
108.271
87.6132
115.343
88.4914
123.825
72.8546
87.1752
141.415
67.1576
135.628
272.494
125.981
94.0941
285.788
91.0143
108.899
84.8583
77.2624
96.7078
83.3325
108.398
86.3358
91.7399
53.0302
99.1036
112.8
141.813
85.3314
83.6679
85.7058
133.785
91.8933
136.174
121.336
110.462
52.9318
215.475
143.565
80.4121
125.799
294.214
86.5148
87.1637
137.11
83.1936
143.34
131.208
96.1138
117.546
299.792
281.175
103.49
108.089
146.713
288.979
53.7876
86.9453
78.2243
82.7787
277.801
146.303
193.818
100.211
87.6074
75.3442
85.3604
277.056
63.1397
53.7633
299.842
121.607
174.327
92.6676
108.982
121.744
267.516
272.028
100.4
53.9576
97.0964
89.2815
98.7496
106.209
66.0248
164.719
88.9997
59.3191
90.3395
129.843
88.7318
90.6123
295.289
97.8891
133.551
81.1831
92.3691
124.403
99.9485
86.6477
85.5839
135.011
293.672
91.1759
76.1058
79.0941
98.6418
105.729
126.194
150.037
133.389
282.079
77.2067
88.7914
91.6124
125.671
127.911
86.2749
80.3258
87.8682
110.763
298.067
152.282
91.9266
299.757
295.817
91.7269
92.6988
92.1824
107.212
93.227
267.209
93.2736
287.563
63.2377
130.573
81.4667
106.233
111.425
103.991
123.554
95.3798
94.487
296.563
146.453
296.898
106.629
107.273
289.833
182.426
246.702
280.753
75.2224
52.2476
287.926
101.541
75.6476
136.015
91.3085
299.956
278.962
97.9453
124.863
97.1865
290.077
284.523
108.65
79.9721
195.011
109.181
80.488
134.13
101.825
295.352
86.8476
62.2226
82.8255
294.9
88.8368
94.6608
64.0052
98.2441
131.37
279.947
85.7486
293.521
255.871
85.001
148.775
81.1739
90.6122
89.9143
92.9262
53.4755
98.7358
86.6423
189.153
84.4175
174.577
87.1411
84.7898
87.0675
53.039
169.533
89.0132
86.2494
130.162
288.147
93.7957
51.6427
150.831
95.4124
93.3222
56.5928
281.857
67.2179
107.762
95.4994
96.2495
110.593
95.3656
121.143
99.6165
126.251
142.548
95.9967
111.9
163.686
145.042
293.147
52.4265
118.004
97.5789
116.788
217.859
88.3356
144.424
86.0814
223.916
82.5942
119.575
109.208
101.191
294.763
87.3845
91.1065
57.0198
118.091
114.314
100.661
92.8812
86.945
93.998
295.92
299.891
299.871
105.74
113.998
77.6268
109.142
126.035
293.708
121.885
299.665
124.215
121.327
296.292
88.9006
81.5943
53.4515
128.604
98.8328
110.636
99.6639
151.037
222.489
109.039
141.313
197.117
170.852
84.6571
85.8008
299.151
132.243
107.016
75.1961
163.258
93.0493
94.3775
82.3237
83.4661
90.624
288.127
283.984
93.1541
131.356
87.5572
94.9204
145.79
296.489
68.0748
82.8259
56.832
186.223
53.8262
54.8426
154.832
88.0729
289.662
291.32
89.5266
288.503
137.121
111.391
117.233
88.7947
78.6905
98.9272
76.2853
107.827
79.2864
102.569
104.721
87.3479
295.801
92.7173
84.2698
90.4573
88.8667
94.3416
104.569
102.147
83.4731
297.016
120.478
296.436
89.2505
187.995
137.364
142.07
84.5632
115.911
111.969
64.3651
97.9642
86.7481
81.6828
88.8975
103.345
113.586
299.849
69.4884
65.5253
89.9195
119.034
88.7861
68.7094
95.5815
281.605
90.5968
89.7826
90.2519
90.4921
90.4064
81.3856
81.6836
91.0548
89.1691
297.513
100.528
131.745
82.6129
163.766
92.6878
99.917
225.306
91.215
90.7286
88.5782
283.331
90.0205
85.5184
91.7225
112.66
88.6392
160.605
115.122
297.937
299.43
161.462
65.0669
91.672
53.0671
85.8038
89.1305
104.66
83.6148
89.6884
90.3274
83.4142
91.6091
173.794
90.3202
131.561
297.166
102.073
91.2462
157.491
295.473
89.8085
88.5601
96.3149
104.989
94.4885
91.0507
290.523
86.5788
88.3052
267.876
106.52
89.9015
299.821
89.7184
101.011
101.128
145.521
100.726
94.3987
90.7725
297.805
95.0732
88.6883
92.1345
92.9033
103.309
93.1306
119.707
93.3231
90.3732
92.4306
88.2261
90.8524
88.0654
298.065
98.6831
87.5498
92.7949
92.2909
94.4241
92.6795
265.303
138.602
90.8258
279.021
95.3571
93.6684
88.1432
71.1903
83.238
89.7879
94.2308
89.752
128.585
94.7572
89.9277
262
122.242
299.963
90.0029
107.349
91.9937
89.7426
91.5703
96.8816
87.5502
89.4168
92.8876
263.782
88.1282
104.429
90.4766
255.747
91.1462
90.9885
92.4804
178.668
70.9083
92.5297
90.7279
94.1251
86.4242
163.771
93.0115
112.518
90.36
86.436
152.711
90.4222
299.779
92.2113
298.401
108.481
90.6324
113.218
109.427
110.165
92.5214
123.29
91.3909
89.1943
89.2726
118.005
108.669
219.113
235.188
90.8843
88.0589
127.104
89.8879
70.7174
296.357
90.368
92.9328
85.9896
99.8825
299.914
92.6018
167.806
89.0645
85.9208
54.1426
299.497
299.919
87.8546
170.501
89.902
91.5677
92.068
99.5653
220.798
88.3905
102.299
91.311
90.7678
111.901
148.253
281.708
82.9152
75.4393
93.8636
95.6472
185.963
95.6177
87.191
98.8107
145.345
89.0816
113.32
85.3401
90.9401
83.146
91.6708
95.0915
91.2585
299.938
86.745
88.7923
92.0098
86.9471
97.8783
81.3369
55.972
94.9939
143.804
77.7683
89.6091
88.2587
88.4211
84.8885
76.9759
93.4571
91.9297
298.702
97.0128
88.8556
91.8469
91.8155
91.9374
91.79
91.6276
92.0027
299.636
89.6621
111.102
238.115
103.418
88.5376
92.5143
101.162
86.8495
87.8483
107.955
94.0788
108.73
132.724
88.6533
114.357
86.2702
95.6357
87.6986
90.1309
85.874
144.858
105.253
104.251
114.333
95.239
88.0539
89.6216
93.3195
163.928
61.4549
92.8271
94.6017
106.221
91.7121
95.0348
94.1079
101.545
99.6555
92.6558
92.6797
90.3865
150.269
102.83
299.737
102.833
286.173
96.1076
91.931
95.7964
96.4729
294.834
90.0815
135.846
92.1814
92.4644
158.367
119.797
95.6257
92.2105
89.7975
205.596
127.266
298.948
83.9858
87.2307
185.098
161.815
119.315
102.307
93.5176
94.043
297.83
95.1169
100.356
86.4627
84.6526
89.4217
90.5205
86.7896
85.8956
299.686
106.255
86.208
97.2236
86.4745
288.005
96.0966
288.059
73.5759
95.2718
166.992
110.902
91.8221
146.042
113.215
96.5938
86.6308
108.164
93.9291
89.2014
82.9026
102.298
154.402
106.021
85.6368
229.336
94.4256
93.366
93.6257
91.1268
94.1833
91.6822
90.6279
73.2263
86.1468
86.4751
91.7962
86.5972
299.199
122.541
111.416
91.8302
54.2426
80.7553
99.308
102.122
134.604
299.863
92.0544
95.9863
92.646
191.224
83.6444
87.2386
107.441
85.6704
94.5828
91.0925
91.2297
297.753
88.792
81.6272
163.342
120.901
117.86
115.024
86.6325
86.9818
223.698
156.438
87.3062
122.546
88.1015
91.0331
92.4848
87.1696
73.5369
86.5554
298.266
93.788
57.666
55.0831
106.253
87.8696
93.2192
96.2615
155.98
105.398
113.792
299.372
98.6766
88.9487
93.5676
289.921
105.912
84.4048
82.8351
84.4441
89.3704
87.2111
138.849
88.3934
97.1056
86.9376
96.0895
91.1005
102.327
92.2288
154.721
90.825
93.2977
87.238
52.5678
82.5096
98.1191
88.5461
102.694
97.9606
194.583
93.79
89.7514
298.518
72.1567
74.5495
145.5
128.914
290.874
86.0546
93.4945
88.6965
86.3861
97.5424
53.4903
100.508
88.2226
95.3749
66.1351
115.327
199.633
299.556
153.364
84.6046
93.038
88.1256
87.0553
83.9679
95.3876
90.2218
94.5526
85.7227
96.6708
112.099
57.7646
104.262
74.0488
86.9233
292.198
94.3339
88.0066
81.1587
53.0864
149.146
299.841
128.433
89.399
150.553
55.1115
86.6061
108.154
63.1679
89.1045
87.935
74.404
87.4325
90.9634
101.922
121.849
100.302
134.832
94.8448
100.2
88.1712
296.45
95.5426
118.66
92.5252
79.1554
98.9855
89.5407
87.2286
91.8025
119.77
299.646
106.168
293.489
109.353
97.1697
106.218
297.968
83.9967
299.711
196.465
86.5323
97.943
154.778
87.9244
87.0014
299.822
100.017
97.7056
86.456
137.106
88.0872
97.2704
98.0547
88.5608
97.7688
120.497
74.4331
298.837
87.6102
138.641
107.514
167.901
91.2094
156.274
90.2766
87.7773
88.1326
192.63
89.5228
91.1789
101.223
83.7699
97.6838
84.9693
149.532
87.3877
88.6789
136.476
98.3236
261.963
299.378
88.9933
217.744
97.5489
95.7954
172.549
86.2168
92.2707
95.6665
149.686
96.8132
94.0632
93.4839
83.5637
93.9229
86.5187
87.3422
86.1143
68.5106
89.4004
83.0489
147.034
113.61
90.566
87.1318
96.2586
98.0448
85.4341
140.278
84.4262
89.72
86.8095
114.86
100.777
101.099
90.3014
123.273
163.682
120.348
87.1238
54.7737
133.705
280.921
74.1576
54.1059
84.6046
273.127
292.774
279.282
89.8013
275.585
267.378
88.4652
276.91
54.6602
166.162
92.8518
128.122
55.8974
106.203
145.389
87.5904
93.6478
280.588
90.2023
56.6049
299.103
86.3404
106.8
95.0513
91.9889
90.9762
90.7173
230.473
299.125
82.1322
91.6151
96.9046
99.6696
299.92
72.136
60.0212
96.7251
86.6879
106.17
103.769
98.3796
92.7366
131.463
140.944
97.0695
100.716
98.3123
108.668
93.9702
88.8633
283.412
120.355
87.9322
64.9598
276.664
56.2874
92.3364
126.974
177.459
278.617
100.193
132.582
98.6328
289.193
93.8366
89.0398
83.7806
189.887
84.2701
276.185
162.343
91.2187
299.243
89.7171
104.305
94.5015
55.3139
150.659
92.6973
85.9544
63.1003
99.1542
132.487
88.7193
92.7335
294.299
76.2366
133.597
278.377
86.8076
299.981
93.5741
54.2175
104.907
129.312
190.68
104.914
84.7585
113.18
94.1262
95.559
102.519
103.73
97.7508
297.699
86.4229
295.259
97.9023
125.36
101.865
276.254
84.4762
88.9573
104.167
162.843
277.388
125.349
70.7362
280.214
92.2558
92.8428
88.936
100.903
120.951
92.2453
111.515
52.5637
89.3691
92.5441
114.383
85.9229
56.9981
103.315
86.1675
87.1249
90.1584
83.4581
97.2386
98.0288
98.2764
93.6592
104.669
269.752
98.1045
234.483
97.3763
298.474
77.9771
82.775
87.3858
273.013
97.0805
295.347
102.531
116.533
295.717
91.6115
118.412
278.518
108.058
127.34
103.226
107.093
86.4339
128.855
89.2665
93.2429
299.478
123.332
90.646
195.833
91.9061
128.965
114.187
296.369
101.972
298.677
98.8722
86.244
84.5121
148.819
96.1725
299.985
90.8923
79.2648
103.129
111.605
84.4961
85.6528
70.6891
97.1636
278.758
52.7169
183.027
83.1292
84.3261
94.8368
90.5029
93.3788
77.5847
79.8965
290.772
59.1125
104.22
72.2881
95.1409
90.0515
107.505
296.948
56.8919
108.74
158.339
299.563
74.5061
98.5333
108.623
106.888
60.1165
93.7007
95.1999
55.1546
98.5484
127.939
78.0696
92.9022
99.5106
104.86
84.879
83.768
118.295
127.255
90.3142
91.0058
294.084
85.9638
96.9966
151.404
93.969
151.986
87.4238
102.45
63.2629
86.6685
54.7297
90.9392
123.771
297.43
96.611
297.579
145.115
93.3369
87.4742
92.9407
91.5023
74.634
73.319
90.5455
64.263
83.6683
86.999
67.1546
88.2784
92.7587
85.6305
74.7733
85.7465
91.1594
299.63
94.8172
112.554
113.436
64.6595
104.744
99.0731
92.1222
54.0725
91.7452
85.0914
293.969
92.8477
106.628
108.817
95.4129
184.588
88.7583
285.645
74.8933
298.197
82.9333
227.11
122.6
104.33
251.391
108.871
91.3973
120.68
190.309
97.498
93.689
120.8
133.296
116.728
88.1691
101.428
298.073
87.9247
114.787
117.403
85.4696
54.0218
296.81
298.05
52.2133
81.6396
114.453
98.1961
92.2627
111.692
84.9304
91.727
206.283
107.78
97.7056
78.6413
85.2728
92.7354
123.492
299.785
91.4873
104.575
90.3247
54.8949
86.4202
96.3476
98.2713
278.79
299.94
107.237
109.876
84.5709
138.273
241.78
83.8117
79.66
94.3522
91.9188
92.5335
143.187
139.88
98.9191
97.1502
114.875
164.2
95.164
54.5773
54.7061
155.311
298.302
108.502
194.943
95.1054
99.7646
92.4817
100.404
96.4485
93.0016
83.2378
102.028
125.401
99.0102
199.092
91.2063
299.957
288.264
84.8992
113.862
87.1391
86.3444
222.552
299.965
84.1242
80.9387
142.142
112.051
109.086
299.305
93.9201
109.257
76.9839
107.524
124.263
207.95
95.6409
95.0795
84.5712
105.51
100.463
93.5136
68.777
142.261
56.3959
95.8388
131.475
117.527
108.174
94.9228
87.5667
103.706
122.248
104.154
75.6033
113.087
93.2095
124.101
296.332
69.0756
94.1808
108.898
126.78
89.6114
107.524
95.1739
104.366
105.234
72.8457
94.2015
90.2424
88.358
87.0255
278.174
100.616
91.0133
298.737
299.207
113.953
110.055
174.261
85.5153
85.8481
98.0087
192.971
87.616
79.2928
120.376
110.258
93.5489
141.129
187.883
275.549
53.347
280.255
88.3381
85.7128
76.8328
119.143
79.2759
73.8594
116.649
96.728
143.006
109.706
95.841
73.1889
93.7708
94.0282
101.838
105.449
89.7425
88.7638
109.456
156.35
97.3401
88.9683
177.575
127.371
90.1329
88.0652
94.2794
77.409
192.398
80.4638
89.6455
87.991
292.319
298.926
90.424
75.1877
54.5195
86.4246
91.7973
117.562
85.7571
56.6031
88.0376
177.028
57.3234
88.2008
100.49
198.859
89.4077
107.176
115.733
90.2223
53.4828
89.6144
99.9845
118.522
105.599
91.8457
241.865
100.974
89.2711
118.421
105.85
124.13
138.611
102.603
87.7408
53.8367
95.0792
289.838
121.167
116.845
123.539
89.9522
90.4349
291.653
92.0186
95.1619
103.659
72.8887
276.497
109.283
72.3543
91.3985
112.321
117.106
126.46
92.0848
101.97
102.809
91.5175
89.791
103.626
103.743
291.941
91.3637
98.6616
90.2308
299.607
94.7555
90.5345
108.592
96.437
101.513
90.3395
90.3957
53.6703
110.031
123.53
89.758
104.698
282.212
90.7333
88.7697
105.681
88.4431
89.9274
85.4092
90.55
87.3058
91.1052
131.767
92.747
121.997
88.867
87.4459
86.0564
147.86
114.022
280.129
88.2976
150.807
89.865
102.402
91.8416
88.0592
128.072
89.7584
107.358
105.93
82.8026
93.8016
55.1758
96.7967
93.9693
89.0621
90.5579
92.228
98.1085
289.561
123.549
112.81
90.3684
120.646
69.5293
151.295
89.8948
284.106
108.918
81.326
90.3786
104.418
82.8379
90.1897
104.952
113.168
83.9899
89.7159
108.343
63.8533
90.0403
83.676
96.2535
91.4893
119.088
153.811
124.517
76.1082
90.9829
87.2639
88.5642
89.7818
89.5549
52.2023
69.7896
100.294
113.618
96.7727
91.8933
91.7012
90.0272
90.4656
90.165
86.7999
299.221
91.6438
287.399
90.7269
72.4374
93.5194
279.128
91.8191
115.398
89.5779
89.0298
98.4008
299.931
105.415
121.053
97.7378
92.8256
92.2736
91.8862
90.3422
70.5522
96.8906
91.5748
91.7175
73.4328
94.0212
90.0923
88.5624
53.0384
92.3794
114.777
97.3362
125.568
92.0119
104.923
91.8422
69.2003
106.248
91.6187
56.8806
89.2686
91.9104
160.136
115.798
67.0616
85.5422
110.678
90.7037
89.8563
55.1591
93.1848
91.5978
87.1862
90.4489
90.6698
99.0126
104.575
89.7826
104.024
91.1749
90.5303
111.657
281.479
112.254
116.569
92.1799
99.4267
299.548
91.1167
90.7173
84.9709
92.3711
120.133
91.0517
295.745
105.304
294.746
84.4827
136.165
108.449
112.392
130.164
86.4624
88.1913
153.261
94.3343
93.3504
55.4228
103.56
92.5096
93.2484
93.0324
299.99
88.1953
299.338
75.6155
108.482
83.0559
93.0895
105.031
95.3807
89.8104
299.41
75.3931
91.1723
81.4839
90.276
88.9194
286.117
279.838
57.2241
101.796
87.4697
293.249
91.581
87.2792
54.6505
53.0208
135.975
92.1159
115.387
192.333
91.1267
90.7143
90.2945
88.6497
285.997
95.9286
90.8452
120.429
87.6296
290.849
117.928
91.799
69.9649
298.27
124.748
94.5522
92.7526
76.2994
113.383
93.1624
106.066
76.5354
83.9808
89.7314
156.684
91.7876
77.1708
97.2969
96.7587
92.0037
91.9382
105.486
90.252
97.5167
92.0024
91.9774
91.4485
286.815
78.4989
89.0308
91.8436
89.8841
93.6672
95.7075
297.362
91.8294
89.9191
54.0275
115.266
92.451
86.524
86.54
129.471
130.716
92.6099
124.242
264.2
89.0737
299.393
299.524
299.306
298.299
298.637
297.171
299.592
299.135
299.65
296.888
298.769
299.701
298.473
84.0708
100.049
55.5076
272.651
88.0898
298.105
82.8737
106.21
91.4019
88.0284
98.581
91.7049
74.8744
88.4031
112.616
85.3662
297.431
87.2698
103.068
92.0235
296.559
89.3973
93.7416
94.4931
70.5527
151.539
239.928
90.6181
96.6047
113.56
296.912
90.4105
295.138
98.2256
117.764
93.4311
241.555
88.6762
77.371
91.5648
267.502
93.4408
91.9559
92.4879
84.3942
105.139
299.445
296.023
287.979
87.3746
119.781
64.5198
105.033
95.0411
65.2216
76.7357
85.7546
87.2023
87.7927
91.8961
96.283
65.4448
62.2044
84.2812
97.7188
94.228
106.468
99.5621
117.75
151.479
100.363
90.9847
89.1579
92.0428
87.3117
90.845
59.1268
74.3979
86.6083
84.086
87.0893
72.6623
77.274
52.4578
289.049
83.3293
83.2604
119.419
93.8958
98.6213
124.979
83.5897
113.921
112.117
86.4326
115.456
93.2019
70.493
88.6479
86.738
92.2542
284.458
91.6385
97.2323
75.9023
299.576
91.623
112.236
114.237
107.815
89.3301
92.1331
88.856
93.6084
80.9775
96.9965
92.6491
86.0142
64.2608
118.563
92.7839
91.7015
144.267
106.423
108.24
60.1776
84.3856
83.0315
92.9678
92.3043
83.8015
87.0622
96.8134
95.241
103.664
87.5464
91.7778
92.4199
285.6
94.6057
122.558
108.849
102.422
98.3672
93.854
90.2097
161.239
107.647
105.14
93.7992
103.289
97.1258
74.7916
108.176
90.2085
100.162
91.3282
86.7986
294.08
94.2274
298.254
92.6789
93.4995
106.029
88.2531
89.3275
299.958
55.3472
54.8625
93.3422
88.5599
86.3035
98.6891
92.0189
88.1462
86.1879
93.6425
104.713
116.001
71.9645
93.4814
93.8329
85.6988
101.091
105.1
87.9598
167.516
237.072
222.923
94.5519
114.849
86.2807
124.556
94.355
58.6195
186.881
66.9856
84.6909
108.504
97.2674
299.859
94.3465
88.4702
123.17
91.1838
75.2556
89.6782
86.7168
92.5623
91.1855
52.571
89.9427
87
140.004
91.829
82.0228
55.0765
94.8517
152.059
126.685
120.737
93.2073
86.1214
87.6946
96.6557
92.5428
93.9883
112.314
94.7862
94.9023
112.751
99.1768
87.7207
86.6245
164.779
91.8209
88.7216
69.8602
96.1387
89.6608
92.6437
88.9315
95.9526
282.911
80.8834
86.4109
75.2916
99.2162
89.2274
94.1193
102.678
87.5917
75.4979
150.339
117.026
86.4905
116.941
54.3275
78.4912
74.7836
86.8019
111.553
78.02
94.3384
88.3705
57.3805
89.7447
86.4573
86.8068
100.799
88.5191
56.4046
117.726
92.799
87.6401
58.5109
277.196
87.3518
99.6661
87.4486
95.0476
165.345
96.644
88.0475
88.2156
130.919
89.9702
76.3939
184.803
108.186
107.392
72.9721
116.418
81.8976
88.7142
77.5164
104.706
55.5334
87.3648
91.2654
128.358
287.891
87.766
92.8326
117.578
90.5468
90.033
119.783
86.3449
103.965
83.7382
87.0382
299.89
89.746
88.0771
124.397
87.3115
89.712
128.932
90.4962
87.8575
80.3303
89.798
90.2338
90.9397
82.1738
77.3363
86.4235
130.054
89.1982
88.5556
88.8757
95.0949
90.0897
54.3895
81.4376
89.0098
95.4625
91.7946
103.286
94.6317
90.1966
95.6819
90.3821
92.4224
116.45
89.3993
73.8924
91.5622
128.027
66.7822
103.552
94.1031
92.2003
107.141
91.0862
86.1884
245.322
99.2476
88.967
83.9748
96.8819
89.9696
86.238
101.964
189.042
286.74
55.3206
86.874
91.9365
89.1807
95.9412
55.4044
115.04
88.202
81.039
95.1264
79.4676
89.6912
246.442
85.8732
90.7449
91.5842
92.8079
135.149
115.953
95.7205
91.392
125.146
282.382
87.8445
95.2447
95.5508
86.0128
94.3549
123.367
88.4943
114.051
82.9752
91.6156
120.775
278.716
97.8163
120.376
100.661
78.958
89.862
89.7297
69.7771
89.5924
275.862
86.9473
125.278
96.9859
53.95
278.668
92.4526
96.2673
133.324
90.7662
91.2342
101.086
85.2875
94.4644
86.3625
75.5768
127.84
135.163
94.0269
115.888
92.7463
198.852
93.5023
90.408
87.3318
95.1082
99.2328
95.8334
92.5667
92.7185
88.8258
86.1219
95.4679
92.6363
88.8858
86.955
298.882
118.434
91.9458
91.2415
94.452
90.9397
118.802
88.3087
75.8591
87.0774
91.9065
89.2452
119.959
93.4042
74.8522
81.8782
86.0658
101.94
89.7712
92.949
103.115
89.9599
86.9217
122.489
96.0123
78.0632
90.2886
88.6815
90.9845
90.7491
92.2512
90.7233
91.6444
97.8123
77.5418
115.747
87.7812
117.344
90.8503
91.3231
89.6433
96.8541
96.3541
91.31
74.4895
83.1634
91.7548
81.8855
87.6494
106.389
96.4667
283.092
95.4803
130.359
86.2497
87.0162
86.051
98.3814
115.348
70.6023
91.9392
55.6505
90.1057
110.381
53.4324
91.5632
284.035
90.5765
100.999
100.408
88.1628
88.9255
103.143
286.044
117.315
88.7819
299.913
90.2778
67.4188
90.0581
93.7367
89.6186
93.3238
76.5845
281.354
119.677
92.1063
298.652
98.2482
92.0883
90.5409
136.998
91.8248
98.3224
91.9618
277.049
91.547
84.5733
78.4431
88.2226
91.3574
83.6579
91.9749
100.771
197.207
121.028
69.7492
115.647
299.975
131.052
86.7925
86.419
121.316
297.363
89.949
110.707
81.4631
97.0316
101.971
89.234
141.023
89.4621
112.885
120.198
96.3826
101.582
95.354
85.9404
87.4773
96.702
82.9842
88.2283
288.79
84.0524
94.374
147.804
90.3564
93.6269
98.3158
92.0574
125.131
284.211
89.8025
287.367
83.8202
91.9034
102.851
92.3796
90.0723
91.7123
97.1756
281.623
81.9247
279.077
116.907
94.1496
286.14
121.151
277.146
94.1919
87.4368
83.5078
298.422
83.1895
88.9322
87.8022
90.8635
92.1535
271.313
88.7599
295.52
92.9172
85.864
97.4609
105.361
283.911
87.5552
90.7127
84.0862
91.6155
83.6729
91.5488
84.6954
102.476
92.2665
109.765
76.1919
84.0046
87.3652
89.3842
83.3008
98.7128
92.7408
90.4858
86.6269
81.7352
84.2702
91.3283
240.708
88.5243
284.774
83.4638
89.6053
120.471
104.299
73.9379
82.9785
107.726
54.2301
90.7398
55.4973
54.3812
55.0949
88.4291
85.2706
104.7
92.0973
147.098
97.5027
97.9006
91.821
97.0479
102.364
80.6053
97.7094
90.9836
88.0433
108.04
282.683
299.91
99.9642
90.7698
97.9276
93.6538
89.1266
85.0287
162.628
97.5549
86.9309
91.0433
117.671
68.2858
294.623
98.1861
90.0251
88.8273
95.214
87.4909
88.4389
79.3236
90.8959
95.2245
99.0682
99.1573
105.751
67.2109
276.329
89.8709
299.827
66.9847
158.369
89.4411
88.8275
98.2996
88.4938
96.904
265.562
97.6545
93.3484
93.4859
85.1619
101.48
77.7813
113.26
94.9984
90.3409
90.2759
57.7108
79.3295
101.339
180.228
133.907
99.6561
102.137
53.9668
111.783
86.0676
131.381
89.5829
100.077
97.9574
292.369
299.311
87.7384
93.7384
132.066
75.7146
82.8736
118.551
56.9209
56.2869
99.2906
84.2712
125.572
98.0614
90.1325
119.393
99.9468
94.5306
92.7596
90.2786
81.4037
113.141
87.9012
100.936
94.5236
93.9988
88.5526
85.5798
94.2429
86.8023
111.943
89.2886
87.3966
89.1267
91.5387
87.8205
93.5014
89.5398
86.8968
67.8265
88.389
72.5064
64.4508
278.763
87.7604
94.1276
92.2544
286.972
189.261
88.5054
94.856
88.078
118.968
102.024
299.154
289.976
111.96
85.0296
55.2752
87.1405
99.2338
85.1892
107.379
229.993
140.622
90.8322
100.412
91.819
88.041
55.8561
87.3513
211.323
289.002
90.5061
268.742
97.7111
129.832
91.8895
98.8325
57.1425
95.7795
88.1645
96.0597
91.9216
55.9853
91.7348
89.1781
106.667
107.668
104.858
105.108
128.703
57.4809
83.6151
106.464
89.0641
96.673
106.553
86.8839
282.97
186.871
101.8
196.126
58.9201
86.365
80.7212
132.065
81.4151
90.2216
55.5044
81.9933
147.008
88.0876
135.065
86.877
72.4826
89.7784
127.871
56.1111
87.319
125.69
90.9526
93.6682
84.7955
83.257
87.9824
122.777
289.913
92.0125
98.466
92.2745
100.303
89.824
103.514
95.1114
288.912
116.244
86.3579
279.685
86.1712
88.642
94.5766
92.5006
119.12
86.2619
109.581
98.9788
106.918
105.882
86.3647
121.419
69.0126
124.586
105.988
93.2283
86.3073
88.1283
107.764
85.0063
89.9897
86.118
99.1147
84.288
88.3378
95.333
147.116
95.5706
86.6207
86.457
133.357
104.121
91.1687
133.864
119.496
99.0915
95.7282
103.474
78.985
89.6621
178.665
99.3447
131.241
55.1949
53.576
104.923
73.6334
142.646
91.5319
106.394
293.477
102.753
87.2595
84.6472
122.205
86.2732
91.2641
89.1091
93.235
93.051
85.1872
81.9118
93.0134
94.6246
89.071
115.101
87.356
118.806
93.3298
123.327
95.8326
288.171
93.1642
90.9448
85.9632
86.5923
88.2186
90.6676
96.1373
94.7986
229.114
96.4069
156.473
90.8975
102.546
94.6931
97.1775
92.871
93.5108
104.161
108.98
112.109
120.496
96.0052
86.3275
87.9807
130.213
86.056
138.329
97.7896
88.2644
94.3826
89.1948
56.7566
186.038
89.3656
280.195
91.0262
99.2914
102.458
77.1443
86.2124
95.7993
86.6661
97.5374
86.3591
96.6123
93.987
91.6372
86.8829
94.9998
119.931
80.3251
103.742
280.604
117.258
96.3081
96.341
102.002
86.9182
86.2557
129.843
270.344
96.4643
89.4962
93.9175
98.5833
86.0642
116.564
101.282
91.8953
121.389
90.9054
292.116
90.2492
94.325
92.3545
85.3088
88.2266
274.571
77.1809
95.0298
88.4946
92.7099
113.679
86.0871
100.494
100.293
100.111
294.067
93.1472
84.7835
88.4311
89.2517
92.2913
89.4704
64.6308
145.646
134.43
92.773
90.1042
96.608
86.4275
95.5682
123.319
153.323
165.934
123.311
99.9856
68.7317
282.639
116.321
84.0454
87.7268
86.4031
82.5304
96.8842
86.2616
89.6518
182.518
95.9958
88.5561
56.0472
98.7983
88.5064
109.12
79.4589
92.0957
89.8099
92.2794
97.4802
292.632
117.488
91.9528
59.5855
165.325
287.167
100.742
104.796
123.377
102.324
85.2853
89.0315
96.6777
56.815
88.1772
92.4241
64.8174
77.9857
95.9179
96.0851
84.6751
90.6273
73.3414
76.5758
99.5477
117.827
80.8901
55.9037
87.7971
92.4201
276.187
103.342
85.8723
114.792
112.16
288.871
136.21
92.5889
88.0264
87.4223
89.783
108.343
97.5768
84.5639
106.983
95.9618
83.5788
90.9858
86.7847
97.8304
88.1023
95.1842
108.103
104.826
100.987
293.316
88.4356
82.2973
99.5239
97.5047
96.0241
105.19
93.4892
92.2582
93.4339
91.8819
264.655
87.6612
86.9162
97.7217
190.426
97.6561
89.7309
104.096
92.0612
95.2682
105.823
135.054
91.7769
119.707
109.769
108.144
87.5077
61.0295
86.8612
145.518
103.144
86.4714
101.9
112.03
88.1213
90.5344
185.734
84.2507
92.4896
81.8146
64.8379
93.2204
83.5561
87.6477
103.776
88.6376
87.0275
97.869
81.4619
104.252
117.952
89.8476
90.3297
92.6584
89.1307
93.7202
279.241
86.5616
52.12
94.0621
82.2639
105.175
98.7827
94.6982
104.922
91.5974
288.541
86.6455
282.494
99.9347
104.987
56.0843
99.7697
95.5081
98.165
139.351
83.9512
95.7196
88.6928
97.2426
73.8193
93.6341
97.8212
89.3001
85.4497
92.6627
88.3005
91.9978
88.9837
91.5343
98.027
91.992
122.179
177.946
89.8943
108.274
92.8557
90.9521
99.7661
136.25
109.098
92.226
81.8035
91.3475
85.3589
103.272
64.0778
90.0483
89.0288
88.1789
89.8472
120.922
86.0722
283.233
132.134
90.6582
105.629
53.9803
118.078
118.391
88.026
88.0445
92.4435
56.2658
91.2783
174.061
94.4446
117.112
106.254
124.175
78.6362
106.849
93.8469
86.0072
93.3724
90.8204
72.6473
94.1474
86.3918
57.8649
90.5186
87.3515
97.5968
58.5506
91.7171
94.1541
173.147
92.0911
140.634
72.8258
86.7537
299.848
96.9956
77.145
86.1979
82.8431
85.1018
90.3807
92.7614
70.0493
102.744
98.7079
98.3351
74.8165
91.7184
283.019
112.733
92.3992
98.957
90.3343
69.5451
91.9042
90.2904
155.481
99.2424
93.6601
87.3095
193.2
288.526
299.988
86.6191
63.9881
129.325
98.6279
104.316
90.8306
98.4109
87.3476
91.3235
94.9009
291.138
94.3826
94.7453
291.329
88.0398
84.904
101.187
91.0279
90.2906
67.5792
87.1539
83.9167
92.082
121.514
96.425
143.713
86.3243
103.21
283.298
102.495
86.9034
56.8401
90.7768
85.8272
80.5929
119.594
103.043
82.4434
103.65
74.1336
92.6306
123.984
64.0587
89.2721
88.28
99.1673
90.4049
92.9128
85.2494
91.5255
88.3128
90.9269
126.806
98.9682
87.8525
92.3405
89.3245
83.3545
89.5926
89.9488
113.503
98.6513
57.6843
86.7228
290.481
99.1274
114.199
89.3034
79.0346
91.3493
282.347
139.564
102.499
176.699
93.7912
78.2848
135.371
93.8363
88.4654
89.3175
102.366
89.9607
131.294
81.5601
201.738
90.8124
299.976
56.8564
87.53
85.9749
245.949
118.042
100.94
92.1816
101.713
95.5419
94.766
93.5085
87.1786
90.2122
102.456
94.9331
68.0932
90.7414
88.7828
121.71
56.7448
93.2071
118.374
94.1405
101.729
91.4799
90.6946
85.7309
101.287
88.9895
93.0209
75.3481
280.392
96.5257
96.7496
97.6997
96.6238
93.1734
96.9832
91.6159
54.9063
100.803
86.9326
100.748
87.2519
105.145
93.3375
277.484
59.134
86.4199
87.8649
90.7619
81.5184
286.942
69.1225
88.9931
289.817
101.823
89.824
87.0788
291.6
76.1973
94.3914
104.734
104.429
56.894
91.3874
90.8342
94.5822
288.828
277.513
92.8163
73.4298
58.2135
100.989
97.1533
53.1379
86.5404
299.589
82.9025
96.1886
109.757
87.1029
70.3465
107.065
101.194
126.786
86.5016
96.9316
83.5139
275.03
91.0738
92.7914
93.2178
86.5069
81.7972
95.2133
93.5411
89.7534
84.7291
101.535
85.7594
90.9461
103.357
69.0554
73.3437
90.4774
88.9768
121.714
95.3494
89.8063
111.942
85.938
83.0943
86.1522
96.4654
91.5213
107.699
70.2763
146.237
134.333
89.0034
96.4183
92.0429
97.048
105.649
107.305
91.646
98.165
93.4561
93.8283
69.2604
108.69
125.479
98.4896
116.572
101.41
123.725
90.9043
85.9134
86.6956
72.379
297.604
111.655
106.658
122.35
91.1633
87.0369
128.483
56.8466
98.6648
283.588
168.889
92.5212
91.4021
75.9866
106.148
97.8834
89.286
126.515
133.768
297.974
120.09
137.601
104.631
103.569
94.9226
297.65
95.9279
122.571
230.035
285.072
109.123
299.312
87.6642
97.4271
190.652
78.4468
69.7995
104.851
94.0869
279.805
58.1582
88.5408
91.8385
96.3672
104.756
178.048
70.823
106.944
94.6501
139.819
88.6322
101.59
94.6116
119.385
97.1063
99.6942
96.8321
90.7927
96.0012
93.368
100.884
160.189
64.9678
70.0083
96.0794
299.801
103.885
83.7735
84.5083
112.777
53.0805
84.1536
100.04
87.1107
94.7626
92.9104
67.6739
88.7653
95.5964
58.8988
92.0883
94.6514
92.2605
81.8907
111.507
94.0387
104.96
98.0965
93.6031
87.6126
105.009
125.577
96.271
115.634
95.7633
86.3381
127.562
136.858
91.0527
100.426
79.614
108.434
96.4655
92.5874
113.594
174.137
87.5119
189.804
94.9267
89.2241
113.855
92.3041
77.4052
89.1008
108.949
270.489
95.8102
98.5014
199.689
105.924
110.692
184.937
282.182
92.1913
97.2952
95.1916
82.3105
90.6494
70.6714
113.704
91.4653
104.334
84.1843
91.9511
58.2958
77.9224
72.0392
97.158
103.107
282.634
94.0168
85.4729
142.044
107.49
113.1
109.714
101.84
59.2446
108.604
82.337
97.4903
97.2422
299.809
70.072
85.8851
113.107
88.4449
109.953
110.43
94.4509
87.865
86.3731
99.5468
124.676
171.564
92.1436
88.504
89.1342
87.0255
92.3407
90.2285
56.1374
125.479
86.0058
89.6754
86.9009
97.8047
88.9349
57.0055
86.5506
72.5836
55.1923
175.44
80.9973
89.9142
108.93
287.114
168.981
104.503
58.7967
85.2147
93.0103
131.662
81.7958
87.9731
109.603
101.143
172.73
104.745
70.6769
93.3301
296.604
276.736
112.833
63.986
81.6774
146.505
90.238
79.3238
87.9526
51.0805
82.2885
91.8751
73.3046
94.3272
129.006
68.6866
98.7632
88.4312
86.3893
276.734
297.764
92.7818
88.9236
287.374
117.73
93.6265
103.408
88.9728
189.259
72.8827
93.5684
167.373
85.2682
289.697
89.4656
129.686
87.6186
70.2012
100.207
101.747
145.325
291.11
82.9105
94.172
90.7826
71.6545
93.7626
127.467
107.99
277.771
98.7352
99.5128
71.1342
78.1851
90.9249
81.9341
98.9578
109.564
85.6245
79.4602
99.1993
83.5742
93.4787
90.166
70.8469
86.298
96.9995
55.5147
86.4766
74.7699
113.923
89.634
93.954
271.724
96.323
98.7053
85.6561
77.6108
86.8833
102.485
97.5071
99.1047
88.1324
123.524
127.669
64.9893
75.9726
88.6308
131.301
104.245
287.73
90.8471
289.354
89.8545
84.1667
106.272
130.327
90.6059
264.866
71.1092
101.151
282.56
285.162
59.1863
266.118
70.5846
98.9137
126.002
96.293
89.2426
92.5721
97.0535
105.354
96.2779
135.08
89.9155
107.493
183.711
80.1405
85.6325
122.791
279.838
88.1066
99.6831
79.9384
95.0483
90.1547
105.413
86.2407
94.0575
125.116
148.937
91.0598
92.9372
88.3373
92.1375
81.4307
124.837
86.3512
71.6294
133.003
89.8157
105.652
100.736
96.562
93.5548
283.002
72.3523
95.934
94.0758
90.5952
77.3802
93.1096
285.527
96.3718
97.5858
116.964
145.582
123.436
91.2118
87.0138
94.4697
51.8346
106.527
95.8919
107.073
95.9469
93.163
92.4785
161.335
87.5384
90.6094
87.5526
63.9529
56.9008
98.8483
87.6302
88.3203
86.6984
59.5134
93.6553
90.5638
98.4795
74.6597
101.971
74.3084
112.614
129.971
86.9929
91.92
95.7647
73.9577
88.4732
94.7217
94.38
96.9695
117.825
119.095
106.023
90.2037
130.64
95.3198
86.3723
89.6492
89.9695
76.8658
86.3511
71.9391
108.637
108.737
172.978
96.2612
132.223
67.9154
92.482
90.7475
101.679
100.429
95.0181
127.001
72.9881
88.1125
172.155
93.6326
99.8707
110.754
84.5733
91.2136
104.683
299.791
86.3025
100.468
74.435
100.966
150.948
131.02
89.2969
104.1
110.6
89.5326
94.2794
125.873
75.5864
293.899
97.4783
91.976
89.8878
101.207
106.927
72.1647
277.836
97.1752
122.59
119.594
87.7404
87.2821
141.659
77.9828
291.285
93.3055
85.9633
292.388
137.844
104.238
84.5142
73.8344
107.36
75.3775
92.6382
101.421
116.484
114.83
84.5002
114.988
294.751
111.498
74.3515
103.825
92.5392
88.1444
84.6672
81.9254
279.879
140.4
96.0351
62.1998
72.8515
76.7898
98.4168
210.481
70.1143
89.6562
290.064
90.7159
92.6972
290.898
77.3589
83.5463
100.578
75.7096
255.789
102.444
89.1044
89.3446
111.184
101.844
86.9925
92.668
285.737
98.4239
99.2976
99.6686
75.5524
101.729
90.9219
97.4796
84.8414
101.598
93.2585
64.1374
84.7997
90.1601
100.286
89.8746
291.819
105.685
85.4846
107.406
131.475
93.4171
100.265
154.102
120.025
296.241
200.418
153.85
107.985
96.096
90.8
92.1956
106.954
129.584
97.875
101.916
72.4194
146.946
91.1213
86.4502
90.1583
77.7241
90.5643
69.6237
93.3366
94.9983
89.4342
90.109
86.8389
94.7691
99.2138
94.7983
77.5742
97.8695
90.6857
93.8807
70.7088
114.484
90.8489
88.5996
107.182
95.6358
115.704
87.6943
75.2796
133.888
96.5212
97.62
109.97
74.8463
98.0779
105.605
115.681
85.9502
85.978
76.13
93.2473
87.4051
93.9838
89.7651
92.0706
56.3977
58.1542
76.1891
114.24
278.117
107.263
106.207
92.7173
98.3174
89.782
97.8815
73.0047
96.8019
167.894
88.7645
89.9046
89.7762
107.632
74.0487
85.8962
263.96
86.941
90.1826
99.5751
132.02
96.9977
90.9313
101.622
93.8246
88.3052
90.4155
86.9439
90.5809
114.854
90.1511
98.3901
53.0095
75.5475
103.075
85.1582
102.444
274.949
70.9096
83.8997
94.0679
95.1264
275.277
115.297
277.276
103.299
117.384
102.402
299.805
102.723
93.8696
69.6174
98.0261
95.8908
292.807
295.596
87.9712
108.054
92.6293
85.6663
106.38
95.7797
86.0878
102.405
297.648
93.7855
82.2802
107.41
107.465
96.3198
103.224
112.025
74.4801
95.1584
296.972
90.5095
52.1335
107.764
92.2455
86.144
107.597
62.9522
87.3569
76.5161
88.9827
129.685
197.355
136.935
97.8721
132.431
89.7666
107.045
78.636
69.9337
111.612
128.311
109.639
76.0374
91.6401
104.865
70.0483
113.701
76.144
56.0446
104.452
98.9729
117.071
82.9501
109.528
111.525
88.0474
89.4308
96.366
285.331
86.76
85.9089
97.6709
118.483
280.881
96.144
104.713
91.3908
291.854
92.4687
119.617
89.436
78.5946
130.96
91.701
88.6597
89.8845
139.667
205.187
88.6468
95.0708
87.5198
118.111
94.3966
299.768
173.334
97.4393
278.966
106.568
82.8906
92.4572
58.7939
96.1347
86.2541
141.453
115.671
58.7286
98.3282
133.923
114.416
88.5507
161.938
77.7722
94.5636
88.1224
76.1201
74.9953
143.741
92.3975
95.3265
94.1084
119.319
110.764
84.7319
86.2188
91.9227
117.707
88.7406
94.9963
78.0277
106.047
82.7057
97.0529
283.453
143.439
284.338
88.2635
299.769
76.3187
71.4351
118.502
77.5156
91.2466
69.6594
70.7092
98.5477
106.208
91.8821
278.039
79.5127
299.975
96.1125
61.9542
70.8796
87.0509
150.013
87.4459
98.0292
98.3517
91.4569
158.023
120.574
276.863
81.3087
115.138
98.8943
86.1327
97.7882
59.2201
273.804
291.348
55.1351
105.484
121.937
55.9026
289.037
159.938
272.206
59.7469
299.685
90.7184
78.0877
110.077
71.1074
256.366
84.5385
92.4336
92.5549
52.8691
155.362
95.0557
96.8623
139.06
128.904
277.831
105.074
294.402
106.427
295.457
117.487
118.696
71.5736
289.962
80.7418
85.9771
113.795
85.9519
77.5357
101.262
95.717
54.4853
105.036
129.495
275.424
90.6472
89.7488
118.938
93.9718
105.196
81.5098
59.6723
96.1968
96.2362
273.527
133.393
95.3282
89.8204
103.497
296.12
114.989
125.288
90.1985
143.45
106.809
88.1894
85.3545
92.2909
87.9447
118.488
88.5181
128.366
134.972
115.404
85.8701
94.6815
125.702
95.0787
115.071
105.513
100.524
83.8184
91.8214
90.3779
106.806
94.0138
84.0579
85.9573
53.7546
87.1864
72.0467
92.1151
96.228
185.686
97.3052
78.3982
87.6068
98.5085
115.625
105.353
72.0805
62.2298
99.5063
94.5186
63.4571
120.824
77.0445
134.467
96.4695
54.1004
92.1551
91.2993
111.329
86.8191
52.613
85.6101
99.0124
79.5603
88.8477
102.164
109.428
90.5737
128.243
80.9088
151.76
125.946
90.3742
92.6842
118.519
123.109
282.014
72.5967
103.401
91.1214
84.6569
114.728
299.676
105.737
86.4628
291.11
83.2611
121.448
94.8261
82.9781
299.788
93.9876
103.964
96.3557
120.354
96.1365
86.8434
73.2798
281.909
94.7783
86.1698
102.407
100.889
114.31
105.024
89.0417
87.1852
113.185
87.9684
117.039
128.034
89.2345
131.503
134.594
157.36
97.4
87.0888
106.049
292.703
284.438
114.4
161.011
86.1317
81.9254
115.099
72.595
89.0598
101.471
93.5919
107.075
84.8849
96.8837
281.792
297.25
96.4545
94.7797
89.3453
89.053
86.3268
78.0199
121.184
176.129
95.2094
81.2126
293.422
142.708
100.054
87.0774
91.7065
95.6077
115.571
78.4294
89.7462
78.4743
90.2014
84.3247
82.7309
244.972
88.1063
115.837
92.6303
78.9923
120.008
123.47
276.866
123.275
87.2913
90.6363
284.744
279.26
54.5768
138.221
113.806
70.4075
90.0601
74.3239
292.406
97.289
80.044
89.4662
88.2037
106.941
74.7712
79.337
101.133
86.5807
116.81
117.511
94.8141
136.037
86.8358
80.4228
114.688
59.4779
82.8576
104.6
66.2238
87.5824
84.5703
187.586
297.154
94.6113
57.2865
92.7134
94.533
113.51
90.166
299.598
99.4633
84.0781
188.912
91.8461
58.4663
127.938
97.3911
291.579
114.55
107.213
100.956
133.261
93.9987
78.7513
93.7924
117.437
113.511
92.0091
85.841
98.0311
108.547
92.5987
96.5757
111.419
97.0829
170.489
118.113
100.45
94.7511
79.5719
99.9442
87.8644
111.336
285.737
97.7976
90.7322
203.473
101.792
79.9787
87.4318
125.67
95.4739
86.2602
137.671
88.1081
94.3616
85.2021
93.757
91.4722
107.409
97.9859
101.431
113.612
87.9789
154.561
87.1807
74.055
97.7232
114.456
84.7384
135.201
87.7052
100.612
115.997
126.627
132.26
74.622
81.7613
87.5695
120.918
299.063
82.7205
114.074
89.4443
117.592
55.8038
90.1617
135.83
108.514
110.257
75.7107
114.222
88.5259
97.5965
82.3761
74.5148
80.0834
81.4037
122.055
280.991
291.877
86.0665
121.86
91.9844
291.474
81.3858
107.569
91.8101
94.8469
55.2551
98.2914
281.814
299.298
107.383
119.808
274.626
92.411
294.068
97.7832
107.242
84.4291
81.315
274.62
96.1742
114.418
130.462
101.996
129.361
82.1335
74.4202
76.1584
87.7485
96.0882
121.709
95.6047
89.124
78.3705
150.638
279.984
133.01
92.3409
117.896
86.1826
106.327
154.004
132.153
86.1988
117.134
75.7617
101.272
281.108
101.515
84.5434
121.686
99.7968
53.6548
129.798
95.7068
98.8439
299.531
91.5325
90.2644
136.664
108.567
104.82
74.9906
92.315
87.1913
113.579
95.7912
99.532
115.883
100.48
102.702
283.443
84.1322
98.2803
84.565
82.4114
61.3462
117.442
86.9426
75.5383
73.3048
95.3365
82.2709
90.4055
87.5692
76.8065
92.6817
116.649
134.923
98.2864
97.3071
90.1053
76.0971
113.507
131.371
95.715
283.836
105.725
88.2039
111.167
53.3244
299.64
76.8627
149.015
117.203
299.714
95.2536
81.6008
298.285
119.314
299.674
87.1246
75.8662
278.234
116.727
83.7473
98.6969
86.2079
82.0697
90.6529
86.9609
85.3216
84.0607
89.198
93.2925
71.212
111.963
86.8331
88.5848
76.4603
110.096
90.2298
107.049
105.23
90.7256
56.0018
101.423
85.8896
135.137
88.8193
95.2714
63.7138
104.074
83.471
81.0128
83.386
80.367
94.7252
85.9287
124.587
92.0808
83.605
202.009
94.3433
122.184
88.1455
299.752
76.3633
153.407
91.7133
52.6101
77.5367
277.562
292.166
76.6932
101.912
94.4702
109.558
104.159
81.7539
121.039
103.121
154.713
85.2859
81.7304
281.374
111.586
98.7122
100.088
73.4723
83.7941
63.5256
127.164
273.936
102.917
286.851
279.288
84.9877
58.1833
299.953
130.498
90.2444
81.9092
111.563
93.0884
123.044
88.3928
107.562
91.7606
123.88
293.344
54.0079
202.77
114.887
90.0525
105.005
68.2047
236.102
105.441
93.0604
180.903
117.033
293.017
94.2023
65.1051
65.3607
86.3369
289.237
61.4809
89.4608
280.661
95.4463
95.073
67.3655
116.659
150.885
86.5473
71.6536
64.81
88.6392
91.2143
95.194
296.45
94.113
120.225
53.2703
118.169
123.163
114.679
95.2865
110.134
294.428
126.725
153.409
55.6592
146.746
279.472
131.818
86.1297
68.8748
88.7456
87.7
151.068
114.397
77.0015
86.7377
88.7034
76.9289
110.199
129.846
105.364
284.486
291.623
82.4853
91.3911
90.2076
94.2003
82.4016
67.0192
100.705
99.6001
299.005
105.108
85.3584
56.6892
100.259
116.993
106.018
86.2643
74.6812
290.702
90.6221
55.4282
65.6358
77.8564
121.736
95.5103
87.1992
76.2535
85.116
86.0878
183.781
92.6066
292.349
97.7578
85.727
85.5444
119.597
93.8665
97.4793
289.627
124.985
85.3201
86.0031
92.8697
94.5607
77.6345
93.3706
88.7007
87.2187
114.866
125.661
117.155
121.343
87.2695
288.152
96.2787
100.707
68.9607
86.6051
298.549
85.7577
99.0904
88.1688
97.6888
294.328
91.4607
205.659
283.202
81.6507
215.315
281.918
140.218
84.5422
92.117
103.298
93.1104
72.8089
131.346
95.9257
104.116
85.3477
123.507
97.2235
89.8414
91.0647
90.1889
55.9583
59.3967
86.1491
85.044
99.6993
118.318
92.3804
118.274
114.979
86.6847
89.6692
117.935
95.4767
297.928
144.729
96.095
115.212
288.857
115.342
85.7896
101.458
89.7881
86.676
90.1799
97.0565
262.166
78.7139
92.1714
287.964
90.3866
152.656
90.7952
103.727
128.162
91.4071
69.579
116.93
67.3343
128.316
109.533
93.2869
94.4253
91.9881
97.7575
130.129
148.073
87.686
119.893
131.742
95.6353
100.342
150.15
87.4631
84.0297
78.4326
59.5141
103.695
84.4185
121.21
88.3923
95.7732
110.585
70.5526
291.268
79.0046
297.015
289.707
142.652
86.0765
291.807
124.156
299.818
105.746
81.057
93.4718
86.6427
96.9745
104.098
299.885
83.0413
95.3671
299.086
121.874
99.7319
296.296
104.774
79.6013
86.3388
101.516
86.5398
148.383
152.447
111.329
182.817
87.8609
87.6263
84.3915
94.563
119.987
85.7086
97.4932
85.3852
102.298
89.1832
120.56
92.023
125.138
131.949
125.577
178.136
91.2814
201.034
88.8244
80.6863
129.026
120.861
60.0199
105.153
157.65
89.0439
111.721
89.7421
57.8597
116.258
88.791
189.353
78.7746
85.5668
86.2698
124.035
103.464
112.712
82.9007
140.198
96.3353
56.3024
87.8571
96.249
115.412
102.7
79.3142
97.7087
89.0881
288.218
89.2725
84.9417
92.0967
98.4175
101.406
88.6095
148.326
119.394
80.1151
290.116
87.9927
86.8562
153.368
299.47
96.1684
65.6401
85.4951
69.6533
87.1175
126.51
104.194
121.277
98.086
294.801
86.6115
248.487
299.957
87.8102
59.3048
80.1065
117.65
128.9
137.621
85.8577
148.79
299.505
96.9906
299.53
287.602
299.475
107.03
105.424
92.117
111.457
137.281
156.132
93.3963
88.8302
88.8918
75.4035
92.9888
119.849
293.346
85.8686
113.629
293.811
108.985
95.4059
87.7489
87.3279
283.078
62.9981
90.5062
299.444
129.056
271.285
55.4815
124.86
70.398
57.5783
85.4051
121.75
286.616
112.14
116.412
127.592
299.668
95.328
94.7877
167.556
166.031
125.875
92.1985
88.0208
72.0223
102.282
91.2322
114.526
91.1152
89.1615
125.559
85.7024
145.108
114.204
100.759
289.214
91.0489
94.865
287.902
289.24
86.4218
119.885
89.3882
126.432
75.5152
293.951
90.0008
299.72
295.183
80.6605
93.0346
130.62
82.2559
82.9732
88.4894
90.1476
95.513
286.318
128.504
171.212
85.5492
122.107
299.182
100.512
89.2125
270.313
93.893
126.728
122.858
99.3654
56.1224
130.102
181.703
93.3171
294.091
90.1163
95.1826
80.9113
111.937
100.508
292.389
72.2222
86.0494
81.8655
98.3098
298.88
89.2633
86.8374
80.1957
88.5155
90.695
100.271
88.4483
284.399
85.1377
162.352
102.834
102.128
101.926
82.4055
107.195
105.129
94.875
112.987
93.2678
85.5764
129.407
101.023
89.9727
123.11
95.1277
95.0078
89.0392
124.905
99.7563
85.8486
90.7834
96.2879
83.2768
105.427
142.806
91.5744
115.365
84.7008
87.7542
74.4394
90.7322
98.0554
295.244
111.142
77.6088
82.6433
55.9898
100.518
75.5358
290.057
91.1775
116.267
102.018
84.2853
95.4762
206.82
147.056
63.1699
289.672
90.6608
105.134
299.987
100.61
92.0457
294.082
102.204
125.865
101.261
80.9391
98.4425
100.078
117.336
50.8774
149.691
111.475
85.9602
87.0197
81.9099
76.1038
299.608
296.52
296.422
100.263
84.0679
91.676
118.024
104.113
155.434
98.3683
298.668
90.3772
298.308
70.4132
90.2563
84.4853
289.424
72.7893
90.0408
90.2477
92.9881
120.38
92.9907
103.155
283.295
77.5849
55.2241
84.7315
102.308
189.33
84.8993
56.593
92.2249
295.404
89.552
75.7484
102.871
213.68
56.1882
299.297
292.844
93.6077
114.327
131.584
85.0902
72.6597
112.527
118.555
139.39
96.2361
299.5
92.1377
101.125
94.3043
127.028
89.6654
93.6711
90.7182
56.3908
94.253
87.3584
51.8279
93.7101
58.5999
74.698
107.131
89.7299
104.464
104.618
72.5445
202.431
72.4041
97.5879
102.075
86.1695
72.435
74.9402
92.5785
89.2133
125.311
87.8308
121.142
93.8147
125.084
53.7954
87.8178
109.36
289.934
299.704
98.9179
94.3947
87.901
91.5543
90.6095
297.747
57.7813
108.777
74.9631
286.578
98.7112
73.3413
74.3699
299.692
92.542
297.778
89.8039
112.402
156.83
277.26
72.2476
292.894
283.291
63.1899
140.265
114.633
277.172
105.255
289.523
149.027
295.91
110.733
282.839
97.9528
167.033
293.094
299.665
141.041
297.224
295.511
299.468
128.701
97.501
117.752
102.89
124.492
283.51
123.398
77.5959
271.813
283.191
296.092
126.294
99.1369
101.626
93.1897
88.4473
62.6377
117.452
72.6891
95.2192
296.827
299.94
160.31
109.876
95.4312
299.632
96.4788
87.7002
115.822
99.1628
281.948
93.4031
294.305
109.744
299.954
86.548
97.5426
126.017
290.526
87.0859
90.4227
76.63
141.222
152.954
75.0801
72.6568
92.9297
297.193
283.779
89.2392
85.5981
102.901
91.8815
145.815
299.989
121.051
94.8663
140.16
71.9345
75.3183
92.0217
130.367
103.793
84.7442
155.165
115.087
291.897
87.1388
290.549
190.92
64.6858
102.916
56.1565
96.8168
98.4977
86.0974
93.8105
221.61
67.2207
91.7851
299.437
92.935
296.401
299.074
129.029
290.378
286.036
87.5487
101.655
132
77.8774
82.1857
90.1439
51.3128
299.472
103.177
85.1937
294.443
89.2407
132.132
106.794
96.1288
133.216
123.339
90.9279
99.2966
91.6013
92.7226
59.3164
294.452
299.349
87.5951
93.3228
86.2359
93.9021
87.7636
95.5507
87.6688
137.632
77.1203
98.4395
87.1774
84.4687
103.221
126.317
188.03
103.879
100.952
288.314
125.648
131.675
299.409
93.7676
96.6514
102.904
128.063
94.6697
294.388
95.9225
87.8421
85.9262
89.3168
157.791
93.3525
90.575
295.497
117.181
120.733
201.115
143.858
80.7
96.0824
139.289
76.7018
91.7269
77.1351
295.445
299.276
297.094
70.5985
299.896
299.617
85.9524
92.4055
88.3742
66.942
85.9251
85.511
92.5824
104.186
88.6297
51.3819
94.9183
96.8152
299.138
104.756
298.416
67.7416
299.054
115.76
105.364
299.324
298.216
293.816
94.287
85.3294
89.149
296.905
96.6987
94.3482
63.4743
86.974
76.9285
96.8696
101.237
85.5733
93.772
297.663
86.7552
295.532
144.316
62.611
59.9658
291.753
97.6931
298.918
291.743
84.6899
297.607
296.617
146.315
64.7507
87.0554
85.5025
299.978
88.3855
106.218
90.3138
295.631
280.547
65.0914
299.025
86.0063
86.1877
294.567
104.249
96.3243
151.023
93.882
296.786
293.853
75.9367
95.3771
297.867
85.7686
92.9736
298.777
295.016
75.8128
84.162
94.374
108.504
85.8856
299.959
90.7384
132.592
58.5856
124.846
297.978
128.249
299.961
298.796
58.0573
97.0643
95.3316
141.763
299.88
111.811
299.59
87.0885
297.281
91.0732
298.597
117.93
86.0085
113.497
104.18
81.8539
147.548
89.048
94.5178
299.283
127.697
86.8389
93.8294
296.343
100.517
89.7372
96.9941
130.681
299.479
298.494
283.274
75.5246
73.2376
296.35
298.04
115.32
89.8552
78.6705
290.571
291.824
140.415
91.1493
299.978
88.5267
77.1614
299.478
298.322
294.986
298.44
94.6609
93.2063
81.4621
79.7746
96.7588
57.3417
299.754
87.9268
126.481
86.4758
293.493
299.557
295.38
298.782
128.766
113.441
110.124
291.391
288.244
298.478
96.4708
299.953
96.2593
98.8257
91.1889
90.0797
297.971
73.2949
293.356
98.1655
298.203
109.426
89.0518
88.7785
80.7511
299.279
85.6207
297.305
299.836
275.301
87.8503
106.425
96.5242
56.2413
115.819
283.763
283.762
82.3146
118.322
95.6968
93.8233
94.2007
96.0001
90.3281
68.4397
295.734
297.465
299.769
298.168
120.215
297.904
285.689
103.376
103.889
81.485
104.895
74.8354
205.27
97.4185
72.9495
285.209
297.413
117.743
111.511
299.094
297.518
83.0559
81.3319
283.993
297.622
91.7915
297.696
296.511
106.877
56.8804
99.6308
89.0522
98.4397
297.084
160.696
296.388
97.9215
106.794
105.379
87.9602
129.53
97.6797
297.106
299.564
283.094
158.856
93.8478
100.166
298.808
292.938
109.13
295.016
97.2481
86.179
296.393
126.982
299.887
296.716
126.3
98.5432
89.0462
298.335
91.9884
93.4908
95.1527
72.4409
103.454
152.315
84.0251
297.58
136.866
298.539
84.5633
89.5317
294.842
163.331
58.9682
99.2957
116.278
100.247
138.916
117.42
91.247
89.0674
289.497
126.33
102.088
204.674
298.06
299.51
100.737
299.608
55.2317
299.593
101.168
299.611
299.878
299.61
121.398
185.968
55.4957
106.672
299.411
299.492
91.6485
298.213
102.876
299.588
294.642
127.485
275.301
94.3019
93.9981
92.1933
109.44
105.461
92.1218
150.908
97.7086
89.8011
111.623
139.105
156.657
283.383
117.052
298.095
91.0231
92.0153
87.2485
109.84
98.9226
281.137
297.716
296.735
299.248
284.231
100.818
127.177
87.7962
297.235
75.2281
96.1946
89.7643
63.733
299.331
91.9098
298.445
276.774
85.6479
238.74
275.66
295.226
133.796
91.9482
93.2327
296.836
295.694
77.6018
107.397
294.498
87.617
90.2652
299.866
82.6282
84.9911
269.339
84.832
52.9332
294.427
299.162
101.377
104.497
63.9385
299.309
299.006
73.4816
97.7217
298.738
144.952
282.989
84.7111
117.55
98.2501
144.449
149.526
89.2964
128.27
96.2715
293.122
146.317
83.6964
97.7283
89.787
86.1606
201.447
105.167
299.459
100.628
56.3175
90.2956
71.0644
103.733
135.55
84.6814
110.353
133.075
297.878
122.151
296.64
292.48
282.105
287.633
79.3187
99.041
270.123
298.902
92.0306
299.834
126.576
97.5054
87.8517
84.8695
296.327
90.63
298.719
97.3053
78.9415
273.455
276.198
87.6189
292.894
284.987
89.5286
295.977
119.719
141.169
299.221
92.8958
109.478
115.148
281.588
110.693
299.66
91.5852
299.971
208.318
91.1378
299.93
69.0315
107.144
86.8972
95.8004
72.3743
293.426
105.191
106.264
298.307
92.2098
91.5836
299.578
298.592
113.268
87.4358
100.332
99.8159
83.6825
80.228
96.2634
80.3125
94.3869
299.851
84.8624
298.54
93.0708
299.366
284.002
298.373
299.436
275.308
73.6066
100.544
277.987
83.2389
299.972
93.7046
298.122
281.733
299.574
288.199
85.895
128.701
95.7084
100.294
95.6076
119.217
296.54
299.97
97.0372
193.803
95.1851
104.804
299.241
117.345
104.348
70.3696
93.7785
116.05
85.589
94.3999
97.7137
91.0482
94.3646
299.649
108.278
297.837
93.1292
93.4042
297.942
299.747
91.9833
298.939
299.046
299.682
294.456
144.736
109.282
298.874
244.909
123.603
91.2934
299.716
141.568
293.93
130.177
94.4584
80.698
95.0353
113.73
72.441
98.4878
294.401
75.4474
86.5396
92.5106
91.1365
299.871
97.328
106.349
298.762
86.3355
140.972
62.6929
299.965
73.0406
125.133
97.8018
291.989
287.955
60.5973
93.8213
298.096
298.484
97.7483
121.107
89.3968
63.7076
288.888
121.838
112.09
100.579
58.9348
92.4505
136.526
111.852
299.133
299.865
297.937
298.141
146.833
83.9863
299.722
71.3133
125.335
86.0734
299.964
71.4234
101.686
97.6107
296.081
87.8218
95.2714
297.632
295.543
101.114
295.113
86.1155
296.423
127.053
296.724
299.722
101.171
297.134
80.8915
146.303
144.874
191.971
76.8749
76.0537
108.264
100.08
296.084
118.842
111.48
94.7534
60.2872
296.463
86.2856
295.815
284.907
295.408
298.686
85.7185
68.9325
95.2579
206.491
77.4083
88.0714
96.7053
83.8464
97.0348
88.2816
282.459
75.8088
73.4317
130.074
102.921
104.674
183.986
287.603
163.507
96.0967
99.0191
86.0662
299.82
297.078
84.6699
87.9555
299.83
69.6992
299.83
105.611
86.1362
273.986
107.668
88.9333
125.55
84.1632
84.4588
54.9795
138.519
120.553
86.6025
299.502
101.843
97.5911
147.371
262.996
185.065
96.0257
86.6539
81.5012
86.4386
152.645
156.962
105.982
115.198
96.0788
96.6514
90.0896
295.852
119.439
129.712
77.1039
97.9739
284.555
225.616
92.0359
69.2352
92.7202
123.7
112.072
299.786
90.2547
93.4042
123.913
291.204
119.112
98.9174
86.3288
97.6076
195.522
93.6315
76.3455
107.873
63.0689
129.797
134.982
75.8459
121.423
287.204
299.839
100.563
102.77
291.604
57.8822
112.387
63.6614
284.309
91.0659
91.6239
183.553
224.542
106.39
106.333
230.424
298.101
98.504
72.9409
189.493
93.5064
90.5538
185.653
102.015
101.417
64.6552
286.297
116.207
91.9388
299.194
168.383
71.3407
87.3289
102.811
87.4227
115.406
71.4643
97.3779
98.6816
87.5926
210.822
91.4125
73.3639
103.488
284.738
104.999
85.021
299.435
288.699
85.2714
94.5898
95.2687
129.926
173.464
292.909
131.605
129
88.3936
85.8548
285.332
129.726
103.882
111.741
283.551
86.8162
69.6901
59.672
54.8316
98.3809
116.244
109.02
111.644
220.133
181.775
289.767
122.306
97.606
88.4597
299.718
299.987
90.6102
87.4605
97.6644
89.036
103.395
89.912
298.781
84.3704
101.852
147.948
91.506
89.9914
67.6813
271.055
86.2552
85.9583
156.265
145.559
63.8119
123.879
163.439
63.7991
299.987
95.9593
282.337
158.264
299.671
104.725
285.01
77.3823
96.8876
299.917
84.6643
94.8153
124.49
82.0483
130.61
288.229
94.9184
72.2439
94.2117
86.4479
142.013
85.6561
114.695
119.44
75.0354
100.303
74.5078
149.111
104.458
102.155
91.319
107.431
87.9948
77.2464
104.372
98.6604
299.723
299.904
281.454
77.6127
86.4666
157.338
104.426
88.5254
84.2355
95.3222
149.292
120.671
94.3442
106.748
299.919
83.2928
149.221
148.227
105.398
73.3686
293.909
298.329
86.5769
86.2826
117.81
74.9583
90.6264
96.89
290.259
77.8114
96.4893
99.4569
111.599
286.005
147.908
109.602
88.2927
123.939
84.7912
299.221
89.5187
100.208
97.6359
75.489
135.32
283.797
94.0127
101.357
98.6687
82.3907
85.7063
145.11
106.063
299.962
133.155
79.2103
97.8312
299.965
111.617
286.123
101.189
98.3477
142.718
299.797
124.948
276.482
299.435
90.1039
189.844
90.7027
92.3814
96.278
89.9133
99.9795
284.572
99.1715
107.309
66.6265
56.0673
88.8553
85.7948
121.521
102.402
109.196
90.8055
130.604
129.538
287.464
186.833
84.6509
144.508
87.4053
79.3131
105.327
66.2734
91.4412
105.252
65.963
92.5479
76.0303
260.293
83.2617
84.0016
118.549
88.8466
61.1045
110.692
101.666
94.9852
153.616
73.1761
77.4982
290.295
117.915
87.759
96.479
111.548
124.114
127.437
119.556
127.653
144.753
83.2523
182.443
67.4845
102.228
105.625
68.8351
115.299
89.0805
148.529
112.252
106.928
177.174
147.004
283.216
117.013
87.2325
84.9862
124.239
295.909
294.789
119.235
84.1194
285.057
64.8393
286.603
90.8468
122.872
87.8038
72.0697
107.002
77.6473
76.6211
115.912
121.729
58.3445
90.5426
283.322
221.922
114.99
84.8957
122.576
282.565
89.2776
236.832
127.302
119.66
86.6495
83.3845
120.767
94.1178
92.7095
136.928
110.393
64.3068
297.127
94.8869
129.237
106.733
76.6075
89.778
121.249
89.7255
147.744
85.618
68.0887
156.472
149.398
114.836
108.654
96.8991
56.6767
137.282
118.997
161.704
97.4688
146.154
289.902
75.7826
299.539
61.1304
271.491
138.801
67.4778
116.179
74.4461
86.1926
299.749
75.3
114.591
158.191
59.788
97.7827
108.836
86.1118
84.23
107.108
80.4815
214.122
81.2914
167.644
94.9207
72.8
90.33
83.3587
146.92
101.525
99.9323
85.4781
87.2899
166.123
89.4257
109.956
287.003
101.777
120.811
118.148
284.74
92.7972
104.306
107.383
59.7459
85.8502
63.8612
88.482
112.731
90.294
118.311
102.167
296.926
114.806
106.505
133.028
289.114
96.8109
111.379
129.653
93.2347
83.7232
205.931
283.991
90.8642
98.5906
93.9874
111.61
270.726
83.3617
87.6862
299.859
95.1053
126.025
92.9067
100.969
120.898
98.1875
86.29
120.12
108.427
88.8341
121.936
115.734
88.2791
109.233
90.9919
157.612
128.72
299.989
289.07
81.0159
272.461
285.987
93.2017
75.1383
86.2088
71.9181
115.994
111.974
122.126
95.8281
117.832
80.2026
126.439
89.618
84.1605
155.737
296.996
124.637
91.4605
160.534
121.333
123.663
297.899
98.4218
133.999
137.705
219.96
168.656
94.1642
299.67
110.069
110.067
100.173
117.654
126.142
219.884
299.764
134.186
121.903
87.1188
275.222
96.5343
100.287
143.727
116.457
288.665
90.8907
90.8135
85.5297
108.933
107.094
276.766
120.82
118.087
91.1804
287.223
87.4766
84.6211
119.675
120.768
89.7689
111.645
84.238
117.233
81.3351
76.9322
287.215
102.725
120.489
161.367
122.803
58.8904
89.1388
120.072
84.495
102.172
59.12
87.8926
147.145
106.319
285.583
125.297
291.077
287.092
101.628
103.376
89.9054
291.113
93.6428
119.772
109.228
63.7772
108.688
108.121
90.5426
111.715
156.727
90.9549
114.074
92.3716
87.3553
92.3876
193.109
288.446
124.228
285.591
289.764
103.393
72.9459
293.926
146.344
171.21
116.725
115.082
70.6438
214.553
112.765
85.2184
104.512
97.3432
91.7491
101.295
87.4967
64.4955
292.958
72.997
94.0885
97.1743
106.258
98.5745
93.8872
120.66
112.938
73.068
146.506
148.621
91.0888
125.142
286.297
88.5751
90.815
74.9331
105.142
77.5421
125.671
91.6246
131.978
222.263
92.35
94.8575
92.7067
164.632
125.727
119.63
127.543
130.169
156.659
114.213
59.2522
176.128
283.105
299.967
115.237
124.175
114.591
299.652
104.564
96.0481
61.7325
108.697
67.8163
148.262
286.946
289.842
118.661
115.705
108.965
86.1291
81.743
107.106
58.5192
109.655
299.827
84.4205
118.098
86.8383
119.514
287.797
100.616
116.276
133.153
154.627
87.7258
94.4793
143.149
127.11
116.874
285.479
83.2785
53.1699
66.3645
113.087
153.406
124.496
130.754
91.481
81.0371
51.8362
93.9733
292.848
274.319
124.043
299.981
79.8266
164.234
107.104
119.641
157.705
284.278
81.7501
291.33
116.716
78.6934
89.2262
125.596
93.6715
105.836
89.4805
64.779
59.9911
88.7483
116.571
167.469
97.489
108.231
108.274
118.18
118.777
116.1
122.326
299.296
299.373
75.2443
106.239
96.6816
58.4777
53.1415
87.5263
195.399
288.951
297.107
286.65
94.3839
296.032
289.764
95.7669
107.507
109.058
86.7392
94.9863
118.024
297.285
299.604
148.514
293.98
81.2371
87.3411
92.3075
286.689
66.94
284.096
89.4905
97.1576
83.1529
130.543
293.377
123.133
116.906
87.1257
84.2976
127.189
92.0537
82.6328
119.889
174.932
82.2975
105.084
120.898
86.4199
141.35
85.5172
93.5455
299.985
114.596
79.0009
99.4662
62.5952
119.133
102.435
100.982
83.4792
285.276
163.536
77.2399
92.9758
139.662
112.884
92.2765
96.0919
107.953
284.434
293.822
179.598
92.1835
249.038
91.4517
93.6815
130.467
129.603
289.155
83.3871
113.158
95.082
100.809
96.6669
56.211
90.0638
83.283
107.942
91.2723
178.949
299.722
119.769
113.082
84.1513
292.405
92.0549
179.876
294.282
80.3467
116.254
117.705
121.416
111.24
111.868
182.407
286.546
299.205
158.498
97.5312
90.2359
299.342
299.243
299.545
298.671
299.48
298.195
298.357
296.687
297.038
299.062
299.658
298.535
299.604
54.1506
297.997
223.253
297.283
88.9184
131.972
165.098
90.3608
299.862
294.645
287.275
50.8898
64.7366
296.717
136.653
89.8071
295.849
179.469
133.715
87.4616
193.6
292.671
104.121
296.393
117.965
88.9307
204.537
292.142
68.2048
66.7813
114.857
62.5189
133.325
288.338
288.226
113.535
278.016
78.5373
89.0848
101.913
136.477
296.385
121.037
64.3004
174.018
176.36
297.887
266.391
278.51
121.824
297.612
98.4437
289.966
130.334
289.71
298.727
90.5733
185.566
118.674
120.569
119.308
293.867
176.979
60.2065
95.1593
258.062
296.949
116.96
117.886
82.1268
90.6034
59.5431
109.273
135.209
122.933
90.0096
92.6624
286.732
289.022
292.68
97.0009
87.7846
102.01
299.825
299.843
126.866
292.649
68.5353
202.536
299.691
109.208
90.1476
299.896
69.1439
86.0566
95.9989
173.496
100.559
124.758
299.954
113.13
86.3178
90.5234
132.131
299.256
108.716
299.985
122.588
223.791
119.453
77.3298
288.858
105.93
153.642
121.567
83.8152
296.222
282.13
142.485
86.7268
66.804
112.388
92.2322
105.967
109.548
76.9589
293.979
170.883
262.844
285.03
106.929
60.6903
137.782
86.1091
67.908
84.1071
98.0066
289.539
112.375
131.018
287.471
80.2211
174.972
290.728
202.17
57.1596
87.3119
66.4754
96.7788
109.294
123.484
99.6123
185.065
94.7747
87.6325
90.3559
83.3087
299.453
111.852
299.879
148.261
81.9686
87.2152
132.249
64.1545
107.197
89.462
214.258
104.978
113.017
85.3237
55.4433
299.892
105.325
202.403
61.1299
98.913
108.089
87.5816
298.842
127.067
90.6943
128.708
297.628
63.2881
62.174
111.213
289.355
77.7646
278.277
110.87
285.729
299.863
92.759
101.196
299.09
295.305
86.6993
290.677
85.7466
111.784
144.717
299.856
181.327
95.0905
89.8816
85.8225
278.232
123.541
298.259
286.271
157.299
94.9911
112.46
284.697
106.234
82.6079
86.3391
115.289
90.2873
55.5945
72.9965
123.948
118.261
299.89
299.837
115.166
109.352
84.9687
92.0333
288.929
196.454
136.168
61.2536
91.4903
82.2315
89.5147
58.2428
81.8797
160.409
87.3922
118.088
96.114
299.6
73.2829
299.495
107.4
298.546
289.801
112.819
171.447
114.373
94.9252
211.553
294.732
150.601
83.1793
299.293
90.0131
92.558
112.377
300.009
297.683
299.948
264.287
279.67
290.133
170.66
107.721
297.251
297.173
123.21
91.7795
89.1208
299.108
94.7906
123.849
96.2606
153.705
124.385
286.316
107.707
112.354
286.379
86.0333
116.899
89.3266
168.251
297.696
289.797
102.69
88.49
86.7715
298.832
58.8056
113.737
88.4749
166.261
282.399
115.648
282.41
156.048
119.577
115.542
287.684
295.769
88.614
159.486
75.0244
299.908
120.614
231.354
89.752
115.858
110.205
196.669
71.8812
93.3685
298.238
79.242
68.6854
99.0019
105.398
92.7881
128.536
297.742
289.314
110.566
92.7605
234.985
157.705
93.6189
299.899
143.745
90.8451
122.935
60.1724
116.693
177.009
117.155
164.065
299.88
114.686
68.3759
94.5537
115.447
84.1515
86.7289
282.565
124.965
282.79
88.9769
120.56
121.645
199.883
87.0899
93.8833
105.262
139.428
88.6254
63.0458
148.628
127.355
83.9348
92.5041
92.5821
87.3063
88.8742
290.267
52.8337
85.3278
114.186
116.904
122.39
92.0695
291.123
88.6493
108.882
80.3193
181.557
117.165
99.0131
286.98
289.487
247.297
132.223
288.813
271.121
118.312
119.29
138.187
86.5612
86.3208
84.6457
90.1514
96.3123
106.482
85.6556
287.809
94.3037
86.0315
98.3531
99.3978
89.9211
141.918
281.114
166.238
78.1475
108.403
137.97
288.399
84.9977
84.9267
85.5649
114.452
138.489
93.2332
83.6835
284.944
127.499
121.11
124.604
152.137
99.8809
87.3405
290.589
117.449
90.4137
98.308
71.9461
56.9329
87.2398
69.6926
119.616
163.292
116.729
93.8426
93.5875
285.427
291.492
287.788
59.8219
86.1875
129.359
113.842
144.818
118.601
67.9125
91.6119
220.446
127.505
118.489
188.77
89.9849
139.218
84.7539
70.9121
88.7374
127.975
62.5736
285.61
289.544
109.109
101.615
115.215
135.338
88.5467
209.068
130.408
288.747
132.131
120.293
95.8786
63.3605
90.765
92.3085
108.448
63.3811
88.8339
299.504
110.755
291.801
67.2538
121.026
90.2218
108.213
94.5921
290.701
112.062
104.574
72.1025
133.774
142.799
91.267
99.05
129.988
137.827
122.88
95.3217
87.1603
100.251
156.737
182.948
94.9528
189.01
109.059
292.09
281.597
93.4665
90.5598
88.5368
284.556
84.6852
121.457
273.974
124.194
125.734
210.284
85.6319
90.0706
114.736
290.691
89.6545
121.209
124.414
297.671
105.613
190.114
84.0273
285.922
287.576
83.671
291.112
269.636
106.925
129.239
288.626
289.297
299.966
175.41
148.233
99.6974
223.9
95.5087
58.1449
299.043
88.377
298.351
102.055
110.711
273.753
118.87
134.898
94.708
286.009
291.518
108.507
87.9136
189.189
91.5493
93.4593
284.06
100.831
107.774
85.0278
156.844
90.454
137.686
224.905
82.5278
90.0002
178.264
83.3591
291.686
238.382
135.768
189.675
144.687
289.9
93.8616
157.543
91.6663
107.981
81.6015
122.788
149.008
145.289
145.359
135.381
292.816
91.3639
285.369
85.7644
60.2332
86.3097
291.868
130.993
81.7191
286.799
194.163
87.111
131.797
112.748
289.758
84.894
288.709
96.4309
171.978
86.0678
266.541
116.11
84.8157
91.7248
216.342
157.639
107.636
91.1749
285.098
290.554
148.655
162.051
89.4106
97.2108
72.8505
141.856
299.743
85.5158
108.485
92.4021
85.2404
86.5777
180.046
164.092
119.057
109.981
146.613
139.079
94.5445
287.355
90.0118
121.316
275.103
146.915
297.452
81.6984
284.494
110.576
90.0546
90.7455
87.4897
148.303
159.922
86.268
82.7425
299.995
290.319
152.171
289.942
299.78
70.8352
92.9216
126.105
290.135
117.807
292.241
78.7957
275.625
99.442
124.423
98.6917
95.6621
291.009
84.2984
118.762
293.271
291.373
86.2824
90.6338
118.751
116.312
290.19
114.914
294.582
187.978
129.271
87.5199
124.273
94.947
91.2966
299.736
88.4805
127.844
290.953
97.7141
272.181
136.849
298.881
125.862
86.0214
79.123
138.175
290.607
94.2491
95.7447
288.506
94.3345
76.1377
280.016
98.7941
175.612
299.96
293.519
54.9721
88.8714
88.1094
115.203
78.9074
92.6305
288.124
117.632
82.2854
128.184
88.5022
299.493
299.525
299.544
114.745
246.886
299.463
62.9039
292.541
152.525
91.9333
82.6738
90.389
299.928
299.773
118.616
293.431
85.0794
86.999
88.3778
134.872
95.3196
114.73
296.733
88.7739
128.362
89.8056
246.465
296.373
90.3889
292.57
75.4593
143.854
297.132
57.5546
249.942
99.3243
210.179
80.7667
92.0116
90.5771
122.936
298.658
292.885
128.612
122.69
292.201
127.635
91.4075
292.572
289.955
289.597
85.2873
199.839
281.794
107.122
126.829
154.088
159.503
197.632
103.007
62.0315
299.431
287.309
299.486
89.206
293.192
125.908
99.719
131.063
87.1827
92.8485
137.046
147
299.215
294.013
299.303
298.912
127.656
294.707
284.656
148.646
291.341
299.162
277.26
156.096
94.5267
123.658
134.59
139.487
106.347
59.5652
294.703
299.515
92.3225
299.058
91.4296
293.719
295.129
202.935
299.676
294.239
297.84
143.89
293.464
244.037
197.352
123.486
299.956
298.831
95.7994
99.5746
297.304
155.677
63.207
295.12
296.023
138.445
298.642
195.803
146.822
79.2924
299.714
297.33
290.678
62.8946
299.706
86.3772
288.654
93.8878
294
295.852
255.897
298.514
119.086
299.931
299.688
94.6853
87.3029
121.415
90.0638
95.9745
299.652
298.362
295.748
298.248
143.493
109.955
118.034
299.313
295.521
297.753
291.509
293.3
299.76
299.616
89.3481
297.192
294.704
172.151
91.0015
64.6869
100.513
99.9762
123.466
85.6992
93.6512
103.338
296.798
100.918
299.245
118.883
95.5694
294.497
65.3498
293.252
297.813
109.183
105.684
106.718
94.3841
299.621
294.264
143.195
296.609
97.0308
161.36
299.528
289.153
293.484
105.468
258.35
296.587
299.349
93.4294
99.8892
86.1754
299.429
296.886
293.623
292.88
121.884
293.769
86.2111
63.7412
199.969
125.019
297.269
299.628
127.383
295.745
299.363
299.644
297.274
119.666
96.784
173.228
297.927
163.147
298.965
89.2348
106.616
89.4864
130.817
128.061
62.8821
299.187
294.113
227.909
118.99
64.2357
297.735
86.3389
88.8989
295.727
297.241
294.939
133.445
123.81
94.3997
90.5124
299.035
192.83
111.839
292.529
81.3838
121.021
299.857
99.8491
298.244
265.606
122.415
248.59
294.278
83.8027
175.761
260.714
297.633
289.629
120.356
297.432
78.6698
298.936
298.562
89.4019
291.793
296.718
297.38
113.11
95.1804
95.3765
117.076
96.3675
296.416
298.76
298.832
295.169
297.488
132.523
297.588
294.791
280.3
294.599
295.789
296.054
91.8536
99.9028
107.456
298.043
96.2646
70.7408
183.114
299.112
153.326
104.487
87.7237
237.182
197.381
299.59
104.799
298.633
298.219
82.3614
89.3215
64.533
297.953
69.3571
299.282
54.4119
296.107
289.11
298.382
298.453
298.422
290.53
299.463
85.7007
92.1801
299.489
295.197
295.387
296.433
298.663
89.8898
105.759
298.18
279.268
90.7497
299.598
245.79
87.3536
68.2044
298.819
74.0978
102.241
299.267
292.841
298.786
82.756
293.769
298.003
294.724
289.043
297.99
298.961
290.081
299.084
299.63
91.446
293.537
295.948
266.467
294.602
93.0582
299.06
114.606
96.5097
85.8993
101.29
89.7782
296.074
298.802
104.1
295.726
80.734
295.659
299.205
120.99
287.188
108.148
298.526
92.771
99.1938
132.509
299.383
296.883
90.1538
273.399
290.391
297.348
298.202
155.858
299.448
54.4133
296.124
116.002
88.9781
297.696
299.928
296.814
297.215
63.9143
128.99
143.723
296.537
297.88
91.912
81.2743
90.4714
296.325
299.541
297.145
299.529
296.683
89.6461
299.638
139.639
137.637
289.374
295.91
64.0015
128.303
298.27
295.199
86.8478
296.112
149.664
293.075
119.665
296.274
107.51
98.6253
298.553
97.3423
123.506
296.454
299.65
279.689
85.5641
297.038
298.671
299.759
214.077
91.2765
297.374
284.615
299.702
129.937
299.948
298.856
251.618
294.81
54.7437
251.653
89.901
299.725
57.1714
93.3812
299.078
297.414
299.878
282.856
299.775
85.5316
110.436
93.0978
299.179
145.919
299.484
63.9282
294.755
293.123
299.726
299.905
297.526
299.312
99.4216
297.844
254.057
133.853
103.541
291.106
294.361
92.5048
299.935
288.609
299.892
297.967
298.073
85.5237
98.3412
298.336
289.578
290.802
136.805
93.6598
283.388
89.9925
92.5484
129.426
60.6885
298.419
289.602
298.641
294.234
91.5457
290.686
120.184
93.8527
97.9284
122.634
297.744
56.0437
298.716
298.903
126.376
192.814
149.965
124.985
85.7042
297.855
132.667
299.164
298.962
155.675
108.515
299.009
210.362
299.872
97.7136
83.0996
109.161
98.3921
93.3805
298.295
137.617
129.954
299.324
100.785
89.5515
299.206
80.7867
299.66
92.076
255.187
299.69
298.53
137.575
92.2079
299.524
299.379
294.598
299.408
296.559
265.858
296.477
133.045
94.1127
299.84
85.257
196.454
299.63
299.564
290.505
299.981
92.1952
207.479
62.9683
107
268.034
97.0258
63.4954
298.855
299.975
152.018
295.392
299.843
299.836
299.648
295.831
101.764
85.2951
299.073
280.996
299.78
141.776
299.707
299.676
100.926
94.7976
299.21
299.018
299.759
295.571
295.749
119.947
299.898
139.346
161.822
299.113
278.427
110.691
125.157
98.5637
90.6089
130.173
299.735
145.282
299.793
84.7283
116.312
294.618
299.819
299.26
296.233
106.879
272.549
299.839
96.5828
119.104
299.853
296.354
296.564
119.498
92.0538
66.8221
131.277
299.297
299.892
292.07
202.174
290.028
146.839
296.996
109.827
295.651
109.909
64.9019
126.815
90.5401
164.764
299.485
90.0787
119.65
299.824
87.5934
205.351
216.103
244
297.125
209.889
299.539
61.1986
299.702
114.611
299.993
147.745
297.462
264.097
134.234
299.569
93.3052
108.75
85.471
298.709
118.308
280.083
299.715
296.099
50.6542
85.5578
297.602
296.518
297.975
297.728
145.92
141.4
85.8956
104.882
299.775
92.978
87.4671
283.923
137.636
94.5575
294.764
298.316
290.93
91.5682
298.074
93.3916
99.1198
297.184
130.535
90.7199
95.7507
98.0544
283.593
87.2831
98.1998
291.413
291.182
299.601
290.446
298.421
85.2711
130.246
296.722
85.5772
291.34
299.979
298.756
296.905
112.464
136.492
121.606
252.004
298.534
67.3102
297.563
293.566
282.668
297.955
181.606
298.827
151.342
298.932
98.4166
95.9852
299.175
110.203
142.175
299.597
295.898
299.972
55.5698
278.13
298.985
86.2433
291.236
299.624
262.76
290.406
138.545
118.334
297.513
299.967
299.231
291.725
64.8302
296.198
145.461
86.0182
290.847
299.979
83.624
289.794
296.648
82.8349
299.35
92.5848
289.977
138.999
134.481
260.097
97.8835
299.985
299.456
127.741
98.6059
299.911
299.38
85.6293
299.421
290.399
85.523
293.15
124.104
132.176
292.107
95.2008
299.458
286.218
289.835
116.617
138.443
289.215
292.393
299.63
85.5731
56.1053
109.247
299.753
92.5808
288.529
85.2606
299.922
126.249
278.425
285.38
299.854
299.862
299.804
286.542
92.5444
299.083
291.42
86.0886
298.353
127.251
94.3485
96.464
110.806
162.826
147.374
299.825
163.374
125.357
299.748
120.41
291.456
146.371
90.0336
121.798
180.882
109.359
210.588
299.955
298.236
131.674
136.337
92.3074
119.352
299.966
85.8142
138.396
193.17
132.937
172.29
93.0388
97.7403
286.169
132.84
289.933
91.2453
135.635
56.1495
106.606
55.958
106.001
299.604
87.9854
282.48
103.787
151.983
299.818
92.606
123.4
85.072
161.355
54.4479
234.766
285.943
299.5
292.423
133.24
299.475
86.3298
298.253
94.167
142.414
86.7697
155.117
127.509
299.981
299.299
114.908
299.956
200.043
112.911
57.8345
299.933
202.352
75.0614
287.318
294.778
87.9525
71.0633
102.112
296.261
299.125
92.5178
103.435
299.875
104.729
108.912
171.559
56.6542
84.4488
216.326
139.07
113.536
298.846
206.684
149.072
118.757
142.282
114.29
110.155
297.688
299.395
95.4083
292.749
153.029
290.336
297.029
217.703
176.229
281.169
299.844
107.728
295.805
298.265
299.89
141.926
294.13
94.1982
299.96
94.2471
297.778
299.733
69.1336
292.719
288.222
117.717
67.8827
290.621
273.891
99.0622
161.066
299.981
88.7521
293.068
136.625
234.643
299.873
58.2501
124.103
90.3034
91.686
270.585
114.468
299.838
75.7063
293.597
293.027
299.966
139.196
264.496
225.558
115.048
123.077
87.2609
284.947
89.7401
299.917
59.8707
84.8535
86.7727
117.928
212.085
163.917
72.1909
119.388
164.07
299.928
173.809
93.8331
286.201
139.915
143.209
146.242
293.425
299.764
152.459
87.9915
219.277
71.4824
177.328
87.6399
115.657
293.883
101.363
64.6534
57.2253
291.734
293.363
137.815
184.276
78.0073
293.379
71.1053
221.43
299.974
167.591
293.789
102.549
299.951
93.3962
83.7617
187.778
298.028
85.3096
138.789
293.677
159.534
98.7555
291.342
70.2445
81.8449
216.224
102.491
85.5649
114.02
133.677
128.506
262.117
131.792
293.649
99.0074
160.292
299.961
141.776
67.8846
294.154
155.911
294.267
86.2062
291.229
292.319
106.522
254.73
99.9246
286.715
128.968
289.927
299.918
92.2084
102.281
53.8768
294.841
289.507
156.117
294.689
110.456
117.332
289.889
98.9655
294.418
294.926
90.4614
292.935
299.962
116.328
113.609
90.3085
81.7061
57.9789
140.275
135.671
117.998
99.6834
291.991
266.761
279.735
280.265
298.896
133.171
90.3305
85.7774
174.281
294.51
209.351
294.811
96.0428
294.818
84.9463
295.07
130.165
89.2071
85.6896
86.1596
202.65
276.691
182.626
114.549
100.005
261.234
54.5737
283.705
197.111
199.03
124.984
294.725
295.684
291.691
136.674
295.863
178.815
147.267
84.3674
98.332
295.323
85.8936
242.695
56.7907
159.368
141.248
298.124
295.295
173.552
290.413
84.8947
87.6666
71.0666
89.4472
296.76
73.8447
295.509
151.31
178.743
295.838
297.656
296.18
88.1244
296.699
299.336
193.424
99.4825
299.209
91.8631
215
169.611
150.737
299.123
103.443
297.204
58.0233
296.939
292.225
149.685
292.375
298.903
296.644
107.946
297.424
298.718
296.969
297.937
90.6607
95.5964
298.586
297.446
295.897
298.312
114.67
296.056
81.8101
144.874
299.544
297.35
123.457
98.1781
102.075
295.514
299.56
296.22
195.769
299.467
295.674
299.404
296.528
162.067
297.792
67.9894
299.239
296.037
299.093
297.701
298.992
62.7704
298.827
116.797
298.704
298.101
298.499
298.268
299.614
296.219
298.294
299.515
298.607
299.31
298.866
299.139
293.98
89.9843
296.432
96.3543
89.807
299.831
296.217
92.0984
296.386
121.033
110.42
166.116
124.993
88.2078
146.524
92.2828
113.667
117.994
296.538
298.038
294.894
59.5594
296.334
86.5456
296.469
92.7639
296.663
299.965
94.3086
77.1765
144.699
282.738
299.734
297.117
296.767
141.488
297.076
299.363
183.678
148.315
299.258
89.582
299.401
297.492
123.553
299.6
297.546
86.8938
298.963
137.581
97.184
298.791
174.489
299.962
86.4739
298.034
297.685
298.36
299.015
297.601
297.918
95.2181
298.145
299.645
298.466
298.031
299.504
269.08
297.812
298.387
298.126
299.279
299.148
298.356
298.684
298.889
298.578
297.919
298.937
299.64
298.466
299.546
299.319
299.187
299.358
133.35
298.757
83.347
298.994
299.034
299.577
299.236
299.407
299.428
98.8549
86.9502
85.7478
95.8981
299.659
95.2542
153.903
98.0917
139.528
121.013
93.5051
93.8529
153.427
107.557
86.565
102.261
284.712
149.659
299.584
295.539
156.826
66.717
112.105
81.9484
299.679
199.261
90.2888
173.003
125.875
94.0101
96.3546
95.2408
91.121
78.2098
90.161
82.0786
290.222
299.908
136.089
217.429
63.2703
299.605
207.71
101.898
123.922
299.296
122.014
146.557
296.37
299.69
88.9685
60.7129
299.696
152.834
96.0548
103.652
104.817
91.4744
116.321
57.608
293.541
167.749
298.078
128.571
86.4348
280.179
292.992
213.024
285.551
97.5975
103.173
165.283
60.5409
94.3915
67.3568
105.821
84.9993
118.755
114.37
57.9769
66.5681
132.636
284.84
216.425
84.5444
90.8573
107.19
111.695
289.99
102.575
59.3561
98.9825
180.22
299.721
285.098
299.71
128.315
104.279
119.238
236.301
299.747
299.771
54.4595
88.5069
299.739
65.5837
289.403
152.668
299.254
215.584
130.017
204.101
299.986
289.601
298.464
100.022
299.965
113.377
122.242
116.955
83.7403
77.8319
299.786
299.183
226.543
99.5662
112.257
279.512
174.873
125.613
96.0076
93.4348
86.1874
294.475
131.748
169.085
198.318
299.805
104.568
58.0841
93.3164
299.834
97.7572
86.8676
299.851
119.558
127.829
149.686
147.02
60.9076
299.153
252.686
299.885
85.1258
212.824
65.3216
95.5191
85.6933
91.5522
285.777
299.793
223.721
100.187
109.537
105.215
141.775
63.3948
89.5277
82.4272
85.591
121.729
299.362
108.411
137.59
299.425
298.771
180.816
89.1058
62.4672
147.272
121.752
118.731
281.367
161.517
299.899
76.1513
117.33
90.232
105.146
286.396
299.846
92.3325
93.1033
90.8789
167.813
258.873
83.1749
299.341
89.4594
95.3704
291.842
164.14
89.4521
141.049
96.0966
96.659
68.1842
64.7939
294.348
299.024
96.4359
118.222
147.591
92.6745
145.246
187.753
285.598
290.808
114.363
115.375
204.535
172.151
118.598
99.8983
128.236
211.904
135.642
296.3
87.8509
100.64
98.599
170.83
285.838
289.667
94.9993
96.3762
217.021
134.446
150.421
114.821
299.911
157.207
91.4643
85.34
110.119
299.917
155.932
59.6001
100.838
122.353
62.1279
56.2428
93.0767
283.999
133.582
67.4647
297.054
93.9897
63.6652
299.817
299.831
227.554
288.926
299.861
85.9445
89.759
284.891
154.894
284.831
88.9204
166.418
296.343
298.103
56.3748
167.778
150.388
127.589
140.376
112.072
299.41
104.565
61.8878
291.296
299.968
96.2248
295.454
296.361
166.861
115.507
83.2633
299.955
299.93
213.118
299.493
163.635
144.593
114.937
209.761
65.686
94.8436
144.611
87.6167
299.987
79.3788
83.5469
104.993
80.6149
134.801
73.0251
117.361
182.754
90.6093
175.688
295.563
138.001
88.4895
181.026
130.548
144.783
298.495
299.968
299.926
154.04
159.54
295.363
67.205
95.1479
122.416
60.6272
91.2139
93.503
294.226
296.477
174.686
140.713
298.026
123.952
84.7024
113.508
298.556
112.581
86.6042
117.953
94.8621
93.6853
119.568
71.0418
59.0551
86.1828
296.499
297.585
118.014
85.4114
299.133
299.947
142.474
62.3974
96.6475
171.159
85.2505
125.463
127.923
297.843
90.3583
299.959
85.2879
114.481
67.3707
299.828
296.91
299.979
80.721
299.08
92.0387
134.814
174.737
267.408
54.8556
299.94
299.964
157.675
137.855
75.3486
120.143
93.8816
299.827
209.302
128.77
95.1402
299.58
105.025
182.938
120.185
74.4233
297.758
75.7735
125.868
279.472
117.036
89.6529
160.362
299.978
133.153
147.543
122.658
106.662
86.1336
95.5818
74.2407
127.942
150.728
292.666
184.073
86.2472
63.63
96.2663
111.793
234.67
130.097
224.642
293.969
184.504
117.899
290.026
169.917
95.2587
215.306
127.493
286.52
90.4002
138.489
299.344
299.274
168.802
298.345
124.056
274.878
298.522
74.0271
123.968
215.294
110.934
162.521
83.4331
298.245
54.4517
297.07
127.919
164.993
88.5216
181.922
288.473
298.661
65.2612
155.628
97.3949
90.8765
59.2318
96.092
89.4188
97.4464
129.252
132.501
108.074
83.2613
102.957
152.131
120.178
298.896
299.963
97.6849
72.7032
297.793
299.962
102.574
115.829
80.3653
120.644
96.8222
132.5
88.1106
66.8074
160.72
95.9322
88.7254
53.0463
71.0156
95.6903
85.6434
73.0002
269.081
116.342
185.116
85.6178
117.114
139.037
63.1056
113.083
89.8529
95.3375
153.961
140.81
282.847
93.8241
160.794
133.52
165.301
82.8838
295.015
94.2463
297.893
148.775
124.443
160.885
86.0339
90.4704
112.811
53.3719
99.8189
299.616
140.744
299.389
296.002
113.989
73.2714
115.414
55.5492
86.2286
299.884
296.742
297.207
82.2022
233.572
156.277
294.084
297.209
173.257
299.949
56.5502
103.049
94.7486
116.434
153.066
294.684
250.094
276.09
78.3005
84.8532
99.1026
85.0665
57.1071
107.46
104.316
299.897
222.325
114.513
128.246
298.979
297.437
85.1156
299.951
146.351
70.9043
289.803
105.047
298.011
114.429
84.2908
181.608
141.961
281.52
90.8552
83.8611
252.266
146.686
144.332
296.642
107.205
180.507
170.895
104.675
89.4379
100.512
75.906
299.224
160.524
106.192
71.6049
175.041
213.182
84.9731
105.862
95.4009
85.9133
90.8858
156.026
206.907
116.641
104.77
285.397
62.6089
90.235
285.489
106.19
297.995
295.241
53.7539
296.182
137.024
85.7817
284.805
81.1064
84.975
111.033
146.535
93.5656
69.6612
124.526
291.064
75.6011
126.16
299.894
88.2012
294.666
292.661
71.4739
134.938
164.006
174.862
179.981
91.7229
298.738
119.613
96.2379
102.092
116.558
259.755
290.371
266.093
84.4738
105.456
114.535
93.3275
91.4724
110.921
98.4425
299.048
142.46
120.746
299.051
86.8474
85.6367
86.9581
129.416
83.6611
86.9208
163.323
202.561
98.5706
299.804
150.757
90.644
65.8235
162.567
297.877
145.145
162.605
92.6928
143.673
92.6754
136.481
166.356
95.2882
194.989
57.4227
95.1624
189.495
264.227
294.473
243.052
166.477
296.275
83.3172
92.2154
124.477
157.219
292.42
279.922
153.371
62.3419
72.6529
111.696
63.2858
86.3206
291.948
72.5603
97.4626
112.764
280.586
297.298
299.466
299.795
124.642
153.613
295.318
299.205
193.111
111.348
130.459
293.11
299.844
74.4474
97.0267
146.62
57.1124
170.022
84.4417
107.207
171.01
59.4308
68.378
100.235
299.499
69.0439
91.9813
116.787
149.481
96.0886
206.28
127.429
122.241
165.169
139.197
105.78
194.429
290.484
298.442
87.3773
299.106
289.483
131.387
118.682
72.3695
107.422
295.57
58.2079
295.264
90.8571
76.2037
64.0689
67.5758
95.2963
297.322
98.4782
72.1216
183.647
176.45
85.9625
177.99
122.084
198.202
284.468
82.9649
186.976
89.8177
152.018
94.0961
98.6589
188.8
299.611
111.709
272.523
115.179
148.521
272.944
297.917
88.9092
299.509
132.037
116.944
164.685
144.228
85.8819
298.567
86.9068
95.1354
298.704
96.1305
290.639
163.989
89.0926
195.582
299.308
293.145
94.5682
65.4307
296.469
129.753
293.105
99.6817
290.371
170.783
197.595
299.133
66.841
294.825
299.292
97.3395
88.7546
298.849
296.036
96.9792
83.5674
108.728
142.155
74.1708
101.467
278.997
298.444
94.858
298.857
94.9417
94.6602
144.178
95.1114
298.486
157.286
86.0324
297.727
64.4082
135.175
98.0945
289.233
121.386
298.581
88.9154
188.96
78.8719
69.3316
97.4565
98.9775
127.017
298.276
118.769
295.846
296.602
288.401
197.307
297.797
112.633
198.106
85.303
297.158
298.858
86.5098
120.738
84.1527
279.066
85.6412
273.479
84.9486
294.482
85.7781
191.57
299.909
92.2712
86.9042
55.4855
168.119
171.18
298.821
100.372
86.2862
283.247
297.669
289.056
108.823
63.521
106.118
85.342
293.082
262.471
91.9381
52.058
56.5274
126.131
114.368
91.8654
101.422
111.796
75.7708
86.7399
119.046
83.3289
58.4699
110.61
298.144
86.2792
83.5057
79.5842
91.3924
278.582
91.0826
117.362
280.217
263.579
136.751
94.9282
296.919
114.391
83.4707
101.464
156.984
298.492
55.8956
85.541
181.061
67.0758
87.9999
65.1478
289.862
66.3752
114.957
156.371
87.5428
253.617
111.322
74.3701
298.78
71.3448
90.4092
155.747
67.717
87.0115
289.634
56.947
116.125
130.509
297.939
294.639
142.872
241.883
85.5527
79.494
55.969
94.4271
109.177
89.7883
89.4738
64.9143
299.254
56.0345
297.694
62.051
72.472
61.4335
83.5955
298.075
65.7298
115.857
117.322
161.019
128.109
298.365
138.09
137.215
91.6266
264.306
116.44
93.4958
145.199
132.356
108.812
297.662
299.847
295.66
134.375
91.2209
294.54
299.589
298.6
149.599
94.7305
124.121
296.897
132.119
94.8903
127.344
299.113
141.261
231.72
103.977
200.058
158.575
139.718
111.11
115.821
94.9495
72.0829
153.983
94.4362
132.537
59.5378
100.744
272.382
299.848
288.742
298.908
294.331
101.668
92.6036
128.252
84.5831
123.327
94.0477
297.204
128.749
168.572
115.915
289.894
55.0566
289.145
293.323
108.32
272.222
103.068
116.212
107.182
299.167
95.5581
85.6202
87.2819
57.9187
89.5157
133.321
102.049
139.768
95.8488
200.09
154.246
145.32
146.717
280.689
157.294
299.029
199.052
79.4698
112.52
55.4708
141.26
114.858
128.305
76.3349
84.5546
107.94
299.741
120.534
299.086
90.8881
90.3539
159.08
180.16
236.429
89.6103
90.4996
105.444
152.322
293.387
86.753
110.4
125.095
229.514
54.3559
85.9609
140.146
97.5186
299.519
228.152
66.6799
228.277
129.211
122.925
67.9568
290.15
118.267
299.229
291.435
93.1798
174.028
110.982
105.31
79.6954
296.794
82.7342
91.1388
271.445
133.978
112.189
117.523
294.884
269.972
286.006
201.951
298.736
296.963
221.212
54.9489
107.875
118.575
107.235
198.07
85.7176
85.0041
138.327
296.573
298.157
84.1753
153.432
91.7992
128.882
114.963
298.074
177.493
86.8859
184.865
296.246
64.7785
104.843
68.2074
187.135
85.0297
130.695
86.7062
80.5424
299.834
95.0451
52.2123
116.806
243.199
82.1008
159.999
54.9077
111.877
299.473
73.1415
93.2945
290.68
118.229
88.2273
89.2403
290.764
295.894
85.1854
83.011
299.927
299.108
298.629
89.6242
84.8633
143.384
294.335
299.829
69.756
116.175
298.291
90.7169
299.616
299.52
121.848
106.32
94.4551
299.32
90.5842
86.0158
299.147
150.438
109.865
104.689
230.138
125.316
289.351
88.0208
298.87
64.3998
164.51
260.602
74.7941
125.458
297.82
298.938
298.81
298.304
294.306
57.1454
297.729
160.438
97.883
67.2256
91.4227
293.212
236.409
191.283
64.3303
287.247
120.947
65.9705
84.7742
72.2036
297.89
189.897
85.7628
102.839
86.299
75.1671
210.675
90.3087
124.815
296.984
93.0791
299.412
169.362
294.665
195.027
55.4658
234.982
86.5769
157.599
112.108
282.955
108.252
116.081
151.753
59.1054
126.353
299.261
290.126
160.282
162.709
132.242
56.249
182.258
88.8275
66.9454
141.236
117.592
75.5638
93.8285
135.358
162.967
86.8748
212.287
296.548
58.3943
89.7663
89.3241
228.899
198.492
86.4818
94.4514
170.839
63.8438
262.129
169.489
112.673
265.899
219.514
245.49
109.701
138.968
91.519
112.564
59.0248
247.762
108.098
62.2831
95.9687
295.72
288.553
80.1273
235.978
188.66
85.7746
97.2557
89.8224
296.953
124.084
94.2718
126.695
230.638
256.037
158.631
298.284
123.726
112.694
129.798
81.3202
98.0699
128.556
256.081
122.963
294.05
194.877
98.4849
67.0891
120.141
201.174
113.044
142.813
93.673
162.726
186.733
117.62
252.568
75.3946
88.8472
90.1031
296.582
77.8301
109.192
208.323
271.893
78.1424
294.522
90.4184
294.064
294.068
298.279
191.238
89.66
296.091
89.4435
89.367
71.9592
295.551
114.561
93.3514
131.733
76.524
271.411
92.3958
298.034
297.463
83.2607
154.313
105.87
85.801
90.2415
298.441
111.21
126.521
297.258
96.8751
96.3552
143.748
69.9917
74.5752
172.794
299.174
137.527
299.998
99.7418
297.741
297.268
241.554
89.519
187.437
114.268
127.522
166.126
94.9616
159.31
82.5983
66.933
95.7161
76.6176
75.4657
298.226
299.893
95.6963
294.737
157.695
134.259
62.9689
293.144
84.059
296.73
298.549
195.673
71.8102
274.325
156.829
103.871
119.81
89.9208
166.081
89.5632
298.825
89.9451
89.3651
297.892
299.884
295.598
297.231
298.023
89.9908
60.5015
299.901
299.949
254.46
92.8742
298.281
168.675
64.9773
290.991
111.173
299.279
90.2448
184.991
160.447
104.792
298.439
125.026
298.655
299.598
110.921
66.001
299.983
295.287
299.951
299.949
101.26
244.165
139.359
79.6428
225.811
293.024
119.892
298.948
134.648
103.615
88.3027
296.494
225.164
87.1121
92.9232
85.2982
299.208
110.32
299.958
288.647
112.74
265.212
100.911
152.082
122.389
137.762
92.6339
99.2375
299.51
79.5531
118.173
296.627
120.211
91.1806
104.54
74.4948
155.56
93.38
299.537
293.875
110.608
298.896
299.623
293.377
297.18
144.853
296.006
63.6857
84.9423
173
59.2064
90.1855
139.576
80.4937
298.24
297.681
83.7894
298.577
292.384
294.095
295.543
52.0331
294.595
290.809
208.403
113.333
221.971
89.58
89.8745
84.3266
298.168
291.58
135.11
133.912
299.769
299.955
292.985
207.487
123.546
288.737
298.503
298.841
71.5786
89.9158
128.988
92.1766
79.2939
298.789
57.0028
294.593
83.3809
297.96
92.8596
99.6327
162.617
206.389
142.489
85.6561
83.6239
299.299
299.258
297.983
88.6308
298.907
85.5027
119.211
118.058
90.5081
299.642
299.372
81.2264
90.5087
298.394
120.734
94.778
83.895
90.7653
92.4604
52.5292
299.587
136.607
298.612
299.66
299.557
89.6951
68.1428
82.0994
87.8459
117.16
71.1733
263.949
125.55
297.307
96.3314
124.271
94.3888
84.4774
66.0535
94.1636
118.342
227.559
83.8953
125.191
276.275
71.4249
85.5234
118.487
298.916
294.573
292.802
177.859
73.0273
212.027
139.419
90.3411
87.2688
285.813
262.577
85.4804
89.1799
164.137
81.2244
251.639
90.3967
222.004
88.2183
250.627
299.175
198.069
106.452
94.6843
165.253
91.3168
254.106
108.99
92.9695
93.5736
110.461
215.923
89.5178
120.18
127.325
299.842
125.249
299.52
116.628
108.957
95.8756
119.235
129.98
295.593
119.375
215.066
90.2779
143.09
121.192
250.572
298.176
117.017
182.8
291.657
83.6514
148.59
209.448
296.54
132.196
299.428
96.618
299.79
99.1975
130.55
84.643
92.936
224.729
97.3196
295.619
135.476
118.077
298.067
100.705
124.895
97.7373
299.752
252.959
295.405
78.9675
297.607
71.5878
298.806
288.684
172.099
289.409
115.413
131.611
145.463
162.731
156.998
151.099
106.884
151.315
84.1905
107.32
295.974
122.877
86.7161
90.5117
125.921
299.275
91.7857
256.232
151.435
89.5502
83.9099
159.983
145.565
213.997
95.9014
299.591
218.448
294.197
293.202
96.9472
111.972
294.473
294.184
75.0244
289.78
95.5514
86.0862
299.278
298.337
78.125
150.817
175.583
200.684
93.4564
192.281
289.492
196.012
88.7986
123.977
92.3269
85.0553
276.969
62.0524
85.8302
159.006
85.5779
294.548
298.619
65.0287
87.5447
297.065
156.109
286.047
99.0493
298.771
89.9324
142.927
95.2093
116.51
254.89
151.202
109.415
279.789
81.3875
183.819
246.921
84.8773
111.071
81.981
111.23
299.407
298.992
146.653
295.033
103.524
299.259
95.8513
89.2663
69.6152
289.405
69.1752
295.336
106.411
83.488
141.54
162.777
298.999
103.7
207.43
96.0813
299.836
234.76
190.033
291.646
292.052
91.4822
292.136
128.898
84.5924
82.9759
296.254
76.4957
96.0061
117.807
299.685
85.2709
94.3671
92.4967
111.903
82.9574
295.936
296.544
298.045
209.674
67.9173
187.256
215.077
64.1304
80.4315
295.36
51.2468
94.8425
142.43
152.57
150.028
90.3236
69.0149
58.9543
299.615
162.863
279.586
182.449
77.2334
242.313
154.102
73.3983
83.4653
123.002
299.352
69.9625
298.499
156.785
90.1253
116.132
297.214
216.947
53.7951
126.626
297.994
60.7267
172.312
71.1552
136.02
80.695
296.687
87.247
132.285
299.088
91.9907
299.463
298.263
104.028
54.1833
57.0889
90.4955
116.892
102.839
221.993
135.425
299.876
298.527
86.8618
298.817
297.986
164.364
184.63
97.9222
90.9473
83.1592
81.4553
86.1177
126.842
91.8186
134.865
196.447
200.479
122.404
299.155
205.218
216.347
296.177
295.777
198.338
102.002
91.4765
102.189
97.826
298.554
52.0542
113.502
164.305
295.865
150.296
299.988
280.291
263.841
119.831
143.097
299.118
132.779
91.3514
203.484
125.56
86.0725
299.773
70.5357
122.439
283.897
91.1539
211.917
95.1196
122.218
94.7383
93.1537
117.981
178.213
296.024
108.608
83.7447
132.967
297.2
298.704
109.283
84.7581
205.097
174.092
297.779
108.663
129.727
296.661
236.813
218.732
154.075
83.2363
299.344
299.442
177.985
297.32
95.3471
299.809
107.658
230.494
299.972
280.709
297.853
73.2715
55.483
299.857
143.341
125.803
85.9738
95.0649
57.6083
90.5042
59.6211
246.354
152.385
98.7553
163.806
234.571
299.367
299.41
299.811
140.731
287.523
299.469
144.322
90.8086
96.9115
142.061
84.5115
178.428
291.161
102.031
298.55
83.851
97.8076
115.957
117.571
85.706
66.3029
297.268
231.659
282.43
291.592
88.8249
98.4449
100.312
110.118
295.879
132.164
135.081
57.3564
102.342
82.0651
299.879
239.115
110.269
122.96
141.996
297.543
51.9764
91.0837
208.872
236.227
185.917
175.025
96.7906
83.4727
284.288
82.2737
80.2882
142.968
219.451
79.8124
297.608
299.057
91.4138
63.7327
133.629
283.772
86.1167
121.985
85.889
297.299
168.488
137.46
95.5301
298.51
194.197
86.2211
84.2769
299.06
99.8251
110.157
104.373
297.287
71.5914
194.684
215.465
299.26
86.215
82.8229
283.399
84.5536
82.4083
76.9449
299.842
95.8258
87.3017
124.853
84.1629
143.643
299.448
296.989
65.1958
193.83
94.7074
299.959
84.4626
91.5658
144.903
287.581
98.306
126.306
65.0621
236.883
200.061
144.308
117.198
166.8
88.3582
191.062
295.915
163.959
84.2763
85.7612
52.0397
97.6794
95.1773
174.393
111.344
135.678
222.841
195.334
87.0841
82.8476
299.897
299.513
298.45
293.825
86.0182
108.189
83.2227
258.906
297.801
297.235
299.681
178.496
292.95
76.1664
299.85
91.6761
86.1972
98.897
299.87
283.433
134.365
59.7259
297.402
66.916
118.744
89.9359
195.694
183.662
85.6506
120.185
92.0493
161.866
73.8342
294.601
299.119
146.696
164.976
94.1487
59.0081
148.253
83.8336
94.6212
188.197
185.56
83.6187
101.173
144.69
202.471
291.925
94.3546
214.437
205.969
299.531
288.694
95.6846
100.216
53.3944
287.377
194.345
178.372
296.747
56.8378
150.137
63.7331
198.961
95.1378
240.929
205.765
110.89
109.929
57.0655
254.89
94.1632
84.0555
211.33
123.312
58.8728
94.4115
63.4706
295.754
148.924
94.31
165.447
167.045
299.939
210.844
297.506
170.939
109.159
118.223
92.8545
290.994
63.0803
299.968
95.1529
298.487
152.744
234.336
298.008
205.335
299.95
227.682
296.064
84.9484
75.7527
152.869
220.314
155.238
299.973
85.9842
99.2549
114.216
299.975
114.337
97.1468
122.964
298.425
112.717
96.8043
295.825
123.555
79.9114
109.385
299.841
124.532
299.626
298.692
63.8923
67.3681
291.184
299.703
299.665
98.5607
299.93
96.3636
151.87
285.461
299.603
299.675
142.749
91.0268
286.112
226.399
112.537
95.1578
211.06
213.626
134.865
127.446
96.0016
299.968
133.809
138.387
164.831
122.128
62.6425
53.0609
50.4045
68.9296
87.0329
66.3449
104.492
276.976
273.757
68.5886
295.659
112.52
299.958
84.211
63.84
84.102
152.086
299.499
119.109
184.615
299.981
169.288
90.7578
299.611
110.627
84.5317
164.156
101.372
167.56
139.483
195.04
112.186
189.163
125.777
129.981
92.7554
81.9376
289.325
116.528
95.4346
216.442
110.695
298.618
157.18
142.089
90.0719
163.35
159.327
182.439
131.46
126.22
154.406
292.721
297.835
213.927
95.5734
299.645
226.792
294.972
299.804
299.316
135.928
77.6196
91.1494
299.582
298.586
84.945
84.9555
154.619
69.4304
132.245
86.9779
91.0847
297.364
76.0851
75.3956
150.369
67.3048
81.5376
94.6134
295.656
173.126
92.1456
88.8218
91.4857
156.798
152.96
83.4388
86.1011
130.078
101.001
112.856
99.8878
89.2112
61.4459
106.755
83.0561
233.152
92.1448
118.247
106.888
298.004
194.316
55.6956
299.845
145.682
76.1457
284.088
83.2481
218.629
184.903
91.8641
119.956
225.5
172.356
76.1808
263.329
299.892
83.2851
91.6017
169.445
111.068
299.882
165.641
299.018
157.766
231.659
97.2548
124.145
290.775
197.879
125.304
67.1049
109.424
116.058
299.942
299.628
71.592
299.618
159.296
89.0073
299.879
91.805
109.16
122.409
93.198
248.316
89.3067
86.3525
287.109
297.331
82.5977
78.7749
86.3621
143.111
137.845
58.3999
125.797
66.4269
204.368
58.1681
299.945
237.804
299.503
91.4696
186.985
83.0582
91.6488
299.912
85.2595
292.765
160.843
298.794
120.384
86.7189
291.124
113.572
178.837
55.9975
167.892
226.081
299.978
78.4436
293.485
297.534
88.4667
128.347
299.668
234.837
66.1653
119.931
299.755
90.8489
149.617
94.2018
92.4797
98.7814
86.3837
299.106
143.547
94.2914
178.706
80.4094
284.745
80.2992
66.3533
299.618
189.235
167.358
79.7303
127.785
230.284
245.638
76.9098
193.128
285.72
77.4352
95.9675
105.729
189.547
65.7785
94.5579
90.5358
96.2423
217.772
78.2532
86.0024
80.8153
234.213
243.759
83.861
56.3196
117.007
193.02
115.52
134.047
88.8722
84.1655
95.0418
119.281
129.363
112.893
192.254
292.013
121.399
77.766
83.2018
76.9695
87.887
154.69
140.875
108.062
198.243
299.79
89.7058
94.2056
258.058
242.699
201.473
72.07
140.298
90.1434
68.4792
113.911
56.6827
123.981
52.8852
83.958
50.3355
293.165
95.1187
280.488
136.327
121.883
251.069
52.4505
135.829
114.118
77.6145
299.971
160.994
100.35
89.8886
90.1458
64.3081
109.771
65.5945
91.7308
155.361
298.253
124.206
299.708
298.793
82.2297
90.9547
218.399
94.3346
83.3361
98.984
299.919
71.0286
85.6927
298.824
113.391
107.621
290.662
106.172
82.6329
273.276
86.2373
82.7776
115.422
83.2881
90.0264
296.262
280.035
158.926
104.163
181.48
84.0106
95.4861
288.818
92.3878
292.389
86.8965
110.087
215.571
101.001
83.6914
69.2642
147.131
218.994
86.1951
112.351
70.0505
298.065
135.403
84.3513
63.6903
274.505
91.0133
171.951
96.8913
199.274
87.7288
88.2128
151.436
170.416
96.3521
190.469
155.622
285.959
86.6718
125.014
83.8567
83.6596
183.253
84.6528
70.7117
111.581
81.7996
154.177
96.2783
149.696
93.6273
217.909
176.408
66.3827
144.3
294.629
286.104
163.211
297.087
186.325
130.985
112.331
89.4771
134.029
158.912
77.1206
294.967
297.325
86.1195
124.117
201.907
122.559
138.347
101.145
90.2709
100.67
121.61
295.637
87.4142
151.99
90.8049
91.929
263.143
258.942
277.7
165.571
71.9543
164.91
92.8902
99.6865
130.297
128.394
58.708
126.69
291.612
296.982
298.471
287.976
128.02
57.7847
88.3003
98.2222
55.7585
115.49
154.542
116.875
153.146
298.709
93.6498
187.695
129.892
299.366
294.652
299.215
93.6769
121.816
298.792
52.3351
83.4171
96.5789
183.138
107.917
81.0401
82.2308
129.908
128.143
83.5086
106.439
69.9852
79.72
112.371
72.3089
153.205
297.685
296.323
85.9873
85.6797
98.9683
285.435
296.648
192.301
80.1947
101.978
293.905
117.04
74.8966
89.4414
124.164
98.4977
110.48
232.454
175.794
221.122
83.1497
291.266
90.6841
51.1592
193.644
90.0955
92.5915
90.9845
52.5951
66.3366
299.552
91.9368
168.776
297.322
196.449
156.591
83.106
144.678
125.854
299.985
293.867
209.779
109.333
114.737
52.0783
86.6883
136.514
70.5031
117.67
70.801
88.6755
83.8668
284.74
152.619
85.7924
137.389
75.862
199.533
113.427
85.6457
89.1203
285.713
120.976
94.1838
114.144
51.2664
208.456
88.0107
138.35
299.491
150.521
291.863
298.752
67.8902
138.636
86.824
299.993
62.3612
155.19
176.084
62.0962
214.384
299.431
86.5188
90.764
175.66
133.39
102.639
82.6709
298.937
278.58
66.2121
93.7956
139.05
176.189
293.558
187.716
297.897
117.985
300.005
290.607
96.5574
299.512
140.01
78.6809
58.2395
75.3936
156.277
167.18
115.3
100.44
298.994
299.177
111.227
86.179
165.928
143.25
88.121
95.9458
125.43
102.206
299.731
141.176
295.218
97.2178
185.543
164.865
216.82
92.1158
200.502
286.874
118.958
89.4819
222.471
66.7972
79.1191
241.679
212.275
90.2286
299.956
195.932
215.505
299.599
286.74
68.8048
191.273
72.9937
299.966
91.3997
104.405
140.351
86.4706
84.5396
157.747
297.83
97.3006
87.2618
166.032
94.7833
87.7873
73.4221
86.2368
277.218
169.558
66.2026
288.053
295.15
104.254
61.1849
89.295
289.481
224.783
85.8554
63.1652
95.8992
94.4756
75.9486
63.4073
90.7552
145.564
99.1004
299.933
231.001
289.865
84.0905
137.183
169.735
105.878
298.393
92.6876
85.8149
114.579
58.1738
152.717
204.881
224.839
118.445
299.896
71.9137
88.7825
127.729
132.341
299.815
86.0027
82.5704
80.2392
104.291
279.29
120.126
235.158
81.9289
93.5334
85.2869
97.7806
144.236
72.4227
86.0705
166.943
297.894
158.152
79.2718
202.285
103.103
88.4183
277.525
87.2195
85.8064
173.455
176.969
101.116
294.735
86.7756
87.181
203.354
58.3652
84.6569
80.6161
85.5949
153.896
112.372
144.526
85.3598
92.4704
121.451
101.561
89.921
295.657
127.273
84.0414
281.25
123.474
215.403
292.647
119.413
134.799
91.9236
149.954
83.9208
296.712
139.869
168.053
135.87
62.5831
294.964
108.537
116.246
148.257
122.466
115.245
66.2048
293.141
164.672
86.2514
156.713
170.793
100.689
68.8289
83.1304
93.6416
82.3615
299.471
115.576
107.025
98.104
94.2494
97.2872
92.8153
81.5687
90.0407
299.334
93.9542
94.2944
170.328
87.2565
123.544
84.0151
144.567
91.5367
294.838
298.918
297.868
154.733
72.6181
275.828
152.098
299.204
119.347
85.1292
106.708
280.547
256.368
171.838
128.077
297.381
230.559
299.331
85.4923
163.032
232.541
263.762
117.62
85.5447
89.8003
71.5648
215.08
298.111
225.052
86.329
109.879
292.804
299.084
107.716
103.113
128.15
116.698
85.988
98.0134
78.8462
67.5292
97.5011
82.8381
95.5468
279.773
115.24
70.0657
292.48
298.837
262.64
97.0282
76.4539
199.316
88.5616
149.819
134.816
108.082
122.3
113.085
283.555
297.302
91.6647
195.438
73.0423
92.4545
155.702
93.6868
280.631
73.5004
299.207
80.9226
296.874
192.842
68.9995
85.9283
87.5364
67.9626
112.847
230.45
177.232
89.8644
112.034
86.1727
84.4355
299.981
299.706
96.4832
245.251
113.094
97.2918
299.964
75.72
105.209
253.173
182.996
137.917
139.138
83.4334
70.8452
70.6465
94.8634
106.059
73.491
122.296
87.3777
88.984
217.576
85.7195
286.776
173.13
150.23
288.111
294.652
112.515
299.444
134.766
90.4264
267.512
80.1548
90.2782
299.793
294.897
291.397
92.7714
84.0415
297.006
93.7039
122.913
200.201
61.6381
289.553
181.113
229.093
96.9958
93.336
98.0771
111.165
298.409
284.335
111.1
81.4561
115.336
107.799
295.7
62.1286
163.906
71.3125
131.12
88.24
279.377
104.853
88.9369
87.669
144.02
92.6772
296.005
95.1037
128.299
147.119
299.808
110
138.644
98.1854
90.9801
88.7618
293.678
62.8163
113.384
132.436
68.7099
76.0122
86.49
82.2869
86.5639
291.18
98.0264
57.5399
120.909
89.8354
254.937
97.4923
90.2769
88.2647
66.2456
105.326
81.2821
299.945
290.413
111.861
161.353
76.2971
204.552
93.6098
93.7312
287.082
89.0816
95.9779
287.794
138.845
83.2582
129.391
75.8076
87.9153
291.287
87.3519
71.2853
142.355
91.6151
96.943
98.3092
56.7425
151.9
294.745
69.9598
119.798
281.705
167.629
299.589
296.093
98.1884
76.7088
297.009
175.079
113.869
69.0777
148.91
190.604
74.372
84.9761
100.776
68.36
277.537
91.6722
107.393
78.4795
58.7163
211.225
87.4907
84.7478
90.9687
90.3355
173.617
51.7418
293.653
145.187
75.3359
127.751
153.972
91.9795
292.901
99.9957
76.2131
128.44
195.749
94.7841
67.1445
76.7931
96.065
146.239
297.396
97.988
142.942
127.903
66.1585
293.863
299.91
66.5966
112.624
104.495
67.5813
121.757
100.37
146.962
278.097
295.772
86.5991
295.851
68.3884
114.527
298.174
107.136
114.606
226.929
86.6606
148.761
89.7856
129.589
75.5487
114.716
99.4759
96.4908
97.8107
299.224
299.591
130.569
94.2374
93.0432
231.401
161.379
97.6871
90.1234
249.368
131.099
90.2104
277.166
282.91
92.2801
298.628
71.167
191.767
87.077
107.524
228.714
72.3262
87.5084
72.3095
145.827
193.863
298.897
81.3868
75.6573
99.2112
89.0451
99.6811
65.254
178.029
294.439
264.273
279.794
294.668
92.344
150.77
183.152
88.6549
131.757
179.59
116.426
77.7726
298.234
275.797
128.677
76.3879
174.942
97.6583
175.847
193.219
86.7502
86.0771
77.1239
165.8
87.0597
103.258
119.252
171.361
270.252
153.339
162.822
104.82
299.785
112.39
161.98
94.6882
90.5569
108.212
287.226
120.638
78.319
65.403
127.809
53.6378
70.5773
211.259
295.348
283.157
95.5655
91.5178
90.8964
86.6139
299.544
251.55
144.691
143.733
288.598
139.337
50.6409
295.782
112.231
257.84
71.6604
152.633
296.475
80.168
295.469
142.934
91.6897
190.278
91.5436
69.6797
91.3807
202.943
67.2584
263.05
88.7149
96.7113
80.8504
299.449
298.177
278.454
162.524
293.321
100.814
130.705
294.783
64.6234
83.7212
66.037
88.2294
160.448
167.929
85.312
175.591
138.418
86.161
192.581
299.46
105.917
127.981
123.086
89.4408
76.0089
95.3731
299.632
98.8649
71.2755
106.22
164.155
86.0659
74.6463
115.204
153.209
87.6447
173.58
166
55.8741
125.177
299.529
299.61
77.1436
160.524
132.537
133.406
151.613
92.1608
170.442
95.8032
95.1605
66.8235
110.421
135.255
123.886
288.036
83.6101
293.319
163.536
129.471
137.654
111.442
67.1537
62.1524
66.3838
80.4608
296.374
208.178
298.385
138.193
193.141
78.601
125.152
226.515
278.976
83.4987
278.798
299.993
146.562
137.905
297.736
96.177
112.808
298.045
299.484
98.6292
59.748
177.19
80.9804
298.051
52.3014
110.837
73.5089
90.7432
294.073
88.7266
276.869
87.2764
286.784
250.017
84.1556
162.06
190.451
65.8069
298.039
56.7572
263.38
92.3171
92.8947
207.951
207.341
290.923
95.2942
89.5299
93.2101
122.68
117.334
119.286
87.4599
299.916
299.853
293.431
86.1322
147.319
149.741
147.378
206.917
172.282
195.871
94.5231
94.0298
149.161
137.026
287.791
68.5166
92.5052
60.9838
299.327
150.484
295.287
94.3616
65.3843
94.6348
114.748
84.8668
94.6082
64.419
139.631
130.036
83.4745
112.687
152.729
128.016
299.54
104.324
65.0898
156.699
127.558
152.973
295.422
256.975
297.79
105.545
171.077
111.149
297.103
87.4012
86.0695
59.7368
151.428
155.009
69.6287
80.1431
87.5164
294.816
117.404
102.611
88.003
76.0761
80.9271
131.378
66.9345
87.3433
284.303
121.664
295.684
286.155
100.248
187.949
73.5593
103.08
95.0643
71.8895
87.525
105.958
125.163
105.046
171.546
224.773
288.014
294.918
100.485
87.2529
295.677
137.958
95.6418
72.6026
299.199
77.1408
84.5435
97.6671
91.7898
113.347
211.318
144.017
107.988
161.924
113.527
75.8893
74.6235
80.7877
81.6435
78.9735
82.1162
92.3116
193.165
172.665
90.8062
68.9249
68.5966
103.098
276.484
144.155
83.6639
287.622
86.3404
111.908
108.952
92.1278
85.8609
137.839
116.608
58.2592
142.45
100.947
294.502
99.1127
106.463
94.587
72.5954
163.657
66.7272
297.34
149.657
291.173
113.268
132.624
284.827
173.051
81.2479
176.066
193.334
79.0232
154.17
89.8309
225.993
114.3
84.4109
73.8657
100.992
124.834
145.65
143.139
75.9233
89.0457
125.651
137.566
86.0603
95.7119
122.105
81.8316
68.5222
118.398
165.173
293.391
193.014
98.2705
113.232
55.1702
69.9256
75.5775
298.365
91.5662
92.5705
299.635
126.375
83.9176
120.204
85.9651
94.8402
298.374
299.205
294.534
66.6156
157.215
98.502
164.702
81.2691
79.194
126.05
87.0562
126.38
86.4402
153.447
96.7685
72.8122
85.0258
193.367
72.92
141.763
74.8783
93.5046
185.99
278.845
162.661
76.6193
84.4993
86.0878
94.0635
186.106
89.0016
137.034
85.1608
122.321
108.679
82.2425
67.9918
82.8434
61.2416
93.4007
296.193
118.148
78.5307
224.111
197.895
292.532
91.2191
118.823
117.842
88.6019
297.386
183.505
86.2357
78.0185
222.767
222.002
98.0714
109.514
290.59
297.411
98.9004
84.9239
299.949
89.4755
100.956
200.561
268.699
97.4458
84.8677
88.4652
66.6508
92.8587
84.1707
70.7549
223.416
150.043
156.252
118.196
298.862
289.817
110.83
84.5925
291.768
136.426
98.2031
81.8846
200.165
110.49
85.0864
141.152
88.2401
292.022
66.779
166.929
89.4272
105.02
246.395
158.303
64.5639
86.7679
96.863
275.165
126.687
298.437
56.9322
102.802
93.5387
83.6799
157.412
61.8022
83.8552
86.0865
93.6282
109.27
97.4567
292.561
97.6729
166.507
282.877
108.738
115.698
261.269
89.914
225.035
260.119
96.0766
293.971
164.752
91.928
296.755
184.732
201.796
55.0716
293.533
90.5417
299.568
135.352
284.265
51.9035
96.8549
92.2275
172.229
295.898
53.1026
92.2855
299.556
80.6215
126.195
138.02
110.23
126.598
92.6613
88.5781
144
254.392
297.978
228.874
74.5509
159.551
103.081
94.5459
107.015
248.793
296.445
195.704
124.967
176.831
83.5486
149.248
90.4451
143.36
123.555
93.3483
85.386
86.1376
81.1972
299.987
88.7554
299.497
229.929
82.0436
91.3769
110.955
86.1599
274.5
112.262
63.5523
138.972
86.9049
81.0338
51.6663
89.0276
195.413
272.131
66.4389
90.4835
110.575
52.5472
155.563
294.596
127.242
174.036
82.7252
117.57
91.7721
234.076
90.0794
90.6047
116.908
297.743
106.926
146.081
146.196
54.3212
204.663
290.043
85.1644
62.0832
94.0882
94.4053
203.153
92.1847
56.4188
65.862
120.089
133.599
89.369
183.422
100.292
86.8287
299.993
183.707
161.326
93.6388
86.7979
156.459
126.02
108.209
299.334
178.59
247.889
122.385
124.484
57.2146
54.0649
152.995
117.798
161.195
154.437
67.7809
297.955
232.045
90.2393
91.8308
92.9374
109.613
183.677
190.05
92.6187
142.185
162.257
180.968
295.561
102.303
93.0109
119.496
297.838
210.166
95.4403
126.841
296.414
53.846
240.435
90.8551
86.3919
96.3629
62.2152
190.221
147.194
89.6343
297.287
73.0991
152.761
101.936
209.846
99.4059
184.407
67.3536
87.5534
281.059
299.501
273.955
66.4895
85.9328
299.37
81.3497
293.767
299.902
98.5758
126.487
116.419
108.599
88.7326
128.06
297.399
77.1664
55.5903
117.298
94.8621
299.741
79.5007
85.639
138.021
84.7706
213.386
91.0824
162.094
202.572
293.286
194.819
225.458
283.392
293.391
114.266
85.8733
151.974
86.9409
122.057
203.202
96.8304
277.969
148.994
208.093
89.689
118.656
120.936
261.725
299.35
51.6459
283.025
103.065
285.46
156.126
298.683
109.123
123.582
119.573
289.316
128.093
60.1029
126.88
79.1928
91.2766
297.826
132.017
166.159
116.113
250.374
85.9546
161.26
88.626
81.4625
88.2766
85.7085
164.205
155.441
138.93
139.031
91.9134
159.686
297.415
74.3229
130.763
55.6521
142.597
113.246
162.755
113.424
299.897
80.7614
93.4298
81.9407
133.749
131.305
143.943
297.785
146.751
152.656
144.89
299.705
92.4655
140.565
105.428
119.839
299.64
86.0987
141.537
162.876
112.09
68.6879
52.1852
83.1417
137.067
146.097
167.359
81.3213
243.989
76.3477
75.1301
288.001
86.0912
134.061
88.3346
85.6478
149.071
159.609
106.28
84.3308
60.5026
161.371
60.9633
63.348
105.096
292.295
51.6664
150.576
87.3346
93.1265
279.287
111.231
73.8062
109.342
125.252
298.768
137.936
85.9238
84.0574
93.4944
88.6996
116.701
76.121
85.6205
90.6045
97.3993
91.6317
86.3582
110.558
162.043
299.676
69.6261
99.4893
86.8035
285.674
85.5831
104.776
111.971
104.455
157.054
105.269
86.1968
66.5758
129.953
207.826
68.9989
104.824
79.2537
64.5084
93.2725
150.998
205.234
163.912
86.1962
130.272
91.2896
112.317
158.547
51.9237
128.126
219.497
87.0219
99.2918
72.6928
91.7866
196.458
180.095
86.1245
298.906
286.899
60.5381
186.092
86.3341
295.293
259.156
128.297
299.531
122.544
100.248
256.985
291.778
97.863
90.03
99.9831
155.547
68.3089
112.994
120.126
289.704
296.998
70.7357
90.7921
153.936
61.7537
85.5225
81.324
87.0164
66.8207
67.2031
77.7704
147.959
122.667
299.977
67.7877
80.986
292.386
299.525
288.428
67.2866
146.856
139.021
87.6828
146.098
75.1333
299.566
287.306
111.582
83.6615
106.747
104.729
296.743
293.984
138.766
91.4881
202.854
161.604
227.094
71.7611
98.8395
101.66
103.97
159.582
295.479
133.949
122.805
149.802
181.509
71.8921
87.2827
57.7818
155.279
137.508
174.12
293.878
95.5227
91.1307
299.579
120.508
239.186
85.9276
200.845
298.944
297.33
93.4721
124.646
87.9135
97.7606
78.9544
55.83
114.93
110.626
82.8546
250.823
75.7873
103.952
296.825
82.1387
88.9438
88.2253
123.106
139.864
102.909
124.061
88.1395
90.0406
117.271
103.317
126.789
90.048
128.048
131.925
86.7139
287.45
131.172
292.572
131.169
289.572
209.291
282.749
82.1608
90.0672
290.219
298.899
135.864
109.418
290.957
281.365
87.94
85.6475
58.5697
82.7916
286.892
283.957
145.309
110.898
107.582
64.3739
83.0642
129.599
83.5946
86.3426
124.798
92.4475
88.9868
85.8694
133.856
226.604
105.881
83.5149
219.534
139.153
108.202
136.465
79.8528
91.4271
89.3518
154.554
79.7656
299.693
132.529
279.463
85.6442
128.132
299.001
190.675
106.488
116.231
72.4006
92.819
114.695
292.506
93.0216
115.308
143.854
65.5082
101.447
118.806
293.71
140.191
107.321
184.924
90.7501
73.5278
285.931
122.456
299.508
195.709
86.6691
91.7085
86.6569
298.243
148.279
220.923
57.4147
87.0221
74.5894
90.6506
227.227
292.751
80.9563
88.7803
89.4896
298.096
181.679
112.75
291.442
92.0843
147.721
193.271
184.122
74.2045
112.489
297.934
299.863
85.6495
71.3106
86.8525
68.8986
84.3794
163.862
297.636
125.099
87.2667
298.774
110.296
198.052
62.0797
128.585
245.14
106.93
115.736
102.419
135.461
94.7398
103.352
155.95
81.2535
103.582
106.703
280.092
91.5546
292.154
287.124
130.065
70.2977
299.969
299.473
96.6203
129.202
296.01
88.9897
295.746
171.529
299.518
297.435
88.3922
89.3183
63.2476
84.6388
273.128
271.469
56.0429
87.953
112.192
95.951
297.575
296.289
55.7014
100.943
73.0814
92.0423
91.4423
82.6621
86.7708
55.6819
198.428
220.782
87.7023
285.779
132.532
95.1567
84.376
252.234
167.7
126.989
68.9038
81.6838
81.0308
60.8713
115.728
76.6223
106.607
299.602
162.706
148.638
97.182
138.108
110.269
299.855
61.5914
86.2883
213.836
86.0228
230.854
180.686
223.288
160.994
136.232
98.6701
87.0246
259.575
281.492
62.3124
98.7665
289.143
299.823
299.526
290.052
254.888
105.831
296.825
70.7964
210.913
127.727
142.507
54.6997
295.096
299.541
144.017
96.8953
167.762
150.82
250.582
90.1163
106.216
91.2743
103.173
248.084
297.385
85.8137
55.1036
85.9007
145.956
85.8562
86.0597
91.7901
86.7469
103.355
112.684
293.758
206.043
85.7674
106.2
297.765
297.897
292.041
170.612
281.462
92.8803
70.6463
287.325
280.828
299.411
63.3929
73.9468
94.6082
194.607
128.293
103.234
146.445
102.289
293.957
124.084
148.228
105.156
98.4186
81.2626
276.466
92.1978
100.69
91.932
298.426
280.378
135.654
297.861
73.1631
59.9672
81.1202
57.641
298.606
57.9776
121.948
203.264
101.68
77.1295
299.892
73.4373
94.6342
57.7832
99.806
129.204
299.761
257.67
294.448
290.305
110.224
243.026
74.0956
119.61
110.64
293.664
148.854
299.717
66.6623
289.745
52.7345
129.257
98.889
92.3926
128.015
89.87
94.0722
110.122
119.181
86.1277
86.0999
108.788
115.85
282.822
299.978
123.363
87.1498
68.1041
115.225
97.2485
251.87
116.255
261.28
96.0755
67.3351
176.626
98.7982
92.6409
127.776
130.289
81.044
86.7485
98.7719
195.201
196.047
211.492
57.0954
79.7121
131.395
118.65
298.136
85.8101
60.8881
104.792
95.6287
89.4192
153.218
79.4225
297.361
169.477
111.363
66.9874
96.2793
158.904
112.768
106.718
123.151
211.663
87.5468
164.773
78.8461
86.7022
298.528
94.5324
137.355
202.493
294.679
299.678
77.151
124.264
92.3521
118.326
111.786
151.871
93.6016
120.965
63.0668
111.259
289.717
97.8428
297.169
86.4542
159.308
87.3055
296.651
220.539
99.7495
92.6205
96.4054
298.857
84.3582
95.5677
264.657
91.0508
66.5892
91.1082
85.6486
59.4469
68.7855
83.6756
90.3771
209.237
82.9775
258.66
104.197
82.9
105.51
83.7037
298.791
296.635
290.07
164.729
176.279
299.212
76.3425
169.863
84.6468
144.031
294.023
131.034
92.5258
235.233
96.415
298.84
53.7314
111.865
292.47
110.135
297.847
97.3923
149.226
85.721
121.669
88.7957
145.031
114.365
296.109
281.461
104.334
91.5315
136.991
93.4876
222.666
115.772
111.663
108.148
285.254
178.935
119.159
116.241
77.2309
298.145
93.2298
141.836
86.6943
57.2879
296.765
180.567
139.63
105.886
135.694
95.4332
80.5891
158.797
85.4046
112.243
73.3721
83.1144
97.4593
88.2977
58.5889
277.926
134.952
90.2368
76.0344
181.742
299.262
143.255
52.9809
216.852
66.2611
106.825
94.091
70.8907
85.6642
59.6401
252.56
111.337
98.0383
290.978
293.047
92.175
151.777
79.684
291.773
63.7341
89.4997
87.6083
101.993
164.389
75.8963
90.3889
127.52
287.106
66.1753
106.257
153.382
113.591
97.0721
278.741
284.389
135.524
81.9719
94.9593
93.3513
73.1503
73.1193
69.2269
296.795
299.586
93.3725
114.535
203.115
157.515
258.041
111.677
299.577
94.3688
299.418
289.83
84.4174
158.849
299.899
90.4641
100.276
86.6241
86.4071
298.871
80.9223
91.6767
295.089
95.0719
185.566
264.251
55.1132
290.785
97.3005
258.67
287.681
273.919
68.16
290.479
64.7564
104.844
69.4125
110.216
132.997
65.7916
111.269
216.398
157.447
104.981
71.7769
291.784
290.399
100.898
177.2
299.223
63.2554
108.347
153.595
159.976
97.9778
175.006
52.3337
273.975
289.941
90.8007
299.743
109.044
120.839
106.801
296.875
206.994
271.887
147.828
86.4864
122.914
300.02
101.615
103.146
150.578
88.6022
175.665
82.9812
119.515
66.2793
65.6536
163.807
68.4728
298.14
110.987
90.3299
296.782
76.9377
105.76
111.505
291.943
83.1746
128.533
108.43
126.341
299.695
283.897
69.211
299.974
134.977
117.407
86.1527
139.555
75.4598
73.4448
93.6038
84.2042
82.6511
145.121
154.231
292.073
135.023
181.495
93.3229
297.927
97.0091
119.732
55.4555
121.651
57.6146
104.424
120.042
298.266
102.304
102.746
116.409
290.468
120.051
94.641
100.907
61.0292
152.287
102.682
53.3772
177.367
297.96
102.662
245.541
101.148
83.2071
86.7455
144.721
85.352
79.3284
74.1146
156.89
94.336
299.115
63.2185
129.329
89.7324
128.151
91.9623
111.952
111.182
86.7369
298.806
297.254
229.091
74.4986
52.6229
183.65
77.1435
136.058
102.416
285.966
94.6277
134.05
299.515
68.7808
60.5892
79.0143
77.439
143.684
124.626
77.9717
85.5437
67.9168
204.561
77.3715
143.499
114.546
62.5641
178.958
299.198
87.1387
259.519
299.659
109.46
90.1969
98.9998
100.326
65.348
98.7724
296.145
152.876
170.987
91.3663
296.516
51.5151
80.1732
91.692
75.9285
87.7288
140.173
85.7063
270.22
93.4584
93.3643
139.172
99.6826
134.076
222.005
92.4367
156.54
91.0827
251.682
109.134
157.595
92.2394
92.5122
85.08
99.6109
274.314
204.613
133.936
67.2173
111.561
102.226
117.986
77.6062
299.214
93.0393
74.3294
84.6582
66.6615
296.57
119.564
91.3791
116.128
294.534
163.598
295.746
85.7793
86.3995
85.8764
94.5211
102.255
93.8956
292.196
299.415
299.493
290.635
85.4623
299.758
98.8396
141.818
154.864
123.354
79.9054
85.6539
140.296
107.45
88.3496
118.845
85.8056
93.5762
81.8996
176.521
79.3992
84.7708
299.199
68.5775
290.622
93.2176
165.287
298.792
184.814
68.374
218.491
94.6082
111.612
73.7142
185.241
119.628
123.801
232.046
293.591
62.7693
172.386
299.82
141.662
97.1066
296.173
114.295
137.043
61.7294
171.81
102.353
132.174
92.6466
88.303
96.3503
96.3966
297.279
63.5283
118.274
77.046
125.247
97.0812
222.547
115.48
70.8262
75.5912
99.9776
115.766
95.2697
74.4612
90.9814
60.0103
114.285
125.779
77.3586
93.4862
208.635
137.78
119.294
112.335
117.604
178.122
155.362
295.123
155.245
88.3815
111.977
299.784
126.659
95.9097
125.805
158.047
113.099
88.6946
299.542
84.7079
278.077
68.6059
183.962
299.996
75.647
298.489
65.4375
294.849
93.4448
147.222
149.616
79.6999
136.308
134.913
272.795
295.271
299.134
97.2919
290.773
76.7031
86.7959
90.4928
84.1799
299.783
63.9784
297.961
116.456
82.5298
99.7496
106.529
215.88
295.058
82.7275
86.4859
98.8504
95.4425
135.689
82.2296
260.721
93.0471
286.62
70.0065
284.788
299.1
296.929
105.227
94.1104
146.893
90.803
299.638
64.1537
87.2632
171.261
113.894
110.29
294.793
299.167
167.492
299.784
57.6021
92.6583
98.1162
115.083
75.0609
270.143
148.364
88.2253
187.03
116.179
116.503
89.8448
300.003
63.6479
94.5215
85.2445
90.3951
199.639
251.592
64.8544
299.398
297.943
87.7282
299.393
110.616
153.879
68.0836
295.793
72.3605
224.329
131.614
94.6098
106.442
81.5185
298.847
295.813
130.598
299.283
127.633
69.7449
287.278
90.8464
58.772
83.3809
67.0404
79.5665
86.5129
154.324
118.984
94.271
92.3401
298.155
75.6169
124.057
87.8654
83.273
83.2671
286.123
299.473
92.4878
87.859
95.5395
141.935
85.2654
87.5725
138.646
283.025
294.541
137.488
127.702
102.285
297.088
73.6258
273.4
70.3708
84.3522
98.4846
160.154
87.8425
135.472
127.138
87.2653
112.784
152.627
128.862
95.8563
214.475
109.377
101.607
81.834
89.3311
161.174
299.968
120.797
120.568
87.3803
107.43
192.591
132.158
110.768
299.119
112.627
177.466
103.888
299.688
259.751
98.2519
103.712
98.4398
84.3688
290.94
123.254
115.468
88.7361
135.597
52.5942
279.74
297.248
299.977
215.654
86.4177
185.39
102.393
73.2776
161.269
118.757
104.946
299.936
286.657
151.964
107.769
82.0558
81.0483
92.5141
85.0347
160.166
117.858
298.881
126.834
99.3613
129.228
85.6494
197.966
103.841
81.824
86.1068
207.567
297.418
92.3078
134.352
92.8454
245.097
72.6371
189.736
148.895
70.9761
140.842
67.8994
85.9748
295.396
158.541
132.238
280.147
84.485
197.646
299.817
295.557
132.129
85.8566
83.2522
156.479
83.1251
89.7075
85.9833
280.179
78.3598
85.9436
298.369
208.9
58.6187
91.6724
278.094
296.005
88.0563
114.864
67.1931
293.597
98.8396
89.5685
73.2076
81.0644
293.363
299.816
295.516
110.54
160.032
92.4298
98.2234
151.848
116.289
299.132
110.034
76.0538
102.013
299.851
66.922
52.8853
59.3352
86.8346
155.381
295.57
65.4595
120.789
298.657
93.103
296.951
128.319
140.168
213.094
76.8085
94.9505
90.0633
284.929
287.646
297.694
145.787
75.3951
299.981
96.9539
87.9217
137.607
108.843
81.1071
298.504
112.974
200.01
94.3622
118.827
297.034
127.831
89.1715
82.882
63.6728
58.4211
91.531
93.5886
80.1575
90.8971
295.853
90.9622
127.37
285.593
289.144
141.443
103.761
118.278
74.4111
294.871
54.9117
70.2388
123.257
194.541
282.24
285.591
299.532
70.2061
66.0587
133.433
65.7798
133.99
91.5073
209.341
108.854
85.9874
151.716
285.355
83.8785
104.885
53.5699
119.137
116.609
69.3556
131.125
289.984
299.987
78.5349
60.8192
299.328
299.624
94.3019
130.616
120.918
99.7465
298.726
90.3567
299.293
194.076
298.024
96.7041
90.3185
214.765
68.2017
90.9178
93.6055
147.287
165.656
104.293
107.631
81.9283
61.5685
287.459
87.9006
90.5087
150.735
299.692
294.772
274.73
293.832
51.3074
96.227
220.028
72.6562
134.765
132.949
94.9394
131.653
153.959
68.2793
149.313
93.9113
87.1374
89.8749
73.5254
88.4176
73.0611
58.5644
126.985
109.585
94.2656
111.113
185.875
114.408
297.003
97.6245
169.981
102.219
155.552
72.7849
85.1114
109.129
83.8277
299.904
149.576
85.6315
141.24
81.2801
86.5193
296.375
290.434
124.25
93.4183
184.237
298.613
66.3983
84.674
112.97
296.846
143.389
112.166
163.508
82.0907
295.087
118.673
85.7991
219.104
228.166
216.071
92.0494
298.155
173.367
212.578
115.287
296.886
297.033
115.507
292.709
210.767
148.751
97.1868
91.6627
108.22
287.821
261.191
96.8826
165.301
73.2244
280.493
147.934
123.547
173.835
115.638
115.709
298.066
168.949
91.0729
110.476
299.799
101.059
297.885
299.802
96.1522
82.7602
190.36
85.4569
217.049
111.061
117.801
93.4481
283.834
92.4249
130.41
294.828
73.2963
113.589
285.18
75.1305
159.069
280.522
141.768
145.661
84.935
188.703
97.1939
218.862
190.363
113.467
94.4954
82.1067
299.999
106.771
82.9637
101.988
97.812
112.853
293.658
299.533
113.63
133.198
286.089
137.022
298.264
268.99
123.476
60.0951
113.302
296.683
293.003
84.5967
298.33
101.858
220.098
299.503
110.501
111.398
86.4851
93.7055
90.1481
76.1099
100.43
280.402
121.818
90.0549
93.8494
293.838
158.094
294.297
146.22
108.595
75.8071
298.763
253.623
70.5721
299.815
108.128
103.052
299.912
214.676
116.07
95.0175
87.552
99.4947
299.671
294.374
119.204
124.665
141.462
89.1596
83.6722
299.977
85.7987
91.4665
120.183
87.0117
142.172
224.211
81.4557
299.756
92.9082
93.4122
268.625
64.4966
71.1697
91.6194
185.523
296.189
133.598
133.267
110.347
69.9443
120.745
96.1735
290.734
122.042
115.685
73.6648
107.014
95.51
173.714
110.965
65.1091
77.0929
84.5641
195.059
172.853
191.824
132.425
299.186
149.542
165.999
112.125
147.201
86.4559
83.7685
97.3274
81.595
75.1933
99.2489
82.9858
92.9347
60.7556
109.601
76.2428
95.9925
91.4648
89.8804
86.3547
148.826
52.6001
86.8217
84.5778
94.2688
94.3486
108.379
299.221
112.623
57.7836
90.1356
65.0985
91.9506
69.5917
92.2211
72.3205
55.5444
145.366
127.975
156.602
90.2371
118.094
137.789
283.268
177.372
88.2407
111.98
86.1767
88.8533
66.9945
159.508
257.646
157.069
86.0149
86.4692
297.777
289.408
283.206
291.623
84.1051
85.8043
93.3016
72.5629
74.4898
97.076
104.276
66.1138
298.305
218.15
78.9459
177.428
298.036
137.658
299.69
84.7115
149.985
85.8798
81.7173
286.25
76.962
106.216
92.2351
103.692
145.564
87.8826
65.6927
295.213
282.373
92.2836
110.644
299.969
106.381
78.7737
95.8737
199.313
283.745
141.044
87.2681
56.9142
76.4896
297.152
134.101
150.55
165.335
146.283
124.281
257.723
298.516
299.979
299.695
97.4239
65.5149
294.415
86.3945
110.262
121.237
283.072
284.973
76.5302
86.2266
299.381
289.116
57.5674
110.375
64.4849
80.4712
128.884
91.9525
123.671
135.717
299.518
89.9562
298.862
101.713
298.391
86.1008
299.489
135.662
298.219
296.981
91.3349
298.813
145.96
84.2497
294.026
61.0068
129.303
74.1003
91.3551
111.241
100.259
158.816
90.5409
88.9315
111.85
102.073
92.307
299.981
172.8
94.9692
261.468
83.5389
144.845
99.5378
117.787
109.79
110.687
83.2676
278.413
282.353
299.976
297.466
68.5927
109.995
189.475
67.7518
146.573
93.7536
94.385
171.106
133.474
100.755
71.9355
88.6957
66.9054
109.733
104.823
293.823
86.6224
91.6153
83.2046
183.269
88.3458
297.09
85.6915
129.556
173.146
294.951
62.7564
93.4917
291.655
299.559
156.932
298.014
112.317
259.745
245.845
92.1627
145.164
104.654
158.83
54.7913
84.346
183.368
81.4983
126.289
97.9293
94.7557
82.2339
112.131
123.682
143.223
67.6733
298.361
85.0716
291.925
284.31
299.968
117.097
109.989
83.2664
95.0534
286.27
98.8616
84.6894
292.829
100.528
290.189
64.3325
135.861
109.467
292.389
114.77
146.772
90.2615
85.6977
298.036
140.778
109.669
107.898
112
140.565
62.5952
92.3438
97.0688
85.2262
70.2876
207.744
61.9639
117.382
137.695
147.56
64.1634
181.281
282.852
299.831
123.068
151.486
295.596
112.175
298.282
103.329
82.1828
278.418
294.334
294.528
299.852
296.339
295.855
69.9565
76.0095
167.488
61.198
95.6348
81.3651
84.4853
81.2621
295.973
287.8
76.8584
62.1837
232.259
175.266
51.5337
81.8422
296.702
141.374
298.826
229.567
93.4468
57.2612
96.1251
295.816
169.041
86.5542
134.658
284.023
134.737
57.3403
223.745
52.6402
60.1729
122.952
140.747
285.432
96.8048
122.331
83.2542
63.4428
89.3655
65.1668
89.9031
163.559
126.056
295.736
119.5
107.769
283.612
128.287
55.0139
72.2172
290.336
299.965
148.759
66.9971
171.465
78.2745
222.274
290.765
120.752
65.4385
60.3769
176.885
297.631
212.199
105.516
298.096
199.712
114.344
299.954
124.762
85.7626
284.563
85.3992
154.342
139.195
94.2545
169.361
90.3398
145.873
137.091
294.249
299.983
103.117
286.909
279.191
288.982
286.601
295.434
176.262
97.7273
135.133
76.188
198.009
104.636
64.0059
299.572
127.187
296.938
67.564
158.915
159.814
231.593
98.069
155.246
294.765
116.062
99.259
90.8353
297.215
286.554
120.854
94.5607
143.924
129.797
88.4419
87.2675
285.769
291.933
281.178
299.916
86.4383
168.311
98.2442
70.9138
88.8047
60.0932
134.1
88.4662
80.2786
299.806
78.8515
201.387
117.986
112.985
113.782
135.033
80.375
118.769
75.7188
109.559
122.603
133.593
67.0617
292.376
83.8714
60.9663
188.268
93.3635
113.445
298.748
132.869
286.755
121.774
79.8871
296.783
112.623
294.822
89.517
297.317
65.9476
74.6859
233.781
106.224
58.9754
88.3223
297.903
76.6181
132.806
286.077
95.7306
167.576
294.261
262.558
293.845
103.683
189.284
84.6546
291.499
81.1054
80.3447
154.88
89.2129
84.1814
132.58
91.3528
86.925
80.247
71.0806
299.983
280.893
89.4164
107.22
116.599
153.624
88.8341
99.4326
299.647
295.893
294.229
101.979
128.525
114.93
186.369
63.2227
104.395
115.701
146.611
195.347
71.351
108.504
93.5001
97.8276
109.076
100.466
295.403
267.845
288.13
139.346
79.0722
86.113
297.513
161.422
297.115
91.4361
72.2378
76.5371
226.971
91.0253
158.186
96.2143
145.603
90.8653
138.57
186.039
74.2115
299.017
287.254
286.346
138.784
192.84
92.1171
100.717
87.3394
63.7862
82.67
111.133
297.925
86.5336
84.2257
85.5662
118.348
90.1989
126.861
81.2475
90.062
97.6719
95.3449
85.8446
275.69
61.5252
62.8507
295.711
119.513
71.6798
62.0816
157.445
88.2416
114.965
74.9955
81.0645
293.668
87.281
64.5853
294.959
290.233
86.0646
128.347
99.331
164.387
299.975
159.083
93.5383
92.0385
72.4211
81.3353
86.9864
299.361
119.101
64.0798
296.008
85.2704
84.6807
149.506
299.634
298.845
212.761
290.381
87.4162
300.01
105.197
93.4817
67.8764
143.136
126.444
299.052
291.115
68.4244
134.167
79.7857
60.3753
161.465
189.455
62.9988
117.667
164.427
63.537
298.903
135.588
283.434
100.146
81.2969
67.9639
88.653
67.479
124.534
103.453
69.9985
88.4912
86.3705
71.8955
95.0262
133.311
88.7586
106.839
57.1516
178.757
93.1729
63.4488
82.1173
97.5798
173.423
167.098
88.0794
185.765
87.2734
248.538
71.7856
92.4585
75.1242
215.261
108.253
242.257
92.3302
81.8764
299.124
83.0436
133.782
296.52
109.413
99.0543
131.513
294.226
57.14
68.4804
160.86
138.136
121.239
151.645
121.46
98.577
205.258
88.743
286.7
107.142
66.299
279.101
299.786
85.1301
79.4971
90.3162
285.342
82.3367
67.4479
199.122
245.034
152.04
86.8078
145.493
215.165
299.972
87.6221
132.142
299.573
114.061
92.23
211.107
87.6295
298.883
231.377
66.9354
88.278
299.899
63.234
69.4635
157.493
90.5691
292.327
299.688
158.915
92.616
175.859
164.332
92.104
147.066
119.042
79.7712
94.3575
299.525
272.032
100.757
140.584
87.616
100.661
95.1853
98.5905
299.96
224.993
166.509
111.909
299.382
273.424
108.87
111.75
76.294
298.168
197.847
85.5781
114.776
68.4488
52.3362
154.224
299.849
53.462
87.973
113.547
128.9
299.583
119.449
288.616
80.7893
164.124
152.22
93.8125
288.129
112.424
299.394
149.658
133.406
61.5364
71.602
290.622
119.618
79.1705
107.458
89.728
296.042
89.7066
86.1574
109.279
298.719
288.32
103.185
89.0368
164.271
145.814
240.173
291.111
288.525
295.058
95.9676
100.01
87.0627
87.0664
182.997
160.317
116.74
65.8298
118.528
264.725
89.6324
292.369
91.2864
72.8793
62.867
104.621
58.7084
93.389
132.966
69.9914
294.745
103.594
299.902
85.7104
299.97
72.828
218.705
285.467
285.605
160.202
281.225
79.2475
290.191
173.66
85.516
247.198
111.555
79.6625
89.6571
160.72
147.382
194.337
179.392
87.4055
89.7693
91.961
124.793
250.35
113.299
143.033
90.3181
87.2594
74.1918
142.612
214.357
126.455
299.562
111.807
89.6151
299.794
297.69
58.1351
94.5497
110.456
130.286
127.654
299.735
128.696
104.209
146.296
96.7852
78.9385
126.365
69.4108
92.6509
52.9619
90.5407
134.74
115.781
92.9766
285.76
92.7966
84.1495
286.878
86.4525
296.618
51.3124
298.511
112.004
60.8651
93.2604
93.3575
298.44
186.521
151.652
84.1076
190.196
221.371
162.29
105.889
67.1398
87.6238
83.7313
153.314
67.7898
69.8928
86.3104
144.751
88.7111
112.575
58.484
116.529
159.333
93.5777
57.9646
293.601
63.0105
103.994
253.585
149.211
95.7945
65.2648
130.121
286.183
132.883
299.819
76.0844
159.005
93.0787
96.1621
132.094
93.3792
151.369
263.235
67.5835
106.966
285.709
195.286
87.9646
135.266
88.2035
132.957
299.892
92.5051
84.4803
218.504
78.4653
71.7657
113.653
144.075
299.972
79.4633
88.421
96.0791
65.1016
263.568
77.3105
87.615
62.5312
81.7997
57.9615
87.0509
87.8392
83.5495
86.9321
284.131
281.083
69.7055
75.518
75.2727
86.3859
100.179
91.0161
167.218
112.278
73.9675
147.595
79.4393
80.2486
156.384
211.047
164.519
100.212
55.4466
141.128
295.987
111.547
297.47
122.543
86.8075
294.19
249.825
110.315
55.4482
108.043
113.134
53.0713
90.0468
88.2136
52.7079
294.569
85.7338
162.859
296.88
110.528
101.795
105.369
203.08
130.126
59.969
203.936
81.5763
113.394
92.5938
241.821
298.876
151.362
181.876
92.7144
299.657
299.974
294.962
80.5695
103.118
86.8021
124.812
147.118
55.6661
155.528
56.5706
91.9589
76.7675
118.829
107.32
87.0497
117.358
119.178
89.2985
78.2781
145.401
290.85
294.298
278.093
94.5853
88.9454
293.419
89.2109
76.7914
127.397
100.697
72.5912
89.4424
114.997
290.078
123.496
151.122
72.2636
173.904
284.797
58.0843
100.887
220.985
298.733
122.054
65.8934
82.5034
299.74
297.432
78.2311
83.126
69.2697
150.292
178.865
94.8903
99.0958
299.416
299.939
110.834
178.559
94.102
145.26
299.194
283.411
124.644
69.9622
122.242
84.8638
116.455
200.573
66.3535
51.9441
110.001
83.8747
113.178
82.1801
298.204
299.662
92.6312
61.3148
172.013
136.173
83.8439
298.819
88.1711
98.0118
87.4296
199.396
110.918
88.3726
54.6494
140.092
139.085
121.712
93.6226
151.097
283.343
298.665
292.196
86.9368
81.2231
74.253
62.2242
96.3539
147.323
292.352
298.943
138.822
109.049
154.226
86.0404
140.189
299.681
253.447
104.365
299.552
134.557
63.0093
213.852
89.0642
158.315
68.6038
128.858
142.423
86.7071
125.605
82.5212
87.699
91.47
289.426
70.0762
282.829
105.581
116.792
85.8498
71.2181
298.677
118.101
81.6142
71.676
179.35
295.925
74.986
299.882
88.2602
152.355
294.968
99.3092
282.732
136.76
89.9665
109.573
136.659
97.0037
97.0533
244.94
94.9778
169.972
66.5473
81.7578
74.2858
119.531
93.4588
108.527
71.1896
299.908
294.836
76.3785
291.554
129.018
181.723
291.408
289.017
87.7864
208.273
148.06
288.616
88.4773
102.371
290.239
217.974
299.596
61.759
290.451
151.58
286.999
87.6903
71.0638
90.0576
116.616
112.795
117.826
135.199
149.301
273.026
124.19
299.131
70.1595
195.122
295.651
76.3503
89.2411
56.8354
118.361
75.331
295.995
164.101
112.872
67.0565
295.695
104.425
133.281
112.725
54.0196
55.9297
117.434
116.064
196.998
288.468
101.835
298.196
102.065
299.816
65.722
102.632
62.0034
76.3937
118.783
300.076
157.535
135.687
77.1003
298.582
299.908
63.2972
157.562
188.031
93.2186
299.05
299.852
296.802
65.1109
136.217
77.314
290.483
114.913
72.6618
295.722
77.6405
92.6859
287.19
171.967
124.892
299.501
298.735
88.5724
164.03
64.3649
56.6378
93.0677
298.594
90.7453
106.399
299.652
298.158
284.373
98.0182
253.677
69.3606
96.5953
299.293
87.707
165.477
139.178
142.303
81.2528
119.764
89.7114
71.9136
235.582
86.4675
234.682
104.828
66.053
94.6673
297.844
299.907
229.89
284.813
92.6695
121.098
118.962
92.7909
299.762
299.104
85.5185
128.975
141.396
84.7389
86.8834
118.969
87.544
65.0196
159.377
79.3217
297.336
94.5745
161.75
110.86
87.8134
62.659
86.4529
266.831
110.709
82.5168
98.8474
291.74
77.6852
87.8909
98.3674
83.2755
290.936
68.8089
91.3608
171.009
217.255
215.151
294.964
292.158
72.9221
298.428
64.106
299.547
62.5861
157.291
116.451
92.0335
297.355
118.962
64.1377
86.6258
78.7396
78.5348
271.223
70.2669
121.581
299.644
116.675
299.465
87.9741
91.6242
63.0885
57.5684
123.616
113.323
99.0924
132.205
173.779
73.6435
153.279
100.509
115.65
296.146
90.1109
293.907
290.735
124.327
93.4211
299.69
292.371
86.1821
298.42
87.2421
142.912
297.497
71.7386
68.1187
133.882
295.689
296.958
125.237
286.772
96.3355
65.5961
109.794
72.2104
105.677
258.54
71.9216
155.178
290.415
87.2442
85.0363
72.2887
54.8438
75.3014
145.417
296.124
212.385
137.913
90.7178
73.9349
74.5081
95.8427
298.937
69.5649
95.8983
67.0575
136.996
74.0209
159.633
85.8019
91.2178
126.967
137.895
296.918
96.1563
63.264
166.282
166.021
281.055
220.919
72.7804
160.285
296.25
85.211
93.5364
92.5154
152.268
68.8475
298.667
105.443
66.4931
68.2964
80.9347
72.7398
81.8718
62.8581
146.829
109.653
275.372
67.476
182.083
128.524
207.463
299.985
156.203
143.554
159.909
163.71
62.0688
299.958
136.874
154.91
186.944
103.563
63.9033
52.0326
295.596
174.378
294.031
298.191
299.431
67.7534
86.3659
99.3896
145.328
299.625
162.549
75.0003
71.1848
118.643
111.75
156.276
70.9342
78.6418
97.2022
293.334
148.013
262.828
87.1772
55.9476
68.394
65.4729
71.9983
127.143
110.101
113.215
144.29
196.917
87.0984
298.878
85.8388
63.7429
298.786
105.026
80.0258
70.5817
143.324
86.708
82.695
65.4389
85.0339
259.47
61.6672
94.0429
126.621
124.703
157.991
155.338
67.7039
86.4336
75.9772
294.399
299.283
299.162
280.194
299.983
86.0906
92.4381
62.5098
80.114
68.5789
113.87
156.408
297.504
167.811
81.2115
299.995
107.808
92.9511
108.005
299.99
72.5254
212.827
94.5534
92.2319
299.547
174.396
59.1524
105.45
295.074
299.879
81.8908
92.7831
110.122
152.064
185.093
161.163
228.308
108.419
142.699
87.1274
74.4687
100.032
299.493
130.625
89.9537
54.0309
93.1799
181.254
98.5685
98.8007
232.663
76.6446
121.047
161.227
284.093
95.5364
97.5172
95.8048
124.002
83.3626
169.377
63.804
68.7701
107.556
299.533
76.0282
156.366
135.502
144.249
290.808
93.2889
145.136
185.459
181.112
299.795
89.2888
267.05
87.3183
299.795
86.4448
92.9175
54.7437
88.5247
140.978
299.909
110.833
133.598
83.2706
298.549
85.2995
297.785
119.778
232.8
164.625
107.766
295.977
104.047
295.919
299.862
74.0253
119.146
82.8434
110.677
54.6646
277.004
67.3861
126.846
180.725
100.11
83.8563
87.8371
299.991
81.5746
299.638
147.692
293.281
293.697
204.274
86.3395
129.408
125.019
295.704
115.283
100.758
111.101
122.116
86.7144
85.5966
115.34
74.4144
200.677
253.113
52.7936
74.3208
80.5781
248.923
182.68
84.9948
53.1831
291.707
296.891
78.657
113.647
67.7343
287.453
120.675
74.9663
71.4798
76.6637
94.3569
297.985
136.148
284.805
105.165
124.8
298.921
101.964
299.89
140.58
146.835
299.558
296.478
111.948
231.816
279.651
114.088
295.9
299.988
103.037
81.5111
263.232
236.959
59.3521
96.5772
120.608
97.6526
286.166
285.174
296.224
279.893
287.901
127.765
110.788
138.531
167.574
79.247
294.932
89.6663
129.743
74.1675
112.853
294.219
65.8049
296.169
166.036
149.871
99.3055
298.077
299.339
140.973
139.98
85.8841
294.302
75.2186
81.0571
126.328
299.371
86.8776
66.5638
84.4766
298.89
123.45
284.969
84.5033
121.901
86.9648
78.754
85.8528
219.836
71.1672
294.205
96.1584
191.62
100.417
125.584
116.179
299.846
85.7227
74.4053
168.651
80.6451
78.571
169.144
292.738
134.141
297.464
300.045
80.0751
95.7301
164.617
279.419
168.145
159.127
164.652
117.692
116.858
110.948
76.7184
134.69
147.097
125.361
173.97
54.3337
256.676
222.14
125.53
95.9474
297.082
64.4787
121.073
83.5024
105.186
86.8782
88.4131
147.225
87.1266
89.4325
67.6619
295.154
65.8815
94.3654
157.028
73.2135
281.703
62.155
137.895
112.059
88.9197
174.115
108.198
92.7757
147.765
66.0435
183.115
108.042
299.829
144.945
54.5595
108.742
54.6077
77.6762
176.755
81.8967
299.383
91.3881
109.526
299.628
176.868
143.225
133.855
115.278
124.438
86.5312
184.882
299.455
87.6382
299.973
96.7095
287.958
66.9142
81.5462
265.567
78.0071
71.2859
275.422
208.727
56.992
99.5406
88.9351
130.546
105.414
106.488
91.4494
84.7523
52.3419
168.02
87.87
106.915
169.958
92.571
91.3889
65.1215
299.75
86.3572
299.764
91.0009
69.8773
162.802
124.931
275.665
297.747
129.083
92.8675
90.175
87.7869
218.013
145.387
280.124
118.249
102.51
89.4755
174.733
163.727
298.888
75.3267
108.92
123.805
140.92
127.348
138.892
82.4741
158.364
149.265
95.4241
84.133
118.95
106.002
94.9317
299.596
90.4032
148.176
132.464
167.534
65.7848
299.813
116.237
294.882
295.178
154.299
266.424
163.741
129.707
174.757
159.118
80.798
296.055
52.8986
100.038
88.0302
298.041
66.0495
298.752
86.4947
119.49
95.9615
78.1598
149.921
109.622
298.011
161.723
299.463
199.306
84.3285
79.3802
290.496
123.823
117.057
79.46
108.007
116.099
205.614
257.627
81.3708
293.765
109.508
188.35
292.401
86.3841
118.059
105.373
87.9104
111.259
207.57
289.867
141.746
152.96
92.5161
167.633
86.7011
157.925
135.682
285.196
82.5707
67.3949
90.443
95.6577
299.603
186.192
124.799
111.508
68.61
299.631
51.8909
142.424
296.172
180.639
292.147
81.9309
86.169
244.985
292.188
80.347
174.326
111.871
129.707
263.451
284.223
159.474
161.702
294.721
62.3651
92.5788
100.863
86.7686
95.6823
86.8734
281.613
183.842
115.667
293.276
299.832
298.034
67.2568
274.953
81.7062
299.803
66.5837
92.7453
262.297
94.0089
97.2142
80.498
299.658
124.861
81.9102
74.8766
89.0465
298.93
289.592
77.8651
299.974
274.897
106.86
118.07
299.564
139.75
137.125
298.193
113.835
245.152
143.547
52.759
88.1466
60.4544
83.5722
299.418
89.522
168.006
299.29
82.4158
90.5387
111.363
65.7166
171.19
73.2746
66.5023
286.072
89.2569
296.785
83.8411
84.5923
138.585
154.476
174.124
58.2213
163.873
291.585
190.176
162.879
109.351
163.936
299.369
98.1172
73.9824
86.2942
206.231
51.9196
299.567
72.8983
262.413
70.2883
95.9767
88.4883
77.8095
299.809
150.269
100.648
160.26
68.1927
299.515
299.433
162.32
280.743
287.914
106.833
132.207
84.0862
296.258
117.567
112.254
109
259.575
108.18
81.4584
283.633
82.5114
85.0197
297.91
142.385
121.306
299.633
89.0194
155.83
105.165
131.617
149.805
270.953
127.648
112.56
107.221
299.828
159.892
213.498
166.9
51.8839
78.8589
155.169
299.778
89.2399
84.419
97.8754
80.5542
119.341
144.17
85.0607
294.847
121.082
92.0936
59.1647
292.326
86.9569
232.598
112.508
296.805
298.323
296.758
165.461
93.3132
93.1925
197.491
104.193
151.067
111.169
65.4071
161.714
232.377
189.744
85.9921
92.5016
60.0497
84.576
295.953
299.589
72.6931
88.098
91.8479
89.9948
260.642
92.4369
108.85
182.291
91.7185
299.899
124.171
95.1471
149.764
105.18
273.243
165.647
290.509
299.676
151.725
66.3066
129.345
86.9588
180.853
297.391
83.9051
139.444
118.883
93.559
139.894
93.0479
85.8338
85.9143
92.0755
167.798
66.161
76.6628
92.1552
293.702
140.895
83.9316
119.742
93.4293
118.682
94.8814
82.2627
295.225
175.452
108.084
91.9036
61.9603
113.168
89.2706
274.061
86.0955
134.759
84.56
299.781
299.812
290.24
285.605
299.214
92.0835
286.504
92.9413
86.9181
197.781
283.334
296.787
79.7868
263.302
85.25
114.111
296.615
297.519
89.6201
86.5635
145.811
296.394
178.65
86.6401
82.6809
83.8557
86.3554
293.01
296.346
156.116
172.427
85.7741
146.277
85.9127
85.4896
291.851
284.04
107.104
299.642
296.458
121.838
90.3179
87.0761
114.341
285.6
141.481
91.4634
85.8774
101.815
140.39
299.803
102.517
190.67
133.263
118.901
87.8533
86.5354
88.448
166.375
64.8093
109.65
132.632
164.554
297.869
191.638
83.9138
134.908
206.687
86.7317
282.638
288.139
246.889
298.126
81.848
85.6905
299.7
106.472
158.204
89.9664
107.293
88.3223
88.4509
86.7273
287.963
83.3909
122.227
80.4621
213.895
293.147
64.7004
91.5851
290.671
72.0094
160.347
133.104
92.3034
294.931
113.945
296.826
173.553
83.9069
119.631
92.4978
73.7332
133.439
166.417
119.316
86.5772
71.1433
135.962
61.7943
52.7227
117.075
137.368
229.357
149.545
89.8995
99.1328
77.9793
296.678
122.001
74.5355
281.926
84.8109
289.595
86.8618
299.853
70.7518
108.39
210.447
85.9639
103.175
117.241
89.1615
74.8537
154.666
294.231
276.414
52.8794
89.6498
117.748
299.592
89.1763
106.441
172.979
105.06
269.907
83.8346
249.448
299.981
134.136
86.6553
80.9119
154.03
89.9948
166.307
86.3806
65.5955
85.7039
78.3966
112.381
103.006
86.6718
137.568
73.4021
186.439
117.104
296.923
299.814
106.091
141.755
83.4556
299.036
73.3363
71.927
99.5999
70.6662
299.901
87.0035
290.875
107.755
226.347
102.554
50.874
296.772
92.0443
254.941
86.3769
286.667
143.241
154.754
150.106
185.978
148.385
170.21
86.5138
82.5207
277.947
90.9643
70.1586
92.0036
86.2416
299.705
91.3478
94.1429
168.144
85.1557
51.6401
297.766
84.9545
299.87
87.9992
149.857
91.9307
86.7169
92.09
284.893
293.552
211.889
289.994
91.8089
106.552
173.295
55.8081
173.664
124.002
127.797
158.287
165.19
85.9192
290.922
88.2943
174.439
82.5849
141.769
154.211
153.977
102.638
185.217
299.5
150.249
103.608
91.1043
164.8
144.129
279.542
169.047
85.4881
167.491
83.3382
92.3751
126.481
93.7825
295.072
246.639
299.851
59.03
106.919
300.016
165.661
137.837
66.5282
124.582
286.02
171.115
294.546
299.833
283.738
299.567
132.95
68.1049
90.0722
116.767
73.5404
269.082
102.721
86.5351
171.218
85.2442
83.5758
299.975
122.931
96.6797
84.5063
88.7281
95.0501
94.2884
291.294
86.8969
291.043
59.8545
114.507
86.724
296.916
297.591
299.161
202.117
131.713
72.8716
290.74
131.782
85.2697
131.861
158.951
155.366
114.751
102.158
296.651
105.496
96.1394
101.308
117.523
72.0502
185.693
176.861
100.671
64.5111
95.9714
130.768
163.474
284.655
152.369
291.166
252.175
299.331
156.051
134.741
61.6232
195.684
273.554
112.834
113.676
139.648
64.4132
149.939
122.281
154.757
223.092
65.405
81.0766
273.705
187.31
299.833
289.418
286.479
85.1746
299.338
66.4898
290.016
74.3879
164.014
120.708
273.893
291.472
90.0316
296.758
84.8086
135.557
106.326
88.2558
165.504
88.2716
103.356
92.5349
164.287
89.4963
87.6953
105.21
89.0639
295.348
103.053
62.5582
152.936
200.669
173.291
163.209
107.548
57.8088
73.9975
286.338
80.945
299.993
294.181
88.6289
88.2385
161.072
299.491
126.522
99.9955
115.894
252.584
221.418
197.724
92.7459
152.322
284.456
282.443
294.843
137.898
197.931
74.9746
299.539
88.267
72.0455
119.132
66.4663
134.849
179.614
230.6
95.6029
88.8855
213.754
86.7788
108.501
50.3388
111.059
299.834
281.811
92.4449
83.353
136.51
117.094
134.14
85.1477
52.7156
91.3046
92.1919
116.319
91.2325
122.586
73.0481
75.0528
117.12
72.5019
91.2326
299.517
107.693
85.6936
132.022
189.678
88.0497
62.3146
85.1889
193.882
102.732
111.971
106.601
118.07
127.654
298.513
101.249
165.791
82.7307
272.56
299.717
100.302
283.558
101.498
143.102
143.063
84.3514
299.673
106.745
90.4591
101.644
181.627
90.6452
291.828
299.81
299.26
69.5447
158.536
85.3835
292.758
91.1045
299.013
84.7673
101.575
299.622
165.016
87.2046
105.138
244.9
278.246
136.752
296.073
134.213
66.0931
71.6152
63.8706
140.546
67.0114
92.6011
183.915
138.109
109.866
135.728
109.275
290.355
138.249
99.5502
105.12
88.4406
86.3825
114.227
111.701
123.384
100.918
297.376
202.772
216.781
66.5753
189.94
73.9143
95.3217
221.594
91.9521
92.9712
158.211
152.723
162.586
125.079
290.378
287.216
172.631
298.253
275.771
186.4
92.335
298.847
122.37
172.836
138.108
88.004
62.0526
101.406
287.729
98.9876
89.3064
86.9932
110.841
283.37
296.219
88.967
82.664
87.0947
265.929
116.605
276.303
92.3596
131.148
233.72
67.3495
109.296
71.9349
104.71
90.6548
298.446
88.993
259.967
118.294
122.836
278.068
59.2447
106.442
103.271
124.478
132.798
84.1671
86.6064
89.5569
82.9175
88.0761
61.5385
131.773
90.6078
85.7079
114.879
297.859
92.0732
152.471
267.804
89.3944
125.11
54.6631
85.279
215.316
159.26
91.1003
298.551
80.3718
277.316
122.46
88.1525
165.593
57.8682
295.087
99.8107
100.098
299.171
293.842
87.5911
83.2569
85.5252
67.2575
147.139
144.839
88.0132
85.0417
167.298
131.68
83.5842
296.912
85.6189
85.6691
80.1207
90.0665
298.596
85.367
127.716
110.165
83.8308
143.013
116.803
286.416
112.543
113.609
166.458
297.504
80.5493
295.612
138.226
189.167
53.4813
97.806
90.9881
151.419
142.403
299.98
65.7145
100.543
167.097
81.8108
169.673
299.198
82.0466
90.7095
75.2309
159.282
91.993
115.054
69.8794
60.7048
273.965
87.3815
85.8403
122.735
109.274
59.0602
165.423
53.2238
170.323
255.632
92.465
130.271
297.375
124.694
132.533
296.315
85.216
113.459
109.708
294.893
180.145
298.496
180.61
96.3393
64.3824
140.424
121.097
82.0997
72.3227
299.644
92.7866
190.02
121.738
286.023
89.0295
178.189
105.249
90.0703
93.9691
96.0137
139.655
141.573
108.98
141.722
88.5028
87.9818
86.7609
196.586
85.4595
186.685
138.296
86.4198
90.5865
108.217
297.363
114.573
88.6517
130.213
297.197
175.874
138.406
100.78
126.415
284.985
166.366
253.436
116.722
84.7167
108.233
86.0853
104.087
245.138
299.931
117.493
102.702
92.8219
299.53
138.643
121.958
106.519
62.9165
74.609
102.018
188.275
58.261
114.975
285.695
111.953
160.849
297.357
124.141
66.7449
84.6329
126.211
93.8882
92.4232
85.283
101.251
299.045
81.6713
98.0265
152.567
70.1782
137.332
294.144
87.4724
117.506
62.0625
100.996
231.255
115.661
86.3283
111.288
74.6279
212.095
161.579
92.3171
85.8437
208.115
171.681
299.48
163.181
85.8792
108.383
105.609
72.6794
297.426
299.582
299.516
112.067
85.9548
175.316
131.894
99.2114
88.2714
140.584
90.0136
213.994
118.53
89.999
286.641
104.548
90.717
121.644
96.3521
113.76
71.7478
299.837
105.212
52.7359
140.037
140.437
116.996
163.288
125.106
296.285
125.895
51.6029
88.1062
155.167
100.02
58.7471
84.507
65.5728
157.643
58.7975
151.226
291.848
163.121
151.988
149.731
124.824
219.434
136.033
279.522
299.125
122.318
85.9063
98.4039
291.695
80.8426
63.7378
84.5665
65.2491
241.377
296.305
100.694
140.465
119.199
152.408
297.012
106.195
171.527
124.931
70.1275
242.634
106.897
229.356
80.2036
118.403
125.963
198.531
57.438
72.1979
112.821
290.255
89.1782
89.8737
137.832
285.528
69.1588
170.958
286.876
87.1579
108.555
299.156
113.445
146.31
86.9896
97.1357
282.68
111.917
81.6464
299.255
139.947
85.2826
149.947
298.108
97.7316
92.5612
86.1535
94.2303
88.3694
297.334
265.755
86.6049
276.792
81.3234
119.95
105.846
84.4476
295.32
86.4387
119.322
81.2031
86.486
87.5609
105.154
279.473
84.1086
433.735
151.37
102.69
137.292
174.193
122.578
69.3867
111.108
128.664
91.6361
111.37
90.5481
93.1215
66.9388
175.396
89.0303
85.944
299.677
114.027
159.213
195.271
64.5171
296.309
281.538
80.3332
297.951
165.652
91.9647
84.9236
291.506
104.927
72.986
122.8
74.1609
299.999
117.737
91.948
87.7965
120.097
298.542
297.04
130.151
114.153
84.4741
85.1774
291.07
197.042
69.4767
295.826
299.85
94.594
292.155
66.5194
104.476
121.219
79.3947
86.4346
84.9435
153.115
92.8489
91.4595
96.2051
108.088
101.544
96.0702
91.0853
76.0526
297.27
84.6982
299.979
96.4223
87.6451
135.491
89.8164
71.7995
93.3715
108.344
76.2415
90.2479
85.8918
175.842
90.7915
122.113
110.619
84.845
92.2778
127.953
96.847
91.4469
297.908
120.538
66.635
299.549
296.023
296.523
279.563
136.324
66.6738
120.009
114.765
71.7782
96.5975
299.813
93.5344
88.1887
160.993
168.193
299.976
66.5824
136.23
67.8755
108.003
69.1086
85.7126
127.371
87.5941
116.23
96.3642
54.9134
283.721
52.9674
285.709
174.503
124.425
298.066
291.262
178.646
62.8496
85.6222
105.756
160.507
91.4831
94.6903
86.6945
252.173
84.9116
299.903
84.6018
127.869
172.654
88.711
299.476
156.276
80.8458
297.669
108.662
198.08
299.99
93.9066
115.191
299.256
209.451
63.8103
81.3041
205.742
299.504
88.9945
100.341
94.9889
69.2618
87.9181
155.133
299.659
139.805
84.2111
165.265
276.329
58.5192
250.371
68.2479
161.594
74.5263
92.3138
259.359
66.0884
285.117
110.403
68.9755
296.381
293.687
299.231
284.862
111.002
57.6001
168.882
57.6071
99.7367
124.225
94.9477
67.192
72.8994
62.6959
165.98
163.663
87.7754
76.8329
299.224
292.123
266.023
67.9612
119.026
295.561
158.854
61.3327
132.949
170.153
210.306
299.818
58.2635
103.781
95.5772
86.273
126.617
88.32
99.3336
85.7882
95.2965
146.664
299.919
299.152
85.3842
66.1643
257.783
168.153
296.818
120.684
62.0104
102.356
86.8046
289.945
143.673
127.659
86.8691
273.942
95.1594
99.3621
60.895
87.703
58.731
291.166
120.047
175.923
289.091
295.656
74.8272
107.436
103.179
92.5849
126.133
297.005
64.9185
118.793
86.5867
103.454
92.3144
94.3427
299.919
299.925
111.524
153.529
81.4181
108.625
294.904
290.446
290.338
81.0801
109.331
163.986
83.8084
99.0948
299.152
296.416
189.418
115.771
86.5212
160.862
170.994
90.9577
122.766
84.7289
299.185
82.3907
114.332
116.108
297.699
81.5794
208.647
100.034
93.8113
95.6644
80.0943
130.467
292.652
295.863
116.4
98.3846
85.2073
86.8455
124.548
101.282
87.0215
95.0286
80.8169
295.98
284.276
133.488
299.198
54.0024
73.1427
299.223
297.422
290.11
83.5312
278.531
83.0193
131.887
286.819
58.3746
293.745
92.6247
280.435
106.403
299.453
250.542
116.597
71.5688
299.973
71.5006
85.8356
244.693
63.3812
119.264
298.151
143.126
65.0709
89.0925
84.326
82.5146
299.698
289.257
76.3186
95.6038
121.737
99.4154
67.5233
260.071
67.6694
294.463
261.412
50.8567
171.546
88.3253
89.8803
52.8001
193.722
58.1722
297.398
72.2893
167.664
242.571
162.719
127.255
55.9715
290.224
276.222
162.561
154.846
297.228
290.551
150.118
295.119
175.597
58.1493
73.7223
284.244
150.802
125.382
196.834
128.415
187.027
77.8025
112.648
99.8295
178.788
88.5712
232.085
86.5401
66.2085
187.439
296.296
191.783
299.098
94.3117
279.939
298.409
142.077
294.069
154.229
81.5499
229.963
152.219
89.4625
286.162
244.458
115.07
268.834
83.7671
291.9
161.68
86.3355
135.925
58.5027
89.005
86.5024
110.218
299.971
78.1761
177.467
84.6723
293.954
69.4759
116.526
145.385
162.686
93.962
75.0372
90.1259
103.444
96.0617
92.7521
93.4563
156.015
147.148
116.926
159.937
126.176
63.8053
291.723
69.1571
222.601
287.354
140.314
149.65
75.5633
106.819
162.622
175.485
120.619
112.63
121.546
114.498
71.6717
61.0817
299.825
83.0717
92.8504
109.589
170.86
81.5507
144.547
100.072
115.87
88.134
193.044
108.347
75.9748
134.122
120.112
156.342
67.2702
131.133
84.8863
227.519
89.5091
84.1705
89.6693
104.125
65.4746
114.982
133.132
133.783
170.15
135.173
124.991
79.1471
274.142
122.779
287.137
297.019
63.7523
297.041
111.551
84.8532
299.136
295.126
151.762
98.12
61.604
85.2545
292.242
298.815
181.32
154.259
298.103
62.9409
83.5852
73.3343
298.787
118.29
62.0919
127.038
74.07
75.5212
72.5615
88.1605
114.874
203.517
130.818
65.5312
58.2308
162.12
244.795
299.893
69.3953
299.237
284.845
74.8854
84.4958
120.097
111.516
192.495
83.0609
73.7171
299.52
57.9125
169.036
177.844
200.634
253.427
92.9264
166.767
258.552
100.201
225.469
78.5386
80.4775
120.135
150.274
136.607
99.262
244.798
107.743
92.2927
56.0984
288.182
298.885
299.983
170.536
88.5787
257.4
261.654
134.305
152.849
54.5093
52.796
80.1811
68.4469
138.781
89.6552
138.89
97.1554
62.1044
299.214
170.003
190.772
109.801
200.788
165.265
125.789
246.325
71.5128
81.8864
89.5811
89.4136
295.576
166.027
87.1361
75.6035
128.395
71.9998
91.8323
158.321
117.805
72.8501
137.153
55.7232
124.043
72.3695
63.2815
89.5522
67.3093
153.675
165.969
86.5829
292.42
73.5366
71.5325
177.664
61.0007
125.563
292.977
235.393
86.911
142.039
63.8685
137.886
109.081
65.9644
296.088
85.7818
299.643
284.933
87.1447
135.259
62.1063
89.9941
103.02
69
291.126
125.029
53.0022
169.497
299.921
91.3471
149.821
119.003
103.738
75.3466
98.1598
175.945
294.733
168.989
113.909
105.594
278.169
298.545
97.5601
297.012
151.026
69.3587
62.2793
186.052
296.991
291.083
82.2847
78.7202
299.999
71.6728
96.907
127.277
109.195
67.0775
152.898
70.3796
134.76
94.7095
296.063
67.1916
64.4483
91.9267
297.458
177.432
158.915
71.9687
98.0785
55.965
62.2305
126.271
58.7196
113.101
139.862
179.536
177.033
292.4
122.265
295.225
60.7113
66.4517
125.347
97.9474
189.912
64.7977
86.1719
64.3176
86.1508
62.6051
80.9392
102.703
247.611
61.5286
291.695
156.044
84.2202
160.592
107.265
137.603
296.879
90.106
171.968
287.761
103.5
291.795
90.9663
294.391
87.9887
162.555
291.349
284.806
179.869
67.8558
283.979
70.5401
133.096
134.412
155.812
159.36
299.602
81.6785
130.926
170.01
177.257
285.13
85.7976
85.1293
86.4787
149.587
93.36
131.919
114.097
177.532
154.096
94.2196
67.3018
272.702
77.3898
77.2868
73.5447
143.069
65.8063
55.6116
85.3004
116.264
86.3964
92.3266
282.328
91.4612
73.757
73.5387
67.6334
248.646
299.633
137.63
162.876
92.4355
71.676
85.905
92.9465
103.363
67.4164
75.5002
72.845
88.4546
86.2376
106.923
169.344
146.658
112.611
94.4055
85.8114
73.163
90.4349
70.8859
84.8031
86.0224
103.288
71.4714
118.465
158.685
135.128
144.116
92.3229
127.769
148.745
294.692
120.675
130.649
83.8707
89.72
86.3382
108.488
141.826
300.008
65.1178
114.506
142.515
83.4041
113.981
119.13
136.307
116.489
297.114
86.0126
186.581
297.131
67.0795
71.713
252.185
299.663
111.967
87.8767
73.3488
92.4735
102.932
72.6338
196.408
)
;

boundaryField
{
    back
    {
        type            empty;
    }
    front
    {
        type            empty;
    }
    gasjet
    {
        type            zeroGradient;
    }
    inlet
    {
        type            fixedValue;
        value           uniform 300;
    }
    outlet
    {
        type            inletOutlet;
        inletValue      uniform 300;
        value           nonuniform List<scalar> 
110
(
53.8846
56.5841
71.8006
51.5662
59.8829
54.2296
73.5781
67.8486
69.4129
64.9337
63.1015
115.394
52.8117
61.7037
62.5628
68.3729
70.9735
67.1063
67.2092
89.4417
70.2681
75.7219
74.8668
71.3698
72.192
83.6493
68.0888
69.0783
57.814
56.9832
60.4212
59.6737
56.5553
300
70.7111
67.327
75.0987
75.4659
64.6949
80.5021
68.784
58.2139
59.147
300
300
55.2096
60.9838
300
54.5676
56.6109
55.5649
54.2205
54.1605
52.5342
50.8137
51.7121
196.174
182.023
52.4299
51.5566
54.0507
51.6386
51.2272
53.9811
52.0717
52.3077
52.6952
53.9902
52.4704
51.8022
52.5803
53.5579
53.7298
53.2622
53.151
52.7103
52.4421
52.3162
51.0902
51.6427
52.4265
105.033
51.8279
51.3128
300
300
50.8898
50.6542
56.1495
57.1454
50.4045
50.3355
51.1592
51.2664
51.6663
51.6664
300
300
273.128
271.469
51.5337
57.2612
55.0139
52.3362
51.3124
69.8928
51.9441
54.6494
51.8909
51.8839
)
;
    }
}


// ************************************************************************* //
