/*--------------------------------*- C++ -*----------------------------------*\
  =========                 |
  \\      /  F ield         | OpenFOAM: The Open Source CFD Toolbox
   \\    /   O peration     | Website:  https://openfoam.org
    \\  /    A nd           | Version:  8
     \\/     M anipulation  |
\*---------------------------------------------------------------------------*/
FoamFile
{
    version     2.0;
    format      ascii;
    class       volVectorField;
    location    "0.0005";
    object      U;
}
// * * * * * * * * * * * * * * * * * * * * * * * * * * * * * * * * * * * * * //

dimensions      [0 1 -1 0 0 0 0];

internalField   nonuniform List<vector> 
34060
(
(-811.444 2079.6 0)
(40.3271 331.503 0)
(768.23 2100.22 0)
(19.0775 77.8675 0)
(-2284.2 1211.84 0)
(20.8979 2817.66 0)
(-1271.87 2212.7 0)
(-1498.52 1639.72 0)
(1307.81 2087.55 0)
(-180.079 644.525 0)
(-1289.93 1035.09 0)
(-809.731 2091.56 0)
(-1096.82 1795.68 0)
(-210.655 2660.6 0)
(0.63855 83.6655 0)
(-67.6847 304.915 0)
(842.419 2837.36 0)
(-733.663 2105.79 0)
(-1460.22 1050.85 0)
(-38.8304 330.609 0)
(251.28 2781.36 0)
(-247.543 2821.28 0)
(64.6395 2684.41 0)
(-722.501 2881.09 0)
(-132.348 2752.43 0)
(15.4203 492.944 0)
(-178.6 2627.89 0)
(8.27553 132.035 0)
(498.63 2871.51 0)
(-79.6336 2773.76 0)
(-59.894 232.546 0)
(798.934 2894.51 0)
(-450.56 2405.02 0)
(-822.777 1928.94 0)
(-278.324 2604.86 0)
(-1630.95 1860.78 0)
(2192.19 631.843 0)
(8.40949 134.419 0)
(174.462 2769.55 0)
(14.9082 740.709 0)
(10.1933 2785.23 0)
(182.35 2437.94 0)
(19.402 361.66 0)
(17.0885 91.101 0)
(-98.2715 2702.82 0)
(-48.5241 2778.54 0)
(2107.7 1448.93 0)
(53.1248 903.449 0)
(-732.625 2684.54 0)
(370.128 2868.5 0)
(35.1362 179.928 0)
(-218.515 2680.45 0)
(-1717.46 462.522 0)
(-169.823 617.082 0)
(-162.312 585.045 0)
(51.0637 915.24 0)
(-37.9341 2777.91 0)
(-642.268 2232.43 0)
(-0.691129 82.4536 0)
(190.922 858.082 0)
(-47.12 2845.56 0)
(1222.91 2325.71 0)
(-472.83 2416.36 0)
(80.862 2816.81 0)
(-1036.03 2322.18 0)
(-694.712 2132.42 0)
(-211.209 2706.41 0)
(-69.9663 300.849 0)
(-176.584 732.498 0)
(366.412 2863.23 0)
(80.4367 1732.08 0)
(1620.74 692.847 0)
(-397.632 2976.46 0)
(-457.179 1643.53 0)
(227.653 2780.6 0)
(-1819.99 798.436 0)
(83.9851 814.149 0)
(-11.9147 156.308 0)
(-755.163 2588.23 0)
(-1240.73 2206.54 0)
(-53.9725 2777.21 0)
(-1753.73 2014.56 0)
(-262.358 2835.07 0)
(-149.135 2807.1 0)
(130.675 513.186 0)
(88.8142 359.623 0)
(-1046.52 2452.11 0)
(112.191 1780.27 0)
(1410.84 2802.46 0)
(-1185.72 2754.49 0)
(-755.279 2089.16 0)
(-879.163 2793.98 0)
(-3.79775 2840.29 0)
(970.085 2888.5 0)
(-1920.1 1821.52 0)
(1700.59 2529.69 0)
(14.3716 175.72 0)
(-76.3712 678.167 0)
(314.798 2469.36 0)
(-249.099 2810.55 0)
(42.2293 2786.18 0)
(-295.695 2826.91 0)
(891.749 2774.56 0)
(-732.609 2687.32 0)
(-1399.65 372 0)
(149.348 2760.05 0)
(204.429 2899.91 0)
(-42.8822 2707.54 0)
(383.134 2499.22 0)
(2088.68 1713.9 0)
(1694.78 2190.53 0)
(144.183 2667.21 0)
(-5.13266 2924.28 0)
(-299.606 2567.72 0)
(-760.752 2793.28 0)
(-1475.84 2448.88 0)
(-2271.15 1335.64 0)
(-93.875 2705.88 0)
(-2039.27 1435.5 0)
(-87.0261 2765.85 0)
(888.336 2774.14 0)
(277.092 2546.25 0)
(-49.7332 262.152 0)
(-35.0965 2702.83 0)
(150.878 2903.77 0)
(58.6849 726.211 0)
(84.8779 2838.3 0)
(-21.699 2838.49 0)
(-1953.88 1824.27 0)
(-277.231 2591.79 0)
(46.36 2819.2 0)
(-1266.81 2785.03 0)
(38.1504 2702.76 0)
(16.0986 91.8926 0)
(-2309.58 1146.37 0)
(1003.3 2488.57 0)
(239.666 2534.19 0)
(-99.4799 1038.89 0)
(-168.762 731.712 0)
(-1768.15 2536.45 0)
(-2040.56 619.042 0)
(-1.21212 82.2386 0)
(-402.65 1621.35 0)
(79.3716 2825.31 0)
(-288.457 1693.82 0)
(-137.883 2799.79 0)
(18.6037 2700.59 0)
(-131.67 2667.22 0)
(-161.397 572.464 0)
(1978.95 821.29 0)
(-1772.05 2428.24 0)
(1923.46 575.829 0)
(-884.704 2090.07 0)
(-1207.88 2600.11 0)
(-275.652 2592.37 0)
(-107.066 2767.54 0)
(-20.8547 292.392 0)
(-122.79 2642.12 0)
(453.657 2747.25 0)
(1.98699 2758.95 0)
(26.3262 103.871 0)
(-604.444 2272.99 0)
(1909.28 1523.28 0)
(-137.85 2799.83 0)
(229.862 2779.71 0)
(131.965 2762.56 0)
(3.64225 2849.63 0)
(-78.4817 2712.38 0)
(-102.474 2690.8 0)
(-1672.84 2154.77 0)
(7.01587 1110.85 0)
(10.3075 496.106 0)
(-50.8913 258.581 0)
(-120.943 530.722 0)
(17.1001 174.717 0)
(-141.397 2664.78 0)
(-1186.07 2781.33 0)
(725.523 2255.2 0)
(124.183 2770.39 0)
(90.882 811.623 0)
(-2289.25 944.209 0)
(740.087 2725.63 0)
(75.8989 733.618 0)
(573.687 1748.95 0)
(-127.163 541.93 0)
(-408.958 2449.44 0)
(-1487.94 2253.35 0)
(-1043.44 2454.28 0)
(-84.3831 2784.19 0)
(1307.36 1182.89 0)
(-1979.13 1872.69 0)
(-93.1511 2781.58 0)
(917.271 2835.07 0)
(-132.143 542.884 0)
(-465.126 2823.64 0)
(-3.79713 2731.4 0)
(-699.612 2694.69 0)
(714.712 2229.85 0)
(12.3554 154.323 0)
(63.609 733.065 0)
(124.162 2771.89 0)
(-716.056 2668.51 0)
(71.2689 2797.41 0)
(200.677 2770.88 0)
(-826.624 2390.64 0)
(179.493 2399.26 0)
(758.314 2159.72 0)
(-41.2936 162.654 0)
(-197.597 2749.47 0)
(1261.32 2117.67 0)
(-259.31 2810.32 0)
(-1120.38 1813.68 0)
(178.326 2923.98 0)
(152.244 577.528 0)
(-417.696 2844.5 0)
(1645.75 2696.14 0)
(-334.875 2557.98 0)
(1895.06 2124.63 0)
(-64.17 2863.49 0)
(-655.105 1747.14 0)
(-442.858 2582.77 0)
(665.242 2295.35 0)
(58.4487 359.673 0)
(-437.883 2532.55 0)
(-1140.21 1250.63 0)
(-337.78 1585 0)
(146.815 2360.69 0)
(-276.401 2824.03 0)
(19.7283 91.588 0)
(-88.3101 2480.29 0)
(-48.9035 568.771 0)
(-54.5861 2912.04 0)
(200.914 2769.08 0)
(293.435 2974.13 0)
(-323.815 2048.02 0)
(-782.872 2246.4 0)
(-196.86 2746.86 0)
(15.2577 183.121 0)
(19.5722 266.191 0)
(-641.216 1829.35 0)
(-28.1407 2734.85 0)
(-7.71895 2880.31 0)
(199.45 852.809 0)
(-196.655 2735.41 0)
(13.3126 92.5484 0)
(-125.815 533.247 0)
(-1196.18 2193.32 0)
(-407.157 2843.87 0)
(127.882 520.396 0)
(-46.0178 2707.13 0)
(1864.07 1741.08 0)
(-219.088 2824.08 0)
(36.6966 2704.82 0)
(207.482 2409.3 0)
(-29.4602 140.023 0)
(-423.573 2583.55 0)
(-1414.78 2952.39 0)
(-15.1032 2843.41 0)
(-595.477 2543.18 0)
(209.955 807.564 0)
(-116.421 2827.6 0)
(111.755 2783.31 0)
(-171.049 618.249 0)
(149.346 2662.43 0)
(-328.639 2488.98 0)
(-104.783 709.622 0)
(-269.334 2822.94 0)
(10.55 152.665 0)
(-331.81 1707.71 0)
(22.8313 119.354 0)
(7.63738 528.165 0)
(49.5636 891.535 0)
(1832.07 1844.07 0)
(20.8299 120.116 0)
(-103.134 403.352 0)
(33.2984 2641.86 0)
(-7.17383 2877.71 0)
(-124.583 2610.41 0)
(-27.9546 141.75 0)
(47.388 2797.21 0)
(83.3111 448.113 0)
(-402.632 2553.17 0)
(-883.021 2317.18 0)
(13.6582 528.426 0)
(-356.168 2564.37 0)
(-177.992 744.818 0)
(-1228.61 1815.53 0)
(47.7333 2735.43 0)
(2049.24 1515.41 0)
(992.865 2383.03 0)
(-239.418 2812.95 0)
(-15.4361 129.873 0)
(146.145 2635.29 0)
(-320.421 2993.55 0)
(88.7316 330.605 0)
(-83.0522 307.112 0)
(51.1038 879.454 0)
(-199.741 2722.43 0)
(-74.4543 300.602 0)
(-43.4574 2743.59 0)
(46.5475 724.613 0)
(-95.888 2690.06 0)
(1742.61 2139.08 0)
(313.062 2481.66 0)
(-379.149 2404.62 0)
(-959.668 2799.39 0)
(1264.25 2313.14 0)
(117.053 2677.97 0)
(294.597 2823.42 0)
(1111.09 2300.73 0)
(-499.335 2634.2 0)
(1057.82 2273.38 0)
(-96.6183 2691.75 0)
(-890.512 2308.5 0)
(-2293.01 1140 0)
(-65.2893 242.87 0)
(187.399 826.067 0)
(14.356 91.1319 0)
(-35.6765 579.862 0)
(683.258 2267.62 0)
(-1090.27 2706.82 0)
(34.6318 177.77 0)
(412.392 2790.4 0)
(-776.372 2246.17 0)
(756.698 2247.38 0)
(140.332 518.028 0)
(-939.466 1743.62 0)
(-449.279 2853.04 0)
(-1752.47 2532.43 0)
(-1237.68 2714.7 0)
(-73.5928 2222.89 0)
(-29.7989 2803.95 0)
(-2316.08 1022.34 0)
(112.394 2679.73 0)
(-155.464 2454.35 0)
(107.242 2020.6 0)
(-227.92 2703.52 0)
(-19.4596 294.739 0)
(-1250.54 2832.04 0)
(-201.554 2686.42 0)
(-86.7321 508.748 0)
(-644.458 2236.16 0)
(20.1845 220.185 0)
(-1032.06 2426.8 0)
(-58.6293 2167.49 0)
(-241.72 2604.11 0)
(-423.453 2416.7 0)
(-699.821 2694.45 0)
(11.721 2788.83 0)
(2085.13 1491.56 0)
(42.6639 167.175 0)
(-242.008 2603.85 0)
(1188.75 2459.79 0)
(-800.33 2371.92 0)
(1017.98 2360.66 0)
(-1872.3 1640.81 0)
(-76.506 296.087 0)
(-1473.88 2468.96 0)
(-166 720.993 0)
(1190.55 2737.22 0)
(13.8029 2690.49 0)
(-1.15059 2845.2 0)
(959.574 2844.56 0)
(-422.977 2490.98 0)
(-1459.45 1090.4 0)
(-1655.1 1689.52 0)
(-47.7929 2849.38 0)
(30.6497 143.124 0)
(-562.906 2166.79 0)
(-18.0599 72.4913 0)
(-1631.25 1732.38 0)
(18.7545 92.3021 0)
(1923.65 1987.27 0)
(-121.811 875.833 0)
(-1902.27 2611.17 0)
(-14.4244 2772.56 0)
(-8.97803 2682.58 0)
(-53.757 255.532 0)
(-102.338 2777.29 0)
(-728.092 2521.14 0)
(707.272 2235.16 0)
(-1897.89 1497.24 0)
(-78.9216 670.375 0)
(-1997.41 2019.77 0)
(-61.9551 565.583 0)
(-34.5717 2777.8 0)
(2383.98 905.168 0)
(23.4134 2747.79 0)
(-20.3326 617.364 0)
(-1787.16 2295.48 0)
(-1481.92 2916.32 0)
(60.119 355.568 0)
(-203.386 767.553 0)
(1791.5 779.951 0)
(135.309 2781.07 0)
(-110.307 2775.51 0)
(595.849 2847.7 0)
(147.02 2684.09 0)
(17.4785 222.104 0)
(-233.221 2814.48 0)
(-2001.82 1354.31 0)
(-103.308 2762.91 0)
(-106.983 1016.15 0)
(-17.64 2776.17 0)
(-2235.51 1265.82 0)
(22.4216 509.119 0)
(0.413536 368.607 0)
(-683.671 2184.62 0)
(2329.58 1238.58 0)
(1648.05 2788.13 0)
(-997.311 649.281 0)
(50.7624 2735.89 0)
(-1687.54 2066.59 0)
(70.2898 2812.01 0)
(1162.2 2775.58 0)
(-13.6513 2775.79 0)
(-53.6048 2835.46 0)
(57.6667 2735.27 0)
(-601.289 2143 0)
(-35.7867 2878.6 0)
(-292.486 2063.53 0)
(10.2618 131.331 0)
(-405.922 2867.02 0)
(-62.5308 2589.2 0)
(247.015 2371.79 0)
(-34.4782 2776.92 0)
(551.593 1777.2 0)
(-28.0673 2890.96 0)
(153.644 567.155 0)
(296.718 2830.92 0)
(2033.83 1449.66 0)
(1873.09 2076.8 0)
(28.8583 142.115 0)
(52.1375 730.839 0)
(1653.65 2621.19 0)
(31.5266 2778.05 0)
(-601.158 2319.73 0)
(-2.20727 81.377 0)
(2238.15 1519.45 0)
(-2125.28 1386.25 0)
(-24.7484 614.03 0)
(-1370.43 1676.01 0)
(-95.0463 2797.56 0)
(193.158 2783.78 0)
(39.1295 336.107 0)
(-43.1948 568.286 0)
(-48.7225 2902.05 0)
(-84.8517 2917.56 0)
(-129.28 2767.17 0)
(1715.54 2517.96 0)
(65.9009 242.862 0)
(-41.9952 578.57 0)
(63.9419 243.607 0)
(-1492.4 690.764 0)
(-1537.48 2235.83 0)
(1267.2 1169.72 0)
(-572.118 1817.09 0)
(16.3842 180.407 0)
(-125.237 2927.39 0)
(-1153.44 2369.24 0)
(-1362.92 1544.6 0)
(-396.324 2619.75 0)
(-1916.74 1632.28 0)
(80.4884 2812.12 0)
(53.3773 943.387 0)
(14.8168 518.46 0)
(610.977 2878.12 0)
(-17.811 120.617 0)
(2269.09 1323.31 0)
(1680.25 2768.94 0)
(285.077 2536.25 0)
(160.845 708.598 0)
(-1500.82 2254.83 0)
(-179.739 2625.38 0)
(-109.971 715.236 0)
(-121.192 892.22 0)
(124.959 533.665 0)
(204.629 816.439 0)
(-33.1045 2818.13 0)
(-720.105 2130.57 0)
(-89.6834 2839.46 0)
(745.865 2829.9 0)
(-82.1947 2785.52 0)
(36.7801 2745.65 0)
(-38.9756 460.28 0)
(437.032 135.672 0)
(1359.25 2773.91 0)
(-653.103 2518.85 0)
(-122.839 2806.41 0)
(123.885 422.682 0)
(-1788.33 2018.88 0)
(1115.81 2073.2 0)
(27.9603 121.803 0)
(-61.3474 559.302 0)
(1692.59 480.391 0)
(803.789 2852.84 0)
(-103.774 2796.04 0)
(-27.586 133.155 0)
(-1753.18 2519.75 0)
(87.271 331.318 0)
(-2103.78 962.13 0)
(-134.76 507.616 0)
(79.0994 2825.72 0)
(2085.68 1490.58 0)
(6.06971 2754.93 0)
(987.887 2820.55 0)
(-1345.23 2831.88 0)
(-64.9743 2883.11 0)
(1514.87 2834.82 0)
(783.944 2838.23 0)
(-123.189 2928.89 0)
(189.945 2636.05 0)
(-818.201 1979.22 0)
(-20.1804 2499.21 0)
(245.108 2530.95 0)
(-254.503 2473.11 0)
(160.33 2855.69 0)
(-474.927 2871.28 0)
(157.315 701.614 0)
(-713.531 1749.91 0)
(118.351 526.364 0)
(396.508 2416.21 0)
(-127.684 2756 0)
(264.729 2669.74 0)
(-966.023 1933.52 0)
(106.966 400.156 0)
(1349.73 2763.59 0)
(-1587.64 2857.79 0)
(1139.84 1949.04 0)
(-703.619 2803.91 0)
(72.1482 2953.61 0)
(10.2675 278.549 0)
(149.361 2784.31 0)
(14.0286 824.842 0)
(806.864 2261.88 0)
(58.1271 2349.12 0)
(635.71 2760.81 0)
(-1933.45 1417.04 0)
(-1213.5 2125.25 0)
(57.2602 2342.98 0)
(-841.682 2346.57 0)
(1898.79 2024.41 0)
(47.341 2424.79 0)
(-452.4 2879.61 0)
(174.616 2767.24 0)
(1429.84 2696.73 0)
(827.44 2340.32 0)
(-115.134 2822.07 0)
(-1154.17 2161.57 0)
(139.776 2777.84 0)
(36.5614 2747.76 0)
(-266.284 2510.98 0)
(-9.33782 66.0756 0)
(1589.34 1512.89 0)
(-91.9252 2801.27 0)
(-924.481 1967.6 0)
(87.5393 2825.91 0)
(-1099.03 2710.07 0)
(-174.86 2274.92 0)
(-74.3469 2696.34 0)
(38.3036 2749.02 0)
(-873.697 2943.15 0)
(14.5745 2465.24 0)
(198.12 2630.45 0)
(52.9989 932.147 0)
(-236.531 2814.05 0)
(-1671.31 2176.43 0)
(39.711 189.425 0)
(-155.759 2812.66 0)
(-2074.16 1622.35 0)
(-996.89 2339.56 0)
(967.567 2833.87 0)
(-321.459 2604.73 0)
(100.403 524.238 0)
(798.335 2852.8 0)
(1670.15 1449.07 0)
(-41.3978 160.469 0)
(1631.91 2172.91 0)
(1336.45 2802.79 0)
(-158.503 631.351 0)
(-59.0441 219.505 0)
(163.683 2776.16 0)
(33.459 2755.42 0)
(120.861 464.979 0)
(1270.06 1734.39 0)
(421.823 2443.17 0)
(-40.2914 347.754 0)
(-139.26 497.033 0)
(1079.37 2694.51 0)
(-43.8312 2709.88 0)
(-964.014 2741.87 0)
(1198.57 1769.11 0)
(46.7334 2752.25 0)
(-929.969 2572.43 0)
(41.5512 186.97 0)
(-716.379 2145.06 0)
(690.862 2264.71 0)
(138.995 2796.52 0)
(64.4214 575.148 0)
(219.724 2516.84 0)
(-181.997 629.346 0)
(19.213 79.5614 0)
(183.13 2927.71 0)
(42.3469 2844.88 0)
(-130.964 2754.3 0)
(-1507.22 2838.68 0)
(-56.7063 2701.22 0)
(-69.9555 265.461 0)
(-12.3971 2507.21 0)
(139.272 2789.72 0)
(49.6343 243.878 0)
(-148.969 2806.99 0)
(87.5556 450.103 0)
(-366.835 2854.48 0)
(-263.351 2823.47 0)
(-72.1229 627.554 0)
(-24.8303 2437.85 0)
(996.181 1828.34 0)
(-43.6543 209.021 0)
(51.2681 195.465 0)
(84.1864 2785.15 0)
(1144.98 2435.91 0)
(89.5031 1805.93 0)
(477.974 2430.38 0)
(1.21218 83.4255 0)
(10.5679 379.59 0)
(1260.57 1677.09 0)
(-25.2192 2820.33 0)
(-76.2444 2828.59 0)
(53.2242 2748.45 0)
(-406.895 2523.56 0)
(-1.82332 2439.06 0)
(-963.757 2506.49 0)
(41.3494 2652.58 0)
(-47.2013 2842.08 0)
(-1150.7 2368.13 0)
(-14.9041 1251.63 0)
(-1398.31 1676.96 0)
(1955.38 1547.76 0)
(-345.885 2917.36 0)
(18.4557 2838.92 0)
(-165.154 2652.88 0)
(52.0456 2753.83 0)
(-82.8434 2757.27 0)
(-474.621 2393.8 0)
(-84.2187 2775.85 0)
(708.866 2914.54 0)
(-175.127 762.709 0)
(-890.237 2546.38 0)
(-859.959 2912.43 0)
(-5.06826 715.684 0)
(-58.5307 223.478 0)
(-174.448 2649.87 0)
(34.9586 128.96 0)
(6.30186 135.635 0)
(-1822.3 1849.87 0)
(60.1203 269.982 0)
(-151.444 545.939 0)
(816.724 2277 0)
(2223.91 1898.37 0)
(7.27798 2093.87 0)
(1876.75 1183.09 0)
(51.6145 2751.65 0)
(41.8839 159.4 0)
(-1452.29 2848.09 0)
(-11.0186 162.174 0)
(18.1729 239.424 0)
(39.8715 2643.71 0)
(-24.9243 946.891 0)
(-98.3865 2771.67 0)
(54.1714 207.971 0)
(1966.96 960.304 0)
(167.187 2938.35 0)
(-103.118 2439.9 0)
(33.7413 128.994 0)
(185.302 811.289 0)
(-43.5707 205.704 0)
(-894.002 1647.03 0)
(-161.124 639.383 0)
(-444.278 1643.45 0)
(62.8268 2813.7 0)
(-20.7971 177.229 0)
(-35.0468 2367.24 0)
(-53.183 251.48 0)
(32.8225 2726.68 0)
(1233.8 1828.29 0)
(-416.288 2492.63 0)
(44.1623 2711.01 0)
(-172.503 714.364 0)
(-105.282 2438.99 0)
(143.324 523.997 0)
(469.069 2432.3 0)
(381.744 2340.33 0)
(-795.796 2868.66 0)
(53.5769 2744.34 0)
(1071.75 2698.19 0)
(-2313.39 1091.01 0)
(-0.427569 2682.89 0)
(-1058.78 2863.39 0)
(51.8534 328.896 0)
(-203.488 2825.54 0)
(1352.92 2759.31 0)
(25.0313 1889.95 0)
(-62.6788 2703.46 0)
(79.379 2703.92 0)
(-96.5986 2868.13 0)
(-403.859 2518.68 0)
(-9.5268 2768.45 0)
(-1605.95 1876.73 0)
(51.4706 240.576 0)
(1650.16 2153.28 0)
(756.593 2685.22 0)
(-93.0357 2640.64 0)
(-172.296 2812.71 0)
(-18.3049 89.0258 0)
(801.875 2657.51 0)
(980.444 1736.6 0)
(147.949 2800.4 0)
(-115.867 419.019 0)
(-127.941 2805.62 0)
(111.828 2793.06 0)
(287.259 2800.61 0)
(71.6533 2814.71 0)
(-1103.82 1865.52 0)
(-262.585 2625.37 0)
(-895.887 2272.13 0)
(125.21 2799.22 0)
(113.676 2791.42 0)
(-37.8619 489.177 0)
(-1091.68 2408.37 0)
(-1640.64 745.448 0)
(-74.0468 2794.63 0)
(-2452.4 934.892 0)
(216.573 2323.45 0)
(0.528887 1224.25 0)
(1498.68 2696.75 0)
(-2256.25 1304.9 0)
(-106.008 2395.38 0)
(4.73967 2733.27 0)
(1004.39 2812.1 0)
(120.799 2755.45 0)
(-1.24036 372.752 0)
(232.908 2773.39 0)
(-37.1734 2935.04 0)
(-1.36741 87.0858 0)
(-535.289 2546.94 0)
(-101.46 2233.22 0)
(-713.693 2766.9 0)
(778.957 2839.92 0)
(-1386.07 1703.55 0)
(375.252 2491.82 0)
(-97.1145 508.798 0)
(-940.581 1868.65 0)
(766.179 2147.55 0)
(-1164.81 2767.32 0)
(-1783.42 1582.51 0)
(15.5781 304.363 0)
(46.627 2773.21 0)
(-96.3448 2706.45 0)
(34.6871 2818.47 0)
(-17.3679 2254.89 0)
(715.431 2910.19 0)
(-926.597 2040.84 0)
(-2338.25 1137.43 0)
(56.2886 972.854 0)
(221.77 2690.09 0)
(21.1727 356.944 0)
(153.063 2219.61 0)
(109.622 2005.82 0)
(1933.74 1916.74 0)
(1087.36 2687.66 0)
(-7.71959 2830.72 0)
(21.3286 740.814 0)
(-1475.37 2231.76 0)
(564.044 1796.5 0)
(-74.8208 2593.07 0)
(-78.1114 651.308 0)
(6.25978 106.949 0)
(117.877 2778.4 0)
(97.2844 517.698 0)
(58.2269 961.727 0)
(14.4778 2671.73 0)
(-994.881 2670.21 0)
(-27.5866 259.242 0)
(-3.75128 364.652 0)
(-681.213 2527.28 0)
(93.2001 515.556 0)
(463.663 2431.87 0)
(1191.16 2739.51 0)
(-160.653 2080.43 0)
(174.392 2931.52 0)
(-79.712 1961.14 0)
(-1951.93 865.868 0)
(419.596 2466.71 0)
(-109.851 405.265 0)
(-101 398.663 0)
(1280.14 2117.09 0)
(2191.86 1378.43 0)
(-1949.18 865.863 0)
(-102.713 2769.49 0)
(-921.531 1956.93 0)
(-17.8356 2803.26 0)
(-70.4792 1050.32 0)
(-1483.03 2895.93 0)
(1576.98 1376.29 0)
(1439.56 1588.61 0)
(391.798 2774.65 0)
(45.9599 2779 0)
(-730.07 2814.43 0)
(-1367.76 3209.47 0)
(-257.783 2496.3 0)
(24.6233 2729.14 0)
(-110.886 2783.84 0)
(-152.577 578.702 0)
(-938.6 2106.3 0)
(6.21237 2691.78 0)
(-449.243 2404.87 0)
(1193.68 2006.91 0)
(249.705 2549.56 0)
(57.9416 268.717 0)
(42.8771 158.651 0)
(253.742 2784.94 0)
(791.986 2728.19 0)
(62.816 582.811 0)
(-205.334 2526.51 0)
(193.134 2782.46 0)
(380.178 2382.16 0)
(-1952.26 1830.47 0)
(-32.9808 296.479 0)
(57.3071 2757.54 0)
(-137.116 467.021 0)
(27.4038 2701.89 0)
(23.477 82.398 0)
(-676.727 2684.47 0)
(-181.994 857.446 0)
(1311.87 2163.31 0)
(831.976 2576.71 0)
(741.412 1745.48 0)
(-414.173 2824.34 0)
(-1332.32 1670.73 0)
(-14.2416 2773.24 0)
(-102.677 653.439 0)
(2036.6 1050.4 0)
(-1751.8 1943.24 0)
(-258.448 2797.56 0)
(-550.469 2470.65 0)
(642.505 2419.23 0)
(208.982 2863.6 0)
(-27.781 231.262 0)
(579.951 2215.4 0)
(7.2179 1911 0)
(27.1005 115.752 0)
(-1739.87 685.736 0)
(-13.7786 104.528 0)
(-1535.57 2900.93 0)
(-2146.09 826.212 0)
(307.715 2512 0)
(-378.721 2541.96 0)
(-84.0132 2760.69 0)
(-13.7793 128.147 0)
(963.711 2478.85 0)
(-1829.95 1493.31 0)
(594.459 110.076 0)
(-727.626 142.667 0)
(-407.189 2504.91 0)
(-106.68 2766.46 0)
(1773.66 1870.1 0)
(-66.6924 2840.54 0)
(-35.7087 586.932 0)
(-1.93122 90.6067 0)
(-95.0856 2861.37 0)
(-362.791 2501.21 0)
(-1084.95 1877.38 0)
(1548.22 2789.23 0)
(138.4 2324.85 0)
(-127.463 2803.38 0)
(6.34424 105.497 0)
(-348.408 2540.65 0)
(2250.16 1334.14 0)
(24.896 2731.49 0)
(-87.2567 2877.98 0)
(989.198 2369.98 0)
(-0.437263 713.009 0)
(1869.28 1501.78 0)
(75.3883 2797.46 0)
(35.9674 2741 0)
(-227.106 2829.48 0)
(-10.8223 2902.81 0)
(-1188.13 2770.11 0)
(-28.7922 131.13 0)
(-26.8095 205.988 0)
(-49.0219 190.125 0)
(2140.8 1376.41 0)
(-742.712 2016.91 0)
(87.6882 2789.35 0)
(-1067.59 1608.32 0)
(1046.17 1921.83 0)
(-129.594 1269.48 0)
(-32.2677 2493.87 0)
(-59.97 229.791 0)
(-50.096 2867.09 0)
(17.8881 2771.24 0)
(42.6211 242.595 0)
(453.272 2435.19 0)
(1.69351 2826.09 0)
(-30.4396 515.351 0)
(68.2185 2704.6 0)
(-102.434 2769.52 0)
(-982.733 2776.68 0)
(19.879 2821.48 0)
(778.243 2839.55 0)
(-76.7695 2792.37 0)
(-224.365 2917.14 0)
(1950.66 1638.35 0)
(-167.763 2659.29 0)
(181.281 2364.86 0)
(1367.52 2226.89 0)
(-411.983 2501.71 0)
(54.9724 699.117 0)
(127.148 2394.72 0)
(1745.76 1564.3 0)
(813.956 2592.13 0)
(118.825 2788.85 0)
(505.58 2824.4 0)
(-34.8054 298.824 0)
(1049.87 2383.1 0)
(13.975 62.9758 0)
(-603.84 2268.89 0)
(-2.89854 359.834 0)
(1140 1969.56 0)
(989.98 1904.6 0)
(-176.351 2756.15 0)
(20.5011 518.87 0)
(29.3594 109.572 0)
(-83.973 2806.33 0)
(-82.932 1093.39 0)
(-227.859 2536.86 0)
(-193.175 2182.85 0)
(124.417 2809.63 0)
(5.21885 2830.19 0)
(-25.505 100.412 0)
(-1324.35 2910.24 0)
(-85.4564 2787.77 0)
(14.066 391.411 0)
(65.9186 252.919 0)
(47.4051 1045.9 0)
(2109.28 1453.11 0)
(281.498 2995.38 0)
(-1161.74 2746.09 0)
(-34.2086 446.986 0)
(192.382 2396.09 0)
(-67.04 555.762 0)
(-100.51 2461.36 0)
(2039.99 1450.83 0)
(-814.406 2608.94 0)
(1864.32 847.174 0)
(2233.74 1301.56 0)
(36.5058 140.552 0)
(85.3892 2313.81 0)
(-26.7253 101.405 0)
(-279.716 1787.61 0)
(10.845 2746.06 0)
(526.625 1725.4 0)
(746.345 2391.33 0)
(-195.297 2658.04 0)
(-329.896 2556.4 0)
(51.515 323.917 0)
(-78.2909 624.752 0)
(-792.301 2863.63 0)
(-1462.17 712.606 0)
(1848.87 1238.87 0)
(50.1717 2668.77 0)
(327.782 3002.42 0)
(374.791 2381.16 0)
(136.135 503.591 0)
(204.712 2804.14 0)
(1518.91 2778.29 0)
(36.435 2686.79 0)
(-192.613 2729.71 0)
(37.1567 159.789 0)
(-28.6671 1867.1 0)
(-1471.33 1783.55 0)
(-173.968 770.204 0)
(15.2743 273.02 0)
(581.704 2260.35 0)
(18.3724 504.432 0)
(-708.77 2887.93 0)
(386.591 2498.22 0)
(-8.27094 378.948 0)
(-100.205 2501.35 0)
(173.31 2609.12 0)
(1470.89 1042.97 0)
(-194.94 2655.07 0)
(-1710.58 2178.09 0)
(-66.3537 2782.32 0)
(-730.009 2087.08 0)
(-1887.84 1876.37 0)
(-49.3415 2785.48 0)
(1864.54 1724.5 0)
(-578.991 2385.36 0)
(670.739 2478.12 0)
(-532.08 2351.34 0)
(645.863 1883.7 0)
(1590.64 1814.16 0)
(2321.34 1217.4 0)
(55.3554 1005.78 0)
(997.732 2746.48 0)
(-139.465 2772.01 0)
(28.3022 115.967 0)
(55.0865 2706.68 0)
(17.4595 300.566 0)
(731.181 428.116 0)
(-1316.9 220.649 0)
(21.9599 83.2566 0)
(559.697 2608.68 0)
(-15.7865 71.0219 0)
(-1311.18 1625.67 0)
(-860.683 2903.76 0)
(90.9617 358.195 0)
(-38.1906 326.696 0)
(-1832.57 2010.02 0)
(-1934 1840.27 0)
(-287.648 2446.47 0)
(-1077.45 2766.21 0)
(77.4609 743.892 0)
(1858.1 1153.31 0)
(-42.8974 2743.35 0)
(1401.4 2713.75 0)
(1590.14 2213.41 0)
(-170.237 2661.78 0)
(789.057 2899.48 0)
(-35.3251 332.401 0)
(139.563 2360.26 0)
(219.621 2618.68 0)
(-811.289 1778.87 0)
(-121.353 2772.62 0)
(839.19 2816.07 0)
(14.1202 277.937 0)
(-22.9363 89.6616 0)
(-864.339 2111.93 0)
(925.816 2845.76 0)
(-146.117 2233.47 0)
(-40.5646 2777.84 0)
(376.743 2346.73 0)
(-1114.37 2735.98 0)
(81.4052 1777.09 0)
(1.63723 126.444 0)
(-2083.67 1144.48 0)
(-46.3255 2750.55 0)
(17.9341 273.172 0)
(-283.519 2824.45 0)
(127.974 2522.9 0)
(-892.795 2269.86 0)
(85.0362 2790.11 0)
(634.092 2795.46 0)
(613.114 2679.97 0)
(-7.99104 2849.4 0)
(-3.01235 82.0584 0)
(91.0217 2809.09 0)
(-868.046 2803.84 0)
(783.912 2422.77 0)
(-44.2392 2803.8 0)
(5.69184 2596.16 0)
(167.605 2934.15 0)
(-943.844 2398.15 0)
(213.599 2632.82 0)
(110.781 2782.31 0)
(-330.589 2493.78 0)
(253.448 2454.31 0)
(44.55 187.456 0)
(742.018 2410.38 0)
(-101.41 504.576 0)
(-342.258 2561.34 0)
(38.7011 157.682 0)
(-56.3692 2776.11 0)
(12.7466 2170.46 0)
(2351.62 1024.23 0)
(-32.1368 2818.46 0)
(43.9315 329.111 0)
(-34.3111 2861.57 0)
(2306.91 978.298 0)
(-81.7924 2759.39 0)
(-388.203 2195.49 0)
(-1996.52 586.693 0)
(-897.743 1979.05 0)
(-261.785 2835.12 0)
(-0.594695 2828.97 0)
(2321.12 974.894 0)
(-1461.25 2337.31 0)
(2277.79 1732.01 0)
(-80.4838 294.002 0)
(-845.9 1906.45 0)
(1366.39 726.994 0)
(35.2037 135.232 0)
(-1963.41 1796.26 0)
(2.39087 2756.86 0)
(42.4571 164.931 0)
(284.808 2846.4 0)
(-2312.53 1104.55 0)
(-1220.86 2398.24 0)
(-833.011 2598.55 0)
(-2134.62 1917.9 0)
(-25.9373 98.2858 0)
(149.991 2766.62 0)
(1254.46 2138.62 0)
(412.27 2363.87 0)
(58.2541 2894.79 0)
(72.6961 1521.93 0)
(-181.174 843.138 0)
(-204.057 2064.07 0)
(-38.3856 483.92 0)
(-1946.44 2073.27 0)
(1912.3 1058.48 0)
(-1088.29 2115.15 0)
(-286.375 2825.02 0)
(307.728 2878.04 0)
(145.21 2771.85 0)
(-66.3138 549.359 0)
(-481.95 2939.08 0)
(1774.79 1956.6 0)
(1188.74 1685.79 0)
(-922.552 2848.41 0)
(1131.17 2064.26 0)
(-2413.18 954.165 0)
(-25.6647 113.877 0)
(-17.8023 90.554 0)
(582.695 2681.69 0)
(1527.93 1665.66 0)
(-651.352 2244.17 0)
(1293.72 2253.02 0)
(-1058.53 2163.06 0)
(-1247.18 1751.93 0)
(-240.542 2153.96 0)
(1441.33 1620.76 0)
(41.427 2755.95 0)
(-166.004 2755.89 0)
(-75.2408 1058.07 0)
(-771.309 2792.37 0)
(-41.3702 456.224 0)
(729.743 2441.57 0)
(-656.735 2203.13 0)
(-60.946 2800.03 0)
(2314.02 1195.97 0)
(-1146.15 2961.25 0)
(222.298 2855.09 0)
(56.7874 991.522 0)
(-22.7189 2777.39 0)
(811.389 2346.33 0)
(52.8786 2750.82 0)
(638.026 2803.18 0)
(261.65 2833.45 0)
(-37.1032 2822.62 0)
(1966.43 960.254 0)
(63.9294 2756.07 0)
(-169.794 703.492 0)
(2.10111 124.904 0)
(142.125 2789.74 0)
(-45.5592 2746.43 0)
(868.703 2841.49 0)
(5.52667 2674.22 0)
(331.927 2858.04 0)
(22.7287 85.4826 0)
(-1686.8 2097.01 0)
(-1758.57 1235.63 0)
(-2249.05 1203.13 0)
(-1015.86 2587.27 0)
(-149.82 2575.54 0)
(-17.3773 2525.74 0)
(60.3187 1649.17 0)
(-28.6215 2786.2 0)
(19.3051 241.028 0)
(185.156 659.265 0)
(42.8813 657.317 0)
(-1713.98 1909.64 0)
(138.379 2765.37 0)
(-56.6609 2775.87 0)
(355.727 2870.34 0)
(-47.7457 2869.7 0)
(147.527 687.228 0)
(-2108.65 703.938 0)
(145.171 2656.14 0)
(102.44 2788.26 0)
(-885.371 2714.23 0)
(-1319.36 1701.75 0)
(-101.875 2780.71 0)
(880.516 2520.13 0)
(46.7152 2819.7 0)
(633.125 2790.86 0)
(-913.308 2800.73 0)
(-905.878 1904.04 0)
(-153.038 568.334 0)
(65.0006 2193.34 0)
(115.157 429.098 0)
(540.056 2550.93 0)
(-596.403 2543.31 0)
(-2343.52 1121.39 0)
(-10.7634 205.477 0)
(1432.07 2703.8 0)
(1948.69 1497.45 0)
(-9.57187 157.237 0)
(11.0846 435.004 0)
(-1596.59 2637.46 0)
(2016.31 1848.55 0)
(660.956 2286.93 0)
(821.318 2556.32 0)
(835.036 1778.24 0)
(-150.609 2770.25 0)
(-63.0525 2867.01 0)
(-1214.58 1825.38 0)
(-62.0161 232.175 0)
(-1944.99 1614.2 0)
(-23.1019 1297.72 0)
(431.82 2172.9 0)
(108.794 2375.5 0)
(980.802 2813.99 0)
(4.04687 213.215 0)
(651.589 2371.71 0)
(1242.65 1696.18 0)
(694.565 2885.08 0)
(1976.4 1482.97 0)
(22.5311 2420.75 0)
(305.289 2620.42 0)
(-2273.99 1186.12 0)
(148.088 2654.14 0)
(-56.2571 474.053 0)
(992.286 2498.01 0)
(-44.2371 347.806 0)
(-114.96 2607.5 0)
(-153.331 2904.85 0)
(177.088 802.585 0)
(2397.52 970.254 0)
(-86.6504 515.355 0)
(-157.153 2814.42 0)
(-51.6027 476.88 0)
(-35.7851 2355.96 0)
(-35.1976 2888.69 0)
(300.491 2796.79 0)
(1138.38 2438.16 0)
(-1246.77 1828.19 0)
(28.4684 469.296 0)
(1340.64 2753.52 0)
(1491.44 675.68 0)
(-249.601 2834.4 0)
(17.3261 348.833 0)
(-10.925 2902.64 0)
(176.372 2938.63 0)
(-775.808 2467.91 0)
(-1059.71 1865.27 0)
(-1174.62 1307.02 0)
(-44.875 2364.5 0)
(-1035.28 2709.18 0)
(-659.879 2239.17 0)
(-99.1599 2785.27 0)
(863.028 2875.88 0)
(-932.425 2820.69 0)
(-79.726 2701.77 0)
(31.5302 2739.93 0)
(26.466 102.665 0)
(-17.8816 68.4221 0)
(-199.315 1091.46 0)
(-16.1518 98.4705 0)
(-418.265 2160.63 0)
(-391.407 2510.56 0)
(-9.94723 102.003 0)
(-1608.94 1310.55 0)
(2022.38 1558.7 0)
(100.385 2626.12 0)
(59.1824 220.166 0)
(-893.219 2080.51 0)
(0.294076 2823.14 0)
(-90.7687 2363.83 0)
(-1391.01 1152.29 0)
(2237.52 1294.11 0)
(1747.22 2327.25 0)
(-1382.01 2307.49 0)
(47.2527 175.826 0)
(-96.4724 410.156 0)
(-1091.1 2998.63 0)
(-101.113 367.163 0)
(-35.0812 2753.4 0)
(56.1236 759.759 0)
(525.14 2096.28 0)
(-14.8537 126.189 0)
(8.53524 2569.84 0)
(-703.258 2777.02 0)
(782.858 2691.48 0)
(965.964 2849.8 0)
(814.792 2658.82 0)
(-76.236 2789.03 0)
(82.9738 2702.41 0)
(1656.85 1565.79 0)
(-418.159 2445.68 0)
(-1845.92 1044.29 0)
(100.176 2669.98 0)
(52.9022 195.105 0)
(-62.4004 2704.51 0)
(24.5569 1825.1 0)
(633.927 2263.1 0)
(-12.6044 103.368 0)
(612.55 2599.83 0)
(-1176.42 2810.03 0)
(-101.158 2688.51 0)
(-51.7532 565.6 0)
(-242.453 2831.87 0)
(91.7497 2799.43 0)
(-129.531 470.187 0)
(-1831.99 684.264 0)
(214.129 791.01 0)
(-47.1189 373.396 0)
(-202.998 776.521 0)
(-1875.9 1245.56 0)
(1148.76 2829.17 0)
(-204.103 2871.88 0)
(1100.8 2519.67 0)
(156.641 2995.57 0)
(173.759 2590.47 0)
(769.894 2845.78 0)
(1826.28 1824.41 0)
(537.731 2128.9 0)
(1217.74 2335.64 0)
(815.853 2396.18 0)
(48.136 547.268 0)
(-48.3335 2778.83 0)
(-21.7844 2747.65 0)
(-85.8827 2698.29 0)
(147.799 2771.49 0)
(-792.152 1738.89 0)
(-40.2173 2805.12 0)
(190.562 2634.99 0)
(-416.439 2436.33 0)
(-743.804 2800.52 0)
(89.265 2766.15 0)
(-60.7553 2701.63 0)
(-118.039 544.735 0)
(19.9634 497.114 0)
(-2249.07 1263.33 0)
(-1400.15 2857.08 0)
(844.775 2845.05 0)
(-41.0054 2777.39 0)
(455.524 2761.1 0)
(117.042 429.019 0)
(-60.4123 2615.31 0)
(1175.54 2729.94 0)
(-1157.57 1730.64 0)
(-103.37 2674.27 0)
(45.6405 2748.77 0)
(-110.336 495.37 0)
(1169.58 2818.7 0)
(-2171.67 1772 0)
(-166.475 2813.11 0)
(41.3657 665.466 0)
(581.664 2726.27 0)
(81.3413 2789.65 0)
(-458.684 1651.98 0)
(15.7439 261.089 0)
(82.7208 516.617 0)
(-1201.65 2895.53 0)
(638.685 1909.61 0)
(1659.98 1673.67 0)
(-93.9616 415.47 0)
(-123.38 1252.77 0)
(76.9192 2828.9 0)
(-94.8639 2765.39 0)
(-13.6056 2742.64 0)
(23.9755 96.1293 0)
(87.4687 2800.58 0)
(-103.147 644.313 0)
(-279.904 2514.28 0)
(-144.137 521.046 0)
(37.7635 465.758 0)
(-2057.56 1135.08 0)
(-2027.94 663.945 0)
(64.6232 1586.44 0)
(293.926 2809.67 0)
(-993.655 2954.03 0)
(-469.575 2148 0)
(-769.067 2523.95 0)
(-304.158 2942.65 0)
(-1406.42 2878.56 0)
(-113.81 2688.24 0)
(740.016 2134.63 0)
(-1138.18 2118.99 0)
(-291.771 2450.84 0)
(-1756.17 885.103 0)
(-404.53 2429.24 0)
(-100.867 409.453 0)
(-269.977 2302.46 0)
(44.4502 2284.93 0)
(4.59907 2744.52 0)
(-2064.04 1225.62 0)
(1721.51 1470.21 0)
(-116.995 536.501 0)
(-752.829 2838.18 0)
(1070.6 2539.73 0)
(-1687.64 2803.52 0)
(-87.4139 2492.68 0)
(25.5144 465.263 0)
(-13.6222 124.406 0)
(43.5459 2257.52 0)
(-12.8269 153.974 0)
(46.491 184.726 0)
(-1891.43 729.117 0)
(-82.8196 313.034 0)
(-110.906 898.582 0)
(-820.651 2667.78 0)
(53.9996 215.401 0)
(83.7248 2692.59 0)
(-263.526 2606.6 0)
(81.4559 2319.13 0)
(544.519 2777.94 0)
(34.6817 2285.83 0)
(-54.3827 2417.8 0)
(1543.11 504.34 0)
(-29.9908 2736.2 0)
(-241.097 2475.61 0)
(58.3644 2757.05 0)
(-25.3711 2820.34 0)
(85.3153 2480.64 0)
(-428.878 2919.52 0)
(1518.88 1662.97 0)
(28.013 120.109 0)
(22.8961 125.668 0)
(-902.162 2765.85 0)
(75.3738 2821.17 0)
(113.068 525.406 0)
(1423.17 2838.58 0)
(43.7033 239.3 0)
(-273.177 2582.97 0)
(34.1116 2860.08 0)
(168.772 1464.45 0)
(173.221 2768.48 0)
(2325.57 1241.84 0)
(818.152 195.431 0)
(-2370.57 1081.21 0)
(104.799 1799.57 0)
(121.257 2678.52 0)
(-746.3 2547.28 0)
(652.635 2895.17 0)
(-42.7551 157.908 0)
(-43.5796 2755.49 0)
(1439.94 2409.16 0)
(59.3189 2755.62 0)
(2384.52 1060.7 0)
(1207.19 2817.92 0)
(2.6856 2738.44 0)
(-503.501 2548.23 0)
(-1971.43 729.427 0)
(-1117.27 2107.78 0)
(615.847 2243.14 0)
(-182.971 1081.57 0)
(990.28 2784.66 0)
(1167.69 2462.91 0)
(534.74 2766.56 0)
(-1378.73 3112.17 0)
(-180.449 2598.04 0)
(390.472 2492.4 0)
(122.958 2892.67 0)
(-17.6861 2909.53 0)
(71.7933 727.134 0)
(-92.6786 2163.4 0)
(-12.8365 2758.71 0)
(-0.25513 84.4992 0)
(-939.794 2394.94 0)
(-1122.42 2742.66 0)
(1985.84 1487.65 0)
(-304.728 2428.76 0)
(11.4426 2309.85 0)
(-46.7265 2706.52 0)
(1093.44 2793.49 0)
(-122.837 2713.17 0)
(68.7593 279.185 0)
(-53.3074 2679.69 0)
(1069.75 2697.36 0)
(50.176 204.591 0)
(-157.209 2677.57 0)
(-42.6106 2441.9 0)
(75.4301 2912.17 0)
(-814.704 2199.84 0)
(83.1216 2798.49 0)
(-103.682 2790.34 0)
(-237.241 2813.28 0)
(-167.924 2589.03 0)
(53.1271 219.164 0)
(2.84559 2515.63 0)
(88.325 850.756 0)
(-105.755 2261.62 0)
(47.4006 2755.11 0)
(1057.03 2744.31 0)
(1206.02 1707.12 0)
(363.903 2889.07 0)
(208.837 2770.53 0)
(37.4908 138.075 0)
(-692.398 2824.9 0)
(-443.963 2437.2 0)
(-0.537398 2902.18 0)
(1872.65 1626.07 0)
(-1848.17 1606.86 0)
(-35.1018 2776.37 0)
(1148.04 2061.95 0)
(68.4344 2333.84 0)
(-49.7775 2769.17 0)
(-23.1887 2826.27 0)
(-5.43984 1273.6 0)
(-65.9944 2918.26 0)
(108.469 405.559 0)
(-76.4219 2330.98 0)
(-2252.28 1216.25 0)
(48.1586 540.108 0)
(-70.3579 260.015 0)
(56.5828 2737.21 0)
(-110.703 915.303 0)
(882.15 2851.93 0)
(59.9765 2740.03 0)
(229.444 2789.27 0)
(48.2657 203.762 0)
(23.6242 2747.83 0)
(95.7971 373.469 0)
(-22.0835 222.139 0)
(-133.431 2757.46 0)
(-380.064 2406.12 0)
(1700.02 2716.59 0)
(64.6874 266.478 0)
(-71.7115 2629.45 0)
(24.0373 95.0848 0)
(57.0165 238.529 0)
(256.002 2462.87 0)
(-4.81528 2723.56 0)
(717.532 2372.84 0)
(-2128.26 1875.73 0)
(-763.653 2801.11 0)
(-391.417 2518.31 0)
(-298.346 2798.38 0)
(17.2707 120.116 0)
(-266.832 2469.16 0)
(17.3978 2770.66 0)
(-98.358 2410.25 0)
(-407.625 2506.52 0)
(142.85 681.875 0)
(-59.4553 2815.74 0)
(-53.3914 887.728 0)
(95.987 2784.14 0)
(-1877.91 776.954 0)
(647.346 2931.8 0)
(-1939.17 1635.72 0)
(-27.5816 1378.39 0)
(125.142 428.977 0)
(1443.32 2373.75 0)
(4.28537 2773.16 0)
(115.703 2813.77 0)
(1182.73 1836.04 0)
(-45.3152 753.077 0)
(-924.043 2037.92 0)
(-929.898 2431.54 0)
(-13.0969 63.719 0)
(-311.341 2515.96 0)
(1147.23 2453.74 0)
(-2268.05 1155.86 0)
(16.132 264.249 0)
(383.871 2888.77 0)
(-1.21763 80.3239 0)
(-40.0914 154.458 0)
(-91.1716 505.364 0)
(1720.47 2359.44 0)
(-0.989493 2901.91 0)
(-115.77 2257.15 0)
(140.639 2669.17 0)
(-1300.12 2799.38 0)
(-71.8234 653.496 0)
(-1383.47 2306.84 0)
(399.549 2455.12 0)
(633.226 2389.52 0)
(239.927 2762.68 0)
(-813.601 2525.24 0)
(-14.9371 97.4129 0)
(1154.34 2804.64 0)
(-993.686 3000.53 0)
(2128.11 1309.92 0)
(2153.68 1905.99 0)
(114.327 2706.98 0)
(552.478 2611.01 0)
(-50.9327 190.08 0)
(960.459 2853.73 0)
(1468.48 636.287 0)
(-137.118 516.549 0)
(41.1727 3013.59 0)
(-55.9988 900.253 0)
(-35.7476 2752.02 0)
(293.225 2872.36 0)
(116.838 1258.45 0)
(2299.55 1171.52 0)
(-172.065 834.617 0)
(-208.095 2814.81 0)
(16.9053 353.714 0)
(-63.893 241.822 0)
(-1991.29 1116.41 0)
(-252.52 2463.13 0)
(89.2677 2800.21 0)
(52.5175 270.679 0)
(676.353 2520.89 0)
(-346.432 2543.91 0)
(294.611 2789.86 0)
(-1146.15 2101.67 0)
(136.702 2604.37 0)
(31.2825 549.989 0)
(107.952 2675.93 0)
(-1228.51 2102.63 0)
(1928.1 615.955 0)
(2210.57 1242.82 0)
(86.6109 499.512 0)
(2333.79 1165.72 0)
(13.8531 178.565 0)
(193.071 2635.31 0)
(-1326.89 1736.28 0)
(558.308 2582.6 0)
(676.113 1732.1 0)
(1022.81 2743.78 0)
(-137.498 473.826 0)
(-0.290314 86.9699 0)
(-20.5693 155.083 0)
(669.416 2395.58 0)
(-1547.74 1752.24 0)
(37.2277 429.95 0)
(-1.58136 2733.5 0)
(87.56 2721.69 0)
(2.26739 358.647 0)
(-880.788 2082.28 0)
(-38.1964 2818.06 0)
(1439.51 2277.08 0)
(-16.7042 119.163 0)
(-1062.58 1820.61 0)
(-4.01275 2734.33 0)
(-48.4452 214.601 0)
(1526.97 1731.29 0)
(239.784 2970.58 0)
(-29.899 2493.84 0)
(-4.1031 2764.62 0)
(1763.91 2312.75 0)
(-992.712 1854.3 0)
(-1904.91 1638.45 0)
(131.008 683.602 0)
(192.944 2772.18 0)
(-12.1132 66.9366 0)
(86.0087 2696.95 0)
(39.0771 2592.28 0)
(-247.623 1572.52 0)
(-1677.54 2070.47 0)
(53.8729 210.018 0)
(419.831 2476.91 0)
(88.1566 354.338 0)
(1667.81 2182.38 0)
(-1258.51 2326.27 0)
(-884.969 2687.98 0)
(1249.9 2194.85 0)
(-307.781 2604.19 0)
(17.5968 258.378 0)
(232.581 2589.66 0)
(1668.74 2732.55 0)
(55.0507 241.277 0)
(-1909.59 1941.23 0)
(-37.0768 2823.48 0)
(553.936 2545.19 0)
(-1720.22 2605.17 0)
(-51.6821 2565.76 0)
(176.906 791.393 0)
(1086.95 1695.72 0)
(77.7557 2308.42 0)
(53.8534 2727.52 0)
(-1551.09 2256.7 0)
(-2227.41 1412.02 0)
(-252.974 2622.46 0)
(2207.27 1937.57 0)
(22.1795 364.601 0)
(-38.2022 1933.49 0)
(306.372 2410.97 0)
(-114.372 548.605 0)
(-63.7686 2703.12 0)
(139.726 2663.32 0)
(137.879 2261.56 0)
(7.74601 824.693 0)
(-786.187 2682.13 0)
(-48.6681 2755.38 0)
(117.692 2778 0)
(-1851.28 741.926 0)
(1674.96 2746.25 0)
(-2097.54 675.962 0)
(764.76 1745.01 0)
(-1025.21 2694.78 0)
(1165.27 1809.92 0)
(2074.07 1502.74 0)
(-78.2791 292.649 0)
(1029.2 2777.71 0)
(-151.393 2845.4 0)
(1169.64 2456.54 0)
(214.803 809.946 0)
(1777.23 2075.84 0)
(15.9865 2763.8 0)
(1106.34 2310.6 0)
(-95.4904 2488.42 0)
(-283.499 2577.3 0)
(-231.847 2795.93 0)
(-43.6789 375.958 0)
(6.30179 2760 0)
(-722.02 2714.56 0)
(-832.387 2442.48 0)
(673.951 2505.98 0)
(-627.264 2439.49 0)
(-177.713 2586.77 0)
(92.1626 698.066 0)
(-12.9495 202.927 0)
(-80.2418 2776.87 0)
(874.345 2815.11 0)
(-41.5844 154.592 0)
(-639.255 2900.43 0)
(1845.62 1760.75 0)
(18.6477 2771.45 0)
(-16.9757 66.5017 0)
(-130.569 2753.93 0)
(1404.81 1701.68 0)
(-66.0876 2782.57 0)
(34.6487 468.675 0)
(-2178.33 1333.55 0)
(-15.6071 2603.95 0)
(-258.569 2658.73 0)
(36.0441 1610.51 0)
(637.745 2263.43 0)
(0.532825 81.2962 0)
(816.657 2708.36 0)
(224.48 2775.91 0)
(-136.862 2789.57 0)
(505.835 2553.1 0)
(-973.34 2472.56 0)
(8.90309 94.8204 0)
(-858.046 2778.1 0)
(-8.97332 2404.9 0)
(-251.063 2611.81 0)
(-601.13 2519.88 0)
(1803.62 2452.69 0)
(145.009 2786.91 0)
(-38.2356 142.27 0)
(23.0964 755.601 0)
(2267.05 1309.43 0)
(-104.79 2477.94 0)
(105.096 2396.5 0)
(168.4 2768.1 0)
(-1633.22 2004.33 0)
(202.567 2620.15 0)
(22.4432 86.9392 0)
(-270.756 2902.29 0)
(-562.598 2414.55 0)
(-1120.35 1842.52 0)
(-134.503 2797.06 0)
(-66.0368 2813.18 0)
(1034.7 2503.51 0)
(-205.15 2820.51 0)
(192.516 828.455 0)
(86.2141 2806.01 0)
(-68.014 2784.72 0)
(472.481 1699.69 0)
(21.9139 763.68 0)
(-708.023 2674.89 0)
(302.232 2837.36 0)
(40.4997 1039.61 0)
(254.036 2804.71 0)
(-1175.02 2354.3 0)
(-226.638 2718.36 0)
(41.2866 2724.1 0)
(334.343 2460.51 0)
(938.979 2863.88 0)
(-2234.84 1258.42 0)
(-1198.34 685.22 0)
(1452.63 2874.34 0)
(-2165.02 1243.7 0)
(-90.3193 2790.14 0)
(1124.05 2712.44 0)
(505.441 2546.1 0)
(4.67664 2733.56 0)
(-134.253 2793.26 0)
(-223.899 2807.83 0)
(1490.54 2705.38 0)
(-288.491 2630.17 0)
(-139.173 1655.89 0)
(-74.3558 2422.47 0)
(-59.5002 430.712 0)
(29.2175 427.927 0)
(8.30023 2731.31 0)
(283.681 2691.61 0)
(-415.066 2506.68 0)
(2453.55 987.618 0)
(-174.608 2531.38 0)
(-559.439 2404.29 0)
(2066.14 1529.99 0)
(-967.547 2721.05 0)
(51.1833 2948.98 0)
(-38.8038 2819.38 0)
(32.3454 2208.79 0)
(3.5189 353.632 0)
(-77.3335 358.082 0)
(-170.682 754.08 0)
(-22.9884 2730.77 0)
(-118.376 2761.43 0)
(-1834.98 1816.36 0)
(-1634.41 1912.47 0)
(20.3024 115.74 0)
(-1853.71 2219.84 0)
(-683.404 2886.31 0)
(69.1422 751.509 0)
(2414.99 1043.56 0)
(-25.4819 314.271 0)
(-91.2455 2790.72 0)
(-1840.81 1918.79 0)
(-1765.46 2728.15 0)
(-1871.57 1529.73 0)
(-27.3374 114.019 0)
(934.971 2791.99 0)
(85.5862 2721.81 0)
(-19.0488 2825.21 0)
(-749.057 2308.86 0)
(197.604 2625.19 0)
(-913.461 2856.32 0)
(9.68314 393.685 0)
(-215.321 2704.57 0)
(652.737 2894.68 0)
(66.6008 261.748 0)
(397.046 2483.33 0)
(-811.392 2190.82 0)
(490.506 1819.26 0)
(-27.1053 129.364 0)
(-1130.54 2115.79 0)
(-139.198 550.885 0)
(619.565 2756.98 0)
(758.279 2271.71 0)
(1728.7 2025.94 0)
(2150.26 1381.17 0)
(-138.576 2882.6 0)
(754.197 2802.15 0)
(133.879 2333.95 0)
(-65.5725 2787.56 0)
(-410.809 2513.16 0)
(-359.058 2852.93 0)
(2028.07 686.822 0)
(-604.867 2285.63 0)
(-64.4245 2700.98 0)
(-2044.31 1045.02 0)
(213.097 774.541 0)
(14.9584 817.576 0)
(-122.6 2806.27 0)
(1306.96 1899.38 0)
(-2273.7 1159.89 0)
(44.5164 865.23 0)
(-32.1964 2858.66 0)
(-57.8969 2502.23 0)
(-108.399 640.036 0)
(-186.806 2785.01 0)
(-417.972 2852.8 0)
(4.38486 2553.06 0)
(1289.91 1855.89 0)
(1228.05 2733.51 0)
(-109.475 2803.41 0)
(591.124 2288.06 0)
(-108.422 2790.98 0)
(237.436 2397.15 0)
(566.126 1706.58 0)
(177.012 2651.97 0)
(-898.199 1952.98 0)
(-2082.36 1620.49 0)
(-1597.73 1469.63 0)
(134.036 2565.15 0)
(-288.195 2626.96 0)
(-1482.85 1951.4 0)
(79.5574 291.134 0)
(-711.649 2471.04 0)
(33.6591 676.852 0)
(437.992 2732.47 0)
(1150.31 2408.76 0)
(-1.09937 89.3116 0)
(81.8362 2629.19 0)
(37.2515 2823.76 0)
(106.374 2668.97 0)
(-112.401 2379.05 0)
(-28.2607 346.19 0)
(20.183 77.2098 0)
(-144.634 2818.32 0)
(2322.84 1204.32 0)
(-186.48 2326.16 0)
(-40.5895 2773.16 0)
(-1813.6 2166.29 0)
(1786.17 1665.15 0)
(41.3414 859.309 0)
(34.7093 133.86 0)
(-1907.79 1370.29 0)
(1829.72 1841.66 0)
(-201.384 2820.27 0)
(-457.639 1639.08 0)
(30.8669 2729.99 0)
(-217.258 2803.24 0)
(2270.11 1311.98 0)
(913.685 2857.64 0)
(-898.194 2530.06 0)
(-24.8624 85.8616 0)
(-282.685 2576.07 0)
(1828.3 1959.59 0)
(-79.823 406.072 0)
(-772.878 2657.78 0)
(1152.1 2031.56 0)
(-54.8105 2773.33 0)
(-1.6036 2839.95 0)
(-742.993 2309.07 0)
(172.809 2645.95 0)
(-328.304 2566.76 0)
(-869.729 2118.41 0)
(-10.9 103.4 0)
(-1739.06 1903.06 0)
(-1905.72 1847.88 0)
(1743.34 2329.48 0)
(1005.93 2682.59 0)
(-1397.06 2902.01 0)
(318.379 2531.77 0)
(17.4907 2845.24 0)
(-103.275 392.548 0)
(2246.36 1202 0)
(2158.19 1352.94 0)
(904.304 2835.25 0)
(-706.38 2535.02 0)
(14.0264 297.22 0)
(1.66909 2751.72 0)
(2147.83 1441.67 0)
(-1756.25 1608.21 0)
(-80.4291 358.401 0)
(-574.17 2723.22 0)
(-1655.64 1318.35 0)
(77.0261 2714.39 0)
(10.0354 383.558 0)
(-75.8956 284.02 0)
(401.808 2485.57 0)
(-170.693 822.353 0)
(-662.843 2352.15 0)
(398.221 2486.95 0)
(-428.373 2469.02 0)
(-258.123 2660.14 0)
(122.198 420.092 0)
(56.9429 2708.72 0)
(-347.017 2494.85 0)
(-1097.85 1911.95 0)
(148.161 2686.66 0)
(-1162.17 2478.88 0)
(-183.867 2803.49 0)
(-13.87 117.646 0)
(136.759 2762.19 0)
(55.6564 1028.98 0)
(338.13 2435.43 0)
(-287.877 2613.4 0)
(-1357.55 3237.82 0)
(129.775 528.256 0)
(-651.523 2747.68 0)
(-14.8001 119.139 0)
(-52.3548 194.068 0)
(79.342 296.484 0)
(1001.46 2752.68 0)
(2456.65 1187.35 0)
(2440.66 964.208 0)
(-205.243 2531.53 0)
(-20.7879 2731.08 0)
(1034.92 2359.64 0)
(2340.08 1154.92 0)
(-5.92001 2803.73 0)
(1876.28 1827.49 0)
(-0.917664 78.8996 0)
(149.461 540.645 0)
(-1758.53 1612.52 0)
(-9.50123 64.314 0)
(83.5855 2790.06 0)
(1233.68 2313.46 0)
(14.2945 439.01 0)
(76.0095 2698.84 0)
(-3.11122 2758.76 0)
(-232.388 2793.06 0)
(94.5879 2723.39 0)
(9.28849 215.023 0)
(-32.2601 347.76 0)
(-400.567 2858.25 0)
(-1394.81 1615.97 0)
(-92.078 2804.77 0)
(-26.9577 952.514 0)
(5.90749 437.31 0)
(-1036.05 2579.93 0)
(-234.589 2811.2 0)
(-97.574 1070.78 0)
(2.16072 433.6 0)
(-1867.06 1478.1 0)
(210.04 2407.36 0)
(1031.89 2498.88 0)
(799.303 2726.51 0)
(-1864.5 1800.25 0)
(616.015 2781.68 0)
(19.0959 2761.31 0)
(2440.7 1021.47 0)
(633.226 2303.82 0)
(-1391.67 2406.73 0)
(1901.15 2274.87 0)
(-87.9597 2631.8 0)
(-21.1309 174.629 0)
(-200.331 761.376 0)
(-50.0101 2764.28 0)
(2392.04 1329.8 0)
(-543.1 1680.78 0)
(-691.869 2852.47 0)
(1526.77 2222.89 0)
(73.6942 1385.93 0)
(-661.395 2743.22 0)
(-11.6965 89.1316 0)
(728.686 2198.81 0)
(159.711 2281.37 0)
(-16.9877 122.395 0)
(1876.38 1336.09 0)
(286.347 2562.5 0)
(-572.575 2721.82 0)
(54.5994 2823.39 0)
(390.988 2725.75 0)
(123.545 2815.32 0)
(-151.444 533.852 0)
(-636.663 1827.92 0)
(-569.987 2811.36 0)
(-88.2213 2759.97 0)
(92.8489 2685.78 0)
(56.8426 486.939 0)
(-1671.92 2545.1 0)
(1023.56 2060.22 0)
(49.0905 694.005 0)
(-122.988 2789.77 0)
(-337.127 2495.18 0)
(22.0396 110.997 0)
(-1344.57 2293.34 0)
(-41.1776 2462.62 0)
(-1203.28 2779.05 0)
(-29.7779 2765.55 0)
(-449.223 2876.85 0)
(-1208.08 2777.49 0)
(390.075 2880.24 0)
(391.339 2967.32 0)
(-125.958 2687.87 0)
(-1010.91 2455.2 0)
(-287.1 2610.28 0)
(-113.038 2748.14 0)
(-291.042 2516.8 0)
(-1095.45 2728.91 0)
(-597.77 2362.68 0)
(906.267 2818.38 0)
(109.737 2545.85 0)
(-50.3383 2800.31 0)
(2193.08 1127.71 0)
(91.1532 2287.89 0)
(-812.213 1785.39 0)
(1710.39 1979.1 0)
(526.825 2579.34 0)
(2296.95 1070.67 0)
(1108.98 2295.57 0)
(120.489 534.719 0)
(1071.64 2815.68 0)
(210.872 2366.03 0)
(-81.1539 401.742 0)
(-161.548 2812.88 0)
(-1745.5 2493.71 0)
(614.082 1760.02 0)
(50.4083 3000.57 0)
(336.957 2594.83 0)
(-1266.81 2191.19 0)
(79.9944 2560.45 0)
(-318.671 2434.3 0)
(-1551.6 2215.23 0)
(-1183.88 2471.17 0)
(-713.589 2657.08 0)
(127.842 2812.34 0)
(-365.063 2925.32 0)
(-519.217 2369.65 0)
(-429.361 2497.86 0)
(20.3167 2854.7 0)
(-965.349 2347.1 0)
(-291.13 2621.78 0)
(-1794.78 1532.82 0)
(905.012 2441.72 0)
(1818.38 1933.88 0)
(271.055 2260.86 0)
(2129.05 1460.47 0)
(414.939 2653.97 0)
(3.40169 2736.04 0)
(121.765 1987.93 0)
(33.4192 432.085 0)
(55.3379 321.22 0)
(-968.235 2749.63 0)
(-565.663 2900.91 0)
(-219.576 2743.05 0)
(-88.3576 2312.66 0)
(-652.904 2519.7 0)
(-1676.41 1867.37 0)
(-21.8387 2723.51 0)
(-353.542 2987.78 0)
(87.2191 505.964 0)
(-170.289 683.592 0)
(1074.72 2607.71 0)
(4.34458 124.129 0)
(1780.14 1902.67 0)
(793.754 2119.9 0)
(256.477 2688.68 0)
(-44.3172 357.34 0)
(-1955.73 880.706 0)
(35.0535 3016.42 0)
(276.042 2442.43 0)
(166.907 2946.33 0)
(883.254 2788.39 0)
(-78.7011 2809.31 0)
(41.1194 2304.94 0)
(49.6978 2755.45 0)
(-123.511 2763.53 0)
(-38.508 448.878 0)
(9.74229 165.06 0)
(559.694 1706.69 0)
(88.3387 2685.29 0)
(-1847.94 1147.72 0)
(-172.96 1668.33 0)
(-96.4722 2700.4 0)
(801.498 2350.64 0)
(-414.264 2498.37 0)
(-1192.76 1318.99 0)
(-157.576 2669.96 0)
(8.9599 2759.74 0)
(64.487 2876.74 0)
(-134.137 551.635 0)
(-132.531 2232.08 0)
(1706.97 2056.51 0)
(403.284 2905.17 0)
(-411.162 2480.95 0)
(-901.558 3129.3 0)
(-5.67692 382.707 0)
(134.711 2780.29 0)
(7.21155 2763.66 0)
(-53.809 2349.44 0)
(145.557 1251.33 0)
(118.445 2787.52 0)
(-1930.29 1616.28 0)
(-116.381 2747.41 0)
(-24.9487 97.4798 0)
(-117.707 2464.38 0)
(-30.2544 2757.48 0)
(18.8985 118.826 0)
(223.63 2787.66 0)
(-20.8399 242.261 0)
(-29.0118 247.626 0)
(-5.43614 91.4001 0)
(-1921.6 1740.8 0)
(424.627 2806.8 0)
(-75.2012 2794.72 0)
(-517.262 2375.96 0)
(-107.284 2693.99 0)
(1391.81 1701.47 0)
(-637.952 2270.8 0)
(1756.06 1505.25 0)
(-1119.87 2762.17 0)
(-806.998 2108.84 0)
(-224.051 1010.81 0)
(65.6939 255.124 0)
(305.336 2860.34 0)
(-1324.42 358.713 0)
(-879.025 2791.66 0)
(1495.01 2400.45 0)
(-87.2608 2698.17 0)
(-19.8666 238.809 0)
(-310.332 2196.12 0)
(-202.567 2539.67 0)
(411.231 2656.14 0)
(128.984 594.427 0)
(-132.295 465.797 0)
(-698.895 2809.81 0)
(57.7669 2817.09 0)
(-622.397 2501.28 0)
(12.1248 2342.22 0)
(1179.4 2851.01 0)
(1523.37 2241.6 0)
(-14.9929 683.81 0)
(97.3494 2050.8 0)
(1538.34 2363.14 0)
(-340.953 2555 0)
(776.258 2769.84 0)
(27.3865 363.51 0)
(15.2342 293.221 0)
(44.381 206.098 0)
(22.8398 89.7588 0)
(322.975 2889.56 0)
(278.857 2325.22 0)
(-571.365 2905.22 0)
(-249.449 2803.87 0)
(2066.35 1969.43 0)
(2262.87 1210.38 0)
(-1385.95 2811.92 0)
(-1360.84 2354.29 0)
(-906.947 2802.67 0)
(-1879.08 2469.45 0)
(1812.95 2443.44 0)
(-862.964 2834.83 0)
(-22.8584 549.258 0)
(567.115 2762.27 0)
(-206.86 2815.86 0)
(-126.304 2750.11 0)
(76.8654 2764.74 0)
(85.4706 2718.47 0)
(1271.11 2772.83 0)
(106.946 2674.59 0)
(167.084 2788.59 0)
(28.9125 111.645 0)
(-144.402 2592.09 0)
(-1027.53 2833.17 0)
(106.091 2782.64 0)
(-13.0413 2824.77 0)
(-208.671 2630.16 0)
(492.522 1804.72 0)
(-52.3803 749.577 0)
(510.389 2720 0)
(86.6883 2826.14 0)
(151.752 2703.63 0)
(1292.47 2160.36 0)
(-403.107 2971.44 0)
(-26.2981 317.315 0)
(-764.118 1751.18 0)
(52.8484 2749.05 0)
(-1596.82 2314.39 0)
(-644.116 2272.51 0)
(-400.563 2525.65 0)
(1861.67 1814.05 0)
(-366.749 2553.25 0)
(-94.5435 2792.73 0)
(242.224 1516.77 0)
(792.921 2721.27 0)
(50.2664 2756.19 0)
(-1683.41 2089.98 0)
(-36.0777 169.608 0)
(-107.719 631.647 0)
(42.2275 2576.94 0)
(-9.22166 2767.59 0)
(-529.492 2350.56 0)
(-58.2675 2768.61 0)
(8.40907 118.777 0)
(-99.0755 2778.95 0)
(2190.16 1287.3 0)
(-231.343 2806.5 0)
(-1.64292 2838.32 0)
(-7.28756 2758.91 0)
(26.1226 430.366 0)
(102.832 2693.47 0)
(-253.523 2819.56 0)
(443.741 2829.85 0)
(-132.351 2751.24 0)
(47.8739 331.842 0)
(1218.41 2354.99 0)
(1793.56 1623.34 0)
(-646.668 2543.46 0)
(-26.4624 208.722 0)
(990.501 2356.15 0)
(1178.8 2845.01 0)
(-12.8294 56.042 0)
(12.7557 55.7472 0)
(1050.02 2761.15 0)
(800.609 2259.87 0)
(30.1452 367.249 0)
(-1336.72 2144.54 0)
(9.73451 235.635 0)
(-18.3916 179.004 0)
(-121.012 2488.4 0)
(-902.161 1778.34 0)
(-112.133 2395.29 0)
(58.817 2757.16 0)
(166.495 2774.93 0)
(-1020.33 2685.08 0)
(637.829 2455.78 0)
(-855.997 2029 0)
(346.673 2207 0)
(1011.06 2062.73 0)
(-107.885 400.381 0)
(27.6591 104.43 0)
(-34.153 2830.5 0)
(-482.531 2956.51 0)
(-4.34544 2761.31 0)
(83.154 828.788 0)
(3.32216 1095.45 0)
(-1211.32 2062.84 0)
(-111.458 502.435 0)
(-73.6247 2914.66 0)
(510.697 1710.11 0)
(519.297 2536.18 0)
(-2059.13 2098.94 0)
(-1851.06 1615.46 0)
(134.522 2528.22 0)
(7.23343 2760.46 0)
(-621.52 2332.81 0)
(934.081 2573.42 0)
(-1955.53 1569.79 0)
(-127.759 2751.26 0)
(77.7623 2732.42 0)
(-110.573 401.578 0)
(-31.0636 2896.05 0)
(44.56 167.223 0)
(0.0704189 83.2142 0)
(1089.5 2722.18 0)
(30.1234 1483.21 0)
(66.9349 2806.16 0)
(10.2132 95.573 0)
(-35.6278 166.948 0)
(-728.174 2340.39 0)
(0.997676 81.6035 0)
(143.682 2670.72 0)
(33.9912 169.116 0)
(0.791179 1205.03 0)
(-1240.63 2311.81 0)
(-1046.32 2576.74 0)
(214.016 2428.16 0)
(23.3056 118.015 0)
(-58.0359 2836.65 0)
(29.5094 122.434 0)
(11.9932 734.164 0)
(-75.1765 2794.85 0)
(-33.4538 2830.38 0)
(-1736.27 2007.36 0)
(919.298 2508.54 0)
(196.374 918.156 0)
(-264.79 2837.53 0)
(12.4542 238.057 0)
(-76.5351 2704.5 0)
(-84.8319 2758.98 0)
(217.298 2596.93 0)
(4.5341 122.229 0)
(-84.8714 2427.26 0)
(1029.29 2787.33 0)
(-2148.67 1916.56 0)
(2181.41 1474.84 0)
(-1925.51 1389.06 0)
(106.323 2786.15 0)
(644.933 2290.16 0)
(138.462 2652.42 0)
(1004.39 2138.71 0)
(65.354 2865.65 0)
(-1125.72 2180.6 0)
(6.64814 375.639 0)
(-25.1026 554.745 0)
(-1643.05 1984.37 0)
(-98.7982 2769.09 0)
(-265.18 2835.29 0)
(401.069 2854.17 0)
(-866.025 2503.46 0)
(-115.426 2784.52 0)
(-1706.1 2180.98 0)
(1177.83 2512.42 0)
(-10.7682 164.006 0)
(81.6247 2783.81 0)
(-7.47241 2358.85 0)
(-191.999 2731.42 0)
(-114.798 2669.78 0)
(982.966 2786.69 0)
(-8.72189 2735.94 0)
(652.898 2448.12 0)
(-696.932 2654.71 0)
(1679.62 1896 0)
(1129.01 2037.68 0)
(109.789 392.508 0)
(-172.622 2582.34 0)
(480.626 2820 0)
(8.41734 116.797 0)
(577.719 2806.9 0)
(-538.439 1682.76 0)
(-1024.77 2763.42 0)
(273.013 2675.71 0)
(1155.14 2085.34 0)
(539.826 1968.53 0)
(202.766 2800.64 0)
(560.814 2595.07 0)
(-401.637 2397.72 0)
(202.024 2563.26 0)
(-1670.94 1988.66 0)
(831.881 2380.82 0)
(-721.933 2349.32 0)
(23.8363 1276.88 0)
(1229.52 2322.95 0)
(-40.3731 214.276 0)
(-127.688 2803.04 0)
(-1433.06 1717.14 0)
(1763.77 2518.58 0)
(204.081 2801.76 0)
(-27.8619 127.617 0)
(2260.19 1154.05 0)
(-61.7244 2757.79 0)
(460.071 2950.21 0)
(61.0649 764.124 0)
(-102.556 2780.96 0)
(-26.5972 147.248 0)
(-178.051 2462.3 0)
(-1037.12 2584.91 0)
(-2054 580.325 0)
(102.355 1998.76 0)
(982.974 2785.17 0)
(-1407.53 2676.79 0)
(-542.93 2934.74 0)
(-1506.81 1748.19 0)
(-1773.62 1861.22 0)
(55.6887 2713.27 0)
(-160.968 2714.04 0)
(-128.169 2806.16 0)
(-24.0912 2918.24 0)
(-778.822 1782.9 0)
(-10.002 1206.96 0)
(242.798 2864.33 0)
(-223.466 807.427 0)
(-146.03 2677.54 0)
(159.18 2889.73 0)
(-4.75333 2725.35 0)
(43.7746 2820.74 0)
(218.235 2789.4 0)
(-1748.04 2789.04 0)
(540.017 2597.67 0)
(-298.934 2788.31 0)
(-26.712 2282.55 0)
(1835.83 1637.17 0)
(228.218 2776.46 0)
(-1398.38 3008.86 0)
(-103.149 2746.72 0)
(88.4315 519.824 0)
(-1652.99 2112.05 0)
(210.562 2613.2 0)
(-525.902 1819.4 0)
(-37.8155 144.886 0)
(721.223 2229.03 0)
(-361.653 2935.72 0)
(109.252 2799.68 0)
(6.5258 119.553 0)
(2078.37 1720.13 0)
(-118.316 2623.59 0)
(-6.22259 92.5975 0)
(-72.5999 545.694 0)
(-700.939 2821.96 0)
(40.7807 2760.66 0)
(-45.344 2709.02 0)
(2119.16 1765.44 0)
(170.694 613.97 0)
(-317.562 2864.48 0)
(-455.786 2409.28 0)
(320.615 2385.82 0)
(163.516 2409.33 0)
(239.498 2576.79 0)
(-465.707 2954.78 0)
(1613.04 1388.98 0)
(-311.346 2580.8 0)
(1245.42 2136.73 0)
(7.40005 1743.51 0)
(527.06 2409.24 0)
(-93.7056 2688.82 0)
(1574.66 2126.93 0)
(-1918.13 1719.72 0)
(462.997 2790.67 0)
(1097.7 2711.54 0)
(87.4141 702.349 0)
(1872.84 2279.08 0)
(-50.2163 197.216 0)
(-1251.18 2775.3 0)
(831.706 2843.56 0)
(-949.234 2827.61 0)
(67.365 2805.64 0)
(-40.8542 204.483 0)
(-1679.19 1367.76 0)
(2114.43 1771.52 0)
(-232.609 2622.85 0)
(1141.51 2703.62 0)
(-1240.54 2761.94 0)
(-103.824 2330.83 0)
(-698.189 2732.2 0)
(-477.413 2754.24 0)
(528.857 2804.51 0)
(-639.696 2078.74 0)
(67.7553 248.043 0)
(112.349 2881.39 0)
(-1110.37 2780.98 0)
(-7.65905 2766.38 0)
(-95.7478 2796.88 0)
(114.585 446.38 0)
(-49.7124 250.256 0)
(39.7722 2844.64 0)
(54.9362 204.088 0)
(174.674 2948.39 0)
(-266.83 2563.36 0)
(-78.5023 2844.24 0)
(-1470.16 2240.06 0)
(-43.1841 163.067 0)
(108.845 2781.78 0)
(140.014 498.294 0)
(51.4462 2698.43 0)
(-1218.42 2387.85 0)
(54.9257 272.159 0)
(-319.755 1782.1 0)
(31.5139 555.534 0)
(246.366 2582.96 0)
(-103.331 2105.91 0)
(-629.946 2317.35 0)
(-61.4804 2799.33 0)
(16.9273 212.976 0)
(1688.67 720.397 0)
(-2083.19 1233.66 0)
(2217.58 1143.88 0)
(199.415 2784.4 0)
(-1452.63 2309.12 0)
(162.941 2553.49 0)
(118.675 464.472 0)
(1329.95 2736.16 0)
(15.1537 170.617 0)
(-11.7783 208.117 0)
(1589.54 496.416 0)
(-563.304 2807.69 0)
(-708.196 1741.28 0)
(57.1868 218.858 0)
(134.419 1036.65 0)
(59.7991 1598.89 0)
(587.491 1974.19 0)
(569.649 2371.8 0)
(37.2242 651.322 0)
(-48.7085 2755.71 0)
(-1273.54 2347.32 0)
(-2366.37 988.804 0)
(-1780.54 2010.72 0)
(1180.21 2734.1 0)
(-78.1656 642.025 0)
(94.2664 2784.77 0)
(-1866.4 1914.04 0)
(-27.8723 2711.94 0)
(69.3412 283.655 0)
(684.993 2510.53 0)
(-437.165 2767.06 0)
(-76.4838 527.898 0)
(-533.196 2430.25 0)
(607.101 2802.64 0)
(-24.4602 2917.27 0)
(-16.7381 2827.26 0)
(-1324.39 2305.44 0)
(86.6861 2790.3 0)
(-42.5978 2782.68 0)
(-679.831 2813.55 0)
(-1026.39 1264.74 0)
(-1047.83 2259.25 0)
(-164.573 2730.36 0)
(-2396.59 1078.12 0)
(-2007.57 742.405 0)
(-81.4392 2796.44 0)
(-126.048 2870.82 0)
(-76.8022 2841.48 0)
(888.397 2769.84 0)
(-991.435 1912.69 0)
(-182.344 654.505 0)
(-1061.77 2787.9 0)
(527.574 2802.96 0)
(-389.805 2520.1 0)
(696.935 2788.84 0)
(30.0108 2691.99 0)
(-1668.68 2825.48 0)
(1295.66 2685.74 0)
(978.29 1931.43 0)
(-233.811 2816.76 0)
(1345.14 2726.82 0)
(-114.601 418.476 0)
(-14.4796 76.2936 0)
(-43.9772 764.827 0)
(256.561 2439.95 0)
(-832.889 2766.32 0)
(-126.829 2772.61 0)
(-2.36049 80.6186 0)
(-94.755 350.314 0)
(1322.3 1746.26 0)
(-709.058 2735.76 0)
(-69.022 2759.51 0)
(4.46931 2754.82 0)
(-71.94 636.669 0)
(321.091 2658.75 0)
(34.2162 171.989 0)
(1346.06 2680.92 0)
(-71.5852 1093.34 0)
(2176.72 986.051 0)
(-915.378 2761.06 0)
(-71.6394 538.567 0)
(17.0652 122.053 0)
(-905.041 2769.84 0)
(152.057 2772.46 0)
(168.012 2773.03 0)
(962.8 2795.93 0)
(-308.713 1828.43 0)
(-10.7429 710.704 0)
(-36.1193 2375.68 0)
(232.785 2727.02 0)
(-101.308 373.743 0)
(1883.07 1686.01 0)
(-713.811 2633.7 0)
(613.991 2248.1 0)
(1840.4 1751.22 0)
(-1454.32 2824.57 0)
(25.7297 306.649 0)
(438.37 2252.85 0)
(2258.58 1248.86 0)
(1454.43 2776.98 0)
(570.731 2347.63 0)
(-1121.81 2177.07 0)
(140.499 2782.95 0)
(-1116.17 2724.94 0)
(-2324.66 1222.41 0)
(55.2975 2354.92 0)
(-102.343 2749.78 0)
(-510.841 1659.4 0)
(-47.727 2660.41 0)
(136.481 687.553 0)
(-25.114 229.445 0)
(195.628 2885.33 0)
(34.4776 2779.95 0)
(1721.77 2656.82 0)
(-1834.67 2655.25 0)
(1848.94 2231.65 0)
(-2153.37 1272.8 0)
(2288.26 1681.16 0)
(-1931.07 2115.29 0)
(2537.83 1350.54 0)
(-957.296 2775.16 0)
(-1499.46 1048.83 0)
(-77.6746 2764.87 0)
(-1746.5 2473.37 0)
(297.69 2507.98 0)
(-383.013 2372.26 0)
(-928.227 2484.11 0)
(222.428 2563.6 0)
(-328.308 2504.11 0)
(-1642.7 2133.69 0)
(66.2259 1365.95 0)
(-449.547 2374.39 0)
(-1009.65 2275.81 0)
(-103.645 2790.63 0)
(-738.811 2622 0)
(175.34 2169.31 0)
(-2234.64 1311.6 0)
(-652.932 1793.9 0)
(75.0289 2671.86 0)
(-309.588 2606.01 0)
(-1745.18 1898.71 0)
(-531.075 2427.27 0)
(-103.571 2750.37 0)
(-254.546 1590.51 0)
(-603.343 2783.94 0)
(54.1746 2823.18 0)
(46.3826 233.329 0)
(606.549 2375.81 0)
(53.7581 2678.47 0)
(8.04035 104.743 0)
(121.284 472.795 0)
(161.341 2391.52 0)
(-622.287 2654.55 0)
(-87.8075 2782.18 0)
(-40.7036 210.836 0)
(-40.7118 2801.71 0)
(-1948.72 1592.47 0)
(6.3463 94.8928 0)
(44.9252 2754.82 0)
(58.9848 2757.56 0)
(-1275.5 2351.55 0)
(-21.3756 190.337 0)
(-161.216 2764.75 0)
(-129.294 2793.24 0)
(1167.08 2454.05 0)
(-16.9046 206.643 0)
(1830.87 914.527 0)
(17.4065 172.235 0)
(-35.9541 2708.53 0)
(-75.3099 287.28 0)
(98.5713 2731.06 0)
(2142.72 1501.52 0)
(39.8277 2606.12 0)
(-216.611 2638.17 0)
(58.6874 2750.9 0)
(8.44458 2736.53 0)
(-69.0862 2788.06 0)
(232.922 2816.78 0)
(1446.79 2018.44 0)
(-5.79463 2923.79 0)
(-111.612 559.23 0)
(202.91 907.814 0)
(2054.12 1557.56 0)
(-27.2335 124.283 0)
(-120.524 2770.86 0)
(-1270.64 2156.42 0)
(59.2496 2360.61 0)
(-44.0501 704.318 0)
(1976.71 620.129 0)
(-1073.92 1879.49 0)
(-152.645 2582.5 0)
(296.54 2887.16 0)
(1574.4 2135.14 0)
(-47.9149 218.221 0)
(-118.079 2761.24 0)
(-99.8485 518.574 0)
(144.024 507.817 0)
(-8.16872 1498.36 0)
(414.895 2174.54 0)
(1017.2 1945.25 0)
(-116.39 2398.49 0)
(-2061.66 893.087 0)
(-52.9806 2741.61 0)
(247.627 2573.04 0)
(-145.397 2773.77 0)
(-218.004 2572.18 0)
(-240.504 2583.76 0)
(-483.425 2925.32 0)
(-847.245 2808.88 0)
(-1345.62 2288.01 0)
(1339.64 2739.26 0)
(-1043.83 2575.03 0)
(1116.88 2495.28 0)
(-119.727 2893.73 0)
(56.438 672.919 0)
(-20.2869 2806.92 0)
(2255.05 876.279 0)
(-429.249 2491.54 0)
(-96.3866 515.864 0)
(-271.339 2617.28 0)
(67.239 2799.88 0)
(-990.497 2776.89 0)
(1981.06 1625.27 0)
(1469.29 2267.1 0)
(-385.599 1868.94 0)
(454.328 2863.52 0)
(280.202 2580.98 0)
(-92.0065 2780.09 0)
(-115.59 2759.47 0)
(-63.1811 2713.31 0)
(263.892 2600.78 0)
(-14.172 642.545 0)
(2152.94 1352.49 0)
(-26.2354 2758.45 0)
(-70.4897 2171.75 0)
(1.27676 2798.18 0)
(-77.7718 2765.41 0)
(-1495.34 1911.63 0)
(-25.1796 266.87 0)
(-20.0018 207.496 0)
(-62.8223 2950.46 0)
(-46.1068 400.067 0)
(-373.594 2532.3 0)
(72.1361 2396.15 0)
(-132.287 2772.65 0)
(0.165938 1217.42 0)
(261.614 2593.28 0)
(-11.9988 1312.3 0)
(511.607 1734.22 0)
(90.1306 838.551 0)
(134.433 2667.44 0)
(-71.4227 663.176 0)
(627.766 2343.27 0)
(48.6531 2800.1 0)
(-85.3989 2620.96 0)
(57.7845 2766.77 0)
(-157.735 2765.92 0)
(-15.3309 68.7164 0)
(-1624.42 1855.93 0)
(19.6515 2373.62 0)
(804.447 2835.74 0)
(-185.693 754.522 0)
(23.822 98.1631 0)
(-33.0915 2763.84 0)
(-154.335 2243.5 0)
(93.472 372.936 0)
(-895.998 2802.82 0)
(-1410.41 2816.66 0)
(-26.5001 103.273 0)
(-201.575 915.255 0)
(529.364 2548.12 0)
(-64.9854 247.466 0)
(-15.9608 2780.33 0)
(-354.004 2862.66 0)
(-272.324 2517.79 0)
(38.2512 2747.53 0)
(629.93 2383.23 0)
(-60.3364 2707.33 0)
(598.929 2770.04 0)
(-151.339 2819.06 0)
(-6.09804 1242.46 0)
(-5.19066 2715.53 0)
(35.2287 1523.92 0)
(-12.4401 87.3464 0)
(1087.73 1025.41 0)
(-1061.72 2626.46 0)
(-31.8392 2836.67 0)
(233.806 2590.02 0)
(-1015.05 2570.22 0)
(-450.769 2917.43 0)
(-97.5657 2801.69 0)
(-358.244 2844.88 0)
(-133.883 526.658 0)
(747.238 1606.56 0)
(279.172 2867.76 0)
(-55.2391 2751.49 0)
(1177.01 1785.65 0)
(-47.1907 2576.29 0)
(-35.0552 2645.76 0)
(-765.158 2529.89 0)
(-36.2456 2802.28 0)
(8.19383 352.155 0)
(433.509 2481.08 0)
(-1666.54 1368.79 0)
(-107.564 2676.08 0)
(1174.04 2832.21 0)
(607.254 2344.75 0)
(-45.5299 2817.18 0)
(11.4274 166.846 0)
(418.255 1667.59 0)
(-114.138 2896.01 0)
(-41.7084 173.435 0)
(-450.721 2814.44 0)
(141.15 2662.24 0)
(-38.7547 2654.97 0)
(-271.048 2617.06 0)
(1160.27 1725.24 0)
(360.612 2863.21 0)
(-101.323 2750.25 0)
(-12.1357 77.8425 0)
(-22.8183 192.664 0)
(-1315.26 2853.84 0)
(-45.5165 2746.39 0)
(2040.67 1383.07 0)
(-1303.32 2152.86 0)
(-810.575 2142.52 0)
(170.397 618.986 0)
(5.87899 215.39 0)
(-26.485 126.127 0)
(-489.632 2441.24 0)
(71.6068 758.719 0)
(417.132 2145.94 0)
(53.2875 536.694 0)
(54.775 316.726 0)
(459.919 117.517 0)
(-9.69563 2607.41 0)
(-23.1243 88.0358 0)
(1410.16 2783.96 0)
(255.407 2816.29 0)
(-39.4804 286.882 0)
(592.309 2328.59 0)
(76.3665 2789.77 0)
(-199.002 2605.44 0)
(-84.2878 2759.03 0)
(-40.4646 429.166 0)
(-240.136 2625.27 0)
(-107.694 570.498 0)
(1153.69 2680.95 0)
(-665.691 2845.54 0)
(-189.814 2713.21 0)
(-1259.98 2334.9 0)
(-32.5376 491.787 0)
(-370.827 2852.67 0)
(-1940.89 1403.44 0)
(1130.74 2070.79 0)
(1349.1 2779.1 0)
(-86.1233 2683.2 0)
(325.778 2864.04 0)
(908.399 2539.15 0)
(-55.3098 2330.72 0)
(-461.948 2891.15 0)
(-95.0435 494.857 0)
(-81.4172 306.162 0)
(-180.308 2736.17 0)
(86.1769 2631.81 0)
(917.595 2849.41 0)
(79.2335 2716.1 0)
(-765.681 1795.67 0)
(-211.401 2623.82 0)
(-392.104 2520.16 0)
(-16.5102 99.9786 0)
(1084.11 2493.35 0)
(798.774 1826.05 0)
(194.628 2716.44 0)
(642.662 2385.8 0)
(-193.996 2635.44 0)
(36.9957 175.653 0)
(-34.0203 2836.07 0)
(6.51829 339.454 0)
(500.983 1707.73 0)
(998.33 2753.19 0)
(101.692 2291.59 0)
(-34.1684 2762.6 0)
(2137.06 1687.47 0)
(22.9066 308.531 0)
(-69.6748 2802.63 0)
(1219.74 2814.42 0)
(273.302 2569.82 0)
(-52.5154 2709.07 0)
(-24.5384 203.848 0)
(-426.579 2821.45 0)
(-66.0087 2743.17 0)
(605.016 1770.58 0)
(-102.788 2796.81 0)
(1846.41 1607.75 0)
(269.678 2534.87 0)
(-129.727 2774.55 0)
(-23.0937 2724.96 0)
(52.8178 668.125 0)
(-1760.86 2319.91 0)
(111.618 516.635 0)
(-712.479 2518.66 0)
(2326.34 982.698 0)
(-71.4292 524.371 0)
(408.093 2400.52 0)
(69.2919 2696.83 0)
(-50.6492 200.861 0)
(-225.138 2805.58 0)
(-6.49481 373.51 0)
(992.797 2801.29 0)
(0.49268 84.4657 0)
(79.2161 2729.54 0)
(-1827.08 1631.7 0)
(-1163.95 1727.84 0)
(-405.303 2808.88 0)
(130.526 674.004 0)
(-1084.96 1914.99 0)
(-410.179 2748.12 0)
(-1602.32 2612.42 0)
(-41.7402 398.783 0)
(-26.3096 2527.01 0)
(69.1223 2605.75 0)
(-165.398 2884.34 0)
(29.3159 2753.62 0)
(-7.35178 2766.52 0)
(-102.794 2785.62 0)
(-350.425 2540.63 0)
(2076.95 1341.92 0)
(957.193 2814.39 0)
(-1529.87 2239.28 0)
(-592.416 2794.18 0)
(-1497.21 3070.14 0)
(18.6928 2594.66 0)
(155.406 2535.65 0)
(5.48869 209.887 0)
(48.4068 713.847 0)
(783.866 2696.03 0)
(-644.096 2540.6 0)
(-22.7162 153.955 0)
(54.1045 2756.13 0)
(244.446 2612.51 0)
(324.634 2597.06 0)
(205.371 2870.61 0)
(-162.057 2873.27 0)
(-1895.13 1613.62 0)
(-29.9636 2272.01 0)
(11.3184 217.398 0)
(-334.898 2975.71 0)
(-869.017 2856.15 0)
(52.6395 489.673 0)
(-942.087 2777.2 0)
(72.6049 2688.81 0)
(2544.72 1039.88 0)
(2243.66 1569.34 0)
(157.978 2769.54 0)
(-525.341 2887.69 0)
(253.815 2789.55 0)
(1539.01 1801.81 0)
(-174.066 672.014 0)
(-953.818 2792.23 0)
(-161.212 691.878 0)
(286.304 2561 0)
(-242.919 2638.43 0)
(879.096 2109.06 0)
(-23.1568 2799.16 0)
(616.946 2375.74 0)
(10.4443 2687.09 0)
(756.655 2813.56 0)
(-1410.29 3149.6 0)
(-16.5343 77.36 0)
(20.3991 110.173 0)
(1644.03 2063.18 0)
(-51.7196 2435.19 0)
(5.40598 344.191 0)
(-2014.65 1033.48 0)
(22.3828 112.655 0)
(1074.81 2504.4 0)
(844.432 2034.14 0)
(224.526 2344.41 0)
(1268.27 2693.97 0)
(-35.1394 177.816 0)
(44.7693 2739.79 0)
(-15.4318 101.625 0)
(139.915 2791.9 0)
(89.2726 2787.63 0)
(-31.252 520.619 0)
(-15.3512 264.327 0)
(-734.114 2704.02 0)
(-1013.55 2569.64 0)
(38.0755 642.845 0)
(-383.388 2465.01 0)
(-637.371 2893.68 0)
(-64.9115 2764.46 0)
(18.8805 123.467 0)
(21.6035 116.907 0)
(-39.3131 2754.94 0)
(-1559.01 2741 0)
(1055.13 1766.71 0)
(421.975 2852.4 0)
(-55.2677 434.019 0)
(291.633 2543.57 0)
(-1966.82 1069.5 0)
(1815.38 1992.62 0)
(-311.049 2587.28 0)
(32.0004 176.542 0)
(-174.272 2713.29 0)
(2299.25 1269.94 0)
(-14.4358 90.141 0)
(-156.519 2764.81 0)
(228.376 2775.29 0)
(1088.08 2722.21 0)
(-272.982 2600.98 0)
(8.64606 2735.18 0)
(968.916 2072.5 0)
(71.8315 2762.1 0)
(-116.771 2805.7 0)
(-2074.85 1084.59 0)
(1055.55 1957.14 0)
(46.6064 2758.59 0)
(164.972 2765.02 0)
(57.1801 749.608 0)
(-679.145 2301.38 0)
(-1438.6 2202.72 0)
(-216.012 2809.36 0)
(-390.914 2465.04 0)
(1557.54 1697.29 0)
(71.1392 2758.53 0)
(-1979.49 1376.39 0)
(21.6734 90.7163 0)
(-1491 2688.01 0)
(-206.7 1031.78 0)
(227.535 2578.22 0)
(-1033.67 2573.84 0)
(1886.39 1551.29 0)
(831.609 2625.71 0)
(36.9191 172.79 0)
(-2074.88 758.19 0)
(69.6522 2831.29 0)
(-358.735 2882.54 0)
(-63.0955 2707.15 0)
(-384.103 2539.39 0)
(139.457 2791.91 0)
(-915.2 1923.29 0)
(828.475 2279.41 0)
(-1944.32 1514.87 0)
(106.557 2783.45 0)
(-14.978 2777.03 0)
(-724.482 2735.61 0)
(90.5731 2802.39 0)
(-565.172 1968.26 0)
(-12.1517 2824.91 0)
(15.824 168.103 0)
(-171.453 2719.23 0)
(1226.63 2786.24 0)
(81.1197 2695.61 0)
(-105.022 493.513 0)
(-302.064 2609.74 0)
(-1668.79 2104.61 0)
(-1078.37 1819.22 0)
(45.6961 174.776 0)
(231.204 2635.72 0)
(52.9992 529.679 0)
(111.041 713.865 0)
(0.375411 1188.56 0)
(-23.9099 2827.37 0)
(-382.335 1855.61 0)
(-0.822203 2377.45 0)
(-1477.8 926.087 0)
(-185.943 2613.18 0)
(-1098.41 2775.65 0)
(21.3105 127.157 0)
(2161.85 1307.37 0)
(33.4488 182.214 0)
(-198.342 2629.84 0)
(-65.3652 1922.54 0)
(6.06893 1084.14 0)
(-282.443 2946.88 0)
(-193.957 925.453 0)
(999.794 2497.12 0)
(89.4167 2673.47 0)
(242.731 2236.98 0)
(299.917 2417.18 0)
(993.871 2837.88 0)
(2265.44 1255.83 0)
(-865.605 2505.34 0)
(-1503.03 1748.6 0)
(-42.6651 2714.63 0)
(1043.39 2750.28 0)
(18.3272 2762.45 0)
(-425.791 2496.52 0)
(-299.409 2830.44 0)
(-198.738 2645.59 0)
(-1166.09 2766.11 0)
(-262.199 2824.12 0)
(-2292.83 1455.88 0)
(-24.5133 93.0964 0)
(-1386.32 2789.25 0)
(-22.6256 2799.7 0)
(-371.231 2773.48 0)
(82.4086 509.62 0)
(157.281 2779.56 0)
(-24.7595 2755.78 0)
(-387.766 2471.82 0)
(2272.79 1317.5 0)
(1209.85 2260.4 0)
(-1806.62 1835.65 0)
(263.502 978.866 0)
(1625.05 2881.83 0)
(13.588 146.395 0)
(-1896.68 1703.29 0)
(-1408.78 2886.13 0)
(-155.662 2660.71 0)
(-747.468 2737.96 0)
(-12.6279 2759.12 0)
(-26.1549 297.62 0)
(127.876 2492.79 0)
(-8.46554 1353.02 0)
(-389.44 2838.06 0)
(145.316 2659.44 0)
(-93.8555 2124.43 0)
(-67.8681 2359.21 0)
(-222.895 2519.36 0)
(69.3247 2792.9 0)
(25.2561 139.894 0)
(-1894.15 1477.74 0)
(1146.19 2690.99 0)
(69.8218 458.822 0)
(941.223 2809.04 0)
(-1249.54 2383.65 0)
(204.61 2736.53 0)
(-2018.69 1479.28 0)
(38.8509 682.695 0)
(2140.57 1909.78 0)
(26.1147 2832.43 0)
(72.5132 2981.96 0)
(757.207 1929.58 0)
(-1814.87 2360.59 0)
(21.0565 92.4218 0)
(1052.85 2723.79 0)
(-533.381 1712.25 0)
(-1.92572 77.4456 0)
(96.5471 2672.18 0)
(921.809 2789.64 0)
(1278.54 2138.93 0)
(277.291 2354.37 0)
(-66.2351 2942.16 0)
(340.098 2361.69 0)
(-50.2189 701.005 0)
(170.83 2641.88 0)
(6.18597 491.992 0)
(-248.09 2820.26 0)
(1699.62 2656.02 0)
(59.6484 2448.65 0)
(-183.899 745.923 0)
(2119.86 1454.92 0)
(2279.43 1070.8 0)
(13.4258 136.035 0)
(-1218.68 2384.58 0)
(-594.655 2738.31 0)
(-1442.41 2920.76 0)
(1185.68 2703.47 0)
(100.255 2800.22 0)
(407.111 2927.07 0)
(59.1619 2707.88 0)
(-80.5913 2334.13 0)
(959.674 2831.91 0)
(1514.51 2249.32 0)
(-33.111 163.033 0)
(551.322 2355.47 0)
(-359.725 2544.37 0)
(-186.863 2724.37 0)
(-199.39 2747.96 0)
(354.396 2285.8 0)
(10.7268 2738.91 0)
(-2068.03 1044.34 0)
(345.417 2545.26 0)
(-18.1873 83.4465 0)
(84.3073 2785.17 0)
(1429.2 1652.5 0)
(-78.8245 2809.36 0)
(-89.1676 1034.17 0)
(54.8875 709.86 0)
(436.211 2331.89 0)
(-428.568 2494.44 0)
(-2102.31 1065.1 0)
(616.717 2346.85 0)
(-160.923 2625.45 0)
(-101.223 2691.06 0)
(51.8104 2842.83 0)
(-1101.78 2723.77 0)
(-115.248 556.044 0)
(-1086.74 2163.12 0)
(733.209 2220.01 0)
(-1937.25 737.618 0)
(-346.559 2819.86 0)
(2359.54 1022.55 0)
(2421.56 963.968 0)
(-12.3204 2796.19 0)
(1227.29 2713.42 0)
(138.8 557.853 0)
(7.80858 190.271 0)
(-22.1361 2783.56 0)
(784.24 2820.91 0)
(-2344.96 1201.73 0)
(-1111.97 2723.7 0)
(77.0958 2648.36 0)
(-6.74623 2735.82 0)
(-740.573 2591.66 0)
(-40.6741 464.756 0)
(69.6187 2831.66 0)
(1103.92 2056.28 0)
(-323.921 2355.01 0)
(466.097 2434.28 0)
(1820.35 2367.01 0)
(-1032.28 2794.11 0)
(18.101 125.603 0)
(2102.87 696.74 0)
(-18.3149 2911.41 0)
(-926.473 2823.28 0)
(-1777.42 2158.84 0)
(1.32188 2763.29 0)
(-178.707 2748.8 0)
(183.252 2792.11 0)
(87.1871 2803.5 0)
(2405.88 1618.43 0)
(-955.905 2796.34 0)
(-1723.29 2763.12 0)
(2264.23 922.615 0)
(2412.3 1044.38 0)
(1128.4 2510.96 0)
(44.4905 2643.57 0)
(1584.93 2590.54 0)
(2545.12 1018.74 0)
(10.197 420.678 0)
(1848.83 1991.36 0)
(49.4935 2644.11 0)
(-932.281 1787.1 0)
(102.523 2440.48 0)
(1547.07 2727.77 0)
(592.08 2287.83 0)
(-278.523 2600.65 0)
(793.119 2828.87 0)
(496.507 2820.93 0)
(1744.06 2092.35 0)
(-202.835 2787.46 0)
(8.98096 347.401 0)
(-1071.76 2667.57 0)
(16.6697 215.395 0)
(186.203 643.739 0)
(-42.0127 2501.46 0)
(-687.587 2550.2 0)
(12.4272 128.384 0)
(-977.87 1906.94 0)
(902.201 2435.53 0)
(-48.5281 203.977 0)
(125.929 608.259 0)
(1096.38 2728.52 0)
(-167.032 1048.28 0)
(20.269 270.161 0)
(97.4016 2558.28 0)
(-1468.34 2682.56 0)
(936.038 2346.27 0)
(284.683 2538.39 0)
(-1.8425 88.1526 0)
(34.1485 2783.19 0)
(-975.439 2807.94 0)
(-2266.61 1170.51 0)
(939.077 1807.19 0)
(-478.179 2764.46 0)
(-290.845 2828.13 0)
(-174.313 2652.68 0)
(-1342.92 2178.26 0)
(-524.572 2886.05 0)
(83.6101 2776.65 0)
(-6.41947 79.3257 0)
(-1587.71 2092.84 0)
(-1893.79 1970.65 0)
(223.688 2698.13 0)
(69.3314 2826.48 0)
(7.43549 95.7135 0)
(-542.026 2733.04 0)
(-93.6219 354.569 0)
(-58.9002 2778.21 0)
(12.7532 2761.4 0)
(1449.63 2280.63 0)
(-240.264 2620.99 0)
(-7.38629 1852.07 0)
(-994.861 2710.46 0)
(1459.62 1610.82 0)
(-2090.2 1335.07 0)
(-38.5096 291.019 0)
(154.431 2732.98 0)
(344.717 2850.35 0)
(-708.767 2890.08 0)
(-167.409 2812.83 0)
(25.1104 142.192 0)
(2459.76 960.948 0)
(151.011 2964.15 0)
(-33.0056 165.838 0)
(-186.19 2903.62 0)
(-233.64 2423.85 0)
(101.592 2318.89 0)
(-6.73961 2589.33 0)
(-22.2772 85.5982 0)
(214.308 2813.41 0)
(-1865.92 1727.14 0)
(-187.062 2635.2 0)
(-427.48 2824.98 0)
(1561.2 2688.98 0)
(-243.269 2642.33 0)
(-209.585 2743.55 0)
(-11.1476 76.8561 0)
(-43.0762 170.417 0)
(-30.5888 2751.02 0)
(554.602 2358.24 0)
(-1686.91 2496.46 0)
(15.4972 2761.43 0)
(-1476.68 2283.39 0)
(576.763 2611.01 0)
(-649.674 2895.97 0)
(1040.49 1973.52 0)
(-17.0687 268 0)
(-1346.61 2246.36 0)
(-21.0907 84.658 0)
(651.924 2815.37 0)
(479.17 2669.87 0)
(-24.1345 84.7713 0)
(-749.772 2218.65 0)
(1735.74 2244.35 0)
(-237.156 2620.86 0)
(353.467 2865.3 0)
(168.037 2733.13 0)
(-66.7544 2766.34 0)
(-329.47 2568.94 0)
(-180.515 1051.82 0)
(-650.517 2487.22 0)
(2048.46 1310.52 0)
(1661.4 2107.64 0)
(332.217 2875.96 0)
(-116.249 2412.61 0)
(148.266 2783.5 0)
(-132.365 662.749 0)
(451.728 2698.75 0)
(-1480.83 2914.79 0)
(524.203 2688.66 0)
(-312.138 2894.4 0)
(443.445 2219.52 0)
(-516.47 2751.7 0)
(-35.15 204.438 0)
(105.063 2797.84 0)
(-1439.48 2805.5 0)
(1501.86 2760.11 0)
(2124.08 1340.69 0)
(-1532.54 2846.68 0)
(-1294.63 3183.02 0)
(91.8217 2683.88 0)
(-675.227 2326.73 0)
(-217.709 2613.41 0)
(327.48 2863.24 0)
(-11.8827 199.76 0)
(-1477.12 1797.35 0)
(46.4879 236.868 0)
(1152.48 2704.57 0)
(360.281 2873.18 0)
(-330.103 2399.65 0)
(2027.58 1239.24 0)
(85.9163 2276.51 0)
(-21.9815 2808.97 0)
(1649.03 2464.93 0)
(150.343 2349.7 0)
(2173.85 918.062 0)
(-53.7611 2620.39 0)
(772.733 2846.36 0)
(-948.874 2818.21 0)
(168.144 2351.26 0)
(221.426 2608.25 0)
(2245.53 1756.71 0)
(218.511 2692.3 0)
(154.648 2753.17 0)
(1546.48 2863.96 0)
(-12.528 2730.51 0)
(220.692 2687.12 0)
(-695.817 2736.6 0)
(1336.47 2763.62 0)
(-1544.75 2155.46 0)
(-221.785 2717.25 0)
(-761.157 2510.68 0)
(-662.636 2683.61 0)
(532.897 2903.94 0)
(-109.286 2803.88 0)
(85.5329 2749.99 0)
(16.7139 311.995 0)
(-42.7246 250.564 0)
(1019.79 1872.27 0)
(-665.331 1762.02 0)
(-461.746 2051.17 0)
(35.9743 1065.49 0)
(-236.942 2536.18 0)
(-690.971 2745.91 0)
(246.228 2766.12 0)
(10.4614 129.227 0)
(-1103.6 1733.01 0)
(-15.2786 715.777 0)
(-82.9715 2223 0)
(1190.12 2804.03 0)
(1034.88 1932.84 0)
(-206.982 2619.2 0)
(-133.82 486.089 0)
(-170.88 2275.48 0)
(59.0831 223.812 0)
(-643.433 2764.03 0)
(-69.0157 2698.43 0)
(549.408 2817.64 0)
(8.48913 2592.53 0)
(-756.678 2813.59 0)
(-17.2875 288.347 0)
(1474.77 1851.07 0)
(108.545 2773.71 0)
(-1474.46 2208.28 0)
(114.451 593.049 0)
(858.48 2852.38 0)
(4.47204 75.4176 0)
(989.766 2055.42 0)
(96.0681 2804.53 0)
(552.07 2814.8 0)
(-370.602 2854.75 0)
(74.2003 443.079 0)
(220.253 2437.24 0)
(668.527 2703.36 0)
(-2132.5 1985.97 0)
(-2344.84 1210.41 0)
(-85.1811 2788.05 0)
(-1516.7 1927.27 0)
(285.045 2561.36 0)
(74.2367 449.369 0)
(-92.2301 2802.3 0)
(624.987 2748.13 0)
(-686.29 2710.09 0)
(1563.14 2431.28 0)
(-15.6809 2848.99 0)
(-1720.05 676.445 0)
(26.7421 1319.66 0)
(-29.8671 262.291 0)
(251.891 2630.67 0)
(1044.26 2557.15 0)
(917.54 2417.94 0)
(259.173 2593.36 0)
(-165.844 2972.13 0)
(17.6097 1483.96 0)
(-506.356 2455.9 0)
(-433.937 2926.61 0)
(-3.60509 2736.29 0)
(-109.843 2785.27 0)
(68.9909 2814.84 0)
(-10.1431 2753.13 0)
(224.704 2692.64 0)
(221.433 3000.67 0)
(-61.5539 300.169 0)
(1338.99 2631.02 0)
(766.184 2594.91 0)
(-164.151 597.401 0)
(1000.88 2033.84 0)
(-210.33 2723.96 0)
(2281.99 1140.74 0)
(-1673.52 2580.82 0)
(79.5209 2813.95 0)
(11.101 150.052 0)
(-842.96 2882.84 0)
(191.932 2315.74 0)
(-1196.4 2747.3 0)
(-681.22 2708.62 0)
(-69.6658 354.114 0)
(-75.7926 2666.19 0)
(-403.517 2836.45 0)
(-761.799 2530.98 0)
(1228.83 2532.2 0)
(86.7133 2638.39 0)
(-899.007 2531.73 0)
(562.572 1745.06 0)
(-48.9704 2751.79 0)
(3.04349 164.422 0)
(1257.08 2759.58 0)
(-59.2265 1085.49 0)
(47.2802 569.46 0)
(1048.34 2714.17 0)
(-155.036 2650.17 0)
(74.5202 2790.5 0)
(3.80762 204.801 0)
(-199.041 2786.32 0)
(-177.587 2629.98 0)
(-77.0656 2712.53 0)
(-1477.95 3060.27 0)
(-102.33 2672 0)
(644.349 2869.85 0)
(38.5145 2829.45 0)
(19.871 99.0418 0)
(2081.32 1326.91 0)
(442.202 2642.77 0)
(-319.527 2598.8 0)
(5.90204 71.0683 0)
(257.949 1002.41 0)
(-24.8839 87.2138 0)
(-691.589 2270.91 0)
(-8.91371 160.389 0)
(16.6356 2770.78 0)
(-116.868 850.532 0)
(-56.9345 2822.08 0)
(-81.0367 2756.09 0)
(1632.34 2700.19 0)
(88.3153 2739.59 0)
(-132.924 491.989 0)
(497.177 2554.44 0)
(-67.9884 2920.75 0)
(-1498.9 2645.75 0)
(2260 1327.21 0)
(970.162 2393.86 0)
(-944.248 2740.05 0)
(1584.75 1679.06 0)
(-70.4389 2793.44 0)
(442.485 2599.58 0)
(23.1937 99.5304 0)
(1082.13 2695.48 0)
(60.9298 2804.59 0)
(536.543 2580.51 0)
(-1681.51 2479.28 0)
(1518.7 2241.94 0)
(191.009 2929.81 0)
(-227.228 2722.5 0)
(-95.8069 2853.37 0)
(-986.163 2692.17 0)
(-29.7004 255.568 0)
(82.1644 2789.15 0)
(1550.53 717.009 0)
(-162.333 620.186 0)
(69.897 2806.68 0)
(995.595 2864.32 0)
(-2142.87 1166.49 0)
(-1170.01 2775.67 0)
(590.311 1987.06 0)
(-192.467 886.414 0)
(-94.4032 488.187 0)
(-1524.49 2160.64 0)
(117.012 2769.35 0)
(-1304.63 2799.64 0)
(577.392 2410.73 0)
(605.084 2305.11 0)
(-117.642 2779 0)
(166.328 2576.74 0)
(77.2611 2763.03 0)
(-963.09 2746.83 0)
(0.659048 2493.6 0)
(-142.354 725.122 0)
(1097.97 2534.12 0)
(11.9797 134.676 0)
(1062.97 2736.06 0)
(78.6216 2766.38 0)
(612.998 2352.05 0)
(1807.24 2025.05 0)
(129.55 2787.4 0)
(-34.5298 2769.62 0)
(-112.847 2786.73 0)
(-1628.42 2653.42 0)
(232.677 2689.3 0)
(1722.71 731.007 0)
(-311.196 2883.12 0)
(299.419 2857.17 0)
(721.574 1725.38 0)
(-736.834 2196.33 0)
(-24.8615 148.879 0)
(14.1087 2733.9 0)
(26.7802 2363.53 0)
(452.742 2715.03 0)
(-9.74207 2669.16 0)
(-39.6268 859.625 0)
(-12.5985 90.2646 0)
(-224.251 2531.41 0)
(-122.995 2780.9 0)
(-252.001 2593.21 0)
(31.8355 173.714 0)
(-183.745 2656.51 0)
(-1821.93 2044.85 0)
(107.509 370.13 0)
(72.0962 2831.83 0)
(-116.56 2760.85 0)
(1156.37 2690.08 0)
(20.9268 114.131 0)
(-40.174 1261.4 0)
(-1428.98 1732.9 0)
(1068.59 2344.81 0)
(287.895 2239.43 0)
(-457.904 2371.44 0)
(-47.4463 731.563 0)
(-369.455 2957.68 0)
(-135.771 720.46 0)
(80.9209 2810.24 0)
(-2065.65 1511.67 0)
(-532.653 2314.73 0)
(1419.87 1627.26 0)
(259.009 2712.81 0)
(1456.39 2025.79 0)
(975.465 2880.95 0)
(-34.2397 2762.63 0)
(172.996 2642.2 0)
(-28.2039 233.904 0)
(463.531 2576.81 0)
(2092.01 1778.78 0)
(67.4495 2758.44 0)
(-1077.12 2722.58 0)
(-862.581 2827.04 0)
(-117.159 2779.12 0)
(-550.945 2908.48 0)
(-317.926 2812.96 0)
(-402.408 2951.23 0)
(21.5238 100.069 0)
(-53.0644 203.993 0)
(1295.73 2848.94 0)
(-1835.2 1961.7 0)
(822.881 2772.35 0)
(-227.963 2622.93 0)
(-807.146 2865.94 0)
(1996.17 1630.31 0)
(1087.43 2702.3 0)
(-1526.71 2836.06 0)
(-180.824 2733.3 0)
(735.008 2223.75 0)
(-165.692 808.355 0)
(29.3954 2688.81 0)
(-323.274 2583.05 0)
(1600.27 2604.54 0)
(470.03 2749.54 0)
(-1510.64 1581.31 0)
(521.434 2552.49 0)
(-32.9255 2771.43 0)
(-83.9132 666.34 0)
(1045.75 2677.87 0)
(91.3197 495.684 0)
(469.808 2803.88 0)
(-37.9312 196.756 0)
(-83.8151 2806.34 0)
(312.048 1603 0)
(-330.313 2823.84 0)
(17.3287 2740.07 0)
(1291.79 2198.48 0)
(-283.768 2582.91 0)
(46.0137 206.826 0)
(1003.9 2714.75 0)
(124.162 591.692 0)
(561.617 2605.21 0)
(-46.2873 241.239 0)
(-168.651 1207.11 0)
(-60.0397 303.896 0)
(-859.56 1781.1 0)
(-1823.49 979.1 0)
(-640.026 332.247 0)
(-1691.01 1934.62 0)
(49.2635 2727.28 0)
(1618.72 2146.08 0)
(1572.4 2482.21 0)
(114.053 2635.7 0)
(-233.892 901.997 0)
(-69.6284 359.218 0)
(20.6097 2673.47 0)
(-485.236 2473.54 0)
(-19.7402 2733.21 0)
(-411.508 2859.4 0)
(-1526.53 2926.69 0)
(-1.65918 2806.77 0)
(1153.37 2699.46 0)
(1628.52 2193.3 0)
(-477.407 2754.16 0)
(-48.7243 721.285 0)
(-80.5281 2776.66 0)
(1120.5 2731.15 0)
(1383.55 2793.93 0)
(-228.397 2517.29 0)
(2094.62 1418.71 0)
(11.8545 144.961 0)
(-17.4066 2802.03 0)
(-29.7061 2703.99 0)
(-98.4282 2819.98 0)
(-2159.25 1220.23 0)
(119.191 437.426 0)
(-51.8675 264.37 0)
(2154.01 1211.72 0)
(-46.5976 2715.84 0)
(2221.37 1323.87 0)
(-1354.55 2138.08 0)
(86.5207 2765.41 0)
(-1677.13 1885.41 0)
(2006.82 1568.5 0)
(59.0586 2712.48 0)
(-2196.28 1201.27 0)
(59.6643 2712.81 0)
(-967.846 2686.26 0)
(22.9747 123.865 0)
(432.711 2574.71 0)
(1134.31 2701.76 0)
(57.4776 2680.85 0)
(-24.543 2727.56 0)
(-380.994 2729.04 0)
(1.89802 471.658 0)
(25.1723 2701.86 0)
(-121.865 2754.79 0)
(2.46636 106.659 0)
(-72.9427 2791.16 0)
(99.2672 425.235 0)
(251.893 2766.32 0)
(-72.6215 611.949 0)
(-143.201 541.223 0)
(2.29889 167.225 0)
(-2254.31 1179.83 0)
(301.652 2943.66 0)
(-357.549 1610.08 0)
(497.481 1731.08 0)
(914.791 1687.29 0)
(-314.525 2564.8 0)
(-1462.32 2290.89 0)
(9.21057 548.292 0)
(108.85 2800.12 0)
(6.41976 2733.29 0)
(-272.655 2946.43 0)
(-79.9729 2846.05 0)
(-14.0147 2908.13 0)
(1531.34 2888.72 0)
(-123.69 2781.88 0)
(3.03669 207.791 0)
(314.187 2349.11 0)
(-931.176 2818.56 0)
(952.239 2575.66 0)
(-1168.66 2762.27 0)
(716.197 2911.64 0)
(-104.287 2787.23 0)
(-511.847 2812.14 0)
(-1093.32 2495.19 0)
(-202.368 2717.71 0)
(-145.499 666.673 0)
(-47.0109 2731.31 0)
(108.892 372.62 0)
(1287.01 2756.97 0)
(-33.318 174.127 0)
(-464.959 2056.18 0)
(-60.7598 225.555 0)
(1385.29 1968.78 0)
(3.65603 465.667 0)
(-675.834 2661.43 0)
(888.494 2803.52 0)
(-1764.2 2367.37 0)
(83.5898 2183.39 0)
(-967.29 1803.49 0)
(-82.4759 409.71 0)
(-2083.75 1301.8 0)
(-864.639 2871.53 0)
(-1716.69 2042.59 0)
(-866.047 1797.52 0)
(85.0168 791.376 0)
(2.20093 2775.84 0)
(0.705429 2841.44 0)
(-1383.94 2335.4 0)
(440.587 2596.24 0)
(-1.1459 75.4311 0)
(-2258.16 1265.26 0)
(-79.1797 2814.47 0)
(-337.138 2550.84 0)
(-638.02 2482.67 0)
(495.473 2606.61 0)
(-43.6337 910.375 0)
(2032.36 1563.84 0)
(18.9642 458.298 0)
(-2.30158 2824.91 0)
(951.985 2088.36 0)
(-76.3505 2917.83 0)
(-234.94 2619.89 0)
(2033.21 1973.47 0)
(-83.5796 2859.01 0)
(951.549 1785.61 0)
(738.988 2638.45 0)
(-144.614 518.152 0)
(207.533 2524.2 0)
(-72.8537 2780.07 0)
(-27.4655 2750.21 0)
(-1813.04 2474.93 0)
(147.926 734.347 0)
(-768.467 2244.95 0)
(-218.899 796.943 0)
(1805.15 1926.2 0)
(-623.248 2496.48 0)
(-608.688 2298.09 0)
(1690.33 2654.36 0)
(143.039 2789.21 0)
(-214.001 2877.3 0)
(-1546.46 2839.91 0)
(-176.417 2717.21 0)
(1251.66 2751.31 0)
(1081.18 2536.51 0)
(270.031 2091.16 0)
(45.1793 2685.57 0)
(2053.65 912.237 0)
(-138.744 2671.17 0)
(20.679 2407.69 0)
(-7.63509 196.472 0)
(-223.997 2626.33 0)
(509.927 2406.41 0)
(-124.961 2452.09 0)
(-1149.1 2762.16 0)
(2313.73 1745.22 0)
(589.186 2602.96 0)
(-30.0051 2765.41 0)
(-102.724 2871.05 0)
(-135.959 668.744 0)
(3.07044 188.849 0)
(24.89 2488.77 0)
(352.27 2777.5 0)
(617.601 2141.16 0)
(219.696 1560.72 0)
(-58.3301 2589.84 0)
(-704.917 2779.9 0)
(5.66178 148.778 0)
(-173.687 2718.6 0)
(101.93 2460.26 0)
(-35.9916 2802.06 0)
(2280.31 1111.25 0)
(-162.226 2624.45 0)
(-906.961 2846.2 0)
(-658.895 1999.39 0)
(-156.919 2478.59 0)
(1643.98 2154.48 0)
(1461.27 2598.81 0)
(-2175.03 809.733 0)
(-67.16 2775.82 0)
(-41.6041 2830.73 0)
(1416.48 2337.59 0)
(63.0704 2789.26 0)
(268.35 2907.78 0)
(150.723 2392.73 0)
(3.77431 256.655 0)
(-885.997 2442.58 0)
(-2328.48 941.035 0)
(-1950.07 1847.27 0)
(-239.802 2819.29 0)
(-506.813 2456.32 0)
(-281.481 2864.22 0)
(-160.604 2624.39 0)
(-109.253 2786.88 0)
(2044.3 1426.3 0)
(-174.237 693.603 0)
(-1284.53 2955.18 0)
(828.563 2672.8 0)
(-32.2681 397.537 0)
(-250.655 2471.71 0)
(136.901 2655.43 0)
(228.879 1581.34 0)
(-1309.11 2369.14 0)
(-1547.92 1964.03 0)
(1060.73 2806.14 0)
(-76.9991 2877.15 0)
(20.2961 208.038 0)
(-168.573 2695.14 0)
(-104.51 700.089 0)
(-902.082 1794.44 0)
(77.1688 2832.13 0)
(-1417.33 2982.13 0)
(850.721 2253.32 0)
(-53.7194 738.702 0)
(-864.922 2186.28 0)
(1048.96 2729.56 0)
(885.855 2858.8 0)
(1100.86 2436.38 0)
(1353.04 2679.69 0)
(8.1359 102.987 0)
(105.297 2798.64 0)
(10.3985 67.995 0)
(-593.781 2738.99 0)
(95.3935 2904.72 0)
(-1234.56 1590.73 0)
(-162.993 702.018 0)
(732.816 2224.48 0)
(51.1389 2821.57 0)
(-1490.73 2699.43 0)
(-85.4009 2499.06 0)
(-1434.59 2194.52 0)
(45.1693 2711.3 0)
(1589.17 1717.86 0)
(608.53 2974.4 0)
(69.8367 452.452 0)
(2190.28 1403.07 0)
(1005.81 2037.77 0)
(910.479 2031.07 0)
(-100.209 2793.44 0)
(370.871 2792.71 0)
(1047.08 2785.91 0)
(133.755 659.448 0)
(-1803.08 2349.83 0)
(585.272 2242.38 0)
(-291.765 2621.65 0)
(-22.323 265.35 0)
(-76.2682 2778.74 0)
(1584.43 2731.97 0)
(-912.056 1815.8 0)
(253.97 2214.48 0)
(1961.68 1804.73 0)
(-1492.53 2661.36 0)
(1016.74 2725.2 0)
(-20.2053 2748.28 0)
(34.8506 668.019 0)
(1037.07 2049.11 0)
(-70.33 2785.59 0)
(1891.67 1882.08 0)
(-469.517 2840.76 0)
(-171.35 2813.68 0)
(-1163.74 2226.69 0)
(28.9298 2720.31 0)
(-130.854 2789.51 0)
(-62.4953 2793.61 0)
(-123.174 2781.04 0)
(-135.068 464.581 0)
(-354.801 2852.95 0)
(110.057 434.678 0)
(-65.8953 2803.68 0)
(-715.405 1768.83 0)
(171.519 2408.91 0)
(-1226.1 2825.31 0)
(-578.111 2380.14 0)
(-138.72 2679.26 0)
(2.79978 79.3021 0)
(-11.106 1771.26 0)
(15.8232 236.936 0)
(2218.09 1327.16 0)
(-1313.82 1651.96 0)
(1935.81 1586.61 0)
(-937.899 2435.57 0)
(-643.583 2254.57 0)
(-664.819 2925.01 0)
(1279.12 2143.1 0)
(-219.438 2640.07 0)
(-2343.6 1035.65 0)
(19.1185 2250.44 0)
(-389.722 2941.33 0)
(-704.236 2535.9 0)
(-157.39 2433.11 0)
(-2123.45 1243.71 0)
(644.479 2582.98 0)
(582.118 2723.51 0)
(981.093 2621.56 0)
(-84.4913 657.111 0)
(169.916 2656.62 0)
(1653.67 2090.5 0)
(-720.224 1755.87 0)
(-52.031 2762.95 0)
(-116.222 427.418 0)
(-1954.8 1368.93 0)
(454.395 2696.55 0)
(-129.003 2793 0)
(-1211.51 2780.85 0)
(-1062.97 2846.31 0)
(872.32 2868 0)
(-213.595 2769.76 0)
(-166.488 2755.39 0)
(-228.903 2808.21 0)
(-1853.77 1564.74 0)
(1185.1 2424.07 0)
(174.224 2765.9 0)
(-78.4855 2756.58 0)
(-67.272 269.258 0)
(-139.155 531.576 0)
(92.7682 2778.82 0)
(829.756 2797.38 0)
(-1748.3 2801.61 0)
(-33.8864 402.529 0)
(-2444.78 917.762 0)
(1079.82 2557.57 0)
(-1578.22 1484.55 0)
(-104.907 2701.18 0)
(58.4067 2785.03 0)
(182.278 846.823 0)
(-184.37 2815.79 0)
(453.38 2420.34 0)
(47.5703 562.145 0)
(270.716 2582.35 0)
(66.0418 270.985 0)
(-524.725 114.669 0)
(999.643 2532.54 0)
(915.788 2833.48 0)
(-41.4042 2833.86 0)
(-307.872 2602.54 0)
(104.456 2668.58 0)
(537.677 2396.47 0)
(-65.8298 2948.13 0)
(-568.918 1813.02 0)
(899.476 2845.67 0)
(-42.7543 714.467 0)
(60.0828 2706.64 0)
(-42.4048 2738.46 0)
(-41.4447 2438.84 0)
(-1781.02 2243.92 0)
(-71.9222 2787.26 0)
(140.347 533.997 0)
(2426.05 1011.35 0)
(-61.3605 2881.27 0)
(-115.003 2781.92 0)
(-928.683 2028.28 0)
(6.5913 121.488 0)
(544.588 2363.96 0)
(421.349 2144.05 0)
(-510.693 2743.54 0)
(238.819 2835.6 0)
(-542.981 2733.34 0)
(-159.125 2660.97 0)
(-848.375 2559.16 0)
(195.68 2774.26 0)
(-329.276 2811.63 0)
(-1820.37 784.819 0)
(-333.872 2551.43 0)
(208.835 2902.02 0)
(-218.284 2626.07 0)
(288.714 2846.14 0)
(-111 2698.37 0)
(-79.5794 685.471 0)
(277.035 2857.74 0)
(-2266.91 1075.44 0)
(-24.2312 94.8976 0)
(-509.476 2892.03 0)
(2169.5 1262.54 0)
(-57.0714 2834.25 0)
(75.5491 2806.05 0)
(130.495 2305.65 0)
(-3.81556 2801.64 0)
(-1.70987 1053.34 0)
(19.0123 2758.95 0)
(154.609 729.705 0)
(229.164 2528.28 0)
(-629.255 2385.65 0)
(1622.36 2152.42 0)
(1318.43 1983.19 0)
(1881.73 1179.36 0)
(-688.36 2376.61 0)
(-158.361 2645.46 0)
(-397.659 1629.38 0)
(1458.96 1827.12 0)
(-847.222 2557.32 0)
(1591.89 2378.58 0)
(-984.637 2687.44 0)
(1038.38 2066.08 0)
(854.258 2817.49 0)
(-405.292 2409.87 0)
(46.8144 2790.87 0)
(103.914 425.038 0)
(1671.84 2699.16 0)
(-564.162 2792.08 0)
(910.348 2687.63 0)
(141.61 2660.76 0)
(-33.364 170.857 0)
(2116 1158.4 0)
(433.288 2464.37 0)
(-20.1781 88.9986 0)
(2014.82 686.388 0)
(2257.01 1324.61 0)
(-768.462 2340.86 0)
(130.462 479.329 0)
(1.03953 2726.51 0)
(-1142.21 2551.34 0)
(-319.902 2883.25 0)
(-272.18 2824.01 0)
(29.6486 2718.31 0)
(-73.3498 604.115 0)
(-1830.9 1814.41 0)
(42.7677 550.863 0)
(36.6528 208.601 0)
(103.904 593.874 0)
(20.2386 211.302 0)
(-28.0297 2728.45 0)
(98.2346 2726.58 0)
(4.81317 118.229 0)
(-66.5601 2733.55 0)
(2086.42 1527.63 0)
(1414.13 1753.77 0)
(-13.5127 2558.62 0)
(-1171.01 2751.33 0)
(28.2459 108.824 0)
(86.6034 780.466 0)
(-46.2807 210.118 0)
(-978.644 2691.9 0)
(-553.509 2420.89 0)
(-175.434 2917.67 0)
(-128.232 2796.53 0)
(283.351 1591.12 0)
(-1361.45 2357.7 0)
(80.9363 2807.63 0)
(948.785 2855.27 0)
(-369.914 1609.5 0)
(-1813.28 1797.67 0)
(972.866 2103 0)
(243.789 1126.26 0)
(-32.2151 509.699 0)
(2431.4 1009.15 0)
(54.85 2713.1 0)
(-970.454 2805.9 0)
(-318.431 2661.85 0)
(5.91419 74.0934 0)
(-213.57 2713.82 0)
(1863.75 1418.61 0)
(-79.7033 1308.2 0)
(3.86624 2737.69 0)
(-132.946 2881.21 0)
(-42.8166 236.01 0)
(1009.43 2547.49 0)
(-34.9059 192.541 0)
(-46.0907 675.691 0)
(35.8759 2866.65 0)
(-676.772 2685.45 0)
(-65.168 2767.56 0)
(-320.819 2185.21 0)
(0.105952 2754.95 0)
(121.666 2767.35 0)
(-564.232 2314.56 0)
(-230.261 2829 0)
(-237.85 2817.06 0)
(-2320.66 1227.96 0)
(-1780.18 1108.8 0)
(-15.1016 853.615 0)
(342.838 2788.54 0)
(-127.384 2794.21 0)
(-651.913 2878.85 0)
(-1175.21 2775.63 0)
(-459.895 2906.73 0)
(477.624 2916.91 0)
(268.816 2255.31 0)
(40.4989 2642.15 0)
(290.778 2581.41 0)
(1613.12 2276.65 0)
(-37.9257 922.188 0)
(-1679.03 2115.84 0)
(-270.435 2591.39 0)
(156.952 2796.92 0)
(-2193.37 1642.04 0)
(-26.4958 2806.21 0)
(-607.413 2310.32 0)
(582.09 2886.08 0)
(-43.9316 2674.12 0)
(1755.19 1671.3 0)
(-25.9643 122.503 0)
(135.883 2673.19 0)
(2329.61 1210.16 0)
(69.2574 440.266 0)
(-91.1461 2436.14 0)
(-25.3139 95.6472 0)
(-46.5257 361.605 0)
(145.748 703.048 0)
(-21.0995 1130.27 0)
(30.6277 2823.58 0)
(-165.664 684.938 0)
(-1097.58 2514.87 0)
(902.78 2843.5 0)
(387.465 2339.83 0)
(1956.44 1518.51 0)
(147.245 2779.3 0)
(-56.5457 768.729 0)
(-654.919 2196.99 0)
(-1053.96 2700.96 0)
(14.0248 2736.83 0)
(835.763 2800.33 0)
(22.42 2749.42 0)
(1147.7 2741.43 0)
(-14.1615 2720.19 0)
(1809.79 1803.26 0)
(-1601.9 2758.9 0)
(850.266 1931.68 0)
(1633.36 2182.69 0)
(70.2802 1535.35 0)
(112.872 2446.47 0)
(28.922 2739.44 0)
(-36.0561 469.788 0)
(1506.88 2308.52 0)
(33.8911 216.741 0)
(144.417 557.178 0)
(-478.21 2764.47 0)
(-5.3761 2769.19 0)
(-77.5878 2879.01 0)
(1642.78 1636.33 0)
(-139.846 2776.82 0)
(-101.194 2767.98 0)
(2139.23 1505.55 0)
(-509.63 2891.81 0)
(-517.259 2377.1 0)
(1153.42 2625.72 0)
(-1591.26 2656.88 0)
(1075.95 2456.85 0)
(150.295 963.071 0)
(1671.48 2732.94 0)
(477.009 2918.94 0)
(-536.977 2885.05 0)
(32.3328 304.012 0)
(62.578 2711.25 0)
(-64.2096 2716.15 0)
(152.008 2296 0)
(1461.73 2736.23 0)
(1156.55 2702.94 0)
(29.8674 2741.92 0)
(60.1815 2711.48 0)
(21.8713 347.12 0)
(-2345.22 1036.77 0)
(1093.76 2716.64 0)
(-6.00896 2723.71 0)
(-274.353 2946.38 0)
(-640.062 2886.7 0)
(-11.2759 86.2721 0)
(-142.279 512.973 0)
(775.922 2674.22 0)
(2126.09 1347.72 0)
(113.974 2790.83 0)
(47.1109 2628.43 0)
(2288.66 1088.96 0)
(-321.595 2558.48 0)
(-100.603 497.85 0)
(528.856 2478.03 0)
(-34.7225 292.527 0)
(1449.12 1894.1 0)
(108.754 2782.86 0)
(132.598 1049.24 0)
(1479.93 1630.82 0)
(109.609 429.232 0)
(0.298461 2729.11 0)
(-13.5076 2721.48 0)
(-16.27 1950.6 0)
(677.867 2522.06 0)
(1674.21 2129.57 0)
(-998.245 2505.82 0)
(-32.641 442.852 0)
(34.1179 137.774 0)
(-385.141 2782.54 0)
(-19.8906 1078.64 0)
(-2276.43 1212.75 0)
(269.176 2795.71 0)
(1140.32 2372.92 0)
(-50.016 2768.96 0)
(133.225 1446.25 0)
(24.594 2733.99 0)
(-500.251 2462.47 0)
(-617.843 2376.34 0)
(1947.86 890.902 0)
(-126.602 2687.26 0)
(1494.92 2262.89 0)
(338.1 2447.89 0)
(-1168.57 2744.99 0)
(-102.373 2803.82 0)
(-159.776 2565.02 0)
(68.9201 2413.19 0)
(977.787 2797.72 0)
(-241.837 2996.84 0)
(33.5272 2807.99 0)
(-1755.28 661.131 0)
(-885.206 2438.54 0)
(-521.144 2352.97 0)
(158.877 2423 0)
(4.22623 2634.34 0)
(410.936 2766.84 0)
(15.7023 2627.18 0)
(1536.29 1798.77 0)
(125.756 2800.25 0)
(1070.17 2672.82 0)
(453.652 2444.54 0)
(37.744 2862.29 0)
(181.343 2628.71 0)
(-595.041 2044.71 0)
(15.2944 454.696 0)
(-162.883 2777.63 0)
(-1372.69 2989.55 0)
(1352.29 2793.05 0)
(-185.909 2647.8 0)
(1743.33 2077.58 0)
(-103.751 2635.7 0)
(-78.5403 616.826 0)
(2065.95 1458.04 0)
(7.6784 67.0218 0)
(5.48713 2739.5 0)
(-77.6168 2502.76 0)
(-16.4808 2631.53 0)
(-166.236 2661.3 0)
(1591.93 1848.65 0)
(-489.567 2471.68 0)
(2077.25 1536.12 0)
(987.431 1730.19 0)
(279.751 2874.31 0)
(-49.1462 2706.39 0)
(1002.05 2625.51 0)
(-734.69 2194.72 0)
(72.3974 2735.67 0)
(-806.961 2845.58 0)
(313.207 2803.21 0)
(-160.984 2659.93 0)
(90.6936 489.176 0)
(1225.01 1253.34 0)
(-155.917 2812.65 0)
(-26.2122 2749.96 0)
(-115.242 866.056 0)
(-9.14915 119.254 0)
(85.072 1404.09 0)
(-1898.5 1428.08 0)
(6.92009 2757.98 0)
(-422.37 2859.05 0)
(1017.16 1855.78 0)
(56.1441 2831.08 0)
(5.14119 2774.25 0)
(1158.7 2468.69 0)
(-2177.25 1096.33 0)
(-197.574 2738.5 0)
(-27.3337 2721.06 0)
(-2327.73 998.544 0)
(-12.8053 1119.99 0)
(-72.7508 2787.55 0)
(115.742 2704.96 0)
(-162.901 3011.37 0)
(-0.483766 105.356 0)
(1255.6 2255.56 0)
(-1040.54 1734.33 0)
(-25.4982 119.147 0)
(753.185 2755.98 0)
(585.82 2339.99 0)
(-1055.62 2197 0)
(-192.228 2643.28 0)
(-591.343 2389.94 0)
(-1626.66 1847.12 0)
(913.011 2587.75 0)
(-2260.28 1033.65 0)
(-2095.22 522.611 0)
(-35.2289 1286.63 0)
(-694.893 2374.39 0)
(-1238.1 2219.72 0)
(682.457 2812.92 0)
(-1847.86 1702.58 0)
(196.727 942.612 0)
(1205.02 1822.89 0)
(32.3553 308.419 0)
(-137.56 2786.19 0)
(-185.163 2743.24 0)
(1453.38 2062.66 0)
(52.4683 2783.06 0)
(69.5 2792.78 0)
(111.022 2793.75 0)
(-1519.8 2918.73 0)
(1256.09 1807.15 0)
(405.468 2915.21 0)
(4.04036 2759.14 0)
(900.844 2846.77 0)
(2268.34 1494.96 0)
(191.638 2872.87 0)
(-544.588 2423.11 0)
(-21.762 1054.03 0)
(-40.0986 2467.22 0)
(402.46 2229.16 0)
(-358.469 2768.89 0)
(117.678 847.79 0)
(92.642 509.117 0)
(-183.109 2732.23 0)
(181.991 2609.07 0)
(193.458 752.678 0)
(1382.51 1751.5 0)
(-23.564 92.218 0)
(403.782 2910.07 0)
(-19.4814 84.7186 0)
(332.373 2647.08 0)
(197.562 2709.92 0)
(438.076 2876.85 0)
(1136.03 2705.06 0)
(-348.189 2263.81 0)
(1019.97 2544.86 0)
(-18.5717 127.525 0)
(408.928 2884.56 0)
(-1129.83 2231.22 0)
(-1330.58 2803.38 0)
(-81.3459 761.818 0)
(-120.466 2676.62 0)
(8.66773 2736.77 0)
(34.4055 2483.63 0)
(-31.282 2106.28 0)
(-1075.03 2726.64 0)
(67.942 2078.34 0)
(-1545.97 2883.79 0)
(37.9264 2747.55 0)
(0.739148 2826.63 0)
(-64.108 665.111 0)
(-15.968 2735.75 0)
(468.554 2781.76 0)
(604.146 1705.55 0)
(413.244 2856.12 0)
(193.311 878.172 0)
(-653.842 2641.58 0)
(-1916.63 1821.85 0)
(1938.58 2200.54 0)
(-1839.15 2812.06 0)
(-1872.44 2285.02 0)
(-2203.09 1091.18 0)
(2276.68 1416.65 0)
(2199.18 1849.94 0)
(1750.78 2533.21 0)
(116.698 2772.08 0)
(1348.62 1739.61 0)
(-2439.14 950.334 0)
(-191.241 867.47 0)
(-92.3777 2800.46 0)
(-8.49447 117.558 0)
(2310.79 1208.28 0)
(558.8 2766.89 0)
(1537.79 2297.85 0)
(18.9663 2697.41 0)
(1666.82 2123.77 0)
(2271.65 1024.47 0)
(753.439 2002.01 0)
(884.808 2858.04 0)
(-180.565 2551 0)
(175.291 853.39 0)
(137.862 549.644 0)
(-765.759 2342.11 0)
(-40.5971 2759.52 0)
(-112.324 566.681 0)
(-122.348 2781.64 0)
(-24.1587 219.469 0)
(1064.56 1900.51 0)
(52.945 2912.99 0)
(-1452.02 2928.33 0)
(-478.808 2675.13 0)
(1272.72 2025.8 0)
(-1662.9 1996.66 0)
(-1.24809 81.5291 0)
(133.438 501.037 0)
(1009.49 2717.86 0)
(-168.951 2720.47 0)
(555.834 2350.8 0)
(-164.987 602.486 0)
(2137.37 1345.21 0)
(-988.306 2430.94 0)
(-66.173 527.977 0)
(-539.239 2780.87 0)
(-96.8864 2795.39 0)
(-48.3789 179.23 0)
(-501.07 2424.56 0)
(-266.781 2463.79 0)
(-1250.5 2385.61 0)
(-4.10992 82.3384 0)
(-1308.32 2373.82 0)
(-180.797 2616.2 0)
(-58.6196 2834.63 0)
(-1064.29 2706.86 0)
(4.9789 190.963 0)
(55.9547 2832.47 0)
(415.648 2913.04 0)
(193.114 2716.73 0)
(-373.7 1626.55 0)
(2008.32 1611.72 0)
(42.8581 231.706 0)
(-337.18 2553.5 0)
(-2119.14 1022.94 0)
(-145.204 661.138 0)
(602.872 2315.66 0)
(-360.514 2787.06 0)
(105.306 2827.33 0)
(-820.086 2676.84 0)
(1108.78 1881.97 0)
(157.06 980.136 0)
(49.4199 2782.66 0)
(-182.966 2743.23 0)
(-1665.11 1699.33 0)
(57.3261 2599.84 0)
(211.769 2405.68 0)
(298.11 2306.51 0)
(-2254.1 1270.65 0)
(2107.11 1374.1 0)
(-18.4983 2689.91 0)
(799.82 1920.75 0)
(2183.12 1350.5 0)
(-179.944 2633.09 0)
(-10.9514 2801.28 0)
(1981.43 1505.81 0)
(-2157.1 1460.18 0)
(689.999 2803.04 0)
(-1465.17 2748.72 0)
(-97.9739 2919.17 0)
(-535.533 2547.46 0)
(6.08386 259.366 0)
(1.82879 2881.7 0)
(-1490.21 2704.68 0)
(10.0019 65.213 0)
(1101.44 2072.73 0)
(-11.5422 2254.84 0)
(958.618 2878.2 0)
(-14.851 234.986 0)
(20.431 108.297 0)
(72.5944 2792.97 0)
(923.597 2087.38 0)
(-62.281 2382.08 0)
(-335.811 2821.91 0)
(-69.9384 2087.58 0)
(-2280.57 1235.63 0)
(-1811.03 2080.6 0)
(-67.0962 2827.42 0)
(1085.05 2466.05 0)
(1115.44 1879.78 0)
(-264.286 2807.96 0)
(-159.11 2775.37 0)
(-986.728 1764.46 0)
(427.183 2872.64 0)
(-3.46572 2679.27 0)
(144.98 2660.89 0)
(-439.273 2830.4 0)
(-14.507 149.813 0)
(202.863 2898.48 0)
(-51.8209 2674.99 0)
(-15.3233 1087.86 0)
(237.093 2600.29 0)
(-1427.43 1603.3 0)
(16.3671 89.5113 0)
(-35.1416 195.434 0)
(-1579.98 2015.37 0)
(1728.07 1895.32 0)
(254.031 2790.67 0)
(1026.77 2612.92 0)
(-43.202 474.811 0)
(-11.0301 678.321 0)
(-688.475 2163.41 0)
(1646.76 1639.95 0)
(802.012 2825.02 0)
(1617.6 2162.78 0)
(90.5653 2820.59 0)
(-164.105 2755.87 0)
(1913.07 1722.47 0)
(-38.1349 2793.77 0)
(-2177.22 1166.38 0)
(93.4593 2840.71 0)
(332.944 2663.43 0)
(-1755.29 2045.9 0)
(-132.548 2674.77 0)
(2.95695 118.861 0)
(-817.988 2765.31 0)
(1609.66 2174.18 0)
(127.217 2786.58 0)
(985.387 2074.66 0)
(-137.21 2752.78 0)
(-23.9051 90.4311 0)
(1165.15 2516.67 0)
(-375.372 2529.25 0)
(1360.44 2734.24 0)
(-42.9539 239.684 0)
(-2000.96 773.172 0)
(9.86457 192.371 0)
(-903.886 2830.5 0)
(124.984 2750.7 0)
(978.361 2834.16 0)
(75.7239 582.707 0)
(206.622 2318.17 0)
(-1376.79 1701.3 0)
(-977.916 2692.53 0)
(99.7661 2830.2 0)
(-98.6206 924.696 0)
(-150.846 552.465 0)
(1824.26 1795.2 0)
(-2358.93 990.162 0)
(76.7326 2709.42 0)
(-1753.76 1513.51 0)
(-28.7665 295.366 0)
(885.416 2831.03 0)
(74.2007 2707.26 0)
(8.2282 2732.26 0)
(173.825 2787.97 0)
(-62.2383 775.995 0)
(-672.372 1775.14 0)
(-47.8243 1461.92 0)
(29.6174 2765.51 0)
(2089.5 1371 0)
(-768.532 2636.92 0)
(350.25 2693.11 0)
(-1138.73 1799.9 0)
(-48.2358 2763.79 0)
(-933.17 2774.62 0)
(68.5373 2712.41 0)
(-119.267 2806.59 0)
(2325.25 1044.72 0)
(1196.27 1741.64 0)
(68.061 2811 0)
(-21.574 2748.38 0)
(99.7031 408.214 0)
(-612.535 1947.48 0)
(-262.179 3000.91 0)
(-37.9978 205.978 0)
(-9.42567 2768.79 0)
(-127.437 2774.6 0)
(2199.34 984.363 0)
(-633.277 2896.48 0)
(-601.488 2408.25 0)
(9.51362 2743.01 0)
(-263.977 2845.04 0)
(107.116 517.741 0)
(-66.9707 2760.19 0)
(-142.51 2782.89 0)
(1733.08 2076.65 0)
(535.937 2396.02 0)
(-131.439 2808.01 0)
(-46.0736 213.649 0)
(-18.6402 82.0845 0)
(95.1058 2783.86 0)
(-1633.65 2899.39 0)
(1108.41 2716.21 0)
(-464.696 2823.56 0)
(31.8175 2855.24 0)
(-988.552 2530.53 0)
(120.576 2812.06 0)
(428.927 2482.49 0)
(-43.0189 2921.34 0)
(-2368.42 1038.32 0)
(-214.685 2639.71 0)
(-13.0845 169.931 0)
(-936.918 2433.83 0)
(50.0278 2725 0)
(-35.4428 174.948 0)
(1649.72 2125.88 0)
(589.353 2613.47 0)
(-972.634 2801.49 0)
(28.4787 2746.65 0)
(128.48 508.115 0)
(1272.68 2010.07 0)
(-1635 2673.59 0)
(97.4505 2228.9 0)
(-0.721654 382.024 0)
(-52.6167 1124.18 0)
(305.526 2843.69 0)
(1289.58 2510.76 0)
(150.874 697.511 0)
(-112.987 2792.21 0)
(376.546 2224.11 0)
(55.2426 2755.92 0)
(-149.505 2786.89 0)
(957.434 2197.95 0)
(86.1095 575.328 0)
(135.591 668.635 0)
(106.256 718.821 0)
(1449.01 2292.14 0)
(-62.0053 2788.37 0)
(-12.3915 636.881 0)
(-564.973 2879.53 0)
(-3.13489 1039.05 0)
(-46.2378 252.489 0)
(-451.039 2226.39 0)
(674.706 2787.97 0)
(-38.0435 199.884 0)
(-1134.24 676.639 0)
(67.2924 2802.79 0)
(1102.12 2668.88 0)
(104.403 2631.42 0)
(-1650.16 2129.48 0)
(2405.2 1135.37 0)
(75.8354 2830.65 0)
(-437.098 2832.37 0)
(104.716 2449.29 0)
(-2053.69 1386.44 0)
(0.709108 2798.18 0)
(908.848 2810.02 0)
(156.822 2874.03 0)
(30.3687 343.754 0)
(7.83421 2730.13 0)
(-46.3169 244.939 0)
(-274.502 2615.57 0)
(1056.97 2476.72 0)
(889.266 2825.73 0)
(1919.34 1518.16 0)
(-2381.37 1095.1 0)
(-1620.54 1486.68 0)
(3.20295 2880.59 0)
(448.295 2451.83 0)
(-317.345 2660.41 0)
(227.351 993.536 0)
(-18.0894 2617.02 0)
(73.1111 2811.5 0)
(52.0544 2725.36 0)
(1166.03 2455.72 0)
(2186.22 1316.54 0)
(92.2062 800.12 0)
(-1783.08 1671.81 0)
(35.4019 2721.6 0)
(-55.3871 2761.47 0)
(-212.488 954.766 0)
(18.704 2822.56 0)
(1586.76 1718.22 0)
(57.6416 1354.07 0)
(-149.386 2978.57 0)
(-335.608 2993.85 0)
(-1042.19 2658.93 0)
(-257.65 1684.83 0)
(-213.061 2634.67 0)
(-13.5424 2735.17 0)
(-37.3461 178.845 0)
(268.768 2808.23 0)
(-15.9743 238.377 0)
(-82.4196 2785.29 0)
(147.819 540.587 0)
(23.5941 2704.87 0)
(-20.8163 80.2953 0)
(-2138.95 1063.79 0)
(-29.7597 1268.13 0)
(-158.292 648.56 0)
(770.632 2602.27 0)
(231.761 2754.3 0)
(1492.26 2764.44 0)
(-96.3248 2707.14 0)
(86.2297 2720.84 0)
(575.212 2942.79 0)
(-191.231 2180.96 0)
(1986.73 1569.32 0)
(524.525 2308.84 0)
(-113.868 2801.08 0)
(-2227.47 1250.08 0)
(-1918.77 1634.75 0)
(-73.0565 2779.86 0)
(-19.814 215.226 0)
(632.917 2555.72 0)
(565.116 2465.71 0)
(894.12 2859.76 0)
(33.8233 2783.35 0)
(26.9319 781.856 0)
(2079.63 1365.23 0)
(650.671 2924.1 0)
(-66.8578 274.849 0)
(95.3335 2825.69 0)
(-36.541 427.365 0)
(1009.86 2569.29 0)
(-1768.82 1537.93 0)
(-86.5872 2292.81 0)
(76.1509 2706.75 0)
(333.641 2562.81 0)
(-1183.8 2772.89 0)
(1297.57 1687.67 0)
(-53.1688 2834.16 0)
(-2094.52 893.188 0)
(-66.8535 2773.41 0)
(31.3651 2824.76 0)
(677.555 2883.19 0)
(164.423 2892.54 0)
(-1089.99 2768.2 0)
(752.728 2211.49 0)
(-1245.95 2376.8 0)
(-1976.03 1588.49 0)
(203.198 2886.8 0)
(2249.66 1369.11 0)
(114.154 392.668 0)
(-1585.4 1610.49 0)
(-1131.71 2406.3 0)
(30.4586 348.554 0)
(2240.44 1089.97 0)
(-19.3599 2724.12 0)
(2082.03 1342.66 0)
(-13.5581 77.5406 0)
(2396.56 1113.6 0)
(1840.43 1630.28 0)
(-256.683 2824.13 0)
(248.071 2867.47 0)
(-1173.95 1741.63 0)
(-43.2081 2600.56 0)
(-39.8508 1153.69 0)
(-748.709 2217.66 0)
(-1560.02 1950.53 0)
(956.201 2037.44 0)
(435.491 2916.12 0)
(293.784 2490.4 0)
(586.392 2801.12 0)
(155.779 2606.44 0)
(-26.1567 117.34 0)
(-1231.23 1954.57 0)
(-704.666 2733.93 0)
(-144.227 2665.54 0)
(2004.91 1543.47 0)
(-58.5665 2706.28 0)
(-101.361 2683.8 0)
(-49.6523 246.361 0)
(-156.525 2661.71 0)
(649.01 2249.64 0)
(-2083.28 1476.6 0)
(-2187.21 963.8 0)
(-104.56 729.391 0)
(-341.315 2579.66 0)
(3.1447 2683.75 0)
(1852.48 1350.11 0)
(1567.22 2201.62 0)
(2079.53 1298.57 0)
(8.00618 2761.22 0)
(-37.6165 2354.58 0)
(-1278.66 3080.4 0)
(-1051.33 1875.68 0)
(349.767 2927.36 0)
(-28.9807 1053.92 0)
(-15.3399 91.0722 0)
(1632.75 2209.23 0)
(-168.725 2538.93 0)
(73.2448 2728.39 0)
(-5.92074 2269.8 0)
(95.5691 2667.89 0)
(-280.038 2373.24 0)
(1835.75 1638.87 0)
(-1786.25 1867.25 0)
(537.762 2566.18 0)
(-303.861 2818.46 0)
(-41.0095 201.272 0)
(1995.17 917.911 0)
(60.8149 2763.11 0)
(-60.9137 2120.42 0)
(19.7635 467.131 0)
(-352.494 2275.79 0)
(261.788 2578.44 0)
(-223.482 917.75 0)
(-216.061 1774.04 0)
(601.3 2361.5 0)
(-377.329 2658.37 0)
(1006.36 2794.59 0)
(172.52 756.236 0)
(-100.817 936.798 0)
(76.846 2834.34 0)
(50.8152 314.76 0)
(1036.05 2458.19 0)
(-57.0911 2802.38 0)
(1104.35 2428.29 0)
(174.119 2776.46 0)
(170.963 2801.89 0)
(1396.61 1987.03 0)
(25.6408 221.552 0)
(2550.38 936.773 0)
(-25.6244 2719.49 0)
(1764.59 2032.43 0)
(-20.4609 2769.66 0)
(2031.2 961.984 0)
(-136.753 534.754 0)
(-150.594 2770.69 0)
(-297.388 2473.53 0)
(28.9171 2746.34 0)
(39.92 2784.28 0)
(1946.28 1537.9 0)
(2368.4 1172.79 0)
(634.035 2855.25 0)
(-894.894 2806.39 0)
(-274.585 2821.82 0)
(-2057.42 1126.21 0)
(-87.5233 407.827 0)
(216.568 2728.73 0)
(25.7842 2541.46 0)
(22.3995 93.1697 0)
(77.1455 2710.42 0)
(-652.237 2556.91 0)
(-1008.64 2590.62 0)
(-1605 1938.47 0)
(-566.036 2311.17 0)
(67.2471 2623.06 0)
(482.661 1693.59 0)
(1555.57 2283.83 0)
(-903.708 2850.82 0)
(-83.3767 1288.05 0)
(2161.43 1163.6 0)
(-762.186 2447.06 0)
(1303.59 2487.2 0)
(16.5222 70.2854 0)
(-2280.1 1214.82 0)
(-358.252 2540.39 0)
(21.5544 84.7622 0)
(104.721 2825.68 0)
(200.656 2802.97 0)
(1821.06 1792.62 0)
(-30.3586 249.939 0)
(67.5237 2660.61 0)
(86.6832 583.046 0)
(-7.71115 2758.14 0)
(8.85833 2733.03 0)
(14.7208 254.454 0)
(68.7802 434.426 0)
(-62 2788.76 0)
(-1739.84 2253.72 0)
(173.519 2754.77 0)
(-174.43 624.776 0)
(-300.713 2578.68 0)
(-2039.27 1322.49 0)
(-361.239 1781.55 0)
(-742.267 2012.33 0)
(-1093.28 2424.48 0)
(213.579 2813.92 0)
(-165.362 2387.66 0)
(980.933 2760.35 0)
(-1107.96 1789.86 0)
(-15.6221 2828.36 0)
(-59.5681 2815.76 0)
(-110.185 841.517 0)
(-187.238 2885.83 0)
(2118.43 1377.82 0)
(-92.7755 2704.01 0)
(129.067 2652.37 0)
(73.0049 2794.55 0)
(53.7783 2769.1 0)
(-190.888 2172.45 0)
(-2215.74 1213.33 0)
(-67.8142 577.155 0)
(145.78 2646.53 0)
(39.856 2397.47 0)
(-27.1974 2727.66 0)
(928.31 2808.04 0)
(-92.5895 2707.86 0)
(-22.2626 97.4031 0)
(1092.76 2733.66 0)
(188.716 2906.11 0)
(-121.971 2755.78 0)
(2401.02 1158.77 0)
(-46.7035 473.031 0)
(-159.031 2635.41 0)
(1760.47 2527.88 0)
(78.7641 452.154 0)
(-13.2707 105.776 0)
(853.912 2831.77 0)
(1308.71 2097.75 0)
(49.6519 2762.33 0)
(-90.4856 2663.51 0)
(-1292.5 1651.38 0)
(46.0907 430.608 0)
(103.254 585.997 0)
(-42.5955 2792.9 0)
(-1662.41 1707.19 0)
(726.912 1987.76 0)
(-117.092 2768.39 0)
(-2122.07 1512.98 0)
(-645.608 2731.74 0)
(-353.803 2540.57 0)
(-77.3844 2701.46 0)
(16.1227 68.4672 0)
(-669.927 2760.66 0)
(207.546 2765.97 0)
(-1360.4 2823.39 0)
(-1007.61 2508.38 0)
(368.144 2670 0)
(66.0881 2706.66 0)
(-1176.22 2760.75 0)
(930.108 2818.36 0)
(603.121 2607.81 0)
(-892.735 2913.95 0)
(1455.5 2063.17 0)
(-45.7004 2955.7 0)
(2229.07 1539.48 0)
(1562.55 1490.66 0)
(-84.2336 397.247 0)
(683.787 1953.2 0)
(-870.407 2133.91 0)
(-2126.45 1394.41 0)
(14.7566 2693.16 0)
(-14.7104 2757.88 0)
(475.83 1676.78 0)
(-1537.08 2953.05 0)
(2480.08 956.275 0)
(-679.475 2739.81 0)
(-613.692 2898.07 0)
(-7.04209 2852.99 0)
(13.8554 2837.07 0)
(109.701 402.719 0)
(1969.3 1347.2 0)
(1592.24 2227.4 0)
(-150.179 639.576 0)
(-538.444 2883.47 0)
(-12.2508 2740.32 0)
(-711.649 2470.71 0)
(1521.26 1848.99 0)
(-96.1493 837.711 0)
(-6.35067 2739.13 0)
(1278.92 2222.15 0)
(233.484 2814.66 0)
(-59.2324 2954.06 0)
(-703.587 2125.63 0)
(-484.564 2266.86 0)
(87.9025 2748 0)
(-83.7656 2593.25 0)
(-147.619 2673 0)
(1946.4 1493.82 0)
(-591.766 2395.27 0)
(12.2642 286.738 0)
(-177.651 2958.28 0)
(-1277.83 2774.15 0)
(31.4231 168.003 0)
(298.299 2335.6 0)
(-37.9332 474.098 0)
(121.665 2326.94 0)
(-25.2464 2765.56 0)
(3.55972 127.764 0)
(413.437 2144.2 0)
(-8.79387 2729.37 0)
(208.493 2865.86 0)
(123.769 669.908 0)
(167.228 2911.48 0)
(69.3973 571.413 0)
(-2416.49 957.973 0)
(71.4983 274.425 0)
(5.58787 92.596 0)
(2350.27 1171.32 0)
(79.6924 2786.14 0)
(1943.31 2032.81 0)
(1930.07 1792 0)
(-195.873 951.695 0)
(28.5429 2591.66 0)
(63.5218 2542.86 0)
(-37.1902 383.793 0)
(178.405 2892.24 0)
(1.86159 2736.39 0)
(1364.7 1635.39 0)
(351.358 2573.83 0)
(-79.4728 2812.17 0)
(-2163.73 1449.19 0)
(-265.814 2816.74 0)
(10.3885 2725.37 0)
(-1675.34 1608.05 0)
(-1344.07 1778.19 0)
(104.911 413.067 0)
(-632.125 2320.91 0)
(131.06 604.698 0)
(2483.33 927.57 0)
(1502.1 2283.19 0)
(78.5522 2795.98 0)
(212.031 2057.74 0)
(-378.11 2521.81 0)
(-52.9394 1081.53 0)
(-1567.15 2850.27 0)
(1749.23 2676.23 0)
(-1878.1 2269.54 0)
(1939.66 1995.58 0)
(-1797.93 2752.22 0)
(1799.21 2472.82 0)
(2437.58 1040.6 0)
(-2016.24 2034.33 0)
(2285.04 1436.99 0)
(2193.18 1852.81 0)
(-2218.25 1756.44 0)
(-2193.43 1309.03 0)
(-2129.31 897.653 0)
(-1864.87 2581.39 0)
(1837.11 2237.66 0)
(1988.16 1343.94 0)
(-1441.48 2820.5 0)
(-1670.79 1567.74 0)
(30.8008 1126.75 0)
(1639.73 2730.48 0)
(-116.064 2781.35 0)
(-1699.73 1510.39 0)
(156.75 2796.27 0)
(125.196 2775.44 0)
(131.373 2751.28 0)
(-1404.71 2256.59 0)
(1927.25 1544.94 0)
(341.017 2533.74 0)
(1492.28 2784.48 0)
(286.117 2243.16 0)
(340.544 2862 0)
(-108.43 2637.53 0)
(74.2591 2775.91 0)
(-230.845 2527.12 0)
(-2338.66 1156.31 0)
(-935.449 2567.07 0)
(-1470.75 2206.85 0)
(570.408 2849.46 0)
(603.629 2712.05 0)
(823.339 2693.48 0)
(181.081 2799.68 0)
(-24.9132 1403.65 0)
(-37.486 2759.84 0)
(-2067.04 1460.12 0)
(-1248.12 2371.74 0)
(-803.039 2826.69 0)
(-139.397 832.257 0)
(74.2582 461.807 0)
(1776.79 2501.91 0)
(-1839.41 2402.88 0)
(2355.31 1068.54 0)
(2060.17 1957.09 0)
(700.991 2529.56 0)
(-472.053 2834.61 0)
(27.2678 138.856 0)
(-106.689 656.086 0)
(1347.83 2277.2 0)
(196.243 2796.79 0)
(16.907 99.2564 0)
(-512.46 2023.56 0)
(-2245.81 804.324 0)
(-185.159 912.127 0)
(-8.69529 199.348 0)
(11.5045 290.686 0)
(11.0678 2824.2 0)
(-74.2012 1486.78 0)
(-409.926 2506.29 0)
(10.985 2763 0)
(-66.1978 1472.55 0)
(-36.6717 2739.4 0)
(-156.67 577.62 0)
(170.285 650.415 0)
(2085.25 1421.07 0)
(2024.59 1673.33 0)
(-322.856 2993.83 0)
(61.2582 337.181 0)
(-2387.28 1113.07 0)
(751.709 2033.42 0)
(17.028 464.144 0)
(-1347.58 2916.96 0)
(-50.6804 1050.15 0)
(-35.0835 2717.45 0)
(2101.66 1422.63 0)
(75.8997 2005.53 0)
(-23.2744 2869.48 0)
(1745.34 1512.5 0)
(1971.91 1633.26 0)
(-697.072 2816.84 0)
(341.726 2541.4 0)
(536.36 2867.34 0)
(1501.11 2271.41 0)
(2424.43 1013.55 0)
(-958.922 1732.71 0)
(-453.529 2228.77 0)
(1400.57 2392.08 0)
(-868.295 2829.21 0)
(1959.09 855.546 0)
(78.7776 2697.32 0)
(-1117.66 1771.54 0)
(248.977 2679.99 0)
(-24.3361 2673.16 0)
(768.048 2728.61 0)
(-177.018 2661.03 0)
(730.557 2230.03 0)
(-11.5928 84.5535 0)
(-671.202 2749.6 0)
(-142.62 2787.31 0)
(2181.7 1304.47 0)
(-47.4517 2768.34 0)
(-229.74 1039.28 0)
(-466.367 2497.38 0)
(10.4976 92.0529 0)
(50.1435 389.192 0)
(155.63 2770.01 0)
(49.565 2732.13 0)
(-58.9099 658.738 0)
(-1419.56 1698.36 0)
(186.457 2529.37 0)
(65.0146 2816.91 0)
(-1939.22 1499.11 0)
(40.6727 2850.92 0)
(109.411 597.392 0)
(82.9464 2813 0)
(2491.77 1008.27 0)
(-18.1565 2800.89 0)
(381.484 1872.07 0)
(-61.2157 2880.59 0)
(-19.1522 1166.05 0)
(125.494 2810.44 0)
(-171.525 1799.48 0)
(-1045.36 1800.86 0)
(-1375.33 2296.76 0)
(-2372.16 963.849 0)
(-11.135 2765.64 0)
(-138.712 2273.63 0)
(585.293 2744.28 0)
(-1527.73 2847.5 0)
(-111.856 618.77 0)
(133.981 1832.93 0)
(734.579 2162.1 0)
(15.1461 2733.08 0)
(-229.001 948.008 0)
(50.9385 470.727 0)
(820.946 1951.49 0)
(1398.42 2792.99 0)
(100.87 413.843 0)
(-139.832 1706.46 0)
(72.8602 2831.6 0)
(55.05 431.31 0)
(-150.196 2731.35 0)
(-1953.38 1474.83 0)
(-1440.74 2823.42 0)
(-316.085 2561.75 0)
(511.204 2378.75 0)
(83.0357 1174.36 0)
(-96.7388 2884.17 0)
(-28.0494 2794.55 0)
(2476.57 999.419 0)
(-1847.02 1840.38 0)
(585.706 2371.87 0)
(58.3064 570.437 0)
(636.958 2294.61 0)
(13.6895 116.019 0)
(-53.898 2818.1 0)
(-1521.69 2711.19 0)
(-2378.92 937.211 0)
(-101.418 1762.96 0)
(1422.42 2383.09 0)
(-1799.41 1775.42 0)
(39.8952 2705.08 0)
(67.155 2711.32 0)
(-148.871 2665.5 0)
(79.6595 2701.15 0)
(-123.736 445.328 0)
(-116.549 651.829 0)
(2.40073 2754.6 0)
(-289.079 2894.04 0)
(-764.198 2448.43 0)
(-67.0602 2949.25 0)
(46.957 2826.53 0)
(-38.5195 170.87 0)
(-83.7414 391.677 0)
(-444.166 2512.87 0)
(151.809 2759.98 0)
(2143.6 1465.17 0)
(1344.88 2283.25 0)
(53.0148 349.967 0)
(-458.438 2878.99 0)
(930.033 2096.72 0)
(1705.03 2112.07 0)
(2.75614 2519.28 0)
(570.591 2605.83 0)
(-1385.37 2815.22 0)
(557.1 2781.76 0)
(2183.41 1391.6 0)
(-1843.5 2004.87 0)
(-149.867 2545.9 0)
(-245.873 2614.34 0)
(-100.654 618.739 0)
(-366.753 2849.94 0)
(-170.57 2652.95 0)
(-1757.81 2774.03 0)
(516.184 2373.29 0)
(-539.061 2707.86 0)
(178.389 2888.59 0)
(-18.6133 2394.12 0)
(-1869.23 1955.66 0)
(-112.872 627.02 0)
(542.278 2880.71 0)
(2406.3 1115.3 0)
(-1725.13 1694 0)
(-1565.74 1483.5 0)
(87.0375 2746.48 0)
(-8.45478 102.067 0)
(172.757 2625.62 0)
(-116.029 2852.59 0)
(-185.876 2760.29 0)
(496.591 2560.23 0)
(-213.259 2574.28 0)
(-48.2099 182.693 0)
(-339.672 2811.04 0)
(-484.083 2309.27 0)
(-39.8759 165.315 0)
(56.4771 2782.92 0)
(-1428.6 1539.67 0)
(-11.4729 2740.58 0)
(591.053 2335.12 0)
(1141.32 2700.45 0)
(742.026 2121.73 0)
(-2330.97 1009.31 0)
(-601.664 2407.01 0)
(108.646 2754.22 0)
(-2220.83 883.874 0)
(-468.23 2225.93 0)
(-2281.16 912.906 0)
(-18.3346 2747.03 0)
(-1857.16 1600.07 0)
(-165.971 800.731 0)
(-601.195 2883 0)
(-954.832 2819.39 0)
(-28.5609 2729.1 0)
(-9.53807 194.155 0)
(-196.424 2656.77 0)
(169.158 2725 0)
(162.324 2895.64 0)
(-1234.31 1758.27 0)
(682.559 2781.76 0)
(5.82222 91.1345 0)
(-174.392 2708.2 0)
(-1013.09 1766.72 0)
(2145.77 1432.89 0)
(-39.4581 2764.53 0)
(53.9332 197.909 0)
(17.3198 129.363 0)
(180.405 831.386 0)
(150.889 2752.62 0)
(81.2341 2693.64 0)
(505.041 2318.72 0)
(11.5702 2740.12 0)
(-58.5882 2797.79 0)
(1.06015 2736.29 0)
(-1615.71 2094.45 0)
(69.9441 2785.57 0)
(-113.988 2786.84 0)
(597.51 2595.84 0)
(-465.712 2497.95 0)
(66.5288 2763.94 0)
(-275.31 2823.82 0)
(2235.67 1265.82 0)
(-651.064 2558.71 0)
(-828.986 2813.71 0)
(93.8838 2625.3 0)
(-1715.88 2080.1 0)
(2167.63 870.275 0)
(399.94 2469.71 0)
(-225.517 971.341 0)
(158.588 761.975 0)
(2132.77 1504.39 0)
(-89.2478 2703.89 0)
(81.375 496.608 0)
(1344.41 2777.64 0)
(-168.596 2668.33 0)
(-903.814 1754.65 0)
(654.626 2655.66 0)
(-1288.92 2423.34 0)
(1271.85 2785.75 0)
(247.432 1527.84 0)
(2.29415 101.971 0)
(-1237.08 1829.48 0)
(790.021 2473.27 0)
(-106.683 507.654 0)
(-249.117 2614.21 0)
(1826.49 1852.83 0)
(2070.8 1433.21 0)
(-16.1599 1247.1 0)
(-1154.51 1867.32 0)
(-205.271 2950.32 0)
(157.37 2779.74 0)
(106.376 2825.96 0)
(-1423.05 572.919 0)
(729.108 2113.6 0)
(257.275 2000.21 0)
(-112.196 2666.28 0)
(630.227 2875.91 0)
(-10.4517 176.75 0)
(2235.1 1268.94 0)
(97.3366 2688.63 0)
(309.056 2833.46 0)
(2254.58 1082.01 0)
(977.585 2846.39 0)
(958.73 2161.84 0)
(-45.7743 2847.66 0)
(-2.37424 2708.54 0)
(-2248.49 1024.14 0)
(-2171.25 1407.9 0)
(-747.549 2811.64 0)
(-126.817 2796.53 0)
(17.5921 74.2275 0)
(-832.893 2842.6 0)
(-2336.94 1057.06 0)
(1960.23 1447.05 0)
(1492.37 2478.87 0)
(333.897 2862.65 0)
(122.616 519.92 0)
(2038.23 1360.35 0)
(69.819 563.742 0)
(-1099.92 2714.65 0)
(-158.839 1171.76 0)
(-978.321 1817.07 0)
(2008.22 1569.97 0)
(-4.31899 81.7611 0)
(22.9178 97.3601 0)
(-1161.83 1837.07 0)
(-2129.16 1315.27 0)
(125.758 2800.39 0)
(-55.5059 2817.65 0)
(2196.6 1188.28 0)
(-885.079 2821.55 0)
(-19.2116 956.917 0)
(-37.6815 2858.55 0)
(29.7575 497.048 0)
(6.24538 417.086 0)
(-1016.54 1884.38 0)
(2001.06 1412.94 0)
(9.62792 1221.6 0)
(-2431.27 960.519 0)
(-1846.02 1624.59 0)
(-1076.89 1827.6 0)
(257.011 2882.05 0)
(-1201.07 2756.83 0)
(3.91852 94.4483 0)
(-340.123 2350.15 0)
(2366.9 1017.96 0)
(200.453 824.193 0)
(65.5783 2745.26 0)
(1988.94 1421.47 0)
(560.687 2311.07 0)
(-31.2847 1032.51 0)
(1035.7 2361.1 0)
(-1079.93 1908.5 0)
(-2224.98 1153.55 0)
(1060.31 2806.51 0)
(-766.516 2596.7 0)
(8.05189 2702.47 0)
(-81.4882 2814.17 0)
(-2277.29 1308.83 0)
(-19.0808 2696.72 0)
(-433.791 2896.04 0)
(-447.616 2914.4 0)
(-984.331 1812.39 0)
(20.8002 2622.87 0)
(1534.63 2300.31 0)
(754.947 2708.65 0)
(-131.604 823.838 0)
(-24.9636 2710.95 0)
(122.002 2699.88 0)
(1842.78 917.588 0)
(-160.252 2745.32 0)
(-24.5493 243.044 0)
(-989.802 2236.41 0)
(-1589.31 2126.57 0)
(360.219 2213.12 0)
(-284.508 2625.33 0)
(-1631.81 1735.81 0)
(186.576 2777.79 0)
(-234.015 2537.16 0)
(459.956 2841.28 0)
(-50.9948 691.096 0)
(335.839 2862.8 0)
(-499.209 2462.01 0)
(13.8104 113.998 0)
(-137.655 2786.14 0)
(162.508 2576.79 0)
(146.484 582.315 0)
(825.499 2855.37 0)
(-1961.64 1357.43 0)
(-196.528 2591.9 0)
(17.7491 2839.03 0)
(-23.5014 98.5601 0)
(26.9693 165.629 0)
(-7.00462 70.7276 0)
(27.5122 136.483 0)
(34.0396 204.021 0)
(-910.606 2829.24 0)
(926.819 2859.45 0)
(52.9227 201.702 0)
(1151.17 1957.93 0)
(1983.28 1486.1 0)
(-78.2585 2755.72 0)
(36.7161 228.623 0)
(-173.502 2964.13 0)
(-1132 2406.82 0)
(-1763.93 2429.57 0)
(48.5382 2751.96 0)
(-139.519 1511.06 0)
(-439.485 2740.31 0)
(33.9585 1029.22 0)
(2431.92 1008.99 0)
(35.0513 1098.93 0)
(-448.383 2721.71 0)
(0.496268 2790.73 0)
(-12.4923 348.495 0)
(-932.412 2870.87 0)
(1354.27 2515.26 0)
(1235.78 2305.97 0)
(-272.499 2600.03 0)
(36.7261 218.324 0)
(-1415.45 255.893 0)
(-0.634145 229.324 0)
(151.382 2085.48 0)
(-377.953 2659.83 0)
(1029 2799.51 0)
(-114.128 2611.1 0)
(-1229.84 2774.84 0)
(-145.981 586.094 0)
(926.208 2122.97 0)
(-553.442 2908.63 0)
(884.188 2142.23 0)
(-20.8932 104.387 0)
(50.5798 310.275 0)
(-39.3 2794.11 0)
(1438.35 2699.6 0)
(54.905 425.514 0)
(-0.972991 308.943 0)
(-16.365 2829.91 0)
(32.2676 139.067 0)
(133.27 550.698 0)
(2011.74 1630.9 0)
(42.6729 2818.71 0)
(-86.742 2840.57 0)
(-243.309 2756.27 0)
(-105.93 2785.77 0)
(-85.009 2711.58 0)
(-140.627 2666.87 0)
(-291.047 2827.47 0)
(204.368 990.01 0)
(-527.106 2001.97 0)
(-128.895 2792.94 0)
(-921.984 2824.43 0)
(2348.41 1177.21 0)
(1431.02 2353.47 0)
(535.144 2865.09 0)
(-1870.25 1492.67 0)
(-916.146 2315.72 0)
(427.652 2379.97 0)
(1475.69 2290.36 0)
(-1686.41 2457.57 0)
(911.465 2358.66 0)
(1436.68 2482.36 0)
(-148.987 2787.4 0)
(-1627.27 1630.11 0)
(-290.853 2838.11 0)
(-1422.76 2832.64 0)
(-52.1504 671.728 0)
(-1310.08 1911.31 0)
(-842.762 2599.12 0)
(220.455 2685.01 0)
(45.136 244.432 0)
(864.708 2148.8 0)
(2424.54 1147.28 0)
(-91.9509 2669.13 0)
(-1237.39 2145.08 0)
(-70.8438 2887.11 0)
(607.713 2318.21 0)
(118.175 2677.27 0)
(37.8071 364.711 0)
(-1195.56 2765.25 0)
(-151.054 1742.38 0)
(341.423 2351.39 0)
(-1963.41 1445.26 0)
(232.836 2689.19 0)
(560.256 2350.5 0)
(216.819 2793.79 0)
(-2075.27 936.042 0)
(81.3377 304.699 0)
(99.8206 2736.69 0)
(-74.4147 470.021 0)
(-934.752 2563.73 0)
(88.3304 2739.04 0)
(-11.555 179.326 0)
(-20.4062 81.9078 0)
(2158.55 1261.37 0)
(76.3735 2712.59 0)
(-72.7886 2408.67 0)
(-96.6451 351.995 0)
(2014.57 1369.37 0)
(50.1415 383.754 0)
(-679.948 2407.48 0)
(722.476 2521.82 0)
(-182.352 2727.36 0)
(-65.5584 2819.71 0)
(84.3622 2727.82 0)
(1844.28 2079.27 0)
(-357.019 2546.64 0)
(322.161 2652.83 0)
(-8.04431 2571.61 0)
(1558.35 1958.61 0)
(679.474 296.717 0)
(2393.94 970.595 0)
(-61.3324 524.34 0)
(-39.661 2765.3 0)
(10.1292 542.28 0)
(-20.0214 385.189 0)
(-1612.57 2665.68 0)
(-21.6977 167.03 0)
(584.596 2357.65 0)
(-1489.78 1656.01 0)
(1422.75 2303.77 0)
(-16.4888 2744.16 0)
(-291.523 2826.57 0)
(-70.6092 2941.22 0)
(0.588739 106.751 0)
(95.7412 2813.01 0)
(-31.6409 2703.7 0)
(-73.1235 2821.89 0)
(-19.8258 429.386 0)
(129.44 2843.44 0)
(-144.715 537.397 0)
(542.517 2877.87 0)
(-73.7547 2824.47 0)
(-185.987 2648.33 0)
(-328.478 2825.1 0)
(1946.02 803.461 0)
(1217.2 1309.43 0)
(-131.793 853.303 0)
(42.7226 1353.52 0)
(-2312.98 1157.85 0)
(142.599 2666.45 0)
(-1672.73 2124.95 0)
(-5.42024 2684.66 0)
(152.947 768.657 0)
(1212.43 2760.41 0)
(11.0145 90.4796 0)
(-1519 1689.51 0)
(19.3676 126.812 0)
(-457.331 1857.21 0)
(101.887 2683.01 0)
(66.2433 487.089 0)
(-1276.39 1785.63 0)
(1763.99 2076.45 0)
(148.203 2785.18 0)
(-1236.18 1769.4 0)
(-135.842 2670.72 0)
(-47.4195 1306.8 0)
(-465.019 2822.78 0)
(1984.27 1417.55 0)
(26.799 168.31 0)
(1788.47 1779.29 0)
(-263.046 2507.91 0)
(102.99 1404.97 0)
(16.0857 2061.2 0)
(-1497.81 1522.19 0)
(37.4155 2940.9 0)
(164.647 594.276 0)
(72.0441 2705.36 0)
(-30.0795 1784.21 0)
(2043.92 1432.01 0)
(1152.75 2711.61 0)
(-68.683 2845.2 0)
(-168.069 1030.62 0)
(-27.8677 2632.81 0)
(409.574 2899.09 0)
(-206.441 968.512 0)
(-4.78337 2854.78 0)
(660.542 2589.04 0)
(-122.937 419.369 0)
(0.636484 1235.13 0)
(-288.671 2795.65 0)
(-630.773 2400.74 0)
(-63.5657 1815.39 0)
(976.562 1905.5 0)
(-35.3793 1297.37 0)
(-113.31 1795.12 0)
(-678.204 2856.78 0)
(43.1316 1030.42 0)
(-17.6352 2731.53 0)
(-1337.93 2203.55 0)
(55.7906 2108.69 0)
(872.471 2840.84 0)
(11.2339 514.643 0)
(2.79876 2739.64 0)
(216.056 1011.42 0)
(189.955 735.422 0)
(1960.15 1682.6 0)
(34.0184 207.19 0)
(64.7221 2782.33 0)
(-684.361 2054.7 0)
(-26.501 240.191 0)
(219.477 3008.1 0)
(-29.0356 2829.54 0)
(73.5247 2935.5 0)
(-129.214 2752.31 0)
(-71.0441 2767.82 0)
(18.7303 2711.3 0)
(24.2628 2700.11 0)
(-16.102 1210.65 0)
(126.27 2782.9 0)
(-1699.81 2101.27 0)
(-887.041 2462.17 0)
(826.231 2166.31 0)
(202.758 2709.09 0)
(998.735 2400.64 0)
(117.152 860.383 0)
(2292.75 1080.21 0)
(-1167.76 1835.11 0)
(1997.52 1444.9 0)
(33.8504 2717.29 0)
(-39.2043 2725.45 0)
(-114.527 2740.76 0)
(-801.856 2580.64 0)
(-731.686 2670.21 0)
(36.52 232.095 0)
(-230.384 878.155 0)
(-21.5283 2793.64 0)
(-148.21 2733.65 0)
(-485.863 2311.83 0)
(-17.7053 129.424 0)
(-1095.47 2411.73 0)
(-2027.81 1774.47 0)
(488.175 2939.65 0)
(-1.73974 232.62 0)
(116.049 2819.03 0)
(-26.4848 2720.26 0)
(-102.772 2801.73 0)
(24.735 1018.95 0)
(1937.16 1472.92 0)
(102.484 2569.48 0)
(167.736 1480.47 0)
(-89.4213 1477.52 0)
(24.2105 514.241 0)
(2291.64 972.027 0)
(-1182.06 1733.13 0)
(-651.951 2608.4 0)
(53.7136 2709.63 0)
(-1837.53 1828.77 0)
(39.1348 2729.09 0)
(-1251.44 2203.37 0)
(2133.87 1439.36 0)
(2067.66 904.294 0)
(-1621.76 1608.08 0)
(-995.602 1746.75 0)
(2109.5 1444.7 0)
(-1513.25 2861.98 0)
(-1140.18 1783.36 0)
(-1522.17 2832.34 0)
(107.919 2907.73 0)
(1343.32 2266.54 0)
(1565.25 594.533 0)
(-929.43 2756 0)
(875.201 2150.15 0)
(-622.398 2878.3 0)
(-1568.01 2825.47 0)
(-1558.53 2771.66 0)
(9.35053 206.401 0)
(2.83666 2628.51 0)
(166.343 1461.04 0)
(83.2625 442.315 0)
(2392.65 1153.61 0)
(28.4684 771.825 0)
(-550.197 2073.84 0)
(141.384 2662.83 0)
(-2310.18 1234.55 0)
(49.3836 2726.15 0)
(67.8391 2780.11 0)
(-413.909 2093.95 0)
(18.3304 99.9967 0)
(-39.9474 2794.31 0)
(-115.669 1413.34 0)
(171.866 1988.48 0)
(-631.722 2321.05 0)
(-2.19687 312.991 0)
(1981.28 1463.61 0)
(-598.451 2238.12 0)
(-1935.04 1620.54 0)
(-162.379 2824.11 0)
(-67.7166 569.446 0)
(32.4059 2733.4 0)
(50.4335 2700.99 0)
(65.108 2808.61 0)
(-816.182 2557.15 0)
(1138.78 2568.54 0)
(-662.635 2705.75 0)
(-1536.6 2906.64 0)
(-1075.93 1810.43 0)
(93.8502 2827.89 0)
(-1237.19 2759.92 0)
(45.7944 375.483 0)
(-2208.94 1586.45 0)
(-54.962 204.069 0)
(-976.998 1966.43 0)
(26.0741 2855.12 0)
(550.032 1934.56 0)
(-15.0567 93.2805 0)
(384.126 2840.4 0)
(1180.21 2712.61 0)
(2414.07 1031.81 0)
(670.491 2750.13 0)
(-2251.05 1280.02 0)
(42.0669 2757.07 0)
(-502.86 1966.84 0)
(284.035 2571.46 0)
(181.321 639.552 0)
(-196.609 790.256 0)
(-1751.29 1644.82 0)
(1443.45 2340.83 0)
(2280.31 1185.68 0)
(29.1924 504.575 0)
(841.584 2424.5 0)
(3.52832 70.0188 0)
(-48.2584 2764.06 0)
(-1251.78 2777.61 0)
(-539.089 2707.86 0)
(81.9667 2317.18 0)
(418.474 2306.75 0)
(-77.5314 2564.63 0)
(1190.3 2463.26 0)
(124.271 583.931 0)
(2412.53 1034.23 0)
(831.5 2601.11 0)
(295.769 2898.15 0)
(-2002.94 1456.61 0)
(1029.47 2703.47 0)
(-567.188 2449.23 0)
(-755.135 1938.94 0)
(1706.11 2110.86 0)
(-529.75 2571.99 0)
(-22.0801 106.009 0)
(627.399 2779.7 0)
(-4.37444 69.0939 0)
(-6.42019 1193.97 0)
(-1298.39 2785.32 0)
(78.1903 2703.01 0)
(-9.17996 2892.29 0)
(1914.8 1500.58 0)
(112.738 505.861 0)
(-239.689 2829.87 0)
(-1884.93 1545.85 0)
(214.762 2340.71 0)
(-149.325 2744.41 0)
(169.014 2874.08 0)
(-814.914 1822.71 0)
(-1645.92 2125.96 0)
(2318.43 1181.24 0)
(-30.7737 161.89 0)
(1848.98 1566.58 0)
(-143.561 613.435 0)
(1373.89 2693.34 0)
(68.5192 2811.58 0)
(-177.448 2650.27 0)
(-1198.84 2781.45 0)
(-1139.7 1664.79 0)
(110.386 463.269 0)
(-274.469 2828.35 0)
(-1863.81 2163.63 0)
(95.7469 430.444 0)
(-21.4814 90.254 0)
(859.14 2705.85 0)
(2414.05 979.153 0)
(-1584.28 2030.85 0)
(4.16219 93.1011 0)
(18.3897 2882.61 0)
(-101.402 627.168 0)
(-12.9836 2740.59 0)
(1126.67 2372.22 0)
(-111.094 2803.23 0)
(1988.51 1461.52 0)
(-186.937 2884.5 0)
(66.2875 291.858 0)
(-108.633 684.225 0)
(399.025 2423.16 0)
(-20.1752 2784.08 0)
(-1144.48 1799.07 0)
(-109.957 694.091 0)
(-80.8084 1354.65 0)
(-63.7062 1341.49 0)
(-99.6675 2461.04 0)
(745.67 2704.96 0)
(1654.27 1671.73 0)
(-2201.84 1580.27 0)
(31.7007 2769.94 0)
(1660.71 2387.1 0)
(1655.25 2484.39 0)
(1651.61 2597.03 0)
(2400.6 966.944 0)
(-925.305 2269.49 0)
(891.851 3010.77 0)
(-144.046 2648.47 0)
(46.0108 391.836 0)
(1205 1886.8 0)
(-1275.58 1805.63 0)
(1638.36 2803.19 0)
(1697.27 1923.74 0)
(151.461 550.296 0)
(-6.2731 2760.5 0)
(-24.2584 2739.1 0)
(1806.64 1579.68 0)
(1006.83 2698.6 0)
(163.08 640.875 0)
(-21.5382 390.245 0)
(512.165 2815.05 0)
(1017.06 2541.33 0)
(-1445.79 2205.12 0)
(12.9334 2797.43 0)
(2251.53 1363.7 0)
(-145.64 2774.01 0)
(-16.5171 2396.18 0)
(-187.379 2656.36 0)
(1473.95 2281.59 0)
(2406.87 1069.28 0)
(-3.09295 88.086 0)
(-21.4541 434.993 0)
(28.307 2720.33 0)
(26.103 350.56 0)
(-75.7728 754.929 0)
(-62.056 2876.92 0)
(-2113.06 1344.44 0)
(1247.48 2672.89 0)
(-1803.13 1592.65 0)
(10.9044 2736.71 0)
(46.0106 380.921 0)
(2119.16 1360.23 0)
(1945.11 1469.48 0)
(-77.2656 278.534 0)
(231.111 2787.45 0)
(-117.279 2241.26 0)
(51.3445 1326.09 0)
(-182.61 2645.54 0)
(1942.55 1862.36 0)
(1.58654 1776.04 0)
(-6.04806 2664.34 0)
(-1344.59 1774.27 0)
(-37.1767 1794.67 0)
(-693.164 2132.21 0)
(-562.415 2900.79 0)
(-600.266 2883.1 0)
(939.387 2009.85 0)
(-82.2063 2711.51 0)
(-1260.27 2755.88 0)
(1409.76 2365.26 0)
(1608.61 2761.8 0)
(-6.60378 131.584 0)
(-752.865 2825.97 0)
(1.54242 77.4394 0)
(-932.051 2884.99 0)
(1301.48 1676.67 0)
(25.5947 2728.13 0)
(1131.37 1945.93 0)
(-1718.47 2073.25 0)
(-19.2057 2525.65 0)
(159.372 714.194 0)
(-21.5865 2759.3 0)
(1614.07 1768.34 0)
(20.9603 122.724 0)
(1031.3 2779.61 0)
(-769.32 2829.09 0)
(5.96822 2872.14 0)
(-2341.38 921.36 0)
(1663.54 2159.89 0)
(637.899 2868.48 0)
(34.6586 1019.11 0)
(318.465 2688.92 0)
(-698.23 1869.24 0)
(1969.47 1432.57 0)
(111.729 2858.52 0)
(-52.955 1316.09 0)
(187.127 905.196 0)
(50.6653 433.945 0)
(2407.77 1076.24 0)
(1768.11 1622.42 0)
(1268.05 2696.77 0)
(2423.67 999.069 0)
(53.233 2735.94 0)
(2111.88 1413.38 0)
(129.039 2796.78 0)
(39.6698 2718.37 0)
(-142.625 637.424 0)
(1175.69 2067.91 0)
(-67.3728 297.096 0)
(2152.44 1391.47 0)
(-491.86 2597.59 0)
(29.1919 132.626 0)
(-131.373 2688.86 0)
(-111.192 2801.69 0)
(538.278 2529.29 0)
(1779.45 1576.82 0)
(-1635.39 2047.21 0)
(1295.66 2689.95 0)
(237.728 2796.19 0)
(-353.294 2566.03 0)
(144.398 2667.01 0)
(2392.24 980.322 0)
(9.31809 148.782 0)
(-205.672 2691.33 0)
(37.0932 2749.3 0)
(-321.389 1759.61 0)
(2403.81 953.368 0)
(-1032.72 2506.66 0)
(-264.294 2611.65 0)
(1732.34 2591.65 0)
(-75.5451 1367.22 0)
(-19.4113 2718.98 0)
(-176.291 880.283 0)
(-679.341 2405.75 0)
(1734.49 1673.41 0)
(2394.45 1050.45 0)
(-172.566 2650.9 0)
(-192.761 2714.75 0)
(270.464 1606.59 0)
(-102.85 847.413 0)
(-38.8276 2819.41 0)
(-380.375 2568.66 0)
(776.774 2426.58 0)
(14.1679 2764.42 0)
(1535.4 1710.21 0)
(-1300.14 2901.62 0)
(1187.73 2633.86 0)
(587.998 2355.86 0)
(2346.02 1154.14 0)
(2182.13 1281.23 0)
(34.4529 2063.7 0)
(-204.871 2690.93 0)
(37.2308 360.99 0)
(-97.0346 823.646 0)
(48.9842 2721.1 0)
(348.826 2679.99 0)
(-2318.33 1002.52 0)
(-149.541 2735.22 0)
(-58.362 2761.63 0)
(-1695.01 2093.86 0)
(719.368 2171.37 0)
(-5.43829 1170.79 0)
(38.5486 2830.11 0)
(111.251 2687.51 0)
(62.1288 376.488 0)
(1779.5 1827.95 0)
(202.848 751.816 0)
(2276.89 970.39 0)
(1940.58 1921.88 0)
(117.524 2695.42 0)
(-214.872 2800.48 0)
(-65.6256 2781.72 0)
(-665.347 2880.65 0)
(423.471 53.4216 0)
(-6.6851 72.9777 0)
(369.698 2667.99 0)
(-7.9418 89.1482 0)
(575.742 2370.18 0)
(2340.64 1183.61 0)
(-8.77499 2831.68 0)
(1539.54 2248.55 0)
(-711.648 1770.94 0)
(-1944.61 1351.74 0)
(2331.4 993.749 0)
(-737.775 1857.48 0)
(2368.75 1133.99 0)
(-1724.05 1699.15 0)
(14.7329 88.7012 0)
(-25.9512 2841.41 0)
(-2174.47 1374.35 0)
(112.007 2822.78 0)
(-1256.29 1838.77 0)
(1661.2 1989.61 0)
(-21.219 169.576 0)
(-35.8045 2756.19 0)
(363.228 2489.89 0)
(-7.07695 88.0895 0)
(801.448 2165.79 0)
(1213.62 1801.94 0)
(-89.2378 478.877 0)
(-12.4919 100.514 0)
(-22.3264 2706.76 0)
(-2.89261 74.026 0)
(28.2144 2663.63 0)
(-398.655 2832.57 0)
(-35.7511 779.151 0)
(37.0734 2720.17 0)
(218.427 1127 0)
(20.8345 2860.83 0)
(36.5297 211.843 0)
(1121.91 2088.37 0)
(2053.14 1499.84 0)
(-77.2471 534.954 0)
(11.462 2734.3 0)
(-489.6 2790.8 0)
(3.76332 234.241 0)
(709.557 2774.62 0)
(-3.67365 86.9721 0)
(-125.429 2678.48 0)
(-12.3938 2740.3 0)
(-45.6406 234.105 0)
(-2223.68 1240.23 0)
(1864.96 1525.95 0)
(659.933 2743.28 0)
(542.386 1696.71 0)
(997.42 1947.93 0)
(1821.39 1560.85 0)
(918.353 2223.82 0)
(-14.4201 92.1794 0)
(151.225 2040.3 0)
(-2437.08 965.23 0)
(-744.8 2835.1 0)
(-1403.97 1741.35 0)
(80.8614 490.101 0)
(-621.496 2876.99 0)
(-169.187 2794.77 0)
(-550.43 2884.37 0)
(1807.39 1571.82 0)
(1258.95 2731.65 0)
(-125.621 503.919 0)
(-40.7863 394.925 0)
(65.857 480.648 0)
(2298.96 1583.58 0)
(-1166.72 1879.12 0)
(95.4993 675.13 0)
(-35.2745 201.27 0)
(-1295.31 1953.96 0)
(81.9958 2815.93 0)
(-311.983 2568.06 0)
(31.2892 2866 0)
(215.368 2539.15 0)
(94.0368 2789 0)
(2077.85 1406.19 0)
(-37.4029 190.626 0)
(676.223 2727.24 0)
(2185.36 1382.93 0)
(68.5035 270.088 0)
(1942.45 1538.62 0)
(-1833.31 1618.18 0)
(1278.15 2750.9 0)
(474.868 2565.2 0)
(75.1041 1062.2 0)
(152.853 938.357 0)
(-78.4446 2757.17 0)
(-887.611 2423.28 0)
(236.132 2797.92 0)
(-59.5239 1067.49 0)
(952.817 1924.18 0)
(10.2607 115.869 0)
(9.66914 1246.33 0)
(4.97569 315.199 0)
(-9.13074 1148.75 0)
(-280.077 2109.67 0)
(-286.34 2819.22 0)
(-36.1859 2781.61 0)
(-801.953 2787.99 0)
(115.648 2703.76 0)
(13.5116 345.715 0)
(-137.159 2770.22 0)
(52.0292 2766.18 0)
(-264.154 2611.92 0)
(44.3871 1005.2 0)
(711.933 2997.98 0)
(61.7713 2774.45 0)
(120.321 2701.19 0)
(546.573 2062.75 0)
(197.603 771.232 0)
(-3.91981 2738.57 0)
(-2165.41 1311.54 0)
(26.9568 131.783 0)
(-77.8759 2766.11 0)
(96.4895 2685.57 0)
(33.6249 963.236 0)
(-34.7872 2768.07 0)
(-1500.12 995.368 0)
(237.218 2702.6 0)
(22.5608 2258.3 0)
(966.426 2580.96 0)
(1333.5 2813.02 0)
(-160.079 2774.01 0)
(-889.773 2782.31 0)
(1016.57 1811.92 0)
(2029.42 1464.63 0)
(1767.59 1620.84 0)
(-33.6739 2919.79 0)
(-2266.86 856.852 0)
(79.9617 2815.14 0)
(43.0386 945.144 0)
(-47.9845 647.864 0)
(-15.9206 147.824 0)
(-22.9111 2719.12 0)
(-43.5538 2756.35 0)
(-728.877 2838.27 0)
(4.89568 108.072 0)
(-2097.88 1323.26 0)
(2350.25 989.232 0)
(-1587.77 1758.31 0)
(514.624 2802.42 0)
(19.0902 86.6176 0)
(-164.068 2778.12 0)
(1736.74 1674.54 0)
(-63.8191 674.165 0)
(-43.1535 246.698 0)
(283.642 1551.24 0)
(-7.51771 133.502 0)
(310.828 2723.98 0)
(1395.19 2828.02 0)
(-137.893 611.555 0)
(2367.66 1120.9 0)
(-187.606 2891.34 0)
(-45.3874 685.231 0)
(679.678 2724.75 0)
(-3.84121 89.2246 0)
(-604.743 2245.16 0)
(97.7087 419.759 0)
(919.498 2840.88 0)
(2093.19 1383.74 0)
(2380.09 1161.19 0)
(-396.333 2846.9 0)
(723.584 2006.41 0)
(-203.461 2636.63 0)
(-19.144 2783.54 0)
(179.451 2907.69 0)
(-230.046 2808.85 0)
(1776.41 1732.56 0)
(2.14151 2722.24 0)
(-23.9796 122.705 0)
(31.2726 107.267 0)
(-594.219 2042.98 0)
(-2076.28 1357.11 0)
(-1891.19 2071.04 0)
(-1051.85 1786.83 0)
(178.563 912.271 0)
(121.156 413.88 0)
(28.8569 99.0505 0)
(86.5726 2838.25 0)
(135.123 459.298 0)
(-568.009 2451.24 0)
(-162.024 2628.82 0)
(230.547 935.471 0)
(173.408 2881.66 0)
(-1918.13 1607.67 0)
(-107.553 2790.08 0)
(-510.8 2743.63 0)
(62.8529 2676.98 0)
(-791.695 2801.99 0)
(96.2346 684.316 0)
(1801.25 1686.12 0)
(107.313 418.703 0)
(267.477 2846.56 0)
(-46.7638 2395.25 0)
(160.325 644.663 0)
(-2358.35 989.265 0)
(757.624 2210.81 0)
(2349.81 1166.51 0)
(216.732 2803.4 0)
(-384.992 2528.39 0)
(921.706 2851.42 0)
(-554.819 2353.35 0)
(-184.796 892.25 0)
(2056.72 1421.84 0)
(602.554 2875.44 0)
(253.238 2911.65 0)
(-234.09 2778.61 0)
(2225.27 831.856 0)
(1679.74 1955.58 0)
(-1086.3 1920.66 0)
(-43.6926 2764.81 0)
(-1176.68 2766.71 0)
(652.829 2642.86 0)
(161.834 2791.3 0)
(-933.764 2828.96 0)
(1617.7 1770.65 0)
(74.408 2727.77 0)
(-1384.07 1850.23 0)
(-645.486 2172.89 0)
(-0.398098 2756.69 0)
(26.9081 1052.9 0)
(-709.442 2552.75 0)
(40.9681 157.478 0)
(-170.919 2967.72 0)
(75.5439 2785.74 0)
(940.858 2080.89 0)
(1.95031 80.0261 0)
(1175.86 1561.7 0)
(748.808 2717.15 0)
(-148.676 1103.61 0)
(2094.41 1379.42 0)
(-67.3219 591.894 0)
(-183.442 2658.86 0)
(1839.29 1528.6 0)
(-90.1774 346.278 0)
(-211.71 926.179 0)
(-126.791 2795.78 0)
(144.068 2786.91 0)
(-1258.11 2429.25 0)
(-1004.44 1927.19 0)
(511.384 2564.95 0)
(332.777 2514.5 0)
(-1272.27 2786.65 0)
(2153.07 1326.51 0)
(65.5403 2741.98 0)
(455.836 2425.54 0)
(-971.462 2689.79 0)
(39.6731 233.787 0)
(188.716 2618.44 0)
(-2115.63 973.997 0)
(739.694 2638.92 0)
(-18.2475 147.813 0)
(-41.4641 2758.56 0)
(-1180.04 1847.51 0)
(-245.472 2762.35 0)
(-492.259 1838.33 0)
(-128.573 1853.76 0)
(210.506 2615.5 0)
(107.699 2828.63 0)
(-625.377 2401.26 0)
(898.831 1821.29 0)
(82.5616 2830.45 0)
(-16.8839 2660.35 0)
(-240.629 2611.62 0)
(-678.337 2856.75 0)
(1146.55 2562.33 0)
(-1499.58 2172.9 0)
(90.8943 429.6 0)
(1761.58 1760.14 0)
(-78.981 2952.09 0)
(1939.48 2210.46 0)
(-1827.03 2653.5 0)
(2307.45 1669.6 0)
(-2196.74 1119.83 0)
(1769.92 2554.07 0)
(2452.47 1310.04 0)
(-1919.7 2118.55 0)
(-1232.37 1870.99 0)
(538.674 2213.88 0)
(122.433 660.877 0)
(-129.252 2688.38 0)
(2334.77 1224.42 0)
(81.7962 586.823 0)
(2001.57 1453.02 0)
(2367.96 1138.93 0)
(159.325 2751.34 0)
(-651.027 2356.6 0)
(-1636.29 2657.31 0)
(548.894 2875.61 0)
(-1562.65 2248.01 0)
(9.09236 426.144 0)
(-2103.14 855.458 0)
(1610.55 2259.29 0)
(-52.2904 1020.05 0)
(-78.0197 2551.52 0)
(59.9604 2303.52 0)
(1712.47 1720.93 0)
(-9.8274 69.1785 0)
(187.223 669.178 0)
(-14.4351 73.0483 0)
(-318.074 2819.79 0)
(236.61 2793.77 0)
(-744.861 2691.33 0)
(91.9062 2827.53 0)
(2216.27 1193.63 0)
(-684.634 2250.7 0)
(-1630.76 1772.54 0)
(2389.62 1053.65 0)
(-35.9276 2797.32 0)
(-1312.78 2791.62 0)
(26.5825 340.588 0)
(-942.478 1768.99 0)
(1859.72 2052.81 0)
(2338.26 1225.56 0)
(153.15 2782.15 0)
(-1255.57 1910.06 0)
(-940.364 2458.27 0)
(489.591 2546.08 0)
(150.5 2804.55 0)
(92.0279 2763.09 0)
(1162.21 2446.47 0)
(-348.307 2730.39 0)
(1219.5 1970.32 0)
(-580.557 2891.87 0)
(-147.796 2676.77 0)
(285.256 2386.25 0)
(-340.107 2670.45 0)
(29.4967 135.025 0)
(-19.6644 2757.28 0)
(-813.946 2609.38 0)
(-83.6849 2871.36 0)
(-78.4968 2787.52 0)
(189.069 765.432 0)
(-1089.13 1841.72 0)
(141.516 541.481 0)
(73.2159 2811.24 0)
(-330.615 1880.91 0)
(-69.929 2688.83 0)
(-230.932 1528.76 0)
(1707.9 1715.65 0)
(-6.47143 1123.95 0)
(-2163.31 1235.6 0)
(20.056 2731.53 0)
(659.39 2868.66 0)
(355.037 2858.72 0)
(7.14731 150.044 0)
(-13.9429 353.154 0)
(-48.6309 1062.2 0)
(1950 1566.64 0)
(695.164 2162.9 0)
(138.91 2984.93 0)
(-4.04738 91.4157 0)
(690.483 2743.3 0)
(-115.627 470.515 0)
(-202.581 2654.24 0)
(-1199.01 2175.59 0)
(-34.8033 2765.83 0)
(-37.0006 767.942 0)
(-29.6051 102.903 0)
(1403.07 2309.75 0)
(8.72762 2433.41 0)
(-27.7652 103.968 0)
(41.5912 2985.02 0)
(1512.83 2254.03 0)
(2048.11 1507.4 0)
(-491.91 2598.37 0)
(30.1902 907.347 0)
(-1129.91 2543.46 0)
(1207.31 1960.37 0)
(-13.6998 2717.56 0)
(2290.26 1284.07 0)
(2058.11 1597.57 0)
(-142.11 1452.62 0)
(-1675.74 1771.66 0)
(628.105 2884.85 0)
(-143.843 811.728 0)
(1426.88 1894.13 0)
(1281.88 2022.99 0)
(1239.74 1743.13 0)
(931.365 2149.37 0)
(-10.9541 72.2088 0)
(-1200.29 2903.32 0)
(24.1597 2762.58 0)
(1366.64 2360.17 0)
(-8.31016 2738.91 0)
(-85.7321 314.381 0)
(-6.10587 115.727 0)
(63.0242 2830.74 0)
(301.533 2807.15 0)
(-217.038 2633.41 0)
(137.969 2761.39 0)
(-2439.98 1021.08 0)
(-1694.67 1772.65 0)
(-17.694 261.641 0)
(1726.87 1786.86 0)
(-476.343 2523.14 0)
(14.6515 2874.85 0)
(-27.2169 2739.76 0)
(1705.35 1817.7 0)
(-45.9058 2637.62 0)
(-1046.81 2573.13 0)
(2275.93 1270.22 0)
(296.266 2263.06 0)
(-29.7813 387.44 0)
(-92.2739 2505.71 0)
(-73.2396 2790.05 0)
(10.9587 104.762 0)
(50.3202 352.571 0)
(207.315 2481.74 0)
(-1252.32 2207.14 0)
(156.83 807.43 0)
(-26.6849 145.185 0)
(6.10491 2683.57 0)
(1.50734 2821.28 0)
(-106.009 614.712 0)
(123.883 2693.02 0)
(-2313.88 1114.33 0)
(109.073 2724.31 0)
(1918.73 1553.06 0)
(1.6813 1183.45 0)
(96.6915 2825.62 0)
(-2111.88 1289.42 0)
(-22.8521 1148.7 0)
(1147.83 1901.87 0)
(-1002.18 1830.1 0)
(-18.5449 1235.94 0)
(1583.51 2218.78 0)
(80.7012 571.595 0)
(-583.924 2205.01 0)
(309.868 2378.85 0)
(1657.68 2435.33 0)
(161.73 605.3 0)
(-142.466 2787.59 0)
(-459.668 2001.09 0)
(846.708 2713.75 0)
(1770.4 1729.76 0)
(-10.6927 260.24 0)
(181.803 730.103 0)
(101.334 2779.59 0)
(167.687 2919.2 0)
(-113.418 2798.6 0)
(318.378 2565.86 0)
(59.087 2811.49 0)
(80.9204 2729.65 0)
(-217.924 911.362 0)
(-1729.74 1783.77 0)
(-2135.32 1313 0)
(3.25734 104.86 0)
(-17.3583 85.8317 0)
(-26.95 1425.32 0)
(-905.366 2833.41 0)
(1773.95 1788.48 0)
(-1930.33 1521.58 0)
(32.2579 2715.8 0)
(-126.005 2129.51 0)
(-104.576 2800.85 0)
(-86.2384 1367.51 0)
(885.618 2848.98 0)
(1372.11 2002.82 0)
(1516.71 2788.14 0)
(432.72 2468.76 0)
(-2174.08 1356.71 0)
(-164.027 2791.53 0)
(15.5031 107.373 0)
(-149.154 2721.44 0)
(1976.68 1514.59 0)
(-527.064 2237.01 0)
(79.185 2796.7 0)
(9.10974 93.1682 0)
(-489.837 2791.38 0)
(36.1185 297.401 0)
(2333.67 1176.08 0)
(187.651 2764.4 0)
(13.9999 104.632 0)
(-8.34838 191.342 0)
(-132.112 2789.29 0)
(-1402.05 1919.06 0)
(228.457 2774.37 0)
(460.265 1683.56 0)
(202.935 2722.52 0)
(149.727 745.482 0)
(1692.38 1868 0)
(-47.3031 656.98 0)
(2274.9 1235.83 0)
(-148.01 2651.54 0)
(-0.0676538 82.5454 0)
(-12.0299 2829.7 0)
(-161.04 858.986 0)
(-74.8937 476.219 0)
(-527.437 2919.88 0)
(63.5311 2766.3 0)
(-6.80307 153.926 0)
(80.5922 2830.09 0)
(412.319 2866.98 0)
(-1800.56 1759.13 0)
(165.986 2728.6 0)
(2031.04 1474.19 0)
(-1424.3 2248.75 0)
(26.3922 809.539 0)
(77.2968 2705.34 0)
(294.904 2847.01 0)
(-235.833 2624.31 0)
(2236.43 1353.88 0)
(1174.17 2476.69 0)
(93.9925 2827.25 0)
(287.228 2746.15 0)
(2042.06 1319.08 0)
(56.149 352.347 0)
(17.091 116.192 0)
(-131.108 809.609 0)
(738.225 1966.76 0)
(1642.88 2023.53 0)
(16.5513 901.253 0)
(-389.985 2612.44 0)
(883.453 1963.98 0)
(-645.02 2473.14 0)
(196.097 1497.88 0)
(273.595 2794.08 0)
(1338.73 2131.53 0)
(15.4866 113.025 0)
(-1762.67 1770.6 0)
(43.6208 1771.35 0)
(-398.604 2833.22 0)
(-35.635 2796.83 0)
(23.5632 1079.16 0)
(27.3531 1044.2 0)
(173.169 679.909 0)
(18.6849 111.233 0)
(-442.252 2874.89 0)
(162.605 662.878 0)
(-1410.56 2248.08 0)
(23.5675 110.031 0)
(-8.25307 2700.61 0)
(774.183 2727.33 0)
(366.682 2492.33 0)
(19.6741 217.071 0)
(-1693.31 2526 0)
(187.033 739.387 0)
(639.69 2645.8 0)
(110.726 2823.59 0)
(-619.004 2288.2 0)
(801.42 2718.29 0)
(6.69244 93.3943 0)
(1334.69 2248.99 0)
(-211.596 2149.32 0)
(-269.446 2823.33 0)
(-941.179 2460.46 0)
(69.9499 318.299 0)
(51.6493 235.222 0)
(40.9326 172.997 0)
(-1621.89 1606.9 0)
(13.476 188.608 0)
(38.997 170.4 0)
(-1133.15 2778.52 0)
(124.152 506.907 0)
(-30.8103 244.431 0)
(-54.1512 417.44 0)
(892.901 2147.38 0)
(-329.744 2091.24 0)
(-60.1119 252.55 0)
(27.7979 2709.67 0)
(-130.802 527.513 0)
(82.0907 298.892 0)
(-37.8175 164.942 0)
(458.723 2421.85 0)
(42.1137 358.058 0)
(-685.142 2883.61 0)
(773.081 2676.69 0)
(171.691 668.802 0)
(-1.19746 2735.89 0)
(384.935 2664.95 0)
(2244.59 1371.91 0)
(45.5816 365.282 0)
(58.5886 389.517 0)
(75.9422 2812.09 0)
(-1756.59 1773.14 0)
(-112.588 722.031 0)
(-528.873 2569.01 0)
(14.0831 210.489 0)
(1667.6 1902.9 0)
(49.0597 230.964 0)
(54.2456 381.391 0)
(65.4825 312.782 0)
(36.2526 167.347 0)
(49.7267 373.292 0)
(116.77 501.072 0)
(-55.2133 237.131 0)
(-92.4246 393.711 0)
(178.595 708.238 0)
(-45.6765 193.489 0)
(-18.3046 200.718 0)
(64.1126 431.636 0)
(2385.32 1060.3 0)
(319.908 2265.59 0)
(1596.62 2208.32 0)
(72.2184 332.379 0)
(2367.31 1580.78 0)
(1760.36 1811.15 0)
(42.35 181.423 0)
(38.3676 350.148 0)
(1.78868 2715.56 0)
(-140.546 628.007 0)
(2233.04 1342.79 0)
(-35.2829 161.357 0)
(-35.469 2768.7 0)
(622.735 2312.01 0)
(-61.8367 264.621 0)
(1696.7 1805.22 0)
(-55.8759 248.375 0)
(-6.04259 90.268 0)
(10.6169 2683.76 0)
(-46.0683 203.37 0)
(-108.443 482.298 0)
(17.8842 2797.12 0)
(-182.468 2940.65 0)
(114.146 2854.45 0)
(-3.3232 90.3856 0)
(226.493 958.935 0)
(742.697 2395.75 0)
(2218.43 1394.88 0)
(43.5773 2754.06 0)
(466.944 2845.58 0)
(-508.479 2195.85 0)
(170.186 2884.97 0)
(-317.439 2436.11 0)
(158.722 663.31 0)
(1124.35 2511.55 0)
(-42.8102 281.758 0)
(-114.436 490.528 0)
(-0.575261 85.2739 0)
(506.643 2205.53 0)
(-14.0987 192.206 0)
(-223.892 2626.9 0)
(1233.32 2038.04 0)
(59.0063 405.768 0)
(-120.72 497.79 0)
(-1013.13 1705.64 0)
(-1859.28 1438.24 0)
(59.3202 422.852 0)
(534.18 2769.72 0)
(2220.23 1399.82 0)
(110.883 493.338 0)
(44.1437 963.268 0)
(-19.9496 1004.97 0)
(-562.638 2317.82 0)
(-640.824 2354.07 0)
(-117.869 807.145 0)
(-13.9945 2735.91 0)
(96.0877 2782.06 0)
(889.602 2825.95 0)
(-123.981 517.873 0)
(119.269 2822.2 0)
(70.384 477.504 0)
(64.9721 449.355 0)
(-649.945 2879.25 0)
(-973.739 2695.74 0)
(194.457 775.502 0)
(-34.7317 388.197 0)
(1520.88 2204.54 0)
(-9.28552 2764.64 0)
(1401.99 2328.44 0)
(-89.4026 485.333 0)
(69.2425 292.372 0)
(87.2907 438.733 0)
(1145.52 2802.73 0)
(-971.725 2134.96 0)
(1500.5 2238.01 0)
(203.908 793.261 0)
(59.3455 2752.66 0)
(-39.2976 2630.26 0)
(-120.529 2758.51 0)
(-1731.39 1735.13 0)
(2246.05 1374.89 0)
(-1082.34 2504.8 0)
(106.202 2819.79 0)
(-46.2981 2708.02 0)
(272.801 2804.53 0)
(65.3625 467.963 0)
(-161.338 2809.46 0)
(165.199 670.908 0)
(1690.74 1864.51 0)
(183.368 1132.64 0)
(-57.1911 298.086 0)
(-104.581 2701.23 0)
(1369.8 2398.57 0)
(145.976 2799.07 0)
(1986.33 1601.83 0)
(23.3376 138.681 0)
(138.663 654.181 0)
(-85.9899 2763.5 0)
(21.1191 2723.59 0)
(-638.113 1861.86 0)
(78.2118 527.564 0)
(-1051.73 2574.54 0)
(-108.978 1221.14 0)
(75.7707 487.108 0)
(-7.49369 2751.61 0)
(300.585 2803.42 0)
(1517.27 1955.14 0)
(-2183.71 1085.45 0)
(8.3252 2932.14 0)
(-73.0076 292.768 0)
(83.5425 537.975 0)
(-111.446 470.338 0)
(2401.39 1034.66 0)
(204.071 2626.67 0)
(121.377 704.111 0)
(-250.68 2631.24 0)
(-175.57 2816.92 0)
(-1206.32 2429.16 0)
(176.69 697.972 0)
(-133.614 616.834 0)
(-75.9146 398.746 0)
(-23.0023 224.386 0)
(19.4932 2885.1 0)
(1994.1 1601.08 0)
(1744.73 1942.18 0)
(32.9601 2742.9 0)
(90.7073 2731.31 0)
(16.2295 2827.82 0)
(-651.932 2516.91 0)
(-900.932 2141.17 0)
(1653.11 1939.01 0)
(-513.072 2662.69 0)
(156.161 652.84 0)
(1535.29 2019.85 0)
(-775.593 2812.2 0)
(-2458.35 1038.99 0)
(1646.94 2019.91 0)
(84.0253 1030.53 0)
(77.1208 506.752 0)
(-273.564 2967.45 0)
(-2146.67 1238.03 0)
(97.4835 582.453 0)
(-608.101 1909.12 0)
(-65.6846 352.223 0)
(-687.335 2350.02 0)
(-9.44899 2779.56 0)
(-700.259 2322.86 0)
(9.66904 89.9705 0)
(-1681.35 1483.41 0)
(-882.065 2746.16 0)
(1715.68 1679.36 0)
(-109.223 2665.84 0)
(-132.833 2800.66 0)
(38.0881 2843.98 0)
(77.9476 324.106 0)
(595.094 2261.85 0)
(34.4019 984.822 0)
(-589.064 2381.2 0)
(49.7924 1342.06 0)
(2076.76 1584.33 0)
(-694.591 2525.38 0)
(-134.733 625.364 0)
(1620.98 1973.99 0)
(-16.0755 2764.1 0)
(-36.1389 284.719 0)
(31.3518 135.651 0)
(12.0905 89.0989 0)
(-2.46682 1195.73 0)
(-1294.95 1744.08 0)
(1501.21 2688.03 0)
(-464.515 2273.04 0)
(1353.39 2754.89 0)
(1897.19 1458.37 0)
(-163.303 2398.82 0)
(136.805 2773.59 0)
(-143.2 2936.54 0)
(1603.1 1999.59 0)
(15.5635 105.506 0)
(-585.939 2765.06 0)
(1957.19 1663.12 0)
(317.734 2749.89 0)
(67.9203 417.163 0)
(423.58 2473.24 0)
(77.0061 2609.29 0)
(2018.39 1757.97 0)
(1392.81 2430.98 0)
(2165.56 1429.7 0)
(17.6356 88.745 0)
(-2155.81 1266.51 0)
(2257.34 1091.92 0)
(65.7749 2896.09 0)
(-230.646 2821.14 0)
(125.612 689.069 0)
(13.5779 89.6632 0)
(1076.08 2705.38 0)
(6.73613 102.008 0)
(-26.7246 120.78 0)
(127.565 655.96 0)
(220.057 2622.59 0)
(-137.728 650.645 0)
(12.516 101.998 0)
(146.715 712.849 0)
(-52.4414 1754.44 0)
(-129.458 518.033 0)
(195.337 726.711 0)
(344.955 2775.62 0)
(1011.54 2040.26 0)
(-237.012 2816.76 0)
(2315.18 1099.73 0)
(2341.65 1020.26 0)
(1984.8 1606.93 0)
(-51.0065 211.441 0)
(19.2632 89.8166 0)
(-11.5511 1105.85 0)
(-2215.96 1728.02 0)
(-2218.77 1590.14 0)
(91.2285 571.285 0)
(169.404 2073.75 0)
(30.2938 1063.42 0)
(-541.338 2279.83 0)
(64.3232 2778.22 0)
(538.206 2240.88 0)
(57.0005 2808.16 0)
(-185.334 2655.13 0)
(1356.32 2442.62 0)
(-50.9607 2617.19 0)
(1600.45 1781.3 0)
(-159.605 2684.17 0)
(-2153.27 1590.63 0)
(-1239.49 2261.26 0)
(2197.66 1437.72 0)
(1684.2 1924.73 0)
(-2113.08 901.416 0)
(-510.439 2924.29 0)
(-123.777 497.048 0)
(-291.663 2576.93 0)
(-16.2064 2735.32 0)
(-37.4225 162.122 0)
(-87.6154 2673.12 0)
(-152.877 632.166 0)
(-15.3871 1746.29 0)
(-111.34 2412.05 0)
(1620.2 2789.57 0)
(-16.5091 83.2179 0)
(85.2791 560.123 0)
(2073.15 1403.92 0)
(-113.12 483.707 0)
(407.88 2871.23 0)
(126.41 647.154 0)
(13.9997 102.791 0)
(25.5606 110.664 0)
(-72.0077 2835.99 0)
(21.991 107.423 0)
(1510.83 2793.79 0)
(-99.0243 484.517 0)
(17.2787 114.108 0)
(1956.68 1663.87 0)
(-105.441 2810.02 0)
(-145.342 2925.67 0)
(64.6144 2797.25 0)
(-2362.99 998.699 0)
(-152.305 833.282 0)
(2216.73 1447.39 0)
(74.7281 576.042 0)
(-635.809 2576.79 0)
(821.959 2602.5 0)
(140.815 718.723 0)
(-46.9226 2708.88 0)
(-2439.78 921.771 0)
(-2380.66 1043.69 0)
(18.6439 116.907 0)
(-127.331 2793.03 0)
(3.18902 336.246 0)
(-138.168 644.18 0)
(-119.434 490.931 0)
(-20.6633 798.244 0)
(756.429 2747.09 0)
(-98.7267 477.95 0)
(-59.869 248.611 0)
(-415.521 2837.19 0)
(117.982 2820.23 0)
(-95.8748 392.727 0)
(45.5548 1406.22 0)
(133.073 703.695 0)
(-777.385 2561.81 0)
(-2311.73 1156.18 0)
(-66.0988 265.104 0)
(-24.8337 2719.29 0)
(-1420.82 2954.72 0)
(612.748 2887.95 0)
(120.977 501.009 0)
(2021.44 1673.69 0)
(38.0217 2887.25 0)
(-20.5142 87.4801 0)
(-1768.85 1700.28 0)
(-207.103 2880.14 0)
(-56.0357 2784.79 0)
(237.68 2564.39 0)
(-1751.69 464.266 0)
(40.9764 170.311 0)
(-2267.35 1265 0)
(-651.688 2357.78 0)
(23.5433 108.098 0)
(1.28986 162.756 0)
(24.8144 2677.9 0)
(2226.79 1331.23 0)
(1583.86 2030.89 0)
(38.4426 167.833 0)
(75.7192 2893.36 0)
(2290.02 1409.22 0)
(873.133 2868.48 0)
(774.501 2229 0)
(1502.63 1755.18 0)
(-2179.42 1373.9 0)
(670.069 2440.9 0)
(-166.04 2668.61 0)
(-16.8602 87.5338 0)
(1056.94 2762.92 0)
(-16.8721 1275.04 0)
(-42.3186 189.264 0)
(-51.1976 232.507 0)
(99.8741 606.379 0)
(103.24 401.726 0)
(-50.0772 543.794 0)
(31.3417 2834.83 0)
(-53.6081 193.545 0)
(-64.1139 296.298 0)
(33.5947 163.457 0)
(-840.599 2752.03 0)
(149.381 651.305 0)
(-527.464 2408.94 0)
(11.5146 186.567 0)
(176.892 872.267 0)
(1994.03 1493.91 0)
(54.5507 235.434 0)
(12.2656 205.233 0)
(132.968 581.89 0)
(127.936 579.346 0)
(41.8012 201.428 0)
(-87.4895 387.186 0)
(459.395 2837.14 0)
(-73.4597 350.921 0)
(1.7267 2773.52 0)
(45.1804 225.816 0)
(101.726 1419.44 0)
(115.474 494.393 0)
(5.69487 163.841 0)
(-300.445 2956.1 0)
(51.7318 231.51 0)
(2153.47 1467.45 0)
(119.39 634.606 0)
(737.792 1745.62 0)
(-242.438 1840.65 0)
(-288.224 2595.96 0)
(271.124 2798.17 0)
(-45.2187 190.171 0)
(6.85745 204.199 0)
(61.2346 306.894 0)
(1894.94 1571.84 0)
(8.15971 229.983 0)
(106.488 618.272 0)
(1.60757 202.551 0)
(81.9684 430.777 0)
(96.6883 574.838 0)
(-2109.32 1390.73 0)
(-816.173 2215.01 0)
(-124.663 829.848 0)
(18.6951 339.099 0)
(287.25 2773.71 0)
(34.3655 342.113 0)
(0.620136 2754.72 0)
(278.733 2570.61 0)
(-1484.54 2916.99 0)
(10.1936 309.481 0)
(93.5807 529.968 0)
(37.4097 2739.8 0)
(-1253.57 2328.51 0)
(-188.323 2697.19 0)
(-845.407 2307.72 0)
(-35.2818 158.656 0)
(-102.806 473.911 0)
(112.161 622.106 0)
(83.1562 530.845 0)
(105.649 610.103 0)
(16.875 110.301 0)
(996.509 2727.43 0)
(-54.5349 233.36 0)
(-19.0879 2795.66 0)
(-292.026 2822.29 0)
(120.419 643.369 0)
(-107.941 475.504 0)
(-202.191 2638.32 0)
(118.495 581.094 0)
(-84.1714 2712.03 0)
(-26.2461 1124.3 0)
(-804.443 2802.85 0)
(2221.14 960.64 0)
(69.0762 313.751 0)
(-1669.68 2089.25 0)
(-129.817 2680.32 0)
(-2.4414 2696.67 0)
(-84.8856 938.285 0)
(2424.13 974.278 0)
(-1872.55 1833.06 0)
(-1608.09 2649.28 0)
(-327.952 2825.07 0)
(76.1739 332.928 0)
(104.568 484.154 0)
(-127.707 613.692 0)
(1221.75 1930.38 0)
(113.273 630.569 0)
(-129.101 726.729 0)
(478.407 2258.42 0)
(-134.729 710.322 0)
(15.2575 111.231 0)
(-91.4443 387.755 0)
(-257.784 2829.77 0)
(-16.1133 84.5821 0)
(45.7364 360.255 0)
(58.5924 384.133 0)
(63.4971 745.093 0)
(28.8855 139.755 0)
(2335.35 1088.02 0)
(54.0125 376.11 0)
(363.472 2326.96 0)
(49.5756 368.1 0)
(234.464 2032.93 0)
(36.2024 164.53 0)
(42.5785 352.64 0)
(-169.684 2541.43 0)
(63.8909 425.776 0)
(-945.873 2741.39 0)
(159.24 2793.9 0)
(2202.14 1502.5 0)
(-749.396 2183.3 0)
(2136.46 1550.91 0)
(85.439 486.53 0)
(1516.97 1815.89 0)
(70.1108 471.146 0)
(18.3276 2936.37 0)
(1.85822 274.791 0)
(612.838 2887.17 0)
(1931.31 1705.56 0)
(-1760.7 1877.46 0)
(5.58187 84.7995 0)
(90.6813 563.8 0)
(-1289.32 2963.09 0)
(44.9693 202.644 0)
(90.3432 2801.95 0)
(-7.28393 114.189 0)
(1650.71 1938.74 0)
(-1838.7 1769.76 0)
(75.3384 480.622 0)
(-122.479 510.935 0)
(149.206 2805.56 0)
(32.4857 636.704 0)
(-12.6395 71.503 0)
(-80.8102 2744.43 0)
(-72.5033 2755.06 0)
(48.6027 227.297 0)
(28.3382 1336.37 0)
(-45.9695 199.868 0)
(-1668.34 1611.11 0)
(2386.01 1031.72 0)
(42.7853 2792.82 0)
(1121.3 2028.43 0)
(-349.884 2909.16 0)
(-12.0051 1172.46 0)
(166.968 2730.63 0)
(791.947 2539.99 0)
(-1852.56 1837.83 0)
(23.372 897.755 0)
(-3.81168 2601.53 0)
(-55.2163 244.436 0)
(-1078.65 2945.75 0)
(-693.837 2755.87 0)
(56.9915 1468.43 0)
(-59.734 260.243 0)
(21.1177 1121.18 0)
(-32.9507 157.659 0)
(14.63 207.113 0)
(-1756.74 1812.06 0)
(1601.1 1775.65 0)
(-32.7226 132.315 0)
(65.0244 308.293 0)
(89.6371 2725.38 0)
(-249.807 1725.2 0)
(15.997 2800.39 0)
(86.8081 433.472 0)
(-132.802 2493.34 0)
(12.7983 126.237 0)
(130.508 806.431 0)
(109.884 486.398 0)
(119.318 684.635 0)
(898.834 2381.3 0)
(-35.7585 478.42 0)
(1649.79 1993.48 0)
(134.744 2810.75 0)
(42.2443 178.672 0)
(130.285 729.702 0)
(-686.009 2429.18 0)
(-18.6438 195.519 0)
(150.073 2806.03 0)
(2110.27 1594.92 0)
(412.885 2428.28 0)
(-44.316 2765.85 0)
(-747.463 2404.75 0)
(-510.095 2345.15 0)
(-17.9647 1400.49 0)
(4.96228 104.191 0)
(-0.314194 2724.11 0)
(-1805.69 1898.27 0)
(-1279.92 2791.89 0)
(13.6893 110.289 0)
(-2201.23 1405.93 0)
(-576.052 2349.22 0)
(869.123 2804.72 0)
(145.003 924.228 0)
(-4.50677 1806.57 0)
(-14.2041 843.266 0)
(-423.565 2837.62 0)
(2296.7 1213.06 0)
(48.0055 2772.2 0)
(888.353 2202.23 0)
(-46.8249 2831.64 0)
(38.1837 345.052 0)
(22.3391 342.212 0)
(-73.54 960.161 0)
(1604.19 2006.21 0)
(-234.263 2816.14 0)
(92.8366 1151.3 0)
(6.59704 2731.29 0)
(-496.528 2822.84 0)
(462.949 2405.36 0)
(-25.18 2765.61 0)
(-1609.68 2103 0)
(2138.56 1528.11 0)
(191.66 717.142 0)
(-740.784 2832.48 0)
(-93.5649 475.475 0)
(76.1376 2704.45 0)
(71.5088 327.675 0)
(-299.61 2253.71 0)
(74.5874 323.912 0)
(1924.79 1704.83 0)
(67.4249 326.39 0)
(148.716 787.732 0)
(-81.3191 2796.56 0)
(41.885 372.724 0)
(2134.09 1550.33 0)
(-866.859 2787.1 0)
(15.4375 119.088 0)
(1583.49 2029.45 0)
(54.5294 397.428 0)
(-197.381 2492.73 0)
(698.622 2868.52 0)
(-169.662 2774.38 0)
(-282.22 2593.71 0)
(-895.092 2091.39 0)
(-712.516 2317.52 0)
(-39.4453 745.433 0)
(-24.061 259.121 0)
(58.9376 400.237 0)
(59.9085 440.331 0)
(-15.5358 95.778 0)
(63.5318 414.318 0)
(862.227 2175.83 0)
(-141.008 2640.98 0)
(-1836.78 1711.59 0)
(-138.049 2829.87 0)
(2315.02 1180.97 0)
(-526.733 2237.2 0)
(-278.996 2832.11 0)
(1565.06 2061.92 0)
(-22.0692 235.559 0)
(2044.61 1607.26 0)
(64.737 443.33 0)
(1439.76 2161.01 0)
(-17.0225 198.138 0)
(1515.58 2254.08 0)
(-631.888 2451.37 0)
(838.815 1762.33 0)
(-487.753 2518.46 0)
(1468.48 2035.24 0)
(-584.962 2203.53 0)
(-10.0927 189.196 0)
(-8.58698 151.562 0)
(1998.77 1725.9 0)
(153.636 2781.6 0)
(-13.1051 257.381 0)
(-2251.55 1210.33 0)
(32.6144 295.231 0)
(-9.12093 114.296 0)
(-563.259 2169.23 0)
(6.52946 130.708 0)
(-116.652 2791.61 0)
(-1.94822 415.264 0)
(-39.4185 279.638 0)
(-644.701 2170.28 0)
(11.2874 125.105 0)
(545.353 2876.97 0)
(8.97828 127.973 0)
(54.7765 414.088 0)
(430.97 2896.7 0)
(13.4731 122.06 0)
(191.358 2718.18 0)
(-1803.78 1908.93 0)
(-42.7861 148.924 0)
(85.321 2807.72 0)
(1388.56 1728.57 0)
(59.2169 417.068 0)
(-143.725 583.451 0)
(-52.5929 662.362 0)
(1544.03 2084.48 0)
(53.3287 2731.75 0)
(597.864 2454.03 0)
(1055.57 2388.75 0)
(150.484 2808.13 0)
(26.8952 2726.35 0)
(20.4909 2743.68 0)
(358.322 2826.54 0)
(39.6444 178.51 0)
(78.3526 439.822 0)
(1888.74 1512.19 0)
(53.8176 2728.46 0)
(77.8194 520.438 0)
(2129.88 1511.7 0)
(-131.919 2730.87 0)
(-24.4705 2738.2 0)
(39.268 206.831 0)
(1523.92 2113.25 0)
(138.57 2814.42 0)
(-115.562 2793.21 0)
(17.2892 427.649 0)
(1472.66 2241.43 0)
(1082.99 2714.75 0)
(99.0046 598.236 0)
(-358.466 2798.83 0)
(-2314.64 1141.64 0)
(521.908 2869.66 0)
(65.2477 461.593 0)
(-604.557 2246.05 0)
(2104.58 1584.95 0)
(60.4694 458.292 0)
(701.341 2115.53 0)
(43.384 2760.63 0)
(-102.72 2673.17 0)
(-32.9217 114.538 0)
(126.597 699.043 0)
(-2191.15 1316.24 0)
(-1751.99 1623.8 0)
(-19.274 146.127 0)
(-386.558 2690.07 0)
(-1086.17 2265.23 0)
(-241.652 2286.55 0)
(-53.0462 200.768 0)
(511.416 2275.05 0)
(-173.445 2852.99 0)
(-88.5569 578.781 0)
(593.423 2873.79 0)
(-728.247 2832.22 0)
(1826.03 1685.18 0)
(142.889 2805.84 0)
(-1582.92 2830.32 0)
(-1871.03 1725.73 0)
(230.109 2804.77 0)
(118.539 675.05 0)
(0.0305833 461.556 0)
(673.478 2194.07 0)
(-882.165 2163.87 0)
(-175.885 2816.88 0)
(-56.9711 259.417 0)
(-925.373 2692.11 0)
(76.5833 500.134 0)
(-684.685 2253.7 0)
(33.2181 2748.79 0)
(108.113 503.905 0)
(-52.6185 243.979 0)
(1589.18 2802.75 0)
(12.7649 313.158 0)
(11.6144 92.9083 0)
(1005.96 2065.79 0)
(164.833 2733.74 0)
(-36.0063 281.057 0)
(-621.653 2287.97 0)
(-327.453 2690.78 0)
(84.7737 552.646 0)
(187.831 952.078 0)
(96.7958 409.112 0)
(-1891.12 1892.85 0)
(142.228 729.202 0)
(79.4731 2786.88 0)
(199.493 810.426 0)
(-28.657 284.523 0)
(-166.049 770.895 0)
(465.054 2847.04 0)
(165.166 828.6 0)
(10.4419 113.854 0)
(-2207.55 1330.98 0)
(-55.2074 2765.58 0)
(-97.6929 556.211 0)
(-681.436 2412.83 0)
(-43.5802 199.24 0)
(-1699.7 1585.13 0)
(2102.87 1655.85 0)
(-116.205 2792.98 0)
(850.334 2378.19 0)
(-141.898 2771.88 0)
(66.8095 2782.19 0)
(292.265 1932.17 0)
(173.781 2886.01 0)
(1.86898 512.41 0)
(-386.254 2265.89 0)
(1142.91 2315.88 0)
(723.258 1651.76 0)
(-482.5 2432.53 0)
(342.923 2866.81 0)
(-138.157 2898 0)
(-23.9623 2721.27 0)
(-50.9552 207.766 0)
(-82.5663 2824.45 0)
(0.0900064 2928.42 0)
(-33.7909 115.904 0)
(-21.9237 146.585 0)
(-11.0473 151.687 0)
(990.362 2640.06 0)
(1133.8 1767.29 0)
(-271.682 2962.57 0)
(1503.79 2135.03 0)
(-1096.01 1817.86 0)
(145.331 751.512 0)
(-38.5203 2753.68 0)
(-581.628 2474.1 0)
(-1198.61 1817.3 0)
(-338.751 2877.61 0)
(-13.4378 82.3881 0)
(72.5878 517.1 0)
(-12.8017 189.77 0)
(-14.2098 2758.85 0)
(26.4262 2982.7 0)
(408.316 2904.11 0)
(1084.86 1899.39 0)
(28.8701 297.133 0)
(-62.6641 2772.09 0)
(71.5096 497.006 0)
(134.352 713.756 0)
(14.7815 386.85 0)
(-862.837 2384.14 0)
(-881.218 2165.73 0)
(475.303 2413.73 0)
(961.959 2796.75 0)
(-42.4082 2662.46 0)
(-16.8724 258.034 0)
(-547.992 2430.94 0)
(1624.73 1869 0)
(662.061 2528.22 0)
(163.473 2784.46 0)
(-168.554 2774.37 0)
(2173.27 1299.89 0)
(1135.64 2466.7 0)
(941.419 2808.15 0)
(11.8179 2667.68 0)
(1982.92 837.995 0)
(666.543 2064.06 0)
(1389.75 2313.61 0)
(521.253 2796.62 0)
(-1053.99 3025.51 0)
(2019.33 1711.71 0)
(18.2523 1088.69 0)
(79.5728 2714.52 0)
(90.1762 2755.83 0)
(-62.577 2772.29 0)
(2277.77 1259.59 0)
(95.8018 2621.34 0)
(45.9433 424.726 0)
(-1265.3 1827.14 0)
(131.519 1186.51 0)
(-9.53727 70.895 0)
(2235.66 1291.81 0)
(-268.158 2851.99 0)
(-699.928 2324.52 0)
(615.894 2675.09 0)
(130.26 1176.5 0)
(1.34891 2678.83 0)
(728.609 2164.58 0)
(2430.2 935.575 0)
(-972.175 2006.14 0)
(103.67 2802.68 0)
(18.7756 107.343 0)
(65.0961 1228.57 0)
(1850.11 1862.68 0)
(1565.22 2060.4 0)
(60.9169 647.273 0)
(-172.835 2851.77 0)
(832.329 2200.65 0)
(-33.0112 2655.09 0)
(-7.04326 2729.74 0)
(0.0949747 2550.43 0)
(-3.83497 2760.13 0)
(-36.8928 1111.58 0)
(-166.456 2593.56 0)
(-117.781 510.609 0)
(1481.76 2165.32 0)
(1471.98 2185.98 0)
(1114.39 2592.17 0)
(-78.7973 1848.17 0)
(-415.387 2521.55 0)
(1452.91 2204.8 0)
(-1235.63 2201.37 0)
(-619.212 2430.1 0)
(-67.7629 2668.55 0)
(1134.86 2308.82 0)
(1516.29 2867.64 0)
(235.202 2791.16 0)
(2269.9 1310.2 0)
(304.902 2286.69 0)
(-562.237 2317.72 0)
(-640.857 2355.57 0)
(-1672.91 2211.14 0)
(169.348 879.799 0)
(1684.34 1885.98 0)
(248.758 2454.49 0)
(941.991 2179.03 0)
(42.727 536.279 0)
(-1816.96 1899.98 0)
(25.381 135.372 0)
(-648.402 2601.94 0)
(-76.7716 2788.27 0)
(-65.6812 646.916 0)
(-66.0908 534.958 0)
(-68.5738 2729.99 0)
(771.922 2253.4 0)
(-918.757 2694.41 0)
(2002.24 1638.81 0)
(-222.247 800.136 0)
(20.0932 2480.07 0)
(2032.43 1717.76 0)
(-358.159 2838.67 0)
(79.3509 548.986 0)
(1316.86 2477.89 0)
(-1695.23 1168.95 0)
(137.191 930.659 0)
(-79.6581 2749.47 0)
(-1427.91 1751.49 0)
(171.32 763.166 0)
(-192.054 2735.07 0)
(-50.8743 536.508 0)
(-1360.49 2825.88 0)
(-44.6394 553.892 0)
(-79.2939 389.793 0)
(-434.48 2337.79 0)
(-49.3083 559.576 0)
(100.02 2765.56 0)
(-284.701 2596.65 0)
(-1474.29 2066.65 0)
(29.4306 2719.92 0)
(-1882.65 1899.43 0)
(-1537.28 1781.54 0)
(-765.293 2628.46 0)
(2162.89 1431.14 0)
(1016.37 2405.95 0)
(-295.508 2834.73 0)
(159.924 2791.49 0)
(2019.69 1656.86 0)
(1554.24 2097.83 0)
(-30.7113 159.264 0)
(154.157 2780.94 0)
(1854.24 1860.02 0)
(-970.457 2774.64 0)
(-24.4379 1018.4 0)
(106.601 2760.82 0)
(-73.6916 2812.41 0)
(-38.926 564.832 0)
(303.168 2800.99 0)
(-0.65573 2793.02 0)
(93.269 594.731 0)
(119.072 596.34 0)
(1437.13 2223.12 0)
(-174.749 650.068 0)
(-103.786 2786.28 0)
(2152.95 1279.88 0)
(2.82868 1221.06 0)
(208.086 2691.19 0)
(340.332 1878.87 0)
(-45.9551 532.083 0)
(-978.176 2600.01 0)
(1723.16 1686.56 0)
(1870.74 1967.61 0)
(1524.48 2111.14 0)
(-116.061 2794.99 0)
(2444.05 942.471 0)
(-68.8441 678.243 0)
(114.289 2986.23 0)
(-2267.97 910.542 0)
(-1453.96 2851.86 0)
(-12.4754 2726.46 0)
(-762.35 2790.16 0)
(2008.55 1750.06 0)
(-2167.41 1326.6 0)
(-406.058 2539.35 0)
(-47.6865 2709.99 0)
(-134.427 2789.25 0)
(-997.881 2758.14 0)
(-39.0816 2753.23 0)
(-129.061 2735.6 0)
(12.1421 112.969 0)
(719.382 2502.93 0)
(23.9154 984.157 0)
(57.9329 214.648 0)
(30.5044 128.801 0)
(742.388 2167.69 0)
(-1614.02 2032.99 0)
(-802.965 2785.56 0)
(3.92942 101.464 0)
(2401.41 949.769 0)
(-590.16 2381.01 0)
(-132.425 2764.64 0)
(-1132.21 2202.52 0)
(202.275 2867.21 0)
(-116.079 2791.84 0)
(149.89 800.934 0)
(-386.547 2689.68 0)
(-150.283 623.577 0)
(34.2886 1055.95 0)
(339.232 2815.19 0)
(-266.162 1872.1 0)
(-14.2982 2742.93 0)
(146.207 763.135 0)
(-1796.08 2021.08 0)
(1098.66 2601.14 0)
(-1708.86 1973.41 0)
(-58.522 2662.19 0)
(7.07683 90.3576 0)
(846.841 2456.96 0)
(-203.953 2684.02 0)
(1501.52 2128.28 0)
(-1244.89 2794.9 0)
(-258.537 2790.46 0)
(-1062.15 1929.42 0)
(60.566 655.95 0)
(1989.54 1785.63 0)
(-157.73 614.63 0)
(-1197.67 2423.33 0)
(-192.947 2629.96 0)
(-59.3207 2706.48 0)
(-93.4221 567.418 0)
(-48.6364 207.494 0)
(-13.6073 2758.96 0)
(-93.2227 559.894 0)
(-1454.24 2009.81 0)
(-121.357 2790.08 0)
(183.547 707.147 0)
(-117.173 2718.89 0)
(-664.633 2874.76 0)
(-220.992 2672.67 0)
(-24.0301 101.481 0)
(35.0905 2721.78 0)
(-54.0075 2818.27 0)
(-1567.98 1791.18 0)
(2404.27 1044.64 0)
(-745.55 2689.87 0)
(78.6384 2840.65 0)
(2.96903 307.523 0)
(-37.265 2758.55 0)
(50.4132 422.322 0)
(393.112 2877.53 0)
(-10.7235 100.693 0)
(-4.82602 2473.2 0)
(1440.72 1263.01 0)
(-53.3437 2760.38 0)
(-661.431 1985 0)
(2.65576 228.576 0)
(54.0699 307.837 0)
(1931.67 1841.91 0)
(1952.06 1801.96 0)
(-1230.98 2756.56 0)
(-11.5328 127.961 0)
(-13.5862 98.5971 0)
(251.452 2868.11 0)
(-140.845 494.497 0)
(1126.71 1963.73 0)
(-527.48 2407.01 0)
(924.873 2444.37 0)
(-1111.2 2884.49 0)
(-120.786 2789.89 0)
(-707.869 2324.43 0)
(877.855 2402.5 0)
(-110.742 2796.73 0)
(39.4982 226.684 0)
(-1.77201 113.496 0)
(20.081 2690.47 0)
(-1782.84 1983.14 0)
(67.4881 405.991 0)
(-38.0701 2713.48 0)
(-245.171 2761.75 0)
(2019.7 1757.31 0)
(-161.432 2809.55 0)
(597.32 2838.09 0)
(718.915 2221.09 0)
(-569.45 2385.77 0)
(-2.32606 2826.97 0)
(792.205 2772.12 0)
(-26.668 2831.55 0)
(-68.958 690.292 0)
(-920.532 2813.35 0)
(-32.7876 1020.03 0)
(1113.8 1994.23 0)
(-227.855 2816.81 0)
(201.815 2652.86 0)
(-134.422 2797.02 0)
(55.2822 2800.39 0)
(267.225 2854.25 0)
(36.5514 202.205 0)
(-24.5426 2782.58 0)
(-1759.88 2048.53 0)
(-1768.86 1971.5 0)
(47.2683 321.864 0)
(-343.823 2826.15 0)
(-1812.74 1999.35 0)
(-170.573 663.532 0)
(257.862 2418.51 0)
(205.75 2736.19 0)
(-10.2698 112.767 0)
(758.844 2717.97 0)
(76.5531 315.147 0)
(-23.6252 2656.87 0)
(1161.82 1926.71 0)
(-66.0433 638.487 0)
(-695.831 2847.37 0)
(163.119 799.793 0)
(-156.644 2900.25 0)
(1895.73 1889.71 0)
(-105.716 434.044 0)
(29.115 164.097 0)
(-1192.77 1843.96 0)
(217.318 2744.25 0)
(478.792 2861.49 0)
(-1376.33 1798.25 0)
(-0.114701 2741.34 0)
(-70.0935 2709.81 0)
(-1685.58 1799.55 0)
(1132.42 2340.66 0)
(-695.358 2845.46 0)
(-30.8015 378.174 0)
(-605.648 2307.24 0)
(10.9358 337.815 0)
(1153.09 1734.97 0)
(448.763 2561.61 0)
(1006.96 2642.09 0)
(-1057.21 1984.1 0)
(-4.0583 1156.66 0)
(581.364 2786.04 0)
(-55.9473 2785.09 0)
(-1616.81 1791.19 0)
(8.84502 112.828 0)
(-1158.76 2273.34 0)
(-27.8195 310.061 0)
(-28.3131 265.317 0)
(66.8519 1240.32 0)
(1026.47 2028.31 0)
(903.262 2403.02 0)
(-22.8407 341.029 0)
(445.339 2855.77 0)
(-299.925 2252.69 0)
(-31.0525 421.983 0)
(-1656.23 1787.68 0)
(-7.23259 67.2291 0)
(22.8053 2839.85 0)
(34.9857 2758.08 0)
(64.8456 334.12 0)
(406.995 2930.5 0)
(-145.356 825.537 0)
(224.573 2706.37 0)
(126.63 2890.56 0)
(1477.57 2158.54 0)
(33.3454 2750.32 0)
(56.8814 335.396 0)
(19.8997 2650.88 0)
(1457.56 2184.74 0)
(1449.71 2208.94 0)
(1205.19 2729.24 0)
(471.76 2619.92 0)
(991.811 2852.51 0)
(-11.2039 1079.48 0)
(-7.82044 1624.29 0)
(71.5074 1097.75 0)
(-19.4244 254.927 0)
(-246.209 2562.45 0)
(36.2445 1311.72 0)
(4.90848 65.8507 0)
(1421.78 2215.91 0)
(21.571 719.469 0)
(2004.38 1794.4 0)
(586.251 2318.82 0)
(-17.1509 232.283 0)
(2380.64 970.533 0)
(-1587.21 2163.57 0)
(-157.518 2780.29 0)
(1087.01 2009.73 0)
(41.5314 421.371 0)
(-12.5132 813.57 0)
(973.52 1962.94 0)
(-453.822 2535 0)
(-532.187 2495.96 0)
(-232.735 2633.76 0)
(255.25 2798.94 0)
(25.4239 294.614 0)
(2454.84 928.524 0)
(1125.15 2347.7 0)
(195.319 2188.4 0)
(-14.541 187.481 0)
(-384.329 2559.16 0)
(32.0028 2665.15 0)
(-3.78349 2793.43 0)
(1425.15 2249.44 0)
(-256.863 1023.23 0)
(1428.06 2290.41 0)
(-1321.21 2906.22 0)
(-10.9048 2723.78 0)
(66.4417 2783.04 0)
(-104.279 804.715 0)
(1146.66 2160.5 0)
(-743.538 2121.99 0)
(2195.33 1397.58 0)
(77.92 2764.36 0)
(-1713.68 1791.1 0)
(-23.315 144.098 0)
(-658.925 2380.67 0)
(73.1053 431.323 0)
(-1173.87 2243.71 0)
(111.329 2516.37 0)
(2258.2 1059.65 0)
(-12.0425 149.718 0)
(62.0664 2911.09 0)
(1398.85 2292.09 0)
(578.624 2899 0)
(-40.3466 734.654 0)
(-1032.63 1961.51 0)
(-117.64 821.041 0)
(321.172 2927.47 0)
(23.753 419.389 0)
(66.0761 2758.94 0)
(-707.886 2307.43 0)
(-141.396 1168.69 0)
(-790.286 2798.64 0)
(1046.02 2142.62 0)
(578.664 2369.39 0)
(-747.617 2405.02 0)
(-778.749 2581.47 0)
(-968.5 1988.67 0)
(-88.7504 2721.18 0)
(46.5812 467.061 0)
(2477.29 1112.36 0)
(55.755 467.558 0)
(14.4983 138.161 0)
(-456.037 2416.24 0)
(293.396 2558.36 0)
(-1563.19 1564.94 0)
(1965.47 1818.21 0)
(34.2423 994.659 0)
(-45.7661 2802.5 0)
(1374.56 2309.84 0)
(1366.5 2312.13 0)
(1292.95 2360.25 0)
(-460.727 2575.97 0)
(-1776.87 1818.52 0)
(39.0434 2725.26 0)
(18.8438 128.514 0)
(320.519 2597.15 0)
(-62.8985 1517.45 0)
(-2.62666 125.732 0)
(81.4595 1166.1 0)
(-1711.65 1796.27 0)
(-126.707 2785.18 0)
(533.295 2295.84 0)
(24.7685 710.093 0)
(-2153.62 1374.63 0)
(1998.94 1590.6 0)
(-125.056 2787.15 0)
(-686.217 2429.72 0)
(1351.89 2339.89 0)
(-132.04 2789.04 0)
(503.213 2605.86 0)
(780.523 162.193 0)
(312.79 2720.49 0)
(-1110.84 3027.94 0)
(1048.51 2249.72 0)
(-552.666 2888.32 0)
(-152.304 2760.77 0)
(-134.046 2790.24 0)
(970.06 2061.4 0)
(135.123 2772.08 0)
(-884.603 2852.47 0)
(177.774 2850.85 0)
(2212.96 980.104 0)
(-23.3684 80.7582 0)
(-2175.22 1348.11 0)
(-134.871 1546.95 0)
(162.381 907.787 0)
(2166.8 1412.66 0)
(-510.617 2195.49 0)
(2449.01 1047.79 0)
(2112.43 1323.18 0)
(129.024 719.075 0)
(115.057 2854.09 0)
(137.089 645.28 0)
(1935.28 1838.15 0)
(-1559.92 2164.51 0)
(-155.028 2805.89 0)
(2444.79 948.076 0)
(-149.826 2759.57 0)
(-73.9499 2812.51 0)
(-599.585 2681.68 0)
(-1856.63 1865.98 0)
(137.718 2764.44 0)
(160.829 2673.42 0)
(1861.85 1963.89 0)
(-170.74 637.355 0)
(-7.85531 1271.92 0)
(626.093 2078.53 0)
(454.229 2948.02 0)
(-598.633 2577.71 0)
(89.2776 670.353 0)
(-30.4448 117.667 0)
(2094.74 1433.72 0)
(-91.2189 2698.4 0)
(548.234 2884.93 0)
(215.666 2762.5 0)
(1193.41 2362.81 0)
(785.477 2431.27 0)
(83.8906 2819.82 0)
(1609.72 2194.55 0)
(-130.978 639.216 0)
(-662.225 2868.37 0)
(-1868.71 1748.83 0)
(-88.7134 571.082 0)
(-12.3719 2747.01 0)
(685.317 2785.76 0)
(1030.24 2265.41 0)
(-305.026 2607.47 0)
(1343.66 2353.68 0)
(-127.01 2680.96 0)
(-1.11608 150.297 0)
(2.53455 74.6329 0)
(-163.93 2812.56 0)
(1927.75 1891.28 0)
(946.14 2066.34 0)
(-2.67677 1906.46 0)
(1468.03 1774.23 0)
(-32.5604 278.415 0)
(176.067 678.233 0)
(-587.728 2566.34 0)
(-281.158 2539.52 0)
(511.256 2624.19 0)
(-1053.31 2046.23 0)
(-30.6607 1146.64 0)
(-68.2684 2701.72 0)
(-126.626 605.566 0)
(147.286 642.4 0)
(1175.08 2409.26 0)
(60.8521 2706.07 0)
(-1059.83 2489.4 0)
(-70.0311 2677.4 0)
(-1.64003 187.341 0)
(527.941 2599.3 0)
(26.082 544.437 0)
(-106.366 2797.33 0)
(-2161.54 1730.61 0)
(189.396 1286.4 0)
(235.368 2785.24 0)
(1125.06 1987.93 0)
(1107.41 2336.42 0)
(-89.6807 2794.57 0)
(-550.946 2595.45 0)
(47.8177 525.666 0)
(1593.62 2215.19 0)
(-117.542 2737.43 0)
(-42.4142 2652.17 0)
(-598.055 2375.41 0)
(-773.191 2734.86 0)
(-58.531 2827.53 0)
(113.914 2810.26 0)
(974.744 2195.56 0)
(61.8552 2710.19 0)
(1134.04 2686.99 0)
(-151.762 2676.85 0)
(-39.7904 2915.54 0)
(-162.181 675.228 0)
(-762.604 2827.87 0)
(-124.215 801.712 0)
(352.768 2881.3 0)
(1630.86 439.065 0)
(-1749.88 431.27 0)
(762.334 2253.39 0)
(12.088 2665.16 0)
(93.9274 2713.1 0)
(-429.354 2774.98 0)
(-153.513 2677.62 0)
(42.8718 276.92 0)
(-764.901 2629.45 0)
(-1871.03 1615.95 0)
(43.8344 640.47 0)
(168.503 2728.34 0)
(137.386 2460.83 0)
(318.863 2383.26 0)
(-0.157753 2727.93 0)
(385.38 2495.97 0)
(-74.3462 2715.42 0)
(1112.04 2014.41 0)
(1317.19 1913.31 0)
(-60.2723 465.804 0)
(-563.858 2609.99 0)
(-2.36066 254.901 0)
(-137.593 804.219 0)
(-633.098 2452.72 0)
(1468.94 2304.63 0)
(-2079.89 841.858 0)
(116.384 656.843 0)
(48.0669 2772.49 0)
(176.226 2813.47 0)
(233.303 2594.56 0)
(-1417.18 2275.63 0)
(1425.24 2244.27 0)
(-32.0881 2680.88 0)
(6.23393 236.722 0)
(-14.9203 164.815 0)
(21.2137 2671.58 0)
(1245.65 2675.09 0)
(1952.43 1696.14 0)
(941.136 2166.4 0)
(-114.054 2686.25 0)
(-31.7962 1093.93 0)
(1326.37 2360.22 0)
(-1046.45 2521.2 0)
(390.473 2885.27 0)
(1318.7 2754.89 0)
(-14.6379 208.648 0)
(866.429 2145.27 0)
(-417.945 2174.9 0)
(1136.86 2563.15 0)
(1329.28 2373 0)
(-216.707 1598.46 0)
(-151.365 805.394 0)
(-492.116 2899.31 0)
(-1042.69 2025.27 0)
(-516.381 2472.13 0)
(556.427 2706.75 0)
(1048.43 2751.86 0)
(1551.93 1756.45 0)
(738.996 2234.88 0)
(266.742 2759.31 0)
(-96.3314 2799.24 0)
(717.427 2001.49 0)
(553.226 2887.18 0)
(-131.097 2782.87 0)
(-1780.83 1910.83 0)
(207.852 750.293 0)
(-1288.49 2351.74 0)
(-67.208 599.81 0)
(1891.63 1932.83 0)
(1835.12 1914.56 0)
(1307.27 2411.23 0)
(64.2778 559.479 0)
(-1150.59 1846.29 0)
(18.2646 308.008 0)
(1687.4 1755.76 0)
(594.285 2929.53 0)
(-132.061 2779.95 0)
(-111.678 2792.94 0)
(-463.768 2486.46 0)
(334.915 2781.99 0)
(697.227 2251.44 0)
(1399.25 1932.25 0)
(1151.14 2279.28 0)
(-47.0315 2819.41 0)
(79.5826 2766.8 0)
(585.572 2418.98 0)
(2097.56 1388.23 0)
(-520.467 2628.4 0)
(45.1047 190.178 0)
(-160.956 2644.98 0)
(83.7148 674.576 0)
(6.85815 2529.27 0)
(-583.041 2362.44 0)
(16.0037 1077.25 0)
(764.025 2676.35 0)
(64.9558 2778.96 0)
(107.997 581.699 0)
(1578.26 2234.01 0)
(1654.73 1666.4 0)
(583.735 3049.44 0)
(-77.1278 942.418 0)
(-383.97 2552.02 0)
(-225.541 2352.73 0)
(910.183 2178.35 0)
(669.522 2685.32 0)
(920.294 2089.63 0)
(31.3284 108.719 0)
(-476.88 2643.83 0)
(662.075 2456.08 0)
(-285.092 2571.93 0)
(26.8017 129.359 0)
(1395.51 2267.32 0)
(-51.4413 522.633 0)
(79.2564 2832.2 0)
(1138.35 2371.98 0)
(1371.16 2305.98 0)
(-149.021 2674.13 0)
(976.036 2064.76 0)
(-34.417 128.691 0)
(-32.4623 121.804 0)
(-221.829 2640.39 0)
(-179.369 2738.25 0)
(-97.8354 399.858 0)
(1622.29 1704.3 0)
(1313.98 2399.78 0)
(28.748 100.642 0)
(-286.496 2790.19 0)
(-52.1275 2601.86 0)
(-279.188 2831.22 0)
(47.897 2750.39 0)
(1412.38 1904.36 0)
(-116.002 606.327 0)
(28.4934 128.041 0)
(97.2239 2802.59 0)
(-995.942 2808.43 0)
(1415.27 1940.14 0)
(-176.413 2724.92 0)
(-973.353 2059.93 0)
(170.022 698.648 0)
(1347.81 2336.88 0)
(1345.32 2307.42 0)
(1375.38 2342.91 0)
(413.903 2554.09 0)
(-3.02716 85.9729 0)
(-73.2564 2657.65 0)
(366.526 2852.61 0)
(1093.98 2236.79 0)
(17.046 2760.86 0)
(-11.9517 2728.59 0)
(-971.775 2773.68 0)
(-581.787 2474.46 0)
(-146.246 2545.34 0)
(-14.9767 2763 0)
(-712.726 2841.04 0)
(-34.2736 130.819 0)
(-20.9495 1258.33 0)
(-56.4338 2669.43 0)
(154.921 2750.42 0)
(-140.82 597.766 0)
(956.567 2065.91 0)
(-137.079 2662.29 0)
(-1975.15 1519.24 0)
(449.521 2297.78 0)
(52.4629 2707.79 0)
(280.54 2801.85 0)
(-162.771 2672.49 0)
(543.298 2280.15 0)
(-1058.97 2788.63 0)
(-1818.09 1957.63 0)
(1609.82 2195.08 0)
(-1427.54 2276.01 0)
(-174.593 2109.66 0)
(1345.7 2363.29 0)
(33.4453 357.194 0)
(-58.8455 2651.36 0)
(-139.522 2452.89 0)
(74.8773 560.04 0)
(-18.1721 2656.58 0)
(-1088.6 2413.7 0)
(-682.912 2616.22 0)
(354.757 2860.2 0)
(-317.825 2516.5 0)
(710.793 2247.49 0)
(-13.939 2784.21 0)
(7.8564 318.549 0)
(739.035 2507.03 0)
(984.02 2104.03 0)
(536.226 2883.88 0)
(160.621 628.114 0)
(-356.143 2856.09 0)
(923.115 2522.36 0)
(-417.011 2592.12 0)
(1072.84 2043.2 0)
(-66.8687 720.834 0)
(-13.9039 197.447 0)
(-685.149 2401.26 0)
(2027.05 1458.04 0)
(-1186.39 2761.82 0)
(1594.75 2213.12 0)
(23.3045 206.807 0)
(-74.7946 273.678 0)
(1261.03 1881.62 0)
(-480.274 2588.22 0)
(2490.7 967.767 0)
(928.505 2080.36 0)
(456.078 2628.91 0)
(-84.9014 2811.46 0)
(-1083.33 1768.81 0)
(820.702 2184.35 0)
(177.519 729.864 0)
(-43.8067 419.204 0)
(-1355.27 2315.88 0)
(37.3978 2887.78 0)
(-570.592 2394.37 0)
(9.21276 2800.5 0)
(-541.422 2280.06 0)
(-993.909 2155.39 0)
(394.565 2536.83 0)
(-1052.28 2104.58 0)
(751.644 2212.7 0)
(-165.86 2700.49 0)
(165.471 2793.33 0)
(1305.79 2408.06 0)
(963.792 2618.74 0)
(-66.8277 995.227 0)
(931.959 2139.49 0)
(-168.566 886.617 0)
(-888.559 2483.53 0)
(-145.464 599.107 0)
(-19.8804 810.194 0)
(77.1873 2767.67 0)
(928.352 2564.64 0)
(144.405 572.581 0)
(-589.469 2635.43 0)
(-762.609 2829.15 0)
(-1418.54 1757.97 0)
(1292.87 2417.07 0)
(-1011.54 2085.58 0)
(-538.458 2582.8 0)
(-1609.94 2155.45 0)
(-1848.43 1853.36 0)
(-91.3049 2693.2 0)
(-192.298 2647.37 0)
(62.8028 2711.19 0)
(19.1119 84.942 0)
(-506.834 2612.71 0)
(605.124 2312.56 0)
(621.821 2741.09 0)
(745.651 2584.32 0)
(2030.3 1555.11 0)
(1317.61 2367.16 0)
(-298.528 1631.01 0)
(771.29 2216.73 0)
(-1706.99 1972.86 0)
(904.314 2128.99 0)
(-129.864 486.494 0)
(-152.587 1511.28 0)
(1111.17 2346.67 0)
(112.229 670.692 0)
(-1.94295 86.0449 0)
(320.517 2850.33 0)
(-54.4675 2747.15 0)
(-385.968 2265.39 0)
(291.152 2804.09 0)
(158.718 2745.04 0)
(106.785 2531.63 0)
(-19.3001 2810.36 0)
(328.383 2213.55 0)
(-303.798 2680.72 0)
(-113.347 2789.81 0)
(828.675 2489.01 0)
(-2076.46 1095.31 0)
(-1715.43 2072.67 0)
(-19.7126 2745.91 0)
(434.555 162.285 0)
(175.269 2893.41 0)
(-172.261 2544.76 0)
(58.0783 526.697 0)
(452.307 2271.65 0)
(-141.569 925.94 0)
(1577.85 2231.52 0)
(184.653 764.873 0)
(-1432.77 2831.47 0)
(41.7445 2804.32 0)
(115.026 699.252 0)
(-299.533 2656.75 0)
(1063.03 2750.57 0)
(186.412 2845.18 0)
(123.063 621.849 0)
(2441.11 995.414 0)
(137.895 2679.88 0)
(2317.91 996.211 0)
(-184.302 1835.57 0)
(60.9378 477.433 0)
(-13.7136 2838.26 0)
(-6.57748 2752.19 0)
(-68.5455 276.108 0)
(-19.0864 86.0605 0)
(1.22468 2794.7 0)
(-162.19 2814.65 0)
(225.879 2785.49 0)
(-819.274 2768.07 0)
(926.184 2141.76 0)
(301.98 2429.3 0)
(461.877 2600.61 0)
(1863.62 2034.02 0)
(-22.8109 95.8103 0)
(980.197 2868.97 0)
(44.2388 2769.51 0)
(6.79531 700.432 0)
(70.6569 2816.7 0)
(-29.6232 2751.8 0)
(189.2 2761.03 0)
(1279.62 2420.79 0)
(-172.782 2568.58 0)
(-1310.32 2389.61 0)
(278.928 2794.94 0)
(-16.5937 2763.22 0)
(33.8565 213.483 0)
(278.855 2575.95 0)
(19.1615 179.506 0)
(492.254 2413.14 0)
(-802.975 2408.05 0)
(-2054.51 1251.59 0)
(-1538.17 2192.37 0)
(-158.947 2781.02 0)
(506.324 2891.04 0)
(454.346 2842.25 0)
(-575.696 2350.17 0)
(-137.11 2777.9 0)
(1500.26 1679.38 0)
(166.131 625.459 0)
(-464.065 2272.61 0)
(753.664 2203.16 0)
(676.136 2684.76 0)
(-5.74236 88.01 0)
(44.5706 994.909 0)
(-104.531 767.718 0)
(-1861.34 1913.01 0)
(25.7153 2767.86 0)
(1218.97 2042.59 0)
(-2176.02 1350.54 0)
(13.2612 139.759 0)
(18.7774 105.434 0)
(-28.4134 2740.05 0)
(-1799.54 1932.81 0)
(-425.277 2908.43 0)
(-374.961 2838.39 0)
(-3.68877 2793.32 0)
(813.902 2239.52 0)
(1311.55 2362.73 0)
(-1765.5 1626.02 0)
(-1413.6 2296.5 0)
(-72.8161 2740.12 0)
(-1369.35 3017.83 0)
(-19.0607 2781 0)
(572.549 2829.21 0)
(-165.281 2817.54 0)
(11.7506 87.4625 0)
(-1892.69 1937.28 0)
(-8.52562 2821.81 0)
(-60.9136 538.159 0)
(243.543 946.287 0)
(-2200.4 1447.06 0)
(735.656 2673.55 0)
(115.477 2804.69 0)
(-311.522 1555.77 0)
(76.983 2770.39 0)
(-87.6811 2674.82 0)
(-20.712 312.681 0)
(9.20186 88.4447 0)
(-5.22087 89.132 0)
(-175.955 2596.17 0)
(486.666 2816.64 0)
(17.4459 87.0701 0)
(-147.176 2779 0)
(14.5222 86.9921 0)
(-37.2812 2729.92 0)
(107.93 2747.63 0)
(866.813 2242.4 0)
(1305.39 2373.2 0)
(120.85 2726.4 0)
(-45.7868 2727.52 0)
(691.69 2114.97 0)
(-331.359 2864.85 0)
(2101.68 1559.16 0)
(-229.478 2821.8 0)
(199.392 2700.97 0)
(-62.0589 703.46 0)
(-0.0650007 668.857 0)
(-96.4306 981.118 0)
(-7.47161 65.9485 0)
(-271.556 2824.03 0)
(47.5013 1649.23 0)
(-32.1234 124.146 0)
(-110.981 799.113 0)
(-7.34244 2854.75 0)
(141.809 2753.2 0)
(-711.046 2318.45 0)
(-92.3372 2804.75 0)
(802.651 2267.89 0)
(22.943 222.861 0)
(-11.3644 2765.46 0)
(119.578 2753.03 0)
(-30.6871 2658.09 0)
(106.927 574.229 0)
(-171.195 2749.18 0)
(56.6822 2785.1 0)
(528.7 2643.76 0)
(1141.18 2559.09 0)
(-90.4304 969.248 0)
(-67.8741 710.272 0)
(-18.6066 153.952 0)
(29.1586 2724.01 0)
(-109.787 2796.51 0)
(711.284 2750.11 0)
(44.2444 2718.27 0)
(126.98 571.837 0)
(472.592 2290.92 0)
(64.3197 2797.11 0)
(2073.83 1458.79 0)
(-2173.48 1344.66 0)
(348.264 2926.53 0)
(1455.75 2731.96 0)
(2.07611 2723.93 0)
(-31.6119 2751.54 0)
(796.746 2295.12 0)
(-1718.58 2002.67 0)
(-740.384 2607.57 0)
(-959.056 2818.93 0)
(58.9555 2809.87 0)
(-136.701 2807.18 0)
(120.663 2864.55 0)
(-151.193 2769.02 0)
(-5.88934 2737.82 0)
(-1710.29 2042.46 0)
(274.935 1958.73 0)
(88.7712 961.863 0)
(-4.59958 2776.14 0)
(683.16 2470.38 0)
(-987.841 2429.49 0)
(1053.4 2075.69 0)
(-54.0154 643.732 0)
(-22.0945 87.1532 0)
(-1473.44 2078.13 0)
(128.021 490.601 0)
(20.1641 97.3858 0)
(611.264 2598.58 0)
(161.214 929.661 0)
(384.12 2809.12 0)
(793.757 2314.88 0)
(163.403 2736.53 0)
(-54.5978 2743.68 0)
(473.037 2316.62 0)
(433.858 2863.33 0)
(4.32434 63.5582 0)
(-266.005 2795.68 0)
(117.225 573.453 0)
(-26.6205 391.692 0)
(-103.782 582.956 0)
(1273.52 2441.88 0)
(-2231.46 1064.68 0)
(-1940.11 1842.65 0)
(1663.72 2230.51 0)
(-1056.19 2281.97 0)
(2000.9 1587.84 0)
(9.33373 1218.38 0)
(-436.589 2656.27 0)
(24.4424 827.146 0)
(28.3769 831.36 0)
(1055.01 2013.32 0)
(1055.31 2030.89 0)
(2327.16 1213.63 0)
(-1208.2 2371.91 0)
(-138.302 2776.56 0)
(22.0951 105.504 0)
(2214.18 1216.37 0)
(-405.774 2545.13 0)
(-1793.04 2043.63 0)
(878.546 2550.03 0)
(111.002 2686.7 0)
(773.246 2302.09 0)
(-460.827 2575.4 0)
(940.544 2447.51 0)
(1894.07 1746.26 0)
(-1058.81 1943.35 0)
(227.023 2765.61 0)
(774.182 2709.47 0)
(1773.34 1829.4 0)
(-963.081 1995.6 0)
(-170.946 2660.27 0)
(356.331 2510.99 0)
(12.5311 100.24 0)
(-148.686 2726.69 0)
(-410.642 1792.74 0)
(9.69745 100.512 0)
(910.048 2104.8 0)
(481.863 2590.62 0)
(1957.31 1430.82 0)
(107.814 2734.35 0)
(-184.09 2681.19 0)
(-128.485 2858.3 0)
(2168.95 1246.96 0)
(1299.75 2406.41 0)
(1119.47 2701.37 0)
(1473.16 2310.78 0)
(-1199.98 1903.95 0)
(-2421.11 943.134 0)
(37.6052 2779.67 0)
(35.9844 2831.35 0)
(760.536 2292.13 0)
(-67.5204 2743.09 0)
(831.671 2270.89 0)
(1758.46 2101.81 0)
(-68.5151 2880.98 0)
(-15.2124 81.8995 0)
(1272.91 2451.47 0)
(-138.125 2777.57 0)
(-293.043 2579.8 0)
(-11.1522 131.835 0)
(411.776 2177.15 0)
(-245.511 2682.45 0)
(13.9057 2256.47 0)
(2144.33 1017.21 0)
(1563.18 2254.23 0)
(756.928 2322.86 0)
(6.94595 100.41 0)
(-598.864 2577.27 0)
(-748.719 2842.41 0)
(-116.389 2675.64 0)
(17.7394 243.066 0)
(-41.6829 186.303 0)
(124.286 826.073 0)
(627.926 2799.04 0)
(-33.5181 306.672 0)
(49.5875 199.821 0)
(100.74 367.57 0)
(-1303.54 2771.27 0)
(1279.06 2418.27 0)
(0.0626306 627.632 0)
(379.124 2356.39 0)
(-198.065 2886.04 0)
(584.294 2271.34 0)
(227.546 2742.61 0)
(3.22554 2933.33 0)
(-8.22942 2752.27 0)
(1.63757 72.0828 0)
(721.673 2315.54 0)
(100.239 2805.85 0)
(-1520.95 2846.49 0)
(-588.006 2563.37 0)
(207.754 1835.68 0)
(-119.482 2690.69 0)
(-987.852 2455.75 0)
(-994.325 1871.68 0)
(164.166 2805.03 0)
(93.4449 2601.32 0)
(709.78 2337.15 0)
(949.421 2596.59 0)
(902.647 2113.08 0)
(207.417 2865.03 0)
(-837.345 2752.28 0)
(1273.72 2421.26 0)
(20.1048 2703.09 0)
(258.135 2879.15 0)
(-13.2871 1068.96 0)
(1007.39 2562.31 0)
(-182.722 678.944 0)
(-101.746 467.617 0)
(-16.8841 192.807 0)
(180.857 2564.05 0)
(-149.087 648.511 0)
(689.177 2317.47 0)
(-61.7081 983.153 0)
(-17.8302 2810.51 0)
(26.0279 818.521 0)
(1150.2 2514.8 0)
(185.822 719.224 0)
(1264.76 2459.23 0)
(-435.015 2340.56 0)
(-1097.97 2281.48 0)
(2170.53 1365.2 0)
(138.495 2681.94 0)
(20.2348 84.0922 0)
(-15.2138 790.032 0)
(-138.538 587.797 0)
(-50.5451 229.019 0)
(14.8688 915.648 0)
(914 2612.97 0)
(-550.979 2595.84 0)
(275.254 2796.92 0)
(-69.797 288.99 0)
(-1950.59 1308.81 0)
(-1950.53 1201.2 0)
(1.73634 2702.97 0)
(-52.7369 2707 0)
(829.059 2323.43 0)
(-378.827 2541.03 0)
(-994.248 2582.89 0)
(160.69 2874.65 0)
(1079.19 2581.31 0)
(25.2719 493.621 0)
(1161.57 2530.09 0)
(-958.78 2184.56 0)
(-65.3232 2703.97 0)
(-1320.6 2387.54 0)
(-1045.14 1991.2 0)
(-81.597 343.102 0)
(54.049 2846.22 0)
(-2191.99 1370.77 0)
(41.6815 367.469 0)
(1848.46 1567.29 0)
(34.6168 351.908 0)
(-509.965 2346.18 0)
(1850.33 1548.42 0)
(-1.83715 71.1995 0)
(-266.857 2691.08 0)
(649.762 2093.98 0)
(703.773 2238.03 0)
(463.85 2317.41 0)
(908.059 2593.13 0)
(54.3921 391.959 0)
(341.496 2823.74 0)
(-64.4144 752.951 0)
(311.311 2809.25 0)
(75.6958 310.602 0)
(674.942 2350.75 0)
(-129.896 2797.22 0)
(185.629 2867.84 0)
(274.42 2820.06 0)
(59.6788 434.429 0)
(304.661 1578.37 0)
(-563.9 2610.84 0)
(-2122.59 1191 0)
(157.248 615.526 0)
(66.8187 321.666 0)
(447.467 2376.05 0)
(-63.6317 292.042 0)
(6.8568 657.157 0)
(69.0758 335.574 0)
(-520.318 2628.17 0)
(84.7209 480.166 0)
(-163.8 2812.66 0)
(160.221 2795.17 0)
(-390.075 2614.56 0)
(290.832 2836.9 0)
(815.316 2330.23 0)
(-44.0688 2671.03 0)
(1680.44 1954.83 0)
(2252.31 1232.15 0)
(-86.817 381.737 0)
(1032.72 2377.2 0)
(72.6488 425.613 0)
(-12.6634 574.764 0)
(54.7132 408.47 0)
(151.38 1449.77 0)
(14.3379 687.219 0)
(-136.72 2807.83 0)
(67.0347 1348.1 0)
(-73.4569 346.015 0)
(33.6822 2841.92 0)
(63.2774 2830.89 0)
(196.8 2717.95 0)
(46.9406 2758.3 0)
(-22.6983 2755.43 0)
(621.639 2409.25 0)
(-1579.4 2166.19 0)
(270.269 2571.17 0)
(335.783 2222.88 0)
(-136.526 2525.16 0)
(521.591 2851.15 0)
(2337.09 1073.82 0)
(2001.04 1707.12 0)
(697.617 2251.28 0)
(-1151.44 2777.01 0)
(-1294.41 3093.96 0)
(60.3669 452.233 0)
(-105.025 2807.1 0)
(1604.32 1629.46 0)
(1872.07 1658.74 0)
(-429.988 2776.93 0)
(845.497 2431.69 0)
(8.60617 2735.69 0)
(-582.254 2373.63 0)
(-60.5903 2317.44 0)
(8.29134 1282 0)
(42.4059 557.972 0)
(-64.3429 2817.95 0)
(-23.6361 2820.53 0)
(-629.824 2620.63 0)
(67.4148 400.301 0)
(-104.558 427.283 0)
(-243.822 2876.12 0)
(-1744.35 2043.09 0)
(-764.745 2224.18 0)
(33.0834 160.782 0)
(808.572 2335.78 0)
(60.6048 470.989 0)
(1431.72 2342.53 0)
(13.863 108.386 0)
(822.836 2640.89 0)
(1258.27 2430.93 0)
(-101.338 2741.84 0)
(1070.76 2586.38 0)
(-36.8951 2833.11 0)
(15.4004 117.091 0)
(77.9894 2833.51 0)
(-1076.2 2002.22 0)
(1023.46 2504.46 0)
(-149.652 2672.44 0)
(-152.014 2783.69 0)
(-657.288 2572.88 0)
(49.3502 237.921 0)
(60.345 2713.49 0)
(-225.973 2621.88 0)
(623.415 2412.3 0)
(-293.855 2549.12 0)
(-293.985 2113.06 0)
(-232.36 2623.97 0)
(891.123 2128.28 0)
(-428.991 2956.64 0)
(-1811.06 1990.82 0)
(-476.677 2642.7 0)
(161.918 2792.72 0)
(-220.215 2672.24 0)
(250.776 2790.6 0)
(1074.49 2589.04 0)
(-54.4537 2705.28 0)
(1567.09 2257.4 0)
(-619.126 2429.34 0)
(0.64678 78.5534 0)
(16.1675 74.8273 0)
(37.693 2756.39 0)
(-6.3161 600.914 0)
(-219.37 875.197 0)
(1183.9 1337.8 0)
(-1.12173 111.782 0)
(505.534 2076.48 0)
(836.323 2600.41 0)
(103.396 478.003 0)
(548.637 2758.94 0)
(-2437.2 947.947 0)
(269.804 2814.39 0)
(151.303 2676.14 0)
(792.633 2342.35 0)
(-33.6156 2713.92 0)
(-780.218 2160.41 0)
(-27.2585 486.344 0)
(94 479.14 0)
(422.275 1856.35 0)
(-418.325 2750.22 0)
(1074.13 2600.88 0)
(131.412 2760 0)
(147.836 2661.28 0)
(-630.236 2457.83 0)
(-732.345 2255.76 0)
(-339.743 2669.7 0)
(1439.34 2112 0)
(40.8838 198.308 0)
(88.171 2839.85 0)
(30.4253 106.052 0)
(-535.003 2672.1 0)
(116.162 2770.36 0)
(-0.0582157 1695.51 0)
(-516.87 2473.85 0)
(351.523 2713.7 0)
(14.43 340.873 0)
(-344.651 2627.26 0)
(1498.18 1994.29 0)
(143.062 672.41 0)
(1016.25 2065.96 0)
(89.4475 2826.52 0)
(5.90329 310.214 0)
(-641.64 2873.57 0)
(-1749.1 2030.57 0)
(-1033.5 1977.6 0)
(2395.46 1042.74 0)
(1886.67 1757.11 0)
(768.106 2352.18 0)
(-0.410613 80.5339 0)
(119.661 411.322 0)
(28.1805 97.9648 0)
(186.314 2627.79 0)
(-272.266 2588.4 0)
(64.7972 2855.76 0)
(-66.9325 2710.89 0)
(727.41 2526.11 0)
(-6.03468 2737.35 0)
(136.103 2790.25 0)
(-80.1208 976.254 0)
(10.062 2671.41 0)
(133.622 456.979 0)
(-1839.03 1934.92 0)
(2118.11 1363.37 0)
(59.9973 2760.6 0)
(11.0971 2924.37 0)
(0.0798639 82.2738 0)
(-149.839 2768.75 0)
(-0.103577 82.3926 0)
(71.173 490.398 0)
(771.404 2324.6 0)
(766.34 1927.66 0)
(623.657 2417.05 0)
(1074.68 2559.28 0)
(-646.335 2540.92 0)
(81.3969 425.02 0)
(44.554 222.415 0)
(-608.998 2592.03 0)
(599.703 2759.16 0)
(39.0214 175.734 0)
(-1781.6 2002.24 0)
(-1331.13 3244.26 0)
(59.5411 264.386 0)
(93.247 2784.45 0)
(12.082 183.601 0)
(-14.8416 603.484 0)
(103.164 395.377 0)
(90.0998 423.642 0)
(4.89959 230.91 0)
(1257.53 2451.23 0)
(4.72276 2578.54 0)
(57.8905 309.655 0)
(1522.48 1849.98 0)
(-1326.58 3163.22 0)
(322.955 2814.1 0)
(921.414 2574.49 0)
(38.2422 2829.48 0)
(-17.2389 125.829 0)
(1751.72 1870.72 0)
(6.41224 146.487 0)
(-77.1334 352.636 0)
(151.064 2660.55 0)
(-123.06 721.27 0)
(1231.39 1928.95 0)
(102.683 631.339 0)
(12.4543 429.422 0)
(765.691 2331.85 0)
(853.992 2147.58 0)
(687.906 2256.44 0)
(449.865 2861.63 0)
(12.794 202.18 0)
(37.1101 1291.2 0)
(-1432.54 2283.37 0)
(-447.269 2613.55 0)
(-197.997 1106.8 0)
(-153.268 850.067 0)
(1577.87 1864.48 0)
(-17.5849 117.345 0)
(930.885 2819.65 0)
(-480.316 2431.09 0)
(122.643 714.009 0)
(6.46231 161.179 0)
(-64.3577 2736.38 0)
(-1309.85 3095.2 0)
(-405.321 2431.77 0)
(72.2825 510.287 0)
(869.977 2146.87 0)
(1067.81 2607.76 0)
(14.5851 227.729 0)
(31.8784 2632.63 0)
(-68.7976 2815.36 0)
(-107.185 2704.19 0)
(-88.4691 2079.24 0)
(0.212254 103.703 0)
(735.507 2349.65 0)
(158.154 821.05 0)
(-3.86664 2718.43 0)
(2204.6 1292.6 0)
(-69.5962 2751.49 0)
(53.0215 266.324 0)
(7.64732 182.398 0)
(735.566 2643.75 0)
(1003.27 2580.71 0)
(5.26094 102.559 0)
(136.819 2790.33 0)
(851.633 2668.47 0)
(700.295 2349.04 0)
(50.4263 416.611 0)
(-101.195 2697.38 0)
(1258.08 2463.09 0)
(77.7615 433.894 0)
(106.809 497.543 0)
(-466.103 2484.25 0)
(1816 1886.41 0)
(-1750.15 1260.36 0)
(502.867 2936.84 0)
(-9.60679 133.7 0)
(-35.3169 379.333 0)
(-36.1675 423.158 0)
(-165.637 2665.97 0)
(714.442 2113.01 0)
(64.0327 329.461 0)
(7.58267 201.134 0)
(-244.092 2833.94 0)
(-1027.52 2037.52 0)
(78.2315 669.454 0)
(-59.9656 735.188 0)
(78.7375 541.686 0)
(793.426 2622.24 0)
(1205.76 332.012 0)
(-88.5793 398.816 0)
(0.681514 660.663 0)
(70.6134 2498.87 0)
(42.4454 228.008 0)
(60.6427 2729.5 0)
(-472.562 2519.64 0)
(-132.344 2147.18 0)
(-961.493 2079.44 0)
(60.6521 302.47 0)
(-94.1849 2958.68 0)
(-57.1734 256.782 0)
(506.685 2408.9 0)
(700.275 2717.98 0)
(-5.19472 2732.88 0)
(920.505 2610.11 0)
(-303.602 2680.33 0)
(-14.6083 94.7633 0)
(-687.297 2285.46 0)
(-2403.95 980.026 0)
(618.314 2412.14 0)
(-1579.75 1691.43 0)
(9.19779 226.757 0)
(1070.11 2618.71 0)
(1525.54 2298.33 0)
(-733.236 2272.23 0)
(698.133 2245.52 0)
(-7.92816 129.808 0)
(677.387 2354.14 0)
(-345.433 2576.62 0)
(231.705 893.127 0)
(34.5441 337.637 0)
(27.0971 335.869 0)
(883.494 2584.9 0)
(-1379.89 2636.33 0)
(-547.477 2429.98 0)
(19.4424 334.326 0)
(-177.101 919.227 0)
(-1367.06 1914.78 0)
(-23.1345 425.077 0)
(-1590.53 2638.71 0)
(-21.4811 102.995 0)
(1900.61 1598.93 0)
(72.0744 2955.51 0)
(-124.891 2679.2 0)
(9.62271 248.259 0)
(663.174 2652.2 0)
(509.986 2533.73 0)
(-101.692 2706.7 0)
(39.355 203.518 0)
(-14.7929 1043.01 0)
(-30.674 115.538 0)
(-77.2662 2833.78 0)
(-69.9385 2817.21 0)
(-52.6972 240.118 0)
(1151.92 2540.18 0)
(-461.49 2966.77 0)
(2399.14 1041.29 0)
(55.8051 461.145 0)
(1180.52 1893.44 0)
(196.225 1002.44 0)
(13.6231 2837.53 0)
(-44.7412 546.664 0)
(-1786.27 1996.08 0)
(154.647 684.065 0)
(-1117.19 2904.65 0)
(126.214 2089.25 0)
(-1551.33 2167.42 0)
(-1085.73 2191.87 0)
(366.694 2510.11 0)
(19.1078 1246.86 0)
(972.791 2624.03 0)
(-333.59 2456.46 0)
(7.15359 128.755 0)
(-327.545 2691.05 0)
(1508.77 1886.47 0)
(358.121 2858.13 0)
(1130.27 2699.82 0)
(-1.58443 123.698 0)
(180.708 664.892 0)
(-885.958 2735.32 0)
(442.554 2759.38 0)
(1250.61 2894.63 0)
(-47.4574 165.156 0)
(-45.2906 156.784 0)
(-40.7222 141.346 0)
(-63.8769 222.815 0)
(-90.0432 309.68 0)
(-52.4581 182.148 0)
(-93.5835 324.344 0)
(-60.923 211.798 0)
(-71.1431 245.31 0)
(-36.6869 127.351 0)
(-67.486 234.175 0)
(-38.6843 134.01 0)
(-34.707 120.738 0)
(1160.74 2542.19 0)
(573.179 2367.72 0)
(-21.479 262.761 0)
(-68.676 2815.37 0)
(-964.71 2691.28 0)
(-1344.81 2974.25 0)
(-859.529 2780.88 0)
(-74.448 257.434 0)
(-112.603 2753.22 0)
(-1028.18 3086.39 0)
(-15.4822 170.373 0)
(9.41051 125.927 0)
(93.403 323.345 0)
(-660.89 2317.67 0)
(13.7032 119.987 0)
(11.1243 304.976 0)
(-85.5551 295.739 0)
(713.517 2018.75 0)
(-191.745 2706.23 0)
(12.077 111.15 0)
(89.2969 2358.42 0)
(-23.1919 255.509 0)
(-560.216 2910.97 0)
(227.253 2606.26 0)
(11.6557 123.016 0)
(11.8392 333.089 0)
(-23.0914 381.024 0)
(8.38015 90.9854 0)
(1784.32 1771.3 0)
(-1542.82 2166.6 0)
(-98.6339 338.718 0)
(-105.247 2670.75 0)
(31.4411 165.143 0)
(-663.673 2868.81 0)
(-65.505 741.984 0)
(600.898 2408.63 0)
(101.867 2918.59 0)
(506.733 2185.02 0)
(666.145 2276.19 0)
(-886.315 2552.94 0)
(57.6965 2748.99 0)
(657.787 2289.95 0)
(-43.511 195.888 0)
(-20.3798 232.597 0)
(-1361.96 2331.77 0)
(1945.53 2036.19 0)
(-105.366 361.581 0)
(-105.347 606.441 0)
(676.648 2263.02 0)
(-59.649 2804.73 0)
(1062.93 2584.91 0)
(-1167.33 2293.76 0)
(2181.51 1362.37 0)
(34.1629 2401.67 0)
(-1277.39 1973.64 0)
(624.351 2420.83 0)
(-849.189 2644.62 0)
(344.139 2519.71 0)
(1957.42 1675.37 0)
(683.778 2249.28 0)
(580.497 2420.47 0)
(116.049 2684.08 0)
(-20.6443 484.41 0)
(-16.3681 2423.17 0)
(970.613 2657.78 0)
(-1104.61 2534.57 0)
(-70.884 2715.03 0)
(-1332.55 1949.84 0)
(37.1214 539.778 0)
(270.421 2577.3 0)
(137.028 990.097 0)
(906.5 2636.53 0)
(-414.041 2092.32 0)
(1518.5 2051.41 0)
(490.143 2511.61 0)
(15.0833 122.999 0)
(309.324 2567.41 0)
(-2164.44 1228.43 0)
(10.936 211.544 0)
(637.923 2288.24 0)
(1784.54 2053.3 0)
(-549.569 2073.43 0)
(2355.26 1095.07 0)
(-1816.12 1911.87 0)
(91.4386 2825.72 0)
(-0.439792 148.034 0)
(992.06 2564.56 0)
(1661.34 1987.71 0)
(51.5451 2717.88 0)
(7.8587 690.688 0)
(69.4699 1060.91 0)
(1246.1 2463.88 0)
(19.3133 421.878 0)
(1138.64 2539.97 0)
(-58.117 2761.7 0)
(-84.3368 2679.66 0)
(570.238 2420.88 0)
(67.7524 520.448 0)
(207.022 959.022 0)
(-26.6407 2758.47 0)
(13.109 763.333 0)
(-760.834 2288.57 0)
(-60.337 3019.08 0)
(-672.623 2604.05 0)
(80.2914 563.671 0)
(19.6049 82.6117 0)
(-521.396 1671.03 0)
(-158.683 2806.67 0)
(-1005.81 1969.36 0)
(-154.986 2805.87 0)
(-735.911 2853.28 0)
(621.962 2437.97 0)
(2378.31 1094.97 0)
(1.37969 82.7377 0)
(-124.446 844.533 0)
(1081.93 2564.31 0)
(1545.73 2031.42 0)
(625.974 2296.25 0)
(-209.071 2815.1 0)
(1745.97 1946.85 0)
(210.732 2766.63 0)
(347.86 2634.32 0)
(-104.024 486.867 0)
(663.995 2381.27 0)
(45.9179 2730.89 0)
(-25.0568 286.57 0)
(-981.265 2170.04 0)
(507.611 2891.26 0)
(-1474.52 1986.14 0)
(-25.16 143.585 0)
(962.156 2654.79 0)
(37.8302 180.643 0)
(-683.537 2054.87 0)
(-6.86463 2733.6 0)
(-2421.44 947.518 0)
(-0.636311 184.598 0)
(543.041 2390.17 0)
(1058.8 2594.95 0)
(138.02 746.037 0)
(-13.2489 84.0847 0)
(1061.33 2588.85 0)
(92.3908 586.787 0)
(1373.56 2075.49 0)
(-1053.61 2043.12 0)
(-79.0584 2721.45 0)
(-829.156 1715.89 0)
(-76.62 2667 0)
(25.5928 1006.39 0)
(73.6237 2783.57 0)
(71.7288 408.769 0)
(1011.31 2570.3 0)
(179.788 687.443 0)
(-119.025 2718.9 0)
(-68.5472 2668.56 0)
(20.2887 1043.34 0)
(779.298 2707.94 0)
(408.058 2318.67 0)
(-2414.03 987.306 0)
(-32.7352 568.615 0)
(-128.324 437.466 0)
(-137.224 2776.46 0)
(-960.955 2807.34 0)
(-92.5618 2870.35 0)
(-183.01 2760.88 0)
(497.102 2488.81 0)
(-710.49 2294.59 0)
(-160.896 2738.09 0)
(-20.4089 1286.39 0)
(-51.8487 2709.52 0)
(-1004.16 2015.17 0)
(159.096 2861.89 0)
(1.27914 2820.39 0)
(1259.07 2461.56 0)
(76.7291 2741.44 0)
(7.13119 113.83 0)
(1638.17 2020.68 0)
(41.594 2687.17 0)
(5.38089 83.4979 0)
(-841.336 2757.3 0)
(26.4628 2711.44 0)
(-142.093 2774.17 0)
(-1533.16 1632.2 0)
(-1075.31 2787.99 0)
(-22.7079 112.391 0)
(-137.016 2817.1 0)
(-140.857 2673.03 0)
(-776.175 2813.55 0)
(-589.063 2701.13 0)
(-39.9451 556.796 0)
(106.372 2671.48 0)
(623.319 2437.81 0)
(42.5374 529.119 0)
(1155.17 2543.08 0)
(-557.488 2913.79 0)
(102.422 689.302 0)
(-126.093 2792.18 0)
(-10.4643 73.8283 0)
(104.522 508.8 0)
(156.679 2807.6 0)
(-2381.02 1092.72 0)
(-27.9115 97.4386 0)
(88.4759 2889.93 0)
(488.179 2490.64 0)
(712.026 2240.43 0)
(-120.836 2741.78 0)
(599.745 2329.63 0)
(1058.27 2610 0)
(2397.05 1064 0)
(-8.31639 2889.73 0)
(90.8008 688.432 0)
(-144.664 2721.35 0)
(-1.23182 251.418 0)
(169.846 899.13 0)
(-265.259 2876.9 0)
(231.702 2428.71 0)
(499.689 2915.39 0)
(659.504 1968.11 0)
(-769.75 2732.6 0)
(2411.66 1048.36 0)
(-223.238 2618.74 0)
(15.2546 94.8341 0)
(-633.866 2734.69 0)
(109.685 1461.12 0)
(-30.6335 2715.37 0)
(-116.54 503.657 0)
(136.671 2754.92 0)
(-120.612 523.375 0)
(2.19603 2798.4 0)
(9.46063 2545.62 0)
(674.63 2258.15 0)
(-1034.48 2814.09 0)
(-198.44 2815.36 0)
(28.0978 953.067 0)
(75.1945 2713.39 0)
(6.77514 89.0467 0)
(-115.803 2774.73 0)
(207.054 732.445 0)
(922.27 2650.99 0)
(13.3048 507.71 0)
(-230.049 2816.6 0)
(488.544 2494.46 0)
(195.965 2717.52 0)
(-113.593 458.571 0)
(267.309 2582.61 0)
(2075.67 1457.29 0)
(716.675 2042.41 0)
(-53.8317 2755.41 0)
(100.068 2787.57 0)
(-390.376 2878.57 0)
(-60.527 632.349 0)
(-159.515 2761.11 0)
(20.4624 2717.93 0)
(442.321 2517.58 0)
(-23.623 119.255 0)
(-14.8635 2771.98 0)
(74.504 552.644 0)
(-541.601 2770.72 0)
(-349.807 2846.21 0)
(6.89125 115.686 0)
(252.442 2588.53 0)
(-1769.81 2029.27 0)
(1936.65 1714.32 0)
(1064.3 2621.35 0)
(-131.182 2698.33 0)
(9.47312 105.647 0)
(16.9528 97.3251 0)
(41.5858 2804.39 0)
(-56.2539 527.066 0)
(-31.2779 108.405 0)
(-1001.5 2819.83 0)
(56.6402 1410.1 0)
(-154.785 2766.45 0)
(936.97 2697.02 0)
(-662.299 2213.5 0)
(-1004.04 2115.64 0)
(165.011 2853.67 0)
(-1236.1 2447.89 0)
(-1079.28 2834.31 0)
(-1036.22 2132.36 0)
(606.486 2421.33 0)
(42.9135 272.83 0)
(-28.5488 2404.65 0)
(75.0735 830.553 0)
(656.469 2358.46 0)
(-101.26 2697.88 0)
(192.897 2746.92 0)
(467.012 2532.43 0)
(239.395 2591.31 0)
(-397.065 2544.74 0)
(1692.77 1921.89 0)
(287.001 2766.76 0)
(609.845 2919.3 0)
(-14.5869 2784.38 0)
(1933.02 1545.34 0)
(116.675 2760.36 0)
(-2092.98 1355.91 0)
(1683.86 2170.47 0)
(482.64 2675.54 0)
(-39.3816 418.11 0)
(459.139 2770.76 0)
(-1461.38 2280.07 0)
(-620.723 2323.01 0)
(1167.3 2720.27 0)
(89.2635 2749.32 0)
(-578.607 2371.81 0)
(654.305 2280.8 0)
(2297.71 1273 0)
(4.64275 2779.48 0)
(-1022.75 2839.88 0)
(-191.54 2707.63 0)
(664.377 2270.69 0)
(-2.10441 1022.7 0)
(-269.798 2606.04 0)
(161.246 2773.08 0)
(-109.627 2695.21 0)
(12.1322 2832.64 0)
(-244.514 2835.35 0)
(599.087 2320.92 0)
(-568.971 2397.66 0)
(-38.5306 374.719 0)
(-599.248 2354.4 0)
(585.968 2437.22 0)
(94.9653 610.579 0)
(131.103 543.684 0)
(-88.4707 2795.45 0)
(-28.7713 280.308 0)
(-116.541 2686.73 0)
(564.155 2662.97 0)
(-1691.52 1580.64 0)
(-273.907 2969.83 0)
(192.568 2748.86 0)
(154.035 2662.43 0)
(272.32 2854.97 0)
(-35.3354 2487.04 0)
(-123.725 2678.27 0)
(1414.39 2044.13 0)
(-847.23 2029.69 0)
(-10.5216 2828.34 0)
(178.591 936.047 0)
(37.3797 2849.55 0)
(1205.19 2279.24 0)
(448.145 2538.27 0)
(-97.2581 549.383 0)
(639.145 2292.06 0)
(-62.0351 951.04 0)
(391.937 2888.63 0)
(-112.522 450.887 0)
(138.121 698.217 0)
(-991.611 1990.07 0)
(183.011 2817.72 0)
(-97.5929 2737.84 0)
(-32.8156 154.906 0)
(-216.107 2278.11 0)
(62.6743 392.218 0)
(-443.773 2687.87 0)
(-105.938 2799.86 0)
(572.963 2449.29 0)
(961.768 2643.87 0)
(273.961 2854.03 0)
(-3.58803 2720.08 0)
(-87.78 2807.78 0)
(-105.501 743.597 0)
(1053.95 2625.07 0)
(-89.1663 944.825 0)
(-205.605 2637.78 0)
(202.364 1578.75 0)
(4.17882 99.8646 0)
(-205.607 2544.16 0)
(621.233 2077.09 0)
(-25.1031 133.563 0)
(-391.284 2571.44 0)
(-1032.5 2427.22 0)
(190.597 2717.99 0)
(99.5731 2783.48 0)
(-143.122 2773.97 0)
(-330.496 2548.56 0)
(-190.391 2486 0)
(873.591 2798.49 0)
(590.786 2881.65 0)
(58.6005 2728.61 0)
(858.818 2275.49 0)
(-546.684 2421.16 0)
(629.526 2291.32 0)
(136.705 2607.75 0)
(506.9 2928.79 0)
(-15.5469 344.597 0)
(104.736 2759.05 0)
(-146.583 2853.44 0)
(25.2189 114.803 0)
(-144.173 2693.99 0)
(-33.0357 1066.31 0)
(766.01 2608.86 0)
(-1308.74 2761.57 0)
(-1456.59 3074.62 0)
(45.2514 2723.22 0)
(-27.0938 2758.34 0)
(-634.889 2343.91 0)
(547.877 2419.62 0)
(214.288 2806.43 0)
(-692.305 2289.68 0)
(959.874 2647.47 0)
(-123.053 2785.69 0)
(1250.39 1994.33 0)
(2270.44 1248.65 0)
(36.4496 2745.68 0)
(58.8601 562.727 0)
(235.658 2766.59 0)
(-37.2765 187.604 0)
(962.357 2338.36 0)
(535.787 2105.55 0)
(-5.98478 2834.24 0)
(712.518 2722.63 0)
(102.455 2759.72 0)
(24.4689 2623.12 0)
(-685.401 2328.56 0)
(566.514 2106.4 0)
(-1711.12 1885.8 0)
(110.725 2768.54 0)
(-538.427 2581.29 0)
(2300.29 1199.54 0)
(442.806 2768.6 0)
(1841.64 1960.81 0)
(180.923 2660.1 0)
(-1773.71 1726.75 0)
(522.492 2443.82 0)
(-16.307 2750.69 0)
(-780.723 2178.97 0)
(-106.909 414.309 0)
(10.5306 232.275 0)
(-589.366 2867.17 0)
(113.999 585.334 0)
(-66.4352 2944.17 0)
(-1809.26 1479.86 0)
(981.118 2384.82 0)
(1424.83 2195.34 0)
(1043.69 2615.72 0)
(853.486 2144.63 0)
(267.728 3007.88 0)
(-1225.69 2398.21 0)
(-46.2582 525.107 0)
(-980.345 2788.71 0)
(-92.904 469.196 0)
(-2027.67 1309.82 0)
(2228.81 1083.66 0)
(-11.4455 2640.08 0)
(-42.4278 2820.01 0)
(-1405.22 2316.31 0)
(73.6007 2889.23 0)
(1934.67 1833.7 0)
(-26.4292 92.1577 0)
(-21.0466 2768.61 0)
(48.0054 2695.96 0)
(-723.408 2861.21 0)
(447.564 2545.52 0)
(-1436.15 2569.57 0)
(225.888 2764.85 0)
(-506.886 2613.31 0)
(1.34728 109.781 0)
(2105.36 1354.33 0)
(6.64462 2736.23 0)
(-45.5046 230.612 0)
(1621.63 1681.91 0)
(-103.75 2700.69 0)
(-165.166 2735.75 0)
(-120.881 2800.24 0)
(-186.525 962.839 0)
(1055.6 2101.88 0)
(-1484.25 2294.1 0)
(-54.1887 956.88 0)
(170.778 807.36 0)
(179.711 2647.7 0)
(-31.9285 2781.38 0)
(-2082.94 1543.23 0)
(482.275 2490.08 0)
(1910.88 1622.66 0)
(453.449 2811.13 0)
(-249.344 2851.81 0)
(37.2769 547.296 0)
(-43.0154 2714.02 0)
(1459.6 2328.76 0)
(223.602 2654.82 0)
(142.909 2754.7 0)
(772.109 2704.45 0)
(-849.704 2948.24 0)
(-816.839 2218.6 0)
(257.011 2619.82 0)
(33.2112 514.674 0)
(-1025.71 2517.24 0)
(28.1246 125.928 0)
(-1.78837 2754.04 0)
(-278.775 2858.01 0)
(-25.2084 2919.35 0)
(-558.63 2407.72 0)
(-38.5403 2738.77 0)
(116.72 2761.3 0)
(318.532 2558.51 0)
(-128.364 2431.03 0)
(-198.955 2815.08 0)
(59.279 1090.02 0)
(-1821.95 1988.92 0)
(-1406.92 2324.96 0)
(-90.3842 498.322 0)
(617.569 2308.41 0)
(-59.8024 649.687 0)
(954.386 2659.71 0)
(-416.586 2589.2 0)
(798.137 2173.84 0)
(44.3825 973.058 0)
(1613.91 2046.97 0)
(2024.04 1556.44 0)
(1699.64 2328.81 0)
(-1379.7 2313.58 0)
(25.09 133.195 0)
(475.539 2483.78 0)
(914.381 2450.2 0)
(521.138 2414.91 0)
(-156.761 2677.78 0)
(2246.57 790.88 0)
(1513.73 1963.07 0)
(23.4476 136.419 0)
(-31.232 2720.1 0)
(1690.02 2113 0)
(3.88172 2744.41 0)
(-760.19 2228.56 0)
(-1141.38 2434.54 0)
(1377.33 1959.86 0)
(-249.788 2845.19 0)
(-56.444 293.292 0)
(2141.7 1439.1 0)
(68.9449 2773.05 0)
(835.629 2731.66 0)
(-726.805 2257.74 0)
(-78.9111 384.237 0)
(-91.6249 884.992 0)
(-1313.73 2899.89 0)
(38.644 2599.8 0)
(-501.308 2438.74 0)
(239.795 2710.78 0)
(88.2181 2771.53 0)
(77.7197 1143.09 0)
(-479.466 2585.49 0)
(1058.36 2082.55 0)
(525.08 2959.92 0)
(-549.713 2765.91 0)
(-128.785 706.087 0)
(-169.952 2744.99 0)
(71.5221 2770.56 0)
(-65.6484 347.213 0)
(138.849 827.9 0)
(35.3318 590.489 0)
(491.183 2056.03 0)
(-1.47034 85.2315 0)
(-8.79365 2500.53 0)
(333.515 2833 0)
(-75.25 392.802 0)
(1416.18 2360.3 0)
(1435.92 2161.23 0)
(1009.98 2575.83 0)
(871.302 2417.39 0)
(-1653.88 1655.52 0)
(-111.316 2794.89 0)
(183.764 2644.06 0)
(759.44 2735.44 0)
(346.363 2514.94 0)
(1449.46 2521.68 0)
(-131.891 2438.22 0)
(407.174 2240.17 0)
(-108.46 420.753 0)
(305.124 2857.3 0)
(269.805 3004.3 0)
(-54.9754 548.013 0)
(435.161 2531.12 0)
(-97.3642 2754.46 0)
(29.0044 161.553 0)
(92.0884 2804.51 0)
(-3.41505 80.8166 0)
(524.046 2075.48 0)
(-57.6374 2708.91 0)
(-118.411 457.902 0)
(50.4877 2754.85 0)
(-66.7923 963.82 0)
(2175.68 1433.18 0)
(-32.064 2781.96 0)
(-287.978 2601.21 0)
(366.184 2942.46 0)
(-2.1391 2737.93 0)
(12.962 2754.7 0)
(-942.233 2680.18 0)
(524.835 2819.02 0)
(-678.104 2289.99 0)
(477.27 2607.67 0)
(928.869 2658.61 0)
(-148.097 2770.16 0)
(533.538 2136.62 0)
(-19.6552 2677.65 0)
(520.111 2388.23 0)
(904.589 2675.49 0)
(1288.66 2848.71 0)
(-2334.22 1158.59 0)
(-1749.25 2689.65 0)
(-4.92835 86.9324 0)
(468.738 2483.52 0)
(1494.01 2190.68 0)
(844.825 2699.34 0)
(-273.432 2635.49 0)
(-262.306 2606.25 0)
(1906.83 1897.75 0)
(-131.79 2492.19 0)
(325.103 2729.94 0)
(-259.662 2994.56 0)
(-125.501 2774.62 0)
(-11.5687 2791.89 0)
(-447.42 2614.82 0)
(129.869 2822.18 0)
(-384.193 1665.18 0)
(-353.323 2548.27 0)
(620.864 2313.56 0)
(-62.6819 2763.02 0)
(-256.021 2617.79 0)
(-124.933 2885.06 0)
(196.623 2697.77 0)
(7.16552 2565.73 0)
(-32.8368 2711.68 0)
(-1394.01 1946.32 0)
(-140.221 2862.91 0)
(132.352 2815.92 0)
(108.744 456.338 0)
(-1631.33 2101.31 0)
(796.592 2732.96 0)
(0.78463 121.305 0)
(-83.7106 2700.37 0)
(36.0757 199.286 0)
(162.223 2660.62 0)
(38.5858 935.926 0)
(451.975 2516.58 0)
(-418.989 2646.08 0)
(444.265 2171.6 0)
(1368.47 2410.68 0)
(-1621.59 2131.96 0)
(-75.5834 2776.6 0)
(-30.3508 2718.02 0)
(-101.296 863.146 0)
(-983.267 2786.97 0)
(-745.016 2007.23 0)
(114.206 2804.56 0)
(460.496 2813.61 0)
(2043.05 1603.71 0)
(62.0348 1124.06 0)
(-296.197 2597.87 0)
(1307.45 2410.79 0)
(228.475 2700.29 0)
(217.223 2769.92 0)
(-30.96 131.064 0)
(146.615 2782.88 0)
(-90.2406 403.464 0)
(-392.257 2528.38 0)
(-699.044 2731.61 0)
(-1157.14 1845.04 0)
(47.476 2529.94 0)
(-147.017 2770.21 0)
(140.784 999.459 0)
(-1122.67 3027.57 0)
(614.403 2293.22 0)
(-57.084 2767.86 0)
(14.0317 2746.85 0)
(-981.347 2178.11 0)
(-13.4585 2729.59 0)
(552.794 2816.74 0)
(39.5604 223.278 0)
(30.1128 2680.26 0)
(-19.7341 165.663 0)
(24.085 3003.37 0)
(-275.092 2589.32 0)
(-153.518 2765.96 0)
(669.752 2378.71 0)
(95.7921 403.201 0)
(8.70805 187.34 0)
(-145.209 621.987 0)
(1692.32 1642.82 0)
(-882.52 2784.89 0)
(479.152 2475.87 0)
(-132.431 2831.16 0)
(-336.592 2818.98 0)
(363.451 2909.46 0)
(-255.137 2616.61 0)
(760.173 2452.54 0)
(-521.803 2440.65 0)
(-763.372 2829.65 0)
(2.60293 145.426 0)
(66.032 287.428 0)
(-504.952 2719.05 0)
(-92.9686 2784.92 0)
(303.806 2595.33 0)
(-302.846 2569.37 0)
(-1152.93 3044.26 0)
(702.821 2756.84 0)
(832.123 2153.25 0)
(144.298 2804.76 0)
(-62.247 692.95 0)
(-417.634 2512.36 0)
(-192.386 2690.44 0)
(430.496 2549.17 0)
(2141.75 1461.12 0)
(-366.985 2546.89 0)
(15.389 2642.47 0)
(95.045 485.378 0)
(13.0561 2738.86 0)
(115.435 647.951 0)
(1344.38 2384.48 0)
(2.16701 160.332 0)
(96.8036 2813.31 0)
(-86.2105 2811.28 0)
(-21.5439 979.553 0)
(-951.382 2130.28 0)
(-446.334 2491.98 0)
(922.083 2682.04 0)
(18.4583 1066.67 0)
(-24.1774 669.429 0)
(-495.836 2431.15 0)
(-467.689 2463.91 0)
(-1237.67 2853.27 0)
(-209.933 2769.96 0)
(-313.013 2834.94 0)
(22.3541 233.245 0)
(158.908 2593.54 0)
(136.408 2822.45 0)
(-547.317 2804.77 0)
(585.065 2120.25 0)
(2214.63 1282.76 0)
(-69.6339 466.907 0)
(-244.262 2681.06 0)
(-3.5416 785.394 0)
(664.008 2158.91 0)
(-709.183 2702.82 0)
(-936.335 2062.16 0)
(46.3544 266.722 0)
(2.93006 181.435 0)
(597.129 2341.29 0)
(-105.492 2642.15 0)
(-111.441 2794.96 0)
(2310.85 1176.47 0)
(465.654 2808.79 0)
(2017.49 1630.37 0)
(142.285 2670.16 0)
(2285.54 1258.22 0)
(-655.476 2314.62 0)
(626.603 2762.06 0)
(1541.05 1991.55 0)
(-187.725 2655.37 0)
(-2216.29 1115.36 0)
(91.6851 2893.61 0)
(897.96 2379.11 0)
(1541.55 2132.39 0)
(-25.9676 141.641 0)
(-989.911 2167.76 0)
(1377.94 2358.18 0)
(257.006 2907 0)
(-732.998 2380.41 0)
(-881.189 2655.9 0)
(215.941 2735.55 0)
(-162.017 2754.08 0)
(40.5509 2532.61 0)
(1340.47 2440.25 0)
(467.239 2777.81 0)
(1476.67 2251.16 0)
(-1238.24 1972.55 0)
(2.49718 199.642 0)
(382.398 2802.09 0)
(141.633 781.394 0)
(107.701 684.891 0)
(1105.55 200.099 0)
(43.4258 324.485 0)
(-161.611 2760.52 0)
(53.7131 303.467 0)
(0.598089 111.572 0)
(161.859 2667.17 0)
(437.803 2555.55 0)
(878.41 2959.72 0)
(58.2988 314.168 0)
(47.0495 317.154 0)
(-548.521 2418.51 0)
(109.551 2761.14 0)
(-192.397 644.808 0)
(-72.0953 2637.32 0)
(-760.747 2238.12 0)
(-2246.62 853.096 0)
(3.70777 225.231 0)
(1520.29 2201.03 0)
(400.466 2806.41 0)
(-343.517 2563.65 0)
(-284.832 2627.5 0)
(-152.312 2766.1 0)
(-1849.71 2208.6 0)
(133.552 952.688 0)
(438.495 2169.29 0)
(-92.8445 2792.91 0)
(380.3 2546.1 0)
(-67.2456 2859.71 0)
(-379.926 2821.66 0)
(-111.876 2697.69 0)
(-641.607 2885.59 0)
(182.118 2634.78 0)
(-1290.46 2129.36 0)
(590.032 2793.4 0)
(-1006.17 2153.15 0)
(3.38094 246.993 0)
(-1256.03 2762.35 0)
(-2165.36 1358.29 0)
(-86.155 2885.95 0)
(-5.42037 76.7893 0)
(1340.78 2386.41 0)
(342.579 2561.35 0)
(-13.3366 2760.47 0)
(-114.459 2675.09 0)
(-7.85628 2635.66 0)
(-664.65 2586.94 0)
(-121.095 2695.23 0)
(63.2293 2761.53 0)
(-224.421 2847.86 0)
(-1814.14 1988.76 0)
(-167.534 666.085 0)
(-27.6068 490.692 0)
(-91.1763 2774.78 0)
(-458.889 2451 0)
(-378.193 2431.41 0)
(173.319 2641.26 0)
(-335.506 2552.39 0)
(3.28331 270.766 0)
(-157.98 2761.45 0)
(-251.814 2477.61 0)
(386.755 2748.63 0)
(-15.2584 2776.03 0)
(601.414 2750.69 0)
(813.868 2161.74 0)
(-184.3 2681.53 0)
(135.39 2753.79 0)
(-310.376 2880.35 0)
(-32.9987 2753.5 0)
(-52.3308 2816.34 0)
(605.422 2682.97 0)
(-919.561 2644.43 0)
(-198.019 2824.32 0)
(1608.82 1887.49 0)
(-70.859 2695.81 0)
(-726.612 2275.1 0)
(91.2917 2766.24 0)
(78.0709 2802.77 0)
(-174.589 2816.72 0)
(148.45 2659.35 0)
(4.28652 303.29 0)
(-101.561 2710.14 0)
(518.584 2717.38 0)
(482.418 2428.39 0)
(-251.382 2628.19 0)
(1217.52 2055.74 0)
(154.506 2618.27 0)
(-596.945 2346.7 0)
(-566.556 2399.26 0)
(-239.495 2627.85 0)
(1490.31 2243.12 0)
(155.897 584.769 0)
(178.329 2864.92 0)
(-134.014 2703.41 0)
(4.36297 331.699 0)
(-10.7756 2834.23 0)
(-598.585 2353.03 0)
(70.9618 2859.2 0)
(-629.336 2325.1 0)
(1481.31 2289.45 0)
(-156.399 2709.18 0)
(-343.684 2554.57 0)
(-8.56789 2791.92 0)
(31.4295 3004.98 0)
(-305.188 2576.22 0)
(-575.771 2384.71 0)
(-555.981 2750.1 0)
(1184.81 2041.89 0)
(166.872 653.284 0)
(360.825 133.049 0)
(238.644 2700.52 0)
(882.816 2789.81 0)
(-1176.53 1811.16 0)
(-120.147 2710.41 0)
(294.87 2808.89 0)
(796.16 2177.15 0)
(-290.924 2886.18 0)
(1068.04 2615.86 0)
(87.7001 2775.1 0)
(36.0508 301.714 0)
(-1036.37 2188.29 0)
(160.553 2770.73 0)
(-471.635 2826.3 0)
(-1026.31 2699.86 0)
(-105.099 2799.41 0)
(-23.521 2867.8 0)
(50.4055 405.557 0)
(-103.848 818.423 0)
(2.16117 67.0929 0)
(-410.436 2547.15 0)
(38.4209 891.888 0)
(-10.3315 2833.41 0)
(12.8049 2365.26 0)
(1166.65 1745.95 0)
(-157.556 2770.59 0)
(773.503 2663.25 0)
(-396.091 2574.36 0)
(-680.963 2403.94 0)
(-299.874 2813.82 0)
(2333.05 1024.58 0)
(-1715.54 2016.56 0)
(59.9756 237.118 0)
(-350.61 2559.49 0)
(-277.685 2837.92 0)
(87.0233 2700.64 0)
(795.144 2252.04 0)
(88.6367 952.228 0)
(-244.034 2645.99 0)
(68.1669 527.315 0)
(323.515 2743.54 0)
(2175.22 1663.29 0)
(139.052 842.149 0)
(-136.286 603.445 0)
(-360.409 2924.44 0)
(1424.15 2303.35 0)
(17.0637 108.301 0)
(-329.518 2586.44 0)
(55.7071 449.038 0)
(924.751 2453.53 0)
(-69.0027 2653.81 0)
(-22.6645 79.6254 0)
(96.8633 2724.26 0)
(543.016 2366.06 0)
(150.17 2663.22 0)
(-286.507 2586.92 0)
(-33.7593 2788.54 0)
(-3.72868 66.1379 0)
(-48.9778 943.151 0)
(63.2229 1166.67 0)
(1585.96 1923.73 0)
(-282.896 2577.63 0)
(-69.2485 2713.32 0)
(557.982 2754.19 0)
(-247.312 2598.86 0)
(-0.348155 410.02 0)
(-417.249 2497.77 0)
(173.598 657.535 0)
(-102.886 2801.15 0)
(-324.758 2576.54 0)
(90.8471 2376.72 0)
(-265.002 2886.98 0)
(1401.42 2203.51 0)
(-271.117 2978.34 0)
(1467.44 1989.59 0)
(-291.526 2576.4 0)
(44.4592 632.006 0)
(138.992 2655.86 0)
(111.081 2806.8 0)
(598.667 2323.65 0)
(-151.93 2701.54 0)
(722.203 2725.96 0)
(-233.799 2614.2 0)
(532.53 2840.8 0)
(2258.23 1262.46 0)
(1451.41 2259.1 0)
(-399.104 2514.92 0)
(-400.536 2531.47 0)
(215.41 2738.93 0)
(-1298.99 2859.43 0)
(309.391 2608.56 0)
(1479.29 1646.08 0)
(-384.323 2496.5 0)
(21.6932 2810.37 0)
(-547.442 2919.85 0)
(-708.796 2868.02 0)
(-158.623 2806.7 0)
(1257.46 2378.95 0)
(764.385 2238.44 0)
(2536.8 924.352 0)
(-118.728 2683.74 0)
(123.09 2816.25 0)
(104.894 2748.29 0)
(37.1802 2678.75 0)
(-542.462 2421.53 0)
(1.616 455.584 0)
(-214.999 2831.33 0)
(-174.144 2748.5 0)
(-165.191 2661.8 0)
(-89.419 2856.65 0)
(1071.6 2107.39 0)
(116.68 479.999 0)
(27.3126 2818.56 0)
(361.902 2020.61 0)
(-114.897 2328.94 0)
(-93.8275 2938.45 0)
(-366.689 2521.86 0)
(-250.751 2843.9 0)
(-222.176 2622.13 0)
(784.307 2195.82 0)
(498.303 2547.11 0)
(163.592 2600.11 0)
(-135.736 2682.03 0)
(-38.5555 2860.79 0)
(-135.422 2681.48 0)
(1022.92 2091.27 0)
(-72.5361 2566.38 0)
(763.955 2158.4 0)
(-204.674 2694.05 0)
(1608.23 1793.67 0)
(-154.453 2915.75 0)
(474.282 2662.2 0)
(1.78593 377.207 0)
(-290.472 2824.82 0)
(-1253.87 2459.3 0)
(16.4685 1003.21 0)
(-129.926 2793.86 0)
(-829.243 1839.84 0)
(-45.8342 2762.7 0)
(3.66989 505.581 0)
(0.490826 123.194 0)
(581.102 2694.4 0)
(152.579 670.859 0)
(637.154 2783.16 0)
(39.6363 792.151 0)
(0.981409 75.8102 0)
(-1123.37 2788.72 0)
(202.381 2716.19 0)
(156.146 637.182 0)
(-165.868 2688.76 0)
(-348.333 2543.98 0)
(3.82913 427.97 0)
(-16.6399 2760.7 0)
(131.388 2739.45 0)
(37.2658 2748.46 0)
(-72.7465 2765.94 0)
(-667.031 2755.91 0)
(-107.698 2789.69 0)
(-314.438 2571.31 0)
(-142.463 2782.71 0)
(-478.748 2675.49 0)
(-647.113 2336.18 0)
(-297.253 2617.83 0)
(197.14 2627.34 0)
(-213.242 2632.64 0)
(15.209 1118.49 0)
(-327.557 2571.52 0)
(-124.247 2800.06 0)
(186.776 2628 0)
(102.56 2550.53 0)
(-40.1367 542.03 0)
(-112.193 2691.74 0)
(1375.36 2329.09 0)
(81.9499 2900.31 0)
(303.851 2625.66 0)
(2225.67 1205.47 0)
(-1466.2 1915.51 0)
(-103.39 2786.92 0)
(593.746 2343.81 0)
(622.203 2880.79 0)
(-158.554 2858.05 0)
(-1187.61 1820.11 0)
(24.2485 1089.69 0)
(-61.0253 724.293 0)
(1814.79 1639.41 0)
(1789.21 2034.28 0)
(-159.171 2665.36 0)
(-76.2334 2695.32 0)
(44.0121 2849.3 0)
(1377.91 2389.1 0)
(2141.28 1404.53 0)
(-1742.36 1895.75 0)
(-67.7485 2888.97 0)
(990.688 2190.61 0)
(-1184.45 2772.75 0)
(-474.602 2945.86 0)
(358.262 2850.85 0)
(1.86555 147.675 0)
(462.939 2821.89 0)
(-184.098 2787.63 0)
(111.273 661.576 0)
(-211.442 2834.45 0)
(-14.6388 131.429 0)
(-6.04256 2699.36 0)
(-315.502 2888.32 0)
(-7.40924 1141.1 0)
(50.0126 628.779 0)
(0.965847 2777.96 0)
(714.736 2752.75 0)
(-313.326 2600.83 0)
(-39.1715 2743.07 0)
(32.854 883.414 0)
(971.66 2496.34 0)
(-69.5322 2715.78 0)
(33.4152 2657.77 0)
(-151.884 2740.53 0)
(353.893 2807.78 0)
(476.208 2780.84 0)
(20.5446 2610.37 0)
(-760.951 2097.27 0)
(67.2556 506.971 0)
(416.53 2589.77 0)
(-36.8738 154.189 0)
(686.353 2887.59 0)
(193.039 2864.98 0)
(-1145.27 2554.71 0)
(-333.953 2808 0)
(95.9499 2598.66 0)
(1764.6 2063.76 0)
(-2041.98 1736.55 0)
(90.2142 2754.06 0)
(128.699 2477.2 0)
(117.021 3014.28 0)
(-473.606 2773.72 0)
(-77.3245 2771.59 0)
(251.784 1987.41 0)
(1.18363 2794.85 0)
(-45.1261 2885 0)
(-66.6011 2929.5 0)
(596.695 2897.81 0)
(-976.952 2631.85 0)
(-154.123 2658.99 0)
(225.229 2600.23 0)
(131.139 642.17 0)
(-265.174 2637.77 0)
(-285.721 2829.14 0)
(-167.897 2781.21 0)
(-36.3482 2849.77 0)
(-1827.17 1978.66 0)
(201.605 2802.7 0)
(-352.096 2541.56 0)
(1348.54 2627.65 0)
(-908.339 2792.34 0)
(18.2293 1150.34 0)
(1010.19 2517.79 0)
(-755.609 2874 0)
(-130.038 630.251 0)
(-1092.33 2217.57 0)
(1167.61 2844.08 0)
(-42.4218 2751.5 0)
(-944.759 2854.04 0)
(-2323.02 932.495 0)
(2187.76 1387.12 0)
(-1094.57 3118.92 0)
(-281.661 2541.93 0)
(-160.731 2757.86 0)
(-198.803 2837.75 0)
(-240.231 956.609 0)
(805.101 2372.69 0)
(-164.707 2777.91 0)
(-198.328 2653.62 0)
(-138.071 2685.39 0)
(914.538 2832.17 0)
(-105.76 2882.31 0)
(-389.269 2529.15 0)
(-1787.13 1775.45 0)
(1144.39 1936.76 0)
(25.0098 885.119 0)
(2.09403 184.069 0)
(155.486 580.333 0)
(79.9069 2781.61 0)
(-346.751 2575.64 0)
(-121.502 2697.79 0)
(-159.913 2776.1 0)
(-69.7535 2704.91 0)
(22.1744 946.049 0)
(368.784 2544.52 0)
(48.6959 2751.04 0)
(-144.472 574.921 0)
(228.324 2596.8 0)
(-34.7263 2755.77 0)
(-58.427 757.176 0)
(117.494 818.725 0)
(-36.2576 135.388 0)
(-378.557 2535.35 0)
(312.974 2826.79 0)
(671.83 2687.17 0)
(-262.217 2597 0)
(-63.2888 2824.01 0)
(-140.535 2689.47 0)
(201.002 2635.67 0)
(-272.239 2594.11 0)
(-340.946 2549.33 0)
(1943.63 1423.09 0)
(1109.76 2798.85 0)
(242.398 2198.38 0)
(-329.112 2559.95 0)
(1332.16 2390.76 0)
(-217.227 2878.21 0)
(945.007 2187.16 0)
(-174.427 2816.31 0)
(67.0408 2867.67 0)
(-352.895 2515.11 0)
(608.21 2913.79 0)
(-183.864 2691.72 0)
(-478.49 2839.47 0)
(-375.788 2525.59 0)
(767.328 2263.13 0)
(-829.219 2743.07 0)
(-319.116 2570.98 0)
(30.218 2754.69 0)
(-64.6807 1023.24 0)
(533.98 2794.51 0)
(54.5618 2758.16 0)
(1092.45 2803.49 0)
(-140.17 2814.93 0)
(-535.535 2821.63 0)
(-2.21812 2875.25 0)
(-345.781 2954.93 0)
(-1218.83 2217.13 0)
(267.102 2810.95 0)
(-327.504 2803.86 0)
(34.6956 2708.31 0)
(-204.726 2654.69 0)
(-307.885 2585.23 0)
(0.661482 704.308 0)
(-150.847 2778.91 0)
(73.8808 319.167 0)
(486.715 2813.12 0)
(338.01 2795.73 0)
(-20.0829 1257.12 0)
(-86.0236 2885.96 0)
(-67.5372 2776.77 0)
(1105.96 2370.16 0)
(-84.4048 2703 0)
(164.229 2794.35 0)
(-1578.18 2081.1 0)
(1139.65 1863.51 0)
(-290.31 2599.09 0)
(222.466 2802.27 0)
(144.756 518.505 0)
(968.876 2640.67 0)
(-328.222 2881.93 0)
(-144.168 2669.93 0)
(-155.586 616.569 0)
(877.922 2139.12 0)
(325.087 2808.35 0)
(106.712 2807.47 0)
(-98.5614 2707.82 0)
(-1107.94 2539.4 0)
(51.3002 2850.34 0)
(-749.424 2843.08 0)
(63.349 408.637 0)
(60.9629 2706.13 0)
(92.266 2694.77 0)
(-363.311 2546.67 0)
(-73.444 2794.83 0)
(244.171 2868.86 0)
(-185.66 2786.9 0)
(-144.639 2772.78 0)
(-308.672 2881.48 0)
(339.363 2586.4 0)
(235.958 2850.82 0)
(109.497 2898.93 0)
(1053.12 2051.58 0)
(483.462 2634.02 0)
(1381.08 2416.03 0)
(-262.519 2812.71 0)
(166.944 690.278 0)
(-128.682 2806.04 0)
(-265.216 2609.26 0)
(-166.831 2922.95 0)
(-415.756 2522.07 0)
(-2182.4 763.718 0)
(1491.17 2069.7 0)
(-1328.73 2347.42 0)
(1057.01 2011.23 0)
(-1266.55 2946.71 0)
(268.62 2800.93 0)
(-240.809 2888.37 0)
(96.1307 2696.96 0)
(-209.78 2803.45 0)
(-63.2507 2777.86 0)
(74.0786 2777.41 0)
(78.2056 2742.08 0)
(831.839 2161.08 0)
(68.9538 2898.65 0)
(-941.254 2676.25 0)
(1554.83 2279.45 0)
(-577.855 2387.19 0)
(2192.06 1391.94 0)
(-182.332 2657.53 0)
(-204.96 2887.34 0)
(-12.6182 2589.35 0)
(481.763 2823.47 0)
(-925.548 2848.98 0)
(-439.976 2476.57 0)
(632.721 2902.89 0)
(-16.5952 115.799 0)
(243.893 2602.68 0)
(39.6458 914.872 0)
(-54.5063 634.982 0)
(247.048 2143.59 0)
(-37.0801 2717.49 0)
(19.0603 245.795 0)
(1967.79 1683.99 0)
(20.9461 955.927 0)
(-222.396 2426.84 0)
(1282.63 2344.94 0)
(-1243.76 2420.8 0)
(-328.263 2554.85 0)
(176.384 2802.39 0)
(974.757 2606.96 0)
(-559.684 2808.46 0)
(-1414.98 2746.46 0)
(2.22577 250.517 0)
(-89.625 2902.9 0)
(-215.309 2887.15 0)
(-18.2527 2842.45 0)
(-153.505 2817.46 0)
(-62.4995 306.239 0)
(-196.74 2643.05 0)
(473.021 2316.02 0)
(46.4827 2744.67 0)
(-77.8252 2795.66 0)
(512.263 2377.27 0)
(117.165 617.463 0)
(107.62 2671.74 0)
(692.416 2136.27 0)
(-1254.39 2864.18 0)
(-350.166 2558.91 0)
(247.175 2602.22 0)
(-343.855 2557.74 0)
(-532.137 2495.69 0)
(-8.27865 74.1069 0)
(-194.554 2694.44 0)
(85.8866 2794.51 0)
(-287.937 2884.71 0)
(-2169.68 1384.8 0)
(-168.715 621.893 0)
(-560.069 2408.44 0)
(-273.641 2823.77 0)
(-265.84 2979.09 0)
(-173.798 2662.3 0)
(69.8983 2756.95 0)
(-353.714 2546.48 0)
(-95.7569 2690.04 0)
(142.27 2879.64 0)
(-161.245 604.418 0)
(16.5496 93.7022 0)
(1078.24 2496.79 0)
(-242.304 827.652 0)
(110.885 2766.27 0)
(10.4091 1210.43 0)
(-33.7455 2788.27 0)
(199.511 2715.81 0)
(138.992 970.364 0)
(-256.528 2977.5 0)
(-11.92 263.744 0)
(166.801 844.159 0)
(880.246 2570.14 0)
(713.547 2250.05 0)
(32.8834 2818.85 0)
(-334.131 2560.32 0)
(226.67 2627.53 0)
(2156.58 1421.93 0)
(-235.632 2624.55 0)
(-109.882 2781.88 0)
(1281.05 1934.45 0)
(906.458 2118.98 0)
(1338.96 2420.69 0)
(207.168 2815.4 0)
(43.5185 2814.79 0)
(811.059 2207.78 0)
(588.62 2808.12 0)
(-123.315 2789.74 0)
(158.146 2767.09 0)
(0.69375 2863.42 0)
(37.08 1266.45 0)
(622.017 2696.36 0)
(-754.94 2875.02 0)
(1627.46 2175.25 0)
(-664.536 2587.76 0)
(-208.403 2784.57 0)
(-829.562 2057.98 0)
(206.071 2628.91 0)
(209.614 2092.18 0)
(321.422 2800.22 0)
(1512.03 2311.75 0)
(-44.1426 1097.32 0)
(75.1814 2713.19 0)
(-303.083 2575.1 0)
(-337.752 2552.42 0)
(-1337.53 1963.76 0)
(-2171.52 1435.52 0)
(804.676 2241.77 0)
(130.851 2697.67 0)
(200.851 2633.11 0)
(991.487 2588.45 0)
(-590.72 2365.44 0)
(1236.98 1852.77 0)
(-1813.36 1913.13 0)
(667.746 2265.41 0)
(539.078 2399.36 0)
(831.58 2601.45 0)
(-267.254 2889.35 0)
(-303.262 2568.3 0)
(226.274 2619.81 0)
(225.921 2070.66 0)
(-276.591 2588.06 0)
(-998.56 2526.51 0)
(137.291 2756.68 0)
(59.9402 1207.69 0)
(-480.258 2472.83 0)
(-202.434 2815.47 0)
(-247.974 2599.74 0)
(381.318 2835.68 0)
(764.44 2245.03 0)
(843.329 2191.93 0)
(-71.6245 2700.55 0)
(-411.268 2512.2 0)
(-410.787 2495.73 0)
(-379.318 2791.79 0)
(-195.527 2815 0)
(-833.846 2058.71 0)
(-88.4794 2653.52 0)
(-86.2073 2763.57 0)
(120.566 2755.11 0)
(142.115 2752.02 0)
(-116.954 614.412 0)
(-251.717 2617.16 0)
(-186.698 2814.01 0)
(243.878 2396.72 0)
(-56.3721 2946.34 0)
(15.9437 251.874 0)
(1083.59 2428.85 0)
(1326.47 2435.56 0)
(-154.315 1450.16 0)
(-233.947 2613.33 0)
(199.648 2626.66 0)
(746.964 2271.6 0)
(143.812 2852.03 0)
(-336.183 2826.17 0)
(-844.003 2134.34 0)
(909.832 2614.15 0)
(-182.663 2656.46 0)
(252.709 2765.62 0)
(-378.81 2501.01 0)
(295.24 2807.09 0)
(-436.52 2655.78 0)
(-223.829 2572 0)
(-43.3314 2594.92 0)
(166.939 2051.86 0)
(161.492 2790.3 0)
(-286.623 2584.73 0)
(-287.736 2577.77 0)
(294.546 2804.94 0)
(-1043.55 2999.32 0)
(8.71233 2634.91 0)
(-177.423 2812.89 0)
(-148.63 2802.21 0)
(-194.786 2788.82 0)
(20.9725 2582.36 0)
(-336.258 2548.61 0)
(16.8575 76.6277 0)
(-155.984 2809.22 0)
(-557.873 2411.09 0)
(1228.06 2496.42 0)
(164.377 1829.91 0)
(221.123 2600.62 0)
(-817.21 2737.57 0)
(1015.87 2576.95 0)
(211.638 2760.25 0)
(-2215.69 1428.96 0)
(-1108.91 1717.4 0)
(-2212.65 814.326 0)
(-366.538 2526.13 0)
(-139.741 2784.41 0)
(283.241 2796.46 0)
(346.538 2533.97 0)
(91.0534 2767.08 0)
(-323.461 2562.3 0)
(-40.578 2714.15 0)
(30.5058 937.234 0)
(-157.685 2646.64 0)
(-396.297 2518.89 0)
(-160.752 2666.45 0)
(491.155 2943.85 0)
(-60.5168 2708.43 0)
(5.63947 801.176 0)
(-222.722 2620.73 0)
(-170.233 2778.16 0)
(-389.218 2518.8 0)
(249.525 2568.41 0)
(147.625 2765.55 0)
(-96.4002 2920.05 0)
(-112.805 2688.46 0)
(15.469 1103.59 0)
(-383.407 2533.36 0)
(-710.638 2551.57 0)
(101.868 2813.13 0)
(48.7917 2717.88 0)
(1917.46 1499.74 0)
(-140.964 2784.93 0)
(-566.551 2423.62 0)
(-101.667 2764.31 0)
(-102.446 2783.38 0)
(-106.351 2767.54 0)
(-161.239 2704.23 0)
(653.756 2394.47 0)
(205.179 2582.05 0)
(-803.464 2579.76 0)
(-145.963 2671.84 0)
(40.1976 237.479 0)
(-174.888 2778.34 0)
(-133.328 2779.49 0)
(177.437 2640.34 0)
(-187.472 2824.23 0)
(1148.23 2574.86 0)
(-548.027 2420.55 0)
(340.621 2828.51 0)
(-236.903 2834.47 0)
(46.1056 2727.35 0)
(173.765 2632.27 0)
(466.502 2814.28 0)
(186.315 2645.94 0)
(312.043 2882.47 0)
(108.528 2880.39 0)
(211.268 2623.25 0)
(-360.545 2471.45 0)
(-170.776 2659.7 0)
(2.58824 789.512 0)
(-73.2418 2775.1 0)
(261.398 2799.31 0)
(-161.859 2776.83 0)
(-632.429 2716.49 0)
(62.8867 320.293 0)
(722.466 2238.13 0)
(-289.671 2533.67 0)
(0.527425 2258 0)
(-195.199 2653.63 0)
(107.057 675.386 0)
(-350.736 2858.55 0)
(-346.792 2546.44 0)
(-43.264 215.747 0)
(-151.551 2669.3 0)
(1139.16 2562.19 0)
(13.0614 2767.91 0)
(-419.892 2647.24 0)
(-386.999 2513.55 0)
(-140.239 2713.01 0)
(-245.339 2618.78 0)
(-253.781 2984.77 0)
(-770.288 2861.24 0)
(-137.156 2674.23 0)
(-136.486 2716.09 0)
(-122.959 2679.49 0)
(-1299.5 2755.82 0)
(332.39 2539.96 0)
(352.184 2545.7 0)
(-164.207 2656.57 0)
(1223.51 2888.7 0)
(-111.299 2689.47 0)
(-662.678 2705.84 0)
(-209.296 2636.79 0)
(296.237 2794.68 0)
(-158.739 2551.18 0)
(-117.955 2782.2 0)
(-371.251 2534.58 0)
(18.6987 702.931 0)
(388.418 2810.18 0)
(-106.086 2686.27 0)
(155.726 2784.58 0)
(2125.86 1530.47 0)
(-224.473 2822.37 0)
(113.98 689.585 0)
(-137.726 2705.09 0)
(-12.0761 2740.08 0)
(-57.0614 2768.08 0)
(-67.9566 2776.24 0)
(176.317 2799.61 0)
(427.929 2454.23 0)
(-74.4616 2704.93 0)
(-105.689 2791.78 0)
(-333.573 2578.65 0)
(110.189 838.667 0)
(-322.595 2565.11 0)
(282.621 2569.88 0)
(226.535 2607.16 0)
(583.918 2760.18 0)
(970.548 1703.74 0)
(175.486 2855.66 0)
(384.812 2541.2 0)
(-69.0241 2928.52 0)
(-212.256 2648.5 0)
(-165.85 2881.01 0)
(88.8181 2811.36 0)
(-130.209 2684.15 0)
(191.209 2616.54 0)
(313.894 2799.97 0)
(233.241 2603.75 0)
(317.136 2560.06 0)
(685.839 2290.74 0)
(-540.683 2914.65 0)
(313.548 2802.44 0)
(237.629 2607.68 0)
(46.1257 270.807 0)
(-1718.91 1994.87 0)
(-41.6362 1044.24 0)
(235.748 2673.28 0)
(245.301 2867.53 0)
(-219.787 2599.16 0)
(-223.427 2426.16 0)
(-11.8154 2618.1 0)
(-90.8513 2695.24 0)
(-1088.75 2414.56 0)
(1058.14 2542.64 0)
(-153.053 2786.95 0)
(-368.797 2523.63 0)
(891.021 2658.56 0)
(-215.621 2822.02 0)
(-2269.26 1318.02 0)
(-154.8 2766.95 0)
(-145.007 492.589 0)
(181.005 630.281 0)
(-47.2575 162.56 0)
(-32.8795 112.86 0)
(194.049 677.247 0)
(-52.4866 179.281 0)
(-93.2057 319.506 0)
(-60.9163 208.326 0)
(154.888 529.455 0)
(32.8771 112.633 0)
(47.2986 162.114 0)
(106.856 364.49 0)
(-210.358 745.373 0)
(52.5265 180.081 0)
(145.651 495.397 0)
(-63.9993 219.227 0)
(-50.0036 170.436 0)
(-42.831 146.559 0)
(60.8281 209.197 0)
(36.5776 125.585 0)
(-182.681 620.37 0)
(93.0466 318.224 0)
(-89.4058 305.697 0)
(-67.1876 230.551 0)
(-55.3264 188.727 0)
(55.063 189.46 0)
(-36.6002 125.52 0)
(-29.5546 101.401 0)
(64.2158 219.372 0)
(180.755 614.484 0)
(30.3972 104.44 0)
(-194.934 661.594 0)
(67.4072 230.074 0)
(-161.319 544.3 0)
(89.0632 304.26 0)
(-31.2302 106.92 0)
(140.322 475.952 0)
(70.8293 241.337 0)
(126.817 431.697 0)
(-210.153 710.579 0)
(-70.7405 242.116 0)
(28.0537 96.5871 0)
(49.8955 171.239 0)
(-118.946 405.045 0)
(-98.2563 333.975 0)
(162.933 551.628 0)
(42.7899 146.526 0)
(118.53 404.633 0)
(-40.613 139.51 0)
(-113.746 388.298 0)
(-109.469 371.389 0)
(-57.9504 197.754 0)
(-34.6897 118.986 0)
(-159.052 558.209 0)
(40.4355 138.486 0)
(85.1989 290.61 0)
(34.7347 118.959 0)
(102.302 349.025 0)
(73.8622 253.553 0)
(58.0264 198.061 0)
(165.186 565.026 0)
(81.45 277.565 0)
(-38.5616 132.172 0)
(38.5442 131.933 0)
(-229.257 831.666 0)
(229.014 850.337 0)
(113.676 386.456 0)
(97.7186 333.729 0)
(-81.4321 277.486 0)
(-74.1006 253.962 0)
(-45.2693 154.404 0)
(77.5579 265.277 0)
(-131.639 448.942 0)
(44.8694 154.494 0)
(132.517 449.604 0)
(262.014 2587.24 0)
(-28.1789 2696.81 0)
(19.5019 2740.81 0)
(-209.106 2619.01 0)
(639.905 2380.76 0)
(-377.811 2517.17 0)
(-246.033 2811.43 0)
(-77.7824 265.799 0)
(-193.546 2641.57 0)
(918.254 1626.07 0)
(-173.901 2788.89 0)
(-206.757 2821.82 0)
(405.08 2738.16 0)
(136.581 2776.5 0)
(-65.2313 2702.64 0)
(-197.038 2615.49 0)
(-85.3359 291.259 0)
(-350.833 2533.83 0)
(73.1404 1051.18 0)
(-136.366 2681.84 0)
(-337.524 2550.83 0)
(-369.259 2503.96 0)
(717.584 2219.73 0)
(302.139 2810.1 0)
(-179.45 2631.09 0)
(-94.7101 2793.31 0)
(297.205 2812.94 0)
(-822.532 2342.71 0)
(-155.365 2782.75 0)
(-304.929 2573.65 0)
(1224.39 2696.63 0)
(307.706 2320.19 0)
(-265.656 2818 0)
(-639.983 2446.17 0)
(-188.798 2665.25 0)
(-198.338 2821.89 0)
(-317.627 2573.72 0)
(235.388 2597.03 0)
(43.7131 161.805 0)
(-293.435 2588.43 0)
(-29.3586 240.943 0)
(320.258 2844.73 0)
(122.876 2673.27 0)
(-676.759 2854.21 0)
(145.738 2786.01 0)
(-21.4562 83.025 0)
(-270.115 2819.98 0)
(-396.244 2467.31 0)
(-152.047 2740.74 0)
(-303.049 2588.14 0)
(-176.691 2749.44 0)
(207.547 2811.47 0)
(-104.681 356.603 0)
(-406.462 2610.61 0)
(242.102 2660.53 0)
(-102.444 348.982 0)
(-924.326 1743.07 0)
(-121.889 2796.37 0)
(-464.341 2629.64 0)
(282.947 2646.98 0)
(193.793 2805.01 0)
(230.517 2727.17 0)
(32.7576 2783.89 0)
(-287.635 2602.92 0)
(-187.973 2789.5 0)
(-88.3106 3003.87 0)
(17.2145 1030.62 0)
(-350.952 2528 0)
(101.49 494.648 0)
(-2182.66 1154.7 0)
(-269.443 2814.91 0)
(97.2581 2809.46 0)
(-194.109 2804.09 0)
(-816.712 2524.21 0)
(98.6072 2792.35 0)
(-277.809 2598.66 0)
(-736.537 2852.79 0)
(-70.8565 2704.17 0)
(-119.005 2693.5 0)
(1298.31 2419.51 0)
(-1329.76 1778.69 0)
(-58.0984 2779.24 0)
(5.01945 2738.74 0)
(134.629 2802.45 0)
(1860.6 1484.33 0)
(172.332 2622.78 0)
(65.1178 2854.13 0)
(11.815 2761.54 0)
(-142.083 2692.38 0)
(-63.4683 2777.71 0)
(50.6202 2835.28 0)
(194.593 2630.51 0)
(-1505.36 1907.01 0)
(73.7308 538.228 0)
(7.81554 2801.75 0)
(-165.65 2700.11 0)
(-356.861 2538.77 0)
(-228.564 2818.65 0)
(-191.184 2708.54 0)
(254.709 2834.48 0)
(-50.412 2707.28 0)
(-132.528 2780.19 0)
(-14.6432 2752.33 0)
(-208.328 2808.65 0)
(323.777 2809.14 0)
(371.512 2347.48 0)
(103.885 2780.44 0)
(1117.76 2570.93 0)
(29.5165 2729.66 0)
(-338.189 2548.69 0)
(-93.4435 2785.33 0)
(-154.445 2708.88 0)
(-1305.26 2347.92 0)
(-376.874 2503.83 0)
(-122.696 2901.95 0)
(-607.689 1758.49 0)
(-371.541 2522.58 0)
(-20.6923 2713.95 0)
(-245.437 2821.04 0)
(-225.195 2829.2 0)
(1029.59 2620.23 0)
(236.118 2613.11 0)
(52.7601 2762.94 0)
(-683.246 2615.77 0)
(-168.49 2812.01 0)
(166.32 2633.35 0)
(28.508 2537.67 0)
(2305.41 1234.07 0)
(-266.822 2691.14 0)
(-21.5017 2742.41 0)
(57.8202 2566.6 0)
(-230.673 2833.98 0)
(129.825 2786.42 0)
(95.5892 2606.23 0)
(-173.441 2731.64 0)
(-1.7801 2738.05 0)
(-188.368 2730.21 0)
(-224.055 2831.55 0)
(1299.35 2463.76 0)
(100.453 2809.93 0)
(-214.09 2635.41 0)
(241.008 2618.31 0)
(24.6388 2756.44 0)
(-258.617 2822.64 0)
(1013.31 1704.01 0)
(95.2764 2806.29 0)
(91.8164 2767.17 0)
(17.4013 2764.24 0)
(-206.013 2806.15 0)
(-1834.63 1456.94 0)
(209.253 2626.77 0)
(172.846 2644.51 0)
(501.57 2757.38 0)
(122.777 2746.45 0)
(-203.634 2814.57 0)
(1210.5 2488.77 0)
(-1318.66 2109.58 0)
(-214.025 2829.52 0)
(-88.7904 2796.14 0)
(258.972 2793.32 0)
(196.82 2717.29 0)
(-102.026 2696.34 0)
(-1279.46 2384.12 0)
(-206.532 2826.04 0)
(-216.484 748.212 0)
(238.023 2468.51 0)
(-168.269 2630.67 0)
(-196.515 2813.97 0)
(1884.01 1754.39 0)
(-824.266 2873.44 0)
(-83.8917 2798.01 0)
(622.519 2383.74 0)
(-26.2978 2773.78 0)
(152.183 2779.54 0)
(-199.518 2824.07 0)
(-65.1382 2798.04 0)
(-149.595 2791.34 0)
(-38.5507 2659.52 0)
(-100.224 2700.32 0)
(88.6741 905.718 0)
(123.502 799.375 0)
(716.526 2253.02 0)
(-126.89 430.817 0)
(181.594 2639.27 0)
(-87.9013 2701.94 0)
(-259.693 2611.4 0)
(-187.219 2813.1 0)
(-351.193 2473.26 0)
(-191.939 2821.49 0)
(52.7239 2750.25 0)
(-69.025 2641.74 0)
(278.862 2520.72 0)
(-427.496 2889.37 0)
(-173.881 2649.65 0)
(589.032 2688.15 0)
(-307.862 2606.08 0)
(-4.33377 653.507 0)
(-74.1303 2707.81 0)
(388.251 2730.75 0)
(96.2374 380.145 0)
(188.183 2701.13 0)
(-122.51 2786.84 0)
(42.3633 1218.97 0)
(65.7186 2784.46 0)
(-23.3443 82.1925 0)
(244.201 2705.95 0)
(28.5528 2725.05 0)
(223.986 2620.71 0)
(-23.8954 2745.02 0)
(247.518 2791.22 0)
(-38.5868 1026.26 0)
(173.04 2786.42 0)
(-184.968 2818.7 0)
(144.481 2667.57 0)
(2220.03 1331.09 0)
(-146.694 2618.07 0)
(588.365 2383.95 0)
(322.685 2808.56 0)
(132.413 2637.45 0)
(-141.942 2798.76 0)
(9.22217 939.586 0)
(-59.0015 2714.51 0)
(2171.94 1393.94 0)
(-69.3278 2795.99 0)
(46.1816 407.906 0)
(405.426 2622.76 0)
(261.483 2592.51 0)
(26.5066 91.1417 0)
(-803.19 2378.67 0)
(-53.4629 2702.84 0)
(688.298 2278.07 0)
(708.212 2251.95 0)
(-132.295 2676.34 0)
(-92.6681 2775.38 0)
(250.284 2787.24 0)
(54.9657 659.653 0)
(290.462 2100.1 0)
(454.232 2773.25 0)
(110.537 2821.58 0)
(-126.172 2778.63 0)
(225.517 2623.03 0)
(-189.361 2886.79 0)
(-139.716 2776.25 0)
(-44.6874 2718.99 0)
(-635.478 2577.3 0)
(295.442 2806.92 0)
(-69.9846 293.233 0)
(8.40631 2735.45 0)
(-73.4109 2800.18 0)
(287.656 2524.49 0)
(-62.0997 2752.21 0)
(-6.75203 117.418 0)
(-27.9126 95.9293 0)
(180.496 2709.9 0)
(-622.069 2655 0)
(-525.145 2469.47 0)
(293.514 2803.93 0)
(-129.126 2655.03 0)
(-259.155 2824.03 0)
(-599.881 2770.72 0)
(-62.0252 2825.05 0)
(14.8454 2733.7 0)
(1234.76 2546.32 0)
(-125.605 643.31 0)
(-1385.56 2146.34 0)
(-55.7957 2734.5 0)
(694.265 1927.83 0)
(-34.6493 2721.52 0)
(-49.4689 2748.15 0)
(137.099 2781.6 0)
(198.066 2630.12 0)
(-713.29 2633.98 0)
(-79.2848 2688.97 0)
(-1239.27 2795.41 0)
(-31.6134 995.267 0)
(-134.937 2795.34 0)
(-245.351 2649.89 0)
(2100.72 1559.84 0)
(521.446 2753.56 0)
(-41.898 760.205 0)
(1.93171 103.568 0)
(-25.7067 2755.4 0)
(530.993 2876.26 0)
(-78.3456 2768.49 0)
(-1104.63 2158.27 0)
(-177.376 2812.25 0)
(874.328 2140.13 0)
(141.681 639.706 0)
(-135.917 2728.29 0)
(-501.722 2940.41 0)
(-30.2638 2768.68 0)
(-855.461 1789.13 0)
(1858.49 1637.95 0)
(-9.4829 2735.87 0)
(-128.086 489.807 0)
(174.849 719.08 0)
(-375.103 2800.77 0)
(26.0813 2764.36 0)
(-534.834 2672.63 0)
(520.475 2424.76 0)
(1.66647 1196.12 0)
(-131.68 2780.09 0)
(-52.5433 2747.82 0)
(-72.7452 2699.47 0)
(51.2653 451.807 0)
(-60.5298 2800.79 0)
(-214.614 2892.31 0)
(9.58921 2731.44 0)
(11.4329 804.183 0)
(120.069 2765.25 0)
(137.436 573.101 0)
(-132.538 2681.41 0)
(-96.4514 2798.74 0)
(-50.2134 2754.41 0)
(-178.701 2658.15 0)
(277.794 2940.57 0)
(499.918 2767.85 0)
(-48.4323 2755.41 0)
(-290.415 2825.31 0)
(-158.902 2813.63 0)
(201.337 2617.87 0)
(-36.2565 2806.44 0)
(666.061 2268.77 0)
(140.632 2826.6 0)
(-350.501 2559.3 0)
(-298.195 2602.05 0)
(76.2255 2805.06 0)
(-28.1334 2809.65 0)
(-631.661 2760.03 0)
(-358.171 2969.57 0)
(-4.84476 2729.74 0)
(-20.2141 71.6214 0)
(-131.294 601.095 0)
(-232.434 2822.36 0)
(906.113 1778.22 0)
(-158.09 2666.12 0)
(131.261 2694.68 0)
(-279.173 2671.25 0)
(-45.965 2761.29 0)
(961.296 2608.26 0)
(185.429 2782.81 0)
(-189.517 2820.77 0)
(136.773 734.674 0)
(-120.889 602.07 0)
(192.426 803.78 0)
(-145.551 2803.09 0)
(282.112 2801.45 0)
(-170.713 2674.52 0)
(259.363 2782.85 0)
(37.7685 2747.95 0)
(762.35 1964.7 0)
(6.84144 2751.89 0)
(19.0301 1409.45 0)
(-196.599 2819.53 0)
(-696.995 1873.71 0)
(-49.7357 2781.17 0)
(-94.8896 376.405 0)
(1085.54 2798.69 0)
(-199.346 2634.85 0)
(-71.5046 2803.83 0)
(495.453 2910.89 0)
(216.242 2733.29 0)
(166.301 2639.54 0)
(-45.9143 2755.23 0)
(1631.01 1719.79 0)
(-64.5186 2611.83 0)
(215.439 2724.35 0)
(-69.1455 2768.87 0)
(171.301 2788.79 0)
(-27.2847 1061.82 0)
(-223.887 2822.08 0)
(-48.4027 2687.66 0)
(-210.026 2842.62 0)
(547.143 2902.02 0)
(-749.486 2691.8 0)
(224.061 2795.13 0)
(-767.482 2861.87 0)
(517.995 2668.34 0)
(290.116 2862.91 0)
(-116.06 2793.69 0)
(102.978 2793.16 0)
(111.773 2806.63 0)
(-102.831 2797.05 0)
(152.608 2647.3 0)
(434.857 2345.43 0)
(-166.338 2814.14 0)
(-173.992 2805.38 0)
(33.969 2769.75 0)
(-832.459 2743.88 0)
(84.3428 2697.22 0)
(165.747 2670.75 0)
(-323.437 2827.42 0)
(-135.189 2806.45 0)
(62.6485 510.009 0)
(129.458 2774.35 0)
(-901.212 2783.36 0)
(51.4938 2869.02 0)
(238.995 3005.36 0)
(55.4887 2811.04 0)
(1195.05 2862.43 0)
(552.145 2328.79 0)
(1061 2603.53 0)
(2169.01 1437.12 0)
(773.168 2395.95 0)
(109.468 2671.54 0)
(-215.109 2822.04 0)
(-918.642 2491.07 0)
(-948.895 2528.58 0)
(-75.0544 2753.7 0)
(248.304 2592.68 0)
(172.672 2629.64 0)
(-64.5385 2762.01 0)
(-821.069 2854.18 0)
(897.621 1706.75 0)
(-178.235 2787.87 0)
(-200.252 2717.74 0)
(20.6888 2750.06 0)
(-139.231 475.477 0)
(-222.317 2830.52 0)
(-127.101 2798.88 0)
(426.401 2476.34 0)
(-119.842 2679.32 0)
(-133.934 2673.77 0)
(-344.039 2822.64 0)
(-148.484 2668.54 0)
(-85.4418 2780.61 0)
(152.328 636.873 0)
(-206.383 2822.01 0)
(-60.1134 2763.08 0)
(-35.6846 2963.58 0)
(187.245 2802.68 0)
(-208.136 2626.69 0)
(-210.45 2681.24 0)
(608.08 2607.78 0)
(25.5297 2733.03 0)
(-163.074 2765.01 0)
(-143.725 2671.12 0)
(-124.468 2606.64 0)
(77.9283 2778.96 0)
(97.7022 2779.36 0)
(-34.2071 544.964 0)
(-239.725 2624.54 0)
(-30.6455 2775.26 0)
(-102.91 2686.28 0)
(138.102 2789.56 0)
(-54.8412 2762.85 0)
(101.474 570.9 0)
(-207.195 1747.38 0)
(157.259 2640.9 0)
(-1278.95 2374.18 0)
(67.1853 2646.53 0)
(199.005 2807.04 0)
(-31.1998 2799.11 0)
(474.755 2595.86 0)
(466.559 2466.13 0)
(25.0322 85.8892 0)
(319.933 2558.08 0)
(-329.849 2583.54 0)
(-225.083 2612.63 0)
(-435.047 2474.52 0)
(-18.9861 2742.98 0)
(-232.295 2600.06 0)
(-230.535 2826.7 0)
(211.307 2750.36 0)
(1733.1 1596.11 0)
(171.409 2644.57 0)
(129.891 2763.2 0)
(-600.149 2678.25 0)
(-50.2575 2764.89 0)
(-1.79202 2543.46 0)
(-207.871 2648.61 0)
(-163.082 2662.09 0)
(784.843 1911.4 0)
(-311.652 2575.14 0)
(77.5807 2741.62 0)
(-693.025 2874.43 0)
(145.925 2761.94 0)
(124.61 2714.35 0)
(136.538 2658.17 0)
(18.6732 972.667 0)
(595.311 2345.56 0)
(581.2 2875.14 0)
(-178.441 2815.82 0)
(-170.633 2649.04 0)
(-25.1823 2722.89 0)
(-117.206 478.195 0)
(-87.2144 2792.17 0)
(-26.3959 90.7197 0)
(-137.906 2828.45 0)
(140.407 2773.88 0)
(-57.9672 2768.81 0)
(-2171.03 1347.01 0)
(-198.071 2822.17 0)
(708.55 2257.32 0)
(-203.348 2722.91 0)
(31.0481 2776.77 0)
(-197.47 2710.8 0)
(271.525 2570.7 0)
(563.54 2377.65 0)
(541.306 2767.47 0)
(148.179 2635.13 0)
(214.295 2545.06 0)
(47.2879 2787.71 0)
(-327.922 2564.72 0)
(7.2886 2744.09 0)
(-236.572 2832.96 0)
(-91.3291 2685.65 0)
(170.666 2581.96 0)
(-27.0217 2782.22 0)
(-15.702 2724.3 0)
(-950.639 2001.59 0)
(-230.77 2835 0)
(8.5949 2764.27 0)
(919.002 2676.74 0)
(886.145 2715.81 0)
(-85.3091 2691.64 0)
(894.473 2679.01 0)
(21.6886 2745.39 0)
(66.3742 2765 0)
(1614.42 1868.67 0)
(-121.791 2796.26 0)
(154.582 781.35 0)
(-37.0304 156.884 0)
(-157.252 2718.46 0)
(-15.8165 2755.43 0)
(-47.6815 2778.9 0)
(-57.5297 2716.18 0)
(-134.656 2639.17 0)
(845.491 2717.31 0)
(1167.72 1989.47 0)
(28.4536 2721.93 0)
(-30.2296 2712.02 0)
(106.754 2780.2 0)
(-84.1325 2705 0)
(113.68 2686.96 0)
(68.789 2594.44 0)
(200.155 2557.72 0)
(-181.119 2628.45 0)
(945.201 2751.41 0)
(-173.303 2570.24 0)
(-196.33 2689.36 0)
(-223.826 2830.29 0)
(-88.3481 2703.61 0)
(-133.586 2663.99 0)
(56.3321 480.462 0)
(-790.295 2776.96 0)
(49.5162 2673.55 0)
(88.4087 995.723 0)
(32.835 133.539 0)
(-334.826 2824.53 0)
(799.394 1896.26 0)
(116.708 2670.14 0)
(-213.688 2827.65 0)
(-102.727 2780.07 0)
(-222.446 2620.95 0)
(-298.221 2824.86 0)
(-22.2165 2861.13 0)
(2051.63 1686.85 0)
(-206.436 2826.01 0)
(105.487 2691.55 0)
(152.294 2784.3 0)
(-186.349 2664.41 0)
(-24.111 83.365 0)
(478.211 2200.78 0)
(-5.59952 2768.11 0)
(193.848 2804.57 0)
(-215.15 2826.76 0)
(-199.363 2824.01 0)
(-303.274 2992.79 0)
(52.3093 2462.61 0)
(-49.77 2775.51 0)
(205.982 2639.37 0)
(601.59 2632.95 0)
(-589.215 2702.97 0)
(-1056.01 3153.23 0)
(-199.266 2820.85 0)
(90.0291 2691.12 0)
(809.839 2185.19 0)
(21.2199 2789.17 0)
(207.272 2811.94 0)
(160.982 2767.56 0)
(-63.817 2807.03 0)
(451.648 2803.28 0)
(-6.0856 2691.17 0)
(458.561 2651.45 0)
(-45.4502 2761.3 0)
(-191.768 2821.4 0)
(11.6153 2740.93 0)
(451.751 2920.5 0)
(-26.1508 2723.69 0)
(-65.1338 2767.29 0)
(130.853 2774.89 0)
(-2449.5 943.272 0)
(-171.725 2800.78 0)
(-52.9034 984.282 0)
(-503.679 2765.86 0)
(-309.641 2581.42 0)
(-28.7406 2761.81 0)
(15.0706 2685.21 0)
(-148.601 2802.27 0)
(9.72633 2753.2 0)
(-155.762 2664.96 0)
(171.098 2634.88 0)
(117.384 2789.38 0)
(37.2292 2747.53 0)
(-1460.23 1948.63 0)
(-1264.58 1813.96 0)
(-1798.29 1502.89 0)
(-213.754 2824.6 0)
(-270.96 2606.17 0)
(153.776 2789.71 0)
(555.406 2121.48 0)
(125.843 2686.54 0)
(-125.026 2792.21 0)
(5.89953 2736.09 0)
(535.653 2360.87 0)
(-58.6551 2805.98 0)
(-22.6388 78.273 0)
(-268.208 2603.96 0)
(-1.31126 2697.68 0)
(-141.866 2798.84 0)
(-111.53 2695.71 0)
(-128.452 2758.62 0)
(148.08 2788.01 0)
(-129.818 2694 0)
(-3.21646 2698.14 0)
(-11.5327 2771.39 0)
(2.10363 810.08 0)
(-2148 1370.26 0)
(199.146 2865.99 0)
(-13.5522 2683.55 0)
(136.809 2661.68 0)
(-99.6258 2695.87 0)
(296.879 2492.03 0)
(-173.91 2725.46 0)
(-85.1653 2701.87 0)
(9.12448 2675.94 0)
(126.783 2788.28 0)
(162.424 2626 0)
(-191.516 2614.62 0)
(320.65 2520.24 0)
(9.69062 102.188 0)
(-276.658 2813.4 0)
(88.6451 2699.39 0)
(-143.38 2772.67 0)
(-4.19439 1065.58 0)
(-61.6228 2685.38 0)
(-173.539 2819.76 0)
(186.265 884.173 0)
(-98.8773 2790.89 0)
(-19.6388 2757.17 0)
(-200.758 711.278 0)
(191.006 2575.73 0)
(176.653 2598.15 0)
(-116.57 2786.27 0)
(-71.3972 2707.63 0)
(-177.434 2590.83 0)
(55.0156 2792.35 0)
(-65.9964 2791.76 0)
(510.3 2894.08 0)
(-372.838 2524.57 0)
(-62.9294 2751.15 0)
(-241.781 2560.1 0)
(415.288 2540.24 0)
(-85.0158 2701.07 0)
(7.76403 2771.64 0)
(470.663 2343.93 0)
(-43.7578 2757.48 0)
(-12.9495 2626.15 0)
(21.1995 2510.99 0)
(-61.524 2792.18 0)
(-118.393 2612.37 0)
(-129.073 2804.73 0)
(21.8387 2814.1 0)
(96.5162 2695.07 0)
(89.0419 2742.84 0)
(-184.837 2818.67 0)
(-1312.54 2377.99 0)
(-204.167 2735.85 0)
(126.652 3003.2 0)
(-422.345 2851.62 0)
(2005.17 1714.87 0)
(-49.403 2746.77 0)
(-55.9277 2714.24 0)
(46.2039 196.566 0)
(86.6449 2812.04 0)
(-55.8305 2791.45 0)
(-375.475 2537.27 0)
(62.2028 2705.67 0)
(-160.114 2615.11 0)
(-723.539 2860.09 0)
(47.0892 2751.05 0)
(123.448 2639.72 0)
(22.708 78.3934 0)
(-440.897 2928.35 0)
(201.291 2746.25 0)
(-47.8961 2750.22 0)
(450.517 2549.48 0)
(-86.2329 2772.77 0)
(-367.394 2522.57 0)
(773.654 2733.54 0)
(60.6345 2769.76 0)
(-80.9106 2692.94 0)
(-175.644 595.402 0)
(-823.276 2738.32 0)
(-398.293 2974.27 0)
(104.003 3009.07 0)
(123.195 2788.98 0)
(-50.6979 2792.74 0)
(-42.6093 2718.27 0)
(-25.1009 937.013 0)
(-17.8893 2743.58 0)
(30.6478 2754.57 0)
(26.0921 2723.53 0)
(37.7337 2716.37 0)
(155.968 2668.9 0)
(-201.025 2709.09 0)
(459.425 2301.42 0)
(644.902 2102.25 0)
(-489.556 2898.61 0)
(120.855 2682.74 0)
(35.6562 2722.35 0)
(1689.29 1759.09 0)
(66.0455 586.491 0)
(425.268 2543.24 0)
(-153.306 2774.73 0)
(44.7076 2768.11 0)
(-1487.12 2669.6 0)
(107.919 2677.55 0)
(158.991 2641.22 0)
(-178.966 2635.86 0)
(-1148.28 1855.98 0)
(-260.172 2597.34 0)
(-123.418 2789.73 0)
(503.144 2424.63 0)
(-92.8613 2775.12 0)
(-283.516 2870.58 0)
(-113.115 2682.52 0)
(6.79555 2738.43 0)
(-215.568 2632.18 0)
(-1197.03 2493.85 0)
(-99.0121 2700.36 0)
(-264.717 2595.97 0)
(122.286 2782.25 0)
(302.575 2657.61 0)
(-225.855 2596.88 0)
(17.1312 104.507 0)
(-51.4294 2754.12 0)
(734.131 2680.42 0)
(613.747 2323.54 0)
(-138.722 2641.24 0)
(92.9963 2903.94 0)
(2016.83 1628.48 0)
(-50.3162 2754.91 0)
(1025.41 1650.86 0)
(14.1025 2737.65 0)
(-225.335 2746.77 0)
(162.326 2768.71 0)
(-49.1356 2755.68 0)
(114.533 2786.76 0)
(-975.903 1637.54 0)
(-126.099 2686.04 0)
(-345.367 2956.12 0)
(112.664 2676.23 0)
(505.48 2809.19 0)
(-17.067 596.648 0)
(228.508 3009.85 0)
(114.07 2807.99 0)
(-117.096 2941.8 0)
(590.819 2505.86 0)
(14.9496 2729.62 0)
(0.904974 2720.78 0)
(-178.852 2732.48 0)
(-12.6551 2744.16 0)
(-217.202 2663.57 0)
(751.212 1908.51 0)
(-1605.68 2175.77 0)
(168.557 2795.13 0)
(-327.709 2555.31 0)
(-435.454 2543.39 0)
(-1704.55 760.319 0)
(-128.336 2791.94 0)
(-1710.65 2083.85 0)
(132.443 2765.31 0)
(-152.1 2803.26 0)
(-43.7041 2885.09 0)
(-99.1267 2790.59 0)
(17.5094 2757.8 0)
(-45.2109 2766.52 0)
(-246.034 2616.6 0)
(90.3549 2783.23 0)
(87.592 2782.75 0)
(393.336 2801.9 0)
(-336.602 2826.29 0)
(52.3319 2774.07 0)
(-158.37 2812.47 0)
(-733.945 2145.75 0)
(129.546 558.252 0)
(21.8629 2722.2 0)
(-134.848 2795.35 0)
(-222.8 2820.28 0)
(-49.7345 2748.07 0)
(-32.5027 2721.77 0)
(27.2572 2746.69 0)
(-7.65347 80.0546 0)
(-171.612 2820.16 0)
(-188.664 2652.73 0)
(442.162 2180.62 0)
(-154.371 2807.46 0)
(56.8327 2680.65 0)
(-113.653 654.632 0)
(-31.8822 2703.32 0)
(-184.337 2628.7 0)
(456.982 2490.84 0)
(-886.982 2958.87 0)
(-69.2214 2796.81 0)
(29.0659 169.555 0)
(46.3914 2921.85 0)
(6.30907 2731.48 0)
(91.5996 937.038 0)
(84.179 1104.81 0)
(-726.805 1979.02 0)
(-420.405 2502.84 0)
(42.2213 2751.99 0)
(616.104 2114.1 0)
(289.089 2527.08 0)
(257.088 3008.22 0)
(-1493.7 2206.42 0)
(-64.4733 2761.72 0)
(-189.753 2751.19 0)
(-103.224 2784.17 0)
(-0.233411 1167.25 0)
(519.698 2710.93 0)
(167.801 2774.83 0)
(-143.725 2671.39 0)
(634.969 2738.61 0)
(-43.363 2778.63 0)
(-60.9757 2757.3 0)
(-47.4655 2756.99 0)
(-37.4146 2808.39 0)
(-82.6451 2713.43 0)
(-940.402 2213.22 0)
(473.318 2317.02 0)
(-91.6503 2800.29 0)
(-41.692 2580.09 0)
(-90.7657 2696 0)
(-115.288 2691.84 0)
(-142.592 2801.95 0)
(80.5 2691.34 0)
(38.2506 2747.56 0)
(-60.199 2762.98 0)
(42.3308 2875.73 0)
(162.015 607.138 0)
(98.4267 2733.28 0)
(-342.298 2555.64 0)
(750.368 2708.19 0)
(497.748 2195.24 0)
(-229.986 2886.67 0)
(104.698 2790.5 0)
(-56.1249 2765.25 0)
(-12.2199 2762.75 0)
(148.284 2534.2 0)
(90.7515 2796.64 0)
(-65.1313 2798.9 0)
(-46.6355 2630.65 0)
(374.343 2569.58 0)
(25.1218 3006.8 0)
(-21.14 567.601 0)
(-153.897 524.173 0)
(-89.517 2732.94 0)
(-13.5604 2763.57 0)
(83.1292 2782.04 0)
(-292.252 2577.65 0)
(83.1573 594.942 0)
(-169.298 2721.15 0)
(-1180.36 2817.53 0)
(119.007 2792.88 0)
(65.8527 2755.82 0)
(-77.6509 2688.9 0)
(628.166 2300.27 0)
(-330.936 2827.38 0)
(571.517 2689.09 0)
(118.7 2778.97 0)
(-133.037 2779.29 0)
(-110.11 2766 0)
(-536.251 2433.88 0)
(-204.225 2684.01 0)
(146.84 2664.04 0)
(-112.072 2776.89 0)
(164.545 2785.19 0)
(102.684 2780.43 0)
(12.8048 2759.8 0)
(-197.587 2670.28 0)
(-194.999 2639.69 0)
(70.3542 2778.98 0)
(-60.6721 545.256 0)
(827.072 1745.78 0)
(-436.424 2913.27 0)
(485.095 2874.55 0)
(-3.42023 2740.16 0)
(-27.1794 2783.16 0)
(-47.5845 2794.57 0)
(45.6465 2558.34 0)
(54.3527 2632.88 0)
(38.4627 2771.51 0)
(34.7112 2667.08 0)
(-116.863 2782.06 0)
(103.427 2683.02 0)
(400.065 2843.25 0)
(-44.5728 2787.72 0)
(-406.5 2631.03 0)
(988.6 2626.82 0)
(-103.464 2789.1 0)
(128.874 2765.01 0)
(78.5097 2779.66 0)
(-324.996 2563.53 0)
(88.2822 526.514 0)
(-512.635 2697.33 0)
(130.042 2783.81 0)
(-97.3635 2674.51 0)
(-94.042 2795.22 0)
(-137.53 2726.89 0)
(-28.6605 2789.8 0)
(42.744 2666.44 0)
(28.6033 2807.54 0)
(-58.7575 2778.5 0)
(-996.498 2590.39 0)
(469.339 2886.01 0)
(-149.041 2649.44 0)
(-1505.54 1958.04 0)
(209.63 2761.9 0)
(231.702 2542.62 0)
(-183.016 2676.02 0)
(66.6918 389.637 0)
(-15.2644 2739.48 0)
(-549.368 2765.79 0)
(493.774 2407.4 0)
(574.643 2348.04 0)
(-27.6971 2657.38 0)
(25.6297 2745.24 0)
(118.832 2776.66 0)
(125.425 2775.41 0)
(-2031.56 1904.79 0)
(-927.816 2575.4 0)
(534.721 2370.82 0)
(66.3735 2776.93 0)
(-52.7283 2770 0)
(75.4766 2757.2 0)
(-6.55524 2749.65 0)
(-45.0057 2680.18 0)
(-84.5783 2652.35 0)
(43.3942 2614.65 0)
(381.529 2974.03 0)
(-5.04285 2741.14 0)
(335.168 2565.2 0)
(805.447 2815.71 0)
(-58.6624 2756.65 0)
(-0.574361 2851.86 0)
(419.169 2462.97 0)
(83.1247 2782.54 0)
(95.6436 2811.46 0)
(-329.344 2545.48 0)
(-17.5222 2712.76 0)
(159.414 2860.92 0)
(124.052 492.933 0)
(87.2322 2534.81 0)
(18.7091 2726.58 0)
(-621.616 2750.99 0)
(107.955 2780.21 0)
(-91.7134 2784.3 0)
(531.183 2619.51 0)
(-21.7881 75.541 0)
(-135.972 2793.88 0)
(306.111 2999.06 0)
(23.3858 203.703 0)
(97.7704 2783.28 0)
(-19.8977 2703.1 0)
(467.796 2888.1 0)
(-313.6 2835.29 0)
(1.29836 2499.71 0)
(-13.3852 2670.99 0)
(193.669 2859.38 0)
(114.544 2779.96 0)
(-19.5229 2764.34 0)
(47.1986 2554.72 0)
(308.647 2613.37 0)
(58.0568 2626.81 0)
(143.328 2759.64 0)
(-27.6737 2678.66 0)
(-22.0935 2763.5 0)
(-48.0912 2778.06 0)
(-775.797 2468.55 0)
(21.3701 2614.41 0)
(-68.1431 2855.08 0)
(245.982 2720.78 0)
(19.0744 113.231 0)
(-95.603 382.511 0)
(901.89 1811.36 0)
(-69.3718 2799.17 0)
(26.222 2715.02 0)
(-68.507 857.204 0)
(-45.4213 2748.31 0)
(104.103 2781.38 0)
(-71.9683 2703.66 0)
(-148.266 2853.56 0)
(40.4177 165.356 0)
(21.2907 2704.9 0)
(6.21072 2786.87 0)
(-115.254 2943.98 0)
(53.9325 2479.37 0)
(13.7281 2742.92 0)
(84.8051 2790.66 0)
(-175.914 2788.38 0)
(-240.065 2894.29 0)
(63.08 2501.17 0)
(-29.5448 667.39 0)
(16.7805 2632.56 0)
(-52.488 2901.71 0)
(-83.6036 2798.05 0)
(672.604 2297.98 0)
(123.457 2776.84 0)
(27.3271 2537.59 0)
(-53.2085 2710.95 0)
(111.102 2790.47 0)
(104.786 2803.04 0)
(51.9903 2773.56 0)
(134.496 2768.04 0)
(-95.4583 2778.17 0)
(-656.28 2893 0)
(143.293 2770.38 0)
(87.7212 2875.72 0)
(289.794 2244.96 0)
(-61.8563 2732.41 0)
(970.091 2451.13 0)
(-66.2162 2789.73 0)
(-213.373 2823.92 0)
(102.753 2792.28 0)
(26.3305 2840.69 0)
(167.877 2794.59 0)
(-60.9193 2594.38 0)
(-4.61033 2762 0)
(-265.564 2601.53 0)
(-190.407 2893.17 0)
(34.3801 2650.51 0)
(65.7866 2702.91 0)
(-60.9632 2790.31 0)
(36.1998 2716.12 0)
(-52.3121 2794.67 0)
(130.595 2771.89 0)
(8.9149 2685.28 0)
(-55.6012 2791.51 0)
(66.5159 2758.79 0)
(1184.4 2704.26 0)
(-738.394 2747.11 0)
(78.056 2810.14 0)
(105.66 2791.08 0)
(-2157.91 1348.36 0)
(37.6405 2768.03 0)
(-1598.28 1939.26 0)
(569.921 2866.35 0)
(126.143 2784.52 0)
(-32.7848 2927.05 0)
(-293.331 2495.82 0)
(-362.775 2566.13 0)
(91.9792 2791.7 0)
(84.6623 2797.17 0)
(-128.109 2732.93 0)
(-138.498 2675.96 0)
(113.112 2797.34 0)
(-754.258 2185.19 0)
(111.372 2803.43 0)
(-11.2809 2757 0)
(363.653 2275.38 0)
(604.948 2753.49 0)
(16.6 2706.27 0)
(-173.724 610.527 0)
(1023.39 2537.37 0)
(532.869 2904.49 0)
(-3.24532 2650.67 0)
(87.8979 2811.78 0)
(-91.6725 2784.03 0)
(-320.187 2562.1 0)
(-747.728 1829.47 0)
(-67.7929 2779.45 0)
(91.2397 2809.81 0)
(-851.382 2617.61 0)
(-20.0785 2672.29 0)
(182.585 2828.25 0)
(-826.74 1709.26 0)
(-708.23 2295.63 0)
(199.8 2885.13 0)
(128.513 2791.52 0)
(-335.547 2788.42 0)
(1582.48 1956.81 0)
(-879.813 1772.97 0)
(-143.196 2680.87 0)
(-11.7 2735.41 0)
(-18.1932 2612.16 0)
(-59.1941 2697.08 0)
(-1009.68 1616.56 0)
(378.032 2821.39 0)
(-51.5455 2793.34 0)
(466.865 2869.95 0)
(678.352 1994.95 0)
(-60.4083 2801.1 0)
(-216.675 2685.72 0)
(96.8634 2683.88 0)
(143.524 2694.57 0)
(48.9372 2749.34 0)
(-221.678 2849.22 0)
(159.75 2658.14 0)
(155.731 2661.67 0)
(334.464 2865.21 0)
(4.45319 2739.61 0)
(-38.5562 2756.26 0)
(-172.462 2721.22 0)
(-589.65 2635.27 0)
(-73.1211 2800.49 0)
(86.252 2782.93 0)
(-175.851 2734.33 0)
(64.0901 2812.67 0)
(123.797 2792.03 0)
(570.629 1696.87 0)
(-20.8618 2762.25 0)
(87.9389 2755.68 0)
(-142.5 2785.84 0)
(-691.255 2343.97 0)
(-2157.39 1379.94 0)
(-91.8063 2800.79 0)
(393.37 2984.87 0)
(-693.898 2907.16 0)
(34.3352 2807.73 0)
(-887.412 2463.68 0)
(244.447 2191.56 0)
(165.087 2736.39 0)
(2364.32 955.019 0)
(-90.5253 2902.61 0)
(-10.3134 2777.05 0)
(-67.7955 2765.51 0)
(12.8291 2730.9 0)
(-32.3596 286.76 0)
(-165.404 2880.17 0)
(-856.672 1871.07 0)
(1611.36 1645.37 0)
(-58.9359 3013.25 0)
(78.4751 2753.77 0)
(-110.174 2685.18 0)
(-33.9043 2752.19 0)
(358.627 2672.13 0)
(325.969 2761.62 0)
(98.1642 2780.5 0)
(647.304 2828.19 0)
(-380.168 2824.09 0)
(-97.5338 2801.85 0)
(64.1788 2794.64 0)
(-221.562 2649.05 0)
(-284.548 2596.22 0)
(-9.10483 2784.93 0)
(1939.9 1872.96 0)
(-1156.99 2332.59 0)
(187.253 2757.07 0)
(225.429 2436.63 0)
(115.074 511.898 0)
(87.5183 2702.87 0)
(165.123 2905.62 0)
(117.066 1453.66 0)
(-64.2076 2870.93 0)
(-139.087 2774.86 0)
(-80.3864 2944.56 0)
(147.819 2805.75 0)
(114.111 436.572 0)
(-2178.24 1384.69 0)
(248.383 2515.87 0)
(-162.407 2733.89 0)
(52.9623 2772.09 0)
(-988.738 2456.99 0)
(-6.78986 2782.79 0)
(46.592 2809.32 0)
(108.339 3017.53 0)
(-2169.9 1385.02 0)
(747.099 1902.24 0)
(-51.3604 2765.28 0)
(1475.28 2099 0)
(-91.6934 2710.01 0)
(875.724 2780.06 0)
(-908.9 1752.46 0)
(-43.5184 2747.3 0)
(168.351 2771.61 0)
(-47.9467 2801.26 0)
(1517.97 2045.77 0)
(-686.95 2361 0)
(85.5597 2782.31 0)
(-98.8071 1380.55 0)
(-600.047 2353.61 0)
(7.59265 2736.12 0)
(19.6237 2793.53 0)
(259.504 2874.9 0)
(-416.364 2835.58 0)
(-83.1142 2775.67 0)
(54.2955 228.033 0)
(-75.3565 2789.69 0)
(-1725.56 2513.54 0)
(47.1818 199.948 0)
(34.6483 2733.81 0)
(-621.633 2116.53 0)
(-479.937 2834.92 0)
(-9.68605 115.994 0)
(-534.624 2818.98 0)
(-2.24494 1189.47 0)
(-133.084 2780.67 0)
(96.1165 2817.14 0)
(-141.173 2728.17 0)
(62.6508 2764.13 0)
(-3.61879 1344.67 0)
(12.6237 1214.48 0)
(-1088.03 3060.87 0)
(158.111 3014.19 0)
(210.985 2741.72 0)
(231.67 2874.16 0)
(-73.8295 2746.79 0)
(553.676 2922.68 0)
(517.515 2876.97 0)
(46.4089 2749.75 0)
(-65.5187 2770.23 0)
(-990.348 1519.97 0)
(704.232 2018.58 0)
(-185.394 2771.57 0)
(-47.4839 2714.39 0)
(1821.63 1520.65 0)
(99.2764 2816.93 0)
(-309.855 2580.78 0)
(-125.326 2886.29 0)
(-110.397 602.491 0)
(-126.735 2788.92 0)
(185.803 2629.68 0)
(-8.10805 2804.25 0)
(-25.7332 2760.42 0)
(456.396 2876.56 0)
(-7.18501 173.957 0)
(482.517 2830.6 0)
(-802.411 2849.35 0)
(-141.202 2673.16 0)
(-177.125 2828.88 0)
(214.758 2841.76 0)
(-156.062 2742.36 0)
(270.718 2812.42 0)
(2024.71 1619.23 0)
(-155.626 2788.48 0)
(79.8544 477.337 0)
(-67.8573 2889.01 0)
(-753.574 2683.02 0)
(-507.755 2452.49 0)
(320.909 2803.73 0)
(-443.693 2688.42 0)
(-178.573 2791.8 0)
(114.466 481.682 0)
(-40.2575 2779.02 0)
(235.71 2668.87 0)
(-86.3491 919.139 0)
(152.352 715.471 0)
(-62.4925 2800.97 0)
(-5.96617 2777.78 0)
(0.729056 1155.59 0)
(-117.548 2708.35 0)
(20.9985 2704.56 0)
(-2056.96 838.437 0)
(-1403.16 1912.9 0)
(-7.0905 1238.83 0)
(1313.08 2525.83 0)
(-442.889 2487.63 0)
(-565.044 2282.54 0)
(-104.12 2768.01 0)
(56.1239 2775.38 0)
(-1356.75 1741.64 0)
(725.761 2487.58 0)
(77.7379 2689.82 0)
(-1687.32 1991.19 0)
(466.78 2770.56 0)
(-464.986 2464.6 0)
(1069.15 2575.54 0)
(-511.917 2452.19 0)
(148.364 563.549 0)
(187.033 2794.24 0)
(647.679 2020.09 0)
(44.6391 2856.79 0)
(154.893 2319.1 0)
(292.228 2803.23 0)
(11.4202 978.505 0)
(-7.23309 127.868 0)
(-1079.27 1474.28 0)
(21.0511 72.9949 0)
(414.546 2221.41 0)
(1244.52 2496.8 0)
(740.421 2235.67 0)
(-23.3174 2699.38 0)
(1882.81 1925.83 0)
(-163.757 2749.48 0)
(1939.38 1729.01 0)
(76.9343 2553.64 0)
(-717.49 1913.8 0)
(-5.20143 2852.08 0)
(27.342 2960.52 0)
(555.051 2099.91 0)
(501.973 2410.09 0)
(-130.177 2675.84 0)
(1463.56 2445.53 0)
(187.253 2168.48 0)
(-30.3835 2758.89 0)
(-628.444 2344.58 0)
(-1.58017 2743.7 0)
(14.7794 125.225 0)
(-634.012 2055.1 0)
(-104.041 2686.54 0)
(-512.984 2694.41 0)
(518.212 2184.73 0)
(45.1261 607.518 0)
(22.0593 873.293 0)
(266.773 2591.71 0)
(113.89 2786.11 0)
(59.4971 323.085 0)
(-493.892 2433.33 0)
(139.122 2750.28 0)
(-92.9021 2770.41 0)
(-2182.74 1409.93 0)
(7.90162 2730.03 0)
(198.456 2693.69 0)
(-598.064 2376.7 0)
(71.1061 807.615 0)
(-236.892 2646.02 0)
(126.925 989.821 0)
(-305.144 2575.58 0)
(65.4759 2764.68 0)
(-799.29 1889.04 0)
(-131.709 2673.4 0)
(-256.014 2817.9 0)
(54.8444 2766.72 0)
(2.19237 2730.78 0)
(-161.97 2812.35 0)
(506.865 2814.42 0)
(76.6904 2785.5 0)
(-82.1623 2780.83 0)
(239.787 2730.1 0)
(-5.70115 138.908 0)
(-151.115 1027.17 0)
(372.263 2520.37 0)
(-1348.6 1753.03 0)
(-1414.86 2906.21 0)
(-1620.18 2045.58 0)
(-189.928 2820.82 0)
(-204.157 2709.04 0)
(-217.24 2643.26 0)
(-71.7091 2700.85 0)
(257.051 3005.82 0)
(589.037 2786.34 0)
(-1091.13 3115.46 0)
(-735.224 2887.58 0)
(-145.42 2808.93 0)
(128.85 2727.59 0)
(19.3797 2918.72 0)
(3.9698 2744.87 0)
(77.3951 2732.04 0)
(-206.518 2626.42 0)
(151.484 2750.46 0)
(-110.838 2592.45 0)
(-190.976 2647.41 0)
(210.793 2131.37 0)
(-1759.31 1919.9 0)
(174.112 2880.21 0)
(-521.295 2445.18 0)
(-132.705 2512.16 0)
(68.9057 541.57 0)
(72.0519 310.12 0)
(268.511 2207.17 0)
(-597.987 2166.36 0)
(-167.073 2812.78 0)
(-114.566 2764.17 0)
(168.875 2772.39 0)
(-1305.99 2898.25 0)
(-130.047 2692.43 0)
(69.6632 2798.08 0)
(-68.1491 2769.64 0)
(1018.12 2535.79 0)
(-144.355 2482.91 0)
(-520.52 2440.03 0)
(-111.621 2682.21 0)
(-504.975 2719.27 0)
(-114.491 2758.48 0)
(-189.087 2640.43 0)
(-196.87 2648.18 0)
(1651.3 1594.11 0)
(127.145 2796.09 0)
(-20.9496 2791.16 0)
(-802.744 2408.02 0)
(138.756 2809.12 0)
(-1162.84 2777.25 0)
(391.691 2543.24 0)
(-1299.44 2953.04 0)
(-374.839 2839.54 0)
(210.206 2805.63 0)
(-199.291 2812.09 0)
(-65.2031 2763.54 0)
(-210.433 2723.24 0)
(482.893 2161.26 0)
(94.6575 2851.98 0)
(-58.377 2779.28 0)
(-47.8132 1004.53 0)
(-541.747 2203.36 0)
(-327.902 2574.49 0)
(68.1635 422.884 0)
(-189.544 2727.09 0)
(591.231 1945.42 0)
(-161.011 2669.6 0)
(-29.2938 124.163 0)
(21.4813 2496.01 0)
(-229.005 2818.12 0)
(78.8897 328.643 0)
(-806.363 2865.11 0)
(-1121.67 2773.85 0)
(195.607 2084.4 0)
(-930.848 2581.9 0)
(-813.899 2739.08 0)
(1608.67 2186.09 0)
(10.5894 2760.63 0)
(-42.014 2769.59 0)
(65.3352 2804.81 0)
(1752.72 2047.72 0)
(198.817 2701.57 0)
(106.302 971.547 0)
(-252.462 2824.52 0)
(-159.288 2722.99 0)
(221.708 2623.1 0)
(-356.058 2370.03 0)
(-138.732 2681.99 0)
(17.524 206.013 0)
(86.6025 2759.14 0)
(259.327 2591.64 0)
(91.4982 2981.18 0)
(10.098 2749.46 0)
(192.473 2729.95 0)
(190.565 2190.31 0)
(13.7627 2754.69 0)
(216.112 2734.87 0)
(-145.028 2693.43 0)
(-155.063 2672.89 0)
(11.8628 890.672 0)
(3.95375 186.075 0)
(194.926 2815.06 0)
(-1177.24 2183.48 0)
(-200.536 895.089 0)
(138.799 892.374 0)
(190.374 2806.52 0)
(-56.9685 2766.27 0)
(200.114 2619.98 0)
(-694.468 2212.41 0)
(-196.646 2819.02 0)
(-8.7646 172.083 0)
(254.679 2763.59 0)
(106.983 2832.64 0)
(-698.961 2030.6 0)
(15.8119 187.796 0)
(-191.337 2645.25 0)
(-273.377 2820.56 0)
(58.2 373.734 0)
(-791.541 2449.65 0)
(68.0942 305.065 0)
(517.369 2686.7 0)
(267.227 2597.56 0)
(444.032 2858.12 0)
(340.16 2961.82 0)
(234.624 2619.58 0)
(111.83 2814.04 0)
(525.234 2145.5 0)
(-1013.15 1732.31 0)
(414.164 2391.45 0)
(-233.479 2813.86 0)
(304.001 2803.81 0)
(-93.1083 2933.16 0)
(-54.467 2708.05 0)
(205.444 2626.59 0)
(-228.846 2818.67 0)
(48.6453 833.045 0)
(-234.889 2618.59 0)
(-2195.28 1470.63 0)
(-1594.55 2017.16 0)
(-1101.12 2127.58 0)
(-183.458 2817.18 0)
(349.005 2549.15 0)
(75.3794 2847.45 0)
(-6.2492 2744.05 0)
(-1808.68 1991.07 0)
(-310.243 1575.97 0)
(-537.832 2166.77 0)
(88.8392 2753.39 0)
(-1706.45 2060.82 0)
(1305.57 2125.05 0)
(83.9065 877.478 0)
(51.5183 2812.05 0)
(472.651 2173.46 0)
(-172.195 2661.27 0)
(1109.14 1433.85 0)
(124.741 2746.35 0)
(-123.524 2688.19 0)
(-27.2397 2796.19 0)
(119.087 1428.68 0)
(45.8392 349.96 0)
(-16.3684 203.536 0)
(1067.11 1767.59 0)
(-9.59766 2741.6 0)
(-543.709 2185.24 0)
(-1186.46 3124.84 0)
(1093.16 1456.71 0)
(-708.321 2866.78 0)
(39.9913 603.058 0)
(-252.615 2822.15 0)
(-87.7719 3001.88 0)
(-81.1476 2703.88 0)
(56.0235 1512.82 0)
(-504.981 2429.41 0)
(-93.2842 2786.1 0)
(-55.9668 2947.48 0)
(-895.347 2104.35 0)
(-97.634 2787.3 0)
(-86.58 2703.59 0)
(-110.066 464.277 0)
(268.149 2501.27 0)
(305.89 2862.81 0)
(1413.11 2174.97 0)
(-47.6962 2748.73 0)
(129.772 440.745 0)
(41.4822 142.442 0)
(75.9981 258.759 0)
(72.1131 246.923 0)
(51.2162 175.272 0)
(65.8182 224.572 0)
(91.4239 311.382 0)
(43.8497 150.297 0)
(100.026 341.259 0)
(104.642 356.607 0)
(86.8624 297.448 0)
(53.8681 184.393 0)
(79.6116 271.588 0)
(59.0436 203.655 0)
(35.6538 122.136 0)
(68.8532 235.817 0)
(177.679 602.394 0)
(62.5818 214.427 0)
(150.959 518.78 0)
(33.7816 115.938 0)
(200.618 708.278 0)
(-2.25305 2532.28 0)
(332.541 2577.97 0)
(143.653 2790.3 0)
(-64.6751 2788.16 0)
(-1655.68 1910.15 0)
(-102.965 353.861 0)
(-1423.21 2326.44 0)
(40.7888 2646.06 0)
(-284.753 2824.42 0)
(-276.251 2819.96 0)
(-145.95 2680.9 0)
(133.302 2753.27 0)
(-1405.78 1888.53 0)
(1942.14 1735.06 0)
(62.4697 381.629 0)
(-519.393 2165.08 0)
(18.9725 2555.61 0)
(-39.607 2724.51 0)
(229.259 2603.7 0)
(-308.99 2488.91 0)
(163.486 2789.65 0)
(6.12398 2763.69 0)
(30.1115 2417.22 0)
(32.1171 109.903 0)
(1091.62 2315.97 0)
(-55.919 534.117 0)
(-963.778 2485.12 0)
(-375.87 2477.91 0)
(83.8446 2811.54 0)
(210.869 2755.97 0)
(13.6895 2823 0)
(172.204 2857.43 0)
(-156.945 2670.66 0)
(-166.952 2813.77 0)
(222.502 2601.5 0)
(73.0526 1747.45 0)
(361.773 2844.42 0)
(-1995.75 1867.47 0)
(505.069 2567.36 0)
(-19.8101 70.2002 0)
(-120.805 925.698 0)
(245.543 2603.55 0)
(-67.8783 2812.61 0)
(29.4979 101.79 0)
(126.869 2805.3 0)
(-950.691 1488.07 0)
(-8.56408 126.14 0)
(-364.255 2978.07 0)
(324.206 2307.69 0)
(484.131 2109.64 0)
(-16.0181 2730.48 0)
(-306.081 2818.25 0)
(4.45837 2721.71 0)
(206.486 2573.59 0)
(-2192.83 1431.31 0)
(131.39 2494.44 0)
(8.55497 2768.96 0)
(-249.613 2835.64 0)
(-106.823 2709.54 0)
(-465.105 2295.26 0)
(-135.073 2676.13 0)
(-199.632 2822.05 0)
(-170.749 2661.45 0)
(339.849 2810.27 0)
(-161.908 2762.77 0)
(77.037 1009.25 0)
(63.0215 397.551 0)
(-232.998 2624.94 0)
(-135.454 2806.13 0)
(176.927 2644.46 0)
(-103.07 2796.73 0)
(262.704 2805.3 0)
(50.0017 2869.68 0)
(-119.868 2766.6 0)
(-121.828 2290.47 0)
(10.3906 87.1536 0)
(-7.12437 137.136 0)
(33.1683 270.49 0)
(-2146.24 1716.89 0)
(-67.768 2765.13 0)
(-183.721 2819.96 0)
(96.0356 2722.69 0)
(-96.6192 2690.93 0)
(-1660.46 1673.1 0)
(205.469 2774.22 0)
(-1089.86 1161.49 0)
(123.324 1439.13 0)
(-122.693 2785.91 0)
(13.1772 2835.64 0)
(405.815 2882.11 0)
(-428.354 2855.86 0)
(-40.7014 2754.54 0)
(-207.866 2634.19 0)
(-166.984 2812.63 0)
(-589.669 1891.1 0)
(60.6049 2762.72 0)
(308.728 2812.8 0)
(-1082.38 1356.14 0)
(-116.592 2786.31 0)
(1893.47 1748.29 0)
(96.83 498.318 0)
(516.288 2769.24 0)
(55.9717 2714.79 0)
(-47.0318 2749.57 0)
(514.055 2914.4 0)
(1143.48 2554.88 0)
(453.985 2116.69 0)
(-37.5355 2752.28 0)
(-69.8262 2705.42 0)
(-168.491 2811.5 0)
(-2186.23 1454.27 0)
(1357.43 2261.26 0)
(-585.057 2158.23 0)
(63.113 2754 0)
(-128.75 2805.59 0)
(2034.11 1627.81 0)
(-1496.72 2214.74 0)
(18.0423 65.9852 0)
(-642.965 2897.78 0)
(-635.131 2667.03 0)
(13.1793 2738.15 0)
(-473.436 2773.89 0)
(1823.31 1549.34 0)
(224.979 2815.94 0)
(-27.6986 2711.37 0)
(-58.6524 2719.13 0)
(11.8526 995.025 0)
(-623.542 2459.64 0)
(-481.785 2216.05 0)
(-108.318 2706.77 0)
(182.113 752.159 0)
(12.97 86.3254 0)
(-55.814 555.492 0)
(-23.9348 1044.66 0)
(54.8264 2752.32 0)
(-61.2388 2707.09 0)
(15.9048 86.1218 0)
(176.441 2600.04 0)
(-323.573 2827.72 0)
(16.6905 2741.47 0)
(-72.4132 2704.88 0)
(-15.7111 177.811 0)
(1615.41 1824.42 0)
(-1230.36 2411.55 0)
(429.395 2104.56 0)
(27.1312 93.7673 0)
(-52.6093 971.912 0)
(-202.018 2636.45 0)
(1052.1 2003.33 0)
(-88.9318 2795.79 0)
(181.324 2753.85 0)
(179.729 2833.8 0)
(55.6807 2686.63 0)
(269.934 2664.17 0)
(-108.297 2687.11 0)
(1754.02 1932.09 0)
(437.95 2868.78 0)
(-553.811 2475.49 0)
(-1156.24 2248.83 0)
(-266.141 2823.97 0)
(-869.437 1775.12 0)
(248.852 2795.62 0)
(-513.183 2820.99 0)
(35.7708 2728.24 0)
(464.399 2413.84 0)
(225.49 2759.12 0)
(-161.989 2765.45 0)
(-467.585 2237.31 0)
(301.411 2400.04 0)
(121.7 569.5 0)
(1021.21 2529.35 0)
(165.288 2562.35 0)
(516.711 2823.1 0)
(-41.9493 2763.54 0)
(-212.023 2645.12 0)
(441.327 2549.07 0)
(-216.394 2662.07 0)
(-748.051 2690.5 0)
(2.55782 2800.09 0)
(-163.249 2659.77 0)
(63.6131 2856.93 0)
(555.535 2090.35 0)
(-1447.78 2284.31 0)
(146.518 2638.49 0)
(-217.012 2828.19 0)
(111.562 570.107 0)
(-42.6916 285.683 0)
(2223.47 1329.34 0)
(649.417 2092.75 0)
(-1082.65 2247.61 0)
(-52.2561 2763.16 0)
(116.482 2672.52 0)
(-432.457 2251.04 0)
(358.459 2524.08 0)
(-525.62 2467.61 0)
(162.505 2879.74 0)
(172.598 2644.46 0)
(-1052.9 2214.35 0)
(-3.68969 2714.98 0)
(121.294 2762.33 0)
(78.837 373.844 0)
(-1108.11 1441.82 0)
(123.381 957.168 0)
(59.7192 2772.32 0)
(93.5062 2921.33 0)
(209.531 2540.68 0)
(-38.5587 2754.78 0)
(407.579 2050.58 0)
(1262.78 2385.22 0)
(-43.8887 2764.55 0)
(1499.56 1995.51 0)
(-325.328 2566.85 0)
(-73.1285 2747.79 0)
(-100.599 2688.82 0)
(-51.1742 2706.55 0)
(552.62 2828.14 0)
(-498.263 2795.72 0)
(-169.527 2729.3 0)
(-370.298 2225.43 0)
(-979.747 2619.38 0)
(-241.638 2617.65 0)
(-266.387 3003.58 0)
(161.134 2609.54 0)
(21.6239 96.6683 0)
(1299.88 1983.1 0)
(176.121 2792.72 0)
(-208.191 2785.67 0)
(793.339 2772.55 0)
(-86.4518 2772.71 0)
(88.9987 2764.48 0)
(1306.98 1745.37 0)
(163.197 2764.9 0)
(-178.2 2815.87 0)
(57.3264 2794.16 0)
(124.227 2549.77 0)
(92.2151 873.908 0)
(104.137 2782.77 0)
(-30.6768 2756.84 0)
(259.513 2805.29 0)
(-153.161 2780.23 0)
(-252.12 2831.32 0)
(4.69211 252.833 0)
(-20.1185 2712.42 0)
(814.879 2894.72 0)
(466.92 2456.42 0)
(755.522 1969.97 0)
(208.983 2486.17 0)
(243.389 2126.05 0)
(126.492 2678.97 0)
(141.661 2787.31 0)
(-189.341 2821.05 0)
(-262.179 2833.83 0)
(-155.795 2809.35 0)
(-165.173 2809.86 0)
(96.7258 2695.36 0)
(174.326 2597.64 0)
(60.4701 2708.14 0)
(-349.579 2845.38 0)
(-868.204 2709.47 0)
(396.233 2293.13 0)
(88.9117 2798.93 0)
(-36.548 2780.8 0)
(136.647 2746.4 0)
(39.7643 2825.04 0)
(-193.78 2732.9 0)
(397.167 2182.51 0)
(20.3791 104.545 0)
(33.4713 628.823 0)
(-485.468 2449.81 0)
(2.81513 2805.64 0)
(-454.745 2476.47 0)
(183.874 2220.56 0)
(-236.84 2626.05 0)
(726.697 2015.72 0)
(73.4506 2588.34 0)
(-1132.18 2269.95 0)
(142.39 2750.43 0)
(52.7516 2803.31 0)
(-6.02542 2788.12 0)
(-400.89 2312.3 0)
(-229.374 2625.14 0)
(64.7444 2749.65 0)
(-115.984 2793.61 0)
(-796.463 1850.04 0)
(-147.626 2726.66 0)
(49.4641 2651.65 0)
(1317.08 2297.21 0)
(1268.18 2360.19 0)
(88.1811 2694.57 0)
(335.259 2219.79 0)
(-171.058 2691.18 0)
(5.81848 2745.86 0)
(-1253.82 2215.52 0)
(-79.4294 2753.49 0)
(-662.787 2067.09 0)
(119.691 2776.36 0)
(-921.229 2649.75 0)
(135.078 2651.24 0)
(10.3729 2733.23 0)
(-785.835 2870.52 0)
(139.139 2661.43 0)
(46.7076 2725.77 0)
(-504.386 2401.5 0)
(59.7266 2745.24 0)
(902.989 2469.54 0)
(-43.8536 184.138 0)
(-2.83996 2745.45 0)
(-128.337 2791.84 0)
(8.95362 2735.01 0)
(249.867 2573.84 0)
(-191.309 2711.69 0)
(32.7297 2649.81 0)
(-82.0758 2771.91 0)
(22.8442 2744.81 0)
(-151.691 2801.44 0)
(965.319 823.702 0)
(-971.123 2954.93 0)
(-133.846 2682.79 0)
(-186.253 2734.35 0)
(173.411 2798.92 0)
(-266.606 2606.51 0)
(69.1511 2767.28 0)
(60.5552 2751.78 0)
(-84.3431 2684.95 0)
(-202.787 2684.61 0)
(623.381 1945.53 0)
(-264.238 2835 0)
(77.9627 2524.69 0)
(-355.215 2292.9 0)
(-175.095 2721.46 0)
(306.111 2998.09 0)
(11.9052 706.302 0)
(54.8062 2765.71 0)
(-135.434 2799.22 0)
(-126.878 2731.07 0)
(-39.4443 2714.04 0)
(-141.898 2680.44 0)
(143.906 2762.24 0)
(-61.5086 2741.94 0)
(-318.051 2359.81 0)
(-54.3305 2763.27 0)
(42.3384 2747.96 0)
(396.447 2519.46 0)
(248.934 2236.63 0)
(-4.99435 2728.35 0)
(370.864 2168.59 0)
(11.0607 2762.04 0)
(72.1153 2773.44 0)
(486.176 2173.93 0)
(-71.2923 2700.35 0)
(-295.336 2587.47 0)
(-52.5627 2795.1 0)
(-608.911 2592.25 0)
(82.9757 2781.76 0)
(37.9692 2660.92 0)
(-1192.52 1921.33 0)
(11.2083 2780.5 0)
(-186.669 2740.37 0)
(141.554 2774.14 0)
(210.787 2178.93 0)
(4.70031 2652.64 0)
(-42.6108 2794.26 0)
(-319.656 2109.87 0)
(-381.982 2201.94 0)
(-574.811 2182.32 0)
(-717.444 2193.3 0)
(1238.8 2478.29 0)
(146.074 2787.59 0)
(-9.5973 2827.73 0)
(28.4722 2608.64 0)
(98.7398 2805.76 0)
(32.2087 2663.67 0)
(-215.364 890.501 0)
(-280.188 2606.08 0)
(-35.342 2672 0)
(-1430.31 1616.78 0)
(873.445 1748.86 0)
(274.956 2662.92 0)
(-712.539 2256.34 0)
(-363.593 2758.67 0)
(-333.486 2762.06 0)
(37.6429 2719.12 0)
(2396.07 1112.01 0)
(-142.385 2695.52 0)
(-19.9002 2743.18 0)
(-666.363 2408.24 0)
(-98.7154 2768.94 0)
(-117.394 2717.38 0)
(-435.33 2303.63 0)
(82.9188 2773.23 0)
(-184.981 2568.11 0)
(76.617 1019.39 0)
(95.4227 2750.93 0)
(156.562 2739.45 0)
(-307.497 2591.55 0)
(-17.861 2784.1 0)
(542.061 2160.85 0)
(-37.682 2762.65 0)
(22.8319 2746.76 0)
(-1425.66 2015.08 0)
(304.418 2071.77 0)
(-166.437 2673.06 0)
(-13.9385 2740.82 0)
(-16.2027 2743.69 0)
(146.712 2683.79 0)
(0.315801 98.0825 0)
(63.5694 2577.08 0)
(-250.713 2620.56 0)
(-436.115 2643.52 0)
(40.5564 184.055 0)
(131.839 2761.69 0)
(87.023 2781.1 0)
(55.5543 2599.12 0)
(1165.59 2532.45 0)
(505.055 2142.29 0)
(152.348 515.463 0)
(-138.522 2668.71 0)
(-76.9517 2760.07 0)
(-334.448 2354.17 0)
(-824.768 2352.31 0)
(93.3166 2861.32 0)
(25.7108 88.3957 0)
(-1039.66 909.877 0)
(1596.54 1801.66 0)
(46.9701 2805.38 0)
(-167.456 2642.28 0)
(107.998 2781.33 0)
(1096.83 1990.46 0)
(-47.8001 912.96 0)
(13.9941 99.2269 0)
(-620.723 2426.23 0)
(-44.8571 2742.29 0)
(103.878 2683.75 0)
(76.6734 2775.88 0)
(272.782 2233.86 0)
(-154.047 2807.09 0)
(47.7324 2787.56 0)
(-351.675 2859.17 0)
(-201.781 2270.8 0)
(-206.311 2628.41 0)
(113.73 2799.24 0)
(396.179 2890.77 0)
(-302.934 2605.71 0)
(910.114 857.976 0)
(36.966 2691.11 0)
(97.1736 2784.34 0)
(34.29 2752.4 0)
(-318.033 2316.16 0)
(-2.93364 2760.91 0)
(-26.1051 2781.12 0)
(1827.87 1896.57 0)
(37.133 2553.49 0)
(64.5792 1515.43 0)
(-171.847 2649.13 0)
(-1096.9 2143.64 0)
(-972.275 2570.32 0)
(-491.067 2241.03 0)
(3.26498 2872.81 0)
(726.418 2699.89 0)
(-47.2584 2747.85 0)
(-120.993 2797.03 0)
(123.597 2781.53 0)
(7.11942 2739.67 0)
(-89.2325 2772.16 0)
(177.004 2801.88 0)
(42.5625 1796.62 0)
(-39.8815 2795.21 0)
(-297.818 2493.64 0)
(111.318 2790.95 0)
(1200.4 1475.05 0)
(27.5835 2512.45 0)
(69.4614 2778.07 0)
(169.787 575.938 0)
(-44.8784 427.699 0)
(-536.037 2260.96 0)
(23.6638 104.514 0)
(134.674 2772.02 0)
(11.1764 99.5331 0)
(147.677 2756.31 0)
(-8.57782 2889.56 0)
(-66.8278 2765.28 0)
(128.394 2789.19 0)
(100.207 2794.97 0)
(132.27 2764.23 0)
(-19.7759 2727.75 0)
(294.832 2003.12 0)
(5.21603 2768.46 0)
(-32.187 2741.38 0)
(38.4836 2909.65 0)
(-44.1512 2756.6 0)
(37.5048 2747.18 0)
(66.4758 2783.23 0)
(-145.771 2802.93 0)
(-2074.58 1914.92 0)
(14.2822 2777.28 0)
(-411.243 2512.53 0)
(249.076 1848.34 0)
(-1467.64 1915.32 0)
(-403.615 2554.22 0)
(-242.753 2279.8 0)
(68.2214 1618.09 0)
(24.1033 2560.58 0)
(-25.8379 2705.76 0)
(-189.443 2732.57 0)
(-214.193 2326.04 0)
(203.068 2612.91 0)
(-85.7702 2758.6 0)
(-72.9598 2745.61 0)
(-105.827 463.224 0)
(60.8538 2813.19 0)
(-147.202 549.353 0)
(146.442 2740.88 0)
(460.204 2096.27 0)
(91.9036 2810.01 0)
(17.2983 2630.52 0)
(-1404.12 3182.15 0)
(-172.654 2761.13 0)
(-53.1917 225.998 0)
(-129.913 2682.53 0)
(-368.324 2286.59 0)
(-30.525 2666.92 0)
(-537.751 2442.08 0)
(-145.205 2676.59 0)
(57.4028 2924.02 0)
(48.9105 2749.65 0)
(-222.99 2679.23 0)
(-91.0735 2765.53 0)
(-3.77129 2679.38 0)
(-25.1554 2758.02 0)
(223.943 2027.5 0)
(65.3304 1238.65 0)
(1233.62 2404.81 0)
(-215.771 2640.86 0)
(210.749 2780.42 0)
(-783.318 2353.03 0)
(-166.473 2996.59 0)
(-88.2388 2708.07 0)
(350.113 2538.7 0)
(-252.26 2331.28 0)
(-931.082 826.303 0)
(-43.2653 2768.65 0)
(-729.165 2873.92 0)
(66.4994 2701.06 0)
(428.757 2969.43 0)
(-83.6757 2784.72 0)
(-216.969 2767.69 0)
(-1432.8 2276.66 0)
(-82.3661 2672.46 0)
(-121.079 2678.63 0)
(78.7484 2810.74 0)
(-187.812 2629.19 0)
(657.921 2286.13 0)
(831.154 2345.67 0)
(280.426 2789.73 0)
(-566.343 2429.84 0)
(20.3375 164.214 0)
(-326.58 2925.17 0)
(-117.351 2193.7 0)
(-412.326 2302.98 0)
(11.5582 2729.84 0)
(-176.942 2737.48 0)
(22.2082 2753.46 0)
(82.987 2785.99 0)
(-345.842 2894.41 0)
(8.38161 99.7225 0)
(-4.01554 2764.63 0)
(-557.674 2390.1 0)
(-51.3257 2611.88 0)
(564.908 2813.09 0)
(-68.2616 2769.69 0)
(-25.5379 2715.64 0)
(-96.1188 2644.5 0)
(36.5045 2714.24 0)
(-29.591 2770.38 0)
(-101.87 2464.25 0)
(-42.8274 2779.02 0)
(-113.028 2212.4 0)
(19.9609 2765.18 0)
(-693.33 2908.52 0)
(-242.319 2302.12 0)
(128.418 2782.57 0)
(74.4744 2846.13 0)
(-172.12 2738.02 0)
(-42.0668 996.075 0)
(-78.1521 2686.02 0)
(-262.767 2825.01 0)
(606.166 2148.85 0)
(-133.635 2719.89 0)
(-25.665 2774.31 0)
(-68.3006 431.191 0)
(-55.3246 2623.63 0)
(85.3304 2798.51 0)
(8.00318 2731.73 0)
(-103.328 2776.1 0)
(-925.79 1679.11 0)
(-43.3527 2757.62 0)
(92.0442 385.416 0)
(-101.561 2759.21 0)
(-713.066 2837.05 0)
(-17.6917 2780.11 0)
(767.15 2338.13 0)
(-86.9867 2792.65 0)
(200.045 886.791 0)
(337.574 2195.19 0)
(-199.818 681.581 0)
(-101.262 2784.39 0)
(-236.015 2273.65 0)
(1187.29 1469.1 0)
(-151.727 2236.85 0)
(-26.8536 2784.14 0)
(148.337 2762.92 0)
(-48.9792 2795.97 0)
(547.817 2392.79 0)
(-14.7061 2724.21 0)
(4.52545 2744.84 0)
(-161.41 2646.18 0)
(-44.9403 2786.74 0)
(37.8044 760.85 0)
(-7.55901 2736.37 0)
(80.6805 2708.91 0)
(-58.2832 2766.23 0)
(-136.988 2719.5 0)
(-821.295 2742.59 0)
(-103.253 2774.54 0)
(-109.896 2764.43 0)
(-226.244 2200.02 0)
(-29.2948 2950.78 0)
(181.665 2776.47 0)
(429.043 2845.23 0)
(80.1493 2802.63 0)
(355.153 2881.39 0)
(-545.867 2910.76 0)
(1831.35 1996.4 0)
(86.6975 2761.31 0)
(-351.474 2143.87 0)
(-889.036 2815.26 0)
(-28.5011 2790.1 0)
(154.528 2674.36 0)
(-141.92 2716.05 0)
(-105.289 2669.19 0)
(-111.944 2770.34 0)
(-183.161 2321 0)
(-30.4785 2774.99 0)
(-86.5289 2695.3 0)
(701.808 2028.11 0)
(-830.464 2697.32 0)
(-4.78182 773.647 0)
(2161.58 1446.38 0)
(-57.1405 2770.32 0)
(-226.115 2256.04 0)
(644.548 2364.99 0)
(1204.61 2439.56 0)
(-105.885 2686.67 0)
(-72.6309 284.686 0)
(-165.587 2893.64 0)
(-82.7823 2155.57 0)
(-477.65 2472.07 0)
(12.1496 2751.23 0)
(9.81024 2750.12 0)
(1339.48 2128.04 0)
(1413.19 1937.84 0)
(116.982 2789.7 0)
(243.591 2707.01 0)
(-509.924 2405.98 0)
(88.052 2808.92 0)
(-67.2866 2743.95 0)
(-1163.04 1927 0)
(247.467 2843.31 0)
(197.265 2639.93 0)
(-81.9259 2775.48 0)
(295.383 2099.4 0)
(281.949 2782.25 0)
(-433.63 2926.14 0)
(-211.245 2153.02 0)
(-61.6008 846.936 0)
(-220.032 2300.29 0)
(7.28848 920.384 0)
(134.174 534.885 0)
(-49.4415 2781.88 0)
(-199.758 2252.8 0)
(-641.985 2316.16 0)
(-31.1796 2799.66 0)
(-34.6626 153.301 0)
(-481.402 2449.28 0)
(-31.644 2756.64 0)
(175.356 2146 0)
(-171.767 596.454 0)
(628.375 2494.73 0)
(-97.7753 796.904 0)
(-40.4125 2723.36 0)
(-66.7517 288.771 0)
(49.4142 2719.78 0)
(-49.8148 2780.96 0)
(-217.098 2301.14 0)
(-451.964 2478.12 0)
(-163.422 2981.71 0)
(226.891 2164.74 0)
(98.3869 2691.31 0)
(-224.595 2820.82 0)
(-309.49 2348.85 0)
(-14.6167 85.2007 0)
(162.239 2802.03 0)
(40.3645 140.669 0)
(52.7917 182.536 0)
(50.1942 173.652 0)
(64.3771 222.263 0)
(71.2099 245.092 0)
(89.797 308.812 0)
(128.08 438.187 0)
(74.7668 256.911 0)
(61.1433 212.314 0)
(158.594 537.635 0)
(67.5419 233.669 0)
(103.075 353.981 0)
(85.3946 294.975 0)
(57.8179 201.464 0)
(32.8047 114.419 0)
(34.8088 120.735 0)
(42.9375 148.677 0)
(98.3875 338.636 0)
(173.961 600.611 0)
(77.9317 269.043 0)
(45.5633 2830.33 0)
(-57.6758 2710.99 0)
(7.86925 88.0782 0)
(-926.04 2402.7 0)
(-59.5766 2806.28 0)
(73.9213 2693.17 0)
(1296.97 1659.65 0)
(-174.597 2237.54 0)
(-27.6606 2049.63 0)
(-180.351 2658.66 0)
(6.96906 2825.71 0)
(172.601 2147.02 0)
(-1198 1289.96 0)
(-429.799 2493.78 0)
(1841.75 1989.92 0)
(6.18427 2763.47 0)
(199.279 2142.28 0)
(-84.3881 337.975 0)
(-119.348 2681.23 0)
(-174.649 2229.79 0)
(-306.679 2577.88 0)
(-0.61681 82.8934 0)
(233.244 1945.51 0)
(219.037 2687.65 0)
(-290.419 2579.18 0)
(-74.148 2768.23 0)
(-216.184 2635.11 0)
(159.087 2077.81 0)
(-160.766 2005.11 0)
(127.426 1977.03 0)
(-156.055 2190.83 0)
(1065.53 2800.03 0)
(483.693 2484.77 0)
(87.4672 2840.95 0)
(-169.181 2031.52 0)
(-115.831 3014.97 0)
(-128.41 2775.59 0)
(-234.226 2616.42 0)
(-76.6271 342.369 0)
(8.76273 2768.93 0)
(14.1225 2730.44 0)
(-155.394 785.542 0)
(-1346.24 2871.28 0)
(26.1546 2736.34 0)
(1185.77 2479.07 0)
(69.4218 2781.36 0)
(-90.0443 376.744 0)
(-1046.48 2774.69 0)
(-58.241 2665.28 0)
(18.4996 96.3348 0)
(-389.581 2519.71 0)
(-241.175 2254.99 0)
(-129.491 1946.23 0)
(268.83 2800.2 0)
(103.493 2786.46 0)
(188.713 2056.25 0)
(245.839 2901.49 0)
(79.7627 2871.15 0)
(118.048 2603.6 0)
(-23.932 2791.32 0)
(66.0627 2813.27 0)
(-531.546 2371.33 0)
(134.171 1955.69 0)
(117.699 2003.76 0)
(-27.1754 2720.34 0)
(199.404 2711.87 0)
(114.053 1934.89 0)
(342.052 2295.15 0)
(198.16 2143.54 0)
(14.5954 2726.79 0)
(616.29 2927.39 0)
(-85.4619 2780.4 0)
(-14.1853 1704.88 0)
(-34.2151 2823.14 0)
(-161.717 2110.08 0)
(-864.324 2820.05 0)
(-133.378 2016.37 0)
(1086.28 2557.32 0)
(-75.0061 2157.53 0)
(832.814 2657.34 0)
(-721.462 2714.57 0)
(-173.23 2272.59 0)
(21.962 925.622 0)
(94.5473 552.787 0)
(53.457 1806.31 0)
(3.44356 2732.84 0)
(-8.16212 2872.12 0)
(-39.5609 185.577 0)
(71.4138 1593.57 0)
(106.822 2649.81 0)
(-111.666 2085.95 0)
(2.81376 2800.3 0)
(83.4665 1483.43 0)
(-94.6383 2131.37 0)
(-191.894 2716.76 0)
(124.36 1999.12 0)
(-108.353 2711.06 0)
(2.23837 2724.52 0)
(584.242 2465.48 0)
(-192.146 2643.95 0)
(64.1999 2812.88 0)
(-2.99238 2738.69 0)
(-15.2212 1907.22 0)
(203.632 2629.6 0)
(-116.496 444.563 0)
(992.415 2599.81 0)
(-156.793 2192.57 0)
(-131.865 2782.83 0)
(-93.4766 2781.95 0)
(110.659 1796.32 0)
(18.3758 1121.17 0)
(1761.37 697.998 0)
(-1985.41 567.225 0)
(-15.2156 939.016 0)
(124.004 2912.03 0)
(-539.04 2188.83 0)
(-136.715 1925.3 0)
(-21.7637 1394.95 0)
(1448.62 2507.83 0)
(25.8879 2743.68 0)
(131.863 1999.56 0)
(-203.366 2635.16 0)
(-102.681 2783.7 0)
(-61.2013 2720.22 0)
(-22.8856 2736.64 0)
(-19.8212 1752.9 0)
(269.419 2670.3 0)
(-8.32887 2760.18 0)
(240.013 2703.33 0)
(29.6728 973.33 0)
(54.5087 2765.6 0)
(-263.127 2572.11 0)
(-87.8809 2171.11 0)
(135.472 1256 0)
(444.62 2882.96 0)
(-48.3084 796.662 0)
(-302.036 2588.17 0)
(-38.8531 894.234 0)
(41.6301 144.84 0)
(71.8886 250.687 0)
(131.085 447.086 0)
(75.9665 262.566 0)
(51.1375 177.976 0)
(80.0973 275.19 0)
(66.0626 227.698 0)
(91.9951 316.072 0)
(87.2873 301.538 0)
(105.263 361.764 0)
(43.7876 152.854 0)
(35.6512 124.18 0)
(100.552 346.192 0)
(53.761 187.393 0)
(69.1778 238.902 0)
(62.8442 217.347 0)
(59.17 206.742 0)
(179.377 612.062 0)
(159.094 551.249 0)
(33.8674 117.591 0)
(-244.729 2619.44 0)
(79.9305 2848.46 0)
(-211.054 2634.7 0)
(-20.1661 1649.24 0)
(64.528 1846.48 0)
(-219.14 2574.91 0)
(88.5493 985.863 0)
(-107.879 2686.45 0)
(19.4374 2740.32 0)
(-83.1733 2838.66 0)
(3.54331 2808.03 0)
(-61.9495 2719.31 0)
(-146.006 2596.79 0)
(71.2014 305.537 0)
(-11.041 931.365 0)
(51.2456 2754.4 0)
(503.508 2923.84 0)
(-62.1859 2102.68 0)
(91.5854 2783.22 0)
(-2.76214 2742.01 0)
(-2.03761 2737.28 0)
(1321.89 2310.29 0)
(-157.413 2985.29 0)
(-107.414 2762.15 0)
(71.5105 260.642 0)
(21.692 1126.76 0)
(73.8484 272.357 0)
(235.405 2592.96 0)
(3.608 1552.28 0)
(247.863 2728.25 0)
(32.1646 111.394 0)
(685.641 2886.88 0)
(-209.167 2866.36 0)
(-8.75291 1385.56 0)
(-32.8288 1905.45 0)
(-4.44881 2751.55 0)
(66.1433 2761.64 0)
(78.6491 1370.8 0)
(14.5713 1089.46 0)
(-12.3694 1353 0)
(-105.097 2785.83 0)
(-30.1014 1919.28 0)
(210.909 711.011 0)
(-11.7789 2741.09 0)
(62.9477 1383.04 0)
(-34.2688 233.937 0)
(169.357 2784.52 0)
(10.2756 2861.5 0)
(93.9466 419.687 0)
(29.5649 103.213 0)
(-131.977 2681.51 0)
(37.6333 2756.86 0)
(-63.3545 1961.27 0)
(315.136 2213.19 0)
(404.115 2982.24 0)
(-161.864 2814.72 0)
(19.4975 176.691 0)
(-121.047 477.273 0)
(-4.80333 2703.42 0)
(93.9057 344.122 0)
(-97.1381 465.63 0)
(-905.022 2805.04 0)
(-67.2662 2752.14 0)
(76.4733 2753.74 0)
(-317.063 2312.76 0)
(-166.109 2704.21 0)
(298.167 2769.09 0)
(-264.407 2428.11 0)
(-585.505 2221.9 0)
(77.2791 2768.51 0)
(841.053 2651.76 0)
(-183.734 2817.35 0)
(-1378.62 2725.43 0)
(279.847 2841.8 0)
(-49.4126 188.016 0)
(201.343 2609.05 0)
(30.6288 2987.04 0)
(-121.04 2580.83 0)
(221.684 2566.33 0)
(172.587 2802 0)
(32.2675 2748.21 0)
(-65.9794 1999.59 0)
(98.6723 359.541 0)
(10.4518 2760.12 0)
(-716.535 2255.02 0)
(-58.1636 2718.98 0)
(2026.18 1609.73 0)
(871.603 2772.38 0)
(506.717 2448.88 0)
(-408.273 2477.51 0)
(136.797 1559.95 0)
(1901.23 735.734 0)
(-176.851 2596.86 0)
(106.324 467.711 0)
(89.1426 476.572 0)
(-32.435 2812.44 0)
(-7.94847 2759.97 0)
(70.18 2759.3 0)
(450.112 2266.29 0)
(-349.789 2333.09 0)
(123.78 2770.98 0)
(-5.03339 2778.28 0)
(994.637 2617.39 0)
(-110.698 826.781 0)
(41.4689 2609.21 0)
(432.847 2844.19 0)
(-573.799 2903.38 0)
(-38.0959 2751.43 0)
(-92.3214 2578.29 0)
(-5.92794 2762.32 0)
(-6.88916 2783.94 0)
(-68.9024 2771.08 0)
(706.172 2695.08 0)
(86.1447 1021.79 0)
(162.506 2748.84 0)
(-191.629 2818.61 0)
(-94.9281 2727.91 0)
(-48.1595 228.357 0)
(-82.9793 2834.81 0)
(-69.3375 2051.62 0)
(-731.871 2286.46 0)
(103.318 2796.18 0)
(-8.25169 2766.56 0)
(596.496 2326.43 0)
(1099.01 1583.66 0)
(-90.4051 2765.6 0)
(-6.20944 2736.26 0)
(-142.777 2724.78 0)
(-990.911 2024.72 0)
(-108.001 2762.72 0)
(1628.65 1653.29 0)
(-165.324 2721.37 0)
(27.1006 95.302 0)
(-41.2566 2717.44 0)
(-93.442 2648.98 0)
(1700.15 2118.98 0)
(41.5756 154.62 0)
(-64.6555 2777.24 0)
(-117.029 2805.48 0)
(-92.7887 2770.55 0)
(-80.8236 2700.81 0)
(-114.285 2717.8 0)
(43.2086 195.942 0)
(-11.8678 2792.9 0)
(-242.435 2286.2 0)
(-260.227 1548.09 0)
(111.125 2805.12 0)
(154.631 2682.59 0)
(22.1688 1246.15 0)
(-9.89575 2773.39 0)
(96.0759 1445.71 0)
(-643.729 2897.2 0)
(-25.168 2576.94 0)
(-95.1776 2778.16 0)
(-9.15808 2785.84 0)
(-468.295 2255.87 0)
(-1040.17 1465.84 0)
(-243.127 2384.07 0)
(98.274 475.457 0)
(918.542 2663.06 0)
(-52.4783 2723.48 0)
(-156.252 2746.4 0)
(46.5279 1076.32 0)
(-225.461 2246.65 0)
(148.568 2533.98 0)
(392.773 2557.97 0)
(188.431 637.382 0)
(-43.5931 2750.8 0)
(107.513 2808.46 0)
(-77.265 2827.99 0)
(-26.1771 819.323 0)
(5.66035 99.4108 0)
(-9.44429 2796.87 0)
(899.326 537.756 0)
(13.3038 945.683 0)
(490.763 2831.06 0)
(231.092 2682.26 0)
(-8.1193 2798.39 0)
(-127.419 481.906 0)
(-11.9578 2805.82 0)
(-968.463 766.011 0)
(-71.5647 2803.88 0)
(98.9629 366.218 0)
(444.068 2513.61 0)
(-620.381 2357.24 0)
(61.3566 2758.66 0)
(250.737 3004.81 0)
(-214.746 2217.81 0)
(-187.101 628.49 0)
(31.6672 118.44 0)
(774.36 2885.74 0)
(-71.2405 2758.61 0)
(-1112.35 2967.87 0)
(104.506 2795.31 0)
(-313.524 2813.17 0)
(-1320.55 2859.75 0)
(897.273 2797.66 0)
(-110.475 1498.23 0)
(-124.878 1543.67 0)
(-175.656 2265.69 0)
(183.854 2840.41 0)
(-27.5983 190.35 0)
(136.65 800.394 0)
(-714.111 2898.89 0)
(381.271 2781.7 0)
(153.088 2852.41 0)
(-8.78747 792.836 0)
(-17.9149 78.8358 0)
(1582.16 1776.07 0)
(617.494 2927.06 0)
(228.141 2611.41 0)
(-68.5563 2771.28 0)
(-811.044 2722.42 0)
(105.162 1007.9 0)
(190.235 788.17 0)
(30.0506 112.516 0)
(808.602 2973 0)
(63.1736 295.117 0)
(47.3145 220.014 0)
(26.4915 92.6948 0)
(-792.93 2615.06 0)
(126.615 1459.57 0)
(-6.65417 2751.91 0)
(-51.2979 2721.97 0)
(-133.784 2793.6 0)
(-64.8603 2782.82 0)
(-14.6347 2812.29 0)
(-1136.61 1723.4 0)
(-93.6828 2691.97 0)
(-305.919 2603.75 0)
(-678.527 2184.87 0)
(-16.4464 2789.98 0)
(-110.501 763.014 0)
(498.966 2758.02 0)
(-580.562 2890.46 0)
(1166.23 2691.05 0)
(96.557 2533.49 0)
(76.8094 422.525 0)
(46.2526 2773.19 0)
(-12.4472 2808.54 0)
(-2020.57 1759.61 0)
(53.1528 2755.81 0)
(248.947 2866.37 0)
(-59.9525 290.485 0)
(123.129 445.55 0)
(-82.1193 2788.16 0)
(-348.764 2535.74 0)
(-1035.26 2801.44 0)
(486.064 2793.62 0)
(-43.1548 2795.26 0)
(1208.42 2360.99 0)
(-67.9336 2752.42 0)
(113.258 2790.42 0)
(8.35825 145.332 0)
(60.1733 2921.02 0)
(-905.345 2103.41 0)
(8.0151 648.21 0)
(262.958 2797.82 0)
(468.645 2699.75 0)
(-124.006 711.079 0)
(412.184 2798.03 0)
(1192.73 2865.31 0)
(-1233.67 2450.39 0)
(105.306 386.914 0)
(40.4619 2556.81 0)
(-366.366 2538.31 0)
(-48.3945 2797.93 0)
(63.9616 2616.19 0)
(-11.4801 172.443 0)
(184.076 1503.68 0)
(1098.89 2823.96 0)
(-87.7405 2726.71 0)
(547.159 2734.92 0)
(23.1995 87.8147 0)
(488.473 2751.61 0)
(-99.2377 2687.66 0)
(-1424.43 2325.87 0)
(-46.3803 2706.7 0)
(243.079 2254.43 0)
(-69.1884 344.268 0)
(-71.7377 2776.43 0)
(-349.898 2590.17 0)
(8.92133 160.686 0)
(-82.6712 380.76 0)
(18.7924 2815.61 0)
(-618.692 2465.37 0)
(649.212 2940.31 0)
(496.25 2396.18 0)
(119.535 2783.44 0)
(426.041 2778.49 0)
(65.5581 2764.08 0)
(229.312 2729.13 0)
(67.6712 2754.71 0)
(408.625 2770.14 0)
(-791.645 2026.05 0)
(-302.136 2571.91 0)
(88.4508 2706.83 0)
(-177.526 2334.03 0)
(-167.872 2329.65 0)
(-730.83 2611.25 0)
(-19.1696 2665.21 0)
(0.143839 2867.84 0)
(223.102 2997.94 0)
(-637.254 2922.06 0)
(428.808 2810.37 0)
(61.9376 260.323 0)
(-1145.89 2443.14 0)
(-27.8321 426.227 0)
(75.8431 2698 0)
(418.274 2781.87 0)
(40.1797 780.916 0)
(138.413 2747.62 0)
(186.59 2750.5 0)
(-295.974 2449.45 0)
(-93.3981 2781.91 0)
(-1308.27 1819.48 0)
(51.9579 2636.14 0)
(85.3769 421.692 0)
(-112.258 2615.72 0)
(-200.65 2361.28 0)
(326.985 2862.99 0)
(15.5733 677.733 0)
(303.64 2421.95 0)
(153.295 526.738 0)
(-1044.65 2766.27 0)
(705.639 2284.56 0)
(55.8868 263.592 0)
(10.3095 181.605 0)
(840.754 2782.21 0)
(-130.773 502.834 0)
(-1083.3 2459.77 0)
(232.214 2727.85 0)
(-29.9174 2804.14 0)
(9.77636 2668.92 0)
(-99.8125 2761.56 0)
(-567.069 2391.96 0)
(-27.866 2660.82 0)
(-68.0395 2812.37 0)
(1434.02 2093.1 0)
(400.729 2771.47 0)
(-201.903 2444.58 0)
(-399.199 2959.75 0)
(-21.1648 2564.72 0)
(-174.29 2811.71 0)
(-23.7542 2721.67 0)
(-630.579 2620.33 0)
(-160.292 3005.7 0)
(-25.1828 2525.93 0)
(-335.919 2974.36 0)
(-222.508 2596.9 0)
(249.048 2466.21 0)
(-1021.69 2527.34 0)
(-112.506 2690.74 0)
(1173.29 2849.11 0)
(30.9625 160.001 0)
(173.723 584.698 0)
(-1408.68 2814.08 0)
(-2.28293 2737.57 0)
(-209.793 2815.38 0)
(538.685 433.629 0)
(117.029 805.381 0)
(197.521 2602 0)
(-375.153 2312.5 0)
(10.5089 200.174 0)
(-12.4779 2105.5 0)
(80.3642 2817.48 0)
(-93.3287 2697.42 0)
(-57.7127 2823.08 0)
(199.749 2751.06 0)
(-352.988 2473.4 0)
(100.763 670.771 0)
(140.457 768.949 0)
(66.1623 2762.74 0)
(436.193 2962.06 0)
(19.2038 1135.82 0)
(218.25 2175.38 0)
(7.6261 2207.62 0)
(-643.185 2315.84 0)
(706.935 2035.57 0)
(17.6326 226.599 0)
(461.89 2400.81 0)
(412.914 2805.82 0)
(1.02232 2755.02 0)
(-361.753 2646.14 0)
(-345.018 2630.37 0)
(453.52 2977.67 0)
(-799.148 2466.37 0)
(-38.509 2758.61 0)
(-19.3507 2575.81 0)
(-2.46432 2738.42 0)
(443.1 2223.87 0)
(12.8908 751.285 0)
(895.573 2775.56 0)
(346.545 2994.82 0)
(-457.263 2518.01 0)
(-4.60773 2750.98 0)
(8.09536 3015.1 0)
(-137.44 2666.53 0)
(-16.8174 778.494 0)
(12.0784 225.539 0)
(151.341 2295.33 0)
(187.931 2630.46 0)
(-5.97287 2762.71 0)
(-162.608 2450.09 0)
(192.83 2722.89 0)
(-418.409 2316.8 0)
(244.653 2761.63 0)
(181.373 2754.71 0)
(89.8012 2913.35 0)
(184.131 2661.48 0)
(914.439 2687.28 0)
(-16.1429 2750.69 0)
(388.274 1658.11 0)
(20.3351 2773.57 0)
(59.6204 2804.68 0)
(-10.5207 126.234 0)
(-180.211 2656.08 0)
(384.488 2927.93 0)
(471.239 2836.96 0)
(-179.653 785.531 0)
(133.596 2760.03 0)
(-261.481 2180.13 0)
(111.649 825.293 0)
(29.3255 2571.55 0)
(143.878 807.375 0)
(-8.05889 2795.05 0)
(366.547 2830.87 0)
(-6.2469 2766.28 0)
(191.466 2617.23 0)
(187.37 694.714 0)
(197.147 2827.45 0)
(-724.233 2747.88 0)
(207.592 2758.35 0)
(12.9586 247.507 0)
(476.868 2301.11 0)
(536.679 2860.05 0)
(-399.169 2668.14 0)
(-70.218 2751.5 0)
(1143.57 2833.8 0)
(1.90246 620.308 0)
(396.38 2753.32 0)
(117.449 2688.95 0)
(832.11 2772.53 0)
(57.205 2741.6 0)
(105.906 2887.53 0)
(139.54 2850.96 0)
(-200.819 2734.67 0)
(194.468 2621.38 0)
(-491.194 2529.7 0)
(1878.09 1922.61 0)
(110.301 987.719 0)
(-28.056 382.113 0)
(-97.1885 2767.43 0)
(47.6194 2754.4 0)
(-891.381 2557.34 0)
(349.513 2377.86 0)
(89.7127 2834.91 0)
(858.961 2785.91 0)
(-800.912 2706.16 0)
(-60.3842 2827.41 0)
(83.5907 2819 0)
(-61.8708 2807.4 0)
(215.379 2620.81 0)
(176.035 2824.91 0)
(-684.747 2046.5 0)
(-208.826 2615.38 0)
(-339.993 1590.66 0)
(330.802 2864.5 0)
(120.253 2800.84 0)
(51.6159 2738.05 0)
(861.208 2695.3 0)
(225.888 2818.86 0)
(38.3719 197.446 0)
(-427.119 2521.08 0)
(-33.4476 2755.39 0)
(181.2 2641.42 0)
(-40.7733 2780.05 0)
(1224.72 2510.68 0)
(-163.184 2812.42 0)
(-0.312956 2744.21 0)
(-65.5534 2704.52 0)
(-109.257 2782.18 0)
(-3.56881 1296.96 0)
(-8.50992 2208.74 0)
(1662.19 712.145 0)
(485.456 2736.24 0)
(849.597 776.801 0)
(388.341 2708.07 0)
(374.904 2314.86 0)
(60.1501 3019.01 0)
(113.116 449.331 0)
(-812.218 2718.36 0)
(-313.602 2852.13 0)
(484.932 2780.81 0)
(-194.836 2777.01 0)
(-92.1458 2729.26 0)
(481.02 2749.52 0)
(-66.6381 2603.25 0)
(74.1594 2847.85 0)
(-1261.13 2791.62 0)
(-152.102 3015.57 0)
(31.2682 334.773 0)
(569.351 2722.37 0)
(-750.905 2844.52 0)
(23.5949 332.631 0)
(-12.4753 2809.35 0)
(238.584 2871.09 0)
(429.343 2284.6 0)
(107.63 2759.36 0)
(-280.209 2672.63 0)
(-29.91 1187.76 0)
(-1317.84 2109.1 0)
(-259.173 2597.98 0)
(-189.817 2785.04 0)
(19.3409 693.192 0)
(-343.497 2984.55 0)
(-327.835 2438.18 0)
(-937.153 2666.51 0)
(1084.58 2509.58 0)
(238.191 2796.64 0)
(146.842 2670.14 0)
(16.0405 331.364 0)
(25.7465 89.9188 0)
(385.753 2585.95 0)
(-64.8703 2744.88 0)
(157.778 2875.95 0)
(-64.4671 933.723 0)
(208.437 710.588 0)
(-45.565 2732.88 0)
(41.1727 2993.18 0)
(-90.6075 814.783 0)
(140.607 2781.4 0)
(74.1246 301.311 0)
(1593.31 1893.4 0)
(-75.8096 2809.22 0)
(-1341.08 2159.83 0)
(832.815 2680.34 0)
(264.433 2574.87 0)
(-90.6096 2763.04 0)
(-88.2093 2795.66 0)
(-407.938 2551.96 0)
(141.8 2811.38 0)
(118.283 2886.58 0)
(-970.041 3169.59 0)
(-34.1121 2741.4 0)
(540.889 2942.32 0)
(112.847 2710.2 0)
(-534.026 2639.49 0)
(42.1912 221.369 0)
(-46.7831 1101.67 0)
(611.541 2336.39 0)
(-5.73932 1094.43 0)
(922.661 2598.03 0)
(-227.099 2815.03 0)
(2275.98 1122.3 0)
(1299.36 2449.52 0)
(2171.39 1432.25 0)
(-23.251 103.236 0)
(-214.482 2815.32 0)
(-190.797 2662.47 0)
(-875.833 1890.47 0)
(-29.2965 138.055 0)
(-289.835 2840.59 0)
(483.879 2952.77 0)
(-71.8049 2699.5 0)
(-387.159 2577.32 0)
(-57.3248 2793.47 0)
(2.67394 120.814 0)
(513.097 2410.07 0)
(443.837 2159.52 0)
(-288.801 2579.17 0)
(66.2943 2776.77 0)
(713.906 2901.72 0)
(-40.9824 2724.13 0)
(82.2007 2819.05 0)
(-159.921 2615.98 0)
(377.843 2632.54 0)
(-61.0539 624.109 0)
(-161.169 875.738 0)
(-199.214 2711.56 0)
(-36.585 2798.46 0)
(1904.29 1893.75 0)
(98.7489 396.969 0)
(390.811 2481.28 0)
(-114.633 2029.91 0)
(-181.74 2815 0)
(188.008 2734.32 0)
(-191.759 2658.47 0)
(180.404 2721.62 0)
(-247.186 2824.64 0)
(130.774 2786 0)
(-523.391 2914.19 0)
(-12.2354 2780.06 0)
(1650.72 2176.37 0)
(-219.865 2831.15 0)
(-207.089 2828.14 0)
(-168.952 2648.81 0)
(406.818 2812.41 0)
(-171.898 2812.83 0)
(-662.601 2226.49 0)
(177.326 3015.3 0)
(-199.223 2825.3 0)
(4.79006 144.994 0)
(-223.189 2824.36 0)
(-81.9201 2830.38 0)
(-176.233 2821.14 0)
(34.2544 771.587 0)
(41.926 2709.81 0)
(-223.113 2878.45 0)
(-335.181 2821.97 0)
(-52.4003 2726.58 0)
(44.8828 2814.08 0)
(1435.2 2688.12 0)
(499.279 2438.52 0)
(-81.3584 2834.71 0)
(79.3333 1359.81 0)
(24.9699 87.1834 0)
(423.024 2816.53 0)
(154.557 2092.27 0)
(50.88 1443.41 0)
(-412.671 2815.56 0)
(46.7229 178.837 0)
(-93.994 2700.42 0)
(161.539 2140.12 0)
(-629.846 2919.96 0)
(26.9627 2732.86 0)
(184.655 2153.46 0)
(-15.3968 2772.18 0)
(347.601 2517.25 0)
(-9.77708 2769.7 0)
(-618.188 2606.48 0)
(-520.762 2648.72 0)
(-401.877 2037.05 0)
(274.523 2772.95 0)
(-45.2757 2728.9 0)
(26.9324 2567.41 0)
(113.138 2782.13 0)
(64.6067 2821.32 0)
(775.343 2886.36 0)
(839.648 2654.76 0)
(4.59271 159.482 0)
(156.727 2104.77 0)
(27.4481 537.527 0)
(72.675 2815.77 0)
(291.394 2787.93 0)
(42.7078 1500.8 0)
(295.248 2790.31 0)
(32.2279 2093.14 0)
(-31.9917 2697.23 0)
(-94.226 868.707 0)
(30.3471 1567.48 0)
(-2224.01 1238.38 0)
(17.9069 1698.5 0)
(541.221 2228.82 0)
(-808.758 2833.43 0)
(97.8322 635.761 0)
(91.1296 2781.31 0)
(318.614 2804.92 0)
(-254.562 2822.57 0)
(57.68 2807 0)
(275.656 2796.33 0)
(60.0412 1232.47 0)
(58.5492 2498.83 0)
(-99.2124 759.996 0)
(-1618.61 1665.9 0)
(1772.72 1871.88 0)
(877.031 2799.43 0)
(1364.32 1587.25 0)
(481.004 2266.08 0)
(-159.386 2779.19 0)
(88.7403 2027.18 0)
(-237.726 774.067 0)
(-21.8357 77.0813 0)
(868.145 2748.58 0)
(-314.875 2602.51 0)
(63.5679 2843.43 0)
(-230.384 2852.69 0)
(6.83534 2839.56 0)
(283.134 2261.67 0)
(231.769 2787.2 0)
(-56.9203 2660.27 0)
(46.7603 2785.68 0)
(277.405 2797.16 0)
(-632.456 2716.39 0)
(-65.5532 2868.16 0)
(12.584 2409.12 0)
(-634.173 2733.89 0)
(-302.316 2615.17 0)
(1691.39 2142.82 0)
(209.083 2697.29 0)
(-61.1998 2758.69 0)
(-29.575 431.649 0)
(-49.4762 2793.31 0)
(-41.9102 848.809 0)
(758.396 2821.64 0)
(208.319 2920.95 0)
(12.7274 2826.21 0)
(148.211 2099.05 0)
(58.0522 2765.65 0)
(41.5289 2750.73 0)
(-59.9055 2760.65 0)
(-67.2474 2764.48 0)
(-53.8968 3018.89 0)
(889.166 2715.86 0)
(51.7558 2811.75 0)
(-74.3908 2761.22 0)
(-67.8106 2789.21 0)
(-11.8548 1166.38 0)
(257.87 2592.77 0)
(156.492 2078.89 0)
(193.767 2805.25 0)
(-171.4 2725.97 0)
(49.337 264.498 0)
(-79.4161 2787.59 0)
(-26.0066 2723.88 0)
(5.56821 180.64 0)
(154.331 2130.81 0)
(428.322 2795.72 0)
(-13.053 2759.97 0)
(-34.2306 2676.56 0)
(-571.605 2166.2 0)
(66.2785 1654.44 0)
(384.768 2711.88 0)
(-8.05348 176.467 0)
(150.642 2836.49 0)
(203.333 2728.66 0)
(-355.556 2544.42 0)
(46.0658 2955.99 0)
(-276.415 2566.57 0)
(193.596 2805.29 0)
(-708.846 2704.1 0)
(908.173 2665.67 0)
(-118.24 2690.04 0)
(100.487 2023.95 0)
(275.955 2798.15 0)
(-145.625 1883.66 0)
(-11.7366 2767.16 0)
(124.669 2782.52 0)
(40.1484 2775.57 0)
(19.9408 2741.12 0)
(98.7425 2784.9 0)
(23.9287 2756 0)
(63.4959 1880.66 0)
(-79.4058 2707.98 0)
(1575.98 2552.27 0)
(-53.4367 2717.4 0)
(186.638 2729.32 0)
(-4.13125 592.612 0)
(-123.386 2677.8 0)
(-135.705 2668.32 0)
(-711.349 2715.25 0)
(-599.938 2770.93 0)
(-1161.89 2782.79 0)
(487.097 2770.22 0)
(-128.701 2687.37 0)
(2414.23 1002.5 0)
(171.265 2831.6 0)
(638.891 2807.43 0)
(4.17854 633.682 0)
(-57.9198 2796.58 0)
(-191.367 2656.64 0)
(-501.157 2928.65 0)
(-146.901 2625.54 0)
(-189.701 2617.33 0)
(1169.73 2368.54 0)
(5.37234 198.982 0)
(-50.4509 2718.02 0)
(-165.145 2668.26 0)
(107.978 2021.35 0)
(-75.1923 2884.83 0)
(-181.432 2755.68 0)
(1582.24 1953.29 0)
(484.396 2865.77 0)
(-74.1694 2830.3 0)
(-139.041 2626.95 0)
(-214.478 2530.47 0)
(472.167 2773.51 0)
(-199.081 2652.19 0)
(-12.091 81.373 0)
(-151.017 2663.42 0)
(469.012 2770.57 0)
(280.859 2860.06 0)
(-55.9996 707.33 0)
(-514.272 2752.89 0)
(-289.372 2728.7 0)
(904.834 609.141 0)
(402.358 2812.41 0)
(942.03 2655.36 0)
(-555.968 2749.9 0)
(477.411 2774.74 0)
(-114.704 2519.07 0)
(34.2931 2770.1 0)
(499.638 2825.62 0)
(-226.269 2569.1 0)
(-339.69 2555.93 0)
(77.7351 2818.66 0)
(-34.2382 2827.1 0)
(55.0867 642.242 0)
(261.799 2821.91 0)
(-667.426 2757.72 0)
(-537.774 2444.47 0)
(378.419 2716.99 0)
(392.793 2832.52 0)
(-224.241 2608.9 0)
(-322.592 2593.29 0)
(371.483 2812.4 0)
(-348.742 2537.88 0)
(56.9856 300.939 0)
(-520.195 2802.17 0)
(130.662 2067.44 0)
(-534.253 2639.06 0)
(-519.18 2784.24 0)
(-11.9723 567.824 0)
(229.072 2863.89 0)
(123.926 2892.06 0)
(-364.072 2515.5 0)
(6.86929 224.481 0)
(371.031 2806.19 0)
(-1088.96 2953.84 0)
(-29.39 463.257 0)
(-190.851 2643.5 0)
(-80.0944 2692.16 0)
(-147.149 2673.63 0)
(-18.7238 2715.61 0)
(900.094 2710.91 0)
(-194.923 2792.39 0)
(-619.599 2786.67 0)
(57.9116 519.731 0)
(57.5337 2584.37 0)
(-333.025 2613.1 0)
(-270.12 2587.93 0)
(63.0256 1604.53 0)
(84.9105 2759.81 0)
(-23.3341 2831.9 0)
(-208.93 2562.7 0)
(-69.4269 905.681 0)
(340.388 2808.43 0)
(203.913 2753.08 0)
(33.8097 2851.52 0)
(252.871 2832.27 0)
(-24.7762 2745.57 0)
(186.587 981.512 0)
(25.5125 924.868 0)
(-197.111 2702.56 0)
(31.4022 1808.47 0)
(166.916 2007.66 0)
(166.92 3004.83 0)
(938.165 2647.2 0)
(-86.4883 2789.08 0)
(214.338 2123.23 0)
(40.3449 1090.09 0)
(166.09 2793.35 0)
(-174.188 2906.78 0)
(-35.8363 2755.87 0)
(-184.687 2854.31 0)
(264.09 2845.04 0)
(482.644 2794.06 0)
(-160.558 767.678 0)
(319.208 2834.76 0)
(-327.291 2566.17 0)
(-240.238 2608.98 0)
(208.707 3006.57 0)
(-127.127 2687.64 0)
(192.776 646.021 0)
(28.4533 649.821 0)
(134.806 1994.4 0)
(-100.637 2835.31 0)
(92.6747 856.244 0)
(-40.6177 2829.88 0)
(-188.168 2708.99 0)
(14.4341 1014.64 0)
(210.637 2724.53 0)
(373.917 2798.97 0)
(2287.77 1141.52 0)
(106.319 2850.77 0)
(-36.081 2823.84 0)
(-74.266 275.418 0)
(68.854 1567.07 0)
(6.75308 245.971 0)
(124.376 2018.08 0)
(-44.3915 2714.6 0)
(-6.35089 141.025 0)
(0.809315 2730.88 0)
(253.275 2841.36 0)
(234.406 2663.46 0)
(-38.6073 2750.87 0)
(1161.04 1352.42 0)
(-1088.13 1220.79 0)
(-88.4622 2689.16 0)
(-752.875 2258.6 0)
(925.856 2658.02 0)
(77.1339 803.856 0)
(-282.911 2600.04 0)
(200.674 2729.1 0)
(845.347 2865.37 0)
(905.33 2678.64 0)
(489.902 2939.89 0)
(20.4904 2815.94 0)
(-669.067 2092.34 0)
(430.921 2329.01 0)
(17.5804 2822.53 0)
(99.3884 1943.91 0)
(554.202 2691.69 0)
(280.244 2814.06 0)
(41.767 415.755 0)
(-103.964 2787.54 0)
(210.479 745.989 0)
(334.039 2805.75 0)
(-289.131 2860.94 0)
(-86.2338 2805.41 0)
(466.34 2872.88 0)
(482.625 2774.16 0)
(476.824 2813.68 0)
(-191.012 2643.12 0)
(24.1361 2817.85 0)
(279.435 2652.18 0)
(13.7473 875.334 0)
(-54.1171 2830.73 0)
(-315.413 2559.83 0)
(-46.7907 2707.04 0)
(135.396 2789.62 0)
(-637.877 2414.61 0)
(1154.54 2835.67 0)
(29.0596 2827.42 0)
(-112.513 2704.56 0)
(303.555 2755.78 0)
(48.7536 2812.48 0)
(-456.38 2843.53 0)
(408.009 2681.68 0)
(-418.71 2441.66 0)
(259.802 2104.64 0)
(128.871 1819.72 0)
(18.8177 2822.87 0)
(-15.8401 2805.75 0)
(-389.329 2511.04 0)
(232.982 2191.74 0)
(5.3079 2729.57 0)
(773.699 2177.06 0)
(-657.24 2573.02 0)
(-26.8552 2948.35 0)
(552.927 2835.5 0)
(141.392 2786.63 0)
(207.26 2882.27 0)
(129.453 2848.9 0)
(10.8971 2823.69 0)
(201.483 2842.35 0)
(975.562 2616.71 0)
(231.742 2692.96 0)
(492.698 2921.96 0)
(19.7964 2851.38 0)
(-18.2265 2824.59 0)
(115.04 2795.84 0)
(492.913 2868.04 0)
(-1137.68 2768.55 0)
(266.865 2505.34 0)
(-84.2277 2667.1 0)
(667.869 2602.33 0)
(-316.583 2824.21 0)
(-111.162 2797.39 0)
(3.96088 2840.15 0)
(-23.6877 2743.73 0)
(6.98424 269.785 0)
(485.071 2686.9 0)
(1098.68 2816.96 0)
(19.2141 2714.59 0)
(24.2821 2746.55 0)
(-33.0844 2843.04 0)
(-17.2502 80.3126 0)
(-24.6282 2722.81 0)
(354.285 2771.44 0)
(-298.3 2587.84 0)
(-84.8646 2688.63 0)
(-200.623 2887.12 0)
(543.526 1689.98 0)
(-45.8594 2748.73 0)
(-169.482 2657.81 0)
(-258.786 2816.69 0)
(258.904 2193.62 0)
(16.1847 2821.96 0)
(-168.109 2728.94 0)
(-0.175551 2817.33 0)
(-425.798 2488.67 0)
(-52.8291 2759.24 0)
(-197.11 2859.71 0)
(-33.8253 117.605 0)
(-174.322 2788.3 0)
(-37.2576 2743.3 0)
(-169.464 2818.74 0)
(25.3376 2737.76 0)
(199.155 2115.65 0)
(557.839 2760.8 0)
(460.513 2896.88 0)
(66.4563 2847.69 0)
(-46.5521 2790.6 0)
(924.561 2527.75 0)
(315.199 2626.89 0)
(-61.718 2806.35 0)
(-29.8198 416.503 0)
(12.2336 2740.45 0)
(61.0159 2806.07 0)
(202.376 1909.4 0)
(234.29 2759.95 0)
(-21.6545 2760.83 0)
(-145.831 2675.99 0)
(963.321 2576.1 0)
(46.7199 460.735 0)
(-65.0566 2835.33 0)
(317.982 2776.32 0)
(-24.3904 2848.14 0)
(-35.2801 2873.94 0)
(-22.0337 2838.75 0)
(-25.269 2740.36 0)
(6.66414 85.0781 0)
(226.229 2824.39 0)
(46.3753 2797.42 0)
(-733.025 2873.68 0)
(-745.394 2430.35 0)
(56.0867 2758.56 0)
(71.4542 2784.39 0)
(482.374 2827.37 0)
(936.984 2688.73 0)
(255.979 2198.1 0)
(8.33425 302.315 0)
(72.2968 2765.42 0)
(479.221 2911.26 0)
(397.654 2814.65 0)
(-63.0429 870.507 0)
(-47.6601 2828.04 0)
(-210.028 2770.61 0)
(452.412 2877.64 0)
(-129.181 772.327 0)
(3.14695 2758.64 0)
(65.2022 2775.87 0)
(-157.457 2837.75 0)
(104.563 2843.46 0)
(4.83786 895.25 0)
(531.319 2797.82 0)
(-87.0062 2694.47 0)
(439.848 2752.64 0)
(198.093 2782.31 0)
(121.37 2773.79 0)
(106.271 2882.81 0)
(-84.1612 2685.77 0)
(475.063 2761.14 0)
(-236.053 2703.81 0)
(363.742 2760.41 0)
(135.135 2759.93 0)
(-381.784 2533.91 0)
(-27.6704 2739.75 0)
(470.635 2887.32 0)
(134.881 2796.64 0)
(200.849 2582.27 0)
(-147.113 2875.88 0)
(93.5727 2783.06 0)
(305.517 2761.32 0)
(-583.483 2386.41 0)
(-294.916 2815.97 0)
(-289.708 2836.94 0)
(60.1004 2784.32 0)
(373.509 2783.24 0)
(-37.0113 2779.06 0)
(335.73 2688.2 0)
(446.36 2277.38 0)
(363.591 2762.23 0)
(-18.2363 2790.43 0)
(-160.159 2811.11 0)
(-67.1572 2819.81 0)
(133.368 2777.92 0)
(-212.105 2826.59 0)
(220.748 2623.36 0)
(232.482 2826.09 0)
(332.52 2724.93 0)
(-181.771 2818.78 0)
(-120.968 2804.18 0)
(-432.11 2486.78 0)
(452.358 2821.31 0)
(213.237 2786.63 0)
(8.56481 330.122 0)
(-146.952 908.381 0)
(19.5431 2820.18 0)
(-139.036 2811.05 0)
(-96.9568 2778.47 0)
(-148.66 2806.06 0)
(831.49 2389.52 0)
(479.068 2207.91 0)
(480.923 2140.72 0)
(-131.959 2772.46 0)
(337.513 2720.03 0)
(480.327 2832.3 0)
(235.822 2720.8 0)
(11.7447 662.758 0)
(575.091 2773.35 0)
(-123.508 2902.86 0)
(236.537 2787.45 0)
(325.602 2574.22 0)
(319.647 2644.08 0)
(-42.3235 2655.03 0)
(-723.459 2772.8 0)
(160.041 2767.22 0)
(-119.331 2827.88 0)
(477.216 2907.25 0)
(442.008 2836.11 0)
(-86.3304 2759.56 0)
(854.594 1982.55 0)
(-25.6038 2887.19 0)
(117.759 2745.14 0)
(6.18379 935.932 0)
(-107.786 2749.42 0)
(328.114 2858.45 0)
(17.4504 72.8425 0)
(0.702858 2823.21 0)
(13.972 2850.25 0)
(28.7485 301.682 0)
(340.535 2808.53 0)
(446.002 2819.6 0)
(-85.1571 2759.08 0)
(-55.1296 2748.86 0)
(97.39 2783.16 0)
(-318.458 1587.19 0)
(173.216 2785.46 0)
(-146.61 2720.75 0)
(-62.3323 2709.19 0)
(142.707 2772.1 0)
(-32.7562 2746.69 0)
(-204.753 2829.72 0)
(26.9196 2763.02 0)
(-53.5495 2760.42 0)
(306.024 2681.7 0)
(-163.216 2798.95 0)
(126.784 2767.24 0)
(-24.489 2714.99 0)
(8.96255 2732.17 0)
(-8.31538 2866.04 0)
(-97.5138 2711.41 0)
(-40.1121 2788.35 0)
(-726.207 2777.69 0)
(258.045 2845.77 0)
(-539.536 2363.46 0)
(48.9676 2755.32 0)
(-73.6825 2831.81 0)
(8.70039 2834.05 0)
(-37.8698 2783.33 0)
(329.725 2815.78 0)
(469.532 2893.6 0)
(-1376.63 1064.26 0)
(300.995 2761.78 0)
(-182.468 2824.8 0)
(-41.9067 2582.58 0)
(63.4843 2759.82 0)
(-18.7613 212.403 0)
(957.8 2583.78 0)
(-39.0853 2769.32 0)
(-864.173 1914.47 0)
(-10.6083 1270.03 0)
(212.278 2706.6 0)
(392.145 2311.83 0)
(56.1804 330.692 0)
(-231.324 2823.23 0)
(-82.5298 2794.6 0)
(108.881 2738.76 0)
(-671.533 2847.78 0)
(-924.583 2420.61 0)
(525.426 2277.22 0)
(150.389 2789.87 0)
(33.74 2803.05 0)
(-59.4756 2753.99 0)
(-71.1847 2751.29 0)
(196.511 2725.35 0)
(-54.3066 2754.4 0)
(40.6892 2493.39 0)
(31.3664 2808.38 0)
(-39.4701 2749.53 0)
(-314.429 2830.04 0)
(-216.522 2819.16 0)
(16.478 535.014 0)
(-199.318 2757.58 0)
(-7.12817 2758.23 0)
(-96.0408 2776.49 0)
(-47.6534 2857.11 0)
(1562.57 1990.28 0)
(-357.899 2832.23 0)
(-242.283 2845.26 0)
(-390.005 2788.88 0)
(280.379 2781.05 0)
(-283.224 2809.29 0)
(-39.3148 2758.19 0)
(-79.6945 2832.73 0)
(-311.619 2794.24 0)
(-167.791 2766.22 0)
(-29.6002 2828.4 0)
(-315.551 2811.93 0)
(332.859 2610.32 0)
(275.05 2811.77 0)
(-535.391 2499.14 0)
(20.7553 2765.02 0)
(-300.667 2849.47 0)
(-1102.35 2758.7 0)
(-309.847 2812.71 0)
(181.683 2798.79 0)
(794.726 2796.09 0)
(-664.387 2858.95 0)
(-257.609 2816.92 0)
(-18.9289 2755.74 0)
(234.17 2792.13 0)
(994.508 1810.96 0)
(-710.965 2370.61 0)
(48.959 2718.83 0)
(62.3636 2791.4 0)
(-412.808 2822.85 0)
(24.1152 2742.05 0)
(-77.5806 2834.02 0)
(30.0925 2772.93 0)
(-250.297 2807 0)
(-78.2 2936.78 0)
(965.271 2493.88 0)
(52.0741 2778.69 0)
(-563.98 2831.22 0)
(-708.994 2816.59 0)
(-465.352 2870.34 0)
(53.4395 2536.74 0)
(278.146 2536.16 0)
(-247.028 2819.64 0)
(-106.865 2807.3 0)
(-348.049 2880.26 0)
(-707.721 2807.77 0)
(130.387 916.517 0)
(-71.1337 2783.83 0)
(109.997 2440.53 0)
(-707.022 2786.4 0)
(-719.988 2828.26 0)
(186.609 2672.65 0)
(-259.776 2790.26 0)
(-716.013 2787.65 0)
(-235.606 2856.9 0)
(32.6562 2797.75 0)
(-70.3222 2768.56 0)
(73.8875 2709.22 0)
(-556.077 2758.88 0)
(-252.03 2818.89 0)
(81.3928 2778.22 0)
(-417.774 2825.09 0)
(-249.344 2799.56 0)
(163.705 2764.51 0)
(-241.7 2810.96 0)
(-115.615 2795.26 0)
(-506.462 2865.77 0)
(-521.969 2863.48 0)
(-500.42 2858.47 0)
(-509.86 2887.77 0)
(-509.987 2871.54 0)
(-497.223 2780.99 0)
(-675.871 2825.59 0)
(-676.868 2827.11 0)
(-495.38 2852.53 0)
(-707.61 2782.76 0)
(-473.111 2823.66 0)
(-107.637 2890.01 0)
(-785.753 2914.58 0)
(-232.836 2799.59 0)
(-57.0258 2786.54 0)
(-724.758 2832.08 0)
(2021.35 868.718 0)
(-177.523 2825.76 0)
(-470.424 2774.05 0)
(47.1224 2748.86 0)
(-239.551 2743.82 0)
(-149.964 2665.63 0)
(-480.551 2830.18 0)
(-242.445 2801.28 0)
(-170.55 2794.57 0)
(-244.481 2804.01 0)
(828.949 2791.9 0)
(-742.732 2876.47 0)
(-20.9275 2744.55 0)
(180.041 2743.05 0)
(-130.889 2189.36 0)
(75.227 2826.28 0)
(-745.382 2874.17 0)
(-210.964 2805.72 0)
(-734.47 2850.9 0)
(-63.3241 1334.71 0)
(-420.332 2816.13 0)
(-469.573 2776.87 0)
(-70.1832 2768.3 0)
(-459.068 2840.11 0)
(-172.62 2840.87 0)
(-68.5326 2771.85 0)
(-122.233 483.722 0)
(23.1237 2745.15 0)
(102.912 2776.34 0)
(-252.006 2848.51 0)
(-765.66 2901.74 0)
(-618.091 2772.86 0)
(167.606 2775.82 0)
(-479.066 2853.1 0)
(-186.871 2805.9 0)
(-165.943 2835.38 0)
(26.2292 2806.09 0)
(-40.673 2723.26 0)
(-721.136 2794.06 0)
(21.9807 2791.94 0)
(151.529 2760.52 0)
(-189.654 2631.06 0)
(133.95 2724.73 0)
(-473.735 2775.69 0)
(-475.96 2796.8 0)
(-123.861 2643.75 0)
(-680.533 2833.01 0)
(-178.832 2833.82 0)
(127.852 2892.85 0)
(-773.205 2922.13 0)
(145.199 2531.04 0)
(176.938 2800.19 0)
(-818.556 2929.61 0)
(-793.906 2904.27 0)
(-666.489 2860.73 0)
(-187.099 2807.82 0)
(-29.0099 373.462 0)
(-256.212 2808.96 0)
(-1767.38 1700.37 0)
(305.718 2786.6 0)
(-621.618 2813.52 0)
(-227.312 2811.47 0)
(-83.5493 2753.62 0)
(1457.11 2124.99 0)
(-530.803 2706.12 0)
(-12.1695 2730.96 0)
(-143.655 735.352 0)
(-454.644 2810.65 0)
(-678.471 2831.22 0)
(-223.007 2792.61 0)
(-621.883 2800.24 0)
(854.7 2794.41 0)
(216.995 2790.47 0)
(-157.705 2850.05 0)
(-166.926 2761.23 0)
(-557.466 2831.43 0)
(596.494 2899.78 0)
(-529.067 2752.4 0)
(16.2927 2740.49 0)
(-544.867 2824.48 0)
(-620.404 2806.07 0)
(-464.375 2889.2 0)
(347.055 2839.54 0)
(-547.577 2836.64 0)
(-166.657 2909.18 0)
(-152.715 2811.55 0)
(-870.074 2435 0)
(266.891 2799.62 0)
(-619.726 2791.72 0)
(-538.945 2731.82 0)
(84.0216 2773.86 0)
(285.732 2538.26 0)
(-170.39 2808.85 0)
(-70.9375 2541.45 0)
(846.146 2290.51 0)
(-156.741 2663.48 0)
(-533.168 2748.54 0)
(146.802 2767.41 0)
(-123.506 2853.8 0)
(50.5761 2797.76 0)
(21.21 2743.92 0)
(-471.179 2794.5 0)
(-144.042 2704.9 0)
(-5.14678 74.6792 0)
(-614.89 2781.99 0)
(-114.797 2697.09 0)
(-188.054 2811.78 0)
(-554.837 2862.63 0)
(-674.043 2836.36 0)
(-44.0538 2798.34 0)
(-464.678 2790.26 0)
(-82.0688 2793.12 0)
(-536.716 2741.12 0)
(898.253 2649.31 0)
(-157.544 2725.86 0)
(-173.003 2777.34 0)
(-555.97 2739.94 0)
(269.314 2710.8 0)
(135.707 787.432 0)
(-540.193 2746.43 0)
(-615.765 2780.87 0)
(-137.066 2805.98 0)
(-613.106 2432.38 0)
(-112.646 2661.28 0)
(173.539 2797.55 0)
(-104.505 535.097 0)
(1564.6 2671.18 0)
(-130.319 2671.65 0)
(-158.869 2838.5 0)
(2441.33 1021.15 0)
(-150.427 2714.28 0)
(477.63 2834.71 0)
(529.516 2576.64 0)
(863.395 2677.88 0)
(-110.098 2790.82 0)
(25.4668 2563.85 0)
(348.19 2120.02 0)
(-555.785 2875.83 0)
(1416.2 2349.47 0)
(824.139 2790.89 0)
(13.1729 2773.33 0)
(-117.159 2406.07 0)
(-2.82957 2731.3 0)
(-1139.62 2783.01 0)
(20.0543 2833.01 0)
(-678.319 2843.59 0)
(-67.5431 2767.73 0)
(-615.332 2764.37 0)
(-542.032 2765.55 0)
(33.182 2767.26 0)
(-116.462 2788.51 0)
(-23.6404 2792.26 0)
(40.3042 1912.93 0)
(608.186 2913.38 0)
(-252.009 2822.08 0)
(-579.718 2816.06 0)
(-78.9074 2769.67 0)
(-599.756 2707.56 0)
(-18.2522 2797.02 0)
(838.533 2829.85 0)
(-64.0108 2764.53 0)
(225.984 2755.75 0)
(-127.509 2793.1 0)
(201.611 2724.63 0)
(905.927 2113.29 0)
(-1.99536 2759.61 0)
(-107.475 2774.35 0)
(168.092 2579.62 0)
(-460.245 1885.99 0)
(-167.242 2746.52 0)
(-124.513 2859.74 0)
(1962.92 1810.44 0)
(-846.412 511.825 0)
(712.201 1990.84 0)
(51.7037 2911.31 0)
(-108.823 2842.64 0)
(18.7156 2856.32 0)
(-595.121 2692.89 0)
(-1155.2 1908.96 0)
(-558.169 2854.78 0)
(16.1969 486.032 0)
(-603.341 2733.13 0)
(350.994 2832.17 0)
(-886.262 2417.33 0)
(-60.6234 2465.23 0)
(98.3689 2690.86 0)
(117.355 2770.66 0)
(-104.145 2766.13 0)
(-30.4539 2758.86 0)
(-27.9388 333.605 0)
(42.185 2751.44 0)
(-564.205 2804.32 0)
(-541.472 2913.52 0)
(-625.386 2649.51 0)
(138.693 2752.42 0)
(-27.9834 2719.47 0)
(887.789 2647.12 0)
(482.863 2810.88 0)
(70.1415 2798.86 0)
(-98.2473 2771.83 0)
(3.07762 2760.18 0)
(-432.729 2867.13 0)
(-674.247 2835.84 0)
(69.38 2781.75 0)
(-177.194 2626.39 0)
(483.44 2149.07 0)
(71.1418 2784.82 0)
(-171.332 2820.21 0)
(-983.799 2688.66 0)
(24.8452 2821.24 0)
(51.1227 2763.57 0)
(-87.2845 2764.53 0)
(-59.7543 2706.38 0)
(-623.667 2807.32 0)
(-7.75743 1888.08 0)
(-98.8103 2753.72 0)
(59.0111 2716.6 0)
(-22.2232 2785.53 0)
(-99.8829 2761.51 0)
(-112.97 2757.44 0)
(-589.29 2643.13 0)
(-560.803 2785.43 0)
(-20.6432 2766.72 0)
(844.306 2661.2 0)
(-3.79021 2743.73 0)
(-72.6673 2747.54 0)
(47.2398 2805.31 0)
(54.9207 2792.9 0)
(50.9907 2797.84 0)
(4.2176 408.417 0)
(-19.6387 2761.45 0)
(65.5911 2805.02 0)
(-618.797 2735.93 0)
(-543.853 2828.1 0)
(49.873 2775.27 0)
(-12.7876 2742.78 0)
(-196.868 2641.66 0)
(284.682 2575.2 0)
(-258.951 2831.86 0)
(-55.1123 850.101 0)
(54.9619 2785.22 0)
(55.3302 2783.8 0)
(-114.489 2764.35 0)
(-303.223 2825.6 0)
(-210.12 2821.49 0)
(-400.025 2550.53 0)
(51.0519 2804.58 0)
(-356.361 2819.57 0)
(-330.674 2828.59 0)
(-543.618 2751.76 0)
(-217.952 2826.91 0)
(-541.661 2822.22 0)
(-90.6601 2796.53 0)
(16.7227 796.154 0)
(-20.0092 2759.88 0)
(-25.1861 2768.53 0)
(-516.538 2834.58 0)
(-207.39 2815.02 0)
(55.769 2774.9 0)
(85.2303 2781.32 0)
(13.1533 967.047 0)
(48.756 2749.77 0)
(-568.499 2775.52 0)
(-9.62188 2743.74 0)
(57.0963 2753.07 0)
(-97.3539 2783.39 0)
(40.1264 2863.68 0)
(-62.7672 2762.81 0)
(-56.432 2826.06 0)
(161.563 2757.88 0)
(-75.9338 2860.52 0)
(-76.0184 2821.59 0)
(-67.3373 2712.06 0)
(-12.6789 1485.77 0)
(5.66198 2730.51 0)
(-502.655 2814.25 0)
(870.973 2739.75 0)
(-103.826 2742.46 0)
(74.1632 2763.77 0)
(-129.316 2679.38 0)
(-11.4454 2736.13 0)
(-33.3049 2752.13 0)
(-38.7838 2711.22 0)
(-100.531 2825.6 0)
(-108.641 2749.85 0)
(1793.18 1715.65 0)
(6.53287 453.547 0)
(-289.184 2808.69 0)
(-1100.65 2782.42 0)
(84.8249 2604.07 0)
(-573.868 2874.1 0)
(317.65 2664.72 0)
(202.65 2716.25 0)
(-124.235 2793.27 0)
(-29.2502 2757.91 0)
(-230.714 2634.94 0)
(80.2218 2711.31 0)
(89.8244 2792.48 0)
(17.9418 2768.31 0)
(-127.022 2790.41 0)
(-301.626 2822.17 0)
(-180.787 2810.1 0)
(-601.492 2694.17 0)
(-651.148 2785.73 0)
(-96.2418 2541.28 0)
(385.756 2941.16 0)
(147.525 2820.53 0)
(-216.939 725.972 0)
(-54.5563 2708.73 0)
(-205.177 2639.92 0)
(1027.6 2726.83 0)
(-3.34376 2777.06 0)
(349.954 2176.88 0)
(-30.7712 2800.96 0)
(-15.2987 2751.55 0)
(157.305 2680.78 0)
(57.1312 2758.08 0)
(-31.1281 2777.28 0)
(0.158291 2746.1 0)
(51.8968 2742.91 0)
(873.019 2654.59 0)
(-331.218 2811.37 0)
(64.9543 2703.17 0)
(85.9132 2701.85 0)
(480.111 2672.01 0)
(29.4082 2811.95 0)
(-80.0538 2712.09 0)
(-433.449 2540.41 0)
(-555.534 2786.27 0)
(-144.316 2815.18 0)
(-337.062 2824.31 0)
(-22.8539 100.209 0)
(536.377 2337.14 0)
(-37.3954 2759.85 0)
(46.9299 2735.65 0)
(844.251 2630.94 0)
(306.387 2883.17 0)
(34.0214 2715.42 0)
(124.478 2591.16 0)
(319.927 2898.17 0)
(252.745 2758.9 0)
(-195.749 2852.97 0)
(-25.7975 306.412 0)
(128.636 2851.32 0)
(-49.4154 2963.07 0)
(-130.274 2816.57 0)
(-79.6578 2728.13 0)
(-468.305 2538.55 0)
(189.848 2678.93 0)
(43.1786 2815.17 0)
(-55.7792 2796.56 0)
(-961.662 651.281 0)
(-725.727 2197.36 0)
(-93.2041 2782.47 0)
(253.793 2794.26 0)
(140.451 2660.44 0)
(45.4271 2723.47 0)
(-26.9938 2802.62 0)
(37.0594 2749.52 0)
(1684.75 2016.44 0)
(149.397 2784.88 0)
(-33.3354 2813.59 0)
(20.7688 2723.05 0)
(-101.294 2840.9 0)
(-91.8025 2696.92 0)
(231.711 2549.1 0)
(214.802 2895.41 0)
(-1811.67 2002.84 0)
(-1492.91 2299.9 0)
(107.612 2673.27 0)
(-58.1137 2755.3 0)
(770.939 2723.69 0)
(-21.2918 336.616 0)
(243.99 2876.05 0)
(-604.341 2706.2 0)
(260.576 2619.24 0)
(199.73 2729.64 0)
(80.3778 2691.76 0)
(-141.882 2671.64 0)
(481.854 2762.65 0)
(905.041 2661.16 0)
(789.774 2808.47 0)
(115.333 419.106 0)
(53.2158 2728.46 0)
(165.627 2837.53 0)
(82.5123 893.483 0)
(-1209.47 1760.59 0)
(-195.402 790.564 0)
(-546.924 2478.94 0)
(257.688 2598.37 0)
(11.9765 2731.42 0)
(49.2054 2809.5 0)
(4.08045 2731.32 0)
(377.836 2830.1 0)
(20.2825 2757.62 0)
(120.68 2683.59 0)
(-180.584 2647.22 0)
(-513.051 2828.66 0)
(890.341 2653.74 0)
(128.76 2796.03 0)
(52.0052 821.214 0)
(157.38 2661.54 0)
(814.64 2570.23 0)
(-115.795 2777.1 0)
(804.823 2769.49 0)
(64.3335 552.062 0)
(-354.524 2832.15 0)
(1024.09 2448.12 0)
(-62.6266 2797.86 0)
(-109.825 2775.69 0)
(698.765 2909.57 0)
(-1109.67 2780.25 0)
(438.691 2827.56 0)
(-513.488 2832.26 0)
(-443.642 2835.2 0)
(203.847 2734.85 0)
(77.5787 973.943 0)
(265.937 2811.78 0)
(264.799 2754.15 0)
(181.228 2860.2 0)
(-218.415 2861.63 0)
(1891.39 1883.37 0)
(28.9742 2810.89 0)
(-16.0575 2744.47 0)
(-35.5166 2590.57 0)
(47.9915 518.801 0)
(239.073 2579.93 0)
(68.7124 2799.28 0)
(8.86323 503.174 0)
(178.804 2729.99 0)
(781.97 1924.75 0)
(771.529 2783.29 0)
(-50.7539 2891.84 0)
(181.294 2924.78 0)
(207.398 2609.04 0)
(36.8844 461.139 0)
(-37.4517 823.402 0)
(108.999 2800.41 0)
(-3.99399 2819.86 0)
(-579.749 2671.1 0)
(-731.629 2233.76 0)
(-253.011 2616.46 0)
(28.1843 459.023 0)
(-9.26654 2715.07 0)
(163.671 2670.37 0)
(844.823 2148.51 0)
(-12.9068 2712.89 0)
(533.76 2172.88 0)
(313.504 2836.92 0)
(-19.4403 308.237 0)
(310.658 2525.64 0)
(-27.7031 2721.31 0)
(-91.018 2740.36 0)
(43.3866 2701.88 0)
(-116.136 2670.78 0)
(-157.748 2676.09 0)
(229.683 2778.96 0)
(-228.626 2624.93 0)
(196.592 2627.58 0)
(-563.205 2814.11 0)
(527.239 2807.29 0)
(32.2293 2817.75 0)
(-1094.46 2426.76 0)
(482.549 2417.82 0)
(-313.027 2573.16 0)
(435.223 2852.97 0)
(719.111 2422.19 0)
(341.361 2808.27 0)
(-340.181 2588.59 0)
(-466.232 2884.12 0)
(322.56 2729.11 0)
(-356.152 2574.06 0)
(-91.2049 2504.79 0)
(324.811 2765.34 0)
(152.015 2763.16 0)
(-155.507 2664.25 0)
(-284.699 2598.92 0)
(273.557 2571.43 0)
(1097.71 2665.17 0)
(-10.2648 2826.59 0)
(2.70807 909.909 0)
(539.816 2944.52 0)
(-612.205 2765.36 0)
(-41.0231 2798.05 0)
(721.356 2392.72 0)
(-485.695 2859.21 0)
(485.758 2731.06 0)
(243.736 2826.38 0)
(32.9682 414.889 0)
(-120.001 2685.57 0)
(825.821 2808.69 0)
(-757.75 2208.52 0)
(127.717 2764.57 0)
(157.23 2657.99 0)
(908.358 2670.67 0)
(60.8723 2730.43 0)
(-7.20823 804.92 0)
(95.9961 618.762 0)
(-1.3948 2748.15 0)
(846.784 2764.03 0)
(587.459 2352.18 0)
(-1223.86 2211.29 0)
(-583.9 2761.78 0)
(932.272 2682.9 0)
(583.908 2805.59 0)
(-344.17 2835.73 0)
(842.466 2807.86 0)
(6.06736 2731.86 0)
(339.5 2867.35 0)
(573.003 2437.47 0)
(-698.257 1704 0)
(24.4783 413.759 0)
(-190.574 2631.98 0)
(160.415 1129.6 0)
(518.637 2372.59 0)
(315.371 2560.82 0)
(515.514 2663.12 0)
(6.62841 1328.61 0)
(-586.445 2702.25 0)
(-187.22 2658.97 0)
(754.811 2806.1 0)
(-1030.99 2194.25 0)
(-162.849 2655.17 0)
(-366.634 2176.52 0)
(-7.59041 580.396 0)
(-548.668 2773.89 0)
(-333.785 2582.75 0)
(1279.48 2488.38 0)
(974.883 2783 0)
(1203.9 2270.96 0)
(272.008 2544.52 0)
(271.659 2521.4 0)
(-994.497 2814.57 0)
(381.583 2765.44 0)
(-215.02 2635.4 0)
(-118.702 2675.47 0)
(-390.129 2842.33 0)
(26.4535 98.8468 0)
(813.722 2687.16 0)
(-448.57 2828.12 0)
(-41.7546 2874.72 0)
(-427.276 2542.88 0)
(802.764 2781.39 0)
(-12.671 97.4488 0)
(690.809 2327.08 0)
(-613.002 2529.14 0)
(1086.7 2497.01 0)
(-60.3334 2830.45 0)
(116.485 2804.79 0)
(-96.6519 2757.08 0)
(-51.312 2707.43 0)
(-528.33 2791.08 0)
(-493.983 2653.02 0)
(1462.1 2168.17 0)
(751.463 2803.76 0)
(164.711 2171.04 0)
(-29.7767 2738.67 0)
(979.381 2887.42 0)
(844.172 2864.46 0)
(-272.162 2629.47 0)
(386.633 2496.48 0)
(103.542 2798.29 0)
(-115.757 2670.93 0)
(-155.004 2673.78 0)
(-646.794 2290.9 0)
(-652.23 2747.44 0)
(-10.2137 99.3945 0)
(-719.654 2786.31 0)
(934.109 2693.13 0)
(-98.0992 2789.83 0)
(349.863 2394.06 0)
(1092.06 2708.92 0)
(-42.3255 2757.32 0)
(540.138 322.267 0)
(47.0951 2744.62 0)
(-38.9459 1008.07 0)
(-621.438 2773.64 0)
(-98.6461 2785.39 0)
(194.422 2733.1 0)
(-51.7869 2709.54 0)
(46.8164 2810.6 0)
(-71.2878 2702.16 0)
(-534.199 2779.82 0)
(804.716 2780.72 0)
(3.32235 2862.78 0)
(-39.8907 2726.83 0)
(810.248 2759.28 0)
(-531.901 2844.79 0)
(-17.8183 251.19 0)
(749.698 2793.24 0)
(578.502 2132.46 0)
(-3.92524 2737.66 0)
(201.891 2681.12 0)
(9.19647 2762.96 0)
(-77.8231 2798.02 0)
(658.066 2046.78 0)
(21.5511 2919.45 0)
(-131.677 2707.62 0)
(-536.447 2735.41 0)
(397.403 2496.89 0)
(-584.659 2669.33 0)
(-196.966 2680.44 0)
(-946.488 2528.74 0)
(0.665803 2739.59 0)
(200.655 2830.49 0)
(539.745 2034.43 0)
(51.2345 2560.7 0)
(-640.053 2697.11 0)
(-215.355 2642.01 0)
(19.7668 2857.03 0)
(-35.3725 2752.93 0)
(-211.373 821.054 0)
(228.524 2866.91 0)
(-998.538 2529.9 0)
(-900.921 2830.36 0)
(-78.2224 2700.49 0)
(-516.263 2770.55 0)
(523.194 2757.17 0)
(988.794 2772.96 0)
(249.926 2875.41 0)
(63.6596 2814.3 0)
(33.2459 2793.97 0)
(9.49694 2771.32 0)
(34.0029 2809.77 0)
(-96.2949 2758.15 0)
(470.375 2784.23 0)
(-293.952 2526.78 0)
(797.487 2894.2 0)
(-99.0405 2778.7 0)
(336.341 2609.54 0)
(30.8588 2811.83 0)
(26.5308 2808.1 0)
(-2.25828 606.941 0)
(189.078 2729.92 0)
(609.338 2764.26 0)
(29.851 2804.92 0)
(127.131 2783.31 0)
(33.1322 2802 0)
(696.695 2754.89 0)
(194.033 2733.5 0)
(533.503 2406.67 0)
(29.5279 2800.75 0)
(133.815 2776.54 0)
(180.538 2609.95 0)
(-780.493 2689.03 0)
(-50.0717 2807.4 0)
(-855.225 2413.91 0)
(-35.614 2760.11 0)
(-690.547 2757.15 0)
(650.779 2654.63 0)
(33.0482 2803.34 0)
(-127.474 2755.65 0)
(953.352 2735.4 0)
(66.8957 2779.82 0)
(-132.706 2758.01 0)
(35.495 1278.72 0)
(-673.858 2649.94 0)
(33.0211 2796.62 0)
(51.1795 2759.05 0)
(-75.9753 2737.52 0)
(-129.329 2767.04 0)
(144.348 2788.03 0)
(198.659 2717.69 0)
(1600.63 1908.05 0)
(203.44 2876.08 0)
(37.7806 2787.54 0)
(35.6677 2792.11 0)
(15.7898 2803.67 0)
(-135.67 2745.47 0)
(-16.1952 229.208 0)
(-135.086 2632.41 0)
(-97.5237 2748.54 0)
(225.553 2801.73 0)
(-108.86 2741.71 0)
(0.0703193 2709.07 0)
(190.981 2713.29 0)
(768.553 2824.02 0)
(32.3879 2773.4 0)
(155.062 2792 0)
(-34.5768 2756.57 0)
(80.9331 2755.93 0)
(1361.13 2447.02 0)
(120.747 2765.19 0)
(121.803 2783.89 0)
(216.446 2582.33 0)
(137.284 2783.01 0)
(851.94 2820.18 0)
(28.1755 2781.35 0)
(828.708 2875.68 0)
(4.60822 2736.79 0)
(94.1661 2752.05 0)
(504.073 2391.34 0)
(-718.142 2582 0)
(130.908 2770.43 0)
(-79.9448 2700.75 0)
(468.149 2667.27 0)
(-493.271 2372.21 0)
(93.019 413.821 0)
(-71.3704 2779.14 0)
(197.976 2768.9 0)
(-739.606 2743.66 0)
(-7.72327 100.684 0)
(120.198 2764.54 0)
(39.709 2783.92 0)
(-60.7686 2767.34 0)
(563.097 2099.86 0)
(-67.0079 2768.48 0)
(487.523 2649.59 0)
(-845.133 2646.18 0)
(-909.784 2598.05 0)
(70.6712 2739.51 0)
(38.0971 2771.17 0)
(-73.2062 2769.24 0)
(35.8882 2767.77 0)
(-75.0031 2769.96 0)
(-773.437 2697.77 0)
(-230.078 2701.53 0)
(-65.0599 2767.61 0)
(48.0917 2743.37 0)
(82.9448 2734.55 0)
(24.185 856.098 0)
(-516.325 2773.16 0)
(88.747 598.524 0)
(242.261 2825.02 0)
(747.832 2612.15 0)
(88.5325 2764.43 0)
(-1010.29 1958.07 0)
(41.0281 2783.01 0)
(-142.203 2802.22 0)
(-253.477 2876.33 0)
(-50.2626 2820.54 0)
(0.994335 2741.22 0)
(120.432 2592.13 0)
(494.994 2155.58 0)
(-252.031 2873.75 0)
(-596.656 2903 0)
(78.6291 866.902 0)
(42.7743 2721.62 0)
(30.6271 2754.96 0)
(32.5944 2757.72 0)
(187.858 2850.19 0)
(-45.0411 2761.07 0)
(60.9628 2761.16 0)
(30.3111 2815.62 0)
(100.523 2652.69 0)
(-130.328 2674.4 0)
(46.1547 2818.79 0)
(-53.1053 1838.14 0)
(526.014 2624.41 0)
(-537.283 2636.43 0)
(-649.11 2674.87 0)
(1149.65 2754.82 0)
(-804.286 1895.05 0)
(44.392 2755.1 0)
(19.3716 2743.89 0)
(764.362 2653.77 0)
(-41.6946 2741.42 0)
(77.956 984.394 0)
(172.805 2848.7 0)
(859.926 2884.51 0)
(18.6275 2735.73 0)
(25.6887 290.474 0)
(32.177 2755.68 0)
(899.454 2467.02 0)
(-19.2336 477.741 0)
(-184.623 674.596 0)
(-174.063 2814.25 0)
(-220.656 2866.26 0)
(208.581 3006.86 0)
(-552.798 2714.34 0)
(1251.18 1828.57 0)
(-95.1479 2906.43 0)
(-125.769 2776.51 0)
(18.8416 2730.14 0)
(31.0678 2753.61 0)
(-888.786 2815.56 0)
(1117 1736.14 0)
(-18.6234 2744.1 0)
(-792.551 2358.4 0)
(-936.278 2048.67 0)
(1304.93 2316.96 0)
(807.833 2772.84 0)
(132.403 3005.54 0)
(-417.662 2894.91 0)
(-199.489 765.861 0)
(552.34 2365.62 0)
(21.3734 2745.4 0)
(-39.1668 2706.86 0)
(188.368 2736.11 0)
(-176.277 2821.05 0)
(20.455 2788.31 0)
(-221.391 2632.77 0)
(-192.437 2716.04 0)
(120.926 980.258 0)
(-25.9844 644.425 0)
(-357.715 2467.89 0)
(-721.425 2880.62 0)
(-102.233 2797.17 0)
(21.2236 2745.65 0)
(-23.6173 2809.78 0)
(64.9617 2820.84 0)
(-7.64661 2797.51 0)
(775.268 1928.96 0)
(-274.08 2820.23 0)
(181.46 2632.81 0)
(57.0452 2795.31 0)
(-122.618 2777.37 0)
(-11.1952 2738.3 0)
(-290.777 2723.5 0)
(-723.889 2236.17 0)
(3.55636 2732.05 0)
(-13.6171 184.714 0)
(-175.938 2656.04 0)
(-97.6549 2787.62 0)
(1031.27 2806.47 0)
(43.1283 2759.97 0)
(723.855 2269.47 0)
(-337.113 2812.11 0)
(-173.142 2817.5 0)
(668.845 2479.06 0)
(-314.793 2432.58 0)
(62.6874 2828.46 0)
(458.895 2906.63 0)
(184.386 2735.83 0)
(49.4625 2720.81 0)
(-9.06426 862.541 0)
(-462.928 2951.09 0)
(18.3794 2729.19 0)
(9.02389 110.925 0)
(197.276 2636.16 0)
(51.5758 2812.69 0)
(-340.318 2806.41 0)
(29.2193 2729.04 0)
(-18.2189 143.998 0)
(-30.3356 658.613 0)
(1220.94 2716.42 0)
(-5.8935 904.194 0)
(-21.6652 141.922 0)
(403.105 2516.92 0)
(205.858 2637.58 0)
(-14.6772 145.865 0)
(-43.1746 310.821 0)
(-196.538 2644.37 0)
(-59.3018 2727.48 0)
(-376.723 2799.84 0)
(-255.261 2779.62 0)
(225.71 2883.83 0)
(36.7738 151.884 0)
(31.2812 2901.36 0)
(-48.5895 235.198 0)
(984.677 2789.09 0)
(184.535 2833.98 0)
(-711.914 2567.57 0)
(316.07 2892.22 0)
(142.323 2745.71 0)
(-134.416 2666.95 0)
(-63.7007 2704.38 0)
(104.607 2800.57 0)
(-10.2143 129.87 0)
(23.7891 260.269 0)
(1116.79 2380.6 0)
(-35.3265 837.509 0)
(-241.401 2826.33 0)
(61.5845 2812.07 0)
(759.664 2817.77 0)
(-14.6682 2811.53 0)
(655.55 2164.75 0)
(-141.858 2849.08 0)
(-98.5726 578.883 0)
(811.392 2471.29 0)
(55.2913 2721.51 0)
(-563.288 2691.17 0)
(-184.169 2702.26 0)
(-305.199 2786 0)
(647.357 2049.64 0)
(-442.744 2442.75 0)
(-283.581 2805.63 0)
(-646.849 2299.72 0)
(-541.359 2695.73 0)
(743.088 2800.8 0)
(-235.473 2826.17 0)
(-297.785 2760.65 0)
(80.71 2708.96 0)
(1677.91 1597.25 0)
(136.743 2976.67 0)
(-49.645 828.935 0)
(-58.2951 2849.5 0)
(-49.1975 842.44 0)
(-251.26 2825.85 0)
(-428.584 3050.42 0)
(-211.466 2788.28 0)
(59.0378 2718.09 0)
(1565.63 1991.42 0)
(818.967 2721.02 0)
(58.3395 236.172 0)
(789.658 1909.34 0)
(-714.178 2761.86 0)
(124.537 2783.21 0)
(-29.6876 2862.84 0)
(551.457 2482.09 0)
(344.507 2338.99 0)
(940.683 2604.73 0)
(94.4274 2700.81 0)
(-320.214 2736.89 0)
(27.606 2743.07 0)
(98.9728 2694.35 0)
(-176.444 2820.91 0)
(-61.5258 2712.26 0)
(-58.5858 2754.93 0)
(-57.7598 236.96 0)
(-11.0013 147.719 0)
(-496.148 2686.26 0)
(-435.32 2599.8 0)
(132.532 2388.36 0)
(213.363 2839.98 0)
(50.4721 2739.78 0)
(-18.6004 2733.92 0)
(-11.5106 556.09 0)
(971.488 2629.17 0)
(-208.537 2780.16 0)
(834.918 2769 0)
(-756.556 2805.44 0)
(1079.64 2031.33 0)
(-746.66 2806.26 0)
(-14.165 2721.4 0)
(1033.76 2740.99 0)
(129.874 2898.58 0)
(-933.136 2592.85 0)
(-816.92 2687 0)
(832.534 2787.05 0)
(499.841 2056.99 0)
(-41.3954 2802.74 0)
(221.897 749.627 0)
(-701.4 2746.66 0)
(-9.4702 111.058 0)
(133.95 2894.97 0)
(122.729 2693.38 0)
(109.565 2712.12 0)
(58.4504 2743.3 0)
(-641.859 2631.07 0)
(144.011 2863.72 0)
(-24.5739 290.342 0)
(1973.19 855.153 0)
(-161.208 2590.57 0)
(45.8527 799.986 0)
(193.221 2710.32 0)
(35.8507 2365.71 0)
(121.86 2766.17 0)
(-235.325 2824.73 0)
(-1357.18 2728.44 0)
(-2017.81 1318.56 0)
(-972.401 2569.71 0)
(108.718 2851.8 0)
(-13.4815 2746.93 0)
(124.802 2703.28 0)
(752.63 2240.93 0)
(760.358 2894.43 0)
(349.472 2532.26 0)
(-17.3858 531.129 0)
(234.953 2695.25 0)
(-1046.38 2790.83 0)
(239.619 2717.31 0)
(116.827 2546.59 0)
(-75.906 2710.38 0)
(-692.234 2873.33 0)
(1459.72 2127.69 0)
(156.864 750.242 0)
(-38.8564 2718.13 0)
(151.101 2683.65 0)
(333.228 2520.07 0)
(-337.412 2588.12 0)
(440.52 2722.77 0)
(26.4045 2807.74 0)
(-165.097 749.669 0)
(-130.991 2756.5 0)
(155.525 2682.63 0)
(-1068.71 2787.45 0)
(189.575 2693.11 0)
(29.9833 2800.58 0)
(-40.0397 191.55 0)
(165.333 2918.99 0)
(86.2504 2819.77 0)
(183.267 2882.18 0)
(-42.4695 2759.81 0)
(132.014 898.617 0)
(346.398 2535.11 0)
(-1.75402 2739.66 0)
(29.9613 2804.93 0)
(168.143 2834.97 0)
(535.882 2411.89 0)
(489.085 2137.98 0)
(1009.53 2792.6 0)
(201.478 2713.43 0)
(-530.647 2423.42 0)
(-866.765 2642.75 0)
(125.034 2774.97 0)
(164.399 2860.07 0)
(777.01 2816.28 0)
(463.296 2846.31 0)
(-182.189 2814.94 0)
(262.831 2238.53 0)
(355.1 2983.22 0)
(-68.0194 2716.68 0)
(144.694 2792.37 0)
(-123.94 626.536 0)
(-93.0707 2905.79 0)
(183.024 2677.56 0)
(-48.9194 2795.51 0)
(36.3742 2628.39 0)
(38.3724 2786.89 0)
(32.6466 2796.44 0)
(104.448 2805.43 0)
(-532.966 2434.65 0)
(2383.06 1000.11 0)
(-120.907 2678.16 0)
(-321.306 2568.05 0)
(-521.726 2631.12 0)
(-774.207 2698.1 0)
(-14.9214 2760.63 0)
(-117.065 2681.11 0)
(-295.61 2586.74 0)
(-205.186 2784.33 0)
(230.897 3017.65 0)
(-228.72 2597.5 0)
(34.1501 2772.96 0)
(137.957 2776.79 0)
(438.978 2815.72 0)
(-55.8785 2739.07 0)
(-140.775 2848.94 0)
(810.278 1904.23 0)
(-54.107 2862.15 0)
(441.395 2815.84 0)
(-63.6508 2776.61 0)
(160.603 2797.75 0)
(-382.277 2796.52 0)
(28.1711 2780.98 0)
(-58.2812 2768.91 0)
(-52.1058 515.833 0)
(-69.9855 2783.62 0)
(187.936 2680.49 0)
(-10.116 1946.46 0)
(-227.878 2621.71 0)
(-72.9541 2770.17 0)
(-690.872 2756.9 0)
(630.416 2877.27 0)
(381.249 2493.38 0)
(236.293 2842.15 0)
(381.469 2489.09 0)
(-979.935 2612.08 0)
(87.8266 2781.89 0)
(-42.4796 2750.66 0)
(100.369 2763.09 0)
(-1332.04 2343.24 0)
(-1666.83 1687.57 0)
(800.062 2775.01 0)
(198.217 2725.37 0)
(244.415 2772.21 0)
(204.138 2834.82 0)
(-140.098 1095.94 0)
(2.55036 2740.69 0)
(194.167 2698.57 0)
(46.4869 2667.78 0)
(-623.992 2774.79 0)
(578.54 1975.56 0)
(-384.656 2755.62 0)
(194.788 2739.53 0)
(754.664 2778.83 0)
(-18.6975 2834.94 0)
(-16.0179 1949.12 0)
(106.693 2453.01 0)
(-19.6625 1696.53 0)
(192.456 2715.43 0)
(-80.6611 1524.58 0)
(-159.744 2612.98 0)
(375.718 2971.05 0)
(36.7008 135.169 0)
(-312.633 2801.48 0)
(509.521 2424.8 0)
(186.991 2748.34 0)
(183.18 2754.14 0)
(-630.944 2467.85 0)
(-327.074 2572.46 0)
(93.4713 2617.03 0)
(-108.726 2687.83 0)
(65.282 2791.35 0)
(31.5507 2755.96 0)
(391.277 2490.38 0)
(610.062 1721.54 0)
(-50.421 459.29 0)
(-11.9226 2759.98 0)
(775.142 2724.2 0)
(-510.061 2669.63 0)
(1047.01 2990.99 0)
(64.1782 2789.82 0)
(-83.032 1995.92 0)
(33.6458 2756.4 0)
(755.79 2799.11 0)
(-242.3 2557.56 0)
(765.714 2773.33 0)
(-117.044 2232.73 0)
(-212.573 2652.87 0)
(-762.994 2546.93 0)
(76.9766 2775.78 0)
(-223.871 2570.44 0)
(745.605 2789.62 0)
(-61.4959 517.234 0)
(195.689 2685.28 0)
(33.7546 3014.33 0)
(323.292 2193.25 0)
(183.266 2819.6 0)
(178.225 2746.54 0)
(-212.405 2606.71 0)
(-827.559 2837.24 0)
(-1910.85 1841.98 0)
(30.7002 2719.67 0)
(-375.576 2798.7 0)
(792.952 1906.23 0)
(158.39 2605.91 0)
(-507.879 2934.47 0)
(-863.793 2819.5 0)
(-257.791 3002.8 0)
(825.414 2849.03 0)
(1003.67 2630.05 0)
(-198.979 1983.61 0)
(-8.28758 1581.45 0)
(-249.323 2606.69 0)
(769.186 2637.34 0)
(-70.5005 2375.69 0)
(-32.7859 889.497 0)
(1175.44 1914.79 0)
(94.1673 2603.73 0)
(1305.8 2332.46 0)
(-274.08 2819.8 0)
(-866.805 2834.19 0)
(43.8442 1105.08 0)
(-416.276 2956.76 0)
(-9.43273 2346.33 0)
(78.3401 2695.42 0)
(-866.345 2836.4 0)
(-1697.33 2143.18 0)
(-159.318 2256.8 0)
(310.069 2626.13 0)
(35.6856 582.528 0)
(20.8047 2742.37 0)
(-127.913 2782.39 0)
(990.343 2610.54 0)
(126.189 2795.57 0)
(-485.441 2442.75 0)
(16.5338 2571.91 0)
(-336.952 1896.46 0)
(453.893 2427.02 0)
(1015.59 2659.63 0)
(218.112 2769.7 0)
(74.0984 2877.7 0)
(-60.4309 459.879 0)
(-495.899 2461.02 0)
(13.9863 475.91 0)
(485.052 2418.64 0)
(756.046 2803.93 0)
(259.836 2746.95 0)
(95.3237 2679.93 0)
(-16.057 2792.72 0)
(967.566 2831.56 0)
(195.145 2705.3 0)
(429.265 2450.56 0)
(39.3445 907.537 0)
(-429.035 2858.88 0)
(-930.728 2692.9 0)
(-31.2447 2820.12 0)
(2377 1084.15 0)
(337.518 2523.47 0)
(-63.7178 2749.08 0)
(350.441 2825.04 0)
(783.812 1916.84 0)
(-185.958 2230.87 0)
(-59.6541 1133.42 0)
(-49.7832 2808.97 0)
(457.679 2439.03 0)
(930.773 2787.99 0)
(-234.251 2207.21 0)
(-867.153 2518.21 0)
(-191.417 2818.27 0)
(120.561 2607.96 0)
(258.549 2781.98 0)
(498.607 2406.82 0)
(118.806 2887.49 0)
(47.0331 2817.07 0)
(-306.649 2440.25 0)
(744.541 2799.52 0)
(552.895 2420.29 0)
(-197.444 999.108 0)
(224.113 2544.04 0)
(245.701 2737.77 0)
(26.0513 726.825 0)
(161.826 2744.74 0)
(-120.185 2689.4 0)
(-338.768 2808.7 0)
(-494.417 2557.31 0)
(54.6261 2721.9 0)
(714.427 2687.37 0)
(-302.251 2645.35 0)
(-83.6417 2801.76 0)
(-297.728 2759.81 0)
(-496.594 2941.31 0)
(115.9 2685.28 0)
(-189.118 2642.87 0)
(-633.834 2329.69 0)
(-114.504 2797.26 0)
(24.7934 2832.48 0)
(316.527 2778.42 0)
(234.943 2517.7 0)
(21.5701 2727.05 0)
(1628.11 1816.77 0)
(-367.853 2543.22 0)
(225.399 2628.24 0)
(761.038 2894.87 0)
(-386.848 115.737 0)
(-710.361 2273.54 0)
(-635.12 2521.04 0)
(452.643 2435.99 0)
(-21.0218 467.268 0)
(-22.1545 2811.3 0)
(46.9504 2816.87 0)
(-692.98 2332.18 0)
(-346.985 2723.07 0)
(80.7934 2507.04 0)
(-2112.85 1317.69 0)
(1606.85 2310.24 0)
(376.118 2484.45 0)
(-21.5444 110.875 0)
(-62.506 833.392 0)
(-222.652 2658.34 0)
(279.243 2646.17 0)
(-651.228 2291.06 0)
(3.07852 642.763 0)
(-43.9317 3019.27 0)
(-89.2847 2797.16 0)
(-493.445 2626.84 0)
(-304.698 2808.83 0)
(154.093 895.85 0)
(471.782 2340.92 0)
(855.259 1799.9 0)
(95.1815 2702.22 0)
(-134.986 2799.78 0)
(-66.4149 2835.69 0)
(-95.966 2776.74 0)
(223.112 900.361 0)
(-884.796 2882.17 0)
(-802.782 2855.34 0)
(12.4077 105.625 0)
(-479.498 2519.61 0)
(-34.4772 2296.65 0)
(239.572 2731.01 0)
(-160.723 2664.75 0)
(-595.138 2493.44 0)
(-4.88068 1105.69 0)
(106.563 1018.92 0)
(-73.4126 2709.3 0)
(602.888 2933.66 0)
(761.38 2648.4 0)
(-35.0491 2796.44 0)
(10.4383 2742.02 0)
(-172.815 2665.64 0)
(759.869 2831.78 0)
(-1914.66 683.503 0)
(136.435 2789.16 0)
(-422.312 2933.12 0)
(134.484 2777 0)
(-252.323 2537.99 0)
(147.333 2773.9 0)
(706.504 2722.21 0)
(27.7794 423.688 0)
(267.822 2715.54 0)
(604.825 2340.39 0)
(-9.07547 2855.99 0)
(17.707 2742.67 0)
(-178.476 2586.83 0)
(-203.974 2714.56 0)
(-45.235 2810.61 0)
(-109.534 2783.14 0)
(-609.94 2367.05 0)
(-16.9611 488.961 0)
(107.144 2791.53 0)
(315.773 2885.06 0)
(-482.175 2614.05 0)
(250.451 2701.2 0)
(-25.2746 2647.81 0)
(23.3173 2516.57 0)
(1276.51 1966.15 0)
(48.1572 2559.06 0)
(-31.7737 815.335 0)
(140.287 2858.41 0)
(120.42 2799.97 0)
(127.776 2776.82 0)
(-2249.07 1287.49 0)
(35.3042 2591.24 0)
(72.8616 2788.64 0)
(-479.052 2627.9 0)
(64.4452 2767.23 0)
(-151.415 2624.89 0)
(-33.1092 274.303 0)
(-341.181 2215.12 0)
(230.877 2761.1 0)
(-22.5193 117.659 0)
(46.0864 397.166 0)
(155.379 2749.59 0)
(112.997 2780.97 0)
(89.3087 2783.88 0)
(27.2281 2677.94 0)
(135.186 2756.86 0)
(-21.8618 1090.04 0)
(-147.895 2781.81 0)
(-57.9053 677.655 0)
(586.667 2888.85 0)
(-573.835 2409.66 0)
(-486.062 2555.33 0)
(304.869 2653.7 0)
(226.575 2613.24 0)
(125.073 2702.08 0)
(35.7873 2566.77 0)
(-33.9786 2756.74 0)
(87.3193 2785.68 0)
(-36.9763 361.08 0)
(-239.954 2341.85 0)
(-19.9272 345.187 0)
(307.067 2729.22 0)
(-150.175 2675.93 0)
(-34.3835 617.004 0)
(-777.171 1904.88 0)
(-599.071 207.03 0)
(53.221 842.776 0)
(145.107 2856.8 0)
(-1049.84 2792.46 0)
(10.5257 671.836 0)
(-119.096 2677.07 0)
(348.224 2823.69 0)
(-550.967 2403.4 0)
(1575.47 2179.17 0)
(0.474045 87.8977 0)
(0.158269 884.796 0)
(-90.2036 2690.57 0)
(-174.58 2645.01 0)
(-55.9459 2714.39 0)
(-34.5933 608.916 0)
(-196.839 740.104 0)
(43.2096 2649.29 0)
(911.017 2826.07 0)
(969.847 1749.43 0)
(-1080.67 2431.76 0)
(167.55 2835.23 0)
(-671.151 2372.22 0)
(50.0111 2743.4 0)
(-21.3894 419.782 0)
(76.4887 2782.68 0)
(766.749 2789.22 0)
(-463.911 2563.48 0)
(-17.983 439.471 0)
(-73.733 2787.71 0)
(-171.145 2726.37 0)
(841.61 2819.71 0)
(-1337.45 2347.91 0)
(99.9253 2516.46 0)
(-239.39 799.894 0)
(55.7294 2824.62 0)
(-18.543 495.303 0)
(34.3074 1253.23 0)
(91.4863 2808.92 0)
(-724.533 2233.5 0)
(-1359 2991.15 0)
(111.925 2786.81 0)
(51.4906 2742.95 0)
(89.2453 2784.62 0)
(699.328 2909.68 0)
(-101.118 2687.59 0)
(65.5185 2813.55 0)
(821.324 1757.86 0)
(-149.921 2805.21 0)
(-851.091 2021.28 0)
(80.8044 2775.14 0)
(-121.987 2788.36 0)
(30.2359 2815.2 0)
(-238.706 2995.97 0)
(611.503 2147.64 0)
(-79.079 2786.86 0)
(-80.4915 2770.79 0)
(-499.281 2449.05 0)
(66.2745 661.221 0)
(47.483 2715.87 0)
(-964.021 2828.21 0)
(-1715.58 1657.75 0)
(-91.9753 2768.67 0)
(15.5307 2732.25 0)
(590.216 2922.43 0)
(-44.0193 819.972 0)
(714.423 2839.35 0)
(-28.0314 2720.93 0)
(-38.7289 2712.35 0)
(52.6591 2713.66 0)
(-1039.48 2449.82 0)
(-114.14 2744.32 0)
(-318.217 2559.36 0)
(-1383.27 2332.01 0)
(172.251 2556.42 0)
(1686.27 1585.87 0)
(56.1981 2732.58 0)
(190.864 2621.17 0)
(464.697 2155.08 0)
(-899.376 2222.15 0)
(33.8314 507.913 0)
(-1069.05 2790.14 0)
(140.971 2600.28 0)
(118.464 2670.2 0)
(-309.904 2570.27 0)
(-470.679 1698.57 0)
(-17.1188 2798.31 0)
(-908.214 2170.45 0)
(75.3309 2792.49 0)
(852.109 655.64 0)
(13.6255 2838.72 0)
(17.4351 2573.88 0)
(-197.944 2740.78 0)
(105.287 2699.12 0)
(-19.4499 445.024 0)
(-147.907 2778.77 0)
(176.956 2733.48 0)
(461.119 2941.63 0)
(57.0697 2585.42 0)
(1686.92 2009.34 0)
(-67.9264 2703.93 0)
(-70.9417 2763.34 0)
(-113.329 2785.41 0)
(46.3322 2719.7 0)
(-18.2015 394.447 0)
(-21.6976 94.6669 0)
(15.4421 100.064 0)
(892.507 2541.79 0)
(174.595 2657.67 0)
(260.465 2769.47 0)
(255.027 2640.76 0)
(200.052 2533.16 0)
(25.7108 486.996 0)
(-363.424 2553.71 0)
(-23.7317 131.914 0)
(-255.672 2595.15 0)
(-353.152 2534.1 0)
(-21.2745 376.119 0)
(-156.544 2811.02 0)
(-20.0828 2850.84 0)
(-803.977 2855.76 0)
(572.005 2353.38 0)
(-45.1041 2714.52 0)
(153.086 2624.32 0)
(103.56 2689.73 0)
(-253.812 2241.8 0)
(440.426 1639.14 0)
(872.839 2502.22 0)
(-1954.09 1464.52 0)
(834.719 1735.78 0)
(1321.1 1660.08 0)
(-171.79 2812.92 0)
(-13.1582 2761.57 0)
(49.792 184.412 0)
(-169.656 2489.94 0)
(-464.384 2630.65 0)
(274.035 2861.26 0)
(435.007 2193.24 0)
(-74.5208 2761.32 0)
(-63.0485 2760.07 0)
(255.477 2806.42 0)
(-58.0705 2834.09 0)
(-94.2818 2793.04 0)
(78.0386 660.903 0)
(217.841 725.931 0)
(-29.8117 2764.18 0)
(199.408 2523.2 0)
(43.666 2778.82 0)
(203.015 2712.01 0)
(454.464 2363.59 0)
(-39.7186 365.484 0)
(-23.7976 2917.76 0)
(-42.6057 2814.07 0)
(-488.213 2936.61 0)
(845.339 1923.9 0)
(603.409 2932.79 0)
(738.978 2884.19 0)
(-1510.8 1770.93 0)
(97.4515 2808.19 0)
(50.391 620.355 0)
(31.3335 570.905 0)
(-124.12 2767.61 0)
(48.7568 654.422 0)
(-1942.27 1460.86 0)
(864.691 2518.14 0)
(229.074 2581.46 0)
(44.1144 2752.43 0)
(137.511 2859.93 0)
(-1247.97 2390.39 0)
(114.985 2906.08 0)
(-215.075 2639.93 0)
(-289.101 2843.57 0)
(379.973 2685.76 0)
(742.736 2276.47 0)
(74.2779 2767.09 0)
(-19.7177 399.57 0)
(-15.2606 2771.7 0)
(-469.434 2550.33 0)
(120.849 2784.87 0)
(217.033 2763.41 0)
(-62.2444 2762.38 0)
(180.564 2634.17 0)
(-363.317 2679.33 0)
(-1373.16 2777.55 0)
(-14.1823 340.119 0)
(-102.902 2590.03 0)
(8.73688 370.202 0)
(-108.825 2774.25 0)
(29.7563 1069.95 0)
(-626.658 2371.07 0)
(-738.816 2285.26 0)
(-310.891 2826.83 0)
(-320.344 2562.18 0)
(-285.797 2602.23 0)
(340.143 2935.95 0)
(-144.919 2703.82 0)
(80.1892 2812.48 0)
(120.142 2861.69 0)
(70.3945 2805.99 0)
(227.344 2681.01 0)
(-308.934 2594.55 0)
(-20.6055 101.622 0)
(-453.969 2772.54 0)
(-178.01 2930.86 0)
(56.3412 2804.67 0)
(722.638 2511.28 0)
(51.7962 2804.91 0)
(-474.35 2875.86 0)
(370.658 2699.25 0)
(-56.7403 824.501 0)
(76.1369 2800.5 0)
(-51.8032 2792.59 0)
(-93.4836 2774.54 0)
(56.1411 2799.35 0)
(-110.248 2767.81 0)
(-10.1637 2851.65 0)
(17.2881 2850.27 0)
(59.139 2794.63 0)
(210.608 2747.83 0)
(-12.9354 311.941 0)
(-50.6752 2749.7 0)
(-2243.42 1281.07 0)
(4.28498 2841.39 0)
(-1412.11 1715.55 0)
(129.681 2759.1 0)
(-94.5165 2695.16 0)
(272.18 1633 0)
(-160.618 2789.69 0)
(-45.8507 2777.49 0)
(-239.758 2808.73 0)
(61.1858 779.438 0)
(-190.818 2806.21 0)
(-16.3866 2823.72 0)
(59.4177 2787.2 0)
(-214.456 2614.44 0)
(34.082 2805.84 0)
(-1529.33 1647.18 0)
(117.695 2589.48 0)
(15.9879 281.864 0)
(-15.4545 162.037 0)
(275.585 2260.29 0)
(752.531 2820.68 0)
(-168.588 2745.02 0)
(683.23 2917.04 0)
(210.775 2801.72 0)
(36.8139 2803.26 0)
(-138.676 2661.78 0)
(410.068 2786.49 0)
(30.5154 2754.16 0)
(130.643 2779.11 0)
(296.004 2823.67 0)
(190.848 2727.59 0)
(-222.229 2154.64 0)
(106.88 2795.18 0)
(-2262.17 988.238 0)
(-60.9007 326.605 0)
(-140.007 2667.77 0)
(-151.607 2750.07 0)
(-129.885 2188.93 0)
(-37.9597 412.564 0)
(82.7981 2802.52 0)
(-84.205 2786.77 0)
(199.952 2720.45 0)
(224.272 2649.78 0)
(-188.927 2704.76 0)
(166.527 2741.44 0)
(40.2474 595.097 0)
(-38.904 2780.54 0)
(-221.051 2814.96 0)
(54.2158 1088.73 0)
(210.764 2628.31 0)
(36.2643 2804.96 0)
(-21.2805 107.791 0)
(29.254 2747.65 0)
(-105.461 2687.17 0)
(-152.449 2709.75 0)
(1761.05 1564.23 0)
(5.44487 2711.63 0)
(103.056 2780.44 0)
(-160.805 2746.94 0)
(-11.2016 292.121 0)
(-85.6623 2787.32 0)
(-3.71265 2800.4 0)
(-51.276 2771.98 0)
(-31.6297 2762.57 0)
(-721.117 2600.5 0)
(55.3818 2780.02 0)
(276.222 2588.06 0)
(74.8146 2785.4 0)
(38.0945 2797.56 0)
(-10.4299 2730.1 0)
(-3.79693 2805.85 0)
(-123.773 2757.27 0)
(55.6024 2803.77 0)
(-12.7374 277.982 0)
(514.48 2680.27 0)
(68.7801 2813.74 0)
(-158.724 2728.67 0)
(11.2612 2761.79 0)
(60.7218 2714.58 0)
(-87.8347 2766.54 0)
(53.7825 1121.83 0)
(-987.434 2272.24 0)
(40.2631 2793.84 0)
(161.343 869.184 0)
(-17.942 2760.74 0)
(60.1438 2776.92 0)
(37.0564 2814.16 0)
(-191.819 2902.73 0)
(-367.807 2662.07 0)
(-65.8468 2785.26 0)
(266.168 2717.65 0)
(-90.2822 2779.96 0)
(-522.904 2444.37 0)
(5.12371 2731.5 0)
(-7.14334 2795.2 0)
(51.9621 1198.92 0)
(284.75 2610.67 0)
(-10.39 83.6866 0)
(-27.5545 2754.82 0)
(-159.467 2734.13 0)
(-100.272 2761.63 0)
(-76.6522 2782.87 0)
(42.3666 2787 0)
(-6.67766 2739.4 0)
(-5.84718 2801.87 0)
(-3.76279 2799.56 0)
(-93.4765 2757.05 0)
(56.5739 1154.26 0)
(-56.0031 2797.64 0)
(-44.5497 2735.3 0)
(-164.064 2754.55 0)
(-19.9629 1286.69 0)
(-10.4017 2751.24 0)
(193.199 2731.04 0)
(6.31949 2740.78 0)
(-72.7769 2180.85 0)
(-219.013 2899.77 0)
(-147.877 2714.06 0)
(-58.9634 2778.75 0)
(-14.3729 2726.89 0)
(80.5079 2788.12 0)
(345.596 2186.23 0)
(4.83214 2741.1 0)
(-39.9324 2693.89 0)
(135.624 2784.52 0)
(50.6283 2816.93 0)
(1620.66 1581.74 0)
(-71.9256 2773.87 0)
(-22.0394 114.219 0)
(42.9643 2783.44 0)
(-11.9081 253.805 0)
(-218.93 2649.86 0)
(-85.7632 2774.57 0)
(-284.878 2604.46 0)
(2047.59 1672.76 0)
(85.2757 2658.05 0)
(-94.5375 2761.29 0)
(-15.4747 2647.13 0)
(11.0768 2769.49 0)
(48.6305 2781.78 0)
(176.001 2765.59 0)
(-142.859 2641.91 0)
(-205.65 2634.93 0)
(395.812 1675.58 0)
(-116.186 1565.1 0)
(17.2785 2743.68 0)
(-52.0594 2761.48 0)
(549.404 2371.49 0)
(155.88 2762.03 0)
(-75.612 2911.96 0)
(-37.0741 369.944 0)
(168.444 2745.93 0)
(40.6701 2774.2 0)
(278.999 2797.46 0)
(51.5831 2734.46 0)
(5.00704 95.4281 0)
(-96.7633 2749.49 0)
(-91.1561 2248.72 0)
(-78.9942 2819.66 0)
(-13.3586 2760.18 0)
(-630.569 2895.84 0)
(-34.0075 150.954 0)
(-11.9709 91.6802 0)
(8.50391 2806.68 0)
(-7.56686 2132.33 0)
(98.5036 2799.62 0)
(-2.86604 2785.11 0)
(-115.275 2721.07 0)
(230.094 2682.5 0)
(-42.9536 1715.56 0)
(-227.025 2814.61 0)
(-1652.61 2146.53 0)
(176.604 2735.18 0)
(-146.332 2754.29 0)
(265.824 2660.87 0)
(-1078.07 2038.85 0)
(69.9809 820.419 0)
(-103.415 2786.5 0)
(11.238 2929.5 0)
(-64.3665 2754.04 0)
(87.4035 2783.12 0)
(-75.3287 2113.01 0)
(78.5605 2770.23 0)
(-77.8888 2786.17 0)
(124.188 2664.48 0)
(-1102.18 2150.39 0)
(-122.051 2771.27 0)
(-1744.87 1972.48 0)
(-90.3308 2773.68 0)
(-4.56118 2787.24 0)
(-98.0688 2783.38 0)
(-25.2912 2781.86 0)
(87.2871 2802.08 0)
(-50.9425 2762.77 0)
(-14.1496 86.8366 0)
(81.9515 2776.46 0)
(-105.293 2778.52 0)
(-63.2646 2773.71 0)
(-56.4073 2767.22 0)
(-37.2871 2723.49 0)
(1090.71 2863.91 0)
(-751.897 2857.5 0)
(-97.5869 2768.2 0)
(-1089.47 2206.31 0)
(269.713 2834.77 0)
(779.94 2671.94 0)
(134.787 2792.88 0)
(5.42999 2804.07 0)
(-77.5072 2774.04 0)
(-15.1348 2864 0)
(42.4304 2773 0)
(176.459 2719.06 0)
(-10.6176 231.412 0)
(-182.358 2709.3 0)
(9.61311 2800.75 0)
(167.942 2726.17 0)
(-147.318 2740.56 0)
(-72.9554 2772.08 0)
(-148.97 2739.51 0)
(-105.19 2765.4 0)
(-86.0432 2768.06 0)
(-24.5124 135.743 0)
(-33.1092 2766.64 0)
(-51.1717 2686.87 0)
(-50.8565 1519.04 0)
(-1080.2 2465.81 0)
(147.553 2776.95 0)
(175.02 2722.68 0)
(172.22 2642.41 0)
(-48.6438 2759.47 0)
(45.2827 2756 0)
(-195.502 2627.97 0)
(41.891 2769.96 0)
(269.846 2582.89 0)
(1862.2 1621.36 0)
(34.5049 2764.21 0)
(243.856 2693.54 0)
(-57.6161 2761.04 0)
(-0.488003 2770.13 0)
(-27.708 2750.47 0)
(-43.6518 2713.73 0)
(166.08 2795.28 0)
(1810.73 1174.25 0)
(-155.745 2674.14 0)
(-131.508 2724.53 0)
(-113.758 2655.68 0)
(95.7601 2786.91 0)
(-36.6024 2761.14 0)
(8.04066 2803.65 0)
(165.291 2721.05 0)
(426.887 2200.24 0)
(630.103 2877.21 0)
(-3.65971 2766.42 0)
(-1.84123 2759.52 0)
(-25.1923 2721.9 0)
(-146.312 2739.74 0)
(106.397 2780.28 0)
(-140.719 2720.44 0)
(-40.0638 2723.8 0)
(-18.9339 2734.07 0)
(4.57209 2734.53 0)
(159.846 2710.57 0)
(127.757 2780.05 0)
(205.924 2370.36 0)
(-75.1688 2702.27 0)
(-22.8115 121.086 0)
(-1549.59 2207.81 0)
(61.185 715.54 0)
(-27.3814 2721.93 0)
(9.17991 2734.18 0)
(-19.8115 2770.28 0)
(54.2788 2754.38 0)
(50.8814 439.912 0)
(6.08326 2796.38 0)
(-137.415 2522.44 0)
(-134.684 2733.89 0)
(-3.98597 2778.24 0)
(-133.442 2335.09 0)
(-82.932 2660.5 0)
(-33.9509 2757.8 0)
(-132.716 2714.37 0)
(86.2353 2720.41 0)
(-605.793 1770.18 0)
(442.896 2508.78 0)
(-9.8237 210.734 0)
(-137.798 2800.15 0)
(-34.1512 2797.78 0)
(-79.3196 2022.53 0)
(-538.716 2071.68 0)
(-80.7472 2653.48 0)
(90.6346 2697.02 0)
(25.6753 2742.36 0)
(2.56938 2723.03 0)
(32.5738 290.98 0)
(-220.492 2749.05 0)
(60.0011 2709.97 0)
(83.427 2777.69 0)
(-62.2366 2817.6 0)
(69.3246 2762.59 0)
(9.37669 2793.23 0)
(5.39175 2759.68 0)
(26.807 2821.14 0)
(-23.5539 128.093 0)
(105.226 2689.97 0)
(-8.83489 2760.3 0)
(51.0073 2748.04 0)
(108.014 2781.06 0)
(100.059 661.777 0)
(64.6388 2703.92 0)
(88.8522 661.214 0)
(-25.876 2887.99 0)
(64.7346 2767.84 0)
(-81.9138 2210.95 0)
(-65.6341 2698.51 0)
(-119.578 2709.02 0)
(428.139 2362.6 0)
(-189.522 2626.8 0)
(-64.5071 2702.95 0)
(-150.893 2830.14 0)
(230.063 2706.28 0)
(-92.0214 2722.51 0)
(-206.618 2815.41 0)
(-95.2901 2781.69 0)
(179.008 2698.54 0)
(311.773 2200.97 0)
(-57.1249 2715.58 0)
(145.228 2790.6 0)
(-181.655 1582.51 0)
(-42.9995 2709.1 0)
(-77.8527 2758.56 0)
(-1.29031 2763.79 0)
(8.07015 2787.21 0)
(-3.13211 2761.16 0)
(-94.0874 2767.66 0)
(35.9481 2742.03 0)
(-430.511 2871.93 0)
(275.055 2796.25 0)
(184.407 2799.59 0)
(14.5215 2784.86 0)
(-51.2974 2764.17 0)
(-9.05096 186.535 0)
(470.169 2484.44 0)
(265.05 2643.83 0)
(-113.474 2738.98 0)
(907.056 2810.08 0)
(-488.995 2813.09 0)
(-100.211 2685.81 0)
(-23.2263 2743.26 0)
(373.044 2443.18 0)
(-5.22838 101.599 0)
(6.70274 2779.53 0)
(-21.8764 2752.08 0)
(29.7659 2723.51 0)
(906.359 1823.18 0)
(-89.3118 2776.85 0)
(67.5242 2752.95 0)
(-473.035 2631.08 0)
(158.739 2799.14 0)
(15.3905 2761.79 0)
(156.106 2756.55 0)
(-79.4556 2750.15 0)
(-12.2472 295.672 0)
(166.468 2773.06 0)
(14.286 2850.5 0)
(-1068.53 1975.66 0)
(-132.66 2618.42 0)
(-160.375 2624.68 0)
(123.356 2663.69 0)
(146.639 2783.25 0)
(-30.6316 2756.77 0)
(-1102.5 888.361 0)
(-173.925 2293.26 0)
(184.517 2784.74 0)
(-114.295 2629.12 0)
(121.881 2804.06 0)
(-63.9831 2725.37 0)
(5.86348 2775.65 0)
(93.3424 2809.6 0)
(-364.397 2857.86 0)
(-46.3444 2762.85 0)
(30.4473 260.719 0)
(87.0062 2781.33 0)
(-613.178 2896.54 0)
(-827.152 2837.25 0)
(-127.443 2735.66 0)
(281.853 2776.53 0)
(40.7265 2712.18 0)
(40.1961 2750.41 0)
(-192.226 2372.19 0)
(1051.89 2476.66 0)
(-69.0139 2689.53 0)
(-7.73369 169.496 0)
(-48.6038 2723.88 0)
(172.377 2762.52 0)
(-77.1254 2798.35 0)
(-2.88467 614.74 0)
(152.797 2683.04 0)
(-149.66 2805.7 0)
(-379.539 2786.5 0)
(88.8545 2825.85 0)
(-11.9012 2744.07 0)
(171.938 2799.13 0)
(752.835 2193.31 0)
(22.2918 2758.84 0)
(36.9442 2758.38 0)
(81.2604 2779.49 0)
(0.140182 2751.43 0)
(15.6903 2729.95 0)
(246.612 2686.43 0)
(27.832 2737.09 0)
(1330.68 1832.72 0)
(174.504 2739.33 0)
(14.1726 2773.08 0)
(151.975 2789.36 0)
(745.325 2902.51 0)
(-21.6817 2831.31 0)
(-73.2492 2696.15 0)
(175.708 2785.1 0)
(-47.5587 2728.15 0)
(150.272 2683.27 0)
(904.503 1795.4 0)
(10.9486 2765.1 0)
(170.911 2771.63 0)
(27.3595 244.082 0)
(200.582 2907.06 0)
(-247.846 2839.57 0)
(-1910.02 1580.83 0)
(-2308.19 996.814 0)
(-73.2144 581.106 0)
(-65.3604 2840.51 0)
(-70.3169 2758.2 0)
(212.585 2788.84 0)
(-252.68 2828.56 0)
(35.8519 2755.88 0)
(-343.482 2976.95 0)
(-38.5899 2728.18 0)
(27.9564 2771.8 0)
(-22.5814 2761.07 0)
(712.475 2873.57 0)
(106.627 2587.82 0)
(981.611 1701.44 0)
(-7.56113 149.117 0)
(-1531.79 1766.08 0)
(-459.672 2560.25 0)
(61.6731 2718.42 0)
(-87.2087 2778.76 0)
(-102.4 2780.86 0)
(-326.652 2831.41 0)
(-52.8143 2708.55 0)
(-6.01128 2736.82 0)
(-26.3701 2746.68 0)
(-67.4849 2841.11 0)
(0.946508 2743.27 0)
(-275.843 2581.43 0)
(-512.616 2923.12 0)
(-65.2598 2717.83 0)
(287.808 2860.3 0)
(66.4938 2771.52 0)
(63.6573 537.637 0)
(8.40134 2761.39 0)
(85.4108 2767.08 0)
(-1724.1 2497.84 0)
(-498.435 2940.8 0)
(-32.415 2469.06 0)
(-25.4648 104.681 0)
(1169.55 2256.43 0)
(-190 2815.23 0)
(-238.492 2391.18 0)
(417.022 2969.03 0)
(79.6696 2771.97 0)
(94.988 2679.4 0)
(-446.09 2881.17 0)
(-79.3314 2776.82 0)
(81.8966 2765.78 0)
(-289.68 2809.5 0)
(100.605 2810.69 0)
(8.33808 2728.2 0)
(-61.5547 2715.72 0)
(2026.17 1486.91 0)
(26.6418 2751.34 0)
(445.016 2425.28 0)
(30.2807 2761.2 0)
(-55.9535 2721 0)
(143.979 2772.85 0)
(72.3635 362.173 0)
(16.7936 2762.97 0)
(-125.56 2717.09 0)
(3.15114 2729.79 0)
(129.409 2866.38 0)
(-74.5411 2692.71 0)
(-147.586 2761.88 0)
(253.918 2753.58 0)
(-1079 2563.65 0)
(-1843.96 1782.38 0)
(-6.29471 135.123 0)
(-1492.87 2207.35 0)
(-43.3486 494.691 0)
(94.6953 2661.35 0)
(2.35157 2741.12 0)
(-869.577 2535.82 0)
(5.60481 284.415 0)
(-348.349 2821.16 0)
(-7.84978 124.353 0)
(1001.28 1745.34 0)
(217.26 2799.48 0)
(22.9219 2748.41 0)
(334.911 2318.33 0)
(29.5683 2746.98 0)
(-5.71189 2810.16 0)
(-6.64008 112.5 0)
(-103.035 2676.16 0)
(-77.8861 2697.59 0)
(95.6194 2774.39 0)
(367.916 2413.91 0)
(-65.8137 2795.57 0)
(263.019 2722.6 0)
(-1405.59 2329.71 0)
(-34.9937 2758.77 0)
(18.71 2783.38 0)
(-211.47 2602.71 0)
(355.999 2853.61 0)
(25.3176 218.229 0)
(117.166 2800.33 0)
(-113.131 2517.82 0)
(9.6282 2688.44 0)
(212.009 2197.28 0)
(161.307 2770.33 0)
(-178.898 2270.82 0)
(-158.708 2756.98 0)
(-75.0738 2772.63 0)
(271.169 2765.95 0)
(853.435 1813.65 0)
(132.053 2765.18 0)
(37.0624 2742.7 0)
(151.098 2654.73 0)
(45.1547 2832.39 0)
(108.816 2686.13 0)
(-330.307 2826.43 0)
(1771.77 1701.3 0)
(-82.3928 2795.52 0)
(-62.0881 2766.25 0)
(442.303 2423.85 0)
(115.021 2669.99 0)
(6.26666 1193.66 0)
(-17.2401 166.881 0)
(69.0562 2758.32 0)
(-499.87 208.238 0)
(-1.69795 2740.05 0)
(8.67548 2759.65 0)
(155.163 2190.03 0)
(106.87 2778.88 0)
(23.4596 2725.22 0)
(82.4208 2688.98 0)
(1124.89 2101.93 0)
(-68.9504 2771.22 0)
(192.413 2782.45 0)
(-88.1338 2797.08 0)
(-299.23 2734.96 0)
(-33.3091 2754.29 0)
(225.591 2788.97 0)
(38.7792 2812.4 0)
(268.149 2801.8 0)
(-901.338 2692.29 0)
(-193.154 2799.5 0)
(-15.7842 2849.4 0)
(1818.27 1534.45 0)
(44.3892 2637.59 0)
(137.131 2763.9 0)
(7.1861 2810.7 0)
(14.0021 2752.59 0)
(3.02148 2724.78 0)
(-68.7044 2856.11 0)
(1128.03 2130.21 0)
(-54.9649 2822.16 0)
(65.9202 2755.38 0)
(108.906 2778.88 0)
(215.251 2602.17 0)
(-105.388 2679.97 0)
(-117.471 2672.49 0)
(-127.552 2760.15 0)
(488.236 2397.23 0)
(-581.35 2073.9 0)
(-196.082 2643.01 0)
(104.053 2762.1 0)
(214.822 3027.85 0)
(1139.31 2200.29 0)
(-75.9853 838.135 0)
(-338.871 2781.78 0)
(96.1795 3023.85 0)
(-338.917 2815.66 0)
(-78.266 995.884 0)
(-71.3987 517.492 0)
(-11.2902 876.031 0)
(-51.3668 2763.85 0)
(119.472 944.104 0)
(-106.606 1072.77 0)
(-217.317 2820.39 0)
(31.7317 926.177 0)
(525.617 2964.58 0)
(-621.03 2115.89 0)
(-43.7847 2777.26 0)
(-55.8204 2653.31 0)
(659.2 2902.03 0)
(1683.61 2076.74 0)
(1890.9 1494.36 0)
(-269.322 2808.98 0)
(33.7132 2724.4 0)
(125.307 840.133 0)
(-149.168 2765.78 0)
(591.328 2921.89 0)
(23.5318 194.902 0)
(-317.783 2805.14 0)
(-163.084 2663.87 0)
(52.6125 2715.63 0)
(28.0011 2751.39 0)
(44.7749 2751.35 0)
(-38.0348 2758.89 0)
(-931.225 579.87 0)
(-12.6145 194.58 0)
(-103.361 2829.51 0)
(-142.437 2796.43 0)
(9.88688 2746.91 0)
(-97.1038 2692.74 0)
(0.182277 94.3141 0)
(-340.809 2797.6 0)
(-563.442 2902.19 0)
(215.271 2704.67 0)
(2.59534 2814.26 0)
(-178.155 2663.78 0)
(-124.543 2682.22 0)
(12.8319 2745.65 0)
(106.301 2757.19 0)
(-2134.74 1370.77 0)
(-1991.74 1509.73 0)
(10.3029 2748.35 0)
(130.802 2672.6 0)
(1.88802 2725.67 0)
(-176.751 2612.88 0)
(-24.4279 2770.35 0)
(-73.4989 2788.57 0)
(103.733 778.339 0)
(387.677 2590.22 0)
(-75.5934 2791.04 0)
(-200.497 2874.24 0)
(122.035 923.747 0)
(673.522 2894.09 0)
(-155.821 2715.36 0)
(-300.428 2566.89 0)
(-1172.74 1648.16 0)
(244.613 834.196 0)
(162.966 2657.47 0)
(129.578 2525.33 0)
(125.239 2680.32 0)
(55.3313 633.472 0)
(29.0401 2736.34 0)
(-90.7838 2781.93 0)
(-369.135 2809.93 0)
(900.25 1828.6 0)
(-309.032 2826.88 0)
(-0.741419 940.077 0)
(263.939 2086.79 0)
(-52.6643 2772.48 0)
(21.6794 181.56 0)
(1117.21 2547.98 0)
(-1457.46 2236.36 0)
(72.3213 2743.12 0)
(-733.869 2868.22 0)
(-354.434 2316 0)
(78.2544 2750.78 0)
(-291.078 2817.15 0)
(-1245.88 2735.14 0)
(124.409 2671.25 0)
(424.272 2436.49 0)
(88.0009 2760.21 0)
(74.7881 2784.94 0)
(-69.3184 460.754 0)
(323.067 2879.45 0)
(291.909 2482.25 0)
(-20.9808 897.216 0)
(298 2782.94 0)
(4.04587 79.7786 0)
(-71.641 2755.75 0)
(-166.848 3014.14 0)
(-153.423 2674.75 0)
(-1828.15 1680.22 0)
(-1429.7 1530.69 0)
(-126.455 2685.52 0)
(906.795 2671.19 0)
(-48.5174 2685.29 0)
(1342.79 2408.36 0)
(-18.828 2771.25 0)
(-64.4349 2715.75 0)
(285.666 2689.71 0)
(-1.78024 2732.44 0)
(21.0584 299.948 0)
(185.931 2796.04 0)
(37.0584 424.055 0)
(10.2289 2734.38 0)
(-78.5679 2609.94 0)
(-1308.54 2347.32 0)
(74.1121 941.957 0)
(-338.746 2811.22 0)
(135.978 2790.84 0)
(-24.6509 2739.96 0)
(931.8 2055.89 0)
(-29.0452 915.971 0)
(511.434 2401.07 0)
(-803.801 2707.25 0)
(-139.254 847.541 0)
(-24.7178 2760.88 0)
(95.1991 2779.38 0)
(89.2436 2762.68 0)
(-103.436 2690.4 0)
(-245.445 2611.46 0)
(38.3273 2743.64 0)
(92.6519 2662.18 0)
(745.733 2902.79 0)
(-173.633 2814.34 0)
(-33.7859 2769.41 0)
(104.173 2611.09 0)
(33.2424 2817.88 0)
(-1084.72 2785.7 0)
(180.564 2636.86 0)
(318.081 2791.18 0)
(-235.968 2823.5 0)
(70.6295 2749.39 0)
(305.825 2822.76 0)
(37.7324 2726.42 0)
(86.027 2704.74 0)
(8.21323 2728.13 0)
(-13.7285 2761.98 0)
(-1814.95 1955.69 0)
(211.08 1054.99 0)
(25.0008 2723.47 0)
(-210.157 1544.6 0)
(776.082 2621.63 0)
(27.5098 247.628 0)
(-216.714 2877.26 0)
(913.902 2947.08 0)
(56.1651 2814.4 0)
(5.58012 1000.52 0)
(3.03359 2759.84 0)
(-63.4518 416.927 0)
(-101.32 2692.32 0)
(292.284 2565.14 0)
(-54.82 400.118 0)
(1225.06 2483.81 0)
(-2396.57 1033.54 0)
(-84.4528 889.083 0)
(-1692.4 2007.66 0)
(-86.1545 2608.12 0)
(204.154 2627.7 0)
(149.861 2656.6 0)
(146.084 2797.24 0)
(-260.025 2537.26 0)
(-96.5893 2778.63 0)
(139.695 2757 0)
(18.1944 157.839 0)
(-129.421 2626.18 0)
(133.008 2777.8 0)
(1024.42 1723.42 0)
(188.983 2778.6 0)
(1180.31 2243.48 0)
(-80.0212 2716.75 0)
(-54.515 370.07 0)
(162.673 2660.47 0)
(56.7609 227.88 0)
(15.17 2734.04 0)
(-146.345 2743.52 0)
(-212.815 2772.04 0)
(-924.39 2133.41 0)
(-144.643 2719.95 0)
(0.814798 82.289 0)
(93.9443 2797.81 0)
(204.649 2833.26 0)
(-159.096 2657.79 0)
(-48.0263 2690.57 0)
(-66.3056 2819 0)
(153.589 2792.14 0)
(-153.313 2920.75 0)
(42.0905 2720.4 0)
(-6.72567 887.442 0)
(-426.904 2961.82 0)
(575.001 1996.64 0)
(1023.93 2874.92 0)
(-326.891 2821.1 0)
(5.91662 2752.21 0)
(78.2754 2762.13 0)
(22.6141 2741.85 0)
(-1159.67 2939.84 0)
(-450.03 2811.79 0)
(-8.50095 587.855 0)
(-906.179 2784.12 0)
(-187.746 2704.54 0)
(176.028 2875.31 0)
(-4.67336 2763.61 0)
(-40.2948 2788.37 0)
(191.366 2681.36 0)
(-45.7471 341.383 0)
(-583.353 2922.03 0)
(2064.33 1619.01 0)
(-1315.7 1858.79 0)
(17.1011 146.937 0)
(-750.036 2499.57 0)
(-56.0949 2716.67 0)
(196.788 2732.53 0)
(97.3345 2664.85 0)
(582.525 2919.87 0)
(-1468.23 2515.39 0)
(-115.036 2777.77 0)
(630.291 2915.39 0)
(-32.1639 2756 0)
(-1714.32 1871.29 0)
(234.559 2840.54 0)
(-70.808 2762.85 0)
(105.531 2689.93 0)
(-178.911 2647.98 0)
(901.059 2663.25 0)
(-280.165 2791.5 0)
(-58.1695 2648.39 0)
(-2260.75 1281.98 0)
(203.228 2766.27 0)
(95.494 2799.68 0)
(-65.0604 469.557 0)
(-4.95374 2814.42 0)
(-67.7579 2771.53 0)
(372.239 2330.36 0)
(-102.961 2718.31 0)
(-331.319 2342.27 0)
(-46.397 2773.38 0)
(195.046 2662.77 0)
(752.136 2819.51 0)
(295.002 2808.44 0)
(811.094 2858.11 0)
(-37.8652 2783.68 0)
(-1758.36 1858.95 0)
(-46.3944 312.852 0)
(15.5544 2752.93 0)
(-43.2181 305.999 0)
(-1315.74 1794.48 0)
(-171.488 2734.11 0)
(269.793 2786.11 0)
(-83.126 2760.36 0)
(60.3057 2768.52 0)
(-253.357 2826.42 0)
(-341.922 2881.43 0)
(-169.741 2809.59 0)
(749.827 2804.3 0)
(-61.189 2834.52 0)
(-5.50307 2810.26 0)
(-421.905 2856.37 0)
(-44.2524 2798.58 0)
(71.4681 2784.92 0)
(-46.0221 2816.79 0)
(-235.742 2839.41 0)
(-57.0159 2837.04 0)
(74.1538 2747.44 0)
(-26.3258 137.63 0)
(106.211 2737.31 0)
(308.525 2653.92 0)
(-206.362 2633.05 0)
(753.756 2808.82 0)
(210.68 2602.66 0)
(20.2492 2727.72 0)
(-79.7918 2759.24 0)
(-1106.67 2773.01 0)
(-65.0527 2768.18 0)
(-165.418 2817.51 0)
(-123.938 453.854 0)
(126.588 2748 0)
(247.188 2577.76 0)
(199.506 2713.8 0)
(-28.5606 2732.79 0)
(-575.504 2001.29 0)
(216.052 2786.09 0)
(-98.5468 725.968 0)
(-12.8081 2830.6 0)
(33.2712 266.377 0)
(-25.2496 2822.27 0)
(-259.048 1626.65 0)
(2305.09 1159.92 0)
(170.346 2658.86 0)
(69.5227 1331.72 0)
(203.161 2708.82 0)
(19.7657 2729.43 0)
(-254.581 2588.8 0)
(18.8802 1739.01 0)
(-66.5862 2769.18 0)
(134.286 2759.77 0)
(-7.74201 2598.06 0)
(1669.58 1859.41 0)
(-1700.12 1980.86 0)
(241.922 2788.72 0)
(126.744 2686.32 0)
(7.80016 275.883 0)
(48.6827 2757.29 0)
(-1660.08 2026.4 0)
(-247.387 2610.55 0)
(-102.617 2779.88 0)
(507.394 2954.71 0)
(-21.1043 349.695 0)
(-39.2954 275.64 0)
(729.098 2910.26 0)
(-357.715 2831.74 0)
(-233.84 2616.5 0)
(116.936 2670.44 0)
(-38.8049 2773.02 0)
(-219.743 2640.23 0)
(82.2336 2820.48 0)
(-120.008 2758 0)
(561.405 289.23 0)
(-198.515 2643.66 0)
(30.3702 2742.02 0)
(-140.39 2834.69 0)
(-263.274 2834.26 0)
(49.8876 2746.15 0)
(-240.591 2582.91 0)
(-32.0559 109.729 0)
(115.319 2790.24 0)
(-180.415 2659.13 0)
(27.979 2768.34 0)
(-920.753 2797.45 0)
(-121.682 2788 0)
(-196.936 2741.7 0)
(15.9587 2758.13 0)
(-67.5119 885.664 0)
(-15.1851 88.2198 0)
(256.393 2584.21 0)
(284.255 2569.79 0)
(-165.289 2809.79 0)
(800.857 2229.98 0)
(86.8706 1470.23 0)
(-0.411502 2830.54 0)
(-200.31 2855.67 0)
(-62.7769 2760.53 0)
(-11.7957 2783.66 0)
(63.7509 2748.49 0)
(698.858 2269.07 0)
(-2148.16 1148.65 0)
(18.436 2711.39 0)
(-17.6574 2721.55 0)
(318.872 2555.89 0)
(-1421.36 1708.21 0)
(23.895 2745.28 0)
(29.8791 3018.92 0)
(811.405 2859 0)
(0.754931 2316.96 0)
(-36.4138 258.219 0)
(186.207 2710.23 0)
(-1023.77 1695.7 0)
(20.813 2729.39 0)
(50.9068 2745.77 0)
(101.12 2782.8 0)
(41.6582 2760.26 0)
(-187.052 2712.36 0)
(-85.5698 2758.8 0)
(-116.435 2795.2 0)
(57.3677 2763.33 0)
(-162.964 2660.53 0)
(79.1918 2701.99 0)
(-6.14578 1933.16 0)
(179.494 2752.34 0)
(1.67506 86.7927 0)
(-169.273 642.289 0)
(-477.76 2482.37 0)
(-300.585 2605.87 0)
(-233.901 2771.66 0)
(95.8015 2809.04 0)
(-172.813 1697.37 0)
(17.6146 80.0573 0)
(84.7694 2826.86 0)
(-368.54 2778.37 0)
(246.944 2433.43 0)
(279.621 2682.59 0)
(238.397 2663.33 0)
(-12.0957 174.884 0)
(-66.7107 2754 0)
(-211.689 2636.03 0)
(-1900.97 1982.51 0)
(-136.127 2678.47 0)
(-533.666 2501.4 0)
(-360.323 110.694 0)
(43.8698 2720.9 0)
(79.6144 2778.91 0)
(-49.1326 2885.95 0)
(-178.476 2651.2 0)
(20.246 2706.53 0)
(-19.9714 2762.55 0)
(-42.042 2875.21 0)
(-1735.92 1642.35 0)
(-768.088 2851.74 0)
(83.5735 2775 0)
(547.834 2379.66 0)
(-1765.31 1902.24 0)
(202.723 2613.42 0)
(7.8786 2728.79 0)
(68.9088 2813.9 0)
(128.966 2697.84 0)
(447.203 2445.35 0)
(91.8412 2773.21 0)
(70.4789 2888.37 0)
(-286.374 2608.94 0)
(-75.577 2751.67 0)
(-2316.69 1156.77 0)
(78.2996 368.741 0)
(34.114 2930.74 0)
(-53.3059 2754.83 0)
(-178.646 2658.59 0)
(-1653.38 1958.49 0)
(74.8757 2762.65 0)
(193.433 2682.82 0)
(-72.5626 2747.85 0)
(-216.396 2668.33 0)
(-174.372 2648.58 0)
(29.7619 2871.57 0)
(-19.8539 2759.75 0)
(-686.984 2801.73 0)
(163.788 2769.5 0)
(34.634 2816.25 0)
(-27.0461 900.247 0)
(35.2657 2766.78 0)
(198.803 2780.96 0)
(-31.1194 225.161 0)
(21.585 183.799 0)
(-325.984 2598.33 0)
(229.022 2645.34 0)
(-685.287 2065.55 0)
(-169.235 2817.96 0)
(-0.13793 2818.95 0)
(-95.0853 2804.12 0)
(891.1 1818.17 0)
(11.0573 2807.17 0)
(-491.129 2807.96 0)
(346.72 2530.78 0)
(-113.529 2692.47 0)
(-53.741 2742.27 0)
(313.161 2277.89 0)
(-65.8486 1301.28 0)
(76.3851 951.779 0)
(587.636 2939.7 0)
(-74.3437 851.986 0)
(10.4297 2807.02 0)
(110.657 2853.81 0)
(261.02 2734 0)
(67.0081 2700.95 0)
(-569.28 2809.56 0)
(304.695 2903.44 0)
(-382.005 2570.23 0)
(1371.91 2367.33 0)
(83.8782 2506.87 0)
(293.212 2551.22 0)
(75.5923 2791.45 0)
(263.176 2881.75 0)
(20.6728 2786.48 0)
(-4.01249 2732.89 0)
(64.0622 2756.09 0)
(158.829 2679.21 0)
(-9.61822 2741.98 0)
(13.6579 2802.89 0)
(287.042 2550.5 0)
(-1159.38 1901.27 0)
(-8.76674 2725.25 0)
(5.46977 2796.71 0)
(-694.446 2046.61 0)
(346.559 2498.81 0)
(170.941 2747.58 0)
(149.527 2785.46 0)
(41.6925 2735.8 0)
(-276.359 2833.26 0)
(-960.704 1677.16 0)
(-283.04 2811.87 0)
(88.246 2803.15 0)
(-50.8839 2798.71 0)
(-41.2516 534.462 0)
(-29.2024 210.647 0)
(-144.933 2757.54 0)
(-168.494 2874.9 0)
(525.19 2953.51 0)
(-175.262 2815.83 0)
(180.071 2736.56 0)
(-193.409 2627.12 0)
(871.089 2685.8 0)
(-676.915 2881.03 0)
(-257.346 2822.54 0)
(-720.813 2015.85 0)
(-796.821 2839.68 0)
(55.9182 2758.49 0)
(-151.576 2696.96 0)
(1029.66 1693.68 0)
(13.2416 2801.72 0)
(101.355 2675.03 0)
(-330.801 2595.64 0)
(110.724 2793.61 0)
(486.609 2968.83 0)
(-46.3563 2788.94 0)
(-227.764 2709.8 0)
(124.875 2569.08 0)
(287.473 2668.55 0)
(180.241 2726.85 0)
(-93.1764 1473.07 0)
(1007.97 2545.87 0)
(-108.826 2773.93 0)
(342.48 2515.49 0)
(212.118 2684.85 0)
(-2384.83 1114.33 0)
(421.869 2410.94 0)
(697.414 2667.21 0)
(7.43795 2805.74 0)
(508.498 2955.1 0)
(-121.692 2790.19 0)
(45.0336 615.709 0)
(-90.041 2607.65 0)
(-221.785 2613.87 0)
(178.776 2591.76 0)
(10.7139 2798.06 0)
(120.646 2786.54 0)
(-14.2021 560.452 0)
(181.015 2719.18 0)
(-3.39798 2823.91 0)
(-145.418 2690.01 0)
(381.396 2868.43 0)
(-12.6387 934.205 0)
(-238.766 2614.15 0)
(-142.277 2891.99 0)
(-143.182 2743.3 0)
(314.296 2529.63 0)
(231.26 2635.48 0)
(462.619 2441.82 0)
(-1482.92 2536.76 0)
(50.6626 2701 0)
(-53.7986 2747.85 0)
(-147.586 2743.21 0)
(82.8895 2803.73 0)
(91.3093 2745.09 0)
(1754.87 2034.64 0)
(107.411 542.106 0)
(1292.43 2440.96 0)
(-159.925 2672.66 0)
(167.104 2745.79 0)
(-25.0598 140.143 0)
(44.9892 2741.58 0)
(-84.073 2776.25 0)
(190.65 2686.33 0)
(76.633 2738.54 0)
(35.8174 2729.89 0)
(106.531 2795.28 0)
(14.5051 2795.09 0)
(-77.3279 2986.9 0)
(-209.368 2685.88 0)
(497.2 2391.59 0)
(58.3446 2800.47 0)
(1257.57 2381.12 0)
(45.3601 812.617 0)
(-146.945 2754.39 0)
(75.5733 2807.15 0)
(-177.689 2646.86 0)
(5.66072 2804.53 0)
(-128.159 2754.93 0)
(-657.385 2534.46 0)
(-55.8315 2781.46 0)
(20.7242 2810.5 0)
(173.205 2738.52 0)
(-2076.57 1486.26 0)
(175.872 2721.64 0)
(291.993 2633.27 0)
(9.48643 2801.15 0)
(15.762 2808.22 0)
(693.79 2737.62 0)
(-611.974 2322.59 0)
(327.6 2533.63 0)
(-3.32633 860.319 0)
(14.7388 2811.72 0)
(886.499 2130.62 0)
(97.0109 2803.6 0)
(-129.604 2735.3 0)
(-140.989 2749.33 0)
(18.3235 2810.01 0)
(569.297 2372.38 0)
(-51.2284 2788.55 0)
(-218.273 2623.69 0)
(-199.677 2634.7 0)
(-564.354 2782.55 0)
(170.298 2713.46 0)
(754.176 2875.73 0)
(7.41046 2729.47 0)
(-11.5233 2714.95 0)
(54.0546 2743.49 0)
(80.6231 2801.7 0)
(63.6457 2780.64 0)
(-10.398 2722.7 0)
(-66.3897 621.926 0)
(171.641 2553.17 0)
(-141.719 2658.89 0)
(-8.95187 2742.33 0)
(264.768 2640.98 0)
(62.0802 2919.57 0)
(-408.606 2302.77 0)
(235.015 2732.53 0)
(6.50446 769.619 0)
(106.762 2663.25 0)
(-610.078 2778.22 0)
(183.806 2744.57 0)
(-16.2024 2743.12 0)
(-635.493 2767.85 0)
(179.556 2744.07 0)
(115.679 2726.96 0)
(1668 2041.11 0)
(-346.991 2641.59 0)
(-77.3634 2784.25 0)
(244.347 2665.75 0)
(-299.888 2898.69 0)
(182.73 2748.53 0)
(1052.17 2905.36 0)
(-21.8416 2745.54 0)
(174.963 2716.23 0)
(-420.085 2549.81 0)
(-1726.14 1640.78 0)
(273.683 2590.76 0)
(2064.6 1914.58 0)
(12.7851 2788.86 0)
(-125.12 2792.55 0)
(17.253 2804.2 0)
(-65.5911 2785.94 0)
(7.52588 2800.63 0)
(728.78 2910.19 0)
(-795.521 2705.59 0)
(-32.7823 2752.51 0)
(-211.791 2619.5 0)
(12.7626 2730.84 0)
(-155.217 2740.34 0)
(18.2876 2786.54 0)
(-141.804 2762.15 0)
(-8.56979 2791.82 0)
(113.672 2793.09 0)
(-181.728 2819 0)
(-25.6147 183.23 0)
(-146.876 2737.43 0)
(-157.146 673.943 0)
(-46.5607 2780.94 0)
(133.265 2888.55 0)
(-182.881 2712.58 0)
(-19.0808 881.11 0)
(-81.2902 2770.15 0)
(-265.584 2607.27 0)
(-139.067 2765.72 0)
(21.67 2800.68 0)
(-29.3782 2711.56 0)
(-1.40841 91.6437 0)
(-34.4012 2729.35 0)
(-2377.07 999.407 0)
(11.0412 2728.62 0)
(193.086 2717.34 0)
(172.226 2724.3 0)
(-121.255 2737.61 0)
(-138.452 2759.15 0)
(-29.8505 2908.26 0)
(-58.8908 2752.49 0)
(-88.5751 2768.31 0)
(-189.017 2749.15 0)
(202.916 2877.91 0)
(73.735 2779.88 0)
(5.92813 2796.31 0)
(-110.097 2790.77 0)
(503.075 2949.38 0)
(186.437 2716.2 0)
(-28.2471 2675.97 0)
(-3.23768 2751.34 0)
(-15.3262 2636.71 0)
(-124.552 2710.52 0)
(-104.399 2697.38 0)
(-59.9793 2775.71 0)
(33.6044 2936.78 0)
(-8.64454 2665.75 0)
(63.8883 2789.06 0)
(26.5651 2978.62 0)
(18.2 2803.07 0)
(182.411 2740.37 0)
(1781.24 1480.07 0)
(2383.44 1084.95 0)
(712.232 2863.29 0)
(260.173 2612.92 0)
(-239.755 2607.88 0)
(-59.8339 2778.15 0)
(15.0569 2799.59 0)
(754.437 2875.18 0)
(182.441 2719.49 0)
(18.7169 2756.07 0)
(11.9241 2762.6 0)
(-72.9669 2776.99 0)
(-86.8093 2774.57 0)
(-161.203 2673.52 0)
(-83.4182 2677.91 0)
(19.2071 2801.03 0)
(-143.17 2721.84 0)
(107.988 2792 0)
(9.52613 2793.44 0)
(231.297 2619.58 0)
(131.23 820.061 0)
(261.942 2638.03 0)
(-73.4694 2679.16 0)
(-138.572 2719.99 0)
(-0.919546 2707.6 0)
(17.2324 149.104 0)
(-142.931 2755 0)
(-140.612 2751.31 0)
(-454.243 2431.16 0)
(10.1683 2778.07 0)
(-2301.19 1251.81 0)
(-74.2493 2712.91 0)
(50.2996 400.012 0)
(114.416 2762.28 0)
(55.5086 443.074 0)
(-22.0215 2827.28 0)
(614.273 2323.81 0)
(-68.8416 2710.54 0)
(334.19 2535.35 0)
(-1908.84 1852.46 0)
(77.9463 2769.19 0)
(150.323 2788.26 0)
(444.672 2278.46 0)
(-195.068 2698.06 0)
(185.788 2717.23 0)
(-844.866 2828.41 0)
(5.43783 2697.38 0)
(118.975 2777.91 0)
(179.424 2719.16 0)
(177.661 2720.91 0)
(-3.85935 77.9847 0)
(-96.7212 2786.94 0)
(-23.4626 171.268 0)
(-89.0691 2877.61 0)
(271.526 2646.46 0)
(-91.4946 2779.06 0)
(17.2365 2768.53 0)
(823.194 2569.01 0)
(-3.21856 2719.07 0)
(193.486 2745.97 0)
(-19.8778 163.014 0)
(-282.473 2842.23 0)
(-140.304 2752.23 0)
(-660.556 2767.57 0)
(19.8644 2796.86 0)
(70.0218 2806.42 0)
(73.3209 715.673 0)
(9.46641 864.742 0)
(1112.26 2770.21 0)
(202.244 2710.55 0)
(69.8059 2783.05 0)
(66.9278 500.355 0)
(-141.944 2754.58 0)
(165.688 2777.6 0)
(-904.814 2805.47 0)
(683.484 2917.05 0)
(-331.864 2507.74 0)
(-50.8056 2775.48 0)
(179.497 2590.66 0)
(274.833 135.028 0)
(8.06218 2787.37 0)
(22.3514 2792.54 0)
(38.9197 2746.82 0)
(50.3389 2751.95 0)
(-187.296 701.117 0)
(293.012 2720.3 0)
(17.4516 2790.64 0)
(-439.523 2542.74 0)
(-23.5457 2804.11 0)
(-157.405 564.51 0)
(-17.9583 2598.07 0)
(-130.038 2736.39 0)
(-181.49 2900.07 0)
(-62.6792 257.393 0)
(-17.1476 2557.79 0)
(1427.02 2362.55 0)
(14.8885 2765.88 0)
(-242.15 2824.38 0)
(272.814 2645.9 0)
(-4.50325 2729.54 0)
(-38.4278 2717.78 0)
(-224.499 2918.98 0)
(-85.3145 2780.27 0)
(38.1226 2772.05 0)
(-1235.57 1926.47 0)
(13.5668 2786.32 0)
(34.2992 2867.68 0)
(69.0817 2707.36 0)
(8.28468 2723.54 0)
(-85.8315 2768.09 0)
(-119.932 2716.53 0)
(-858.113 2504.9 0)
(130.662 2782.9 0)
(-6.34573 2742.25 0)
(-64.1818 2773.63 0)
(-138.232 2735.7 0)
(116.574 2790.37 0)
(-98.1003 695.196 0)
(-373.811 2841.03 0)
(4.80812 2756.15 0)
(-75.0752 2772.32 0)
(54.6012 2802.38 0)
(15.8333 2766.62 0)
(3.82375 2743.65 0)
(-46.6445 317.251 0)
(-112.476 2721.88 0)
(-43.4045 2729.63 0)
(-523.865 2921.82 0)
(-349.675 2590.13 0)
(100.684 2785.72 0)
(-673.848 2728.78 0)
(-10.2912 2814.05 0)
(-989.717 2308.1 0)
(20.2297 2561.92 0)
(-100.581 2753.72 0)
(-258.587 2596.95 0)
(-2.27806 1168.34 0)
(40.1662 2744.51 0)
(-46.1053 158.227 0)
(-41.7653 142.915 0)
(-48.7931 166.879 0)
(-72.4688 247.503 0)
(-65.2547 225.104 0)
(-91.4859 312.193 0)
(-39.5592 135.503 0)
(-53.5512 183.963 0)
(-37.5633 128.734 0)
(-95.6468 327.303 0)
(-62.4794 214.181 0)
(-35.6039 122.18 0)
(-68.9472 236.416 0)
(-358.674 2822.34 0)
(-14.8624 2727.8 0)
(347.97 2963.93 0)
(66.9852 1006.74 0)
(-55.3171 2798.03 0)
(-76.0682 259.964 0)
(-94.9868 2781.76 0)
(153.884 2672.93 0)
(21.8565 2785.67 0)
(-40.4563 2755.7 0)
(-27.1452 2732.4 0)
(-94.1056 2767.63 0)
(320.719 2865.7 0)
(116.03 2764.4 0)
(321.464 2531.12 0)
(-73.1421 2772.65 0)
(-87.2146 298.551 0)
(-0.635287 2765.72 0)
(-14.803 2734.68 0)
(-137.34 2725.26 0)
(-100.266 341.42 0)
(179.185 2753.24 0)
(-60.5864 2757.27 0)
(20.5209 2763.36 0)
(78.6097 2899.81 0)
(-1605.34 1656.12 0)
(-25.7443 1490.32 0)
(75.9392 2800.63 0)
(3.5679 2759.36 0)
(-80.8168 2693.6 0)
(95.1722 326.134 0)
(-110.316 2768.13 0)
(-68.1121 425.684 0)
(76.3145 2788.49 0)
(-191.249 2643.27 0)
(-114.736 2794.72 0)
(3.45539 1466.31 0)
(-220.135 2815.46 0)
(391.094 2829.85 0)
(128.703 2785.79 0)
(8.9508 1101 0)
(81.3939 2802.21 0)
(-118.317 2738.32 0)
(6.01918 2776.05 0)
(-79.0657 2774.22 0)
(104.88 2733.27 0)
(20.4296 161.676 0)
(-107.066 364.084 0)
(145.218 657.879 0)
(-23.8833 2755.19 0)
(-85.748 2661.48 0)
(762.85 2812.61 0)
(2168.55 780.956 0)
(109.164 2779.18 0)
(-771.189 2892.22 0)
(459.723 2858.07 0)
(-174.973 2811.05 0)
(-78.0342 2797.71 0)
(-243.616 2815.89 0)
(-111.895 2740.52 0)
(-58.4357 2706.27 0)
(-821.001 2928.63 0)
(-215.69 2899.66 0)
(-80.8558 2773.92 0)
(5.76706 2738.48 0)
(12.9869 2762.63 0)
(-47.9519 2717.59 0)
(-27.8518 2721.45 0)
(-107.274 2644.61 0)
(451.572 2305.58 0)
(-48.5883 2721.19 0)
(-62.1011 2709.4 0)
(176.299 2762.88 0)
(25.5568 2783.2 0)
(54.856 2777.44 0)
(149.453 2762.87 0)
(43.1452 2990.57 0)
(1310.29 2537.97 0)
(-601.744 2745.36 0)
(-84.214 2775.61 0)
(71.3006 2746.12 0)
(8.38684 2892.43 0)
(343.136 2835.6 0)
(-418.101 2979.86 0)
(124.116 630.35 0)
(-90.8333 2779.52 0)
(-87.4434 2777.25 0)
(388.949 2488.15 0)
(-10.5675 2761.78 0)
(-44.0595 2725.38 0)
(-97.9968 2595.68 0)
(-85.1329 2776.14 0)
(-72.643 2696.22 0)
(-90.4837 2700.04 0)
(-52.8823 2763.93 0)
(357.574 2487.41 0)
(12.9915 2768.76 0)
(89.7776 2898.02 0)
(-215.14 2814.92 0)
(-782.991 2690.7 0)
(15.3495 2780.47 0)
(161.202 743.494 0)
(-92.1396 2713.17 0)
(-36.369 2728.71 0)
(179.744 2857.71 0)
(26.9769 143.325 0)
(-103.777 2724.23 0)
(92.7064 2634.23 0)
(350.868 2665.06 0)
(-209.565 2631.13 0)
(190.942 2744.76 0)
(20.719 2782.42 0)
(175.817 2757.79 0)
(874.994 2415.36 0)
(-121.258 2845.08 0)
(30.7476 2729.81 0)
(113.61 2779.66 0)
(281.289 2802.57 0)
(828.816 2828.22 0)
(392.943 2515.22 0)
(19.3072 2769.88 0)
(59.3396 2788.42 0)
(-85.7103 2451.14 0)
(-74.3376 2722.73 0)
(-181.544 2659.26 0)
(490.969 2927.7 0)
(-80.375 2772.82 0)
(-693.579 2755.06 0)
(55.5271 2753.28 0)
(-92.1094 2753.76 0)
(-132.353 2800.47 0)
(-28.914 2756.6 0)
(-16.9057 2736.12 0)
(104.993 2780.98 0)
(128.652 2659.48 0)
(154.834 2773.77 0)
(-79.0121 2759.17 0)
(6.30407 2731.02 0)
(-159.232 717.56 0)
(15.6602 2761.52 0)
(1474.53 2094.84 0)
(104.566 2705.7 0)
(152.046 2663.27 0)
(2.4413 2725.49 0)
(-63.9689 2754.58 0)
(-160.203 2810.73 0)
(1506.68 1701.36 0)
(-202.271 2718.08 0)
(99.1172 2718.38 0)
(10.8874 2764.82 0)
(-44.5173 2728.55 0)
(-22.8008 2731.82 0)
(286.664 2865.72 0)
(-406.299 2629.56 0)
(-32.8902 2760.49 0)
(-3.77713 2720.08 0)
(-56.8615 2760.69 0)
(-77.5722 2785.98 0)
(-129.501 439.731 0)
(106.506 2795.33 0)
(-36.4931 261.145 0)
(-8.93813 2736.12 0)
(20.5873 2768.25 0)
(37.4034 2645.07 0)
(36.8869 2764.82 0)
(184.129 2749.27 0)
(1.51203 87.8695 0)
(329.466 2997.68 0)
(924.82 2783.61 0)
(25.1214 2770.06 0)
(-155.965 2770.13 0)
(98.5794 2767.09 0)
(-35.4607 2726.59 0)
(-82.2135 2792.85 0)
(-20.7247 2746.23 0)
(104.632 2789.75 0)
(-56.4109 2759.21 0)
(102.392 2706.84 0)
(387.091 2519.85 0)
(48.7821 2891.23 0)
(-70.9823 2758.7 0)
(1.50883 2737.4 0)
(-68.123 2769.9 0)
(-34.6664 2728.4 0)
(115.471 2710.48 0)
(-19.0865 2750.23 0)
(424.659 2098.61 0)
(-602.928 307.653 0)
(-339.693 1654.62 0)
(114.828 2778.36 0)
(-129.287 2655.17 0)
(267.854 2802.85 0)
(515.131 2371.86 0)
(117.824 2773.78 0)
(-831.496 2812.33 0)
(-23.0093 1796.8 0)
(710.732 2853.68 0)
(-285.186 2814.12 0)
(288.191 2653.03 0)
(35.5134 2748.11 0)
(-28.7183 98.6977 0)
(8.62284 2761.11 0)
(3.38368 2704.99 0)
(1073.24 2309.74 0)
(-157.541 2749.32 0)
(380.604 2869.39 0)
(46.8606 2746.65 0)
(246.977 2791.53 0)
(235.281 2715.7 0)
(61.9066 2725.48 0)
(-405.386 3002.14 0)
(-7.2081 2795.47 0)
(70.6693 2764.54 0)
(820.67 2138.52 0)
(-97.7661 2764.94 0)
(-248.987 2828.39 0)
(425.752 2971.4 0)
(30.6127 2761.39 0)
(405.722 2333.54 0)
(-2377.83 955.473 0)
(-141.512 2617.25 0)
(-181.646 2725.2 0)
(253.013 2788.71 0)
(25.9247 2752.76 0)
(-24.2653 2728.74 0)
(-94.8058 2761.83 0)
(23.6289 2766.34 0)
(114.733 2619.81 0)
(-687.251 2741.91 0)
(-37.491 2737.66 0)
(-374.735 2604.78 0)
(-12.3621 2708.12 0)
(183.816 2760.52 0)
(79.6846 2772.85 0)
(469.173 2030.79 0)
(-97.3933 2764.76 0)
(-15.5814 2745.17 0)
(-91.1003 2919.75 0)
(17.9157 2755.01 0)
(-6.02399 2752.58 0)
(-104.079 2749.65 0)
(-10.6731 2759.87 0)
(-24.8427 2751.49 0)
(-123.968 788.981 0)
(29.9091 2835.6 0)
(-85.1458 2786.05 0)
(-328.744 2864.02 0)
(-45.1611 2723.9 0)
(-672.66 2714.56 0)
(18.0418 2764.42 0)
(-57.0714 2715.8 0)
(11.1104 2807.15 0)
(365.124 2861.32 0)
(-270.906 2267.88 0)
(-2362.15 1155.59 0)
(116.643 2780.55 0)
(64.6269 2634.49 0)
(218.44 3018.92 0)
(556.337 2828.51 0)
(-358.993 2865.76 0)
(765.699 2704.93 0)
(101.443 2680.55 0)
(-237.732 2860.91 0)
(104.344 2781.42 0)
(10.1579 2807.25 0)
(-162.88 2992.41 0)
(-152.077 2760.53 0)
(121.307 2776.87 0)
(79.0278 2771.45 0)
(-52.37 2720.64 0)
(-134.505 2770.41 0)
(-767.563 2850.63 0)
(393.596 2510.48 0)
(6.95207 2739.77 0)
(-97.8628 2789.94 0)
(-154.066 2956.06 0)
(257.9 870.522 0)
(-262.707 2817.11 0)
(-8.49449 2701.8 0)
(15.8012 2808.66 0)
(133.739 2722.95 0)
(498.989 2132.07 0)
(15.9233 2748.93 0)
(18.3519 2809.75 0)
(13.7413 2807.6 0)
(1476.91 2029.6 0)
(171.9 2751.14 0)
(164.871 2860.58 0)
(-804.102 1913.02 0)
(81.721 2654.18 0)
(196.967 2682.76 0)
(55.6028 2889.73 0)
(256.583 2563.32 0)
(1073.19 2924.12 0)
(12.9078 2802.63 0)
(255.069 2844.52 0)
(215.409 2698.84 0)
(-314.135 2951.35 0)
(233.265 2783.6 0)
(179.461 2736.64 0)
(46.4675 2575.8 0)
(-96.767 665.881 0)
(-148.576 2792.58 0)
(-82.0415 2765.18 0)
(128.95 2632.1 0)
(-144.706 2758.42 0)
(184.348 2745.48 0)
(-628.721 2463.99 0)
(94.5519 2777.64 0)
(94.4645 2683.96 0)
(-259.302 2813.23 0)
(-98.1849 2790.12 0)
(-27.1706 93.3225 0)
(182.175 2748.33 0)
(-65.6292 2796.98 0)
(-876.446 2406.79 0)
(-83.036 2791.49 0)
(178.698 2750.39 0)
(120.109 2502.63 0)
(-155.785 2752.57 0)
(177.231 2761.47 0)
(601.578 2775.54 0)
(-146.816 2767.38 0)
(110.307 2794.23 0)
(-4.59605 2787.91 0)
(-24.182 2797.72 0)
(78.0837 2859.99 0)
(97.5569 2771.68 0)
(142.45 2521.05 0)
(33.2328 2801.62 0)
(17.1806 2803.95 0)
(171.907 2761.91 0)
(45.8855 2755.84 0)
(-141.712 2763.05 0)
(36.4672 3023.69 0)
(284.373 2815.01 0)
(21.7053 2800.47 0)
(38.374 2755.51 0)
(179.75 2724.75 0)
(-91.4704 2677.21 0)
(-56.2789 2787.06 0)
(26.6086 2740.9 0)
(34.174 2763.43 0)
(-138.12 2758.83 0)
(187.994 2726.91 0)
(-222.809 2633.38 0)
(13.1249 2800.61 0)
(88.3208 2887.92 0)
(-180.675 2747.57 0)
(116.897 2558.21 0)
(710.775 2872.89 0)
(151.017 2701.32 0)
(-1210.15 2486.75 0)
(-112.316 2720.33 0)
(-951.924 2479.45 0)
(145.784 2770.07 0)
(106.227 2779.42 0)
(120.819 1407.97 0)
(-1171.43 2459.28 0)
(-36.7096 2775.83 0)
(-137.319 2800.86 0)
(10.3198 2753.58 0)
(10.3971 2798.01 0)
(-746.945 2709.13 0)
(-108.898 2684.66 0)
(896.244 1838.51 0)
(-154.696 689.068 0)
(308.436 2988.7 0)
(-1.19706 2810.45 0)
(188.713 2718.02 0)
(17.0341 2798.77 0)
(-22.8208 2755.22 0)
(-845.724 2828.6 0)
(1138.44 2354.27 0)
(97.251 2764.65 0)
(361.486 2810.49 0)
(-38.7148 2745.14 0)
(454.541 2813.15 0)
(-6.02773 2740.2 0)
(62.8257 1412.02 0)
(-7.88574 2820.04 0)
(-141.002 2757.95 0)
(-149.026 2742.52 0)
(155.66 2797.78 0)
(-150.224 2474.06 0)
(238.84 2641.9 0)
(31.6331 2760.31 0)
(-142.997 2742.34 0)
(115.785 2551.92 0)
(218.459 749.552 0)
(24.3667 2747.78 0)
(-22.1009 2756 0)
(76.8448 2770.36 0)
(116.327 2782.61 0)
(-28.8485 2737.26 0)
(2275.69 1206.29 0)
(-55.5124 2762.91 0)
(232.882 2685.41 0)
(-300.438 2729.98 0)
(-105.579 2765.51 0)
(261.851 2563.67 0)
(154.231 877.062 0)
(-83.4838 2691.93 0)
(123.331 2575.21 0)
(-140.43 2721.87 0)
(-326.097 2839.93 0)
(14.8289 2799.87 0)
(19.8765 2803.11 0)
(1768.82 2479.42 0)
(-154.133 2763.17 0)
(107.541 939.666 0)
(17.0845 2813.8 0)
(-1595.81 2009.1 0)
(1330.46 2462.78 0)
(316.298 3032.92 0)
(62.1538 890.514 0)
(173.792 2721.82 0)
(13.6666 2753.03 0)
(533.838 2403.42 0)
(-163.181 2757.67 0)
(-142.872 2754.84 0)
(-47.8768 2699.65 0)
(-90.8707 2773.35 0)
(3.98788 2760.3 0)
(549.157 2684.65 0)
(-294.339 2875.12 0)
(1859.39 1712.64 0)
(-463.959 2456.59 0)
(73.8129 2779.99 0)
(307.282 2620.9 0)
(185.472 2717.3 0)
(-841.051 1745.09 0)
(181.871 2718.34 0)
(14.7696 2795.25 0)
(-28.0391 2749.98 0)
(-10.5644 2715.43 0)
(-0.00993737 2774.83 0)
(25.9265 2758.08 0)
(13.7429 2732.39 0)
(179.495 2719.26 0)
(-743.155 2706.95 0)
(120.805 2781.14 0)
(93.1462 2787.88 0)
(176.936 2720.66 0)
(-141.24 2766.62 0)
(-103.982 2780.44 0)
(-29.0507 213.525 0)
(291.925 2626.76 0)
(-144.959 2742.88 0)
(-139.289 2751.29 0)
(2.77255 2761.06 0)
(35.687 2791.89 0)
(423.342 2458.55 0)
(99.9435 2766.76 0)
(21.8374 2874.61 0)
(107.98 2777.55 0)
(171.845 2722.79 0)
(-146.945 2763.22 0)
(275.021 2594.8 0)
(44.359 2720.75 0)
(58.6192 2889.34 0)
(1101.54 2792 0)
(129.312 2775.6 0)
(182.295 2640.39 0)
(-23.0771 2732.55 0)
(353.119 2715.98 0)
(-129.052 2670.43 0)
(-1.26171 2732.47 0)
(106.85 2757.59 0)
(482.905 2412.41 0)
(20.436 2755.51 0)
(-277.031 2854.74 0)
(20.144 2796.98 0)
(-62.0813 2766.34 0)
(12.7532 2789.04 0)
(-192.255 2760.29 0)
(-7.69914 2770.08 0)
(22.4563 2792.78 0)
(-142.575 2751.25 0)
(12.8199 2739.45 0)
(-332.164 2851.25 0)
(133.876 2630.56 0)
(-75.2547 2772.63 0)
(342.762 2613.03 0)
(17.4659 2790.87 0)
(16.4803 2730.37 0)
(-45.7646 2759.62 0)
(10.0513 2745.92 0)
(23.9155 2754.18 0)
(74.5068 2761.76 0)
(-60.6321 2882.35 0)
(-98.6867 2783.54 0)
(-140.713 2737.95 0)
(-1323.71 3153.8 0)
(284.359 2777.44 0)
(-767.074 2562.28 0)
(20.7479 2751.72 0)
(64.8938 787.964 0)
(1180.35 2504.06 0)
(1389.34 1887.72 0)
(409.638 2788.29 0)
(11.6936 2812.62 0)
(-476.921 2493.31 0)
(-83.9657 2697.36 0)
(306.808 2655.01 0)
(-110.12 2912.11 0)
(-145.195 2735.5 0)
(-229.681 2947.15 0)
(1230.17 2503.07 0)
(-120.639 2674.39 0)
(-506.058 2932.8 0)
(16.816 2786.48 0)
(-11.7333 770.391 0)
(65.1294 2729.68 0)
(51.3948 2707.83 0)
(-95.2157 2696.08 0)
(-43.7848 2756.62 0)
(42.3584 2788.22 0)
(4.11794 2698 0)
(-55.1565 717.526 0)
(-2405.48 969.23 0)
(45.6048 2752.18 0)
(-25.6356 88.3143 0)
(-156.992 2756.29 0)
(1732.49 2596.66 0)
(54.6442 2738.04 0)
(51.0526 2711.15 0)
(82.712 2761.77 0)
(51.9129 2749.68 0)
(-341.555 2857.49 0)
(-69.6126 828.477 0)
(-426.728 2546.41 0)
(-130.507 2719.79 0)
(-34.1924 230.545 0)
(10.1038 2727.42 0)
(-138.956 2725.82 0)
(-32.7865 2754.5 0)
(735.949 2250.11 0)
(-81.1404 2770.3 0)
(-1.8744 2750.81 0)
(-121.229 2734.17 0)
(-16.8827 923.658 0)
(-89.9645 2771.34 0)
(93.3076 2812.45 0)
(-1827.5 2258.3 0)
(-48.8677 2759.49 0)
(21.6008 2786.39 0)
(63.5513 2803.93 0)
(-112.317 2805.56 0)
(93.0698 2700.86 0)
(19.4139 1844.9 0)
(-281.475 2597.65 0)
(-142.55 2918.31 0)
(119.595 2599.96 0)
(9.09072 78.4318 0)
(-1334.12 2196.42 0)
(-48.7517 2759.36 0)
(129.193 2781.57 0)
(436.742 2454.84 0)
(62.2372 315.793 0)
(92.2508 2758.06 0)
(-1005.88 2444.03 0)
(226.629 2811.89 0)
(7.39198 2750.51 0)
(268.85 2699.83 0)
(-35.0937 2752.12 0)
(1340.79 1997.71 0)
(-40.5045 2755.81 0)
(105.009 2678.09 0)
(-234.457 2599.06 0)
(67.9254 2709.68 0)
(-135.638 2672.05 0)
(9.6134 2726.91 0)
(347.814 2830.65 0)
(108.697 2767.02 0)
(13.5037 2755.74 0)
(-91.0081 2779.31 0)
(-208.377 2789.61 0)
(49.2204 645.81 0)
(-80.8117 2777.88 0)
(86.7152 2781.57 0)
(-1830.44 1128.78 0)
(-181.684 2777.79 0)
(-1.43137 2763.73 0)
(-53.8752 2707.51 0)
(25.8428 2783.61 0)
(492.124 2419.78 0)
(0.358762 765.611 0)
(-51.4556 2763.64 0)
(49.6247 685.184 0)
(-84.3384 2775.87 0)
(-112.578 2737.68 0)
(184.143 2638.4 0)
(10.3274 2778.31 0)
(-784.899 2673.99 0)
(-90.9418 2735.71 0)
(-72.1864 2697.85 0)
(96.8914 821.687 0)
(159.034 2876.83 0)
(-79.0354 877.743 0)
(-95.2694 2677.24 0)
(-15.2728 2728.69 0)
(-180.609 702.649 0)
(202.336 2545.93 0)
(72.298 913.102 0)
(-2.86386 2760.98 0)
(-93.1076 2792.69 0)
(-85.4042 2776.69 0)
(42.5761 249.914 0)
(-87.5094 2777.3 0)
(239.971 2758.59 0)
(83.0738 2810.98 0)
(-71.8228 2710.19 0)
(20.9164 2782.36 0)
(234.808 1016.73 0)
(87.6647 2761.37 0)
(-94.5141 404.295 0)
(15.7877 2770.33 0)
(14.0408 2819.99 0)
(1461.75 2334.88 0)
(1242.8 2366.79 0)
(103.054 766.79 0)
(113.111 2768.27 0)
(-38.2791 2758.75 0)
(429.77 2772.42 0)
(-102.807 2728.33 0)
(-87.6524 2777.81 0)
(1308.21 2439.86 0)
(484.78 2782.58 0)
(-72.3054 2677.75 0)
(15.6028 2780.61 0)
(-58.877 2700.8 0)
(67.9121 2868.84 0)
(-82.2866 2773.9 0)
(691.897 2722.91 0)
(-12.9651 2744.21 0)
(557.296 2750.29 0)
(16.7641 2734.22 0)
(19.5817 2774.95 0)
(-97.4699 2757.82 0)
(199.228 2781.08 0)
(643.302 2778.65 0)
(-145.895 2801.7 0)
(-85.2809 2713.41 0)
(103.364 1478.97 0)
(-22.5923 2795.86 0)
(85.6658 748.312 0)
(624.131 2780.69 0)
(198.617 2772.28 0)
(-208.133 2606.46 0)
(-115.739 2683.8 0)
(2104.5 2091.19 0)
(745.858 2770.66 0)
(-42.2856 2718.87 0)
(29.5408 3022.08 0)
(75.1461 2776.79 0)
(360.366 2994.6 0)
(332.897 2972.67 0)
(940.585 2747.36 0)
(49.7229 2812.42 0)
(-153.265 2811.7 0)
(137.605 2693.35 0)
(-20.0721 2756.1 0)
(406.743 2366.2 0)
(24.1578 2749.64 0)
(10.4675 2737.02 0)
(-73.0038 2739.25 0)
(110.444 2682.81 0)
(-65.6943 2668.47 0)
(662.66 2782.13 0)
(18.1289 2744.71 0)
(7.98525 2745.71 0)
(114.383 2803.36 0)
(-213.711 2672.57 0)
(162.852 787.382 0)
(0.709532 96.6655 0)
(99.7099 2698.63 0)
(87.1229 2751.57 0)
(-76.6132 2698.63 0)
(15.6745 2766.4 0)
(88.805 2762.73 0)
(-74.5576 2772.68 0)
(-532.532 2153.55 0)
(18.1894 2722.13 0)
(-100.412 2791.48 0)
(-53.9622 2731.36 0)
(-229.654 2619.63 0)
(-1806.21 2483.03 0)
(-119.156 427.396 0)
(-206.769 2717.48 0)
(52.1648 2801.94 0)
(10.3341 2770.34 0)
(-2.86977 2747.31 0)
(-23.3733 2753.34 0)
(114.359 2767.88 0)
(-1835.29 2358.06 0)
(14.2249 2730.9 0)
(-913.223 2598.92 0)
(-23.8041 2732.57 0)
(17.3248 2723.89 0)
(-143.726 2643.87 0)
(-771.644 2872.86 0)
(64.2969 943.946 0)
(-153.954 2757.04 0)
(25.0881 105.085 0)
(-789.522 2853.31 0)
(-1229.73 1910.87 0)
(558.264 2596.16 0)
(101.468 2770.9 0)
(7.49788 2727.13 0)
(-212.878 2820.32 0)
(103.6 2691.76 0)
(8.62013 1122.25 0)
(-19.7816 2732.18 0)
(25.0412 2770.19 0)
(20.4351 2768.15 0)
(-70.486 2769.78 0)
(192.033 2668.07 0)
(124.026 2856.34 0)
(435.116 2645.61 0)
(110.472 2780.55 0)
(-26.977 2749.76 0)
(-16.8476 2731.79 0)
(-809.953 2832.6 0)
(83.4421 2856.52 0)
(-101.247 2690.15 0)
(-1784.67 1131.3 0)
(102.363 2526.58 0)
(842.59 2603.63 0)
(135.19 2674.5 0)
(-152.342 3010.48 0)
(167.887 2670.68 0)
(209.004 2802.64 0)
(1769.2 1138.34 0)
(222.635 2752.05 0)
(-94.8376 2692.89 0)
(16.0016 2736.03 0)
(73.4243 530.987 0)
(-23.7346 173.823 0)
(133.276 2795.32 0)
(-60.4587 2758.19 0)
(-437.362 2479.91 0)
(159.705 2860.55 0)
(33.1817 2837.37 0)
(386.408 2480.73 0)
(114.534 3024.85 0)
(672.986 2893.8 0)
(-31.5413 2726.83 0)
(-145.994 2801.57 0)
(530.094 2367.2 0)
(12.4157 2730.86 0)
(64.042 2752.36 0)
(2344.03 1204.02 0)
(127.902 2676.76 0)
(114.253 2778.77 0)
(40.0621 2712.86 0)
(-149.219 2766.09 0)
(10.1197 2852.54 0)
(367.69 2612.24 0)
(-129.877 2757.53 0)
(-44.3125 2721.26 0)
(20.5917 2761.93 0)
(23.7952 2766.23 0)
(4.7356 2748.71 0)
(-109.649 2783.18 0)
(13.1932 2762.52 0)
(627.299 2747.72 0)
(-230.334 2626.61 0)
(-190.502 2815.08 0)
(54.9302 2780.79 0)
(-10.0143 2752.47 0)
(-6.34905 2742.11 0)
(-22.2199 2748.26 0)
(-8.28671 2757.32 0)
(187.601 2751.57 0)
(62.517 2746.09 0)
(-48.94 2960.39 0)
(-46.3549 2777 0)
(66.3425 2905.77 0)
(-788.259 2895.89 0)
(69.7327 885.761 0)
(26.7539 2799.47 0)
(18.3449 2764.37 0)
(-24.9751 2760.74 0)
(-192.407 617.986 0)
(-854.222 1815.2 0)
(-14.4341 2755.94 0)
(-74.6017 2751.15 0)
(-20.8206 2759.41 0)
(-127.323 2651.49 0)
(53.5774 2767.44 0)
(-27.5899 188.117 0)
(-167.16 572.784 0)
(-220.089 2631.97 0)
(-41.6527 2827.53 0)
(957.517 2773.57 0)
(6.89409 2810.87 0)
(-40.8937 2725.04 0)
(332.054 2777.18 0)
(90.6847 2697.57 0)
(196.302 1621.37 0)
(-478.752 2395.82 0)
(-263.387 2776.12 0)
(-74.2168 2709.13 0)
(61.4918 2751.4 0)
(171.035 2754.14 0)
(970.841 2761.57 0)
(-128.226 2782.41 0)
(608.007 1726.39 0)
(-119.026 630.808 0)
(78.1133 2758.34 0)
(60.4882 1078.08 0)
(-33.921 2728.81 0)
(611.652 2486.05 0)
(75.5936 2743.36 0)
(13.3593 2729.25 0)
(-1106.29 2784.24 0)
(-8.55843 2781.21 0)
(-219.657 2820.36 0)
(-1175.97 2484.98 0)
(-15.4024 2751.16 0)
(-880.916 2810.62 0)
(-10.689 2746.52 0)
(189.754 2756.7 0)
(316.142 2652.06 0)
(151.816 2626.14 0)
(-131.156 2681.81 0)
(-126.513 2654.27 0)
(-269.024 2545.04 0)
(252.088 2999.81 0)
(7.75231 2849.96 0)
(-179.035 2647.62 0)
(179.163 2758.29 0)
(1.64649 2744.4 0)
(-106.06 2681.03 0)
(78.9624 2775.92 0)
(122.852 786.498 0)
(-820.833 1859.54 0)
(155.243 2651.39 0)
(1024.74 1714.64 0)
(328.166 2961.84 0)
(-52.4298 2759.93 0)
(-514.859 2824.46 0)
(460.55 2437.57 0)
(-476.364 2802.39 0)
(94.2015 2776.01 0)
(330.92 2995.13 0)
(-425.789 2807.18 0)
(442.709 2333.56 0)
(-2.05506 2807.17 0)
(-485.189 2439.46 0)
(-263.971 2772.87 0)
(-172.489 2905.4 0)
(109.575 2782.33 0)
(-461.582 2466.6 0)
(-1023.42 2794.84 0)
(20.5403 2810.83 0)
(-444.609 2483.44 0)
(170.94 2739.52 0)
(-13.6983 2761.95 0)
(-122.102 2788.2 0)
(-111.111 2786.56 0)
(85.3001 2762.78 0)
(-430.297 2497.88 0)
(110.323 605.695 0)
(-263.188 2623.02 0)
(16.9018 2734.79 0)
(154.696 2747.97 0)
(21.8986 2764.61 0)
(-2.35865 2797.83 0)
(-155.379 2658.6 0)
(45.969 2759.27 0)
(108.413 635.183 0)
(-317.765 2560.83 0)
(93.3765 2780.57 0)
(2.24793 869.41 0)
(128.623 2804.37 0)
(-204.742 2819.98 0)
(10.8622 2747.5 0)
(-110.869 2745.46 0)
(1902.33 1715.47 0)
(101.051 2774.63 0)
(278.385 2648.69 0)
(21.9142 2729.22 0)
(-213.541 2718.7 0)
(168.476 2656.88 0)
(702.194 2726.91 0)
(-413.203 2508.37 0)
(-921.976 2700.74 0)
(109.601 2544.94 0)
(-1746.03 2020.74 0)
(-92.0215 2723.58 0)
(-448.071 2455.76 0)
(-87.2899 2778.79 0)
(-193.054 2631.16 0)
(90.8133 2808.2 0)
(-23.5298 2792.68 0)
(107.029 2782.44 0)
(19.1146 2727.8 0)
(12.8766 2833.49 0)
(58.0874 2766.91 0)
(39.3706 2755.91 0)
(461.455 2352.9 0)
(34.7999 2759.48 0)
(-45.4969 2809.08 0)
(-41.1011 2810.11 0)
(476.287 2423.07 0)
(285.877 2663.21 0)
(-148.081 2747.24 0)
(-476.235 2439.07 0)
(2410.39 1042.94 0)
(19.8104 2727.12 0)
(31.2395 2760.25 0)
(161.89 2654.61 0)
(-327.889 2842.83 0)
(-138.914 2766.2 0)
(-1643.34 614.819 0)
(1025.31 2524.19 0)
(-477.439 2450.04 0)
(-342.849 2961.19 0)
(-613.748 2906.71 0)
(158.816 2658.31 0)
(-442.389 2866.44 0)
(571.77 2337.5 0)
(60.9129 2767.18 0)
(20.8642 2699.46 0)
(100.53 488.026 0)
(154.399 2659.33 0)
(182.712 2785.37 0)
(124.46 2799.84 0)
(112.96 2525.97 0)
(-53.9651 2806.96 0)
(73.8205 2754.9 0)
(-79.4612 2776.68 0)
(-285.185 2751.21 0)
(763.426 2642.45 0)
(40.542 2818.53 0)
(-386.367 2791.63 0)
(6.06672 2742.97 0)
(34.7854 2746.26 0)
(183.75 2748.4 0)
(115.436 2623.19 0)
(258.344 2792.32 0)
(92.0437 2592.86 0)
(-3.11116 2752.42 0)
(-263.078 2590.59 0)
(26.6996 2759.43 0)
(-151.436 652.368 0)
(1.50383 2747.71 0)
(352.155 2761.74 0)
(118.882 2786.67 0)
(88.5252 2770.85 0)
(-108.935 2783.34 0)
(97.9524 2768.62 0)
(17.4786 2755.54 0)
(6.02192 2752.02 0)
(336.816 1592.76 0)
(21.938 2755.35 0)
(-1711.34 1613.16 0)
(-22.184 2786.38 0)
(-401.318 2698.87 0)
(-34.3347 2734.39 0)
(-44.9279 2740.73 0)
(-20.5488 2768.02 0)
(-87.7129 2797.52 0)
(-154.433 2661.79 0)
(273.855 2653.17 0)
(191.681 2611.72 0)
(353.24 2554.89 0)
(20.3794 2757.53 0)
(113.867 2779.65 0)
(-59.7462 2770.01 0)
(588.619 2350.55 0)
(119.602 2781.4 0)
(-522.201 2399.72 0)
(-53.6269 2714.75 0)
(-27.1792 2802.15 0)
(15.427 2743.61 0)
(70.4428 2752.63 0)
(-579.564 2904.99 0)
(-787.594 1893.01 0)
(-12.5062 2742.49 0)
(-32.7626 859.777 0)
(87.3555 2763.74 0)
(-4.05889 2776.57 0)
(-139.289 2664.09 0)
(-366.968 2847.85 0)
(306.287 2811.15 0)
(-60.7193 2721.97 0)
(-42.7555 2760.26 0)
(-2.13359 2740.42 0)
(117.734 2780.34 0)
(15.9154 2748.49 0)
(3.92941 2717.92 0)
(-151.479 2743.02 0)
(111.013 2804.14 0)
(-867.015 2629.28 0)
(-396.385 2519.84 0)
(47.8017 2849.9 0)
(-178.201 2738.04 0)
(17.8839 848.003 0)
(-2376.34 958.497 0)
(-253.956 2735.94 0)
(23.7008 2754.15 0)
(92.1702 2689.75 0)
(184.358 2791.12 0)
(-80.5643 2770.71 0)
(2240.17 1199.48 0)
(-115.574 1032.24 0)
(20.0542 2751.5 0)
(-7.06916 2733.8 0)
(-104.347 2755.83 0)
(-38.0556 2739.95 0)
(128.275 2782.41 0)
(-2407.28 1006.86 0)
(48.2952 2753.13 0)
(98.0894 2765.82 0)
(-240.341 2608.89 0)
(-170.973 2812.5 0)
(58.7777 540.719 0)
(177.345 2774.88 0)
(55.3015 2747.54 0)
(-134.416 2724.83 0)
(-328.54 2790.24 0)
(-49.0168 2759.52 0)
(67.1077 973.289 0)
(506.428 2836.19 0)
(24.5013 2759.55 0)
(-55.5087 2762.96 0)
(48.1521 2746.4 0)
(615.272 2568.7 0)
(-304.525 2778.83 0)
(143.164 2659.04 0)
(168.156 2653.84 0)
(-75.9017 2706.67 0)
(-22.808 473.056 0)
(143.624 2737.01 0)
(-440.496 2784.76 0)
(177.727 2774.67 0)
(-35.1466 2752.2 0)
(-24.9162 2772.67 0)
(-40.7806 2755.8 0)
(-1255.07 2775.59 0)
(-1761.38 1595.94 0)
(-540.69 2408.85 0)
(59.8061 2747.1 0)
(-224.986 2766.25 0)
(16.0974 2753.51 0)
(72.4617 2796.66 0)
(81.6342 2688.71 0)
(356.179 2555.87 0)
(-1741.65 1695.61 0)
(-619.171 2148.48 0)
(-1609.15 2008.03 0)
(-567.869 2659.27 0)
(10.3053 2927.55 0)
(64.4972 799.229 0)
(-158.056 2617.4 0)
(76.6613 2839.42 0)
(31.77 2748.54 0)
(130.803 2782.59 0)
(-395.419 2802.83 0)
(9.57664 2752.84 0)
(-66.3446 2807.17 0)
(-46.0307 2759.46 0)
(328.696 102.583 0)
(41.095 2742.86 0)
(0.631665 2802.32 0)
(988.545 2732.28 0)
(229.41 2690.06 0)
(45.0176 2742.42 0)
(-922.453 2492.29 0)
(-309.437 2807.92 0)
(-138.648 2803.8 0)
(-9.93849 2738.92 0)
(-128.703 2723.06 0)
(36.48 2737.31 0)
(-21.254 525.616 0)
(-381.675 2539.18 0)
(-117.928 2737.55 0)
(-163.648 2949.67 0)
(-593.171 2179.97 0)
(-57.1012 687.121 0)
(-87.6807 2693.66 0)
(227.84 2606.34 0)
(-1681.48 1952.23 0)
(-101.525 2692.8 0)
(805.069 2906.02 0)
(18.7191 2752.19 0)
(11.7696 2752.97 0)
(-260.809 2971.77 0)
(96.7365 2763.16 0)
(-155.212 2724.97 0)
(-704.548 2833.64 0)
(-245.55 2747.1 0)
(34.4782 2740.69 0)
(29.5266 2741.39 0)
(-83.0384 2811.55 0)
(-174.879 2812.04 0)
(206.279 2881.63 0)
(-238.208 2863.85 0)
(-206.766 2687.7 0)
(-243.747 2610.42 0)
(-367.148 2777.51 0)
(658.704 2901.97 0)
(83.3201 2811.31 0)
(79.0553 2760.63 0)
(-119.109 940.358 0)
(-156.704 2659.58 0)
(314.492 2809.81 0)
(-229.05 2625.32 0)
(-215.335 2630.25 0)
(-3.30585 645.463 0)
(483.237 2410.32 0)
(537.761 2721.89 0)
(98.0062 2809.67 0)
(110.597 2767.99 0)
(-150.547 2760.14 0)
(-193.709 2642.72 0)
(29.9942 2753.49 0)
(1049.97 2924.37 0)
(258.434 2673.52 0)
(30.2685 2737.83 0)
(-379.531 2802.74 0)
(44.3586 2749.18 0)
(294.995 2791.59 0)
(13.8299 2741.75 0)
(40.5527 2747.33 0)
(25.0271 2736.42 0)
(-222.204 2619.11 0)
(-169.43 2649.96 0)
(1095.29 2499.39 0)
(-42.894 499.763 0)
(101.604 2761.26 0)
(-386.216 2789.34 0)
(55.241 2737.03 0)
(24.4142 2752.14 0)
(32.6437 2725.72 0)
(262.47 2705.84 0)
(3.43006 2766.04 0)
(22.883 2725.03 0)
(59.8445 2758.25 0)
(10.4861 2783.74 0)
(11.2483 1145.3 0)
(114.867 2763.67 0)
(-300.126 2824.11 0)
(30.3154 2742.12 0)
(887.62 1872.91 0)
(18.9584 2746.6 0)
(170.396 2770.27 0)
(89.5961 2696.24 0)
(623.888 2677.08 0)
(-565.233 2678.89 0)
(-175.967 2650.81 0)
(-523.581 2416.48 0)
(-101.68 2734.22 0)
(-402.532 2526.43 0)
(1784.01 1961.32 0)
(-211.038 2629.76 0)
(269.79 2784.96 0)
(-167.599 2949.12 0)
(15.7784 2814.5 0)
(-1419.34 1917.72 0)
(-142.824 2663.26 0)
(1091.94 2782.34 0)
(-227.397 2656.9 0)
(242.041 2609.37 0)
(241.505 2788 0)
(-32.8381 2754.34 0)
(-29.2223 1990.21 0)
(-87.3702 2809.1 0)
(-103.976 2753.51 0)
(-3.20489 2864.41 0)
(-664.184 2838.53 0)
(687.453 2689.74 0)
(95.8864 2843.43 0)
(-463.594 2427.07 0)
(-153.637 2651.41 0)
(34.0274 2805.59 0)
(11.569 2812.73 0)
(114.112 2672.41 0)
(74.5014 2821.08 0)
(236.91 2713.8 0)
(290.683 2549.36 0)
(-146.774 2766.74 0)
(-26.8535 2749.67 0)
(1315.46 2449 0)
(36.9601 2803.31 0)
(69.7149 2750.4 0)
(-217.896 854.679 0)
(7.4325 2816.49 0)
(1009.05 2824.26 0)
(1.61064 2762.18 0)
(-354.058 2815.1 0)
(-192.92 2635.02 0)
(-82.0886 2697.15 0)
(-85.1676 2788.17 0)
(-125.919 2727.99 0)
(-770.451 2684.4 0)
(-25.2042 652.773 0)
(102.667 2810.27 0)
(-91.3631 801.399 0)
(-104.419 2674.8 0)
(-184.577 2640.05 0)
(82.4158 2986.65 0)
(50.5017 2744.78 0)
(200.739 2719.81 0)
(8.18859 2728.12 0)
(-540.209 2392.08 0)
(-87.943 2817.76 0)
(-402.78 2709.56 0)
(-3.92695 2800.49 0)
(42.2749 2732.75 0)
(-232.877 2913.43 0)
(-71.8677 2751.87 0)
(13.8531 2737.2 0)
(82.6524 2743.37 0)
(-20.7789 2585.29 0)
(-176.145 2724.31 0)
(115.174 2761.08 0)
(50.1143 2785.81 0)
(-139.869 2766.6 0)
(-6.85467 2742.04 0)
(12.1553 2731.23 0)
(4.68226 2782 0)
(-452.773 2482.24 0)
(691.112 2037.21 0)
(92.7162 2753.41 0)
(223.835 2646.48 0)
(-43.8487 2777.06 0)
(166.879 2746.02 0)
(161.927 2658.41 0)
(599.684 2336.89 0)
(259.78 2632.85 0)
(-124.547 2722.16 0)
(-342.483 2824.1 0)
(-79.3027 2728.42 0)
(-394.239 2789.62 0)
(-639.541 2615.34 0)
(736.997 2765.09 0)
(-452.143 2749.66 0)
(99.7956 2773.36 0)
(-5.09327 2805.08 0)
(36.4155 2803.8 0)
(2472.37 966.249 0)
(-324.567 2813.07 0)
(71.6477 784.32 0)
(-432.994 2452.57 0)
(4.65427 2791.6 0)
(207.744 2628.31 0)
(713.171 2901.25 0)
(2444.34 1007.75 0)
(360.129 2600.12 0)
(-445.996 2372.45 0)
(37.2241 2814.7 0)
(69.9405 2847.15 0)
(1009.43 2721.74 0)
(3.2612 2785.93 0)
(-900.786 1966.62 0)
(43.4545 2736.47 0)
(-2379 1081.4 0)
(97.0226 2638.64 0)
(430.088 2481.69 0)
(-262.925 2850.15 0)
(-207.167 2624.38 0)
(86.8424 2828.31 0)
(210.069 2793.12 0)
(-196.899 2711.11 0)
(-123.905 2759.82 0)
(-76.8808 2880.92 0)
(345.948 2728.88 0)
(198.077 2798.15 0)
(-54.2835 2985.6 0)
(45.7063 2777.15 0)
(99.3222 2806.09 0)
(2.69335 2725.87 0)
(-60.4032 2971.21 0)
(-11.0008 2746.35 0)
(-39.1744 2757.92 0)
(60.554 2161.69 0)
(-20.4046 2755.92 0)
(-317.77 2457.8 0)
(-107.756 2890.16 0)
(192.333 2783.15 0)
(17.0557 102.68 0)
(107.845 2681.49 0)
(-272.101 2797.55 0)
(2.88323 2817.4 0)
(-98.9847 2784.11 0)
(186.614 2787.66 0)
(38.4976 2798.34 0)
(-157.692 2724.32 0)
(9.30888 2913.28 0)
(213.936 2670.8 0)
(69.1234 2718.11 0)
(-11.5084 2705.44 0)
(-176.251 2864.96 0)
(-142.866 2803.85 0)
(77.3482 791.67 0)
(306.903 2623.92 0)
(-169.273 2746 0)
(64.3594 2722.95 0)
(206.51 2746.41 0)
(57.9268 2923.98 0)
(-15.651 2751 0)
(556.434 2744.36 0)
(26.4512 2444.16 0)
(60.1418 2728.63 0)
(33.7747 2724.5 0)
(127.876 2777.68 0)
(-2.96121 1699.51 0)
(-113.901 644.916 0)
(-20.9971 72.7092 0)
(-47.6629 2758.59 0)
(-714.214 2837.81 0)
(290.647 2486.61 0)
(14.5386 2730.74 0)
(-76.4852 2711.05 0)
(40.3875 2794.16 0)
(13.8717 2733.28 0)
(82.8292 2761.01 0)
(252.534 2785.02 0)
(51.237 2740.71 0)
(131.081 565.822 0)
(66.6154 2750.43 0)
(44.1091 2737.76 0)
(-120.284 559.511 0)
(-152.538 2775.08 0)
(-285.495 2830.23 0)
(-947.573 2567.35 0)
(158.65 2772.31 0)
(717.592 2716.29 0)
(-315.398 2879.1 0)
(65.1796 2786.32 0)
(-64.5306 2819.47 0)
(-2.39056 2779.19 0)
(-440.476 2503.23 0)
(47.9105 2732.25 0)
(-110.082 2390.92 0)
(36.1302 2813.33 0)
(-46.9049 2723.81 0)
(-41.1127 787.169 0)
(1756.98 2064.16 0)
(-752.747 2711.21 0)
(-783.672 2844.12 0)
(-591.61 2729.36 0)
(-240.178 2754.67 0)
(-288.213 2741.39 0)
(2459.23 983.707 0)
(-399.149 2667.92 0)
(1574.67 2283.13 0)
(159.473 2659.52 0)
(-327.947 2812.71 0)
(1.05525 2773.59 0)
(1495.12 2063.93 0)
(-179.418 2929.77 0)
(-481.563 2523.29 0)
(167.998 2767.26 0)
(18.1154 2725.65 0)
(-55.0606 2748.85 0)
(127.822 2746.41 0)
(-104.912 2799.77 0)
(41.1066 2787.32 0)
(-214.465 2820.32 0)
(78.0129 2778.2 0)
(-327.929 2569.17 0)
(21.6751 2729.2 0)
(-49.0377 2775.36 0)
(-99.9665 2746.56 0)
(-145.511 2763 0)
(-94.9717 2782.68 0)
(41.2343 2800.33 0)
(120.995 2786.22 0)
(-361.909 2605.61 0)
(19.9017 2724.1 0)
(-62.6153 2990.34 0)
(-369.033 2786.55 0)
(-135.11 588.092 0)
(19.818 2726.1 0)
(292.461 2566.11 0)
(-1.61074 2755.01 0)
(583.367 2807.91 0)
(-159.729 2749.66 0)
(-221.155 753.463 0)
(-1927.34 1534.23 0)
(175.989 2698.9 0)
(-916.138 1918.01 0)
(29.0645 2728.86 0)
(-213.971 2813.33 0)
(-654.487 2384.2 0)
(266.299 2774.84 0)
(-205.51 2820.01 0)
(29.7482 2798.89 0)
(153.053 2659.33 0)
(111.175 2784.93 0)
(-2129.82 1229.6 0)
(-172.517 2832.8 0)
(1187.72 1360.76 0)
(87.6003 2754.11 0)
(-4.17382 79.6754 0)
(255.72 3002.29 0)
(114.886 2804.58 0)
(-317.261 2820.94 0)
(71.2459 1411.68 0)
(-85.1546 2655.91 0)
(145.353 2654.82 0)
(44.0671 2784.59 0)
(150.933 2660.33 0)
(-18.2437 2771.5 0)
(96.6619 2766.95 0)
(-8.20526 2757.22 0)
(104.28 2803.48 0)
(95.8907 2768.84 0)
(196.879 2619.65 0)
(-1445.64 2483.12 0)
(976.47 2673.31 0)
(150.732 2763.06 0)
(281.61 2817.95 0)
(2448.38 984.983 0)
(129.854 2995.73 0)
(-113.575 2795.56 0)
(-223.529 2618.04 0)
(-146.363 2725.12 0)
(66.7454 2751.54 0)
(-2.01191 2785.28 0)
(20.8415 2743.82 0)
(-819.932 2702.27 0)
(-730.836 2611.22 0)
(-73.8955 2773.07 0)
(5.97634 2742.89 0)
(-139.193 2795.97 0)
(12.657 853.095 0)
(6.13315 2746.78 0)
(11.6958 2730.94 0)
(30.8578 2719.94 0)
(9.88139 2742.39 0)
(1.47543 2747.64 0)
(-10.6746 2736.03 0)
(-114.784 2762.07 0)
(-920.09 2795.87 0)
(-107.206 2678.53 0)
(-90.4679 2796.95 0)
(87.2377 2721.49 0)
(-55.0694 2771.97 0)
(-60.7728 2718.36 0)
(-3.0666 2752.33 0)
(146.88 903.76 0)
(-849.416 2768.1 0)
(-184.587 2819.21 0)
(-355.655 2778.75 0)
(207.881 2772.04 0)
(12.4066 2850.82 0)
(-4.40751 696.19 0)
(67.1812 2923.4 0)
(263.677 2802.27 0)
(-8.46454 617.003 0)
(63.5428 2756.79 0)
(245.327 2782.32 0)
(-892.553 2650.15 0)
(53.2789 558.641 0)
(-253.25 2830.34 0)
(15.4403 2744.01 0)
(-575.613 2624.34 0)
(-129.67 2677.37 0)
(37.6517 2987.93 0)
(45.4771 2789.31 0)
(97.3547 2763.13 0)
(10.744 2748.1 0)
(-96.1053 639.794 0)
(-3.72204 913.229 0)
(34.5481 2778.84 0)
(-444.065 2831.22 0)
(-67.8891 2979.66 0)
(83.8009 2728.44 0)
(-54.3563 2738.81 0)
(-708.881 2888.97 0)
(69.143 2814.69 0)
(-32.946 139.136 0)
(-103.39 2786.35 0)
(36.9842 2735.58 0)
(-235.939 2612.24 0)
(-154.319 2780.04 0)
(-27.2662 2901.86 0)
(252.684 2577.81 0)
(79.5821 2734.27 0)
(-521.886 2434.19 0)
(-60.1118 2765.04 0)
(545.219 2685.19 0)
(27.8231 2868.5 0)
(4.99553 965.64 0)
(30.7271 2789.95 0)
(-3.91036 2770.35 0)
(-26.1323 2717.91 0)
(14.2493 2817.12 0)
(31.1978 2847.75 0)
(96.6438 2789.19 0)
(7.17359 2740.92 0)
(230.064 2770.31 0)
(-20.381 2835.2 0)
(-770.977 2592.58 0)
(-189.283 2820.34 0)
(-152.546 2758.38 0)
(94.4502 2738.91 0)
(35.643 2944.55 0)
(-437.353 2930.25 0)
(233.844 2776.09 0)
(-222.07 2817.82 0)
(-457.147 2494.15 0)
(-75.0816 2767.87 0)
(-2.45753 2797.48 0)
(249.076 2616.93 0)
(9.76114 2816.43 0)
(-111.691 2792.8 0)
(-125.032 2797.81 0)
(-13.1222 2743.62 0)
(62.2823 2756.78 0)
(-215.571 2622.18 0)
(-138.24 2900.5 0)
(775.598 2191.04 0)
(-2040.94 1460.53 0)
(-249.435 2767.25 0)
(-65.0242 2746.81 0)
(75.28 2744.94 0)
(17.4459 2730.71 0)
(-175.096 2646.48 0)
(-192.705 2643.79 0)
(955.728 3011.84 0)
(-8.52925 2717.31 0)
(42.201 2772.82 0)
(1256.02 2585.41 0)
(-94.7435 2911.77 0)
(285.967 2559.43 0)
(512.104 2394.91 0)
(7.45062 2719.99 0)
(316.977 2547.24 0)
(74.8643 2740.22 0)
(-2408.24 904.962 0)
(-424.668 2399.55 0)
(-312.467 2788.93 0)
(2.42767 2814.59 0)
(-38.1472 2900.81 0)
(-36.7602 306.897 0)
(-122.494 2635.85 0)
(-1712.12 2052.77 0)
(334.34 2528.22 0)
(88.4222 2756.98 0)
(-286.172 2784.03 0)
(-423.677 2496.22 0)
(-783.392 2845.56 0)
(12.3158 2711.42 0)
(7.87984 781.734 0)
(-847.379 2030.57 0)
(-194.463 2742.16 0)
(-55.6721 2758.13 0)
(-41.4733 2876.4 0)
(-198.189 2633.2 0)
(10.9237 2733.64 0)
(-416.896 2760.82 0)
(-515.069 2463.07 0)
(607.761 2332.91 0)
(9.2898 284.162 0)
(390.52 2578.17 0)
(-613.873 2356.2 0)
(-235.847 2686.8 0)
(91.0926 2746.21 0)
(-133.169 2771.18 0)
(24.6615 303.566 0)
(40.6245 2733.07 0)
(-469.651 2491.76 0)
(-522.274 237.144 0)
(-192.383 671.663 0)
(1899.41 1877.35 0)
(29.2418 172.39 0)
(-41.6234 2763.57 0)
(0.071804 2742.39 0)
(-311.959 128.998 0)
(-305.513 2848.96 0)
(-111.838 2910.58 0)
(114.733 2713.48 0)
(42.1745 2770.06 0)
(-80.4384 861.288 0)
(-629.336 2890.95 0)
(76.7921 2750.76 0)
(98.7319 2749.95 0)
(23.4941 2744.84 0)
(-161.354 2653.7 0)
(627.175 2059.49 0)
(39.9506 2920.66 0)
(-195.765 2643.77 0)
(-81.1357 2772.07 0)
(-624.163 2342.34 0)
(-169.276 2799.08 0)
(70.2532 2746.29 0)
(-183.254 2722.38 0)
(-120.86 2643.39 0)
(296.424 2716.31 0)
(571.109 2664.52 0)
(-69.7754 2745.48 0)
(0.0223332 2789.49 0)
(35.0416 2741.15 0)
(-16.0507 2764.12 0)
(479.959 2683.62 0)
(-1817.13 780.82 0)
(-642.539 2778.38 0)
(-124.187 2909.82 0)
(29.9815 2742.96 0)
(-25.0915 110.352 0)
(-153.254 2658.49 0)
(-224.559 2754.21 0)
(84.5371 2821.1 0)
(309.034 2536.67 0)
(-54.3734 3004.59 0)
(21.3999 2833.02 0)
(167.447 2653.27 0)
(-901.777 2694.22 0)
(-7.03277 2757.83 0)
(23.5663 2741.27 0)
(-219.847 2896.83 0)
(176.303 2761.3 0)
(1535.31 2383.74 0)
(-47.8921 2986.32 0)
(-79.2175 2748.39 0)
(-695.338 2668.17 0)
(82.3298 2763.38 0)
(-380.58 2788.38 0)
(304.703 2538.18 0)
(-15.0447 2760.94 0)
(114.036 2752 0)
(5.73437 2729 0)
(-71.0061 2755.12 0)
(-148.564 2806.15 0)
(238.31 2599.38 0)
(-409.224 2503.38 0)
(-78.5401 2772.94 0)
(951.839 2462.42 0)
(-85.0626 2779.13 0)
(-83.8589 2801.85 0)
(50.3132 2485.23 0)
(-711.392 2364.37 0)
(-73.8439 2743.01 0)
(665.543 2648.38 0)
(1898.98 2048.08 0)
(-301.928 2642.61 0)
(58.2067 2728.75 0)
(-186.657 2721.25 0)
(314.373 2556.34 0)
(-359.871 2146.4 0)
(260.54 2766.27 0)
(-14.0155 1521.64 0)
(-96.5585 2769.35 0)
(88.5829 2798.31 0)
(803.388 2483.44 0)
(-125.917 2715.18 0)
(-444.069 2829.23 0)
(-948.58 2628.56 0)
(-214.722 2636.01 0)
(63.3139 1046.96 0)
(64.2691 2734.56 0)
(-227.622 2678.13 0)
(339.237 210.903 0)
(242.525 2580.01 0)
(-114.109 2712.91 0)
(389.176 153.946 0)
(-57.995 811.203 0)
(-471.194 2730.14 0)
(31.8588 2733.86 0)
(65.2846 2763.09 0)
(-379.231 2785.88 0)
(-401.194 2753.19 0)
(-108.903 2908.88 0)
(324.151 2541.6 0)
(-102.369 2767.24 0)
(169.579 2661.8 0)
(-337.054 2788.06 0)
(-139.887 2804.49 0)
(44.924 2994.07 0)
(-47.8401 2857.68 0)
(-125.521 2894.51 0)
(39.8172 2727.66 0)
(97.5027 2732.88 0)
(-33.3727 803.137 0)
(1353.68 2464.61 0)
(-842.511 2692.98 0)
(-458.069 2369.94 0)
(-212.46 2624.92 0)
(318.79 2530.38 0)
(-151.545 2673.81 0)
(-67.8534 2716.27 0)
(560.242 2913.54 0)
(230.811 2631.36 0)
(-365.948 2816.5 0)
(36.5442 2737.43 0)
(42.5272 2732.75 0)
(-23.8415 108.879 0)
(99.902 2904.6 0)
(-11.836 2760.2 0)
(-273.319 2616.12 0)
(21.5931 2805.74 0)
(241.202 2621.5 0)
(-193.914 2635.13 0)
(34.7318 2749.68 0)
(22.9448 2809.49 0)
(-27.2183 2809.54 0)
(105.52 2690.96 0)
(342.663 2503.27 0)
(-631.18 2087.35 0)
(1.39196 2775.22 0)
(-14.5507 2801.27 0)
(-121.87 2771.74 0)
(54.5913 2817.4 0)
(-99.3827 2748.72 0)
(175.695 2774.55 0)
(-261.313 2936.75 0)
(-503.058 2488.1 0)
(-75.1684 2807.81 0)
(-194.095 2803.6 0)
(42.0999 2790.09 0)
(25.1144 2720.24 0)
(25.7445 2803.02 0)
(-177.272 2983.93 0)
(106.461 2783.12 0)
(70.9903 2892.5 0)
(-652.566 2893.45 0)
(-711.554 2004.04 0)
(31.3291 2840.8 0)
(-35.5868 2790.64 0)
(1015.87 2543.96 0)
(37.579 692.446 0)
(-777.075 2076.47 0)
(119.095 2710.43 0)
(-66.4449 2977.31 0)
(914.626 2677.57 0)
(187.293 2731.28 0)
(373.138 2482.08 0)
(93.3595 2834.28 0)
(-81.3621 2775.78 0)
(-217.345 2636.79 0)
(-48.6744 2683.52 0)
(-492.587 2101.17 0)
(115.821 2708.94 0)
(-75.7067 2909.69 0)
(65.5271 2759.28 0)
(49.7616 357.359 0)
(77.2986 926.841 0)
(310.094 2535.11 0)
(1148.61 2706.37 0)
(-331.62 2772.38 0)
(845.148 2150.48 0)
(-51.5398 2752.67 0)
(-327.107 2809.14 0)
(22.6017 2812.02 0)
(965.689 2832.11 0)
(0.668362 2813.01 0)
(190.84 2773.48 0)
(104.54 2888.51 0)
(55.7142 2741.36 0)
(-2228.11 1165.43 0)
(-41.8263 2945.13 0)
(250.605 2682.12 0)
(21.5413 2805.5 0)
(84.0621 2815.18 0)
(-5.36217 928.741 0)
(-77.7151 286.587 0)
(-159.691 2747.52 0)
(25.7135 2802.56 0)
(-102.938 680.198 0)
(276.457 2605.78 0)
(40.5983 2759.83 0)
(408.044 2685.53 0)
(5.05034 2798.37 0)
(857.282 1880.22 0)
(-2109.84 1792.67 0)
(192.349 2715.07 0)
(-917.737 2020.4 0)
(-263.42 2834.14 0)
(-94.932 614.334 0)
(25.691 2801.24 0)
(378.495 2470.68 0)
(98.9867 2774.5 0)
(-495.198 2896.7 0)
(-291.264 2702.11 0)
(-47.2379 2682.17 0)
(766.265 2207.82 0)
(30.9195 578.053 0)
(-55.0063 2764.31 0)
(92.337 2782.48 0)
(-33.2788 2785.56 0)
(123.494 2906.38 0)
(70.0536 2752.22 0)
(-546.08 2457.98 0)
(1100.76 2434.79 0)
(-80.6516 905.394 0)
(68.9897 2718.34 0)
(55.0872 2736.13 0)
(127.295 2880.37 0)
(-195.464 2853.82 0)
(-135.188 2753.49 0)
(669.065 2749.14 0)
(63.6563 2723.56 0)
(-225.22 2623.41 0)
(144.464 2791.13 0)
(-352.973 2833.14 0)
(59.358 2729.06 0)
(-92.0698 2781.38 0)
(3.24934 2765.7 0)
(25.1456 2798.82 0)
(127.987 2912.53 0)
(-36.6128 2812.89 0)
(589.134 2653.36 0)
(-663.77 2889.69 0)
(142.446 2801.1 0)
(-305.986 2868.98 0)
(1940.83 1715.27 0)
(24.8463 2803.01 0)
(-736.043 2665.5 0)
(122.212 1020.42 0)
(-86.3701 2743.54 0)
(-84.5219 2687.53 0)
(156.916 2791.39 0)
(-245.438 2727.35 0)
(197.653 2775.2 0)
(152.168 2665.81 0)
(-49.6484 2739.97 0)
(125.627 2674.2 0)
(-39.5384 2800.63 0)
(-1207.96 2265.56 0)
(-427.688 2485.4 0)
(695.856 2811.25 0)
(2103.95 1849.36 0)
(-83.301 2809.19 0)
(-459.005 2457.68 0)
(-154.66 2654.47 0)
(-102.457 670.326 0)
(-135.938 2754.14 0)
(154.795 619.386 0)
(-18.5577 2795.24 0)
(-7.55688 2828.76 0)
(150.865 2693.22 0)
(-447.847 2478.03 0)
(27.551 2794.75 0)
(-16.4228 1154.4 0)
(116.629 2897.47 0)
(275.072 2706.49 0)
(-150.281 791.692 0)
(51.0715 742.428 0)
(-424.948 2933.86 0)
(-19.0693 1122.87 0)
(-155.243 2912.29 0)
(-12.654 2713.53 0)
(2546.91 1077.62 0)
(-814.55 2629.89 0)
(-17.1412 2800.01 0)
(55.2509 2733.71 0)
(6.80907 2745.12 0)
(-185.085 2650.96 0)
(40.5211 2753.13 0)
(-2084.2 1339.98 0)
(54.6313 2747.75 0)
(262.487 2594.03 0)
(-916.224 1842.85 0)
(-354.07 2835.95 0)
(-73.7518 2810.19 0)
(901.17 2410.38 0)
(160.866 852.169 0)
(-22.4017 2803.66 0)
(-8.96647 2708.49 0)
(-296.701 2796.18 0)
(24.2288 2758.91 0)
(25.1224 2798.63 0)
(-19.9357 2660.78 0)
(75.5195 2819.65 0)
(1.5413 2762.31 0)
(137.238 2553.08 0)
(174.756 2350.21 0)
(102.674 2767.78 0)
(-422.507 2732.94 0)
(63.3911 2750.06 0)
(-34.2672 2772.75 0)
(-233.568 2831.94 0)
(-2295.48 1065.59 0)
(58.7423 2797.21 0)
(99.5696 2891.7 0)
(-2194.26 1225.44 0)
(-58.0871 2786.81 0)
(534.962 2639.94 0)
(86.5876 2721.05 0)
(-37.9764 2787.3 0)
(137.658 2756.96 0)
(-27.597 794.532 0)
(-142.333 2891.86 0)
(32.5722 2737.06 0)
(-1024.36 2555.31 0)
(27.2904 2794.5 0)
(-213.287 2810.71 0)
(57.6852 2705.6 0)
(95.9581 727.891 0)
(-685.341 2661.09 0)
(-664.109 2884.7 0)
(353.092 2507.62 0)
(-1850.08 1493.09 0)
(-422.494 2501.39 0)
(26.124 2788.29 0)
(-858.807 2674.79 0)
(63.7901 2745.13 0)
(813.785 2886.2 0)
(150.356 2692.86 0)
(29.9812 2720.02 0)
(-208.554 2627.47 0)
(-476.281 2706.45 0)
(-29.7162 2764.22 0)
(154.802 2731.56 0)
(1870.83 1232.3 0)
(184.774 2765.53 0)
(135.609 2776.51 0)
(-110.372 2783.26 0)
(-790.828 2867.81 0)
(462.833 2952.45 0)
(9.23689 2716.9 0)
(63.9872 2763.11 0)
(164.312 2774.33 0)
(143.514 2785.46 0)
(1021.78 2759.16 0)
(98.3087 2756.64 0)
(136.468 2775.99 0)
(122.879 2672.77 0)
(-155.357 2821.19 0)
(57.8628 2763.65 0)
(-286.551 2874.85 0)
(-196.175 2637.59 0)
(-1803.77 2166.96 0)
(-112.708 2786.71 0)
(32.5804 2786.18 0)
(-153.76 2724.68 0)
(-267.498 2879.81 0)
(-104.375 2787.86 0)
(53.8101 2740.59 0)
(-490.401 2712.03 0)
(35.7894 2758.25 0)
(369.144 2642.4 0)
(-334.458 2555.31 0)
(93.3163 2699.26 0)
(-735.176 2780.27 0)
(-1254.17 2148.36 0)
(-152.717 2722.41 0)
(35.4714 2814.56 0)
(9.83728 2749.17 0)
(-990.098 2602.42 0)
(94.2777 2862.24 0)
(55.8636 2810.44 0)
(-74.0501 2870.85 0)
(-220.161 2617.82 0)
(229.762 2656.09 0)
(-695.371 2060.81 0)
(-1419.79 2557.41 0)
(-151.811 2553.05 0)
(-74.4477 2917.33 0)
(-170.826 2739.13 0)
(-17.5443 2787.96 0)
(-194.266 2662.7 0)
(-24.0181 2705.75 0)
(731.78 2717.02 0)
(-2198.87 1269.38 0)
(55.2974 2889.87 0)
(89.1227 2754.01 0)
(-674.244 2110.42 0)
(89.6001 2785.09 0)
(-9.67402 2699.91 0)
(2045.22 1626.27 0)
(-74.9019 2779.78 0)
(26.2098 2787.94 0)
(-152.504 2676.78 0)
(24.2249 113.133 0)
(22.8274 2818.31 0)
(270.299 2697.3 0)
(-0.185452 2852.76 0)
(82.7842 2728.71 0)
(1204.58 1961.26 0)
(-594.661 2423.32 0)
(76.9871 2759.33 0)
(-98.6229 2679.68 0)
(-180.826 2638.49 0)
(1155.52 2569.82 0)
(126.758 2750.63 0)
(-543.339 2478.86 0)
(84.1239 2868.63 0)
(107.175 474.272 0)
(36.3129 2756.04 0)
(30.6132 2784.71 0)
(-6.67638 2736.45 0)
(79.2478 2734.57 0)
(149.402 2699.65 0)
(84.5611 2897.38 0)
(-15.9783 907.408 0)
(2.9197 2741.52 0)
(-1294.39 2199.32 0)
(-392.327 2531.51 0)
(176.183 2765.58 0)
(151.973 2785.85 0)
(-629.797 2332.02 0)
(-1304.24 3014.27 0)
(-142.649 559.853 0)
(-41.2245 2738.01 0)
(226.061 2798.82 0)
(31.9364 535.884 0)
(72.8317 2505.69 0)
(-106.45 2685.68 0)
(-74.1128 2781.27 0)
(87.4902 2883.78 0)
(193.16 2678.03 0)
(-228.006 2876.24 0)
(23.0369 2778.3 0)
(74.7619 2740.59 0)
(353.662 2508.55 0)
(347.543 2475.58 0)
(-79.0676 2771.75 0)
(348.424 2496.02 0)
(91.2718 441.365 0)
(-196.975 2646.59 0)
(385.225 2859.4 0)
(90.5866 2772.73 0)
(148.469 2703.54 0)
(-39.3147 2800.66 0)
(-116.21 2784.8 0)
(0.250176 2846.55 0)
(65.9149 860.875 0)
(-693.415 2310.26 0)
(40.3597 2733.13 0)
(808.933 2775.15 0)
(-188.45 2895.18 0)
(-303.53 2858.75 0)
(-195.516 2699.13 0)
(1086.04 1560 0)
(9.74023 2922.42 0)
(47.8953 2755.85 0)
(-99.6739 602.36 0)
(154.244 2758.8 0)
(-15.5209 2771.06 0)
(-137.522 573.997 0)
(78.0573 2859.94 0)
(76.5141 2841.38 0)
(-690.285 2626.59 0)
(-246.772 2873.68 0)
(4.25967 1281.25 0)
(109.037 2712.04 0)
(-922.887 2634.98 0)
(266.685 2779.87 0)
(106.418 2613.99 0)
(-548.863 2649.62 0)
(150.829 2784.58 0)
(22.9946 2777.17 0)
(198.184 674.561 0)
(-405.994 2701.08 0)
(-350.446 2701.75 0)
(-261.097 2828.36 0)
(-93.179 2876 0)
(66.4531 2752.05 0)
(9.00996 2728.87 0)
(-6.06205 2741.75 0)
(-75.3205 2772.95 0)
(70.2313 2746.63 0)
(29.4735 2772.72 0)
(-750.472 2868.66 0)
(-19.3894 2821.88 0)
(246.478 2775.64 0)
(144.929 2721.45 0)
(-35.7466 2791.01 0)
(-33.9945 551.705 0)
(-618.699 2607.91 0)
(-67.0876 2769.34 0)
(158.866 2751.72 0)
(-517.412 2429.5 0)
(-152.751 2718.2 0)
(21.5322 2752.16 0)
(-1668.04 1562.67 0)
(-834.332 2445.22 0)
(-89.0747 371.215 0)
(-959.699 1665.66 0)
(-334.019 2296.64 0)
(1631.54 2108.53 0)
(-9.20249 2736.53 0)
(141.511 2762.63 0)
(-21.4269 2775.51 0)
(-141.315 2678.9 0)
(-2426.61 958.584 0)
(200.72 2726.64 0)
(407.455 2683.5 0)
(-36.8046 2893.24 0)
(-113.113 2420.96 0)
(-148.722 2753.58 0)
(93.9845 2780.82 0)
(116.214 2793.06 0)
(-291.209 2825.15 0)
(230.01 2763.53 0)
(63.4099 2930.59 0)
(-78.9281 2755.12 0)
(-0.0903848 2758.52 0)
(-13.7669 2739.63 0)
(-33.3923 2737.51 0)
(-1.75592 2812.45 0)
(1.47614 2780.82 0)
(134.906 2654.77 0)
(-197.118 2724.85 0)
(-215.331 2871.58 0)
(24.0603 2749.82 0)
(-965.582 2603.88 0)
(29.1948 2768.11 0)
(53.4616 2944.42 0)
(357.438 2500.33 0)
(13.0615 2727.06 0)
(56.1737 2811.41 0)
(158.763 2743.7 0)
(-11.7499 2736.39 0)
(354.259 2506.73 0)
(170.007 2755.87 0)
(-328.744 2864.55 0)
(-1097.8 2215.77 0)
(6.1377 2746.44 0)
(2.32477 2726.4 0)
(228.025 2660.88 0)
(377.068 2853.43 0)
(3.90332 2726.19 0)
(-121.807 2685.35 0)
(349.057 2509.14 0)
(9.7577 2817.51 0)
(-86.6631 2803.58 0)
(-274.114 2867.92 0)
(29.8678 2773.05 0)
(93.173 2776.74 0)
(-34.0997 2759.33 0)
(41.0791 2806.55 0)
(49.8427 2784.58 0)
(447.782 2963.35 0)
(-821.285 2825.73 0)
(266.687 2861.02 0)
(351.002 2497.94 0)
(75.9739 897.894 0)
(154.523 2728.09 0)
(973.176 2494.28 0)
(-38.1304 2772.92 0)
(5.07839 2722.56 0)
(65.4092 2757.01 0)
(2.28642 2728.01 0)
(257.438 2876.38 0)
(-424.578 2711.57 0)
(-639.565 2096.02 0)
(212.48 2751.5 0)
(-15.2297 2742.05 0)
(-5.94509 2748.37 0)
(-113.315 2691.61 0)
(132.652 2881.46 0)
(-61.8467 2768.37 0)
(3.41777 1168.57 0)
(81.8196 2766.8 0)
(113.248 2793.74 0)
(48.8288 2707.92 0)
(-436.662 2482.32 0)
(18.8476 2729.91 0)
(215.68 2760.07 0)
(-40.8308 2681.95 0)
(-19.0907 2766.17 0)
(146.256 2775.23 0)
(61.9727 2800.95 0)
(-141.251 2802.24 0)
(-119.79 2762.41 0)
(350.983 2500.48 0)
(-34.0884 2751.55 0)
(-496.283 2686.99 0)
(577.42 2937.97 0)
(-293.972 2863.94 0)
(97.1395 2733.76 0)
(-66.1143 2813.3 0)
(44.9458 2675.26 0)
(-130.539 947.032 0)
(-221.232 2902.53 0)
(-39.5832 2822.86 0)
(-49.1662 2755.79 0)
(-89.6848 2785.69 0)
(169.97 945.104 0)
(352.343 2497.45 0)
(116.702 911.134 0)
(94.208 2739.99 0)
(2301.31 1086.72 0)
(-71.982 2677.59 0)
(-22.1943 109.211 0)
(479.853 2666.91 0)
(29.2749 2768.3 0)
(-108.901 2911.28 0)
(20.515 2747.65 0)
(-86.6964 2779.98 0)
(62.7905 516.805 0)
(-54.541 405.131 0)
(-81.2249 2775.77 0)
(-11.2352 2655.05 0)
(-963.794 2602.41 0)
(152.433 2793.38 0)
(633.386 2618.85 0)
(-40.2423 2722.37 0)
(-61.5524 2810.32 0)
(-68.9331 2673.83 0)
(63.8138 299.481 0)
(-210.202 2771.18 0)
(27.4438 2849.53 0)
(150.5 2725.33 0)
(-99.8296 2702.18 0)
(-1084.37 2514.9 0)
(-65.7458 2686.44 0)
(315.341 2539.31 0)
(117.075 2879.8 0)
(-4.8075 2763.67 0)
(-82.2175 333.64 0)
(-1.45883 2747.75 0)
(829.713 2876.52 0)
(147.384 2725.24 0)
(-135.385 2720.92 0)
(-74.2018 2768.58 0)
(141.384 2729.33 0)
(1419.31 2686.76 0)
(38.7361 2813.01 0)
(409.048 2839.72 0)
(-73.7045 2773.11 0)
(-595.8 2439.75 0)
(-1013.01 1598.35 0)
(-2085.93 1333.08 0)
(28.628 2759.18 0)
(-528.734 2422.91 0)
(98.8728 2798.03 0)
(136.334 2733.3 0)
(-262.749 2851.75 0)
(-121.887 2903.55 0)
(309.642 2537.77 0)
(-597.869 2474.24 0)
(350.533 2680.52 0)
(421.745 2849.75 0)
(20.3707 2736.61 0)
(113.908 2734.58 0)
(-135.724 2899.97 0)
(-341.823 2586.45 0)
(67.4359 2871.55 0)
(570.296 2934.71 0)
(118.154 2711.74 0)
(-828.453 2612.4 0)
(-365.146 2560.37 0)
(-332.022 2829.58 0)
(272.078 2673.1 0)
(304.152 2543.33 0)
(145.788 2782.96 0)
(132.57 2766.01 0)
(50.8576 2726.08 0)
(-206.833 692.468 0)
(825.077 2695.28 0)
(-105.319 2810.06 0)
(23.8679 2746.33 0)
(-376.273 2543.5 0)
(-25.5527 842.11 0)
(-12.0724 2712.45 0)
(115.105 2716.18 0)
(45.5803 2788.73 0)
(69.2105 548.86 0)
(-422.002 2723.3 0)
(-408.291 2534.14 0)
(32.3318 2747.86 0)
(-1773.12 2420.84 0)
(-653.134 2429.37 0)
(-149.52 2794.22 0)
(80.9959 2758.95 0)
(17.6856 2757 0)
(-70.3272 2461.38 0)
(1120.75 1457.62 0)
(-956.155 2628.51 0)
(52.5465 2761.07 0)
(59.3499 2780.69 0)
(392.332 2474.63 0)
(-154.391 2722.48 0)
(-23.1897 115.758 0)
(-46.9697 1974.29 0)
(0.101417 2742.25 0)
(139.007 873.876 0)
(136.552 2735.2 0)
(68.795 2919.27 0)
(3.58021 2736.03 0)
(454.512 2955.67 0)
(130.36 2734.78 0)
(-11.6324 2761.57 0)
(-697.692 2290.7 0)
(-350.755 2574.4 0)
(57.1052 2981.1 0)
(2.66855 2723.37 0)
(-984.569 2269.99 0)
(-248.734 2616.67 0)
(0.48519 2802.11 0)
(-1243.05 1880.63 0)
(124.072 2856.09 0)
(-10.1999 2748.24 0)
(-0.376089 2804.6 0)
(419.213 2844.11 0)
(100.08 2874.75 0)
(2146.15 1220.74 0)
(-456.78 2591.04 0)
(-11.0286 2767.53 0)
(-26.8733 2718.85 0)
(301.675 2574.91 0)
(-195.768 2652.7 0)
(-515.962 2772.97 0)
(109.815 2797.31 0)
(-75.5416 2789.88 0)
(401.164 2464.9 0)
(-127.206 2799.29 0)
(31.1438 2710.76 0)
(-1569.2 2680.17 0)
(139.865 2732.56 0)
(266.701 2861.35 0)
(39.3235 2725.98 0)
(-217.657 756.148 0)
(-712.7 2273.25 0)
(78.6095 759.54 0)
(1049.36 2893.84 0)
(-24.9852 115.604 0)
(115.781 2875.86 0)
(114.555 2904.03 0)
(-387.457 2548.33 0)
(-332.106 2851.36 0)
(170.507 2738.87 0)
(249.393 2859.84 0)
(132.033 2902.23 0)
(8.37623 2719.25 0)
(149.184 2698.19 0)
(10.6478 2781.03 0)
(-8.64677 902.055 0)
(13.7704 2858.48 0)
(-15.408 80.1397 0)
(1.67601 2783.64 0)
(51.5036 2952.24 0)
(127.967 2913.66 0)
(462.605 2774 0)
(-1449.94 1834.14 0)
(-626.207 2741.12 0)
(-14.6368 2716.32 0)
(15.2943 2715.57 0)
(-101.367 2740.18 0)
(1629.1 1641.46 0)
(-423.736 2520.85 0)
(85.8585 923.072 0)
(-396.161 2819.5 0)
(341.4 2519.28 0)
(24.1971 2729.25 0)
(109.262 2779.2 0)
(27.32 2721.93 0)
(-62.665 2976.88 0)
(6.4136 986.696 0)
(-139.723 559.998 0)
(941.072 2751.78 0)
(146.939 2711.41 0)
(-2337.61 1023.38 0)
(-448.133 2949.6 0)
(-21.2297 638.646 0)
(-171.297 2274.96 0)
(-91.2635 1007.42 0)
(946.784 2757.65 0)
(-33.2176 125.173 0)
(137.167 2761.79 0)
(-238.36 2861.21 0)
(1667.27 2069.52 0)
(117.3 2898.93 0)
(18.7828 1270.71 0)
(-338.264 2816.55 0)
(-155.852 2730.74 0)
(-100.027 2738.54 0)
(117.973 3013.02 0)
(-658.242 2211.02 0)
(52.8404 2716.15 0)
(9.55754 2756.45 0)
(-537.21 2391.41 0)
(-550.553 2440.04 0)
(231.518 874.891 0)
(706.943 2566.7 0)
(51.2176 457.909 0)
(148.969 2721.67 0)
(46.067 413.482 0)
(403.048 2448.19 0)
(410.222 2460.8 0)
(100.979 2894.4 0)
(89.6598 606.598 0)
(91.7529 2840.81 0)
(132.451 2785.94 0)
(324.621 2552.06 0)
(139.628 2789.21 0)
(-285.311 2857.18 0)
(-2.96124 2760.74 0)
(-199.222 2708.7 0)
(416.393 2972.2 0)
(-129.981 2650.52 0)
(-666.561 2426.74 0)
(-1.0037 955.001 0)
(148.902 2775.04 0)
(-451.96 2738.16 0)
(-278.709 2597.9 0)
(-24.4385 2770.29 0)
(-125.417 2671.25 0)
(-218.107 2845.95 0)
(475.183 2941.41 0)
(-21.7931 2746.54 0)
(27.8494 2756.76 0)
(-168.604 988.159 0)
(1389 2072.82 0)
(-7.98316 2749.44 0)
(100.377 2801.86 0)
(554.88 2627.97 0)
(-99.1191 366.362 0)
(346.97 2512.66 0)
(511.872 2437.57 0)
(56.2202 2747.48 0)
(-671.794 2305.37 0)
(215.834 2692.89 0)
(167.578 2772.61 0)
(347.404 2838.43 0)
(-91.3309 2745.53 0)
(101.206 2806.66 0)
(424.328 2454.03 0)
(61.885 2749.92 0)
(-425.364 2495.03 0)
(-479.995 2442.12 0)
(305.9 2649.4 0)
(133.403 2788.29 0)
(-1073.2 2535.24 0)
(-408.06 2508.98 0)
(-525.759 2700.77 0)
(301.754 2664.95 0)
(149.195 2665.01 0)
(37.3051 2764.3 0)
(-369.942 2810.24 0)
(-174.198 2734.97 0)
(-71.2949 2775.09 0)
(148.522 2730.48 0)
(-49.0033 2756.98 0)
(-112.65 2808.6 0)
(138.968 2792.87 0)
(295.259 2993.38 0)
(103.685 2803.86 0)
(-125.355 2894.35 0)
(-74.3626 2746.37 0)
(27.5714 2755.16 0)
(130.596 1212.93 0)
(-15.2112 2734.43 0)
(552.124 2830.08 0)
(-141.763 2802.94 0)
(29.3897 2746.48 0)
(-360.987 2561.19 0)
(162.656 2696.57 0)
(85.2727 2893.58 0)
(-642.15 2876.31 0)
(1766.06 2092.51 0)
(-49.825 2785.22 0)
(806.336 2831.1 0)
(2275.41 1127.38 0)
(389.676 2829.39 0)
(-464.405 2440.56 0)
(19.7748 2754.62 0)
(309.489 3012.09 0)
(-88.1629 2732.03 0)
(2.63651 2785.63 0)
(-10.544 2640.2 0)
(-43.3644 2757.8 0)
(667.456 2923.73 0)
(-743.861 2724.78 0)
(9.39656 2715.25 0)
(584.947 2768.26 0)
(197.651 2739.93 0)
(-189.686 2699.07 0)
(1779.82 1953.82 0)
(-56.2653 2781.58 0)
(-458.471 2464.62 0)
(-187.656 2841.19 0)
(624.272 2272.65 0)
(-444.765 2482.28 0)
(-191.428 2751.06 0)
(161.79 2749.35 0)
(599.018 2613.2 0)
(-427.538 2498.34 0)
(37.9992 816.692 0)
(68.9692 2892.37 0)
(-168.892 2691.34 0)
(-121.098 2803.85 0)
(-794.314 2722.79 0)
(287.05 2650.31 0)
(-24.7665 129.788 0)
(158.216 2660.99 0)
(-41.4299 2810.78 0)
(-121.638 567.248 0)
(163.486 2813.42 0)
(-414.326 2511.5 0)
(98.1374 2791.84 0)
(-348.054 2810.58 0)
(11.9487 116.931 0)
(24.4733 2733.81 0)
(89.0265 2776.29 0)
(-10.8088 2745.5 0)
(-442.612 2522.96 0)
(-37.6574 2778.9 0)
(-174.29 2816.07 0)
(103.651 2885.68 0)
(229.599 767.428 0)
(56.3443 2711.24 0)
(-80.2557 2782.99 0)
(-51.2761 2723.37 0)
(1793.1 2016 0)
(-269.088 2590.38 0)
(127.228 2669.78 0)
(-29.071 2749.01 0)
(121.408 2773.37 0)
(-17.2244 2607.28 0)
(-20.1906 2749.09 0)
(415.384 2447.95 0)
(-694.37 2379.46 0)
(-135.354 2769.18 0)
(-473.059 2449.12 0)
(511.356 2407.14 0)
(-716.139 2179.21 0)
(26.6275 2753.44 0)
(174.302 2777.62 0)
(152.592 2693.59 0)
(-41.0889 520.55 0)
(-31.5951 760.175 0)
(345.568 2509.98 0)
(-1332.31 1833.92 0)
(3.92742 2815.98 0)
(-1552.58 2621.83 0)
(288.094 2636.83 0)
(188.892 2881.34 0)
(852.088 2710.57 0)
(202.85 2705.3 0)
(-973.664 2582.88 0)
(152.685 2763.18 0)
(-638.513 2751.31 0)
(-7.33375 2736.68 0)
(1.63916 820.648 0)
(80.65 318.867 0)
(18.6533 2752.7 0)
(12.6891 2732.04 0)
(-135.437 2769.23 0)
(-29.3851 2749 0)
(-57.8506 2760.79 0)
(191.735 2847.86 0)
(730.697 2414.27 0)
(-894.848 1926.88 0)
(68.8161 2767.15 0)
(-173.328 2832.59 0)
(119.609 488.606 0)
(764.452 2205.08 0)
(-46.6446 2757.76 0)
(-709.612 2715.44 0)
(-68.8606 2775.23 0)
(-1042.97 2541.76 0)
(301.89 2656.99 0)
(-303.802 2850.52 0)
(-14.1942 2796.99 0)
(162.365 2846.84 0)
(-181.825 2806.9 0)
(-342.623 2819.96 0)
(114.663 2833.94 0)
(-127.469 1414.66 0)
(978.579 2685.69 0)
(302.844 2637.76 0)
(0.708365 2772.03 0)
(148.509 2846.22 0)
(-396.404 2523.8 0)
(-2481.3 957.749 0)
(-129.133 919.517 0)
(-477.831 2502.77 0)
(122.755 2773.99 0)
(-43.8219 2784.8 0)
(-98.0844 744.849 0)
(146.525 866.876 0)
(410.239 2976.11 0)
(-519.882 2404.34 0)
(-316.433 2606.41 0)
(86.4183 2908.79 0)
(-452.217 2749.8 0)
(-286.813 2875 0)
(98.7062 528.341 0)
(24.2264 2725.03 0)
(380.292 2823.6 0)
(-150.286 2751.1 0)
(-47.0495 2771.71 0)
(156.099 2743.52 0)
(-305.91 2869.51 0)
(-570.688 2804.82 0)
(-43.8652 2687.65 0)
(7.38803 2816.36 0)
(342.174 2600.68 0)
(419.158 2446.81 0)
(208.356 2724.06 0)
(-742.716 2360.7 0)
(-48.1272 2761.12 0)
(650.525 2777.23 0)
(-178.308 2656.14 0)
(-45.1585 2979 0)
(-99.6434 2784.36 0)
(189.075 2656.51 0)
(-1266.3 2747.98 0)
(126.436 2767.18 0)
(126.004 2817.47 0)
(27.3536 2068.83 0)
(59.891 327.736 0)
(-1018.26 2553.84 0)
(-797.903 2838.25 0)
(-38.0234 2773.1 0)
(13.6098 2767.77 0)
(349.22 2509.9 0)
(-21.0262 2745.53 0)
(8.95196 143.077 0)
(-13.7928 2687.21 0)
(130.992 2804.49 0)
(-855.391 1809.22 0)
(-60.1875 2775.49 0)
(32.9827 2969.63 0)
(-424.632 2490.46 0)
(28.2248 2754.08 0)
(-88.0219 556.249 0)
(347.17 2509.64 0)
(152.721 2728.26 0)
(-33.4754 2732.13 0)
(-762.928 2373.76 0)
(420.123 2811.99 0)
(392.826 2814.65 0)
(36.1053 2746.71 0)
(-2349.89 994.174 0)
(350.541 2502.65 0)
(-858.422 2645.92 0)
(-21.8846 2817.38 0)
(86.0361 2704.31 0)
(275.203 2559.01 0)
(174.909 2717.97 0)
(-1373.28 2347.85 0)
(2001.85 1676.96 0)
(3.27345 2760.05 0)
(-1555.21 1623.16 0)
(423.993 2455.37 0)
(-27.0689 2713.16 0)
(35.1953 2763.09 0)
(133.243 2849.84 0)
(-12.2635 2765.16 0)
(-28.2711 2804.98 0)
(-270.306 2627.99 0)
(-34.7642 727.883 0)
(29.3567 2721.64 0)
(-152.002 2763.3 0)
(-1039.88 1654.64 0)
(-51.5711 2684.12 0)
(384.496 2822.76 0)
(158.013 2778.65 0)
(-520.033 2491.9 0)
(-0.967121 2717.71 0)
(-54.2923 2810.59 0)
(-2087.18 1417.93 0)
(75.8049 2756.55 0)
(104.429 2769.22 0)
(-803.988 2715.68 0)
(122.054 2747.41 0)
(14.2545 2748.47 0)
(149.216 2724.54 0)
(10.669 2739.36 0)
(277.726 2621.77 0)
(340.208 2503.68 0)
(-17.5101 2806.58 0)
(467.164 2276.93 0)
(25.3032 2812.81 0)
(132.266 2885.06 0)
(18.6958 2741.32 0)
(346.033 2497.19 0)
(-363.276 2799.12 0)
(-513.11 2424.44 0)
(127.265 2770.07 0)
(34.3443 2767.23 0)
(-80.5637 2665.2 0)
(128.589 2547.63 0)
(-1802.67 1704.71 0)
(-229.037 2839.21 0)
(-333.967 2838.4 0)
(81.0696 2793.78 0)
(465.443 2436.45 0)
(50.302 193.042 0)
(35.6583 2600.57 0)
(319.385 2627.27 0)
(-158.851 2766.14 0)
(-377.576 2544.01 0)
(-1098.14 2803.52 0)
(-20.8886 2745.66 0)
(1410.54 2054.37 0)
(697.844 2577.64 0)
(-258.25 2626.62 0)
(-252.109 2873.74 0)
(339.469 2508.93 0)
(38.7033 2807.73 0)
(343.595 2597.34 0)
(-319.273 2818.08 0)
(117.065 2880.82 0)
(113.413 2845.05 0)
(-475.869 2803.7 0)
(476.767 2411.06 0)
(61.897 837.454 0)
(-92.5329 545.712 0)
(-0.756305 2819.52 0)
(463.961 2424.04 0)
(-47.0631 2777.73 0)
(124.84 557.801 0)
(-433.408 2808.88 0)
(144.668 2724.44 0)
(-87.4683 2744.47 0)
(31.6061 2730.73 0)
(959.42 2779.15 0)
(15.3503 2729.45 0)
(104.334 816.304 0)
(11.0491 179.081 0)
(140.97 2726.2 0)
(-2437.19 984.316 0)
(-146.725 965.696 0)
(-151.639 2726.01 0)
(74.6426 467.945 0)
(19.0641 2742.09 0)
(136.909 2730.53 0)
(-730.118 2737.02 0)
(73.4847 2834.84 0)
(-44.3128 973.445 0)
(-22.3695 2747.61 0)
(89.0507 2609.23 0)
(518.369 2414 0)
(390.134 2783.69 0)
(538.426 2388.94 0)
(-104.235 2830.79 0)
(383.485 2874.19 0)
(-274.577 2869.4 0)
(-688.892 2753.71 0)
(-1331.85 2379.19 0)
(-451.396 2517.59 0)
(89.6124 2787.17 0)
(124.958 2765.28 0)
(546.391 2813.52 0)
(509.008 2316.1 0)
(-87.5656 857.564 0)
(-852.931 2306.67 0)
(12.1585 2752.65 0)
(440.985 2578.26 0)
(-842.419 2670.25 0)
(134.587 2732.08 0)
(-180.871 2358.42 0)
(1241.57 2175.09 0)
(-338.594 2802.24 0)
(385.501 2477.28 0)
(417.009 2853.39 0)
(213.091 2641.39 0)
(-82.8487 833.181 0)
(-39.5701 2680.59 0)
(-111.058 2781.2 0)
(473.36 2415.16 0)
(-203.958 2758.31 0)
(141.255 2995.86 0)
(-442.76 2463.65 0)
(-223.353 2614.99 0)
(-334.893 2698.74 0)
(-22.7701 148.372 0)
(172.168 2728.34 0)
(43.8069 2800.47 0)
(-249.504 2484.63 0)
(279.569 2559.43 0)
(-162.103 2651.24 0)
(100.232 2876.15 0)
(-72.3525 2739.1 0)
(25.2213 2813.19 0)
(1037.98 2398.48 0)
(22.4569 2760.73 0)
(-88.137 2697.1 0)
(218.735 2598.19 0)
(-36.2825 2732.23 0)
(-121.689 2684.72 0)
(14.3801 785.378 0)
(6.12943 2832.79 0)
(760.677 2590.12 0)
(-321.641 2774.26 0)
(-394.635 2807.3 0)
(870.399 2840.14 0)
(2425.81 952.669 0)
(-46.5741 2761.12 0)
(83.5598 2872.38 0)
(-1549.63 2796.88 0)
(-11.3751 2766.96 0)
(718.65 2754.07 0)
(-68.7206 2785.95 0)
(153.283 2777.89 0)
(-304.647 2859.95 0)
(106.616 2757.39 0)
(388.233 2475.5 0)
(-535.602 2410.96 0)
(16.2864 2730.76 0)
(-1053.92 2516.72 0)
(95.6602 2737.46 0)
(414.041 2847.92 0)
(647.911 2496.56 0)
(-465.304 2465.91 0)
(1172.19 2513.61 0)
(-23.5176 774.764 0)
(139.022 2724.99 0)
(-39.6056 2754.99 0)
(672.845 2581.54 0)
(587.645 2938.68 0)
(-35.2439 131.728 0)
(94.9962 2864.11 0)
(501.177 2299.18 0)
(331.717 2609.88 0)
(5.7164 127.403 0)
(20.4515 2732.37 0)
(696.274 2739.56 0)
(60.2415 256.949 0)
(-397.055 2526.63 0)
(30.7968 130.994 0)
(-325.905 2788.03 0)
(-1613.81 2774.58 0)
(-67.6816 899.418 0)
(398.575 2465.33 0)
(-285.249 2799.01 0)
(22.0979 2735.13 0)
(151.5 2800.13 0)
(-250.606 2829.16 0)
(4.62709 2791.35 0)
(34.753 2818.07 0)
(-340.4 2802.61 0)
(-332.638 2806.17 0)
(125.847 2776.19 0)
(822.946 2656.07 0)
(-1624.31 2846.14 0)
(2166.3 1442.36 0)
(124.054 2799.68 0)
(-133.473 2770.47 0)
(406.298 2843.68 0)
(-135.381 2677.98 0)
(107.218 2765.8 0)
(-906.07 2514.22 0)
(140.436 2702.51 0)
(45.4971 2796.17 0)
(-879.407 2812.8 0)
(126.02 2686.92 0)
(582.089 2810.73 0)
(-609.524 2368.84 0)
(-19.3841 2748.15 0)
(-45.5859 2711.11 0)
(742.168 2805.36 0)
(-93.6649 2684.14 0)
(93.2773 2825.29 0)
(723.442 2765.4 0)
(19.6181 2848.44 0)
(342.591 2803.03 0)
(35.1919 2763.14 0)
(-503.765 2765.81 0)
(-295.462 2586.82 0)
(-553.145 2716.01 0)
(-379.601 2802.45 0)
(1215.64 1360.06 0)
(103.633 2775.23 0)
(469.67 2417.43 0)
(-44.0501 2756.48 0)
(10.0199 121.875 0)
(112.353 2864.45 0)
(-759.932 2208.82 0)
(-578.489 2728.77 0)
(667.151 2923.93 0)
(-1637.72 2662.77 0)
(-72.7369 909.779 0)
(-96.4187 535.891 0)
(-1573.05 2762.75 0)
(60.9712 2760.68 0)
(-931.162 2597.16 0)
(-407.856 2614.39 0)
(-107.222 2676.38 0)
(730.542 2754.99 0)
(-429.766 2512.22 0)
(-65.4443 2680.02 0)
(1003.29 2057.54 0)
(-152.428 2813.27 0)
(25.7913 2857.34 0)
(144.87 821.259 0)
(-234.801 2626.55 0)
(22.6737 2734.62 0)
(-779.534 2605.96 0)
(-253.457 2832.41 0)
(-346.708 2793.47 0)
(1203.15 2717.19 0)
(-557.608 2465.1 0)
(-28.1756 981.094 0)
(-145.21 2733.04 0)
(-38.4666 698.353 0)
(-174.745 862.023 0)
(186.677 2800.18 0)
(-820.34 2825.26 0)
(17.1263 83.9392 0)
(-830.227 2385.94 0)
(105.814 2767.03 0)
(129.321 2813.39 0)
(280.15 2652.68 0)
(-191.155 2724.36 0)
(482.752 2424.74 0)
(667.192 2724.73 0)
(84.9939 2659.1 0)
(-67.0776 2773.07 0)
(-494.322 2511.1 0)
(136.915 478.534 0)
(207.696 3017.21 0)
(754.725 1746.91 0)
(297.369 2637.67 0)
(-2.56102 2739.56 0)
(1941.29 1869.57 0)
(-48.4893 2972.66 0)
(-164.032 1528.97 0)
(123.995 2711.89 0)
(-15.2802 2723.58 0)
(-789.119 1995.43 0)
(112.758 2561.64 0)
(97.721 505.492 0)
(20.0932 2739.16 0)
(-839.704 2881.02 0)
(-203.106 2920.73 0)
(744.851 2687.46 0)
(-49.2351 629.69 0)
(-156.134 2930.67 0)
(-35.62 2760.59 0)
(-89.3894 842.595 0)
(-81.3025 2755.75 0)
(-47.114 2711.53 0)
(1033.93 2639.88 0)
(408.531 2466.52 0)
(-789.284 2180.47 0)
(-10.2249 2814.45 0)
(-102.087 2881.11 0)
(-758.463 2878.52 0)
(-54.2475 2765.56 0)
(14.3947 2726.68 0)
(-194.37 2732.23 0)
(53.8902 365.594 0)
(12.1813 2761.99 0)
(524.603 2538.24 0)
(89.0627 3030.18 0)
(746.688 2510.41 0)
(-522.225 2506.76 0)
(283.818 2650.02 0)
(-12.6662 2733.67 0)
(21.535 2653.51 0)
(-108.626 451.357 0)
(-1261.05 2175.98 0)
(-1988.31 1109.85 0)
(969.532 2764.48 0)
(-892.642 2148.04 0)
(71.7722 870.611 0)
(-650.367 2419.45 0)
(160.082 2792.85 0)
(37.672 2929.92 0)
(-632.33 2727.31 0)
(-745.828 2710.82 0)
(2141.45 1127.75 0)
(402.358 2622.96 0)
(-83.6755 2864.87 0)
(19.4658 2815.3 0)
(-875.307 2667.11 0)
(-220.681 2754.28 0)
(-198.376 2635.48 0)
(-865.722 2352.34 0)
(157.302 2719.29 0)
(164.656 747.993 0)
(-19.9931 560.59 0)
(-495.21 2794.79 0)
(112.578 2751.78 0)
(-174.412 2795.56 0)
(19.9188 2738.94 0)
(710.648 2762.12 0)
(-428.053 2857.6 0)
(-893.432 2542.43 0)
(-66.5508 2743.87 0)
(-22.1734 204.964 0)
(190.324 2648.84 0)
(-393.728 2789.76 0)
(-487.249 2935.89 0)
(-1182.27 2454.58 0)
(-381.408 2563.69 0)
(150.603 2691.73 0)
(-51.8924 2759.5 0)
(-7.68193 2830.31 0)
(-13.5568 590.435 0)
(-43.4686 2784.12 0)
(-1056.61 2764.58 0)
(828.998 2799.26 0)
(-119.782 2791.11 0)
(-446.282 2503.12 0)
(-32.9048 2752.48 0)
(-54.3439 2763.41 0)
(1754.15 2070.18 0)
(-333.912 2811.58 0)
(385.109 2782.16 0)
(-843.292 1923.05 0)
(41.6237 2781.06 0)
(136.449 521.034 0)
(26.5759 2766.92 0)
(-816.4 2698.05 0)
(-85.4937 2770.96 0)
(420.343 2462.37 0)
(-78.5733 2702.71 0)
(-71.0639 2701.56 0)
(-55.4856 618.166 0)
(-533.447 2492.41 0)
(-71.0171 2811.23 0)
(37.8947 2805.36 0)
(-131.378 2769.77 0)
(106.486 2767.54 0)
(169.637 2847.13 0)
(46.9257 2774.84 0)
(56.1641 2805.61 0)
(688.283 2728.36 0)
(284.14 2651.64 0)
(-2495.1 938.115 0)
(408.114 2452.33 0)
(288.977 2578.41 0)
(99.7192 2771.06 0)
(105.283 657.332 0)
(-61.3241 2706.78 0)
(33.3832 2770.25 0)
(36.1423 2938 0)
(86.8629 2765.3 0)
(-49.2324 238.878 0)
(-825.516 2722.11 0)
(-1071.95 2500.15 0)
(-39.6617 2762.5 0)
(-40.0887 2719.83 0)
(8.8073 463.767 0)
(110.166 2773.36 0)
(-1037.62 1533.43 0)
(-98.1156 784.182 0)
(-197.894 2864.62 0)
(-1224.98 1270.67 0)
(57.4195 816.116 0)
(-2113.56 1357.15 0)
(484.732 2785.27 0)
(16.8136 2741.98 0)
(-110.642 2694.17 0)
(-12.2798 2750.78 0)
(-50.9083 2891.93 0)
(-514.171 2436.47 0)
(-26.9109 2755.59 0)
(160.215 2638.93 0)
(356.632 2773.34 0)
(593.545 2507.73 0)
(772.934 2964.84 0)
(-365.695 2764 0)
(-113.493 2802.05 0)
(-152.014 2809.78 0)
(-752.714 2858.19 0)
(473.17 2944.05 0)
(598.221 2746.55 0)
(-336.9 2799.88 0)
(-88.1948 2697.48 0)
(415.527 2462.28 0)
(-121.234 2771.86 0)
(-382.367 2553.65 0)
(295.099 2670.34 0)
(19.8338 2819.64 0)
(136.622 2765.06 0)
(411.287 2459.25 0)
(81.3923 2775.21 0)
(-56.0726 281.021 0)
(-1314.74 2123.99 0)
(87.5148 2765.63 0)
(306.115 2682.6 0)
(-42.6905 642.963 0)
(299.274 2650.23 0)
(769.673 2713.92 0)
(-1149.48 2473.64 0)
(-163.847 2787.55 0)
(116.162 2805.67 0)
(-151.914 2810.08 0)
(6.9957 2745.14 0)
(-76.8741 1177.1 0)
(-173.771 2831.18 0)
(140.48 2767.43 0)
(181.184 634.904 0)
(61.7484 2800.89 0)
(-840.369 2157.51 0)
(0.00865775 2789.73 0)
(273.945 2684.72 0)
(25.6554 2578.63 0)
(-418.037 2740.78 0)
(-62.5441 2848.88 0)
(-364.958 2560.62 0)
(-430.332 2857.18 0)
(-950.648 2319.23 0)
(267.699 2591.46 0)
(85.229 2754.51 0)
(24.6282 2735.14 0)
(-46.3082 2777.26 0)
(18.3809 2722.43 0)
(583.471 2352.75 0)
(-807.306 2200.47 0)
(154.502 2777.01 0)
(-406.642 2530.93 0)
(168.523 2480.89 0)
(-648.588 2672.14 0)
(222.645 2588.95 0)
(-860.767 2175.4 0)
(-79.0039 2780.06 0)
(-17.4942 2809.41 0)
(163.196 2846.46 0)
(-861.692 2761.6 0)
(128.399 2699.03 0)
(64.2939 2820.62 0)
(444.742 2561.96 0)
(-310.161 2780.47 0)
(-8.81732 2734.96 0)
(-254.127 2599.91 0)
(77.4078 2900.75 0)
(-83.205 567.22 0)
(147.498 2845.29 0)
(-78.4969 333.533 0)
(17.7351 619.344 0)
(646.222 2294.35 0)
(-364.199 2792.68 0)
(128.299 545.202 0)
(-694.14 2451.07 0)
(10.5884 110.198 0)
(1179.6 2401.37 0)
(-229.046 2848.5 0)
(-90.1894 2796.8 0)
(99.5936 2772 0)
(48.7678 2727.52 0)
(-1314.97 2334.63 0)
(15.4669 96.6439 0)
(-372.489 2815.44 0)
(-371.183 2717.41 0)
(-40.5439 194.759 0)
(-471.301 2490.4 0)
(130.488 2672.39 0)
(-85.6926 371.127 0)
(1977.3 1763.41 0)
(131.126 2846.21 0)
(11.1651 2816.69 0)
(51.0853 2760.45 0)
(-673.632 2728.82 0)
(-884.177 2191.71 0)
(-343.028 2307.62 0)
(219.078 2694.85 0)
(-789.522 1915.11 0)
(-355.647 2778.94 0)
(-64.2603 2787.99 0)
(66.6604 2822.48 0)
(339.679 2743.57 0)
(452.282 2446.66 0)
(854.075 2701.79 0)
(-37.4248 2710.26 0)
(13.2217 2813.64 0)
(-1171.18 2423.95 0)
(-247.199 2783.34 0)
(454.038 2429.62 0)
(-16.1478 2779.59 0)
(-601.181 2618.53 0)
(604.086 2439.72 0)
(-505.729 2463.25 0)
(419.312 148.183 0)
(476.84 2577.28 0)
(-1090.88 1568.83 0)
(-130.166 2773.85 0)
(93.2658 2842.42 0)
(-640.745 2445 0)
(470.201 2453.5 0)
(487.907 2935.37 0)
(-111.298 2695.53 0)
(1149.45 1919.27 0)
(-331.827 2773.92 0)
(433.306 2657.43 0)
(-931.576 2622.28 0)
(-177.235 2955.4 0)
(330.335 2623.66 0)
(51.9388 2806.22 0)
(921.393 1792.31 0)
(392.508 2822.03 0)
(-840.943 2689.76 0)
(-66.4962 2807.49 0)
(504.445 2402.98 0)
(133.344 2691.86 0)
(-44.8619 2629.72 0)
(-367.605 2817.55 0)
(-619.05 2341.46 0)
(84.2245 2695.77 0)
(442.276 2964.08 0)
(-816.664 2681.34 0)
(-8.19237 2748.84 0)
(1606.45 2111.41 0)
(104.507 2720.04 0)
(373.75 2815.66 0)
(112.955 2676.68 0)
(-147.89 2767.58 0)
(29.4689 662.231 0)
(77.508 2759.62 0)
(257.826 2782.99 0)
(-931.512 2627.57 0)
(2.36604 2729.14 0)
(-1644.55 2139.92 0)
(-239.369 2812.81 0)
(-892.483 2140.35 0)
(-1350.01 2289.82 0)
(114.281 2845.65 0)
(148.498 595.944 0)
(195.523 2770.86 0)
(217.832 2742.9 0)
(1248.4 1899.3 0)
(32.8555 155.827 0)
(1592.43 2237.23 0)
(900.418 2784.83 0)
(240.154 2795.2 0)
(-939.551 2706.45 0)
(-631.87 2741.25 0)
(-1161.7 2287.71 0)
(1815.89 1990.99 0)
(463.512 2426.83 0)
(5.40344 2727.73 0)
(-110.253 432.621 0)
(-898.277 2660.32 0)
(-103.246 1350.69 0)
(17.9689 81.7104 0)
(137.682 2788.65 0)
(694.548 2870.85 0)
(374.687 2827.66 0)
(-268.019 2607.04 0)
(-1040.84 2285.18 0)
(-614.355 2356.19 0)
(231.149 2765.52 0)
(398.756 2345.24 0)
(-32.2193 150.1 0)
(48.2193 2727.79 0)
(-33.9769 145.758 0)
(-22.65 679.013 0)
(-30.5146 153.968 0)
(934.858 2370.42 0)
(157.486 2681.63 0)
(-386.835 2744.46 0)
(1321.09 2281.27 0)
(-690.388 2331.71 0)
(481.415 2274.39 0)
(-185.46 2710.3 0)
(-84.2772 2784.26 0)
(149.768 2775.94 0)
(364.64 2831.23 0)
(523.346 2725.2 0)
(-413.444 2532.56 0)
(-85.415 495.107 0)
(-628.861 2749.43 0)
(-214.056 2639.91 0)
(-1.27927 483.871 0)
(-1502.64 2241.47 0)
(-33.1828 2748.08 0)
(-148.533 2793.88 0)
(164.208 2782.03 0)
(-110.835 786.169 0)
(-876.134 2880.82 0)
(56.5634 2799.46 0)
(-28.5325 158.162 0)
(578.992 2354.58 0)
(7.77101 1037.91 0)
(644.254 2907.9 0)
(-489.84 2496.35 0)
(-204.252 2908.83 0)
(-175.921 2983.35 0)
(346.502 2881.85 0)
(467.836 2418.78 0)
(-128.175 696.469 0)
(-289.758 2600.16 0)
(370.315 2507.74 0)
(-545.262 2459.16 0)
(-31.2138 128.927 0)
(-178.841 2714.96 0)
(55.9675 2710.9 0)
(1246.71 1829.91 0)
(-1384.71 1690.68 0)
(2574.47 1087.28 0)
(154.616 2755.41 0)
(199.533 2791.78 0)
(-426.125 2826.81 0)
(-1619.61 2160.91 0)
(-350.301 2756.74 0)
(-829.818 2490.6 0)
(-21.3584 2752.15 0)
(-139.352 2764.9 0)
(484.771 2514.97 0)
(349.255 2832.66 0)
(1476.4 1842.94 0)
(-207.711 2638.65 0)
(-111.668 2678.59 0)
(71.7639 630.55 0)
(59.3604 2795.46 0)
(50.433 2762.92 0)
(-40.6462 670.233 0)
(21.3631 633.218 0)
(166.251 2788.11 0)
(-659.132 2493.13 0)
(-70.2437 2787.72 0)
(-603.806 2464.1 0)
(73.1741 2899.7 0)
(-119.975 464.168 0)
(-55.1984 2785.25 0)
(-29.8939 122.066 0)
(-59.1595 424.764 0)
(715.209 2768.53 0)
(-935.632 2612.88 0)
(-165.311 2500.36 0)
(-337.215 2792.16 0)
(-348.265 2810.52 0)
(19.107 2779.9 0)
(1119.19 2737.08 0)
(-32.2136 2758.45 0)
(66.7769 710.721 0)
(-276.429 2554.21 0)
(1041.19 1974.77 0)
(156.711 2791.28 0)
(-124.898 2594.19 0)
(-35.0277 186.615 0)
(90.5337 2711.57 0)
(-1.91437 2712.17 0)
(184.713 1034.16 0)
(-403.843 2473.4 0)
(-689.729 2460 0)
(-44.8378 2543.78 0)
(-92.4082 2692.41 0)
(985.229 2749 0)
(-727.494 2378.76 0)
(1102.31 1794.7 0)
(82.6682 2756.28 0)
(101.529 465.736 0)
(148.039 2762.74 0)
(-440.803 2715.71 0)
(717.272 2749.36 0)
(-270.237 2588.48 0)
(2.68133 2741.85 0)
(21.6521 532.61 0)
(23.8181 2894.81 0)
(131.402 2804.8 0)
(723.299 2785.32 0)
(4.53892 2723.25 0)
(49.8808 213.648 0)
(-672.022 2715.22 0)
(110.902 2805.72 0)
(-259.355 2754.37 0)
(38.4098 2807.17 0)
(-166.124 2748.05 0)
(-31.0638 2702.38 0)
(181.428 2797.58 0)
(132.517 751.564 0)
(-14.7278 2828.75 0)
(-543.989 2184.9 0)
(90.2627 2688.79 0)
(-363.292 2679.41 0)
(60.9764 2760.09 0)
(115.244 2814.91 0)
(-361.468 2647.91 0)
(1269.29 2366.26 0)
(-14.5646 2731.25 0)
(-882.271 2487.38 0)
(-1180.93 2521.2 0)
(-743.929 2724.05 0)
(619.172 2538.24 0)
(-230.356 2701.64 0)
(-892.633 2667.46 0)
(-694.529 2446.27 0)
(97.1161 2786.72 0)
(0.0630281 2759.31 0)
(166.512 2776.12 0)
(31.142 2553.18 0)
(-51.7623 2711.84 0)
(303.774 2804.88 0)
(-33.1517 2786.01 0)
(44.0284 2752.86 0)
(165.762 2828.06 0)
(1895.5 1830.38 0)
(2217.83 1251.7 0)
(592.237 2703.74 0)
(-356.489 2547 0)
(-795.759 2723.98 0)
(148.229 2779.7 0)
(73.6262 2881.51 0)
(107.079 2764 0)
(-63.2923 2741.2 0)
(-102.199 415.388 0)
(592.203 2747.38 0)
(17.8525 2860.3 0)
(-329.872 2773.76 0)
(244.237 2994.78 0)
(91.0359 2713.29 0)
(340.463 2849.17 0)
(153.023 595.018 0)
(635.805 2698.22 0)
(-774.322 2491.42 0)
(-455.891 2665.7 0)
(-730.512 2735.92 0)
(92.5185 2788.16 0)
(-1078.53 1507.9 0)
(626.137 2292.93 0)
(831.458 2809.28 0)
(66.4224 617.555 0)
(-401.142 2753.31 0)
(114.845 2762.81 0)
(13.8734 73.67 0)
(-111.553 2682.37 0)
(-36.3349 2759.04 0)
(-88.0395 466.492 0)
(63.0478 2703.09 0)
(-539.223 2490.54 0)
(-124.323 2667.48 0)
(-268.033 2768.95 0)
(-74.4178 2703.38 0)
(-40.0169 2709.28 0)
(382.564 2516.22 0)
(948.763 2842.04 0)
(-383.168 2329.84 0)
(-930.159 2483.75 0)
(136.663 2803.8 0)
(-860.386 2677.4 0)
(127.648 2822.28 0)
(-315.29 2863.1 0)
(7.41118 141.832 0)
(-73.7871 361.339 0)
(-87.7753 361.704 0)
(12.7374 2737.9 0)
(-332.656 2806.29 0)
(-1074.81 2558.04 0)
(-716.791 2492.93 0)
(90.7979 2766.64 0)
(1234.14 2008.77 0)
(-21.1607 2758.41 0)
(-42.7032 229.198 0)
(-181.929 2778.86 0)
(57.4703 256.631 0)
(-202.011 2916.01 0)
(43.5383 2799.35 0)
(-45.0369 2824.33 0)
(-122.957 618.156 0)
(1225.53 2648.73 0)
(839.583 2692.64 0)
(-171.753 2755.65 0)
(678.276 2692.86 0)
(-428.34 2531.53 0)
(55.1782 2778.03 0)
(1011.82 2513.11 0)
(-152.814 774.864 0)
(-390.091 2842.06 0)
(1005.54 2776.16 0)
(-363.014 2798.85 0)
(1211.94 2410.35 0)
(-770.068 1865.79 0)
(-821.293 2715.34 0)
(-675.907 2880.03 0)
(720.571 2651.72 0)
(88.5512 412.488 0)
(-31.514 2755.6 0)
(335.631 2832.71 0)
(-138.115 2662.92 0)
(1009.62 1067.68 0)
(-661.018 2885.3 0)
(8.90802 177.109 0)
(52.8975 515.862 0)
(132.942 2724.95 0)
(2395.29 1065.16 0)
(636.143 2405.62 0)
(-341.477 2820.64 0)
(7.91533 2892.46 0)
(301.051 2578.02 0)
(-376.576 2543.71 0)
(-527.902 2397.92 0)
(-1088.41 2516.61 0)
(34.6498 151.468 0)
(-35.3923 2776.1 0)
(-50.1551 2695.65 0)
(-777.802 2656.27 0)
(519.718 2410.88 0)
(28.7356 2745.1 0)
(59.8837 2776.46 0)
(45.1638 2795.95 0)
(-557.653 2910.27 0)
(96.6678 2730.74 0)
(378.526 2703.73 0)
(1012.54 2808.69 0)
(-372.101 2735.35 0)
(793.628 2823.89 0)
(1637.43 2326.01 0)
(-193.037 2655.36 0)
(647.971 2739.8 0)
(-161.023 2655.96 0)
(-1198.14 2425.22 0)
(1637.18 2370.65 0)
(1146.02 1589.11 0)
(1659.07 2511.39 0)
(-369.371 2714.38 0)
(-73.4381 2680.04 0)
(-338.405 2798.74 0)
(1660.38 2623.99 0)
(59.584 2887.83 0)
(-732.678 2787.8 0)
(-925.85 2633.52 0)
(-747.038 2387.57 0)
(136.256 2782.69 0)
(-445.423 2515.73 0)
(-19.0203 2766.15 0)
(-927.925 2388.85 0)
(-870.812 2829.71 0)
(139.152 2799.94 0)
(-129.193 2739.09 0)
(120.151 604.115 0)
(26.4174 125.044 0)
(23.5598 2728.28 0)
(-405.505 2726.09 0)
(-270.268 2825.22 0)
(770.955 2668.97 0)
(-15.6019 2753.56 0)
(59.7853 293.975 0)
(-160.482 2958.98 0)
(-234.175 2628.81 0)
(-102.152 2822.13 0)
(-138.366 695.781 0)
(-27.7846 2706.11 0)
(202.208 2881.03 0)
(1483.95 2457.97 0)
(24.7857 128.505 0)
(-75.4693 2772.89 0)
(-52.9909 291.724 0)
(653.219 2717.33 0)
(-116.68 2677.56 0)
(-657.069 2210.23 0)
(64.2398 917.283 0)
(-0.576119 2870.55 0)
(43.1464 514.897 0)
(116.154 779.849 0)
(-1660.77 2824.97 0)
(474.894 2386.66 0)
(1368.58 2216.12 0)
(-168.261 905.79 0)
(-863.564 2508.8 0)
(22.3777 625.018 0)
(530.074 2287.18 0)
(-70.8236 390.377 0)
(-260.075 2636.29 0)
(52.5954 796.136 0)
(182.237 2678.73 0)
(-14.6306 2221.25 0)
(-81.4012 505.019 0)
(23.2202 132.242 0)
(1509.08 1888.34 0)
(-57.361 324.336 0)
(-33.0025 412.03 0)
(39.9522 152.937 0)
(-262.818 2509.24 0)
(43.361 2731 0)
(393.031 2538.32 0)
(-494.027 2652.9 0)
(149.582 2531.39 0)
(-28.9966 782.552 0)
(-479.05 2499.99 0)
(-197.338 2804.17 0)
(2.19202 1020.37 0)
(128.807 780.851 0)
(-74.6395 382.225 0)
(2633.92 1071.59 0)
(-257.318 2712.95 0)
(-641.876 2631.03 0)
(96.5772 2732.79 0)
(43.22 2809.54 0)
(569.665 2895.23 0)
(-145.473 2597.28 0)
(1677.57 2713.92 0)
(146.278 2737.36 0)
(-61.5307 345.157 0)
(4.64902 90.3786 0)
(590.75 2247.64 0)
(-202.214 2636.97 0)
(80.9062 2737.02 0)
(21.4168 135.147 0)
(-1012.54 2547.67 0)
(196.56 2767.23 0)
(-984.773 2363.1 0)
(41.3971 2725.6 0)
(-70.7257 815.114 0)
(198.392 2712.82 0)
(-24.5305 462.716 0)
(201.637 2614.31 0)
(5.68686 88.5605 0)
(69.069 2815.2 0)
(-547.826 2684.17 0)
(-9.56709 2549.81 0)
(-45.802 590.623 0)
(170.512 2789.66 0)
(168.556 2738.51 0)
(-341.441 2857.29 0)
(165.342 2408.93 0)
(-1391.24 1858.81 0)
(-98.2116 2797.03 0)
(-3.91478 2888.56 0)
(-171.511 2724.11 0)
(35.9811 328.522 0)
(-117.202 769.384 0)
(-49.9748 2755.39 0)
(-104.297 2798.21 0)
(100.293 2727.46 0)
(183.68 2776.08 0)
(-814.9 2219.28 0)
(4.30173 77.3473 0)
(-1028.33 2340.9 0)
(-999.347 2563.74 0)
(615.306 2327.41 0)
(100.646 2844.42 0)
(41.3115 2881.87 0)
(169.036 2763.3 0)
(1155.5 2238.73 0)
(-148.163 2690.73 0)
(266.851 2784.87 0)
(-199.265 2311.82 0)
(372.098 2525.16 0)
(58.9317 547.965 0)
(-325.96 2788.58 0)
(56.256 592.562 0)
(967.304 1813 0)
(-645.133 2787.51 0)
(1141.16 2430.74 0)
(1023.9 2770.73 0)
(-339.455 2722.34 0)
(118.902 2672.34 0)
(-61.6782 2810.66 0)
(32.3596 2747.13 0)
(-638.579 323.376 0)
(588.867 2827.84 0)
(130.941 2762.46 0)
(26.8369 160.472 0)
(-422.537 2733.06 0)
(-31.8533 369.459 0)
(23.4744 197.86 0)
(-569.21 2453.03 0)
(134.12 592.139 0)
(-98.5221 715.319 0)
(-56.8395 2764.1 0)
(-104.206 2692.66 0)
(838.633 2375.22 0)
(-124.321 2855.62 0)
(-21.846 2879.52 0)
(49.8576 2800.55 0)
(985.379 2813.5 0)
(-43.8334 150.607 0)
(-141.631 2669.66 0)
(-335.205 2804.31 0)
(42.3261 457.434 0)
(190.033 2789.36 0)
(-569.348 2404.41 0)
(-182.02 2648.53 0)
(84.1828 2683.8 0)
(-2119.9 1334.87 0)
(-480.081 2514.6 0)
(-105.258 2756.33 0)
(124.893 2694.8 0)
(194.581 2772.96 0)
(46.2981 2779.19 0)
(696.784 2869.95 0)
(32.5005 456.777 0)
(-30.7506 169.695 0)
(-52.7208 2763.5 0)
(-173.701 2733.34 0)
(19.1315 2818.97 0)
(-10.5088 2761.44 0)
(761.7 2736.63 0)
(82.2995 2748.33 0)
(1033.41 2651.21 0)
(486.995 2388.25 0)
(34.3031 2865.79 0)
(-1018.74 2513.13 0)
(-182.335 2765.72 0)
(351.149 2802.48 0)
(-89.4746 2679.25 0)
(-42.5525 2616.79 0)
(-345.106 86.183 0)
(-115.291 2678.14 0)
(1791.91 2012.04 0)
(72.3484 656.331 0)
(-517.757 2493.78 0)
(498.497 2452.22 0)
(-26.3942 161.862 0)
(-737.42 2665.19 0)
(-862.263 2604.86 0)
(100.498 2726.96 0)
(710.295 2452.1 0)
(-694.737 2667.67 0)
(104.024 455.955 0)
(-476.294 2704.94 0)
(106.251 2807.97 0)
(150.5 2793.37 0)
(29.4169 2799.5 0)
(56.0416 2387.07 0)
(46.9207 2774.94 0)
(-964.122 2605.28 0)
(37.5164 412.567 0)
(-2182.45 1365.51 0)
(425.278 2466.84 0)
(1109.84 1586.64 0)
(-508.607 2363.06 0)
(644.262 2779.53 0)
(-192.527 2692.6 0)
(-67.6466 2435.39 0)
(453.305 2850.7 0)
(14.6101 2742.17 0)
(334.09 2848.08 0)
(-24.6187 415.454 0)
(-30.4565 178.326 0)
(-23.7866 332.882 0)
(-1605.51 2913.42 0)
(2.95604 98.7504 0)
(9.5927 138.133 0)
(-129.917 2793.9 0)
(-54.4929 2817 0)
(-310.168 2780.51 0)
(-1335.52 2796.19 0)
(-846.256 2678.4 0)
(106.841 2817.15 0)
(-974.418 2604.74 0)
(121.585 2708.2 0)
(-31.2742 2764.78 0)
(986.668 2826 0)
(503.029 2716.27 0)
(-1342.74 2407.37 0)
(-32.433 191.155 0)
(-575.05 2624.74 0)
(59.5697 249.442 0)
(-462.348 2825.29 0)
(33.606 198.066 0)
(-334.556 2594.89 0)
(-1357.92 2293.63 0)
(12.0524 173.612 0)
(30.1779 264.279 0)
(21.5218 483.311 0)
(200.655 2720.92 0)
(213.897 2768.09 0)
(227.025 2742.05 0)
(-38.2893 343.807 0)
(213.764 2740.18 0)
(172.699 2743.68 0)
(1233.44 2705.16 0)
(178.559 2788.26 0)
(-285.151 2827.77 0)
(9.16995 2756.08 0)
(164.181 2643.94 0)
(212.135 2779.01 0)
(-171.456 2727.61 0)
(-27.9896 303.19 0)
(280.535 2789.51 0)
(28.8891 411.834 0)
(460.678 2367.06 0)
(-182.393 2922.57 0)
(-80.7616 2977.47 0)
(2.49773 556.183 0)
(12.9447 2735.43 0)
(-37.7148 209.276 0)
(108.64 549.089 0)
(25.6267 2847.17 0)
(-22.2276 304.67 0)
(-39.4303 357.081 0)
(-894.958 2219.75 0)
(-927.332 2672.42 0)
(181.343 2798.2 0)
(-821.533 2699.57 0)
(4.26327 83.2293 0)
(-98.9821 2784.87 0)
(-1321.53 2275.17 0)
(-180.116 2810.83 0)
(91.3234 402.997 0)
(67.5571 847.394 0)
(45.629 2955.7 0)
(-32.4176 199.7 0)
(-75.5904 2808.34 0)
(-79.2256 2804.61 0)
(-78.0491 448.9 0)
(122.018 2706.95 0)
(587.629 2667.24 0)
(-281.994 2352.4 0)
(-120.964 2707.05 0)
(85.7501 345.248 0)
(-84.2028 475.976 0)
(177.343 2862.18 0)
(28.7467 2737.78 0)
(62.548 286.596 0)
(166.456 2796.21 0)
(7.52292 2737.69 0)
(36.7447 221.762 0)
(-100.575 427.295 0)
(23.0473 2876.66 0)
(-140.113 2797.33 0)
(-946.425 2589.35 0)
(2075.92 1626.89 0)
(-71.2885 2810.71 0)
(-13.7058 79.0514 0)
(1286.81 2461.37 0)
(963.416 2300.99 0)
(-832.515 2815.69 0)
(-536.823 2491.64 0)
(64.5794 278.912 0)
(-576.802 2476.94 0)
(-12.3852 79.9771 0)
(-37.1401 219.232 0)
(-1023.07 2817.52 0)
(-1261.75 2422.12 0)
(87.7887 2782.95 0)
(-692.322 2292.67 0)
(1.03258 100.748 0)
(-115.531 2721.06 0)
(0.996708 143.604 0)
(170.768 2783.37 0)
(-77.2929 319.647 0)
(30.6653 2790.15 0)
(-39.7544 234.337 0)
(-1144.02 2265.85 0)
(303.262 2805.74 0)
(-1115.82 2348.36 0)
(-163.171 2656.57 0)
(22.254 2850.43 0)
(709.459 2257.84 0)
(-331.81 2773.92 0)
(-320.18 2737.19 0)
(-46.63 170.758 0)
(1184.52 2245.17 0)
(-64.9207 2766.87 0)
(345.587 2739.3 0)
(73.735 367.281 0)
(37.8419 2764.1 0)
(135.785 2775.69 0)
(-722.78 2646.56 0)
(-641.872 2440.86 0)
(40.3298 150.073 0)
(-19.6679 248.152 0)
(-117.305 781.252 0)
(-19.6402 2881.94 0)
(-141.343 2884.24 0)
(-24.2698 372.2 0)
(-73.0124 267.735 0)
(-1085.01 2378.97 0)
(-365.668 2764.13 0)
(573.178 2814.77 0)
(11.109 593.135 0)
(53.747 551.14 0)
(-693.976 2309.19 0)
(-153.783 2759.37 0)
(13.2205 76.5396 0)
(175.9 2800.18 0)
(-366.904 2848 0)
(0.501378 158.593 0)
(-46.7449 256.347 0)
(-77.0175 431.849 0)
(39.4337 247.858 0)
(32.35 2734.6 0)
(141.131 2742.31 0)
(632.728 2777.2 0)
(67.0229 2853.15 0)
(-424.982 2709.18 0)
(-54.3202 2991.26 0)
(26.1695 119.784 0)
(-866.283 2638.66 0)
(-544.607 2475.74 0)
(98.2856 2809.76 0)
(-57.5784 493.362 0)
(33.7923 144.082 0)
(-76.0635 415.026 0)
(-17.9511 226.197 0)
(-2109.09 1268.39 0)
(319.475 2510.45 0)
(838.936 2642.76 0)
(5.23397 567.853 0)
(83.0643 656.551 0)
(-39.9252 245.009 0)
(53.2064 2750.64 0)
(0.218125 89.0416 0)
(-254.537 2731.6 0)
(684.145 2660.26 0)
(-171.531 2747.55 0)
(40.4643 2734.8 0)
(-52.7058 279.457 0)
(75.6249 2919.66 0)
(-0.437761 501.031 0)
(551.011 2654.88 0)
(43.025 264.855 0)
(-1371.72 2254.2 0)
(-90.7232 2781.51 0)
(146.398 2779.38 0)
(-190.636 2845.71 0)
(0.989383 179.379 0)
(324.781 2800.15 0)
(39.5942 321.927 0)
(0.149746 108.338 0)
(-120.341 948.332 0)
(-820.512 2680.24 0)
(-165.807 2664.64 0)
(213.741 2674.15 0)
(237.706 2997.92 0)
(-315.431 2565.22 0)
(-135.044 768.188 0)
(47.8906 775.409 0)
(625.599 2763.31 0)
(388.376 2533.21 0)
(-3.10774 2734.38 0)
(1485.44 2357.34 0)
(-1208.3 2486.53 0)
(127.898 2734.09 0)
(-155.935 2755.16 0)
(-1371.59 2878.02 0)
(-67.0414 398.234 0)
(-56.7891 311.256 0)
(-0.664362 119.824 0)
(-46.2296 267.746 0)
(1963.67 1582.75 0)
(22.5092 287.893 0)
(-197.026 676.198 0)
(-142.591 2667.46 0)
(1245.97 2403.05 0)
(-660.183 2767.79 0)
(112.798 2761.95 0)
(1641.99 2328.64 0)
(434.274 1826.16 0)
(1644.75 2274.46 0)
(-266.113 2874.54 0)
(-26.7885 741.259 0)
(43.2304 315.023 0)
(-1282.52 2294.59 0)
(-435.668 2600.83 0)
(0.418968 197.39 0)
(46.7945 308.201 0)
(-36.2726 2833.58 0)
(-606.282 2781.88 0)
(-92.1836 763.627 0)
(50.1043 301.59 0)
(-173.113 2732.58 0)
(-49.8791 298.064 0)
(5.13146 366.97 0)
(403.19 2765.21 0)
(22.2433 2976.87 0)
(1751.75 2082.38 0)
(1209.63 2524.25 0)
(-406.23 2701.7 0)
(-17.0662 336.326 0)
(-503.937 2264.08 0)
(-65.8562 367.623 0)
(692.445 2671.76 0)
(1184.61 2428.9 0)
(-718.352 2584.95 0)
(150.083 2777.23 0)
(-647.338 2440.89 0)
(-1342.76 2345.68 0)
(-54.0659 330.959 0)
(22.9307 145.759 0)
(-129.998 784.212 0)
(-1478.25 1750 0)
(1414.89 2376.74 0)
(-291.468 2702.47 0)
(1.30136 222.644 0)
(-56.7084 513.635 0)
(344.772 2686.97 0)
(41.6637 433.396 0)
(677.878 2668.32 0)
(-78.5002 2804.42 0)
(-46.4065 370.334 0)
(-494.919 2461.25 0)
(-11.0806 97.7343 0)
(-57.8873 353.306 0)
(-419.194 2504.34 0)
(-33.4349 2741.67 0)
(-102.261 2777.48 0)
(20.5342 258.089 0)
(-850.416 2642.72 0)
(-973.693 2586.86 0)
(72.4154 2771.64 0)
(-90.7825 2893.28 0)
(133.838 2692.1 0)
(1676.48 1564.26 0)
(-364.091 2820.11 0)
(-15.4388 308.623 0)
(-1533.57 1911.54 0)
(0.783633 244.376 0)
(53.6507 2831.91 0)
(58.4442 2761.71 0)
(-47.5151 437.658 0)
(-1231.09 1866.14 0)
(-848.019 2807.85 0)
(-350.476 2702.27 0)
(-307.062 2568.97 0)
(18.3163 2742.9 0)
(-175.539 2446.19 0)
(-125.047 2651.16 0)
(-350.268 2756.62 0)
(-13.7802 2744.63 0)
(71.6228 622.033 0)
(1403.49 2104.85 0)
(-1116.94 2461.44 0)
(1153.75 1563.78 0)
(4.26191 277.468 0)
(22.8435 152.871 0)
(-1120.26 2479.37 0)
(19.4419 138.663 0)
(-73.9128 2981.98 0)
(-15.8361 143.84 0)
(-421.384 2677.74 0)
(-22.5133 139.962 0)
(-8.56679 99.3669 0)
(-19.3499 142.003 0)
(432.902 2471.74 0)
(-1453.56 1583.34 0)
(133.487 2998.53 0)
(-200.338 2627.57 0)
(24.7511 164.422 0)
(13.0291 155.879 0)
(2.36237 2737.44 0)
(0.529332 267.792 0)
(-1543.34 2207.74 0)
(-12.4489 145.966 0)
(-2.37511 451.32 0)
(218.777 2504.56 0)
(65.3016 964.459 0)
(204.906 2708.55 0)
(-40.9922 2714.84 0)
(-471.222 2730.34 0)
(289.8 2548.83 0)
(-86.2653 2703.32 0)
(-386.914 2744.7 0)
(602.745 2282.65 0)
(21.0062 2724.19 0)
(622.05 2737.74 0)
(36.9059 2632.79 0)
(820.959 2187.83 0)
(-1100.19 1887.97 0)
(-104.398 778.877 0)
(-1043.05 2373.19 0)
(-15.3338 275.099 0)
(-70.1421 2743.84 0)
(175.59 2753.02 0)
(43.271 2815.37 0)
(-200.987 2644.39 0)
(-32.1747 2741.67 0)
(172.291 822.406 0)
(1.53155 300.202 0)
(-46.4646 352.897 0)
(28.8657 180.952 0)
(96.9798 760.084 0)
(-25.4633 2702.76 0)
(2176.53 1281.33 0)
(42.2955 2807.45 0)
(1.31194 328.505 0)
(-1351.86 3002.99 0)
(222.036 2704.01 0)
(626.536 2737.29 0)
(39.1709 2957.66 0)
(24.2646 172.391 0)
(236.318 2757.17 0)
(-14.1635 250.829 0)
(-24.3738 929.343 0)
(158.219 2792.7 0)
(1545.4 523.256 0)
(-1811.02 470.116 0)
(-63.5528 422.492 0)
(-753.217 2399.6 0)
(238.79 2724.31 0)
(-14.3534 2722.8 0)
(-0.183748 350.109 0)
(-3.63422 406.197 0)
(253.287 2843.25 0)
(-1705.85 2009.44 0)
(-45.903 455.76 0)
(145.174 2790.7 0)
(600.312 2697.21 0)
(-21.0315 100.272 0)
(-713.841 2746.78 0)
(-3.43845 2821.49 0)
(-147.821 1081.46 0)
(64.2858 2827.06 0)
(859.539 2853.49 0)
(-55.7219 456.436 0)
(28.7085 189.434 0)
(194.19 2697.95 0)
(-671.413 2603.36 0)
(323.666 2929.86 0)
(-14.7615 175.631 0)
(31.2552 202.582 0)
(150.974 2887.86 0)
(188.313 2733.79 0)
(-12.7814 228.707 0)
(1754.23 1675.47 0)
(-191.69 779.722 0)
(-29.0237 2860.95 0)
(388.193 2614.78 0)
(-584.684 2670.13 0)
(-917.977 2194.52 0)
(408.131 2327.23 0)
(-877.959 2649.32 0)
(-692.056 2405.39 0)
(44.7637 2752.5 0)
(-7.43601 509.371 0)
(-514.832 2348.17 0)
(15.4678 2852.6 0)
(90.3378 2697.65 0)
(-930.459 2624.47 0)
(26.1529 2822.76 0)
(-207.801 1889.48 0)
(-183.54 2638.24 0)
(18.3372 160.271 0)
(-1599.15 2192.87 0)
(45.4484 2969.45 0)
(-75.9985 2740.9 0)
(65.493 2911.06 0)
(-1138.09 2426.78 0)
(953.124 2293.96 0)
(2478.4 1377.25 0)
(-250.662 2633.01 0)
(-845.193 2303.02 0)
(29.2269 288.778 0)
(-433.638 2491.32 0)
(83.7289 355.378 0)
(-3.29388 532.691 0)
(217.856 774.792 0)
(178.135 653.182 0)
(-1292.36 3173.48 0)
(827.142 2604.56 0)
(191.72 1054.26 0)
(31.1746 211.935 0)
(130.086 2762.08 0)
(-10.428 109.602 0)
(-593.046 2453.58 0)
(232.211 2717.86 0)
(44.1388 2807.98 0)
(-27.8791 2832.07 0)
(85.965 370.954 0)
(-36.0235 2760.18 0)
(33.8847 227.024 0)
(26.496 2739.88 0)
(-10.4871 2811.24 0)
(66.8327 995.613 0)
(-71.9854 928.754 0)
(-141.755 2803 0)
(-66.5328 513.767 0)
(1.86828 748.059 0)
(160.507 2747.84 0)
(88.9425 386.091 0)
(-1183.8 2277.4 0)
(-419.482 2416.63 0)
(-10.8641 184.28 0)
(-262.841 2754.69 0)
(-1433.76 2230.76 0)
(596.99 2504.48 0)
(62.8362 823.604 0)
(1309.52 2283.28 0)
(-1.64036 131.819 0)
(-929.239 2624.55 0)
(3.59847 85.0005 0)
(611.231 1741.86 0)
(174.392 2752.79 0)
(3.13977 92.0928 0)
(39.2177 2929.21 0)
(1947.2 1811.22 0)
(280.609 2799 0)
(-305.442 2730.38 0)
(-34.1978 2894.73 0)
(43.7696 495.282 0)
(2012.36 1791.52 0)
(-180.02 2663.15 0)
(27.3324 258.65 0)
(167.808 2763.78 0)
(22.0958 2732.53 0)
(-1.99434 146.21 0)
(33.7675 237.006 0)
(-1448.93 2177.21 0)
(159.63 2774.57 0)
(-23.3901 2708.01 0)
(658.908 2654.34 0)
(-257.289 2815.42 0)
(-1761.04 2512.04 0)
(46.0827 2736.46 0)
(51.6005 2848.3 0)
(1086.68 2668.17 0)
(18.5191 101.78 0)
(-87.8166 2808.15 0)
(24.5469 241.967 0)
(-937.709 2614.5 0)
(-1.0798 170.212 0)
(-159.706 755.879 0)
(36.5617 253.421 0)
(-2.62879 161.567 0)
(113.043 951.043 0)
(150.112 2895.42 0)
(473.917 2691.1 0)
(58.1545 905.508 0)
(618.011 2777.55 0)
(-1.95666 84.3922 0)
(-372.14 2735.29 0)
(39.7437 270.818 0)
(-83.7059 819.25 0)
(-8.78016 147.248 0)
(94.2391 657.159 0)
(-91.9464 2801.74 0)
(-624.547 2461.39 0)
(1454.45 2342.12 0)
(-1046.1 2537.69 0)
(-1043.25 2541.59 0)
(1894.55 1717.19 0)
(68.4326 359.842 0)
(-3.46641 84.9901 0)
(6.13366 2770.9 0)
(-992.704 1684.81 0)
(-440.793 2715.45 0)
(-114.333 2663.41 0)
(-2.5074 182.511 0)
(375.937 2490.59 0)
(-69.8644 2709.87 0)
(88.852 2919.89 0)
(-115.113 2723.01 0)
(379.886 2538.3 0)
(-24.7398 2821 0)
(-405.502 2725.88 0)
(-2.43501 2736.05 0)
(359.292 2535.71 0)
(113.102 2746.92 0)
(-18.8112 134.689 0)
(-867.917 2517.93 0)
(43.0037 289.123 0)
(-137.405 2779.9 0)
(-37.3987 2757.2 0)
(39.641 282.849 0)
(-3.01336 122.036 0)
(-166.565 2732.47 0)
(-1.37515 211.71 0)
(-3.45503 201.049 0)
(-18.5521 130.871 0)
(-8.94589 458.511 0)
(63.0608 2393.28 0)
(-89.9351 2687.15 0)
(22.5187 216.25 0)
(-54.601 1415.9 0)
(481.323 2424.42 0)
(-145.446 2809.8 0)
(-11.5079 124.458 0)
(1376.43 2006 0)
(-4.90695 479.572 0)
(-821.292 2365.24 0)
(167.304 2742.73 0)
(2005.21 1928.44 0)
(36.6648 2798.8 0)
(-1515.94 2120.76 0)
(-90.7686 2893.28 0)
(-29.1885 2727.8 0)
(-64.7642 457.659 0)
(419.451 2876.42 0)
(134.467 2789.89 0)
(-101.792 2757.13 0)
(140.817 2801.24 0)
(-6.15499 100.36 0)
(-1055.78 2521.89 0)
(1777.42 1982.23 0)
(-2.89576 226.779 0)
(-18.58 2813.39 0)
(935.393 2245.93 0)
(747.263 2797.48 0)
(-5.38221 85.8501 0)
(-234.558 2877.8 0)
(1953.57 1538.99 0)
(15.496 2729.65 0)
(88.5019 541.886 0)
(-164.345 655.39 0)
(-53.2984 2964.04 0)
(-44.8215 2758.88 0)
(-29.9886 271.828 0)
(-3.63729 248.76 0)
(738.067 2633.33 0)
(-419.534 2507.92 0)
(63.928 2802.8 0)
(448.712 2922.68 0)
(129.736 633.742 0)
(444.206 2483.07 0)
(1747.56 1970.83 0)
(-690.218 2626.64 0)
(-841.778 2798.6 0)
(-98.9822 2748.83 0)
(223.204 2437.89 0)
(-2321.89 1224.87 0)
(21.1411 193.277 0)
(-0.984957 102.366 0)
(-1.56881 286.049 0)
(-4.37523 272.585 0)
(-755.767 2256.62 0)
(-326.101 2832.95 0)
(-18.0437 123.791 0)
(162.074 2893.53 0)
(-2397.17 911.834 0)
(24.446 2780.25 0)
(-10.7195 82.0517 0)
(-104.086 2870.27 0)
(-297.227 2685.32 0)
(-460.588 2699.4 0)
(27.2097 386.758 0)
(-453.623 2773.44 0)
(145.761 2737.97 0)
(-3.71686 305.802 0)
(-10.0337 412.549 0)
(-44.3596 2657.53 0)
(-6.40846 431.671 0)
(529.336 2761 0)
(21.5126 369.466 0)
(-683.789 2420.79 0)
(-6.50664 356.155 0)
(-8.98366 122.75 0)
(130.825 2676.79 0)
(-4.1251 333.824 0)
(199.496 2814.23 0)
(-1273.03 2017.24 0)
(-1492.39 1996.57 0)
(-652.999 1886.17 0)
(202.947 2852.05 0)
(419.696 2853.31 0)
(-92.1309 2696.93 0)
(-779.509 2605.94 0)
(-7.26603 387.445 0)
(-417.846 2564.24 0)
(349.117 2645.12 0)
(-41.9959 2711.69 0)
(582.267 2911.15 0)
(-10.3131 370.291 0)
(35.2635 2814.57 0)
(-50.3922 397.242 0)
(-32.9007 748.94 0)
(-58.909 414.206 0)
(-31.0704 228.91 0)
(326.283 2802.17 0)
(-112.153 2930.35 0)
(-733.609 2655.74 0)
(393.301 182.784 0)
(-28.2855 2862.92 0)
(-1459.17 2669.52 0)
(1437.83 2352.78 0)
(106.337 2934.36 0)
(-72.6847 2696.7 0)
(-119.997 2778.55 0)
(58.3265 804.416 0)
(126.175 2861.79 0)
(309.995 2893.5 0)
(-1777.91 2013.37 0)
(295.581 2703.35 0)
(-296.101 2674.05 0)
(28.4142 1700.73 0)
(146.757 666.72 0)
(43.8086 2252.2 0)
(-1331.56 2382.36 0)
(-79.2213 2701.23 0)
(70.7344 2822.32 0)
(7.60997 109.858 0)
(88.7401 320.778 0)
(-116.412 2784.59 0)
(50.3534 2767.55 0)
(-2.2817 110.312 0)
(-938.568 2704.37 0)
(-7.73591 110.993 0)
(639.017 2618.16 0)
(147.077 2797.61 0)
(-249.545 932.487 0)
(-1294.51 2285.55 0)
(-87.5967 2803.22 0)
(-759.077 2400.51 0)
(-408.122 2794.56 0)
(-44.5918 2823.68 0)
(-739.405 2868.21 0)
(-811.445 2297.05 0)
(462.677 2439.93 0)
(189.353 2782.55 0)
(16.2683 156.293 0)
(-1637.29 2154.34 0)
(-371.272 2712.84 0)
(-801.102 2200.54 0)
(4.25421 1179.05 0)
(-1056.88 1722.3 0)
(-427.76 2590.81 0)
(216.95 2801.13 0)
(9.98843 2851.57 0)
(-6.05494 2816.05 0)
(-831.145 2156.55 0)
(1303.78 1816.77 0)
(-1287.34 2321.61 0)
(939.564 2470.65 0)
(-63.1248 2701.32 0)
(-1370.85 2353.52 0)
(-87.3699 2777.98 0)
(-27.9406 396.683 0)
(-160.477 2622.2 0)
(-732.037 2367.77 0)
(-420.316 2839.04 0)
(-13.4971 2712.84 0)
(43.2971 757.075 0)
(-334.92 1624.14 0)
(78.534 2764.88 0)
(-798.476 2723.62 0)
(159.636 2758.05 0)
(482.372 2429.2 0)
(-160.032 2668.26 0)
(-17.4548 113.996 0)
(41.0194 2753.92 0)
(239.083 2706.2 0)
(697.169 2476.12 0)
(-157.642 551.664 0)
(-2023.46 1948.51 0)
(-1073.69 2495.15 0)
(85.0689 2815.62 0)
(-458.749 2701.02 0)
(-1039.09 1706.05 0)
(2.00107 2749.96 0)
(-348.513 2803.06 0)
(-161.692 2658.28 0)
(727.537 2769.35 0)
(-870.665 2339.39 0)
(-973.621 2269.93 0)
(131.4 2877.49 0)
(-1145.27 2285.75 0)
(-97.8859 684.746 0)
(-16.8852 107.751 0)
(-1087.78 2488.25 0)
(-1679.9 1926 0)
(6.4203 560.897 0)
(1017.8 2772.61 0)
(-819.558 2510.72 0)
(1240.48 2727.49 0)
(-24.6362 763.472 0)
(-113.65 2801.76 0)
(21.8225 2718.73 0)
(-1218.15 1675.82 0)
(-924.031 770.465 0)
(-202.214 2628.74 0)
(618.814 2618.63 0)
(-306.346 1571.94 0)
(-36.2196 273.482 0)
(134.521 2689.67 0)
(211.194 2874.76 0)
(34.8087 1589.77 0)
(112.407 2762.83 0)
(-28.9784 2791.24 0)
(-51.503 1979 0)
(295.147 2700 0)
(1727.31 2074.74 0)
(693.443 2873.83 0)
(-30.8701 710.077 0)
(-351.584 2581.09 0)
(1093.29 2799.3 0)
(-25.2909 185.95 0)
(456.046 2196.05 0)
(1597.48 2745.49 0)
(-58.0171 2765.03 0)
(261.038 2663.2 0)
(92.6976 2773.24 0)
(-713.903 2518.7 0)
(-623.153 2533.89 0)
(23.0611 2739.05 0)
(-71.5493 2696.89 0)
(83.3944 2760.69 0)
(34.0249 1819.22 0)
(198.842 2744.18 0)
(-429.925 2871.46 0)
(555.449 2635.91 0)
(-162.732 739.123 0)
(699.573 2591.4 0)
(-331.897 2822.89 0)
(-13.4907 160.674 0)
(-119.996 639.581 0)
(899.581 2682.05 0)
(-555.117 2714.51 0)
(-84.3182 2796.05 0)
(-73.0481 2573.33 0)
(623.046 2082.03 0)
(5.59515 517.078 0)
(277.453 2480.42 0)
(-949.06 2310.15 0)
(-210.379 2812.05 0)
(118.563 2812.58 0)
(38.6559 738.491 0)
(-24.8719 2581.65 0)
(249.529 2693.61 0)
(-104.044 2674.8 0)
(-92.1799 776.729 0)
(149.112 2782.02 0)
(-64.4849 2919.65 0)
(573.416 2906.2 0)
(739.194 2884.85 0)
(677.121 2670.77 0)
(-350.962 2582.31 0)
(714.794 2439.92 0)
(868.009 2482.96 0)
(700.594 502.124 0)
(1048.2 1834.9 0)
(116.326 609.162 0)
(-452.168 2499.44 0)
(673.275 2666.01 0)
(101.216 2795.44 0)
(-10.7996 122.826 0)
(-0.599325 81.1563 0)
(-152.21 2762.02 0)
(-214.981 2787.33 0)
(149.563 2684.2 0)
(-220.809 2819.77 0)
(659.535 2635.02 0)
(-15.6692 2741.95 0)
(-28.3576 223.07 0)
(79.112 2827.69 0)
(-548.923 2649.58 0)
(265.906 2329.87 0)
(-27.5577 2757.26 0)
(-232.163 2778.01 0)
(-784.204 2724.71 0)
(-63.0537 1034.86 0)
(-747.557 2711.43 0)
(23.3696 2809.95 0)
(296.547 2194.27 0)
(-1967.77 1318.3 0)
(-751.773 2873.74 0)
(1496.95 2072.31 0)
(1203.5 1872.72 0)
(1333.27 2757.35 0)
(-0.326066 82.1627 0)
(199.161 2722.23 0)
(-64.7323 806.704 0)
(984.906 2060.23 0)
(-33.0304 127.615 0)
(232.887 2669.9 0)
(-131.494 737.63 0)
(-102.73 2860.42 0)
(37.8411 2757.4 0)
(-0.214531 95.6497 0)
(-50.3588 2820.84 0)
(-34.9913 2746.2 0)
(-904 2343.94 0)
(-42.1888 2836.98 0)
(-573.881 2411.38 0)
(-95.7274 656.973 0)
(-998.903 2563.35 0)
(23.2011 2895.19 0)
(-136.902 2753.62 0)
(164.2 2788.91 0)
(-969.437 2213.29 0)
(100.492 2815 0)
(-2358.54 1142.19 0)
(-431.322 2545.54 0)
(-235.955 2886.08 0)
(-33.7193 2692.91 0)
(76.6411 2899.3 0)
(-842.677 2174.91 0)
(-81.5882 2683.96 0)
(-38.8345 2680.84 0)
(-153.21 2811.61 0)
(1075.98 2438.89 0)
(54.5922 2808.59 0)
(212.29 2846.46 0)
(-1460.56 2244.35 0)
(10.4242 2741.58 0)
(-31.391 120.785 0)
(-17.5695 94.1434 0)
(-22.0177 830.012 0)
(-171.698 2858.39 0)
(-480.66 2760.84 0)
(-1665.37 1630.67 0)
(531.531 2621.41 0)
(-384.104 2770.68 0)
(-482.463 2781.68 0)
(-31.4794 2721.13 0)
(179.93 2342.23 0)
(-575.225 2680.01 0)
(-945.1 2589.66 0)
(219.518 2642.02 0)
(-8.52036 93.851 0)
(-628.312 2768.26 0)
(-1888.74 1210.87 0)
(-863.133 2189.16 0)
(114.169 2761.15 0)
(-452.835 2894.58 0)
(51.6641 477.006 0)
(-67.3191 248.747 0)
(195.516 2778.9 0)
(-22.2156 2816.14 0)
(-2400.79 1008.03 0)
(-272.945 2869.32 0)
(-24.8229 2751.28 0)
(169.328 2701.96 0)
(-109.781 594.625 0)
(213.676 2858.6 0)
(-1013.97 2548.1 0)
(229.184 2709.78 0)
(1991.68 1676.87 0)
(34.852 721.75 0)
(1777.74 1563.91 0)
(-176.909 2651.21 0)
(-110.076 2782.26 0)
(-2252.02 1279.85 0)
(-440.349 2784.69 0)
(-23.3752 181.46 0)
(-281.808 2776.3 0)
(-454.012 2675.45 0)
(24.303 2748.01 0)
(371.816 2860.7 0)
(-66.2563 2550.83 0)
(115.749 768.008 0)
(1470.42 2310.95 0)
(-1148.48 2461.1 0)
(125.953 2682.18 0)
(-15.6655 2862.76 0)
(-38.9847 2814.63 0)
(894.385 2174.89 0)
(-1141.89 2420.19 0)
(0.0470249 86.0195 0)
(1647.44 1901.66 0)
(400.788 2894.9 0)
(47.0459 2722.23 0)
(-7.55575 86.9001 0)
(-27.5151 2664.23 0)
(-35.4907 717.371 0)
(165.289 2636.82 0)
(-1020.23 2519.38 0)
(570.038 2348.6 0)
(5.17724 116.287 0)
(-84.5477 2620.05 0)
(59.5266 935.016 0)
(-17.7054 161.337 0)
(-784.049 2675.53 0)
(-907.729 1745.95 0)
(546.722 2739.19 0)
(-154.472 2740.24 0)
(-28.8617 2740.03 0)
(-0.321553 2730.69 0)
(711.709 2709.58 0)
(-1.51382 756.548 0)
(55.3638 2711.87 0)
(190.827 2670.62 0)
(1427.94 2812.89 0)
(-155.372 2989.22 0)
(230.624 2799.12 0)
(554.285 2738.93 0)
(-1032.44 2355.98 0)
(-1171.83 2430.06 0)
(-1265.55 2319.38 0)
(926.442 2632.8 0)
(-56.0127 2569.83 0)
(-2442.3 899.043 0)
(-33.7279 682.666 0)
(-14.8547 1852.23 0)
(-12.4692 2830.97 0)
(250.27 2374.3 0)
(56.2066 2814.77 0)
(-491.697 2814.01 0)
(-1221.86 2385.06 0)
(34.5582 2908 0)
(11.752 2746.64 0)
(810.047 2573.25 0)
(-637.766 2880.35 0)
(-151.473 2730.64 0)
(-313.024 2871.46 0)
(10.668 1208.58 0)
(-629.366 2768.79 0)
(-363.947 2819.76 0)
(-600.685 2514.24 0)
(-744.245 2708.86 0)
(857.933 2779.09 0)
(-1349.7 2269.48 0)
(36.8387 2716.79 0)
(-120.839 2708.56 0)
(1641.95 1616.53 0)
(-331.022 2821.3 0)
(211.908 2855.96 0)
(-130.373 592.822 0)
(-1539.86 2094.5 0)
(61.0762 2764.64 0)
(-1324.84 2391.51 0)
(-1406.8 2231.48 0)
(1877.27 1633.04 0)
(-1009.16 2248.26 0)
(450.518 2439.16 0)
(555.886 2383.36 0)
(-804.922 2217.1 0)
(-714.29 2741.93 0)
(-467.426 195.008 0)
(-579.665 2904.63 0)
(-68.8909 2682.45 0)
(548.745 2624.43 0)
(-148.955 2912.61 0)
(-174.759 2657.27 0)
(-30.2419 2796.74 0)
(-903.23 2164.24 0)
(-1955.87 1911.78 0)
(808.078 2565.33 0)
(675.58 2062.67 0)
(-907.302 2173.9 0)
(-178.386 777.965 0)
(382.559 2500.33 0)
(43.2928 2814.92 0)
(135.729 2813.9 0)
(-491.695 2473.05 0)
(-35.593 393.656 0)
(12.7749 445.196 0)
(-1527.25 2085.09 0)
(85.5617 2825.39 0)
(-92.616 741.434 0)
(-814.484 2922.42 0)
(30.5481 705.666 0)
(-262.67 2768.07 0)
(64.9735 2556.67 0)
(74.0916 2755.1 0)
(-44.4841 2903.34 0)
(-908.236 2518.16 0)
(-171.941 2858.89 0)
(343.099 2825 0)
(2374.39 1083.2 0)
(-595.312 2494.35 0)
(-966.27 2800.99 0)
(46.3623 2780.35 0)
(53.6104 782.513 0)
(588.245 392.85 0)
(-1423.58 2186.06 0)
(-28.8549 2845.65 0)
(-31.9112 2680.11 0)
(110.362 797.438 0)
(-416.961 2760.92 0)
(-226.905 1512.43 0)
(-1125.47 2301.9 0)
(-75.89 2573.1 0)
(101.633 2792.98 0)
(-302.831 2813.21 0)
(459.742 2436.15 0)
(128.172 2747.33 0)
(-202.219 2768.3 0)
(-2063.26 1489.53 0)
(-2061.55 1734.99 0)
(686.268 2861.35 0)
(-30.6051 330.131 0)
(62.2457 2773.33 0)
(-499.72 2445.41 0)
(-2093.51 1679.27 0)
(-229.03 2747.98 0)
(70.8866 2791.55 0)
(-366.784 2543.36 0)
(35.2218 2730.9 0)
(-1677.79 1641.09 0)
(346.836 2827.7 0)
(1411.18 2848.69 0)
(465.769 174.92 0)
(900.281 2140.5 0)
(-1035.66 2399.25 0)
(-230.785 2640.2 0)
(38.2129 2757.72 0)
(1023.32 2703.96 0)
(-403.09 2454.63 0)
(-1705.89 1967.6 0)
(290.468 2157.12 0)
(6.39757 2775.45 0)
(-884.239 2237.99 0)
(-156.934 595.061 0)
(-248.374 2778.45 0)
(-19.6779 149.942 0)
(-71.8606 2958.49 0)
(65.3024 1034.05 0)
(-1033.63 2208.25 0)
(1497.93 2833.14 0)
(-1362.61 2256.97 0)
(283.223 2893.1 0)
(-859.281 2672.94 0)
(-32.0289 111.467 0)
(40.5072 2879.91 0)
(-2381.17 1095.28 0)
(868.96 2114.72 0)
(708.595 2859.97 0)
(91.3321 2699.94 0)
(178.404 2708.62 0)
(-49.8681 2813.03 0)
(-1427.23 2752.35 0)
(-1509.7 2215.94 0)
(191.375 2914.74 0)
(-1280.92 1276.79 0)
(143.93 2833.35 0)
(604.561 2132.3 0)
(678.61 2686.95 0)
(267.462 2879.82 0)
(-49.1844 2785.64 0)
(-713.978 2742.56 0)
(216.662 2358.29 0)
(160.714 2645.03 0)
(525.441 2720.2 0)
(-267.18 2807.33 0)
(-12.1738 2785.71 0)
(446.075 148.245 0)
(84.978 2798.46 0)
(-260.276 2592.18 0)
(-27.2829 694.801 0)
(287.225 2701.34 0)
(-408.935 2514.46 0)
(-1160.27 2285.58 0)
(-191.65 732.178 0)
(977.369 2734.46 0)
(-1185.63 2400.71 0)
(198.848 2679.09 0)
(708.407 2860.27 0)
(-70.8355 2811.81 0)
(-199.338 2935 0)
(-104.451 2787.84 0)
(-374.032 2601.9 0)
(0.11962 2742.01 0)
(387.903 2600.43 0)
(-1616.85 2173.16 0)
(-27.2117 341.6 0)
(-334.336 2586.97 0)
(-2029 1742.32 0)
(-2345.23 1007.93 0)
(-95.7418 631.049 0)
(-375.886 2399.76 0)
(-996.394 2445.52 0)
(-508.261 2448.68 0)
(-285.222 2750.05 0)
(-12.6685 2843.2 0)
(-1095.44 1523.84 0)
(-193.055 753.341 0)
(-43.0026 2763.51 0)
(-197.774 2626.29 0)
(24.7137 2733.97 0)
(320.762 2531.89 0)
(-74.5658 1039.55 0)
(-302.749 2813.56 0)
(153.741 2779.89 0)
(15.4982 101.812 0)
(-355.345 2728.84 0)
(2277.4 1241.94 0)
(158.795 2762.15 0)
(-1642.79 2159.31 0)
(-131.148 2558.34 0)
(73.2024 2721.18 0)
(-36.2926 2813.57 0)
(-1568.01 2047.69 0)
(801.092 2550.34 0)
(167.448 2770.15 0)
(-43.9903 2572.29 0)
(-350.548 2574.72 0)
(138.333 2773.53 0)
(169.441 2635.13 0)
(887.351 2622.76 0)
(1498.48 1676.68 0)
(-550.737 2440.39 0)
(19.2774 75.2998 0)
(151.112 627.263 0)
(-1430.83 3163.82 0)
(-79.2297 1006.22 0)
(-158.147 707.355 0)
(524.077 2717.83 0)
(-277.741 2874.07 0)
(28.5325 2817.76 0)
(148.581 2896.75 0)
(373.805 2494.45 0)
(293.201 2573.4 0)
(2492.02 964.486 0)
(-563.249 2689.04 0)
(-190.384 2629.48 0)
(-580.118 2790.51 0)
(-518.259 2445.03 0)
(-849.967 2658.76 0)
(-140.317 2797.1 0)
(558.723 2281.06 0)
(88.5396 327.47 0)
(23.7696 2551.15 0)
(-436.815 2741.77 0)
(974.77 2049.03 0)
(-1523.21 2047.57 0)
(-561.782 2450.25 0)
(42.9794 284.971 0)
(15.6237 2738.72 0)
(-666.351 2374.97 0)
(-2246.64 1073.28 0)
(745.446 634.085 0)
(698.236 2101.17 0)
(739.348 2652.51 0)
(-17.559 132.953 0)
(784.549 2543.17 0)
(134.006 2629.63 0)
(-1124.95 2493.45 0)
(-1262.32 2274.84 0)
(-1473.95 2040.23 0)
(-1110.36 902.138 0)
(-29.7407 114.411 0)
(1672.94 1806.32 0)
(820.153 2435.47 0)
(-886.921 2656.92 0)
(-175.847 944.683 0)
(30.0244 2772.76 0)
(-1041.6 2520.22 0)
(1481.82 1867.98 0)
(-361.133 2561.36 0)
(168.452 632.185 0)
(26.1408 2742.32 0)
(-31.827 2797.75 0)
(-777.721 2715.72 0)
(1887.76 1922.92 0)
(193.532 2669.04 0)
(233.764 896.939 0)
(-1784.82 1858.04 0)
(422.409 2578.33 0)
(-38.1819 2814.28 0)
(25.8665 689.804 0)
(-74.9879 2774.91 0)
(-35.1843 2825.61 0)
(-393.582 2530.78 0)
(-626.02 2457.62 0)
(1216.04 2526.57 0)
(95.1364 2621.65 0)
(-338.345 2820.73 0)
(1757.14 1906.45 0)
(143.695 2823.41 0)
(-243.309 2864.42 0)
(-39.2706 688.867 0)
(259.502 2684 0)
(436.738 2464.47 0)
(1356.02 1779.69 0)
(622.94 2181.43 0)
(684.431 2877.52 0)
(212.997 2773.29 0)
(-1077.66 2321.13 0)
(-21.7699 2828.23 0)
(-1117.74 2468.49 0)
(-856.046 2787.35 0)
(-788.352 2699.98 0)
(99.2629 2366.35 0)
(219.711 2629.16 0)
(0.768408 732.679 0)
(-746.783 2429.75 0)
(-147.191 566.073 0)
(-152.851 678.059 0)
(52.4915 2766.69 0)
(240.053 2664.49 0)
(226.491 2758.43 0)
(135.009 565.295 0)
(-455.679 2722.71 0)
(-434.513 2539.94 0)
(-2141.63 1582 0)
(-784.123 2888.51 0)
(1756.3 2005.2 0)
(234.684 2663.72 0)
(-81.2849 2802.81 0)
(774.197 2547.26 0)
(1645.77 1594.11 0)
(145.435 2771.41 0)
(66.1721 2625.69 0)
(534.951 2723.55 0)
(-914.538 2645.45 0)
(-110.623 2751.05 0)
(-551.467 1913.74 0)
(-36.0049 655.752 0)
(109.907 2545.53 0)
(-27.5304 731.437 0)
(159.066 600.683 0)
(-1136.05 2424.06 0)
(209.2 2876.75 0)
(-65.9408 475.521 0)
(-1884.49 1446.01 0)
(-1283.55 1712.56 0)
(755.527 2522.5 0)
(859.428 2472.52 0)
(-171.064 2905.4 0)
(-531.121 1714.17 0)
(1047.6 2373.09 0)
(-79.1248 2814.83 0)
(204.716 2647.64 0)
(7.414 2775.36 0)
(-37.7838 2718.33 0)
(131.043 2688.81 0)
(-282.366 2789.69 0)
(-690.979 2768.87 0)
(-46.9952 511.664 0)
(167.473 2892.45 0)
(-34.2293 2715.66 0)
(-104.793 2716.76 0)
(-82.3252 2702.63 0)
(-35.4785 2719.16 0)
(78.873 2783.36 0)
(-2289.95 1258.92 0)
(765.612 2545.47 0)
(-192.226 2878.79 0)
(-1261.64 2036.43 0)
(-1217.32 2011.97 0)
(245.301 2763.4 0)
(-256.972 2572.96 0)
(-92.3457 710.54 0)
(-955.696 2620.75 0)
(-486.992 2738.32 0)
(-13.0447 2879.49 0)
(176.708 2637.13 0)
(-213.885 2855.69 0)
(486.188 2425.83 0)
(-69.3989 2747.29 0)
(-93.4019 2503.34 0)
(759.855 600.519 0)
(14.8455 2774.96 0)
(-864.22 2622.54 0)
(-177.145 2708.23 0)
(106.39 2180.16 0)
(535.197 2374.88 0)
(518.641 2547.37 0)
(1408.14 2101.65 0)
(-499.682 2450.56 0)
(1554.81 1768.66 0)
(755.414 2522.46 0)
(-874.858 2773.93 0)
(760.203 1998.37 0)
(110.609 784.938 0)
(15.8118 79.0886 0)
(32.4764 2618.36 0)
(-470.572 2485.42 0)
(-830.439 2492.27 0)
(32.5328 131.218 0)
(627.423 2631.15 0)
(1232.75 2486.59 0)
(-52.8374 2959.04 0)
(-2158.75 1561.61 0)
(951.044 2674.05 0)
(-1133.78 2088.76 0)
(60.8506 694.964 0)
(-66.2277 613.802 0)
(-950.681 2427.11 0)
(-206.82 2628 0)
(-2159.48 1549.46 0)
(221.925 2799.58 0)
(-294.552 2825.41 0)
(157.893 2632.77 0)
(1360.94 2676.56 0)
(-2171.42 1556.52 0)
(-30.4007 104.125 0)
(31.8352 2838.77 0)
(398.722 2516.03 0)
(101.464 2776.19 0)
(-994.919 2388.08 0)
(21.8689 674.16 0)
(26.4679 2744.92 0)
(-774.457 2492.87 0)
(2082.19 1181.96 0)
(-1132.33 1910.56 0)
(128.513 2790.08 0)
(74.8059 2768.95 0)
(-1337.13 2044.51 0)
(-561.754 2456.35 0)
(-2.51774 2612.07 0)
(-92.0329 731.028 0)
(649.57 2808.16 0)
(-134.061 3017.59 0)
(636.974 2929.1 0)
(-881.107 2487.5 0)
(-1160.18 2015.82 0)
(-1523.14 2049.28 0)
(1476.71 2029.63 0)
(-520.265 2726.7 0)
(662.302 2782.28 0)
(813.065 2885.64 0)
(-158.778 2740.17 0)
(37.9101 518.311 0)
(-134.975 969.398 0)
(-1105.69 2300.55 0)
(8.08639 79.1142 0)
(67.5537 2853.9 0)
(1909.01 1290.41 0)
(-193.865 2653.45 0)
(2359.51 1081.8 0)
(1649.08 1629.36 0)
(49.0847 763.702 0)
(-365.477 2817.68 0)
(120.698 562.054 0)
(-356.257 2562.13 0)
(99.334 2852.55 0)
(-213.109 2816.42 0)
(-2339.27 933.603 0)
(40.241 2762.14 0)
(784.718 2575.99 0)
(46.7343 2801.44 0)
(-843.967 2872.81 0)
(563.658 2910.74 0)
(-236.511 2827.56 0)
(-2358.47 1158.9 0)
(-1373.36 1645.33 0)
(33.4403 2679.02 0)
(-1711.91 2041.98 0)
(-2047.06 1752.57 0)
(-34.4974 2580.81 0)
(322.552 2575.91 0)
(-1475.88 2128.98 0)
(596.858 2474.14 0)
(47.3163 164.499 0)
(4.0031 169.089 0)
(-442.3 2878.41 0)
(-1327.88 2290.32 0)
(-861.775 2600.44 0)
(-990.618 2801.66 0)
(368.307 2987.3 0)
(-282.311 2789.11 0)
(321.914 1954.72 0)
(-31.8413 641.756 0)
(-85.7383 319.98 0)
(-92.109 700.396 0)
(-490.377 2711.83 0)
(66.571 384.386 0)
(-147.26 606.717 0)
(63.345 2737.36 0)
(-2109.38 1655.23 0)
(-1371.2 2262.81 0)
(470.571 2771.82 0)
(1007.79 2710.26 0)
(-716.668 2493.92 0)
(-34.3125 323.842 0)
(30.7503 138.067 0)
(1212.35 2027.6 0)
(79.4978 471.051 0)
(689.574 2773.93 0)
(118.048 2797.54 0)
(-151.723 2728.18 0)
(66.1514 701.105 0)
(571.532 2763.08 0)
(109.163 761.537 0)
(-953.634 2620.84 0)
(50.9383 2749.38 0)
(16.243 2843.95 0)
(-1508.03 2005.62 0)
(122.971 486.462 0)
(689.393 2482.1 0)
(645.029 2516.98 0)
(-101.131 2779.91 0)
(-338.474 2820.16 0)
(-1.67108 2548.56 0)
(93.9982 2789.7 0)
(636.903 2771.9 0)
(-658.945 2493.74 0)
(-76.2423 1598.18 0)
(-320.363 2818.84 0)
(1731.02 2078.03 0)
(2053.31 1505.07 0)
(-23.9875 2823.68 0)
(-615.961 2333.25 0)
(-777.777 2712.37 0)
(1098.5 2613.25 0)
(-13.2709 70.0503 0)
(-322 2600.97 0)
(-526.231 2822.76 0)
(-738.17 2621.61 0)
(1428.53 2672.41 0)
(627.446 2518.7 0)
(-801.488 2606.4 0)
(137.705 2681.71 0)
(72.7401 2857.71 0)
(102.209 733.56 0)
(21.752 2271.62 0)
(268.703 2861.98 0)
(248.33 2720.39 0)
(-1406.24 2046.79 0)
(-1729.64 1990.46 0)
(-134.139 2804.72 0)
(1114.2 2516.86 0)
(144.745 2634.65 0)
(-108.839 752.867 0)
(112.919 475.189 0)
(622.965 2005.94 0)
(-20.6107 2775.23 0)
(-90.0112 1370.28 0)
(-436.786 2741.54 0)
(-24.1863 2760.95 0)
(-585.347 2421.95 0)
(308.375 2496.42 0)
(-43.3517 634.097 0)
(-345.731 2808.7 0)
(1032.04 2442.99 0)
(-525.78 2701.33 0)
(-602.662 2645.57 0)
(1134.94 2547.19 0)
(1037.69 2758.02 0)
(24.9752 2747.94 0)
(73.8462 2842.25 0)
(794.269 2560.42 0)
(50.8155 2791.24 0)
(-920.371 1859.11 0)
(31.25 120.836 0)
(-370.825 2536.48 0)
(-681.263 2634.25 0)
(-44.0989 2847.63 0)
(63.3479 530.571 0)
(22.5959 2722.31 0)
(13.6502 1396.02 0)
(-105.238 456.85 0)
(-618.25 2799.82 0)
(-363.587 2564.07 0)
(736.97 2513.15 0)
(-1476.43 2088.86 0)
(-2130.74 1502.74 0)
(287.418 2579.77 0)
(181.276 2065.8 0)
(-178.77 691.356 0)
(-39.6492 182.65 0)
(83.1641 2290.04 0)
(-545.966 2685.39 0)
(-83.4305 2758.19 0)
(-46.0356 160.593 0)
(-49.1179 168.943 0)
(-39.4786 137.764 0)
(-62.7703 217.084 0)
(-41.863 144.908 0)
(-72.5052 251.327 0)
(-69.2116 239.872 0)
(-96.7619 331.777 0)
(-91.934 317.066 0)
(-53.8485 186.785 0)
(-35.6325 124.032 0)
(-65.628 228.254 0)
(-37.5418 130.626 0)
(-813 2848.66 0)
(-76.5554 263.726 0)
(-420.773 1626.67 0)
(-87.6361 302.998 0)
(-820.627 2686.36 0)
(-1468.77 2002.96 0)
(204.057 2242.24 0)
(-315.148 2766.77 0)
(27.1472 101.343 0)
(-113.247 437.046 0)
(-90.7878 679.981 0)
(949.752 2843.04 0)
(-708.667 2829.13 0)
(96.0731 331.088 0)
(-1268.99 2082.17 0)
(49.9455 2751.54 0)
(-107.944 368.865 0)
(106.092 2127.5 0)
(2315.65 1005.92 0)
(75.6805 2757.16 0)
(893.905 1793.02 0)
(-114.15 514.954 0)
(174.858 2654.33 0)
(-100.992 346.509 0)
(-399.009 2573.43 0)
(-117.148 2773.94 0)
(1210.65 1303.17 0)
(131.782 528.54 0)
(-788.56 2739.98 0)
(509.581 2892.61 0)
(303.196 2648.49 0)
(299.222 2944.12 0)
(-1438.29 1971.78 0)
(17.9222 659.354 0)
(-41.2319 660.986 0)
(1931.83 1768.7 0)
(-236.483 857.69 0)
(80.3842 2854.33 0)
(104.329 2753.43 0)
(-8.84565 2702.19 0)
(-1436.8 2009.67 0)
(58.3105 368.356 0)
(-424.626 2518.22 0)
(-693.144 2764.95 0)
(-86.6256 2194.82 0)
(4.95994 2149.41 0)
(-66.2131 283.74 0)
(-42.5603 1114.02 0)
(-246.184 837.166 0)
(436.763 2446.74 0)
(67.6277 300.597 0)
(-400.852 2702.33 0)
(-94.7342 606.19 0)
(67.6239 2523.32 0)
(-44.7303 616.378 0)
(-48.2213 224.861 0)
(138.847 2773.8 0)
(-401.877 2010.44 0)
(-2390.19 1031.84 0)
(-408.845 2515.44 0)
(-1434.77 2139.39 0)
(-130.578 447.021 0)
(-0.621458 1503.3 0)
(724.603 2849.3 0)
(-154.864 2713.59 0)
(8.2799 1247.9 0)
(-75.2879 337.467 0)
(-717.009 2410.75 0)
(381.144 2494.04 0)
(-301.357 2857.33 0)
(-12.998 2790 0)
(815.972 2804.14 0)
(-2085.93 1636.51 0)
(315.146 2438.62 0)
(-644.995 2472.93 0)
(-989.88 2603.08 0)
(213.646 2747.36 0)
(-32.7967 701.459 0)
(77.0874 635.065 0)
(-108.473 513.264 0)
(-60.3896 2703.91 0)
(-789.242 2704.32 0)
(-129.343 2668.49 0)
(-28.8116 100.264 0)
(20.1822 102.713 0)
(2173.57 1332.45 0)
(37.6004 525.633 0)
(-512.16 2911.1 0)
(-1091.84 1531.41 0)
(-30.5501 125.555 0)
(-2214.81 1438.77 0)
(-144.387 2808.86 0)
(21.5035 94.8717 0)
(-291.739 2840.99 0)
(131.793 2804.45 0)
(-19.8211 2751.82 0)
(1217.51 1835.41 0)
(-132.344 2707.5 0)
(-1417.96 2098.22 0)
(15.746 84.4848 0)
(-1133.38 2369.14 0)
(848.333 2700.58 0)
(32.2005 2743.86 0)
(-657.448 2415.33 0)
(-46.046 173.77 0)
(1755.96 1994.6 0)
(1.79922 81.1885 0)
(-187 2597.9 0)
(408.038 1627.95 0)
(-1843.06 1801.86 0)
(-248.617 2854.11 0)
(14.0658 644.95 0)
(242.779 2578.63 0)
(1716.19 706.884 0)
(-404.039 2516.19 0)
(497.397 2795.83 0)
(-82.1883 375.216 0)
(-77.4058 810.561 0)
(9.29013 2422.23 0)
(1176.74 2608.6 0)
(599.257 2862.87 0)
(-303.176 2615.02 0)
(272.566 2733.39 0)
(-1149.63 2424.35 0)
(774.852 2552.48 0)
(-16.4452 2867.4 0)
(97.4226 469.202 0)
(-19.6309 2173.48 0)
(-50.4522 1168.08 0)
(44.4392 746.026 0)
(1724.87 2051.82 0)
(742.784 2837.93 0)
(571.051 2354.75 0)
(-49.93 2812.87 0)
(-979.005 2660.4 0)
(5.14829 2849.22 0)
(-673.635 2650.75 0)
(-49.7745 621.274 0)
(-816.303 2507.56 0)
(-452.999 2477.36 0)
(3.08643 684.345 0)
(647.122 2763.31 0)
(-658.158 2076.16 0)
(-93.696 582.779 0)
(-1067.1 1607.68 0)
(-1146.35 2760.88 0)
(194.556 2766.26 0)
(-618.703 2849.25 0)
(289.418 2724.22 0)
(100.445 2632.92 0)
(583.082 2510.49 0)
(-97.2919 2685.57 0)
(280.001 2048.3 0)
(-25.4195 2719.11 0)
(210.669 2797.12 0)
(-315.22 2766.25 0)
(58.2688 2857.3 0)
(30.9518 157.473 0)
(-1866.74 1829.98 0)
(14.0794 97.505 0)
(637.35 2306.73 0)
(-675.745 2761.36 0)
(138.372 2789.79 0)
(-584.209 2397.33 0)
(-841.412 2873.12 0)
(-1299.88 2288.07 0)
(-820.124 2671.55 0)
(545.995 309.465 0)
(-1280.76 2333.73 0)
(-2130.6 1495.73 0)
(91.2052 2817.41 0)
(1077.59 2807.46 0)
(18.3016 94.582 0)
(-1218.73 2383.18 0)
(-106.325 1896.75 0)
(-182.601 2935.69 0)
(-419.167 2620.44 0)
(1861.11 1891.77 0)
(-225.334 2823.76 0)
(47.8867 216.754 0)
(214.361 2516.27 0)
(-1.95807 2739.99 0)
(-2386.15 899.034 0)
(74.038 296.919 0)
(586.771 2891.7 0)
(-67.6655 2956.72 0)
(75.2889 2636.69 0)
(10.4663 630.78 0)
(-175.184 2770.14 0)
(-232.258 854.956 0)
(764.941 2542.85 0)
(40.1056 728.733 0)
(11.0699 103.003 0)
(-335.594 2747.33 0)
(-942.68 2554.33 0)
(38.4097 194.419 0)
(84.8224 416.022 0)
(130.811 2792 0)
(-133.541 580.053 0)
(-64.8009 2813.81 0)
(35.3613 2607.62 0)
(1707.69 1584.65 0)
(-27.1796 94.7638 0)
(-1535.38 1443.77 0)
(-30.6235 2754.43 0)
(-1012.46 2607.74 0)
(-711.684 2724.91 0)
(-232.728 851.149 0)
(469.807 2533.25 0)
(54.7688 259.488 0)
(77.5389 711.297 0)
(-1378.33 1713.34 0)
(-35.4758 2727.48 0)
(-2075.87 1591.71 0)
(97.4542 748.772 0)
(671.346 2546.63 0)
(-39.0451 2831.29 0)
(-37.4841 2809.55 0)
(-1571.49 2093.73 0)
(1224.7 2516.03 0)
(554.987 2938.04 0)
(-643.233 2481.8 0)
(-513.604 2519.01 0)
(2231.71 1294.59 0)
(8.56302 98.1178 0)
(3.43919 107.937 0)
(-1086.6 2379.97 0)
(-1411.05 2253.41 0)
(14.2473 2823.47 0)
(-31.8242 2776.28 0)
(-84.255 638.612 0)
(-408.879 1909.59 0)
(1575.77 1892.53 0)
(756.68 2827.99 0)
(-49.2287 2749.39 0)
(424.076 2802.66 0)
(196.206 2760.65 0)
(972.382 2752.92 0)
(-365.403 2814.04 0)
(8.48578 2385.82 0)
(-174.185 2794.74 0)
(-1241.39 2243.48 0)
(88.634 2692.98 0)
(5.3271 142.711 0)
(102.18 2876.72 0)
(5.20421 157.057 0)
(-1604.07 1520.65 0)
(14.4708 244.362 0)
(7.20741 617.297 0)
(-1450.85 2191.5 0)
(-1618.72 1379.71 0)
(5.49789 2626.12 0)
(-1247.42 2437.17 0)
(-1410.32 993.144 0)
(7.85617 447.372 0)
(-1922.68 1560.41 0)
(20.0734 2841.8 0)
(6.177 177.923 0)
(-980.507 2610.95 0)
(-233.25 2670.32 0)
(753.464 2553.19 0)
(7.3646 69.2773 0)
(81.6072 281.544 0)
(10.2262 85.5711 0)
(-77.2591 1131.95 0)
(-39.6567 869.268 0)
(-40.757 604.557 0)
(1414.91 1677.02 0)
(1738.82 2026.28 0)
(16.7597 326.734 0)
(31.904 330.144 0)
(1378.81 2157.91 0)
(1591.06 2212.88 0)
(230.345 2765.08 0)
(6.19365 196.031 0)
(-551.773 2715.62 0)
(-566.913 2440.5 0)
(20.8171 2725.53 0)
(-543.115 2294.53 0)
(-2070.47 1802.59 0)
(-192.224 658.212 0)
(-711.982 2567.73 0)
(-1468.2 2146.72 0)
(36.1228 711.276 0)
(221.405 2800.89 0)
(-1045.66 2381.69 0)
(32.6814 2752.48 0)
(23.53 2240.37 0)
(56.6197 296.678 0)
(-173.113 581.854 0)
(104.382 2720.38 0)
(-43.1681 2758.54 0)
(134.252 2795.16 0)
(7.58715 220.976 0)
(-543.747 2914.35 0)
(749.81 2538.75 0)
(43.7681 2810.42 0)
(199.56 2145.71 0)
(104.242 802.432 0)
(-20.263 2600.17 0)
(-45.7039 807.373 0)
(-1102.78 1900.27 0)
(2216.72 1332.36 0)
(731.21 2521.19 0)
(-90.1438 671.663 0)
(5.48705 403.013 0)
(-128.781 2801.83 0)
(-1092.65 1893.57 0)
(206.163 2869.1 0)
(24.9048 93.5415 0)
(-778.628 2401.45 0)
(303.702 1568.49 0)
(57.9435 2801.75 0)
(-68.5397 2664.99 0)
(207.558 2659.41 0)
(53.6015 1949.1 0)
(-344.443 2800.26 0)
(-15.8856 2767.55 0)
(7.92301 265.947 0)
(-63.394 2898.38 0)
(1416.54 2854.34 0)
(55.0509 2716.35 0)
(-171.872 2667.23 0)
(196.388 2718.96 0)
(-186.663 2513.41 0)
(9.24996 297.774 0)
(-89.8243 626.414 0)
(-1341.99 2269.14 0)
(-335.502 2747.01 0)
(153.023 1553.32 0)
(-1062.02 1998.12 0)
(89.8622 2785.48 0)
(-22.1966 93.1754 0)
(1879.32 1504.47 0)
(95.3104 2797.85 0)
(-512.743 2513.95 0)
(948.717 2809.22 0)
(-58.1156 2601.38 0)
(1249.88 1724.28 0)
(-2372.62 1077.03 0)
(-978.136 2014.2 0)
(-25.6639 89.6317 0)
(-2372.18 1162.52 0)
(-1022.82 2691.41 0)
(-141.066 2697.98 0)
(298.713 2615.63 0)
(-408.148 2794.8 0)
(156.409 2785.89 0)
(-52.1797 803.221 0)
(367.563 2522.93 0)
(-40.017 799.04 0)
(-127.271 2779.4 0)
(424.852 2562.72 0)
(815.747 2704.64 0)
(-1123.43 1495.22 0)
(169.738 2789.14 0)
(79.1009 2782.51 0)
(-89.754 2645.07 0)
(-1.02313 2510.16 0)
(-125.636 2776.73 0)
(922.365 2846.04 0)
(1587.88 653.447 0)
(337.301 2509.76 0)
(-348.285 2822.87 0)
(-111.41 2745.19 0)
(-107.993 2753.86 0)
(-161.947 2775.86 0)
(-172.776 2770.7 0)
(4.00418 604.131 0)
(293.54 3005.96 0)
(-71.028 2811.36 0)
(-2129.37 1492.45 0)
(-2176.67 1385.43 0)
(896.484 2417.49 0)
(-16.5443 2778.84 0)
(-134.881 565.93 0)
(-709.053 2719.14 0)
(-226.349 2614.95 0)
(229.619 2810.46 0)
(1031.26 1800.28 0)
(-2129.82 1497.79 0)
(-1249.31 2399.93 0)
(31.2057 696.128 0)
(-8.32575 625.188 0)
(97.1103 1383.03 0)
(-695.724 2385.13 0)
(66.5366 642.921 0)
(120.919 1031.93 0)
(-97.6826 2584.78 0)
(-342.16 2553.46 0)
(-123.464 2491.32 0)
(132.93 2800.19 0)
(-1.10085 2816.39 0)
(24.2683 2831.7 0)
(47.6872 2802.66 0)
(-32.2109 2714.99 0)
(549.414 2660.23 0)
(117.972 2812.75 0)
(4.70077 674.548 0)
(-1024.85 2557.79 0)
(838.129 2708.66 0)
(-79.0542 2731.24 0)
(49.1429 2704.12 0)
(194.427 2742.19 0)
(278.736 2394.97 0)
(-186.006 824.42 0)
(-26.9164 2246.56 0)
(364.194 2828.17 0)
(1342.84 2201.99 0)
(-1503.77 2078.49 0)
(-90.4221 652.307 0)
(-18.2688 2846.12 0)
(-100.75 2803.19 0)
(-139.074 2791.17 0)
(-2121.2 1477.3 0)
(-1500.48 2093.33 0)
(195.628 2747.48 0)
(-195.258 2843.86 0)
(90.936 743.17 0)
(-1874.5 1705.27 0)
(-800.955 2431.57 0)
(-1850.58 2124.21 0)
(1326.87 1856.81 0)
(-8.90879 2723.52 0)
(66.7313 2908.03 0)
(-36.4211 592.093 0)
(-2117.94 1482.95 0)
(-37.9272 2787.46 0)
(132.952 2671.97 0)
(-182.7 2899.46 0)
(1042.13 2724.23 0)
(121.405 2797.03 0)
(-182.914 2909.68 0)
(588.375 2476.07 0)
(1474.77 1674.71 0)
(-1987.76 1884.79 0)
(-903.608 2619.36 0)
(-150.757 2733.89 0)
(165.924 724.158 0)
(-82.9028 559.789 0)
(-34.6624 673.313 0)
(832.184 2794.54 0)
(152.166 2787.57 0)
(-1359.22 2083.19 0)
(-304.712 2606.67 0)
(-692.495 2291.11 0)
(591.941 2499.76 0)
(1001.48 2649.09 0)
(64.2347 2791.13 0)
(-400.534 186.349 0)
(556.615 2372.48 0)
(368.252 2627.24 0)
(914.603 1840.67 0)
(-232.252 2777.1 0)
(-987.912 2301.79 0)
(915.042 2677.12 0)
(-473.101 2884.46 0)
(-173.398 2770.99 0)
(446.876 2493.97 0)
(-62.8779 2955.04 0)
(83.9002 727.7 0)
(150.663 612.617 0)
(-1273.51 2324.61 0)
(400.782 2686.92 0)
(-2065.63 1601.68 0)
(-2199.63 1444.16 0)
(-115.851 2780.2 0)
(500.189 213.652 0)
(231.608 2461.05 0)
(-36.8118 646.857 0)
(-431.357 2449.85 0)
(-2105.15 1458.45 0)
(-30.5995 2711.43 0)
(325.892 2938.11 0)
(152.661 2761.27 0)
(842.844 2655.58 0)
(-2213.09 1463.67 0)
(674.575 2863.35 0)
(110.443 2817.54 0)
(9.86919 158.058 0)
(-1361.59 2228.54 0)
(-87.7746 548.782 0)
(723.614 2820.79 0)
(-442.438 2542.67 0)
(-105.67 2772.48 0)
(-224.286 2635.24 0)
(68.9306 2703.45 0)
(-46.7292 585.859 0)
(282.249 2656.39 0)
(-202.875 2711.64 0)
(147.575 2909.35 0)
(-1393.86 2055.82 0)
(321.996 2318.59 0)
(123.508 2785.76 0)
(-12.3491 2716.72 0)
(639.121 2457.45 0)
(129.945 2412.75 0)
(-1176.59 2267.17 0)
(0.258427 2744.99 0)
(122.065 2799 0)
(-100.062 2680.49 0)
(779.624 2162.11 0)
(-727.766 1972.48 0)
(-610.165 2685.17 0)
(284.208 144.304 0)
(196.924 2721.35 0)
(-92.2659 538.641 0)
(-229.44 770.44 0)
(189.897 2745.63 0)
(-49.3655 2751.31 0)
(-384.077 2770.64 0)
(108.747 750.248 0)
(-14.8744 2823.77 0)
(-1142.7 2284.37 0)
(-152.797 973.525 0)
(-121.432 2540.85 0)
(1174.35 2261.07 0)
(-1067.83 1453.11 0)
(101 2818.02 0)
(27.7462 2753.51 0)
(-1421.7 2193.28 0)
(1.09262 591.237 0)
(72.5433 2788.73 0)
(-2101.21 1452.62 0)
(-491.315 2474.81 0)
(70.3353 296.983 0)
(225.561 2606.87 0)
(-215.12 1995.38 0)
(-54.192 2817.92 0)
(200.47 676.468 0)
(27.255 680.132 0)
(367.606 2800.29 0)
(-1.90768 578.369 0)
(99.5817 1062.12 0)
(1723.36 2051.77 0)
(-1446.82 2034.58 0)
(72.0516 647.313 0)
(60.9725 629.607 0)
(20.9466 80.548 0)
(672.889 2075.23 0)
(-252.201 2299.21 0)
(117.822 2681.1 0)
(-431.895 244.931 0)
(995.019 2778.09 0)
(-628.968 2892.4 0)
(15.6134 201.018 0)
(-98.8715 2784.84 0)
(-62.2686 251.956 0)
(786.24 2708.77 0)
(-2241.83 1260.41 0)
(-162.736 974.611 0)
(-2064.33 1576.32 0)
(-671.082 2353.8 0)
(-1073.11 2535.63 0)
(83.1573 716.591 0)
(-4.60879 565.669 0)
(687.674 2584.78 0)
(-47.418 2761.58 0)
(1255.76 1600.07 0)
(-52.1544 2777.16 0)
(132.61 2748.68 0)
(-207.46 709.609 0)
(-354.903 2439.19 0)
(1736.69 2025.53 0)
(19.1345 2832.67 0)
(1118.14 2042.19 0)
(144.164 2770.48 0)
(1586.48 1843.95 0)
(92.1218 1662.58 0)
(-55.9932 2824.13 0)
(-5.32856 2782.72 0)
(-982.492 1850.11 0)
(17.2719 2836.51 0)
(123.542 549.949 0)
(164.838 1493.81 0)
(-656.112 2374.31 0)
(318.197 118.54 0)
(307.087 2488.41 0)
(-55.9979 610.331 0)
(-901.86 2615.63 0)
(-991.517 2062.37 0)
(137.751 2763.46 0)
(-2056.34 1747.71 0)
(-112.571 2832.02 0)
(-2076.53 1452.71 0)
(-362.284 2331.04 0)
(-136.898 2392.01 0)
(-893.152 2219.38 0)
(-730.46 2361.45 0)
(-19.9354 519.187 0)
(9.51293 2729.83 0)
(90.6695 733.124 0)
(18.2119 2823.02 0)
(724.037 2849.04 0)
(-1398.7 2786.29 0)
(-6.8225 553.78 0)
(595.003 2448.78 0)
(17.613 2851.85 0)
(-133.005 692.387 0)
(-139.19 1973.15 0)
(51.069 2817.83 0)
(954.299 2346.72 0)
(1188.84 2575.49 0)
(55.8358 616.767 0)
(38.7252 2827.01 0)
(-90.2958 643.937 0)
(-206.96 2705.07 0)
(1549.44 1543.74 0)
(-858.718 2670.87 0)
(-105.483 1112.1 0)
(-669.297 2492.43 0)
(-19.4597 2822.06 0)
(91.4725 2798.54 0)
(-385.087 161.882 0)
(-1691.92 1630.54 0)
(1826.75 1921.52 0)
(18.9189 2726.53 0)
(-20.619 744.675 0)
(-83.5625 589.931 0)
(1690.06 1601.44 0)
(-1080.66 1990.29 0)
(2175.44 1091.29 0)
(-12.6569 2736.34 0)
(164.26 2882.22 0)
(-391.555 2392.36 0)
(-31.6477 118.681 0)
(-1663.04 2571.89 0)
(55.5995 2658.75 0)
(-936.136 2609.64 0)
(14.2271 2828.25 0)
(351.869 2783.51 0)
(318.489 150.13 0)
(1551.27 1685.67 0)
(-999.803 2392.08 0)
(231.2 2627.6 0)
(-121.263 2406.28 0)
(-1277.51 2048.38 0)
(199.214 2716.85 0)
(-27.3393 685.495 0)
(2092.2 1693.16 0)
(-230.574 2611.35 0)
(214.307 944.955 0)
(-1160.68 2067.44 0)
(-14.2138 315.846 0)
(-295.741 2825.75 0)
(-13.421 759.211 0)
(-253.952 2600.49 0)
(-2.62134 2735.1 0)
(36.6578 2745.15 0)
(131.126 2783.37 0)
(-1143.67 2090.02 0)
(828.205 2114.21 0)
(-151.27 2782.38 0)
(-638.051 2767.08 0)
(0.167694 81.6786 0)
(-99.1804 594.559 0)
(802.945 2191.12 0)
(-14.1023 611.835 0)
(-24.6111 112.233 0)
(1200.21 2712.83 0)
(60.6061 2781.89 0)
(-2348.62 1131.85 0)
(-89.1751 602.023 0)
(2294.36 1078.83 0)
(-9.92831 540.949 0)
(101.975 2854.26 0)
(-147.055 940.927 0)
(294.793 2676.09 0)
(-2085.09 1419.03 0)
(-199.752 2739.44 0)
(74.5671 2761.55 0)
(41.3769 579.317 0)
(-60.4891 2818.32 0)
(393.031 2621.29 0)
(-81.0175 498.403 0)
(36.9155 567.727 0)
(170.323 2788.08 0)
(-28.5909 2788.05 0)
(-1059.78 2349.62 0)
(-2413.63 1014.42 0)
(50.787 603.844 0)
(961.253 2472.18 0)
(-106.858 445.362 0)
(362.104 2015.69 0)
(2137.5 1421.45 0)
(-901.675 2657.78 0)
(-521.433 2508.05 0)
(-122.82 2695.89 0)
(122.897 2787.38 0)
(7.9509 124.598 0)
(-709.35 2714.03 0)
(-639.269 2474.46 0)
(-78.1508 578.016 0)
(37.9631 2757.65 0)
(-144.585 1006.65 0)
(740.163 2336.25 0)
(52.0853 213.449 0)
(-2071.24 1409.27 0)
(-10.6378 2816.04 0)
(107.78 2829.71 0)
(-94.6471 2459.12 0)
(45.9088 591.535 0)
(-574.046 2696.31 0)
(52.2413 2756.62 0)
(93.8353 648.477 0)
(29.6334 2765.64 0)
(-251.184 2834.78 0)
(146.67 850.453 0)
(-27.7325 2726.59 0)
(1079.01 1866.03 0)
(-20.9394 74.196 0)
(-84.8865 488.686 0)
(631.654 2918.6 0)
(1240.02 2508.75 0)
(-22.3842 2803.81 0)
(-1431.57 2147.83 0)
(97.3465 2836.12 0)
(1233.07 2568.56 0)
(22.861 665.123 0)
(-1537.74 2099.96 0)
(17.2808 2850.44 0)
(1094.42 2306.12 0)
(63.3864 2811.53 0)
(-30.4245 151.478 0)
(-32.1904 147.842 0)
(-34.4566 143.615 0)
(307.877 2624.1 0)
(104.607 1361.74 0)
(-28.4274 155.716 0)
(-73.8484 2954.71 0)
(-12.305 529.673 0)
(274.91 2303.04 0)
(98.3295 2788.23 0)
(48.2049 2849.35 0)
(163.492 2751.14 0)
(-5.58545 93.7803 0)
(11.9807 118.891 0)
(-2407.52 1040.07 0)
(-9.50169 498.16 0)
(62.5707 2822.58 0)
(-24.3955 2735.41 0)
(1447.58 2307.52 0)
(365.945 2451.78 0)
(232.911 2766.89 0)
(-319.62 2601.64 0)
(-93.0067 336.424 0)
(76.2239 2807.38 0)
(251.799 2480.55 0)
(34.2936 2746.38 0)
(-58.7296 1389.82 0)
(-85.2798 365.843 0)
(68.7345 2801.68 0)
(32.2134 529.093 0)
(-439.58 2959.92 0)
(240.829 2387.97 0)
(-77.3701 328.078 0)
(1059.43 2744.31 0)
(192.774 1281.5 0)
(-1135.55 2469.29 0)
(-1111.43 1404.96 0)
(301.494 2824.49 0)
(838.885 2663.33 0)
(79.6979 2799.09 0)
(-688.082 2403.84 0)
(-11.5719 234.605 0)
(-14.738 518.161 0)
(2422.53 951.886 0)
(-1739.46 1874.55 0)
(-86.9935 535.001 0)
(-2060.8 1437.82 0)
(-91.8681 2724.29 0)
(135.345 513.398 0)
(-45.55 608.83 0)
(-89.6995 617.979 0)
(70.1643 2823.64 0)
(472.932 1866.84 0)
(-157.212 809.692 0)
(-215.706 2626.26 0)
(1160.5 2261.97 0)
(-1299.01 1900.81 0)
(673.536 2193.75 0)
(398.524 1914.3 0)
(-1547.48 2204.57 0)
(61.644 2976.99 0)
(-26.5061 159.365 0)
(-3.68307 686.904 0)
(32.9045 153.328 0)
(-958.714 2602.41 0)
(39.0431 504.413 0)
(277.715 2499.46 0)
(-983.23 2535.92 0)
(1051.42 2252.22 0)
(76.2034 2775.62 0)
(68.4912 2770.73 0)
(340.355 2430.55 0)
(630.321 2273.22 0)
(-49.8648 173.014 0)
(-83.6852 469.754 0)
(-30.7892 175.447 0)
(-10.5206 213.699 0)
(-564.007 2447.23 0)
(-77.8394 443.002 0)
(126.076 745.967 0)
(-1540.14 1768.9 0)
(-72.9646 566.568 0)
(-32.6514 188.306 0)
(239.769 882.534 0)
(1698.14 1674.46 0)
(45.2549 2770.14 0)
(-2042.32 1562.09 0)
(-2115.48 1349.41 0)
(311.341 2417.45 0)
(-2083.71 1684.25 0)
(-1043.18 2694.96 0)
(-10.9576 448.307 0)
(33.9946 148.895 0)
(307.683 2751.46 0)
(-32.5287 196.579 0)
(556.425 2721.26 0)
(-11.6745 487.277 0)
(-99.309 421.462 0)
(-654.329 1777.9 0)
(15.2747 133.065 0)
(100.791 459.529 0)
(-53.2703 287.535 0)
(-822.636 2255.64 0)
(129.69 474.139 0)
(-1832.29 450.408 0)
(1590.69 461.153 0)
(-1102.22 2300.82 0)
(16.5358 82.3126 0)
(-37.2215 216.046 0)
(-305.34 2730.58 0)
(-103.469 2713.47 0)
(-57.4674 319.729 0)
(-1631.21 1612.33 0)
(-58.7869 2956.64 0)
(-76.8733 425.893 0)
(-70.8789 384.989 0)
(1305.69 2086.01 0)
(-39.9289 230.861 0)
(930.239 1712.21 0)
(-1818.16 1559.33 0)
(84.77 2854.68 0)
(26.5402 123.162 0)
(-76.9286 314.637 0)
(166.649 559.268 0)
(-209.543 2931.22 0)
(24.7085 126.315 0)
(242.476 2787.27 0)
(18.9076 650.54 0)
(-40.7457 2762.63 0)
(-13.8573 476.364 0)
(-66.8981 393.066 0)
(1.07324 1285.29 0)
(-39.6137 241.526 0)
(-1517.33 2107.25 0)
(-3.41636 92.6037 0)
(23.0416 130.083 0)
(-19.6602 2757.3 0)
(-47.8989 2801.05 0)
(-453.071 2522.48 0)
(-38.397 2725.04 0)
(-391.268 2718.32 0)
(21.5032 132.946 0)
(57.3537 252.809 0)
(-11.7001 403.097 0)
(-46.0366 263.46 0)
(1928.92 1468.8 0)
(20.677 2654.33 0)
(316.631 2574.91 0)
(9.48088 174.437 0)
(87.8957 406.94 0)
(-49.8902 294.022 0)
(-157.447 532.341 0)
(-5.63867 502.871 0)
(25.546 117.778 0)
(7.65594 139.558 0)
(-594.142 2728.75 0)
(-53.8158 326.428 0)
(29.3801 447.006 0)
(905.106 1984.75 0)
(-84.6668 2777.73 0)
(-650.246 2794.98 0)
(-116.37 2694.94 0)
(-196.015 2710.15 0)
(-781.479 2345.96 0)
(-4.75646 2818.77 0)
(-455.68 2722.74 0)
(208.194 2679.04 0)
(-57.5115 348.124 0)
(42.1832 2688.6 0)
(48.5642 169.272 0)
(391.697 2543.92 0)
(70.7094 2740.25 0)
(102.628 450.262 0)
(808.246 2801.16 0)
(-52.2371 502.786 0)
(59.5015 289.663 0)
(-181.284 2652.34 0)
(-1049.56 2465.21 0)
(-193.844 2637.15 0)
(-3.38597 2722.26 0)
(-34.832 134.261 0)
(-15.8463 465.799 0)
(-1697.51 1695.38 0)
(-12.2906 361.495 0)
(-77.3859 2740.11 0)
(-849.637 2088.06 0)
(22.9822 150.392 0)
(15.2179 636.349 0)
(34.9211 494.348 0)
(-178.648 2644.9 0)
(20.4216 1245.8 0)
(-32.9929 360.872 0)
(12.4533 171.128 0)
(-143.488 2713.39 0)
(-196.467 2711.35 0)
(39.6226 2817.21 0)
(24.6658 161.829 0)
(-8.115 347.615 0)
(-80.1183 485.598 0)
(-41.0824 514.579 0)
(2269.8 1010.39 0)
(30.633 484.214 0)
(184.524 2794.77 0)
(-72.1361 2945.43 0)
(548.453 1826.71 0)
(-2408.83 980.952 0)
(35.8475 323.776 0)
(19.3895 136.386 0)
(-1540.84 2018.57 0)
(90.2575 397.305 0)
(24.5076 169.676 0)
(10.4495 136.018 0)
(-5.81555 325.848 0)
(-1546.18 2056.23 0)
(-339.799 2720.68 0)
(-1293 1621.67 0)
(61.9263 282.438 0)
(1448.72 1714.28 0)
(8.74368 209.085 0)
(59.5502 2763.95 0)
(-2095.8 1682.38 0)
(47.0523 2800.13 0)
(-2325.27 1119.11 0)
(-173.357 2643.06 0)
(800.416 2804.36 0)
(28.8693 186.531 0)
(-78.8655 466.832 0)
(134.745 1631.43 0)
(-400.43 2566.05 0)
(-63.9932 2950.19 0)
(-5.16061 298.373 0)
(170.647 2788.68 0)
(-106.754 2778.52 0)
(25.406 403.152 0)
(-24.8334 325.333 0)
(-12.9406 438.286 0)
(-980.7 2268.04 0)
(387.572 2490.17 0)
(55.1073 2770.58 0)
(26.5289 2734.51 0)
(31.1554 199.558 0)
(972.953 1793.96 0)
(289.514 2565.79 0)
(-81.7039 524.92 0)
(282.459 2816.8 0)
(-1517.14 2062.43 0)
(-5.85928 103.144 0)
(-1179.07 2444.46 0)
(-5.7512 265.803 0)
(129.861 1131.29 0)
(-269.869 2573.35 0)
(-188.338 1294.05 0)
(95.4316 457.259 0)
(-3.98509 2830.27 0)
(-72.4595 1739.52 0)
(-15.0628 1204.45 0)
(43.177 301.707 0)
(11.7439 622.218 0)
(414.367 2519.19 0)
(36.0201 315.023 0)
(-4.98048 2821.33 0)
(31.2315 208.808 0)
(-4.91521 242.648 0)
(-953.668 2620.73 0)
(118.167 547.348 0)
(82.8765 350.376 0)
(39.5928 317.332 0)
(352.712 2623.55 0)
(96.9413 2735.66 0)
(1182.44 2591.37 0)
(-2401.92 967.973 0)
(-814.54 2629.19 0)
(85.3269 365.457 0)
(33.9164 223.535 0)
(-4.21915 221.01 0)
(-14.7864 428.384 0)
(43.2443 310.481 0)
(-2068.77 1449.34 0)
(46.745 303.811 0)
(-73.247 440.131 0)
(152.908 843.53 0)
(-7.38587 452.739 0)
(86.2095 396.117 0)
(88.6007 380.901 0)
(466.905 2753.7 0)
(-995.658 2562.59 0)
(-2123.8 1608.37 0)
(36.3509 276.626 0)
(-83.0253 2738.21 0)
(-325.169 2814.9 0)
(-703.634 1966.27 0)
(-4.59264 195.877 0)
(-150.918 2324.55 0)
(212.818 2602.69 0)
(145.089 2790.72 0)
(159.181 1527.75 0)
(-845.774 1747.25 0)
(-1.23261 144.006 0)
(-403.322 2662.58 0)
(33.7204 233.635 0)
(36.5428 264.755 0)
(-663.979 2766.88 0)
(759.511 278.205 0)
(-70.7008 2947.94 0)
(58.2884 281.523 0)
(-494.518 2895.54 0)
(-3.49102 177.659 0)
(725.983 2893.34 0)
(83.8448 380.289 0)
(66.4173 634.286 0)
(54.2141 252.012 0)
(33.4911 247.921 0)
(36.4817 249.715 0)
(-40.9134 592.867 0)
(-2.04297 159.282 0)
(-64.772 2813.1 0)
(681.702 2697.53 0)
(-3.70086 157.211 0)
(-72.1946 423.082 0)
(-16.4339 418.659 0)
(81.3455 365.036 0)
(30.9784 231.894 0)
(-18.3492 2795.67 0)
(1712.48 2087.39 0)
(39.8494 266.848 0)
(-130.97 869.047 0)
(-17.5221 2788.32 0)
(-2.70771 142.278 0)
(103.478 1401.22 0)
(119.244 2796 0)
(517.849 2918.51 0)
(-18.7218 220.961 0)
(-329.587 2874.13 0)
(-141.149 2669.59 0)
(-1.61173 179.803 0)
(-76.6835 514.41 0)
(31.0877 221.861 0)
(-15.9953 2827.34 0)
(-43.8507 482.921 0)
(39.6175 278.785 0)
(-43.2293 446.097 0)
(26.4349 639.053 0)
(19.5997 280.994 0)
(28.6172 207.238 0)
(8.53194 609.236 0)
(-2.56 198.116 0)
(6.12006 138.556 0)
(14.5058 2740.49 0)
(-48.3472 492.636 0)
(-13.4287 393.69 0)
(38.1715 1121.94 0)
(-103.284 445.15 0)
(207.3 2718.34 0)
(28.6517 198.041 0)
(946.584 2483.59 0)
(-11.7533 2803.51 0)
(253.284 2790.78 0)
(308.312 2702.4 0)
(274.328 2757.37 0)
(-66.6142 382.497 0)
(-1.93048 223.477 0)
(175.477 2655.74 0)
(78.668 397.636 0)
(-367.6 2834.38 0)
(-8.44011 407.303 0)
(26.4619 184.754 0)
(-1482.65 2100.84 0)
(-131.776 681.771 0)
(-895.113 2867.1 0)
(-2.5719 245.265 0)
(-146.379 2725.63 0)
(-3.11752 2713.41 0)
(1049.66 2216.92 0)
(22.3513 168.296 0)
(-53.6782 345.707 0)
(-34.9082 2750.87 0)
(-182.806 989.217 0)
(-88.9042 594.145 0)
(-53.7006 317.358 0)
(-3.16301 268.737 0)
(80.2886 2345.02 0)
(22.4867 160.566 0)
(-810.101 2848.57 0)
(-15.2271 384.535 0)
(-983.939 2375.1 0)
(299.681 2765.01 0)
(-2.5025 301.508 0)
(20.9033 87.7757 0)
(-4.82956 351.292 0)
(-2.79875 329.317 0)
(606.895 2884.65 0)
(-2088.76 1451.61 0)
(356.849 2378.65 0)
(-8.87279 365.466 0)
(-49.865 285.706 0)
(-119.005 2740.97 0)
(-339.406 2824.26 0)
(-923.037 2591.44 0)
(-16.6949 375.486 0)
(21.0035 149.168 0)
(-74.6678 328.368 0)
(32.1678 148.537 0)
(64.0366 354.296 0)
(-15.1409 2763.06 0)
(-22.0458 135.807 0)
(23.214 2497.79 0)
(-51.1244 2469.27 0)
(101.661 622.669 0)
(22.0829 394.29 0)
(687.813 2863.18 0)
(297.408 2515.27 0)
(-42.9321 261.822 0)
(-95.1432 421.143 0)
(250.024 2805.42 0)
(19.1298 385.332 0)
(-94.3229 2361.52 0)
(43.54 508.154 0)
(391.522 2491.14 0)
(16.1148 377.007 0)
(-2149.09 1574.98 0)
(5.04181 2773.32 0)
(-36.5808 239.355 0)
(-633.672 2666.94 0)
(-1473.57 2053.08 0)
(13.2403 368.438 0)
(17.7678 135.273 0)
(34.7215 867.471 0)
(9.25201 2822.08 0)
(-9.82776 339.433 0)
(-37.0364 229.053 0)
(-2.49029 120.226 0)
(-1285.96 1232.42 0)
(50.7209 2791.07 0)
(-73.0884 314.907 0)
(-19.3772 756.041 0)
(21.4516 129.445 0)
(-2055.44 1404.96 0)
(4.64312 89.1601 0)
(-34.5523 214.276 0)
(-49.5488 1339.76 0)
(-120.128 411.295 0)
(-983.304 2776.48 0)
(18.1419 1339.51 0)
(221.313 2803.35 0)
(24.7738 122.517 0)
(-597.411 2903.65 0)
(50.1051 2711.94 0)
(-29.9915 194.77 0)
(-7.43856 318.087 0)
(-20.4249 97.3415 0)
(-84.8682 793.499 0)
(-3.73448 118.695 0)
(317.943 2800.8 0)
(1820.73 1942.02 0)
(-833.219 2674.04 0)
(-30.2978 186.898 0)
(-1682.67 1673.92 0)
(-26.5828 154.64 0)
(687.91 2858.36 0)
(-52.2497 441.261 0)
(-56.8261 506.826 0)
(-14.8998 122.624 0)
(3.34453 97.1992 0)
(-8.93912 310.586 0)
(-28.4307 174.009 0)
(561.114 2678.21 0)
(-6.53817 291.223 0)
(24.7956 1309.2 0)
(1048.81 2213.97 0)
(-74.1934 2709.71 0)
(-130.618 564.953 0)
(-73.9381 457.637 0)
(102.989 2759.24 0)
(3.50871 90.8164 0)
(109.428 643.751 0)
(1.40218 99.2165 0)
(-7.93588 284.183 0)
(-9.2676 277.3 0)
(-58.5383 2813.69 0)
(-315.858 2714.22 0)
(-7.1101 259.451 0)
(61.1103 621.26 0)
(-83.4117 582.208 0)
(1067.84 2213.4 0)
(-40.7138 2760.29 0)
(-85.6033 781.066 0)
(770.362 3213.56 0)
(-105.329 2744.78 0)
(-1971.91 1524.11 0)
(741.892 2837.44 0)
(-8.29765 253.103 0)
(146.488 612.376 0)
(-6.13579 236.658 0)
(-87.5956 460.39 0)
(764.282 2682.69 0)
(-155.302 563.989 0)
(1796.74 1834.42 0)
(-52.6703 2787.8 0)
(-67.7409 2701.53 0)
(1730.04 1892.43 0)
(39.6381 295.302 0)
(570.001 2929.66 0)
(-7.26314 230.738 0)
(-5.48727 215.488 0)
(-2002.13 1555.27 0)
(-398.135 121.732 0)
(-15.737 2408.37 0)
(-232.966 2585.83 0)
(21.8542 2825.8 0)
(36.1549 288.861 0)
(-920.63 2316.81 0)
(-5.51704 190.86 0)
(-6.51054 210.1 0)
(-816.171 2141.16 0)
(-2136.46 1549.99 0)
(-7.62147 204.641 0)
(1333.52 1023.71 0)
(-0.509775 100.905 0)
(-1275.39 2402.03 0)
(71.9435 2839.17 0)
(-2150.15 1581.33 0)
(-1930.64 1603.41 0)
(-67.9912 2791.6 0)
(33.4401 259.016 0)
(-2034.8 1370.52 0)
(2242.84 1201.94 0)
(-4.43857 172.929 0)
(19.8915 2682.61 0)
(-59.6417 2789.84 0)
(-6.2866 186.017 0)
(237.555 2839.56 0)
(-21.5797 132.049 0)
(84.7677 2786.44 0)
(24.6002 1274.15 0)
(-21.5241 128.296 0)
(30.4611 242.288 0)
(2213.34 1259.49 0)
(1284.64 2457.14 0)
(-4.13763 153.169 0)
(-5.19129 168.344 0)
(33.4345 450.664 0)
(-6.23023 163.86 0)
(76.335 358.895 0)
(24.9888 1138.35 0)
(34.974 367.241 0)
(-2229.1 1075.52 0)
(-36.3112 2750.66 0)
(-2.80574 107.111 0)
(90.307 2824.68 0)
(291.946 166.821 0)
(-3.44838 138.493 0)
(-5.16465 148.857 0)
(5.43183 596.063 0)
(3.80795 81.9667 0)
(2118.26 1596.81 0)
(622.71 1744.41 0)
(659.087 2865.96 0)
(-1650.49 1846.33 0)
(146.401 1073.75 0)
(-45.8308 2752.57 0)
(-458.492 2880.19 0)
(28.283 216.664 0)
(3.44958 83.9099 0)
(1769.38 1572.8 0)
(-67.5952 414.646 0)
(-10.8206 106.541 0)
(-1.59691 108.558 0)
(-4.17044 134.626 0)
(17.4256 395.985 0)
(1167.34 2428.86 0)
(-52.6468 2815.05 0)
(15.9653 198.038 0)
(152.353 828.25 0)
(-20.1623 114.551 0)
(-965.229 2210.99 0)
(-21.2474 124.86 0)
(-4.6731 131.367 0)
(411.958 2678.82 0)
(-155.478 2739.11 0)
(-35.1681 183.627 0)
(26.0444 202.542 0)
(-20.5218 118.004 0)
(-63.229 406.127 0)
(-58.7652 397.872 0)
(-257.668 2608.44 0)
(-10.8133 94.8769 0)
(1488.72 1920.95 0)
(320.483 2200.5 0)
(26.2438 193.297 0)
(-154.688 883.07 0)
(-240.241 2607.26 0)
(-1477.39 2060.34 0)
(-16.3067 2769.27 0)
(-12.9952 2790.21 0)
(1034.28 2244.57 0)
(-20.8284 121.398 0)
(-1019.58 621.873 0)
(-19.7955 111.301 0)
(107.33 2816.43 0)
(-2388.91 969.327 0)
(-47.4584 449.137 0)
(-19.4856 108.123 0)
(24.178 180.598 0)
(-62.2209 374.677 0)
(-356.087 2521.86 0)
(154.532 1000.86 0)
(-19.1721 104.804 0)
(-1261.3 2420 0)
(2456.69 960.07 0)
(-18.8996 101.712 0)
(-58.1858 366.965 0)
(-54.0705 359.111 0)
(-2200.28 1353.46 0)
(-39.1827 2674.53 0)
(-657.405 2795.94 0)
(160.127 2488.81 0)
(21.9951 175.872 0)
(-20.0826 94.4808 0)
(111.57 537.698 0)
(455.627 218.556 0)
(56.0258 608.654 0)
(-341.271 2313.37 0)
(-50.1811 338.559 0)
(-1503.06 2172.48 0)
(29.3101 406.352 0)
(-2159.24 1559.89 0)
(-601.562 2736.64 0)
(-644.355 2453.8 0)
(139.177 2773.88 0)
(103.757 2176.85 0)
(20.4845 156.703 0)
(-63.8912 2783.03 0)
(2471.75 967.486 0)
(-25.6081 106.581 0)
(-134.924 2799.73 0)
(1268.78 981.337 0)
(1067.12 747.685 0)
(43.4115 1449.46 0)
(-46.7288 331.34 0)
(1260.72 1161.88 0)
(0.425587 152.059 0)
(757.561 2826.71 0)
(-5.26529 127.655 0)
(-79.3351 2730.96 0)
(12.1839 74.8497 0)
(-1224.94 2050.23 0)
(-49.8407 310.799 0)
(13.5357 1158.75 0)
(357.181 2463.9 0)
(18.9915 145.722 0)
(-211.834 2796.11 0)
(-763.291 2546.51 0)
(-58.2648 2813.1 0)
(-42.6763 225.779 0)
(2456.32 1051 0)
(214.833 838.899 0)
(-5.86386 124.231 0)
(42.0078 383.844 0)
(933.67 2851.43 0)
(26.6287 2826.36 0)
(-46.4469 303.743 0)
(-30.0864 364.487 0)
(-46.2341 279.645 0)
(-42.6485 297.3 0)
(-1261.42 2051.78 0)
(272.786 2407.31 0)
(13.3334 2821.92 0)
(1968.75 1750.11 0)
(-29.9794 112.358 0)
(-149.858 2718.92 0)
(183.162 2791.17 0)
(133.599 762.927 0)
(805.26 2311.47 0)
(59.9758 2707.14 0)
(-97.8324 438.013 0)
(-39.7085 255.732 0)
(2.49728 583.553 0)
(-137.09 2749.11 0)
(-42.852 273.457 0)
(-68.5749 2761.26 0)
(-257.375 2713.6 0)
(-22.0983 328.708 0)
(392.506 2471.35 0)
(156.567 2755.86 0)
(74.4678 2800.87 0)
(-38.2609 2776.07 0)
(-147.044 768.419 0)
(135.503 2782.89 0)
(-1273.09 2391.13 0)
(95.3489 560.073 0)
(-78.1521 570.739 0)
(17.2405 141.949 0)
(51.1789 596.016 0)
(-36.3352 249.507 0)
(-52.0149 2815.14 0)
(-1499.22 2016.16 0)
(-37.9659 352.713 0)
(784.312 2731.14 0)
(-0.367849 570.723 0)
(-1.52798 83.6434 0)
(-34.2831 223.751 0)
(-61.2308 340.253 0)
(-2254.42 1271.16 0)
(333.171 2444.59 0)
(-479.692 2519.86 0)
(-34.4423 1310.56 0)
(-18.2636 245.204 0)
(548.403 2649.91 0)
(83.6779 287.925 0)
(138.021 464.201 0)
(-78.4396 798.229 0)
(22.9362 283.859 0)
(-1824.88 1080.4 0)
(-16.5707 223.135 0)
(-1163.1 2041.73 0)
(-32.0365 209.312 0)
(77.9416 2707.27 0)
(-391.241 2719.26 0)
(0.249448 189.451 0)
(173.22 2556.75 0)
(-1328.78 2045.58 0)
(-14.7986 141.908 0)
(-50.1831 392.329 0)
(-2.82808 84.2027 0)
(553.22 2938.52 0)
(117.384 893.544 0)
(-29.6772 204.627 0)
(56.8549 2816.16 0)
(42.1031 572.022 0)
(-21.1096 137.988 0)
(-0.415254 1180.03 0)
(15.4953 598.181 0)
(1059.67 2184.65 0)
(2458.11 978.556 0)
(-74.5321 305 0)
(-4.58138 84.8809 0)
(-27.8521 182.362 0)
(-2.76414 557.93 0)
(-57.2018 2946.62 0)
(-74.2458 377.013 0)
(-1897.89 1552.86 0)
(156.259 2780.29 0)
(46.121 583.824 0)
(-4.82497 83.7718 0)
(1213.91 2580.09 0)
(154.635 603.975 0)
(68.3868 356.192 0)
(-80.2093 2829.1 0)
(-25.9702 169.957 0)
(3.3106 2737.88 0)
(18.9316 611.438 0)
(302.373 2424.53 0)
(-462.366 2444.63 0)
(-3.76152 1209.13 0)
(92.9337 2701.81 0)
(-1.83752 82.7922 0)
(26.8513 157.893 0)
(-28.4147 2527.47 0)
(-24.5187 2729.22 0)
(2.1941 96.1273 0)
(-23.8802 165.84 0)
(-338.754 2797.57 0)
(-22.2081 161.981 0)
(61.6157 596.797 0)
(123.045 2810.82 0)
(-47.0151 504.53 0)
(-472.403 2773.59 0)
(-1469.02 2019.01 0)
(-5.54839 546.426 0)
(800.846 3025.01 0)
(-18.1434 158.841 0)
(-139.858 705.053 0)
(164.266 587.882 0)
(-248.896 2618.92 0)
(766.927 369.502 0)
(-84.2833 630.147 0)
(-86.5481 528.569 0)
(-17.9804 136.473 0)
(-144.995 2789.18 0)
(1103.32 2785.06 0)
(-240.952 2607.62 0)
(8.25864 122.67 0)
(-151.367 2718.06 0)
(30.5156 653.633 0)
(85.92 2823.95 0)
(-10.5227 92.1815 0)
(1787.06 1704.63 0)
(125.043 886.816 0)
(-153.615 723.632 0)
(-3.2973 104.166 0)
(-3.61904 101.329 0)
(-4.26308 115.542 0)
(-149.98 693.785 0)
(690.129 2695.61 0)
(33.6697 195.097 0)
(148.14 546.765 0)
(174.618 2779.9 0)
(0.0581114 257.554 0)
(-863.163 2382.74 0)
(61.386 2774.27 0)
(1349.77 2464.32 0)
(1814.28 1938.41 0)
(27.073 2337.87 0)
(478.25 2289.93 0)
(-4.78189 112.27 0)
(1185.04 1894.67 0)
(464.46 2525.81 0)
(29.1032 118.065 0)
(-429.66 2541.8 0)
(-124.384 555.564 0)
(321.33 2362.19 0)
(2.95138 2757.07 0)
(787.9 2439.54 0)
(28.2078 1669 0)
(-385.937 2697.93 0)
(1162.97 1400.06 0)
(3.63423 88.4604 0)
(23.911 263.995 0)
(1019.96 2258.63 0)
(-1737.34 2042.42 0)
(-13.8018 2743.22 0)
(455.336 2440.01 0)
(-6.66399 85.8887 0)
(474.697 2776.46 0)
(-1376.29 2016.45 0)
(921.659 1699.31 0)
(-1443.31 2008.62 0)
(-1276.25 1707.31 0)
(-146.889 2713.21 0)
(100.026 2710.5 0)
(-151.205 703.088 0)
(-712.456 2397.26 0)
(138.234 602.939 0)
(-69.4497 2776.88 0)
(-1399.68 2000.1 0)
(1314.59 2810.56 0)
(-1016.53 2703.34 0)
(1105.68 2785.68 0)
(216.838 2681.55 0)
(1.65774 141.446 0)
(-17.9434 2806.46 0)
(-189.257 794.905 0)
(198.166 2437.84 0)
(-349.074 2319.6 0)
(25.0558 106.754 0)
(32.3498 2746.17 0)
(4.5807 2641.76 0)
(-45.7331 2817.13 0)
(-1588.62 593.874 0)
(725.3 2892.54 0)
(-259.098 1529.1 0)
(-18.2213 722.801 0)
(1.27862 156.117 0)
(-8.64841 534.3 0)
(-1957.2 1519.6 0)
(-7.4896 155.734 0)
(54.5644 2816.86 0)
(42.6858 261.148 0)
(92.2939 2782.86 0)
(-941.269 2263.23 0)
(94.6983 2804.99 0)
(-198.638 2311.1 0)
(-1403.16 2056.17 0)
(2.57876 81.7931 0)
(1.68708 176.769 0)
(851.647 2498.78 0)
(14.6874 81.3001 0)
(628.969 1809.23 0)
(-2118.04 1503.18 0)
(-1020.54 2803.55 0)
(-10.1046 89.735 0)
(688.59 1761.05 0)
(-77.1683 2878.68 0)
(-125.617 677.602 0)
(-0.984819 445.473 0)
(89.8463 2778.56 0)
(-164.242 2911.44 0)
(124.397 2676.77 0)
(-54.5259 375.034 0)
(1.32299 194.455 0)
(220.267 2724.5 0)
(-143.259 2662.5 0)
(-19.7249 99.0611 0)
(-114.973 2661.94 0)
(-233.303 2661.36 0)
(218.289 2241.3 0)
(1187.82 2736 0)
(-26.4051 2823.72 0)
(-1252.99 1198.1 0)
(-2025.1 1472.47 0)
(-309.409 2667.38 0)
(2.13889 219.321 0)
(-694.864 1721.91 0)
(286.25 2341.05 0)
(384.16 2594.86 0)
(307.808 2371.18 0)
(636.782 2370.9 0)
(-1698.13 2023.38 0)
(49.9152 297.353 0)
(-28.5489 163.131 0)
(69.0046 2740.21 0)
(-10.8248 523.085 0)
(-1745.75 1656.15 0)
(-50.0418 597.325 0)
(49.1157 335.347 0)
(-456.302 1710.41 0)
(1296.86 1733.98 0)
(-198.046 818.478 0)
(-9.71583 108.061 0)
(-194.917 2655.17 0)
(-2.01817 400.921 0)
(1.50882 264.01 0)
(-10.2031 96.4172 0)
(1034.35 2170.56 0)
(-55.612 467.95 0)
(-1025.56 2558.09 0)
(-9.81446 87.1824 0)
(-32.9168 2714.6 0)
(2.62255 296.243 0)
(6.07182 125.262 0)
(-1056.64 2714.43 0)
(-81.808 518.089 0)
(-133.354 653.172 0)
(-2376.59 1007.88 0)
(-69.4861 2942.51 0)
(-158.596 543.637 0)
(167.356 971.632 0)
(-1174.31 2459.38 0)
(-1577.55 1703.24 0)
(-0.718781 83.649 0)
(-2128.62 780.766 0)
(-13.1299 511.522 0)
(-1761.45 1685.52 0)
(-22.0059 1559.08 0)
(-5.47805 98.8826 0)
(-526.381 2920.78 0)
(-815.111 2362.34 0)
(-115.598 2767.43 0)
(-60.259 2779.35 0)
(172.395 1028.73 0)
(881.339 2484.25 0)
(7.80582 107.926 0)
(11.3634 2911.47 0)
(-7.76706 491.835 0)
(-76.5768 507.724 0)
(-9.1965 84.7791 0)
(1491.04 1930.5 0)
(-87.0027 1136.6 0)
(242.565 1618.3 0)
(-212.323 2628.67 0)
(2249.48 1231.81 0)
(134.284 2790.23 0)
(-155.444 734.116 0)
(-31.2766 2793.07 0)
(1.53664 93.6785 0)
(829.445 2793.05 0)
(52.6691 2824.38 0)
(133.417 2772.88 0)
(384.93 2602.76 0)
(-591.323 1713.24 0)
(1370.75 1752.25 0)
(391.739 2882.79 0)
(402.126 2619.05 0)
(248.368 2253.12 0)
(0.79219 91.3357 0)
(41.9695 2172.98 0)
(123.061 2759.32 0)
(198.21 661.21 0)
(-1104.91 2159.26 0)
(-430.979 2410.78 0)
(1027.93 2162.56 0)
(-52.7575 496.194 0)
(10.1576 119.921 0)
(254.946 2313 0)
(-34.2271 2802.98 0)
(-834.604 812.555 0)
(-158.836 2903.01 0)
(213.717 2093.08 0)
(-755.749 2723.62 0)
(-2311.04 1175.08 0)
(-10.0713 481.045 0)
(-1550.36 2209.04 0)
(685.45 2780.7 0)
(-1063.91 2790.98 0)
(99.1641 549.279 0)
(39.5732 498.038 0)
(73.895 2449.96 0)
(-384.589 176.181 0)
(-227.392 2842.55 0)
(-62.1891 496.763 0)
(-635.382 2749.91 0)
(335.257 1667.61 0)
(1.79826 84.7236 0)
(-559.763 2124.13 0)
(-79.7174 479.289 0)
(32.428 2668.74 0)
(5.80126 87.2797 0)
(1421.51 2341.71 0)
(-231.503 2821.6 0)
(-1042.22 1709.44 0)
(64.003 274.919 0)
(70.2287 2824.93 0)
(-1751.94 1664.99 0)
(-48.6664 486.39 0)
(1508.49 1600.99 0)
(-1206.22 2427.01 0)
(-129.673 558.059 0)
(-481.604 2841.4 0)
(22.2189 2847.86 0)
(523.346 1697.59 0)
(997.822 2300.18 0)
(-82.9465 2808.86 0)
(-2117.32 1510.32 0)
(940.72 2328.9 0)
(-2159.01 1460.36 0)
(-58.9454 1171.02 0)
(303.427 2473.2 0)
(34.9708 487.931 0)
(575.308 2664.71 0)
(1017.65 2025.56 0)
(2.7022 86.475 0)
(661.893 2277.36 0)
(991.243 2678.12 0)
(-12.3056 470.32 0)
(-1088.49 2031.44 0)
(-78.6657 460.681 0)
(-203.493 2825.37 0)
(9.13424 572.899 0)
(-19.4231 536.931 0)
(246.618 2579.91 0)
(-35.7665 1284.46 0)
(493.095 2688.15 0)
(-143.512 689.582 0)
(186.908 2501.81 0)
(66.6458 609.719 0)
(8.04587 92.6048 0)
(107.912 2760.53 0)
(65.4055 2705.17 0)
(786.826 2877.79 0)
(-9.42583 442.661 0)
(-14.2083 627.872 0)
(228.25 2292.25 0)
(-111.104 439.035 0)
(305.242 2703.7 0)
(-2288.95 1252.05 0)
(145.177 603.44 0)
(-67.8266 2695.28 0)
(-14.0648 459.902 0)
(-72.7992 434.392 0)
(142.405 2769.88 0)
(-23.9448 514.058 0)
(-19.695 79.1947 0)
(-245.504 2673.88 0)
(-89.583 2654.09 0)
(49.881 2760.94 0)
(-642.243 2773.97 0)
(1032.92 2766.16 0)
(-473.235 2400.47 0)
(97.7283 2505.47 0)
(-2219.77 1383.56 0)
(1682.61 2138.9 0)
(117.371 540.353 0)
(-115.777 1122.88 0)
(-146.955 856.536 0)
(-206.127 833.943 0)
(-57.9722 200.687 0)
(1038.9 2278.49 0)
(907.396 2634.69 0)
(303.95 2806.15 0)
(-22.8874 2160.06 0)
(-73.7642 451.575 0)
(-643.741 1722.97 0)
(-43.2158 440.875 0)
(-1174.24 2486.36 0)
(30.212 440.652 0)
(-128.5 2796.54 0)
(-11.3605 432.791 0)
(-557.856 2422.94 0)
(-1907.91 1551.21 0)
(-120.915 2796.26 0)
(40.5301 2816.17 0)
(699.159 1750.23 0)
(-51.8111 928.406 0)
(1037.34 1787 0)
(-2288.36 1253.33 0)
(-1593.89 2197.29 0)
(-36.2991 1196.54 0)
(1242.3 2863.57 0)
(127.994 768.705 0)
(813.955 1683.9 0)
(-1047.06 1677.18 0)
(-2133.58 1441.74 0)
(-102.395 439.309 0)
(-71.3906 401.203 0)
(-123.24 547.731 0)
(1014.6 2223.81 0)
(-10.1389 397.948 0)
(88.1292 2135.14 0)
(1031.82 2158.05 0)
(-39.046 2826.97 0)
(-315.556 2713.62 0)
(-71.6431 417.52 0)
(136.388 2804.49 0)
(-160.516 1448.37 0)
(-1084.12 2785.62 0)
(188.478 2267.44 0)
(-402.97 2423.53 0)
(-49.5344 269.749 0)
(-13.0472 422.97 0)
(416.242 157.914 0)
(-104.221 590.736 0)
(37.4214 2830.38 0)
(921.997 2640.97 0)
(-44.4007 2901.97 0)
(98.0937 2799.76 0)
(-81.3209 349.153 0)
(1462.87 2769.94 0)
(-14.7935 413.381 0)
(-408.71 2302.98 0)
(146.383 2063.07 0)
(25.7589 397.816 0)
(-53.3669 300.345 0)
(-66.3896 377.309 0)
(137.125 2763.4 0)
(-11.0945 356.945 0)
(-28.3846 171.328 0)
(975.873 1735.33 0)
(-52.2002 2710.87 0)
(-30.2884 183.909 0)
(-29.4948 2778.43 0)
(-537.608 1678.43 0)
(-1359.98 1687.4 0)
(1012.92 2119.99 0)
(-30.0717 191.828 0)
(-154.43 2722.6 0)
(-73.7786 323.885 0)
(791.316 2830.59 0)
(-53.8201 340.8 0)
(110.716 531.188 0)
(1748.21 1574.81 0)
(-148.843 500.911 0)
(-34.6932 211.011 0)
(-61.7988 355.348 0)
(-2109.02 1656.3 0)
(-53.3553 313.09 0)
(-37.0897 225.743 0)
(-6.81033 343.008 0)
(-49.6335 281.572 0)
(157.113 2758.81 0)
(-1286.75 2407.48 0)
(-37.0189 235.841 0)
(-72.2506 310.201 0)
(85.4709 390.789 0)
(-43.0955 257.587 0)
(-2112.7 1514.95 0)
(-11.8684 388.586 0)
(-24.6021 2837.52 0)
(275.546 2352.94 0)
(32.1565 146.128 0)
(-4.59218 321.518 0)
(-422.882 2501.15 0)
(-1235.42 2440.68 0)
(-74.6606 2765.43 0)
(-67.773 409.287 0)
(20.9488 146.874 0)
(82.5951 375.037 0)
(-917.153 1717.95 0)
(22.5978 158.029 0)
(-62.9013 400.708 0)
(22.4581 165.696 0)
(80.4647 360.057 0)
(163.634 2257.8 0)
(-3.87475 294.365 0)
(-1228.91 2829.97 0)
(26.2854 181.996 0)
(22.7836 388.666 0)
(28.8708 194.952 0)
(43.1414 297.445 0)
(28.6656 204.18 0)
(660.378 2863.08 0)
(31.0887 218.445 0)
(-2108.67 1522.65 0)
(31.0163 228.668 0)
(36.4022 272.73 0)
(33.4654 244.288 0)
(36.535 260.938 0)
(-1.99441 140.188 0)
(-13.6779 379.506 0)
(-4.71581 262.171 0)
(-2.65944 154.828 0)
(-3.87292 239.283 0)
(-2.6028 174.982 0)
(-3.37167 217.854 0)
(-3.62506 193.018 0)
(124.489 455.087 0)
(328.641 2746.75 0)
(-15.0562 370.999 0)
(-10.9514 2746.12 0)
(-13.0432 2799.36 0)
(12.3538 107.48 0)
(19.9954 380.232 0)
(173.858 2727.58 0)
(16.9584 371.55 0)
(-2380.42 1001.27 0)
(-28.3015 2703.09 0)
(558.216 2138.43 0)
(-71.7891 2537.62 0)
(158.838 2761.11 0)
(1239.05 2056.32 0)
(-9.89992 2724.07 0)
(-1621.25 2013.41 0)
(-2139.87 1526.63 0)
(14.4361 363.496 0)
(19.4176 277.311 0)
(-97.0904 432.046 0)
(957.181 2777.48 0)
(-62.2167 369.514 0)
(334.574 2796.8 0)
(-58.0664 362.123 0)
(33.9702 2725.42 0)
(-53.6486 355.677 0)
(-9.73809 81.2981 0)
(55.2049 2718.62 0)
(430.905 2839.94 0)
(-1882.39 1479.99 0)
(-137.012 791.457 0)
(24.532 120.715 0)
(-8.44884 334.882 0)
(-87.2278 344.04 0)
(82.708 2526.78 0)
(-50.3979 333.328 0)
(-25.9974 167.146 0)
(262.196 2066.65 0)
(156.231 2377.75 0)
(-27.9819 179.635 0)
(-27.1666 2794.86 0)
(-24.1764 163.281 0)
(-6.00672 313.726 0)
(997.731 2346.11 0)
(21.311 139.735 0)
(-49.8762 306.496 0)
(-138.277 2802.27 0)
(-32.2591 206.151 0)
(1011.22 2207.93 0)
(92.8537 2685.44 0)
(-34.4557 220.401 0)
(-33.564 1981.15 0)
(12.6074 78.7026 0)
(251.05 2786.52 0)
(-46.2594 275.584 0)
(-46.5207 299.962 0)
(-39.3133 252.045 0)
(-29.5073 201.589 0)
(-7.86913 306.406 0)
(-5.37788 287.018 0)
(68.4769 2767.79 0)
(-42.9122 269.278 0)
(-20.6855 134.032 0)
(-36.7475 246.633 0)
(-6.65827 280.299 0)
(20.6116 154.071 0)
(-129.359 1078.53 0)
(39.6086 291.083 0)
(-5.89723 255.862 0)
(-8.14113 273.588 0)
(24.4237 177.757 0)
(26.2898 190.27 0)
(33.4234 255.337 0)
(-5.0408 233.331 0)
(28.3973 213.357 0)
(30.6407 238.517 0)
(36.2895 284.661 0)
(-4.47298 212.456 0)
(-2.73938 136.291 0)
(-7.14474 249.533 0)
(-3.5112 150.807 0)
(21.9656 173.334 0)
(-4.49335 188.093 0)
(-3.52349 170.325 0)
(1644.27 1832.17 0)
(-6.16884 227.445 0)
(-121.516 2797.39 0)
(-5.48064 206.93 0)
(-6.55171 201.746 0)
(-4.27639 146.59 0)
(-5.30048 183.276 0)
(-4.40471 165.949 0)
(-5.1129 161.631 0)
(1119.28 2475.27 0)
(108.301 2805.07 0)
(1367.45 2383.87 0)
(-27.9198 2755.42 0)
(-3.46095 132.536 0)
(-733.708 2655.6 0)
(-333.868 2296.12 0)
(18.8384 2752.83 0)
(117.038 2394.73 0)
(1990.84 1545.51 0)
(149.103 2773.76 0)
(233.201 2726.37 0)
(1005.93 2082.06 0)
(711.515 2568.96 0)
(159.328 2791.43 0)
(-1578.29 2206.9 0)
(-7.31961 753.05 0)
(-707.325 2242.06 0)
(18.9949 143.348 0)
(-58.8138 408.423 0)
(978.959 2051.55 0)
(1703.72 2642.52 0)
(-254.525 2594.68 0)
(-51.0618 2837.07 0)
(-20.5176 130.306 0)
(-225.029 1917.6 0)
(-20.4149 2738.91 0)
(-838.976 2006.77 0)
(-460.227 2469.61 0)
(-213.905 2750.83 0)
(-16.6546 2733.4 0)
(-26.7315 2813.24 0)
(129.376 2735.34 0)
(-473.452 2834.89 0)
(-144.545 2808.58 0)
(34.0819 2845.77 0)
(-119.975 594.249 0)
(-7.88112 95.1828 0)
(-2088.73 1319.24 0)
(-434.84 1690.22 0)
(77.0979 2925.28 0)
(17.5486 139.898 0)
(1282.27 1224.68 0)
(217.095 2703.17 0)
(-2297.32 1062.54 0)
(26.7537 173.904 0)
(1983.54 1546 0)
(144.284 2400.08 0)
(96.6934 358.479 0)
(-3.87924 129.351 0)
(123.398 2764.21 0)
(873.322 2843.51 0)
(-20.5107 126.791 0)
(-159.829 2334.02 0)
(80.148 2805.13 0)
(-1482.76 2236.61 0)
(717.553 2587.59 0)
(21.0852 2725.9 0)
(-1099.54 2330.6 0)
(374.234 2990.09 0)
(61.7109 490.268 0)
(680.598 2134.11 0)
(-26.7097 274.182 0)
(-457.607 2469.45 0)
(-5.16182 2816.23 0)
(53.9635 856.748 0)
(-3.60963 514.179 0)
(-436.577 1741.6 0)
(-184.709 719.367 0)
(-39.8313 2723.48 0)
(1255.32 2401.53 0)
(122.064 2212.74 0)
(40.1282 2974.11 0)
(-47.7037 2745.39 0)
(-598.45 2921.12 0)
(802.773 2578.3 0)
(-109.298 2798.17 0)
(-2440.51 979.236 0)
(-2367.87 1170.24 0)
(1004.39 2731.03 0)
(499.664 2926.65 0)
(294.015 2456.39 0)
(102.596 744.104 0)
(-485.396 1685.27 0)
(-110.831 2781.38 0)
(156.515 2770.94 0)
(-952.677 2482.31 0)
(-2324.39 1222.72 0)
(-61.0269 608.501 0)
(-759.361 2588.08 0)
(-1008.79 2717.68 0)
(1747.59 2131.91 0)
(-1085.78 1672.87 0)
(-19.9813 123.346 0)
(125.123 735.17 0)
(-4.73992 125.834 0)
(2530.73 1123.68 0)
(94.7663 2740.92 0)
(-2120.42 1499.06 0)
(-209.98 1524.11 0)
(-19.7038 119.934 0)
(-19.3829 116.539 0)
(797.679 2867.84 0)
(116.691 2768.84 0)
(-4.97971 122.269 0)
(498.369 2901.07 0)
(91.5679 623.172 0)
(-392.024 2316.96 0)
(-32.6267 179.561 0)
(1221.08 1068.15 0)
(8.75629 2498.11 0)
(-52.429 1889.06 0)
(7.3051 77.7921 0)
(28.4326 622.898 0)
(58.5399 245.098 0)
(-1592.84 2183.66 0)
(10.0867 76.6364 0)
(-271.936 2595.81 0)
(1368.89 2191.58 0)
(-2300.32 1248.29 0)
(-47.8229 2820.96 0)
(286.2 2817.51 0)
(-19.0745 113.199 0)
(-17.2025 188.064 0)
(301.996 1619.3 0)
(-1154.79 2465.85 0)
(329.914 2533.81 0)
(131.862 863.436 0)
(622.63 2053.82 0)
(-2383.31 1016.94 0)
(94.4327 2692.26 0)
(-622.41 2690.5 0)
(-68.3964 2770.45 0)
(-82.5587 451.723 0)
(-2148.34 1235.68 0)
(-62.3154 2212.31 0)
(-919.175 1701.64 0)
(-18.7974 110.043 0)
(-164.21 2653.65 0)
(-1043.61 2803.63 0)
(-81.8437 2757.17 0)
(-18.3993 106.763 0)
(32.8612 2759.2 0)
(-322.118 2816.97 0)
(-18.1332 103.451 0)
(-2407.77 973.261 0)
(-2248.43 1122.58 0)
(-208.826 2541.27 0)
(-1300.63 2058.62 0)
(897.201 2780.26 0)
(-51.4457 177.454 0)
(-45.0964 1321.45 0)
(-19.4734 96.0949 0)
(-1583.01 2639.69 0)
(-534.587 1703.53 0)
(-73.2964 2944.84 0)
(-52.6956 2707.26 0)
(-80.8456 2769.27 0)
(192.475 2729.98 0)
(-176.854 713.687 0)
(-3.09343 117.001 0)
(-335.401 1654.35 0)
(26.1496 2757.46 0)
(-2098.88 1613.75 0)
(1228.16 2552.4 0)
(325.006 2448.37 0)
(674.054 2860.01 0)
(-281.582 2776.29 0)
(-69.4937 2828.2 0)
(329.112 2811.62 0)
(-2135.64 1492.29 0)
(-30.6844 167.091 0)
(58.2249 2658.05 0)
(147.822 2404.16 0)
(-1.05212 163.397 0)
(-39.8319 220.936 0)
(-774.531 1968.69 0)
(106.876 2750.38 0)
(162.564 2951.37 0)
(-292.472 2398.86 0)
(-2315.07 985.035 0)
(-409.685 2563.55 0)
(-178.683 819.229 0)
(-987.264 2030.37 0)
(-18.9989 93.3032 0)
(-659.139 2568.05 0)
(359.784 2648.31 0)
(265.596 2758.4 0)
(-1058.94 2463.11 0)
(109.674 703.931 0)
(-2.25245 105.507 0)
(208.611 2722.14 0)
(0.18968 2734.77 0)
(124.69 2767.43 0)
(807.039 2046.74 0)
(14.2718 1249.47 0)
(-83.6673 2823.53 0)
(-40.0781 168.05 0)
(-208.899 2816.24 0)
(117.298 2758.39 0)
(-149.301 528.735 0)
(832.289 2071.24 0)
(103.835 2772.44 0)
(1013.02 2203.12 0)
(79.5022 2696.49 0)
(-25.2893 2711.85 0)
(-1777.43 2578.49 0)
(673.426 2830.83 0)
(-5.25488 462.98 0)
(-1.37644 203.258 0)
(-171.068 2700.42 0)
(-396.105 2570.49 0)
(240.802 2331.6 0)
(13.8991 2733.53 0)
(-1314.41 1762.15 0)
(35.8703 1797.3 0)
(-147.403 719.053 0)
(12.2745 585.609 0)
(-2398.02 1125.49 0)
(-2395.01 1155.68 0)
(-1131.09 1337.72 0)
(786.118 2025.83 0)
(-2392.22 1067.16 0)
(-96.3809 2679.88 0)
(475.777 2453.75 0)
(1132.32 718.36 0)
(1986.19 987.861 0)
(-92.2118 361.337 0)
(138.451 2799.38 0)
(134.885 2665.2 0)
(214.474 2718.74 0)
(880.232 2007.66 0)
(-199.344 678.929 0)
(-153.263 607.06 0)
(-12.7053 2759.4 0)
(760.94 2785.29 0)
(-1060.55 1310.38 0)
(-435.463 2486.73 0)
(-1189.17 1959.15 0)
(-2370.52 1163.19 0)
(-9.97408 93.6801 0)
(-1323.5 1874.3 0)
(-60.2161 2775.01 0)
(-657.149 2734.61 0)
(-979.722 2483.03 0)
(2.57557 94.669 0)
(1078.2 2055.13 0)
(-853.478 2770.93 0)
(-93.5664 2691 0)
(-2075.1 1473.93 0)
(815.456 2817.32 0)
(-176.028 2980.47 0)
(55.9319 2771.26 0)
(121.412 762.631 0)
(-2175.96 798.537 0)
(-58.8964 2925.02 0)
(-57.7412 333.259 0)
(-33.844 2758.94 0)
(-175.141 2919.95 0)
(-3.57238 113.777 0)
(-4.13598 110.526 0)
(355.217 1599.72 0)
(140.229 631.372 0)
(-2.61409 102.607 0)
(-25.156 2815.85 0)
(202.443 2737.68 0)
(-188.377 733.997 0)
(1213.35 2022.87 0)
(-202.803 717.726 0)
(-155.512 2767.32 0)
(491.069 2181.82 0)
(-69.7603 369.822 0)
(-1.88502 275.523 0)
(1043.75 2739.31 0)
(20.4559 1612.73 0)
(206.375 2303.92 0)
(570.06 2499.31 0)
(-780.554 2298.8 0)
(1754.1 1976.08 0)
(7.3292 165.835 0)
(1963.71 1817.78 0)
(821.268 2873.38 0)
(110.689 562.977 0)
(14.4389 79.5646 0)
(88.2145 2685.79 0)
(-6.73563 416.612 0)
(25.1582 373.067 0)
(-910.952 2033.48 0)
(-2394.88 1112.13 0)
(-81.3046 2820.54 0)
(3.74993 87.2451 0)
(1.8398 92.2582 0)
(1278.86 1101.83 0)
(24.9112 154.164 0)
(254.527 2206.55 0)
(-2099.83 1232.47 0)
(350.76 2659.25 0)
(-1172.29 488.596 0)
(-650.602 2908.36 0)
(99.8728 2737.45 0)
(179.345 2392.43 0)
(-1425.51 2751.65 0)
(-6.59566 77.4657 0)
(-561.069 2806.73 0)
(-116.492 2772.49 0)
(735.561 2601.85 0)
(1386.44 2330.63 0)
(907.507 2304.11 0)
(-966.184 2761.01 0)
(-727.953 2434.1 0)
(1482.99 1564.88 0)
(117.681 2777.09 0)
(-1252.86 1691.58 0)
(-75.5076 408.294 0)
(-303.674 2487.89 0)
(63.1909 2810.53 0)
(-1026.2 1823.03 0)
(419.081 2479.73 0)
(990.591 2183.14 0)
(-25.3867 246.611 0)
(2.68759 85.3811 0)
(-9.61013 91.1633 0)
(178.162 2281.7 0)
(933.996 2065.05 0)
(72.0141 414.356 0)
(-175.418 2889.38 0)
(46.584 2704.81 0)
(-1296.13 2206.47 0)
(1363.06 2672.18 0)
(132.151 2772.03 0)
(40.1307 2718.99 0)
(-96.6507 459.425 0)
(-65.6771 362.599 0)
(1884.99 1084.44 0)
(51.3489 2424.56 0)
(-52.4709 275.381 0)
(-2108.1 1499.79 0)
(-15.075 2824.17 0)
(-1997.38 1713.02 0)
(36.9199 239.129 0)
(-2299.26 1269.86 0)
(-149.501 2785 0)
(-2220.41 1380.61 0)
(1289.14 2445.4 0)
(1213.73 2508.53 0)
(-1181.72 2284.42 0)
(63.8358 2897.26 0)
(804.985 2812.22 0)
(-13.9553 2815.06 0)
(94.5515 350.741 0)
(-56.3799 306.316 0)
(383.948 2612.47 0)
(-86.687 2770.7 0)
(31.018 190.886 0)
(-9.307 88.7736 0)
(907.778 2268.34 0)
(-771.458 2823.87 0)
(-27.2612 2712.85 0)
(-631.794 2088.41 0)
(-250.074 2765.41 0)
(-2381.28 955.164 0)
(-453.08 2466.34 0)
(-59.5876 286.172 0)
(68.6107 2801.65 0)
(23.4476 80.7991 0)
(-8.19319 2825.67 0)
(-2292.74 1252.1 0)
(-303.128 2882.37 0)
(-24.1246 104.494 0)
(-68.5416 339.643 0)
(15.3206 77.4346 0)
(298.234 2823.7 0)
(-47.8011 193.658 0)
(-114.471 2750.88 0)
(-659.476 2386.21 0)
(-60.8691 2044.89 0)
(158.394 1074.65 0)
(1279.92 2846.19 0)
(-7.44729 90.3167 0)
(-8.82778 86.3349 0)
(147.047 2259.77 0)
(1476.72 1967.35 0)
(305.408 2855.64 0)
(-1199.18 2234.33 0)
(-44.7268 2758.35 0)
(-16.2501 109.446 0)
(1046.64 651.204 0)
(-262.57 2511.58 0)
(72.4104 2770.47 0)
(23.0606 143.407 0)
(1229.22 2547.29 0)
(94.6958 1908.53 0)
(-542.784 2518.45 0)
(1207.58 2633.12 0)
(21.7909 295.677 0)
(13.3291 2894.79 0)
(-2064.94 1442.49 0)
(-209.955 851.242 0)
(-830.479 2467.02 0)
(5.32766 2785.78 0)
(124.844 2237.82 0)
(12.0553 77.089 0)
(-654.651 2388.96 0)
(1002.39 2172.37 0)
(-2539.53 960.965 0)
(1926.38 1795.83 0)
(-677.375 2571.95 0)
(63.4545 2707.99 0)
(345.495 2867.9 0)
(-2035.26 1432.13 0)
(1750.42 1575.39 0)
(-1.34892 525.915 0)
(-1072.09 1697.28 0)
(-1.93054 2878.34 0)
(-866.714 2770.54 0)
(44.2805 2691.98 0)
(-192.909 2645.23 0)
(248.39 1549.65 0)
(436.393 2454.61 0)
(-377.022 1642.32 0)
(88.5813 470.405 0)
(831.253 1914.32 0)
(-190.387 2631.81 0)
(-50.5424 605.482 0)
(80.2082 2181.96 0)
(-18.1346 2759.94 0)
(-920.023 393.832 0)
(873.722 2383.75 0)
(42.1474 707.628 0)
(144.546 2765.65 0)
(564.948 2399.22 0)
(0.706931 172.236 0)
(29.7547 178.347 0)
(33.1644 2227.67 0)
(39.7472 255.461 0)
(-2471.25 898.442 0)
(-166.401 953.1 0)
(-57.8303 240.856 0)
(-337.873 2793.15 0)
(-448.972 2487.66 0)
(1280.08 1119.67 0)
(-131.428 2679.39 0)
(83.9999 2240.78 0)
(843.909 2706.52 0)
(48.6996 260.76 0)
(-1034.46 2775.6 0)
(-1.06136 337.306 0)
(1871.7 1656.6 0)
(-5.65751 2338.78 0)
(669.821 2715.91 0)
(82.3187 1883.49 0)
(104.453 648.345 0)
(0.433252 235.151 0)
(-627.655 2829.31 0)
(1479.91 1728.47 0)
(-50.2846 2717.62 0)
(29.9739 2739.91 0)
(-1393.89 2816.62 0)
(-21.2826 2749.07 0)
(124.776 2765.97 0)
(-1178.89 2461.62 0)
(-1837.14 1694.98 0)
(200.462 2437.43 0)
(-49.2157 2659.3 0)
(-55.7282 2832.92 0)
(245.833 2696.84 0)
(237.398 2344.79 0)
(-542.573 2517.99 0)
(0.580391 213.9 0)
(9.84577 79.8147 0)
(-62.4731 2707.55 0)
(-250.695 2867.37 0)
(46.4098 291.216 0)
(4.67566 85.564 0)
(59.4252 2729.09 0)
(-1573.12 2081.43 0)
(148.799 2841.16 0)
(-428.366 2532.65 0)
(-46.6192 2748.47 0)
(-1290.27 620.082 0)
(143.623 2789.9 0)
(-410.111 2860.01 0)
(1346.24 1803 0)
(77.5723 2847.19 0)
(156.108 2767.39 0)
(463.224 3005.22 0)
(-1299.98 2950.44 0)
(83.1474 2684.13 0)
(-183.719 2819.8 0)
(127.708 2894.25 0)
(94.6266 1073.55 0)
(2378.88 1078.31 0)
(347.153 2043.39 0)
(-104.424 2798.1 0)
(-351.931 2551.97 0)
(-1522.23 1905.06 0)
(842.086 2823.53 0)
(-273.237 2613.42 0)
(-163.472 2788.52 0)
(-1239.59 2441 0)
(1565.75 1644.99 0)
(-151.117 2475.14 0)
(181.996 785.832 0)
(-28.9721 2760.29 0)
(-491.881 2099.23 0)
(-1992 1418.68 0)
(-439.923 2252.3 0)
(-102.664 2789.22 0)
(-2.94802 435.673 0)
(-574.079 2696.51 0)
(1.14635 289.216 0)
(971.368 2128.28 0)
(-2488.2 946.366 0)
(-428.806 2334.69 0)
(-144.461 2785.38 0)
(-98.7578 2777.9 0)
(-2347.85 1188.31 0)
(-876.018 2826.28 0)
(1094.46 2624.57 0)
(-11.9799 140.019 0)
(-238.905 2494.06 0)
(-0.368973 167.772 0)
(-4.14552 391.611 0)
(169.645 2655.44 0)
(292.571 2871.3 0)
(-2400.23 1117.27 0)
(645.25 2914.22 0)
(223.73 2787.34 0)
(11.2575 97.8385 0)
(-84.1786 349.813 0)
(-29.1338 326.128 0)
(-48.4083 2841.94 0)
(247.722 1560.45 0)
(116.749 2338.37 0)
(-3.24288 473.455 0)
(24.2893 328.233 0)
(-369.191 2138.89 0)
(7.85855 86.6131 0)
(-49.4409 3008.99 0)
(1160.64 2381.29 0)
(-58.6971 2742.23 0)
(665.176 2497.16 0)
(976.628 2104.35 0)
(16.1754 448.68 0)
(-24.1128 1347.49 0)
(-36.6492 940.597 0)
(-1905.8 1763.83 0)
(64.807 2826.18 0)
(-111.062 2685.77 0)
(11.8007 2820.41 0)
(1069.11 2751.93 0)
(-202.509 2649.45 0)
(-1395.75 2290.77 0)
(5.88642 97.8705 0)
(-378.259 1650.13 0)
(-155.948 2656.13 0)
(-2041.07 1442.26 0)
(-0.1037 208.64 0)
(0.587691 316.254 0)
(42.3597 2804.42 0)
(12.8051 84.663 0)
(-1414.73 1909.91 0)
(-150.138 2919.02 0)
(166.144 574.536 0)
(-1880.1 1891.41 0)
(-13.9586 281.687 0)
(1124.17 1485.26 0)
(105.843 2826.05 0)
(676.453 2033.97 0)
(1156.11 2117.26 0)
(-192.507 815.505 0)
(156.36 2773.69 0)
(-26.4172 2824.21 0)
(55.3793 1316.41 0)
(859.193 2180.22 0)
(1251.36 2066.51 0)
(29.3203 358.244 0)
(-165.512 2658.26 0)
(71.9082 1868.96 0)
(1006.04 1969.91 0)
(209.338 2605.22 0)
(-176.671 2768.49 0)
(-1588.1 2193.5 0)
(239.645 2850.11 0)
(-37.4317 181.775 0)
(1351.38 1803.87 0)
(-1979.74 1797.8 0)
(32.4432 2910.64 0)
(1752.32 1382.37 0)
(-1328.2 1219.02 0)
(-3.31888 2821.37 0)
(-16.4657 2740.91 0)
(-11.6043 2725.18 0)
(314.949 2808.01 0)
(122.828 2779.39 0)
(947.991 2079.55 0)
(-44.7632 1859.89 0)
(-990.63 2402.14 0)
(-1938.16 1866.61 0)
(26.755 736.427 0)
(571.167 2893.47 0)
(145.482 2765.5 0)
(-181.07 722.737 0)
(-188.75 2641.39 0)
(-0.577664 282.201 0)
(-4.75395 426.033 0)
(397.487 2982.38 0)
(28.0832 381.606 0)
(-1538.2 1603.65 0)
(85.1334 2820.77 0)
(32.1148 753.418 0)
(-277.719 2834.21 0)
(-272.021 2832.7 0)
(-51.3778 2687.23 0)
(209.138 2366.95 0)
(-35.629 2760.74 0)
(-267.213 2882.97 0)
(484.107 2527.38 0)
(-98.6699 571.03 0)
(-352.791 2813.92 0)
(-1640.45 1961.9 0)
(19.5942 93.7596 0)
(-47.2478 2702.82 0)
(93.9358 444.572 0)
(-90.9156 518.879 0)
(-154.02 2898.5 0)
(173.885 2417.64 0)
(-1473.01 1656.05 0)
(735.665 2019.7 0)
(-1101.58 1796.64 0)
(20.2248 2735.7 0)
(-45.3779 223.75 0)
(-263.606 2713.13 0)
(-7.9233 2748.04 0)
(-29.3654 2737.69 0)
(611.505 2549.53 0)
(32.0307 1222.07 0)
(-114.507 590.862 0)
(44.5288 1120.02 0)
(-105.657 2778.74 0)
(-139.147 2643.19 0)
(-2391.94 1123.27 0)
(143.157 2768.57 0)
(-102.789 2766.5 0)
(285.349 2546.97 0)
(-7.90829 2754.1 0)
(26.0117 199.512 0)
(52.8158 2549.8 0)
(-13.519 2560.42 0)
(-27.2127 200.102 0)
(47.3635 2818.02 0)
(-47.0056 2820.89 0)
(549.813 2624.36 0)
(83.2214 2505.54 0)
(52.1366 2832.47 0)
(-236.51 2823.11 0)
(1473.04 1675.8 0)
(-1063.73 1679.64 0)
(506.764 2689.08 0)
(-26.8189 110.404 0)
(-1598.05 1670.32 0)
(-28.4326 2788.56 0)
(-55.7502 2943.56 0)
(1073.1 1986.16 0)
(-56.2841 284.989 0)
(-913.964 2243.92 0)
(1337.91 1769.49 0)
(-93.59 2756.81 0)
(453.096 2379.61 0)
(213.261 2747.69 0)
(56.8062 2555.36 0)
(35.3879 2218.97 0)
(68.9639 2724.36 0)
(604.682 1864.76 0)
(1038.27 2802.76 0)
(12.4963 2812.91 0)
(-100.578 2012.54 0)
(7.42051 1152.35 0)
(-23.0113 456.974 0)
(152.962 1439.39 0)
(777.451 2070.22 0)
(-77.8982 373.654 0)
(66.4406 2845.95 0)
(-134.762 2805.41 0)
(-449.512 2480.8 0)
(-775.523 376.074 0)
(148.897 501.949 0)
(209.117 845.611 0)
(878.144 2147.57 0)
(45.8 2940.05 0)
(40.9857 2925.57 0)
(-122.478 2635.43 0)
(-892.011 2813.11 0)
(-1.45409 2817.85 0)
(-16.4591 549.708 0)
(229.906 2889.14 0)
(-47.3864 2764.62 0)
(277.504 2636.95 0)
(-199.911 831.921 0)
(-16.769 324.198 0)
(28.9258 156.498 0)
(-16.5334 112.603 0)
(1386.7 2117.28 0)
(1573.98 1639.94 0)
(115.511 395.087 0)
(6.81928 185.307 0)
(431.296 1971.44 0)
(-53.0722 2719.43 0)
(-2061.42 1474.78 0)
(129.691 496.631 0)
(-15.8532 106.536 0)
(-137.136 2874.98 0)
(-9.21571 2753.35 0)
(1146.5 2105.64 0)
(1080.62 2808.4 0)
(-800.573 2092.29 0)
(-105.64 2778.66 0)
(-1835.61 1906.95 0)
(755.497 2046.64 0)
(1127.16 2718.58 0)
(-996.539 2642.28 0)
(1770.38 2042.94 0)
(7.727 156.165 0)
(-538.256 2916.72 0)
(-32.6962 2778.26 0)
(1614.03 2047.35 0)
(-274.776 2338.24 0)
(-21.5958 2750.22 0)
(615.535 1759.62 0)
(-96.2662 2564.39 0)
(62.9554 2562.12 0)
(531.728 2036.79 0)
(1155.96 2143.41 0)
(-2013.3 1760.66 0)
(695.629 264.542 0)
(-93.9569 590.527 0)
(17.8947 248.534 0)
(177.79 2765.28 0)
(35.8442 193.403 0)
(39.0162 626.731 0)
(-1958.18 1382.11 0)
(-945.439 2413.18 0)
(-34.1779 2894.71 0)
(-815.13 2540.85 0)
(-22.8487 410.041 0)
(1029.42 2750.2 0)
(-114.782 393.312 0)
(-43.3007 2763.31 0)
(224.257 2849.78 0)
(729.332 2798.28 0)
(734.152 2802.8 0)
(-123.042 2766.72 0)
(-12.8008 323.572 0)
(-28.1756 2746.9 0)
(145.446 2907.76 0)
(500.26 2001.89 0)
(1667.62 1419.14 0)
(-335.794 2802.38 0)
(-1217.87 1574.84 0)
(1098.65 601.479 0)
(-66.7217 1942.95 0)
(120.7 751.252 0)
(-20.8678 2836.04 0)
(89.7915 2054.77 0)
(204.35 2775.65 0)
(196.717 2317.07 0)
(131.951 2740.07 0)
(138.622 2667.96 0)
(462.553 1978.35 0)
(3.70432 141.155 0)
(-1728.2 1986.12 0)
(-11.223 1011.59 0)
(-2385.44 1063.72 0)
(1718.61 1578.04 0)
(176.3 990.513 0)
(15.9232 285.435 0)
(45.198 2753.65 0)
(3.57622 155.464 0)
(386.215 2477.9 0)
(-372.751 2560.82 0)
(1347.45 1837.9 0)
(885.203 2237.77 0)
(580.545 2788.8 0)
(-13.6904 241.295 0)
(166.584 2805.89 0)
(671.446 2690.16 0)
(13.8599 231.302 0)
(-35.5755 2708.96 0)
(-73.1419 588.716 0)
(1489.58 1659.52 0)
(178.737 2772.37 0)
(369.306 1923.52 0)
(4.27545 176.024 0)
(-22.2985 507.186 0)
(59.4703 2706.41 0)
(850.658 2807.76 0)
(-22.5158 367.378 0)
(194.709 2491.86 0)
(57.6628 506.42 0)
(-16.8168 2688.35 0)
(-124.501 589.651 0)
(7.4096 2208.21 0)
(454.784 1915.25 0)
(4.14874 193.814 0)
(611.174 2909.29 0)
(4.17566 443.527 0)
(-37.7476 173.259 0)
(-1311.95 2393.15 0)
(1191.73 2544.69 0)
(-12.375 219.731 0)
(-54.874 384.448 0)
(9.47529 2734.57 0)
(-103.805 2813.26 0)
(1316.93 2165.19 0)
(-1472.19 1902.4 0)
(-105.956 2881.15 0)
(167.601 2635.27 0)
(-146.661 872.58 0)
(8.45546 252.066 0)
(-59.1617 2742.26 0)
(5.14215 218.354 0)
(-610.01 2684.2 0)
(-16.5906 2736.07 0)
(-1908.66 1455.8 0)
(-355.353 2728.59 0)
(39.3095 244.489 0)
(-1608.78 1629.16 0)
(-125.958 2791.88 0)
(53.1532 295.023 0)
(622.113 2878.95 0)
(-113.138 2527.63 0)
(9.98887 2738.14 0)
(-32.8439 633.204 0)
(-182.763 2606.28 0)
(-10.4078 240.656 0)
(-171.311 2815.04 0)
(-224.57 2010.34 0)
(-58.2122 2845.52 0)
(-165.822 2914.99 0)
(-69.6798 2696.44 0)
(-127.02 2711.44 0)
(525.539 2512.42 0)
(5.09873 263.01 0)
(542.773 2559.76 0)
(2.13158 399.225 0)
(6.11235 362.177 0)
(-166.569 633.759 0)
(-275.898 1918.68 0)
(6.35954 295.177 0)
(-1670.62 2032.66 0)
(537.292 1852.34 0)
(-937.67 2927.5 0)
(-15.4465 332.049 0)
(-9.37072 219.219 0)
(319.629 2894.62 0)
(-11.6898 2560.56 0)
(-54.8269 2844.03 0)
(57.8896 878.482 0)
(-71.9485 2768.87 0)
(-132.489 990.984 0)
(-718.844 2824.55 0)
(10.5084 457.458 0)
(-189.192 2820.13 0)
(-156.014 1996.11 0)
(4.72637 96.8701 0)
(-153.404 2729.48 0)
(-165.514 2812.55 0)
(1257.83 2752.4 0)
(-77.7259 2055.27 0)
(1626.06 818.878 0)
(-59.7335 206.203 0)
(219.868 2716.73 0)
(145.075 2796.99 0)
(204.63 763.35 0)
(-14.2087 303.944 0)
(134.167 628.527 0)
(-140.345 2661.91 0)
(-711.75 2787.76 0)
(1898.07 1822.19 0)
(39.9869 2829.56 0)
(-66.7059 507.052 0)
(-23.1021 1172.99 0)
(14.9829 2742.5 0)
(618.891 2948.62 0)
(950.777 2713.57 0)
(2639.83 1154.13 0)
(-2379.68 1091.85 0)
(-43.5473 2779.79 0)
(717.743 2637.66 0)
(-333.23 2613.97 0)
(154.533 2864.1 0)
(161.929 2806.4 0)
(339.483 2545.88 0)
(-68.9605 2836.61 0)
(799.299 2821.72 0)
(-180.684 2636.95 0)
(-14.7089 271.4 0)
(288.93 2817.08 0)
(58.3242 2837.97 0)
(234.248 2813.93 0)
(-1080.43 2576.78 0)
(220.419 870.154 0)
(113.379 2790.82 0)
(-1320.34 2229.38 0)
(133.206 848.141 0)
(21.5193 1169 0)
(-508.877 2428.27 0)
(59.9711 2767.43 0)
(0.894845 345.389 0)
(1572.95 2100.99 0)
(-486.828 2795.22 0)
(-42.3272 2690.4 0)
(-175.845 2305.69 0)
(-12.7952 247.329 0)
(1314.55 2808.34 0)
(-82.4053 2769.37 0)
(-794.412 1981.59 0)
(175.753 2919.26 0)
(-125.111 2779.32 0)
(56.6093 2915.6 0)
(29.6178 615.074 0)
(-71.9859 2934.63 0)
(-16.5035 2610.17 0)
(-1158.49 1984.04 0)
(-399.711 2775.31 0)
(-16.4852 1317.08 0)
(-1471.44 2184.32 0)
(-356.601 2855.09 0)
(-11.5243 225.454 0)
(160.824 2904.71 0)
(-36.3455 2789.63 0)
(-1401.68 1811.56 0)
(-906.269 2675.41 0)
(-22.2546 2809.61 0)
(-38.9225 621.048 0)
(-64.7745 3004.21 0)
(-2400.13 1053.25 0)
(-58.573 2512.8 0)
(29.3883 284.545 0)
(46.7623 448.542 0)
(-386.881 2427.28 0)
(28.3889 1453.8 0)
(122.531 2810.75 0)
(170.483 2874.18 0)
(1156.31 2805.2 0)
(-141.498 2710.85 0)
(-42.3504 2707.81 0)
(-1014.08 2608.71 0)
(-88.3321 2781.05 0)
(689.037 2835.07 0)
(-9.86228 181.587 0)
(1183.43 2736.94 0)
(-81.3646 281.528 0)
(647.437 2868.2 0)
(-230.401 2880.09 0)
(886.985 2818.28 0)
(-225.623 2811.42 0)
(-18.8914 275.569 0)
(-920.499 2690.37 0)
(-310.599 2568.41 0)
(-146.899 2597.55 0)
(265.061 2000.45 0)
(-347.451 2538.99 0)
(27.1872 254.925 0)
(-154.899 2453.86 0)
(-844.003 2286.16 0)
(144.007 2765.42 0)
(-33.6699 1148.39 0)
(-1402.14 2174.69 0)
(107.939 2746.01 0)
(1270.16 2051.58 0)
(-582.268 2397.99 0)
(179.376 2732.6 0)
(-32.722 303.242 0)
(-7.2109 106.323 0)
(41.9427 404.754 0)
(-2110.52 1342.55 0)
(130.842 2768.06 0)
(-64.8158 451.732 0)
(-7.81701 145.291 0)
(24.6089 238.305 0)
(888.547 2229.4 0)
(92.7124 2780.14 0)
(481.75 2431.23 0)
(62.8802 341.298 0)
(714.101 2352.67 0)
(100.686 2742.89 0)
(319.408 2541.41 0)
(-21.3381 195.341 0)
(89.0239 2500.49 0)
(245.469 1579.28 0)
(734.268 2588.22 0)
(-117.607 1928.91 0)
(1581.4 1634.36 0)
(-348.627 2437.95 0)
(1994.98 1715.3 0)
(-2396.82 1050.56 0)
(-0.722677 2745.61 0)
(-19.082 2894.3 0)
(-1155.88 1957.78 0)
(24.8896 2763.5 0)
(393.211 2468.42 0)
(815.425 2802.33 0)
(-101.022 2685.89 0)
(-132.527 1001.1 0)
(-5.55221 106.033 0)
(25.2458 647.516 0)
(23.0069 212.991 0)
(-82.9585 457.664 0)
(-124.863 2666.78 0)
(26.0508 2744.56 0)
(-2319.75 1065.32 0)
(-27.631 2823.8 0)
(-156.291 2597.81 0)
(-656.886 2679.97 0)
(-64.135 324.269 0)
(-472.043 2459.09 0)
(130.433 2018.48 0)
(-111.874 2606.21 0)
(-157.078 597.974 0)
(-936.437 2791.17 0)
(144.158 625.454 0)
(48.4183 498.866 0)
(-2104.51 1674.89 0)
(-184.796 1000.61 0)
(-369.865 2666.27 0)
(-2440.02 1023.51 0)
(-176.376 2658.51 0)
(21.2596 190.272 0)
(51.5225 2753.95 0)
(347.636 2841.75 0)
(139.819 2781.18 0)
(1026.87 2783.2 0)
(77.3508 2756.94 0)
(-37.9807 2478.39 0)
(-155.029 2740.3 0)
(330.594 2394.69 0)
(-27.2181 2755.77 0)
(871.566 329.069 0)
(-2030.75 495.443 0)
(117.688 2491.89 0)
(-340.507 2371.58 0)
(74.4874 843.125 0)
(860.872 2131.19 0)
(20.7755 201.807 0)
(718.663 1806.56 0)
(12.8597 2855.66 0)
(370.666 2626.77 0)
(770.223 2866.36 0)
(-1684.87 1878.1 0)
(26.7587 2592.27 0)
(-1542.11 2008.88 0)
(-7.59706 2887.76 0)
(-125.153 2797.92 0)
(-125.476 2682.36 0)
(-8.10951 120.96 0)
(459.196 2430.61 0)
(-27.5567 196.712 0)
(49.0126 2789.11 0)
(197.095 2740.61 0)
(1547.12 1707.65 0)
(-29.9652 2129.91 0)
(-222.063 1505.89 0)
(476.926 2745.75 0)
(769.113 3080.04 0)
(-1357.79 2295.81 0)
(1619.45 1727.33 0)
(-14.9958 499.997 0)
(155.867 2788.63 0)
(941.621 2502.71 0)
(2609.64 1119.87 0)
(250.44 1591.39 0)
(1250.81 2893.78 0)
(108.557 2814.19 0)
(1910.13 1473.63 0)
(-37.8191 2708.76 0)
(16.4995 154.143 0)
(-179.918 1612.26 0)
(-65.8945 2931.25 0)
(-249.94 1621.04 0)
(2140.32 1382.4 0)
(-1441.88 2099.84 0)
(-466.486 2817.09 0)
(14.4118 606.054 0)
(-1380.06 2160.09 0)
(-32.7556 182.387 0)
(115.078 559.077 0)
(-8.7182 2768.88 0)
(-1126.86 1809.72 0)
(284.648 2530.68 0)
(1308.38 2481.11 0)
(-26.2726 2886.51 0)
(-25.1361 350.037 0)
(54.0579 2848.16 0)
(-76.5277 2773.63 0)
(-117.932 1021.63 0)
(1671.81 1803.66 0)
(283.779 2667.21 0)
(2397.85 997.474 0)
(-4.55124 441.376 0)
(-124.51 1035.71 0)
(-146.145 708.942 0)
(1066.19 574.558 0)
(-39.8917 224.241 0)
(-57.5403 338.001 0)
(-337.49 1675.88 0)
(825.779 2848.17 0)
(-185.153 2641.25 0)
(-696.522 2659 0)
(-177.038 2661.74 0)
(1119.83 641.729 0)
(50.8912 2793.83 0)
(-271.792 2833.33 0)
(1136.05 2161.82 0)
(53.2841 359.728 0)
(-36.4354 269.715 0)
(-46.0654 2833.76 0)
(-247.773 2370.34 0)
(-28.9878 2780.7 0)
(526.236 2459.06 0)
(-2392.99 1068.84 0)
(49.1522 272.794 0)
(-9.24808 2108.34 0)
(87.7876 2785.65 0)
(21.754 1774.48 0)
(-70.1237 374.903 0)
(-649.425 2797.93 0)
(-1328.22 2328.59 0)
(-1025.49 2673.73 0)
(442.617 1989.58 0)
(-264.891 2833.61 0)
(-56.3129 2577.31 0)
(-1693.38 2355.21 0)
(-18.9729 2863.76 0)
(-7.02571 109.365 0)
(-981.461 2995.66 0)
(-874.269 2853.58 0)
(-997.958 2420.64 0)
(-141.999 1440.32 0)
(-60.605 2831.97 0)
(287.447 2127.13 0)
(861.606 2853.45 0)
(285.518 2582.15 0)
(24.772 156.706 0)
(222.321 2838.24 0)
(55.1394 2722.56 0)
(72.2287 585.687 0)
(-1122.65 2314.16 0)
(222.171 2807.09 0)
(-84.5164 2784.04 0)
(-51.9044 583.571 0)
(-5.50267 396.987 0)
(-85.6161 2817.7 0)
(-2150.02 863.293 0)
(-7.63167 92.6704 0)
(31.1903 193.695 0)
(-25.7137 236.368 0)
(707.604 2722.27 0)
(0.2056 2822.64 0)
(705.066 2313.52 0)
(-100.536 455.61 0)
(10.7511 108.389 0)
(772.772 2817.75 0)
(-2422.47 1003.75 0)
(39.6212 259.254 0)
(31.1069 2740.7 0)
(0.130304 139.684 0)
(-0.377379 154.331 0)
(-1251.63 2230.27 0)
(-160.551 2656.51 0)
(63.3626 2703.93 0)
(-0.126019 174.743 0)
(161.06 2754.11 0)
(-11.1366 2815.97 0)
(-0.684409 192.273 0)
(-1760.16 1576.02 0)
(-2078.85 1637.77 0)
(-147.983 2675.4 0)
(-324.852 1584.11 0)
(169.257 2590.99 0)
(-38.4172 629.814 0)
(272.782 2802.9 0)
(-0.249109 216.97 0)
(620.667 2882.27 0)
(-1753.81 1696.12 0)
(-6.4888 1213.76 0)
(-357.279 2861.21 0)
(251.27 2523.57 0)
(-0.022368 293.346 0)
(41.7396 208.098 0)
(-28.8641 220.363 0)
(-1.09675 261.274 0)
(-91.7336 456.99 0)
(1441.19 2746.41 0)
(46.4743 295.384 0)
(633.559 2177.44 0)
(92.1963 2693.77 0)
(406.812 2913.62 0)
(-895.984 2853 0)
(-16.8261 506.553 0)
(5.9192 1534.78 0)
(59.8389 1266.77 0)
(-847.41 2885.9 0)
(70.6908 686.531 0)
(2333.48 1054.72 0)
(487.095 2902.61 0)
(-14.9002 2902.83 0)
(-70.2775 2896.28 0)
(-62.5231 282.878 0)
(-655.585 1920.32 0)
(758.174 2720.08 0)
(-151.91 2660.09 0)
(122.78 2807.41 0)
(80.8874 2892.44 0)
(-589.799 1711.37 0)
(-19.0974 2747.6 0)
(1382.9 2135.57 0)
(-71.8367 336.599 0)
(164.543 2777.73 0)
(-44.0017 152.624 0)
(-88.1565 2195.37 0)
(-15.9422 449.455 0)
(-413.213 1927.06 0)
(-246.985 2972.2 0)
(-47.9036 1545.98 0)
(116.036 2806.88 0)
(1658.72 1624.18 0)
(-292.489 2598.78 0)
(-142.532 785.76 0)
(-1999.81 1775.52 0)
(-2417.58 998.927 0)
(-288.411 2322.72 0)
(803.155 2814.09 0)
(-1387.49 2112.14 0)
(-23.3564 179.021 0)
(61.4562 605.594 0)
(-51.531 2436.61 0)
(1816.62 861.199 0)
(544.181 2408.01 0)
(-63.1273 3016.18 0)
(51.8009 1849.98 0)
(-34.1795 2793.62 0)
(-302.501 2876.39 0)
(385.278 2396.94 0)
(1310.4 883.214 0)
(-187.974 2880.28 0)
(-28.7445 2759.99 0)
(470.766 2419.78 0)
(12.0554 2334.02 0)
(188.126 2772.31 0)
(-492.427 1731.11 0)
(-90.3623 352.373 0)
(-1013.61 2810.38 0)
(64.2168 2806.18 0)
(26.8356 2771.11 0)
(325.54 1583.69 0)
(626.76 1828.91 0)
(143.716 2803.79 0)
(63.6978 2704.67 0)
(-841.602 2053.67 0)
(-691.786 2748.02 0)
(-86.8111 1190.67 0)
(-32.2041 2123.34 0)
(1938.37 1747.03 0)
(7.60948 1129.06 0)
(-479.318 1644.12 0)
(55.2976 1383.14 0)
(-249.404 2621.6 0)
(195.293 2424.77 0)
(-71.7676 2776.27 0)
(324.992 2523.56 0)
(-922.602 2762.67 0)
(-64.4511 1371.79 0)
(-223.684 2638.9 0)
(646.95 2869.78 0)
(-1290.24 2416.36 0)
(-16.4005 403.868 0)
(82.8742 648.042 0)
(262.358 2850.26 0)
(-220.856 1519.04 0)
(895.952 1866.42 0)
(18.1505 2823.4 0)
(-47.461 2721.78 0)
(-139.454 2807.75 0)
(-64.8574 337.873 0)
(-1419.15 2105.5 0)
(429.576 2723.35 0)
(1067.32 2284.06 0)
(-285.414 1571.91 0)
(33.2974 1276.64 0)
(79.0649 2358.96 0)
(51.5372 258.42 0)
(310.588 2510.8 0)
(-2299.67 1272.28 0)
(-560.265 2423.12 0)
(-30.5472 2845.52 0)
(-53.7178 2703.76 0)
(-1357.87 2100 0)
(-31.7436 1262.13 0)
(383.801 2536.97 0)
(92.6222 466.58 0)
(765.186 1822.03 0)
(858.791 2641.34 0)
(-74.958 2924.46 0)
(-212.452 2567.42 0)
(660.52 1796.32 0)
(810.344 2455.93 0)
(-1047.97 2185.44 0)
(19.5794 2740.15 0)
(489.633 2196.72 0)
(587.141 288.972 0)
(-2337.14 1003.91 0)
(-56.3515 1327.59 0)
(-454.615 2919.96 0)
(163.059 2775.07 0)
(-111.743 2771.21 0)
(-16.5742 362.318 0)
(-173.177 2840.81 0)
(-2118.03 1687.34 0)
(24.6848 1850.45 0)
(172.194 1015.75 0)
(-171.399 2848.59 0)
(-17.6065 455.408 0)
(160.492 2755.93 0)
(83.8779 467.931 0)
(-30.6114 468.322 0)
(68.0944 254.852 0)
(394.898 1951.72 0)
(-110.761 2783.35 0)
(-58.5239 382.709 0)
(-206.234 2786.9 0)
(-56.2875 2791.5 0)
(-725.383 2705.69 0)
(-109.441 391.921 0)
(661.648 2738.81 0)
(-218.525 2756.13 0)
(505.499 2409.49 0)
(-781.523 2596.75 0)
(-241.209 1001.38 0)
(2.53623 2728.35 0)
(-25.8795 277.946 0)
(-39.9774 313.248 0)
(-4.377 2836.49 0)
(-1588.14 1693.66 0)
(-1203.45 2389.19 0)
(-37.2073 2815.82 0)
(-20.2181 2784.03 0)
(45.4937 248.616 0)
(274.866 2675.47 0)
(1889.54 1612.77 0)
(-10.0356 327.028 0)
(-1136.43 2487.44 0)
(-24.1973 2732.54 0)
(-1946.64 1473.36 0)
(-686.996 2740.59 0)
(-117.274 2877.62 0)
(1106.8 1910.48 0)
(-50.1818 184.426 0)
(44.262 2541.11 0)
(0.42526 80.4414 0)
(1681.41 2140.59 0)
(-9.00321 299.173 0)
(20.8286 325.121 0)
(-109.128 1469.87 0)
(239.173 2756.19 0)
(1011.22 1661.26 0)
(-2062.14 1624.93 0)
(1043.35 2286.93 0)
(36.4243 2258.18 0)
(65.1858 2774.67 0)
(-786.073 2156.68 0)
(729.065 2823.09 0)
(-635.109 2897.91 0)
(-17.8802 2758.55 0)
(-130.992 2867.41 0)
(-26.1543 2878.9 0)
(-9.41863 266.633 0)
(10.0016 97.2485 0)
(940.225 2629.4 0)
(-69.1097 442.77 0)
(84.0127 2298.27 0)
(943.303 2293.46 0)
(751.352 2809.45 0)
(-71.5212 503.963 0)
(-87.7514 2776.37 0)
(12.0844 355.515 0)
(-8.21213 243.358 0)
(-74.8805 1968.52 0)
(-976.104 2754.21 0)
(-7.08375 976.927 0)
(1621.4 1598.82 0)
(48.3342 2698.68 0)
(-2377.87 1079 0)
(121.185 2786.01 0)
(-75.6132 2214.77 0)
(-102.037 2774.97 0)
(-7.32006 221.751 0)
(-71.0348 2782.51 0)
(-204.347 2783.88 0)
(-13.3505 288.179 0)
(12.6453 96.7313 0)
(-18.0335 409.092 0)
(28.101 327.055 0)
(33.1506 278.25 0)
(-39.0726 2751.1 0)
(1484.25 2690.76 0)
(7.31021 97.2688 0)
(14.0212 83.6308 0)
(36.3716 1296.95 0)
(-16.0902 2739.15 0)
(45.6851 259.259 0)
(211.273 2196.52 0)
(-681.597 2822.14 0)
(8.15142 580.835 0)
(-2052.49 1618.73 0)
(-6.27352 178.457 0)
(-3.32188 2779.71 0)
(9.46027 1742.35 0)
(-862.216 2097.13 0)
(-1290.8 2364.04 0)
(30.4572 249.632 0)
(-1580.01 2026.01 0)
(28.3314 233.066 0)
(-4.87256 142.781 0)
(299.236 2688.93 0)
(-638.822 2891.79 0)
(-11.8702 75.096 0)
(76.3661 416.929 0)
(8.89966 85.3578 0)
(11.2824 84.2818 0)
(1230.2 2475.4 0)
(-136.92 1425.19 0)
(-436.291 2443.24 0)
(-205.69 2794.61 0)
(-244.237 1634.08 0)
(52.9206 509.314 0)
(2232.4 1136.88 0)
(25.9611 208.607 0)
(-896.67 2291.7 0)
(-122.523 2683 0)
(1727.63 2108.59 0)
(-18.0314 366.97 0)
(121.714 1668.56 0)
(267.952 2782.35 0)
(64.9998 2715.58 0)
(123.997 2815.54 0)
(24.1348 185.576 0)
(771.523 2411.84 0)
(4.76583 86.7514 0)
(98.6337 644.26 0)
(-2345.7 1190.71 0)
(26.1787 1141.67 0)
(171.485 2642.36 0)
(-1796.93 1577.97 0)
(12.9543 2563.3 0)
(-184.955 2463.06 0)
(-13.5178 2739.2 0)
(246.453 2696.55 0)
(-39.3119 146.477 0)
(-146.018 2822.73 0)
(1291.3 2261.77 0)
(10.9822 360.516 0)
(412.018 2548.59 0)
(170.818 2766.05 0)
(110.432 2707.07 0)
(355.42 2854.43 0)
(1669.08 431.794 0)
(-78.1447 2758.88 0)
(19.0134 150.308 0)
(3.80292 481.639 0)
(1997.42 1711.37 0)
(55.9335 209.888 0)
(4.2375 139.011 0)
(-133.301 475.693 0)
(-11.3518 331.402 0)
(-700.129 2269.41 0)
(-98.201 381.173 0)
(-485.067 2867.87 0)
(-340.469 2827.22 0)
(-1260.61 1696.27 0)
(1029.28 2750.4 0)
(-2.32007 2773.18 0)
(-921.412 2278.62 0)
(-144.438 2813.82 0)
(-39.6263 263.36 0)
(-10.3494 302.815 0)
(45.1564 2833.11 0)
(1.54061 241.026 0)
(5.85886 538.163 0)
(10.591 472.677 0)
(75.5495 405.921 0)
(-667.88 2902.7 0)
(-69.2163 448.561 0)
(-24.5365 587.134 0)
(-821.352 372.766 0)
(-54.3658 2674.56 0)
(-876.493 478.331 0)
(-46.1986 2790.21 0)
(49.5006 2749.21 0)
(-38.7032 2825.73 0)
(-10.6646 270.598 0)
(-73.2049 558.928 0)
(-670.998 2360.5 0)
(253.993 2455.23 0)
(-5.54775 118.94 0)
(6.7841 86.3656 0)
(141.551 482.423 0)
(-548.457 1764.18 0)
(-1680.59 1935.75 0)
(77.3457 643.338 0)
(-9.43089 246.76 0)
(-31.7436 215.445 0)
(441.144 2857.32 0)
(-82.6144 2780.54 0)
(938.374 2327.22 0)
(37.2988 2739.82 0)
(-400.636 2827.1 0)
(-8.33723 224.888 0)
(-1158.7 2759.58 0)
(-124.115 421.114 0)
(-86.093 2812.51 0)
(32.9654 282.425 0)
(-1000.37 2584.81 0)
(148.702 2667.13 0)
(1481.94 1622.02 0)
(-704.832 1742.03 0)
(-328.443 2433.52 0)
(21.7053 2825.96 0)
(275.853 2805.24 0)
(-26.0581 175.3 0)
(-7.12809 181.175 0)
(46.0214 278.967 0)
(-634.416 2727.05 0)
(48.9664 210.618 0)
(-12.2454 2807.87 0)
(1236.54 2274.42 0)
(-105.895 2611.16 0)
(-39.6999 2787.6 0)
(35.6593 131.597 0)
(-28.4018 165.775 0)
(-11.0706 2847.03 0)
(-23.773 2791.09 0)
(30.4056 253.355 0)
(-1330.4 2197.27 0)
(76.7635 2743.89 0)
(25.1496 2783.88 0)
(-106.398 2798.92 0)
(158.203 2718.17 0)
(-782.419 2875.01 0)
(-5.67144 144.887 0)
(2189.75 1264.74 0)
(27.7286 236.428 0)
(-0.134901 133.619 0)
(3.4767 149.384 0)
(-31.3962 2793.78 0)
(-77.9162 2928.7 0)
(547.963 2767.49 0)
(-673.934 2722.64 0)
(-2408.12 1004.46 0)
(28.8975 2916.91 0)
(14.0888 1161.58 0)
(294.707 2561.3 0)
(2.56564 324.043 0)
(-17.4155 2721.2 0)
(-460.395 2483.15 0)
(-199.692 2758.08 0)
(-65.9016 2824.25 0)
(635.485 2805.54 0)
(86.5032 2752.22 0)
(-2310.62 1030.94 0)
(252.183 1623.32 0)
(24.4614 2886.11 0)
(-2241.66 1156.11 0)
(-134.63 925.131 0)
(162.998 2889.83 0)
(345.227 2879.77 0)
(-2285.02 1008.4 0)
(25.7887 211.644 0)
(42.4687 450.916 0)
(-5.23099 520.979 0)
(661.869 221.835 0)
(-126.144 2885.05 0)
(-596.723 1702.64 0)
(-230.576 2420.98 0)
(70.9538 2801.87 0)
(549.035 2607.6 0)
(-8.15701 726.803 0)
(3.41482 1179.78 0)
(26.0942 2822.4 0)
(59.628 2804.99 0)
(-619.822 2144.38 0)
(-8.65271 2851.04 0)
(24.995 1335.61 0)
(-34.655 2754.34 0)
(174.718 1708.2 0)
(180.328 2760.39 0)
(36.8853 1359.53 0)
(23.8442 188.448 0)
(-176.779 1933.86 0)
(-767.006 2560.87 0)
(-11.6277 2739.29 0)
(-3.4308 2321.03 0)
(-153.357 2810.72 0)
(24.286 1312.07 0)
(184.48 2722.42 0)
(18.2306 2729.47 0)
(-56.9949 2760.54 0)
(-182.655 2664.24 0)
(-438.473 1708.15 0)
(-121.032 2799.93 0)
(-2053.36 1579.7 0)
(-1993.67 1595.49 0)
(-4.55536 107.415 0)
(-440.771 2480.45 0)
(18.6297 152.783 0)
(-2065.43 1602.23 0)
(-57.5013 2700.55 0)
(86.7287 2684.57 0)
(-2458.72 953.675 0)
(958.744 2319.73 0)
(-71.7048 406.817 0)
(-217.46 2563.71 0)
(-491.02 1701.28 0)
(150.602 2764.36 0)
(-383.265 2413.03 0)
(284.436 2561.78 0)
(-41.759 1339.37 0)
(-39.6337 267.295 0)
(-1462.83 2141.4 0)
(40.2007 1864.67 0)
(114.003 551.867 0)
(-119.181 2788.78 0)
(654.442 2299.54 0)
(-654.568 1689.73 0)
(-61.7992 360.344 0)
(161.747 2510.02 0)
(10.2842 162.558 0)
(-68.1958 2766.62 0)
(-13.7934 114.263 0)
(1096.64 2485.54 0)
(-1379.42 2062.81 0)
(17.5744 2814.8 0)
(60.944 2781.75 0)
(251.203 1646.32 0)
(-55.1326 2735.15 0)
(37.7194 407.093 0)
(-1519.69 2054.91 0)
(-305.054 2578.55 0)
(-49.419 273.763 0)
(-1083.28 2490.3 0)
(2472.34 955.356 0)
(-76.0637 2698.65 0)
(-6.20388 120.717 0)
(-41.8873 1316.21 0)
(1.45132 418.946 0)
(578.643 2804.64 0)
(-53.2848 304.949 0)
(-54.1796 2907.32 0)
(-31.8064 218.688 0)
(87.997 644.074 0)
(-1345.59 1682.24 0)
(-172.902 601.835 0)
(-2070.28 1633.42 0)
(548.478 2389.59 0)
(-423.443 2383.71 0)
(-1564.45 1671.89 0)
(398.759 2196.88 0)
(-1224.96 2034.44 0)
(-954.867 2495.06 0)
(-231.34 2283.3 0)
(86.8214 2826.91 0)
(-208.343 2650.9 0)
(103.94 375.722 0)
(1207.89 2254.46 0)
(163.032 2787.86 0)
(928.132 2636.63 0)
(953.827 440.281 0)
(-25.7481 178.028 0)
(-70.9839 2787.1 0)
(21.7831 1282.31 0)
(-1080.73 2078.69 0)
(-59.4762 2789.85 0)
(284.32 2798.61 0)
(1339.73 1761.58 0)
(209.657 2398.98 0)
(-543.92 1689.19 0)
(-27.3749 2755.04 0)
(21.1407 142.186 0)
(-1128.7 592.864 0)
(-6.98244 469.012 0)
(-61.9927 503.438 0)
(-59.6282 2760.92 0)
(29.7567 2662.87 0)
(-99.6469 449.396 0)
(92.1802 461.125 0)
(-8.2878 2882.94 0)
(-83.9227 613.432 0)
(-37.8929 2754.83 0)
(1268.02 2497.5 0)
(27.0611 176.718 0)
(51.4869 254.548 0)
(794.078 2675.58 0)
(-1239.23 1791.36 0)
(1244.13 1646.76 0)
(758.057 1743.4 0)
(-164.525 2745.66 0)
(222.414 1967.7 0)
(127.638 618.237 0)
(-762.309 1788.93 0)
(-148.148 2808.04 0)
(-2239.55 1166.86 0)
(-936.386 2609.67 0)
(-264.862 2834.07 0)
(-259.234 871.153 0)
(556.255 2895.57 0)
(-1577.97 2619.15 0)
(1553.13 1641.3 0)
(-2.79201 2820.1 0)
(-55.8595 450.652 0)
(21.654 237.137 0)
(-601.591 2742.14 0)
(-747.24 2704.58 0)
(-71.6516 331.91 0)
(-1000.14 2081.14 0)
(2.42741 719.584 0)
(-28.1923 2756.37 0)
(-45.2201 220.499 0)
(-26.161 2802.01 0)
(-940.349 2249.13 0)
(-38.5784 2746.32 0)
(-390.924 2570.65 0)
(13.9533 1289 0)
(-1828.12 1562.27 0)
(-1085.21 2441.85 0)
(102.092 855.691 0)
(-119.24 2799.69 0)
(726.437 224.68 0)
(-106.242 1399.56 0)
(-0.0629971 2823.2 0)
(261.788 2599.27 0)
(-125.326 2796.36 0)
(267.043 2619.55 0)
(-1.9732 165.689 0)
(55.3988 191.953 0)
(-471.427 2378.61 0)
(-117.299 402.292 0)
(218.282 2690.92 0)
(-44.364 176.601 0)
(-27.9812 2756.23 0)
(2336.09 1421.26 0)
(-493.153 2890.31 0)
(141.988 617.262 0)
(-212.551 2877.82 0)
(-8.26166 421.932 0)
(-15.2978 2722.25 0)
(-101.95 2816.36 0)
(-1982.33 1387.16 0)
(-367.36 2204.6 0)
(-2.30019 206.254 0)
(-13.9714 2744.95 0)
(-690.677 1708.18 0)
(-14.5023 2721.71 0)
(-5.26017 109.087 0)
(-263.8 1537.97 0)
(320.999 2001.58 0)
(-77.9784 555.874 0)
(21.0133 545.402 0)
(12.2685 2732.88 0)
(-82.4667 538.462 0)
(-2409.73 948.302 0)
(1.66561 2834.18 0)
(75.8511 2839.07 0)
(24.4215 378.461 0)
(-169.702 2845.6 0)
(-20.1361 2752.92 0)
(-2403.04 1009.26 0)
(-29.8065 127.679 0)
(5.74674 2828.11 0)
(67.9174 2702.53 0)
(119.252 2777.38 0)
(245.945 2684.75 0)
(36.2583 2862.84 0)
(-54.8942 389.816 0)
(-25.4222 363.339 0)
(-3.0439 279.371 0)
(442.444 1748.17 0)
(-307.819 2873.36 0)
(1167.25 1724.04 0)
(403.329 1721.15 0)
(-857.791 2794.69 0)
(-411.924 2811.15 0)
(80.2965 413.833 0)
(789.346 2899.83 0)
(62.6911 2772.2 0)
(639.162 2317.16 0)
(829.519 2165.57 0)
(-1756.34 1549.91 0)
(-49.1066 2785.37 0)
(-109.953 2912.36 0)
(138.853 3011.62 0)
(-18.0908 140.083 0)
(-795.09 2092.56 0)
(-223.196 839.736 0)
(1528.86 1486.77 0)
(-168.885 2833.57 0)
(-10.9242 1445.47 0)
(1474.8 1758.35 0)
(385.473 2866.64 0)
(-95.8751 2814.67 0)
(-1446.19 2093.16 0)
(-17.19 168.748 0)
(-655.37 2778.88 0)
(-23.0936 248.742 0)
(-1096.97 1976.6 0)
(-75.7902 2779.39 0)
(1730.64 1998.8 0)
(-18.1956 328.419 0)
(196.744 1739.8 0)
(1006.06 2779.82 0)
(55.6885 2551.23 0)
(-64.476 275.555 0)
(-390.599 2902.61 0)
(-657.126 2092.83 0)
(-1776.04 2427.99 0)
(-103.277 2544.86 0)
(-356.065 2671.18 0)
(71.6093 352.498 0)
(-232.903 2823.09 0)
(-1344.59 2070.95 0)
(11.1153 197.251 0)
(16.2566 2742.24 0)
(-20.3976 158.051 0)
(11.1801 265.132 0)
(-155.351 2662.41 0)
(1222.64 2867.9 0)
(-1049.63 2789.01 0)
(164.236 2748.92 0)
(-2408.85 954.854 0)
(-39.2565 2689.19 0)
(256.643 1696.97 0)
(1163.96 2177.77 0)
(-7.88315 97.9178 0)
(-14.9273 244.614 0)
(-174.279 2816.19 0)
(-13.5619 222.878 0)
(26.2655 282.335 0)
(-1.32697 2242.09 0)
(-647.872 277.719 0)
(-57.0778 2707.09 0)
(-75.7631 2748.06 0)
(38.6073 2838.67 0)
(-31.8242 2829.61 0)
(-116.667 2800.01 0)
(-1397.71 2098.3 0)
(-44.6063 2778.7 0)
(-590.796 2383.46 0)
(-847.959 1732.27 0)
(-768.157 1745.49 0)
(-434.055 2494.47 0)
(48.0744 183.296 0)
(-672.958 1726.57 0)
(-386.566 1719.49 0)
(38.4752 381.093 0)
(-24.5453 400.636 0)
(710.62 1813.98 0)
(1681.92 2140.32 0)
(-68.1986 2737.24 0)
(1799.2 1955.94 0)
(-1107.38 2495.07 0)
(7.41467 242.472 0)
(-670.188 2909.92 0)
(2143.55 1621.12 0)
(179.832 1980.2 0)
(-58.9636 392.759 0)
(-1790.63 1555.75 0)
(5.66681 78.1669 0)
(80.1649 853.139 0)
(43.6168 1144.29 0)
(-334.964 2555.35 0)
(-1940.9 1415.45 0)
(9.03788 195.297 0)
(-2115.26 1298.04 0)
(9.76271 2734.89 0)
(-810.172 330.247 0)
(2270.05 1202.39 0)
(-15.564 2815.09 0)
(-14.7064 115.837 0)
(-149.767 2920.37 0)
(2228.22 1225.93 0)
(-122.877 765.142 0)
(-57.8546 2778.06 0)
(-576.812 1680.04 0)
(-201.499 2691.38 0)
(-170.172 2601.85 0)
(-54.6139 2711.24 0)
(-69.8204 2748.02 0)
(-2059.92 1593.49 0)
(688.146 338.818 0)
(-62.6125 385.329 0)
(-91.0522 2704.34 0)
(-107.482 2807.92 0)
(-656.899 2386.86 0)
(-46.5333 326.702 0)
(-55.4072 226.331 0)
(1533.62 2188.75 0)
(47.1387 2829.12 0)
(-405.515 1820.01 0)
(-849.225 1975.99 0)
(-42.3291 294.108 0)
(-2121.67 1663.2 0)
(-338.923 2548.25 0)
(76.1582 353.701 0)
(-224.021 1499.62 0)
(-1370.75 962.852 0)
(-259.48 2406.73 0)
(2058.81 1828.58 0)
(19.7786 171.689 0)
(-22.3418 159.425 0)
(599.939 2022.87 0)
(-50.2862 319.516 0)
(-38.0502 2749.82 0)
(-17.2214 110.8 0)
(1831.5 1925.48 0)
(177.52 1627.39 0)
(-19.9847 77.8574 0)
(-1.10229 847.341 0)
(-46.3224 287.79 0)
(1271.5 2649.11 0)
(-261.271 2971 0)
(-16.6028 104.527 0)
(915.012 2238.04 0)
(-477.63 2476.05 0)
(534.778 2508.54 0)
(86.78 2787.3 0)
(1089.14 2781.1 0)
(-178.706 2748.83 0)
(-1145.48 2753.1 0)
(61.8272 1408.7 0)
(72.2191 2432.87 0)
(-204.321 2699.07 0)
(-1514.58 1658.57 0)
(136.352 1557.42 0)
(45.0877 156.445 0)
(38.0293 162.623 0)
(-0.67347 114.91 0)
(491.598 2393.43 0)
(-113.498 671.745 0)
(-24.5699 155.602 0)
(-38.0911 2482.97 0)
(-60.1606 2716.09 0)
(-66.3262 2765.07 0)
(-1215.69 2067.14 0)
(-488.569 2782.42 0)
(681.362 2038.44 0)
(52.4458 573.732 0)
(-455.968 2665.63 0)
(11.3986 241.53 0)
(-26.2763 2825.47 0)
(-29.5048 2728.7 0)
(-174.756 2654.62 0)
(-416.797 2559.52 0)
(4.72106 2822.71 0)
(507.817 2911.27 0)
(9.60185 325.733 0)
(-1190.37 865.63 0)
(-216.956 778.398 0)
(150.5 513.748 0)
(-236.396 2813.96 0)
(-24.1702 2752.15 0)
(19.4184 2741.59 0)
(-2084.69 1636.32 0)
(110.335 376.494 0)
(-569.757 2405.01 0)
(-441.976 2430.62 0)
(1107.88 2770.8 0)
(-123.501 2672.2 0)
(-112.636 2835.96 0)
(-3.97442 98.6013 0)
(96.7213 1460.46 0)
(-245.997 2632.86 0)
(47.6402 2566.22 0)
(-892.3 2280.58 0)
(-84.0515 288.96 0)
(717.098 2913.12 0)
(-120.874 2758.74 0)
(646.136 1712.57 0)
(674.671 537.533 0)
(-34.2427 1862.62 0)
(-86.1857 2090.08 0)
(-48.3018 2719.09 0)
(-114.17 2783.42 0)
(-151.673 750.891 0)
(-79.0606 2831.96 0)
(-581.2 2795.21 0)
(-642.641 2334.46 0)
(342.381 1690.51 0)
(515.195 2812.95 0)
(39.6694 303.87 0)
(-22.9993 197.724 0)
(-8.48123 2738.07 0)
(-740.836 2821.76 0)
(1656.67 1849.36 0)
(79.1352 774.089 0)
(294.517 2804.31 0)
(-2155.14 1344.53 0)
(-2131.61 840.962 0)
(13.5452 324.018 0)
(1411.99 1700.38 0)
(1587.04 1845.74 0)
(-80.9384 2746.88 0)
(36.6017 242.787 0)
(301.289 1976.33 0)
(175.502 2784.82 0)
(-1426.19 2727.98 0)
(20.9359 198.877 0)
(-18.0206 2694.65 0)
(929.505 2491.23 0)
(899.663 2531.94 0)
(-79.7458 318.891 0)
(-334.472 2809.48 0)
(-939.461 1703.16 0)
(-485.114 1709.67 0)
(44.0003 175.772 0)
(-212.095 2826.88 0)
(53.1918 2849.11 0)
(203.989 763.234 0)
(-79.2969 2812.81 0)
(33.7418 2848.94 0)
(265.867 2841.32 0)
(-8.02099 107.962 0)
(-883.626 2926.01 0)
(88.0364 2812.62 0)
(-1915.51 1723.63 0)
(-32.7152 2825.78 0)
(-1918.66 1381.91 0)
(-24.473 158.092 0)
(-2.39298 341.9 0)
(-541.165 2853.84 0)
(872.945 1794.84 0)
(25.2482 2729.07 0)
(13.4011 82.1359 0)
(-118.673 2798.48 0)
(-127.36 2750.04 0)
(-929.265 2250.4 0)
(45.1135 679.43 0)
(-67.9076 2729.37 0)
(485.62 2425.66 0)
(-602.482 2741.7 0)
(166.943 1530.58 0)
(754.797 1751 0)
(-242.122 2355.36 0)
(1761.13 1908.7 0)
(1220.88 1815.87 0)
(1160.13 835.955 0)
(-72.5865 1838.51 0)
(-62.8627 390.504 0)
(1260.16 1828.64 0)
(-95.0807 2774.6 0)
(-91.6649 2807.02 0)
(-403.562 2974.73 0)
(-167.456 2688.69 0)
(208.066 2692.54 0)
(49.5729 2210.39 0)
(218.008 2706.12 0)
(470.738 2302.73 0)
(-250.118 1669.48 0)
(40.6924 1549.96 0)
(-281.245 2810 0)
(-76.5263 2829.42 0)
(-1.04142 98.2405 0)
(8.1407 153.864 0)
(24.5145 248.909 0)
(-133.384 453.695 0)
(-103.907 2798.98 0)
(-1103.13 2411 0)
(434.577 2818.83 0)
(-17.9678 1238.81 0)
(-46.461 292.098 0)
(-50.202 324.123 0)
(19.9279 129.91 0)
(873.123 1982.9 0)
(28.984 515.796 0)
(285.315 2845.41 0)
(21.7611 101.853 0)
(-40.5583 2780.92 0)
(-1966.63 1431.21 0)
(-1815.83 1825.97 0)
(-3.05563 99.7966 0)
(-141.274 773.929 0)
(-344.526 2498.37 0)
(960.523 2802.08 0)
(32.6503 316.509 0)
(-661.5 2803.68 0)
(-421.799 2539.34 0)
(45.838 2687.19 0)
(-192.689 1959.31 0)
(1142.71 1800.49 0)
(-120.449 2793.85 0)
(411.325 2511.2 0)
(196.127 2720.57 0)
(731.716 1826.88 0)
(387.198 2877.11 0)
(-51.6445 446.741 0)
(40.4713 192.293 0)
(-493.696 2299.73 0)
(1223.61 1857.83 0)
(-780.984 2655.92 0)
(958.991 2775.59 0)
(-264.01 2382.74 0)
(-745.728 2731.34 0)
(73.8153 2746.01 0)
(42.3717 1846.75 0)
(-1122.3 1731.2 0)
(-125.153 2798.46 0)
(-421.32 2677.53 0)
(1825.78 1530.72 0)
(-494.472 1817.4 0)
(-82.65 545.189 0)
(7.03045 2716.42 0)
(177.545 1782.6 0)
(-543.181 1783.34 0)
(-35.6757 146.517 0)
(-176.21 620.679 0)
(70.852 2761.35 0)
(1778.69 2049.18 0)
(220.479 3009.47 0)
(75.0071 682.018 0)
(641.737 345.475 0)
(-996.059 1853.9 0)
(79.1809 350.362 0)
(-1138.7 2766.33 0)
(-801.678 2190.12 0)
(-699.352 2756.79 0)
(-785.224 1743.12 0)
(99.4628 2784.9 0)
(-165.04 1472.75 0)
(-682.311 1727.34 0)
(-271.625 2617.42 0)
(288.156 2559.26 0)
(1107.39 2814.08 0)
(-34.9224 1290.07 0)
(7.39435 2709.46 0)
(-31.3963 2824.63 0)
(-584.581 1692.57 0)
(-2476.22 934.026 0)
(685.144 2876.07 0)
(-42.4809 2782.75 0)
(-894.335 2812.57 0)
(-103.889 381.735 0)
(910.899 2197.66 0)
(1815.9 2045.13 0)
(1505.12 1664.11 0)
(1483.88 1688.44 0)
(1.22699 90.2006 0)
(-492.261 1747.2 0)
(35.9261 310.667 0)
(-22.0637 2147.22 0)
(-1908.66 1856.24 0)
(2235.58 1297.19 0)
(9.18658 2739.01 0)
(-126.713 570.074 0)
(432.691 2921.44 0)
(-8.55267 82.4227 0)
(239.869 2639.75 0)
(-62.6057 244.219 0)
(837.426 2146.85 0)
(-235.525 1538.84 0)
(57.5565 277.586 0)
(695.79 1730.51 0)
(2.51453 88.8046 0)
(-708.921 631.404 0)
(76.6982 382.16 0)
(-128.054 2814.76 0)
(238.551 2859.21 0)
(-1086.42 2069.93 0)
(156.086 1717.26 0)
(130.874 2302.02 0)
(1.76768 83.882 0)
(-70.8294 2784.03 0)
(1175.2 2474.01 0)
(-2074.47 1598.23 0)
(-6.02144 83.673 0)
(-2207.2 1381.73 0)
(-58.3635 2779.95 0)
(-2474.72 999.513 0)
(53.5573 248.341 0)
(316.449 2537.84 0)
(-197.613 2685.86 0)
(94.099 392.898 0)
(-2486.38 954.266 0)
(-180.946 2767.21 0)
(-210.949 2629.44 0)
(9.3484 107.36 0)
(1820.88 1698.01 0)
(-18.965 138.231 0)
(19.6469 231.579 0)
(606.307 2883.15 0)
(-703.313 2823.63 0)
(148.231 560.839 0)
(29.7261 124.93 0)
(18.272 132.971 0)
(307.59 2671.54 0)
(-8.21581 91.4226 0)
(-188.806 2701.78 0)
(-1669.69 1589.51 0)
(197.819 695.137 0)
(-8.52343 141.273 0)
(17.0767 131.855 0)
(-1909.46 1476.33 0)
(205.246 2727.55 0)
(189.091 690.391 0)
(1037.45 763.876 0)
(275.12 2665.95 0)
(-29.2754 2756.27 0)
(617.66 1719.26 0)
(401.757 1738.16 0)
(246.476 2513.66 0)
(248.72 2543.72 0)
(76.5862 2699.34 0)
(-8.26807 84.0384 0)
(1897.33 803.558 0)
(295.977 2553.38 0)
(-279.444 2209.74 0)
(2428.21 1001.51 0)
(-427.213 2890.06 0)
(311.899 2961.26 0)
(897.762 2867.73 0)
(-535.975 2905.49 0)
(140.256 2797.3 0)
(-581.553 2794.16 0)
(-48.9677 2741.4 0)
(109.374 918.621 0)
(-117.368 972.907 0)
(-993.459 2599.47 0)
(75.1377 400.411 0)
(-1153.08 2382.36 0)
(10.754 82.7892 0)
(-47.795 2824.34 0)
(-819.426 2890.45 0)
(-1911.1 1175.06 0)
(-1683.62 1567.18 0)
(-26.7572 152.351 0)
(-303.361 2572.54 0)
(134.272 1969.74 0)
(2.23112 82.5683 0)
(-775.864 2063.37 0)
(32.8433 2750.82 0)
(-15.9705 140.003 0)
(285.27 2564.84 0)
(-489.08 2782.19 0)
(-1472.79 1658.25 0)
(1731.01 2074.38 0)
(-1426.6 1533.61 0)
(174.55 2462.29 0)
(875.837 1722.24 0)
(-1744.61 1978.3 0)
(-1034.77 1721.68 0)
(-468.621 2478.15 0)
(935.382 2424.77 0)
(128.529 2770.8 0)
(59.1228 2824.27 0)
(132.589 620.602 0)
(338.897 2614.25 0)
(232.063 2719.61 0)
(-489.435 1689.13 0)
(265.51 2722.36 0)
(-0.662994 238.541 0)
(-1397.66 1798.51 0)
(-233.303 2821.35 0)
(-123.571 2763.62 0)
(-729.703 2134.92 0)
(32.9364 2386.49 0)
(-5.07131 2139.52 0)
(-1416.06 2048.75 0)
(-470.908 2471.03 0)
(-1486.25 1745.22 0)
(3.70576 523.85 0)
(18.9266 292.197 0)
(565.348 1701.1 0)
(215.718 2715.87 0)
(-10.3568 135.69 0)
(170.075 1621.36 0)
(-64.2092 433.579 0)
(26.8402 108.943 0)
(48.4504 166.372 0)
(1574.17 1889.66 0)
(75.988 2867.49 0)
(-140.449 2746.58 0)
(38.5975 133.633 0)
(5.02163 240.103 0)
(-1540.96 2623.1 0)
(-259.014 2834.28 0)
(899.629 2121.5 0)
(-166.974 2920.6 0)
(-62.05 2575.72 0)
(-79.3118 2800.41 0)
(22.3477 2738.01 0)
(-0.495672 320.718 0)
(-109.14 2872.72 0)
(-437.7 2946.71 0)
(-250.138 2277.11 0)
(-555.943 2837.46 0)
(-30.2778 2856.28 0)
(74.1189 2700.57 0)
(-110.23 376.884 0)
(428.72 2139.1 0)
(-42.1014 2761.38 0)
(171.661 2768.36 0)
(-520.436 2727.09 0)
(832.112 2155.99 0)
(-1724.99 1574.69 0)
(-375.562 2814.59 0)
(-171.367 2813.05 0)
(-184.846 2536.53 0)
(-100.965 2686.87 0)
(-499.11 2556.83 0)
(-69.7843 2702.52 0)
(180.769 2773.28 0)
(241.194 2929.97 0)
(248.934 2574.95 0)
(-28.6142 2804.04 0)
(121.03 1574.49 0)
(26.5895 2722.45 0)
(1851.14 1784.94 0)
(255.57 2570.83 0)
(3.0274 281.134 0)
(42.0069 1543.65 0)
(1250.78 2727.22 0)
(23.5684 102.768 0)
(-34.5249 2498.69 0)
(286.944 2842.27 0)
(-146.415 757.235 0)
(85.5307 2769.93 0)
(505.726 1672.27 0)
(599.419 330.504 0)
(9.62252 2778.22 0)
(-368.129 2540.96 0)
(328.561 1611.32 0)
(-498.653 2113.78 0)
(221.991 2850.23 0)
(8.37281 1165.98 0)
(-8.68281 96.5519 0)
(-6.89064 2827.1 0)
(144.492 2765.21 0)
(-88.3902 1793.04 0)
(-253.588 2607.17 0)
(-6.31024 97.6748 0)
(299.366 2222.91 0)
(18.0408 202.912 0)
(-1589.61 1628.32 0)
(300.322 1565.78 0)
(-49.897 2711.02 0)
(-2464.2 1016.22 0)
(-127.744 577.727 0)
(797.339 1728.64 0)
(-442.657 2485.75 0)
(519.123 2890.02 0)
(-2244.74 1311.86 0)
(328.645 2630.91 0)
(2.50235 89.9412 0)
(36.7605 127.211 0)
(-119.449 2898.65 0)
(-28.5035 134.788 0)
(-40.156 2346.93 0)
(-169.452 2814.66 0)
(-1.52117 99.5953 0)
(-2.52438 2728.09 0)
(185.349 2721.53 0)
(443.215 2451.45 0)
(-76.6063 2760.02 0)
(34.0644 1393.5 0)
(-594.352 2729.32 0)
(15.7138 2821.39 0)
(155.557 678.876 0)
(6.64944 322.86 0)
(36.6773 2860.28 0)
(418.133 2828.56 0)
(19.3203 2821.07 0)
(2079.97 1282.54 0)
(-674.661 2344.2 0)
(672.681 2883.63 0)
(1907.11 1613.82 0)
(603.092 2810.52 0)
(695.272 1745.06 0)
(-937.444 2781.77 0)
(24.32 83.6873 0)
(89.884 1513.34 0)
(-28.598 150.748 0)
(750.385 2955.67 0)
(987.516 1629.33 0)
(-80.9458 2820.78 0)
(-75.7983 2773.33 0)
(-20.9579 91.8187 0)
(-114.361 2797.05 0)
(-133.75 510.384 0)
(-1496.98 1691.94 0)
(-50.0451 218.871 0)
(-2061.77 1570.8 0)
(322.137 2877.98 0)
(-17.5407 576.228 0)
(-2380.66 1153.78 0)
(394.914 143.994 0)
(1109.92 2768.34 0)
(-1389.41 1718.78 0)
(381.43 1609.44 0)
(2.4865 83.4705 0)
(481.868 2813.23 0)
(-23.983 496.856 0)
(39.5905 308.318 0)
(-77.9941 2801.07 0)
(-2207.19 1245.87 0)
(19.8425 131.77 0)
(255.099 1540.54 0)
(-832.043 2844.74 0)
(2234.41 1154.44 0)
(29.6623 114.454 0)
(94.456 2798.07 0)
(-327.147 1856.31 0)
(35.4662 2767.72 0)
(-97.0068 2744.46 0)
(-28.2953 2746.05 0)
(123.302 2806.26 0)
(42.9226 192.689 0)
(368.346 2376.29 0)
(12.4832 2733.26 0)
(684.857 1969.68 0)
(-109.973 2843.47 0)
(-150.438 739.735 0)
(312.272 2824.88 0)
(-647.399 2968.94 0)
(-9.87268 139.44 0)
(-871.504 1842.29 0)
(-90.4172 2142.99 0)
(1296.5 2570.58 0)
(-454.412 2460.16 0)
(-324.952 1580.51 0)
(24.5739 1419.76 0)
(-190.708 2859.53 0)
(859.938 1741.85 0)
(-190.266 710.032 0)
(-102.974 2860.62 0)
(245.253 2716 0)
(-737.751 2556.44 0)
(20.5561 1482.85 0)
(-538.155 2851.67 0)
(-145.929 2783.03 0)
(-40.356 2787.34 0)
(-84.8854 2770.2 0)
(-291.141 1729.7 0)
(22.2884 2858.67 0)
(18.2826 2824.71 0)
(422.162 2814.72 0)
(254.088 1546.43 0)
(55.5752 1443.58 0)
(-542.567 2776.54 0)
(1135.78 2779.14 0)
(-2073.85 1585.92 0)
(33.0925 1991.96 0)
(334.171 2555.97 0)
(353.269 2459.82 0)
(-73.5652 2809.47 0)
(2266.89 1506.13 0)
(87.5616 2788.2 0)
(-2407.87 964.758 0)
(202.809 2486.48 0)
(1125.34 2372 0)
(-268.902 1982.25 0)
(-108.991 538.129 0)
(-2424.15 1012.24 0)
(-511.668 2831.34 0)
(47.1114 2851.63 0)
(-83.7442 2864.33 0)
(-28.9826 2807.8 0)
(-257.099 2303.86 0)
(-243.782 2447.14 0)
(1586.01 2165.85 0)
(1064.62 1661.45 0)
(-30.4293 105.733 0)
(-105.738 2773.99 0)
(217.609 2725.9 0)
(-10.5116 1233.94 0)
(-92.7205 1457.58 0)
(1053.86 472.38 0)
(-248.523 2861.9 0)
(44.7697 2436.84 0)
(223.235 2767.73 0)
(587.236 2749.19 0)
(-2363.56 1151.62 0)
(-152.233 2987.34 0)
(2456.1 1083.29 0)
(-199.254 3008.12 0)
(852.213 2711.57 0)
(925.494 2857.05 0)
(132.628 494.658 0)
(843.297 2638.33 0)
(240.397 797.685 0)
(829.269 2314.14 0)
(382.741 2493.49 0)
(-35.7336 1342.71 0)
(-305.893 2989.33 0)
(-657.639 2373.66 0)
(-273.437 2593.29 0)
(522.948 2842.61 0)
(-7.06141 84.7012 0)
(852.331 2087.93 0)
(23.7105 2748.34 0)
(-137.451 2807.22 0)
(133.826 2773.6 0)
(-849.925 2882.99 0)
(208.609 2611.29 0)
(48.2278 2949.16 0)
(60.5162 2725.26 0)
(-1578.55 1633.18 0)
(64.1188 258.967 0)
(2260.69 1084.42 0)
(32.5949 122.077 0)
(-42.7808 219.295 0)
(967.399 2964.11 0)
(-108.326 2800.23 0)
(278.261 1723.05 0)
(-164.334 2721.27 0)
(-101.743 2815.6 0)
(1663.19 2162.94 0)
(-16.6517 91.5234 0)
(-408.743 2805.13 0)
(-263.056 2822.73 0)
(42.3367 218.002 0)
(266.036 2667.51 0)
(-1973.79 1798.93 0)
(-163.255 549.902 0)
(1879.64 1899.44 0)
(41.2575 2842.13 0)
(-118.736 989.779 0)
(130.855 2790.87 0)
(-78.4029 2830.83 0)
(-2383.62 1018.82 0)
(65.308 2846.73 0)
(-181.011 2759.22 0)
(38.4339 375.732 0)
(220.972 832.07 0)
(1389.33 600.262 0)
(-37.0832 2740.75 0)
(81.6204 1850.93 0)
(-119.838 2802.71 0)
(67.1826 2743.97 0)
(-179.434 605.103 0)
(160.336 2722.14 0)
(142.733 494.076 0)
(77.3174 2813.26 0)
(-227.711 2625.82 0)
(-554.963 1687.74 0)
(-513.038 2662.56 0)
(23.4261 2823.92 0)
(-529.615 2929.73 0)
(2133.55 909.908 0)
(467.899 1670.85 0)
(105.653 2779.52 0)
(-273.988 2595.71 0)
(-472.011 2777.38 0)
(60.6916 274.676 0)
(712.371 2319.72 0)
(-60.3621 2824.03 0)
(451.473 2919.7 0)
(-247.959 931.742 0)
(845.667 2658.38 0)
(-637.815 2107.34 0)
(-931.686 2575.88 0)
(21.7125 1490.07 0)
(781.815 2722.78 0)
(182.353 2762.29 0)
(-452.7 2362.63 0)
(763.984 333.447 0)
(-36.6843 2702.69 0)
(967.291 1710.02 0)
(-609.883 2282.73 0)
(16.3346 722.486 0)
(-1481.03 2748.14 0)
(-2408.72 1073.87 0)
(33.2061 2822.73 0)
(51.9512 2834.85 0)
(-1013.74 1600.8 0)
(92.172 2815.67 0)
(-1161.14 2832.39 0)
(-1473.61 2177.46 0)
(-612.765 2780 0)
(621.894 2239.46 0)
(-85.9151 2779.16 0)
(-95.7071 2361.91 0)
(111.716 2752.71 0)
(-388.462 1700.2 0)
(119.167 2166.14 0)
(-593.136 2812.9 0)
(1865.29 1493.21 0)
(-60.2948 448.762 0)
(-189.691 680.635 0)
(809.092 2084.78 0)
(81.4196 327.892 0)
(-1226.23 1673.83 0)
(-443.294 2475.23 0)
(362.911 2623.32 0)
(-42.7029 2790.52 0)
(-368.896 2450.85 0)
(561.945 2208.49 0)
(-150.66 2863.08 0)
(112.509 422.585 0)
(32.0784 321.117 0)
(-31.2592 2814.67 0)
(-694.509 2451.7 0)
(-937.971 1442.95 0)
(-208.265 2796.99 0)
(580.92 2326.25 0)
(-172.259 2735.36 0)
(-67.5852 2775.93 0)
(-1731.31 1847.02 0)
(-242.993 2557.87 0)
(-30.8936 406.681 0)
(-68.1022 2789.54 0)
(1320.78 1936.42 0)
(-486.855 2738.1 0)
(-88.3833 2750.66 0)
(-123.588 1159.57 0)
(-110.908 1208.68 0)
(-129.694 902.688 0)
(-1044.18 1929.66 0)
(405.583 2877.04 0)
(-1572.1 605.177 0)
(-7.36218 2734.85 0)
(1.72208 2699.79 0)
(632.693 2431.97 0)
(-474.842 2456.76 0)
(1066.94 2759.46 0)
(685.15 2483.5 0)
(104.503 552.767 0)
(53.343 337.685 0)
(55.5667 244.768 0)
(-160.121 657.96 0)
(67.4043 2583.46 0)
(1104.96 2784.81 0)
(-130.605 2776.79 0)
(-92.9296 2689.76 0)
(1181.54 2782.92 0)
(-2310.19 1168.18 0)
(-149.553 2242.32 0)
(-218.982 2616.63 0)
(-141.736 2231.96 0)
(-22.393 229.956 0)
(-132.57 2776.1 0)
(-772.416 201.467 0)
(411.238 2492.93 0)
(-11.8155 167.812 0)
(24.3247 449.327 0)
(-41.6442 180.598 0)
(-24.2609 2761.24 0)
(-556.044 2463.33 0)
(49.7295 221.003 0)
(528.975 2956.45 0)
(-99.6924 2816.42 0)
(1066.03 2543.36 0)
(159.865 1885.91 0)
(-228.643 2618.4 0)
(-7.08732 2842.39 0)
(-28.9354 2857.5 0)
(96.4883 2555.36 0)
(217.143 2530.76 0)
(58.0053 2840.13 0)
(1886.26 1907.94 0)
(-86.2401 2912.22 0)
(1608.84 2255.44 0)
(945.676 2480.93 0)
(445.004 2869.27 0)
(808.663 2188.79 0)
(83.3443 284.224 0)
(94.0438 365.233 0)
(-58.4912 2813.21 0)
(327.767 2815.25 0)
(-155.596 2706.39 0)
(207.043 690.831 0)
(-93.7096 341.66 0)
(-877.001 1803.61 0)
(-188.109 2830.04 0)
(516.277 2667.23 0)
(125.928 454.694 0)
(-830.261 2465.85 0)
(264.986 2859.67 0)
(48.4945 2802.73 0)
(1302.02 2211.55 0)
(-19.313 2758.55 0)
(1708.31 2063.99 0)
(257.203 1566.68 0)
(-708.21 2025.76 0)
(-370.238 1685.45 0)
(-95.019 2818.04 0)
(-148.561 514.92 0)
(-923.342 2597.95 0)
(-888.966 2880.3 0)
(889.843 1788.95 0)
(-96.0043 2815.74 0)
(-63.7239 2768.4 0)
(63.1941 2753.78 0)
(400.458 2979.99 0)
(148.53 2927 0)
(24.8841 146.972 0)
(17.4183 2741.19 0)
(1433.61 1709.12 0)
(-66.9411 316.816 0)
(-958.685 1699.23 0)
(183.049 2392.53 0)
(-89.6661 2817.79 0)
(310.174 2483.97 0)
(506.126 2515.59 0)
(0.203326 82.0747 0)
(-30.9513 479.583 0)
(625.436 1729.51 0)
(-141.303 2652.66 0)
(-2423.03 1133.58 0)
(621.156 2947.23 0)
(-68.2922 2795.09 0)
(3.78939 2586.59 0)
(-66.6367 2906.54 0)
(445.376 2539.68 0)
(43.4777 2923.08 0)
(-90.3288 2861.16 0)
(-79.4237 2822.36 0)
(114.273 745.483 0)
(-941.672 2116.84 0)
(-598.581 2755.38 0)
(803.569 2341.06 0)
(-342.311 2806.41 0)
(857.4 445.842 0)
(-117.574 2662.66 0)
(344.308 2832.75 0)
(28.3391 2745.1 0)
(-18.3135 728.949 0)
(769.228 2389.46 0)
(209.161 2725.21 0)
(422.375 2574.51 0)
(-915.625 2860.32 0)
(647.322 1715.42 0)
(-671.125 2727.11 0)
(1145.94 2163.55 0)
(-39.2846 148.911 0)
(-480.959 2227.47 0)
(-78.3966 548.754 0)
(55.5955 221.125 0)
(646.884 2853.75 0)
(-2019.39 1337.63 0)
(568.504 2608.42 0)
(13.9098 71.6341 0)
(281.957 2973.63 0)
(896.606 322.152 0)
(651.764 2032.61 0)
(555.995 2898.12 0)
(557.968 1699.23 0)
(-38.8401 157.198 0)
(-831.392 2683.2 0)
(-39.9152 2727.65 0)
(189.912 2111.82 0)
(-1293.97 2125.08 0)
(-13.8154 2746.48 0)
(52.4111 2842.68 0)
(57.1388 196.23 0)
(96.8034 886.854 0)
(588.862 2717.49 0)
(-1753.53 1446.65 0)
(-915.201 2278.38 0)
(825.833 324.718 0)
(-75.6543 488.585 0)
(-761.445 1883.78 0)
(55.4437 284.251 0)
(-374.537 2570.05 0)
(15.4355 71.8467 0)
(-123.372 582.217 0)
(96.4135 2686.09 0)
(30.4425 150.176 0)
(-507.797 2407.9 0)
(73.7038 2845.5 0)
(-1024.66 2767.13 0)
(193.544 2865.43 0)
(-1661.63 1597.07 0)
(-711.438 2107.34 0)
(-143.866 2654.17 0)
(-127.387 2681.82 0)
(-55.7731 191.218 0)
(-45.7522 185.029 0)
(253.24 2696.55 0)
(-57.1815 2778.42 0)
(-866.459 2080.23 0)
(-1800.47 1580.77 0)
(200.123 2787.48 0)
(-93.8018 2774.41 0)
(2201.53 1263.77 0)
(836.566 2591.25 0)
(-28.5721 120.787 0)
(503.311 2372.54 0)
(-54.6567 421.549 0)
(-91.3514 2741.48 0)
(-65.9615 2056.12 0)
(-995.79 1962.93 0)
(510.981 1678.48 0)
(199.271 2726.76 0)
(33.1662 1401.18 0)
(42.9718 698.334 0)
(-301.029 2574.42 0)
(34.1427 2775.73 0)
(-375.421 1658.2 0)
(-534.263 2826.17 0)
(274.496 2815.48 0)
(-165.238 1459.9 0)
(-805.294 236.946 0)
(-105.354 2771.52 0)
(11.8171 81.576 0)
(965.314 1718.71 0)
(-1188.74 1265.03 0)
(-12.8353 142.054 0)
(-73.6629 697.68 0)
(-528.551 2892.03 0)
(-28.2823 2013.04 0)
(404.495 2886.91 0)
(21.1357 74.4154 0)
(52.8571 2751.66 0)
(-1384.25 2283.57 0)
(-657.768 2342.78 0)
(270.633 2788.78 0)
(70.7984 2822.65 0)
(492.598 2259.21 0)
(-27.4226 292.31 0)
(50.6957 2764.45 0)
(-1623.57 2514.46 0)
(715.497 2125.22 0)
(57.5045 2768.46 0)
(51.184 2787.25 0)
(255.503 2888.56 0)
(-101.651 2802.49 0)
(-95.6709 913.594 0)
(-572.035 2118.34 0)
(659.939 2928.91 0)
(183.971 623.446 0)
(-87.4435 422.338 0)
(466.143 2673.89 0)
(1481.85 2670.83 0)
(-212.963 2816.58 0)
(136.512 614.872 0)
(402.115 1623.93 0)
(-22.1424 2817.76 0)
(-446.582 2880.4 0)
(-17.5575 2754.67 0)
(-112.114 2762.79 0)
(-203.981 2873.38 0)
(-733.263 2815.92 0)
(45.6148 2749.5 0)
(-1753.01 1634.9 0)
(1739.09 2123.7 0)
(-2.1864 92.5563 0)
(-252.135 1579.67 0)
(-162.986 569.434 0)
(68.3039 2872.01 0)
(289.717 2504.78 0)
(-921.51 1954.45 0)
(104.044 2718.88 0)
(20.8632 254.007 0)
(201.073 2722.25 0)
(-211.85 2824.87 0)
(-2424.54 1135.17 0)
(-1044.8 2797.97 0)
(-425.45 2267.36 0)
(-756.024 225.595 0)
(-253.473 1651.05 0)
(-169.764 2627.34 0)
(-3.39689 97.2629 0)
(-230.255 2874.89 0)
(-114.595 2772.51 0)
(143.514 2566.09 0)
(1136.1 2074.57 0)
(-26.6892 107.162 0)
(223.754 2797.57 0)
(-77.0888 2829.09 0)
(-641.389 2535.54 0)
(-170.52 2643.46 0)
(125.506 868.552 0)
(1315.45 2230.69 0)
(243.777 1529.7 0)
(-1920.45 1583.32 0)
(-6.80289 2736.22 0)
(-645.385 2581.63 0)
(-44.7458 2744.99 0)
(1802.32 1553.77 0)
(405.77 2868.82 0)
(269.333 2801.5 0)
(335.584 2191.07 0)
(-78.1039 269.038 0)
(-135.164 2198.46 0)
(-1888.87 2066.81 0)
(1236.63 1208.96 0)
(2107.51 907.606 0)
(468.974 2742.11 0)
(104.166 907.666 0)
(67.9347 2760.16 0)
(-76.453 2770.65 0)
(1145.46 1788.03 0)
(130.343 2145 0)
(90.9808 2745.13 0)
(-24.2889 446.197 0)
(697.855 2730.78 0)
(125.112 2798.06 0)
(1178.23 1403.35 0)
(-934.599 2789.69 0)
(84.0122 2806.54 0)
(-133.031 2794.4 0)
(319.355 2801.53 0)
(95.0203 2301.02 0)
(1645.72 2068.92 0)
(339.901 2404.99 0)
(-119.51 2794.83 0)
(-188.938 2762.03 0)
(-2248.59 1290.42 0)
(-98.5747 2692.46 0)
(-26.2371 2731.91 0)
(-26.1007 405.872 0)
(482.471 2430.51 0)
(-548.509 2774.33 0)
(-203.788 808.532 0)
(2274.54 1075.31 0)
(-309.057 1793.46 0)
(-36.2444 522.646 0)
(383.656 2498.63 0)
(3.59017 2538.66 0)
(-75.7085 2789.65 0)
(-1819.6 1467.42 0)
(502.423 2794.68 0)
(25.7003 355.003 0)
(-825.012 2286.7 0)
(-887.985 2014.1 0)
(-808.781 2323.97 0)
(-812.518 2867.37 0)
(-26.4257 436.193 0)
(-237.574 2617.68 0)
(-2359.57 1026.49 0)
(-302.676 2398.81 0)
(2260.53 1147.11 0)
(-105.935 2677.56 0)
(-548.88 2848.39 0)
(48.2724 505.534 0)
(15.4481 2211.74 0)
(-100.291 2798.31 0)
(858.047 2117.27 0)
(-446.855 2132.38 0)
(33.9337 2768.45 0)
(-564.065 3005.05 0)
(-58.5211 2833.95 0)
(-40.7368 2760.29 0)
(31.5982 2850.54 0)
(-16.2403 157.196 0)
(-2382.75 1141.65 0)
(-175.801 2664.97 0)
(-73.8293 2693.96 0)
(203.34 2718.29 0)
(5.22987 2762.72 0)
(-60.7459 2769 0)
(-37.9276 2851.01 0)
(36.0325 2743.42 0)
(46.3748 160.495 0)
(22.3389 2729.3 0)
(-36.0208 2779.24 0)
(-644.154 2060.47 0)
(120.47 2798.8 0)
(-325.015 2587.21 0)
(-113.82 2803.57 0)
(-823.638 2242.26 0)
(149.258 2756.81 0)
(-27.5702 441.881 0)
(-15.6455 211.846 0)
(70.9915 282.782 0)
(-422.641 2290.49 0)
(351.655 2835.64 0)
(-157.992 935.115 0)
(-463.194 2282.58 0)
(38.244 183.651 0)
(-100.19 2683.11 0)
(-158.787 2783.51 0)
(-1269.1 2330.54 0)
(-187.218 838.841 0)
(26.2964 1274.52 0)
(103.608 1816.84 0)
(-1138.23 527.206 0)
(81.7146 308.311 0)
(320.071 1579.13 0)
(-44.9544 166.996 0)
(-299.374 2820.43 0)
(384.89 2196.45 0)
(-104.895 1593.63 0)
(1.45386 1151.23 0)
(-1225.11 2280.27 0)
(1398.85 2333.56 0)
(189.626 2744.42 0)
(373.855 2873.53 0)
(308.412 1771.42 0)
(29.5984 272.171 0)
(-1359.02 1087.39 0)
(104.69 2808.96 0)
(264.391 2580.59 0)
(-142.88 483.287 0)
(18.545 196.97 0)
(-224.113 2627.42 0)
(-43.2573 2679.06 0)
(942.291 2355.55 0)
(-355.476 2564.99 0)
(92.6262 2818.15 0)
(834.719 2621.95 0)
(260.23 2802.32 0)
(-792.695 2757.32 0)
(-892.748 2583.11 0)
(583.487 2769.91 0)
(-39.0684 2755.28 0)
(61.2527 865.012 0)
(1121.2 2646.77 0)
(-404.545 2808.15 0)
(-115.38 521.776 0)
(39.4675 216.493 0)
(3.10902 1176.31 0)
(-723.277 2647.47 0)
(-171.899 2861.43 0)
(56.5085 1489.19 0)
(186.384 2784.37 0)
(1746.29 1572.63 0)
(-588.302 2383.93 0)
(-2242.47 1338.87 0)
(1143.91 535.243 0)
(-154.949 2669.53 0)
(-73.9003 777.91 0)
(28.2675 322.854 0)
(14.0219 2738.9 0)
(888.075 1745.54 0)
(1189.61 2662.36 0)
(-16.0629 2719.42 0)
(1343.21 1877.93 0)
(122.579 2776.42 0)
(105.587 843.707 0)
(355.675 2847.6 0)
(16.8822 185.476 0)
(-642.141 2777.7 0)
(-46.6712 344.612 0)
(-17.3423 1995.48 0)
(578.016 2799.65 0)
(-25.1504 2816 0)
(215.164 2779.9 0)
(-533.609 2834.71 0)
(319.823 2545.39 0)
(258.409 1572.25 0)
(-689.378 342.616 0)
(-119.391 2766.26 0)
(-279.689 2633.76 0)
(23.9636 2822.88 0)
(-100.826 2777.64 0)
(-17.9796 73.9173 0)
(-23.2421 124.571 0)
(93.3068 2679.62 0)
(-73.8988 1417.45 0)
(17.6704 2661.74 0)
(-10.0744 2714.06 0)
(0.908463 85.9815 0)
(347.158 2873.24 0)
(-816.17 2558.89 0)
(58.9649 1306.94 0)
(402.141 2053.26 0)
(-796.509 2316.29 0)
(-2009.04 1445.65 0)
(-209.567 2807.64 0)
(-631.124 2705.37 0)
(-141.949 2914.24 0)
(-30.5682 2711.27 0)
(234.642 2612.33 0)
(338.303 2867 0)
(-397.863 2516.9 0)
(-1.76906 2806.85 0)
(-36.6659 2798.15 0)
(385.496 1711.65 0)
(78.4706 2822.69 0)
(161.271 692.579 0)
(-94.1543 2192.05 0)
(-1366.55 1894.18 0)
(-19.463 664.049 0)
(37.9799 447.647 0)
(-252.372 2600.78 0)
(34.7778 158.91 0)
(-184.548 2541.7 0)
(24.8646 2741.75 0)
(216.58 1066.02 0)
(-2088.25 1083.35 0)
(-67.4162 2776.14 0)
(1.57263 117.564 0)
(-81.2584 434.466 0)
(105.325 559.712 0)
(-67.5866 2764.41 0)
(967.99 3012.94 0)
(83.2596 330.413 0)
(-1166.1 2531 0)
(423.266 2471.95 0)
(53.0169 1463.94 0)
(865.996 2784.77 0)
(85.9104 619.414 0)
(477.967 2023.58 0)
(-255.811 1606.07 0)
(45.0476 2721.08 0)
(-76.3422 2760.65 0)
(19.0403 2753.15 0)
(-1931.37 1793.28 0)
(24.1104 252.502 0)
(174.682 750.262 0)
(387.897 2621.19 0)
(-31.8502 2846.22 0)
(48.0626 2596.42 0)
(-208.067 2635.09 0)
(33.6455 403.972 0)
(813.995 2799.04 0)
(864.561 319.428 0)
(66.4749 2894.06 0)
(-230.541 2484.49 0)
(917.942 3000.02 0)
(-55.0908 871.193 0)
(1901.16 1773.47 0)
(-117.304 2774.69 0)
(-56.8574 2799.92 0)
(-595.994 2338.64 0)
(117.865 2764.13 0)
(30.7938 390.087 0)
(53.4001 2736.04 0)
(158.049 2558.11 0)
(-306.951 2388.77 0)
(-27.5538 108.561 0)
(240.931 2699.56 0)
(83.8131 2436.61 0)
(47.7963 2722.73 0)
(-210.857 2760.9 0)
(22.8986 2797.37 0)
(-127.338 465.065 0)
(1499.86 2719.99 0)
(-191.914 2637.58 0)
(2177.9 1218.98 0)
(564.062 2744.09 0)
(316.408 2873.87 0)
(-122.85 2785.06 0)
(-69.4041 2828.01 0)
(64.9128 2804.02 0)
(-21.8145 572.264 0)
(-231.882 2726.13 0)
(-1229.89 2771.42 0)
(-303.864 2587.45 0)
(-172.29 2757.54 0)
(3.23221 1294.03 0)
(108.088 2670.47 0)
(1940.08 1727.03 0)
(135.081 2793.25 0)
(570.972 2745.33 0)
(-1215.14 2391.41 0)
(584.034 2670.99 0)
(20.9972 82.1888 0)
(157.552 541.825 0)
(-2013.6 1733.52 0)
(-485.334 2196.01 0)
(245.846 2881.36 0)
(309.911 1808.05 0)
(113.029 2763.7 0)
(105.78 2783.58 0)
(-15.771 693.442 0)
(174.509 2762.62 0)
(92.4976 2687.11 0)
(67.7373 668.274 0)
(362.228 2390.18 0)
(-97.0698 2824.28 0)
(-344.903 2527.18 0)
(-1695.6 2521.4 0)
(-437.231 2766.99 0)
(100.67 563.53 0)
(58.96 2816.27 0)
(-158.652 2901.49 0)
(242.773 2450.59 0)
(-205.02 2777.9 0)
(-44.449 2707.17 0)
(-1154.6 2466.8 0)
(-998.092 2749.47 0)
(1555.55 1680.7 0)
(-89.7515 439.495 0)
(577.162 2769.76 0)
(2185.24 1375.39 0)
(223.518 791.451 0)
(-605.118 2210.89 0)
(-11.5672 143.849 0)
(1.59828 385.82 0)
(1201.25 2449.69 0)
(-1946.47 1868.23 0)
(41.9123 338.263 0)
(-714.662 2030.41 0)
(-2008.43 1712.09 0)
(-151.53 2929.95 0)
(1678.27 1591.5 0)
(-872.235 1795.4 0)
(286.121 2862.17 0)
(-133.362 2792.64 0)
(-1484.41 2269.76 0)
(-537.511 2877.99 0)
(-153.392 901.087 0)
(-89.7241 2720.03 0)
(-815.201 2541.01 0)
(272.129 2848.24 0)
(1015.89 2707.52 0)
(-433.012 1764.84 0)
(-52.5864 2800.29 0)
(-96.7142 2802.67 0)
(-58.1012 2723.79 0)
(143.915 2768.29 0)
(-97.7134 2040.07 0)
(-839.018 2892.05 0)
(-2.84174 489.989 0)
(571.068 2334.51 0)
(321.021 2824.25 0)
(-434.873 2476.75 0)
(555.582 2266.86 0)
(147.355 2693.46 0)
(138.24 474.53 0)
(835.759 370.265 0)
(-592.344 2599.95 0)
(-66.5781 2569.5 0)
(809.545 1774.35 0)
(-20.5222 2717.29 0)
(-1730.55 2630.19 0)
(286.012 2861.11 0)
(1620.05 2227.26 0)
(-765.251 2234.3 0)
(-11.605 319.181 0)
(-39.6728 2773.73 0)
(621.053 2309.71 0)
(1573.83 2132.22 0)
(982.233 2721.86 0)
(-61.8016 477.979 0)
(-12.9962 92.8407 0)
(-883.494 2685.79 0)
(-2319.28 1176.13 0)
(213.693 2606.15 0)
(-546.382 2824.05 0)
(141.216 2533.14 0)
(24.2557 2748.52 0)
(-321.775 2352.78 0)
(-206.666 884.103 0)
(42.0196 399.485 0)
(-285.742 2818.82 0)
(70.6929 392.363 0)
(-545.263 2877.14 0)
(203.658 2584.03 0)
(26.9245 269.405 0)
(1811.77 1968.32 0)
(229.276 2593.51 0)
(-255.015 1615.07 0)
(-232.931 2823.05 0)
(140.261 2448.28 0)
(-126.645 2765.26 0)
(171.973 2538.21 0)
(-368.242 2854.05 0)
(-2383.42 1035.28 0)
(2204.3 1121.21 0)
(-109.776 2752.99 0)
(-142.405 2731.24 0)
(-51.2085 175.073 0)
(-9.27136 143.455 0)
(-101.174 2577.49 0)
(-206.308 2723.18 0)
(1853.3 1820.15 0)
(-303.548 1566.8 0)
(283.759 2159.1 0)
(41.861 2760.29 0)
(-312.46 2549.07 0)
(16.7823 1367.32 0)
(-2153.27 1280.99 0)
(45.6958 2751.44 0)
(219.935 902.048 0)
(166.951 780.042 0)
(-78.0929 2729.69 0)
(-9.36657 237.311 0)
(582.943 2766.53 0)
(336.621 1965.83 0)
(1343.67 2402.93 0)
(255.519 2584.61 0)
(258.8 1602.6 0)
(1709.97 2087.97 0)
(-237.039 2816.83 0)
(430.35 2882.01 0)
(-85.3926 2406.61 0)
(680.025 1861.35 0)
(-8.36258 216.052 0)
(-637.814 2767.82 0)
(291.181 2872.97 0)
(115.662 2692.32 0)
(-173.884 2785.06 0)
(218.331 2708.36 0)
(-324.907 2886.7 0)
(529.756 2026.76 0)
(111.998 444.672 0)
(38.1642 1144.22 0)
(222.48 836.648 0)
(-94.1014 441.695 0)
(-84.9836 2747.78 0)
(187.325 2314.51 0)
(1281.42 1626.03 0)
(253.97 2766.17 0)
(232.889 2516.27 0)
(-1118.95 1791.73 0)
(-1395.81 2195.68 0)
(174.85 2852.01 0)
(-54.9492 262.774 0)
(-43.2019 946.948 0)
(-1969.89 1554.61 0)
(260.28 2859.58 0)
(-1799.48 916.797 0)
(942.591 2558.4 0)
(-1290.59 1718.24 0)
(-822.099 1707.56 0)
(-156.381 2780.46 0)
(215.91 2810.37 0)
(234.246 2883.25 0)
(32.3886 2361.19 0)
(108.001 2803.45 0)
(2301.21 814.175 0)
(-1438.32 2144.24 0)
(-37.4824 2189.42 0)
(4.23802 1054.79 0)
(-1519.08 1738.91 0)
(-367.979 2208.89 0)
(56.9009 2706.84 0)
(-0.167289 118.019 0)
(315.228 2536.04 0)
(1385.66 1709.81 0)
(-130.308 2765.35 0)
(-131.575 2756.88 0)
(-216.735 2651.39 0)
(-176.904 666.997 0)
(-1998.39 1710.66 0)
(147.921 2854.86 0)
(23.9571 2937.55 0)
(-2000.65 1513.49 0)
(872.046 2839.86 0)
(245.644 2891.77 0)
(-613.508 1706.79 0)
(32.767 420.864 0)
(27.8372 790.432 0)
(-37.4676 2755.37 0)
(1933.88 1973.38 0)
(-41.4984 2773.94 0)
(-601.683 2745.21 0)
(39.7123 137.175 0)
(-9.25486 1336.7 0)
(1866.3 1524.3 0)
(-92.9182 2506.87 0)
(167.747 630.668 0)
(-2101.67 996.132 0)
(933.158 2851.68 0)
(96.9959 391.62 0)
(-249.737 2612.57 0)
(-2.52343 1260.62 0)
(446.376 2861.49 0)
(336.765 2296.18 0)
(96.2621 351.121 0)
(309.738 2818.73 0)
(-112.411 385.92 0)
(334.787 2388.57 0)
(-56.338 2777.04 0)
(-899.995 1779.03 0)
(-52.1609 2778.78 0)
(-1537.61 2896.39 0)
(-607.815 2710.63 0)
(64.3851 1901.1 0)
(1117.81 2634.24 0)
(29.4355 1168.16 0)
(-555.361 2741.04 0)
(-226.629 2701.66 0)
(-203.207 2807.7 0)
(-6.62908 159.63 0)
(23.9018 270.874 0)
(240.603 823.641 0)
(-970.138 415.694 0)
(-25.3905 502.098 0)
(-602.632 2645.65 0)
(443.849 2439.23 0)
(46.5113 442.684 0)
(-529.4 2857.46 0)
(-130.548 2798.4 0)
(-426.02 2865.08 0)
(-172.581 2771.91 0)
(674.569 941.098 0)
(-723.627 971.967 0)
(-312.886 2832.17 0)
(-77.0931 2079.92 0)
(572.281 2381.37 0)
(-255.811 2821.84 0)
(-552.492 1928.13 0)
(-13.7785 158.182 0)
(-191.591 2641.48 0)
(-227.021 2557.28 0)
(-2249.76 1269.56 0)
(-54.8887 2790.98 0)
(572.882 2819.62 0)
(229.065 2718.13 0)
(0.741095 137.644 0)
(-1209.7 2439.22 0)
(-257.089 2830.18 0)
(238.489 2583.04 0)
(205.628 2165 0)
(300.465 2805.88 0)
(362.879 2844.15 0)
(310.959 2560.87 0)
(-489.722 2282.63 0)
(67.7421 2746.35 0)
(776.41 364.956 0)
(1127.23 1928.75 0)
(-44.3412 3011.33 0)
(-913.828 2392.2 0)
(28.6276 149.32 0)
(37.7075 130.574 0)
(-150.659 2863.26 0)
(1342.57 1859.41 0)
(2025.29 1451.4 0)
(260.431 2433.06 0)
(354.316 2331.55 0)
(13.3192 2724.99 0)
(-120.954 2151.4 0)
(-13.6634 2721.37 0)
(-38.4388 2711.25 0)
(271.399 2915.71 0)
(288.341 2549.11 0)
(71.4398 2538.24 0)
(2252.98 1084.7 0)
(-180.277 618.378 0)
(-110.379 2805.43 0)
(-71.4823 497.586 0)
(223.257 1986.03 0)
(537.195 2391.14 0)
(2348.25 980.323 0)
(260.397 2688.09 0)
(707.653 2806.73 0)
(1185.66 2699.7 0)
(391.367 2913.72 0)
(65.7896 2860.75 0)
(-77.3667 368.42 0)
(-444.936 1811.11 0)
(62.1535 248.886 0)
(-23.6426 2448.74 0)
(487.952 1945.2 0)
(178.207 2830.17 0)
(-219.356 2649.41 0)
(373.433 1611.14 0)
(-205.449 864.952 0)
(-40.952 2826.46 0)
(102.598 882.849 0)
(18.8113 67.9481 0)
(-61.3438 2429.07 0)
(17.1702 2550.37 0)
(-21.7078 297.319 0)
(78.5907 2700.11 0)
(169.475 2596.04 0)
(70.6816 264.965 0)
(28.9078 153.991 0)
(-169.16 2693.1 0)
(60.7442 2924.5 0)
(1256.46 1680.18 0)
(40.9024 2825.31 0)
(29.7909 276.169 0)
(-576.9 2931.34 0)
(-1112.64 2235.22 0)
(-1781.73 2032.64 0)
(99.0869 2797.44 0)
(42.2171 469.674 0)
(32.4338 2792.34 0)
(-161.501 913.197 0)
(67.9325 2818.43 0)
(189.476 663.958 0)
(-24.5758 1330.24 0)
(-357.735 2820.25 0)
(-480.18 2088.5 0)
(807.771 1848.16 0)
(-1698.27 2858.55 0)
(26.505 278.421 0)
(1207.81 2669.78 0)
(4.19863 1162.32 0)
(12.0046 2743.24 0)
(-83.2503 2760.59 0)
(-200.833 1914.64 0)
(182.092 1889.22 0)
(51.8497 580.995 0)
(-113.182 2701.98 0)
(76.7795 2754.41 0)
(208.958 2725.09 0)
(-185.865 2601.92 0)
(2444.06 973.909 0)
(-258.159 2600.88 0)
(-52.9338 2799.17 0)
(-19.2296 91.6832 0)
(-4.91411 104.44 0)
(-66.8483 493.826 0)
(262.814 2803.85 0)
(633.458 2291.03 0)
(1805.56 1554.21 0)
(1787.87 1568.53 0)
(-702.458 1775.72 0)
(263.232 2116.6 0)
(825.512 1807.24 0)
(48.9036 2770.94 0)
(1815.92 1754.44 0)
(-716.162 2234.28 0)
(-608.652 2360.15 0)
(-108.486 666.995 0)
(-547.338 2842.7 0)
(-14.4093 2720.39 0)
(-324.254 2921.57 0)
(4.97556 173.409 0)
(-81.2242 2443.47 0)
(0.16806 424.291 0)
(-6.67994 2737.81 0)
(-406.344 2869.46 0)
(39.6869 2766.05 0)
(-1036.69 2398.69 0)
(66.896 2814.04 0)
(40.3466 2765.6 0)
(722.287 2800.86 0)
(28.6183 2422.99 0)
(1220.95 2187.94 0)
(-457.667 2790.98 0)
(1562.47 2124.65 0)
(864.244 2126.87 0)
(-493.774 2463.43 0)
(15.2341 150.186 0)
(896.218 2531.93 0)
(710.748 2831.68 0)
(353.3 2199.24 0)
(570.199 2495.69 0)
(-462.993 2305.49 0)
(111.611 384.552 0)
(10.718 1271.93 0)
(52.9421 290.825 0)
(207.435 2632.62 0)
(-606.935 2000.74 0)
(1015.71 2379.26 0)
(-43.2255 333.984 0)
(59.1498 2817.08 0)
(199.633 2806.63 0)
(-1114.03 2728.93 0)
(-10.2039 2344.4 0)
(-1638.69 1506.27 0)
(1613.62 2825.67 0)
(574.966 2772.5 0)
(82.195 2799.85 0)
(-121.555 413.663 0)
(1236.37 2289.05 0)
(-60.1762 2765.13 0)
(-33.7857 2803.37 0)
(583.5 2841.99 0)
(-488.825 2812.53 0)
(-225.741 2541.73 0)
(577.664 2746.45 0)
(63.749 2817.85 0)
(84.458 758.276 0)
(-1990.14 1666.09 0)
(82.7748 399.678 0)
(195.925 647.307 0)
(-75.0527 2705.15 0)
(864.783 1905.53 0)
(-134.896 2883.23 0)
(-148.732 2660.24 0)
(-29.5751 2724.05 0)
(-19.098 2898.05 0)
(76.9997 2813.55 0)
(-179.914 2669.37 0)
(199.346 2554.05 0)
(100.583 2729.7 0)
(133.355 2074.92 0)
(236.824 1665.55 0)
(-14.8391 668.807 0)
(-113.834 424.269 0)
(-198.299 2695.84 0)
(2.92856 2808.69 0)
(21.5317 404.496 0)
(-676.82 2345.55 0)
(-194.681 2765.49 0)
(223.473 2886.93 0)
(-22.8194 187.173 0)
(242.829 2862.11 0)
(26.665 2832.58 0)
(207.735 2686.27 0)
(-24.9087 2769.22 0)
(275.283 2671.11 0)
(567.623 1731.02 0)
(-1930.97 1492.88 0)
(-107.438 2674.28 0)
(-107.311 1640.06 0)
(386.598 2618.11 0)
(297.67 2852.26 0)
(317.305 2865.54 0)
(-401.138 2821.93 0)
(-141.321 2790.46 0)
(249.913 2740.81 0)
(-499.298 2797.19 0)
(148.804 2710.78 0)
(-927.707 1734.55 0)
(-1823.56 1151.78 0)
(26.7386 2734.78 0)
(1743.79 2655.32 0)
(-578.396 2917.09 0)
(-143.091 2673.46 0)
(213.524 917.415 0)
(-395.585 2362.89 0)
(-38.7534 2823.8 0)
(-124.879 668.808 0)
(-192.82 2822.5 0)
(291.371 2599.37 0)
(-1844.4 1901.72 0)
(-82.9748 2798.15 0)
(-255.798 2824.02 0)
(-2006.4 1429.07 0)
(326.698 2617.64 0)
(1176.9 2686.71 0)
(-557.911 2378.51 0)
(-1248.4 2408.08 0)
(23.9782 455.384 0)
(1205.46 2437.93 0)
(-202.396 2657.82 0)
(-41.3331 2748.33 0)
(229.991 2884.97 0)
(-146.259 2013.84 0)
(585.168 2845.86 0)
(-23.721 320.788 0)
(-686.994 2280.69 0)
(-102.644 566.744 0)
(-1853.46 1854.25 0)
(435.741 2441.85 0)
(-125.75 742.67 0)
(-17.673 1047.06 0)
(-11.6519 2846.86 0)
(1295.34 1719.03 0)
(576.806 1884.78 0)
(-278.777 2840.11 0)
(-118.438 2373.11 0)
(220.737 2758.61 0)
(261.099 1623.14 0)
(1360.64 2275.16 0)
(-92.4512 2812.07 0)
(-2040.16 1715.99 0)
(-87.2424 2662.08 0)
(378.124 2390.29 0)
(95.3621 2407.77 0)
(90.3017 2515.88 0)
(333.972 2920.89 0)
(22.3746 2794.85 0)
(-341.149 2563.3 0)
(-2066.9 1400.58 0)
(338.53 2841.96 0)
(1600.41 2240.68 0)
(-1636.31 2236.36 0)
(-95.2544 2834.02 0)
(-555.459 2921.04 0)
(1448.44 2093.78 0)
(-615.353 2180.58 0)
(52.7868 495.957 0)
(-731.065 237.48 0)
(-1228.69 2434.98 0)
(252.9 2604.45 0)
(1109.41 2810.55 0)
(13.6951 2930.32 0)
(356.01 2847.2 0)
(-33.0287 255.983 0)
(843.636 2673.42 0)
(18.4057 2729.47 0)
(2.62499 137.301 0)
(-87.5298 2523.65 0)
(-38.4179 2789.52 0)
(-372.573 2531.91 0)
(189.567 2800.26 0)
(1698.4 2180.87 0)
(10.667 254.864 0)
(-44.3408 181.362 0)
(92.5506 448.884 0)
(-573.095 2804.91 0)
(-267.621 2216.47 0)
(-1157.7 2460.88 0)
(-1510.2 1647.09 0)
(79.7331 2981.26 0)
(93.2597 2850.64 0)
(-74.6317 2582.98 0)
(55.3351 2818 0)
(509.818 2487.19 0)
(-116.976 2790.51 0)
(1711.07 1596.79 0)
(102.109 2682.51 0)
(267.462 2879.94 0)
(-1401.55 2796.98 0)
(755.249 1833.6 0)
(-383.902 2830.9 0)
(-325.052 1758.86 0)
(-341.641 2859.45 0)
(200.789 2719.81 0)
(-725.964 1889.77 0)
(-44.4035 884.263 0)
(917.388 2085.78 0)
(-328.773 2722.73 0)
(-43.3932 2787.3 0)
(174.808 2789.42 0)
(-656.509 2679.52 0)
(60.4507 1886.08 0)
(-72.0368 2790.15 0)
(2318.09 1102.7 0)
(135.209 2862.57 0)
(-391.817 2517.81 0)
(-57.0673 2723.08 0)
(172.729 2729.55 0)
(551.309 2716.26 0)
(-79.8721 2830.64 0)
(877.493 2765.78 0)
(-27.1341 2762.66 0)
(-58.1831 377.597 0)
(-2404.69 1014.16 0)
(301.633 2830.45 0)
(-258.77 1648.04 0)
(-335.938 110.914 0)
(20.787 527.078 0)
(-30.3164 2775.37 0)
(-415.595 2541 0)
(-362.373 2573.85 0)
(-78.4323 2787.01 0)
(83.6013 307.062 0)
(-798.156 1842.35 0)
(245.548 2781.14 0)
(-1825.54 2297.25 0)
(205.796 1687.42 0)
(-294.032 1673.01 0)
(352.312 2714.82 0)
(1253.15 2340.57 0)
(-26.3062 595.135 0)
(-60.2031 313.367 0)
(1664.94 2166.07 0)
(335.214 2790.79 0)
(21.9704 77.2956 0)
(-114.095 2770.91 0)
(-195.634 2716.12 0)
(970.742 1397.84 0)
(12.2566 1089.29 0)
(-230.804 2720.11 0)
(-340.666 2821.84 0)
(2055.19 1353.06 0)
(375.698 2907.98 0)
(3.63007 2737.91 0)
(-69.1243 2816.23 0)
(-38.0707 2897.56 0)
(265.536 1669.85 0)
(-1919.96 1325.2 0)
(-185.199 2439.48 0)
(387.738 2598.33 0)
(-56.7064 209.304 0)
(-163.217 586.073 0)
(1852.24 1786.36 0)
(-84.7573 2838.6 0)
(89.3479 549.094 0)
(-774.236 2354.41 0)
(1716.53 2140.43 0)
(77.694 2854.86 0)
(1116.81 1626.87 0)
(-1764.07 1976.3 0)
(-856.625 2891.54 0)
(-170.264 2434.26 0)
(-80.8293 2793.12 0)
(-100.79 539.11 0)
(259.29 2917.96 0)
(-1347.95 1745.22 0)
(84.8006 2799.15 0)
(98.514 2717.37 0)
(90.171 1405.28 0)
(-465.154 1930.08 0)
(713.488 2816.59 0)
(-60.5381 2787.66 0)
(-52.9371 2725.37 0)
(-8.42915 960.624 0)
(-132.767 2444.7 0)
(63.5713 240.664 0)
(771.821 2845.81 0)
(704.386 2597.55 0)
(-43.6087 2684.7 0)
(-33.7035 2821.84 0)
(-23.4332 2259.32 0)
(407.847 2926.61 0)
(-166.624 2800.85 0)
(-40.2324 2787.85 0)
(1605.87 2189.08 0)
(881.932 2488.71 0)
(-813.021 2609.43 0)
(-145.004 499.668 0)
(-92.3132 2691.18 0)
(-1551.93 1748.73 0)
(-168.107 784.619 0)
(-250.486 2628.28 0)
(-51.7019 2667.09 0)
(-239.336 1166.09 0)
(84.5436 2743.6 0)
(-211.199 1638.21 0)
(-3.388 1218.52 0)
(244.261 2724.54 0)
(117.254 468.834 0)
(-1121.63 1857.61 0)
(-108.559 2759.51 0)
(-33.846 352.315 0)
(-773.785 174.751 0)
(-645.199 1793.49 0)
(1067.01 2783.86 0)
(1.05611 494.393 0)
(207.147 2732.65 0)
(38.1293 142.943 0)
(-915.273 2351.32 0)
(17.1397 764.959 0)
(-1032.47 2795.8 0)
(753.371 2652.57 0)
(162.843 2710.67 0)
(921.522 1997.47 0)
(-103.73 374.562 0)
(367.956 2990.1 0)
(156.911 2744.48 0)
(-30.45 144.93 0)
(839.952 2840.92 0)
(431.412 2463.64 0)
(-846.178 2300.08 0)
(205.982 2614.3 0)
(-308.889 2543.6 0)
(-898.844 2636.64 0)
(185.202 2784.58 0)
(-117.529 2532.42 0)
(37.5655 1300.28 0)
(-58.6837 278.334 0)
(-151.382 1613.08 0)
(-339.39 2879.04 0)
(343.524 2231.96 0)
(1674.53 2125.68 0)
(69.5735 2705.2 0)
(-201.005 2643.7 0)
(-71.0769 1377.14 0)
(-81.2086 364.786 0)
(504.341 1921.05 0)
(436.71 2467.95 0)
(574.549 1962.86 0)
(-204.628 2830.96 0)
(225.269 2345.28 0)
(-52.7044 2783.76 0)
(-1235.99 2049.3 0)
(-820.587 2443.63 0)
(74.728 2784.68 0)
(-295.436 2832.75 0)
(-205.116 2828.89 0)
(-22.6084 2855.61 0)
(-2.63554 82.6973 0)
(259.855 2780.56 0)
(30.8053 152.499 0)
(-245.362 1595.06 0)
(38.757 2847.84 0)
(-607.512 2709.07 0)
(265.859 2618.61 0)
(187.435 2801.86 0)
(248.699 928.198 0)
(-254.273 2602.63 0)
(-927.501 2748.6 0)
(-2043.02 1511.53 0)
(-129.598 2781.12 0)
(-0.0596166 2850.2 0)
(-432.662 2949.78 0)
(40.5627 2746.85 0)
(682.28 1843.38 0)
(156.98 1012.58 0)
(707.644 2837.61 0)
(-844.669 2642.53 0)
(1123.26 2410.27 0)
(-782.265 2875.77 0)
(-1581.64 1629.69 0)
(-26.2415 452.012 0)
(2555.63 998.52 0)
(-1230.19 1750.99 0)
(721.344 2906.56 0)
(449.914 2626.95 0)
(-134.541 2744.91 0)
(-249.001 1534.3 0)
(-87.7142 2777.67 0)
(21.2749 2745.44 0)
(1398.11 2198.22 0)
(-39.1129 299.632 0)
(-34.5991 2722.71 0)
(-1931.56 1494.57 0)
(669.279 2256.43 0)
(798.41 2868.71 0)
(1126.99 1480.02 0)
(-84.1428 605.457 0)
(-111.809 2816.71 0)
(818.194 2809.61 0)
(-3.39846 2737.11 0)
(25.1036 2763.79 0)
(-1110.15 1457.67 0)
(166.708 2736.93 0)
(1247.11 2564.71 0)
(-159.204 2879.9 0)
(-371.783 2531.49 0)
(-150.027 2516.51 0)
(-177.681 2764.05 0)
(-764.044 1923.45 0)
(1076.99 2487.2 0)
(-406.073 2778.46 0)
(2.74162 77.925 0)
(217.113 1736.5 0)
(734.308 2113.67 0)
(-5.78228 2735.27 0)
(223.616 2784.3 0)
(828.707 2176.99 0)
(1979.21 880 0)
(-217.728 2648.13 0)
(7.46524 172.573 0)
(86.1042 2015.89 0)
(-94.8755 1390.87 0)
(5.27206 2586.47 0)
(-2470.82 1010.1 0)
(977.555 2722.76 0)
(785.783 2876.97 0)
(353.777 2309.37 0)
(-2391.36 1003.3 0)
(-1512.82 1591.47 0)
(144.757 2380.15 0)
(-993.722 2682.54 0)
(72.2576 271.473 0)
(-84.973 1594.83 0)
(-105.252 2771.85 0)
(167.432 2732.3 0)
(169.996 2710.35 0)
(-242.619 2641.62 0)
(-1525 1427.19 0)
(-507.645 1957.41 0)
(-89.7151 2761.45 0)
(-761.313 2288.46 0)
(1451.94 1650.43 0)
(-1185.37 1702.57 0)
(7.60731 411.697 0)
(587.509 2638.84 0)
(4.68745 2739.82 0)
(2143.79 1416.8 0)
(55.9629 288.269 0)
(-546.814 1740.31 0)
(30.7578 2750.05 0)
(-923.489 2359.38 0)
(-73.6631 366.69 0)
(394.085 2976.31 0)
(-157.935 1481.46 0)
(124.619 2784.49 0)
(686.28 2741.83 0)
(-31.9421 2719.26 0)
(788.069 2815.92 0)
(-612.213 1950.83 0)
(-446.538 2355.16 0)
(-849.676 2658.99 0)
(-70.4368 318.336 0)
(-382.729 2836.99 0)
(-718.287 2210.06 0)
(-79.563 2696.83 0)
(-772.087 344.525 0)
(126.155 2754.44 0)
(-335.208 112.864 0)
(735.473 2805.18 0)
(275.431 2782.98 0)
(43.1133 835.259 0)
(26.8999 152.909 0)
(-13.3954 983.748 0)
(-287.408 2882.53 0)
(-145.75 2785.93 0)
(20.0404 169.266 0)
(-20.7868 2853.62 0)
(7.57774 485.291 0)
(-2.00391 97.065 0)
(-18.6755 2759.5 0)
(-984.954 2324.87 0)
(323.054 2582.23 0)
(-222.51 2624.8 0)
(-132.675 2772.85 0)
(-174.096 2575.46 0)
(-80.2685 309.313 0)
(317.619 2831.81 0)
(1232.36 2773.79 0)
(547.604 2558.14 0)
(-38.7016 2711.85 0)
(30.4702 117.553 0)
(328.429 2819.19 0)
(37.9115 2821.68 0)
(1478.9 1973.15 0)
(91.7906 2805.95 0)
(-1507.84 977.027 0)
(-119.921 2758.87 0)
(213.694 2185.19 0)
(553.512 1879.26 0)
(57.5336 499.753 0)
(1489.74 972.954 0)
(219.007 1671.62 0)
(179.658 770.274 0)
(-75.9651 495.031 0)
(-210.302 2659.33 0)
(-199.028 2821.64 0)
(203.281 2290.85 0)
(87.426 2808.87 0)
(-511.681 2497.61 0)
(-588.315 1794.92 0)
(-1145.09 2498.47 0)
(213.283 885.321 0)
(-1446.09 1850.22 0)
(-655.103 1728.48 0)
(28.8591 2761.65 0)
(-263.648 2606.85 0)
(489.03 2620.47 0)
(9.94787 1195.28 0)
(3.20735 171.589 0)
(-960.63 2817.58 0)
(-72.5335 790.455 0)
(-106.205 2688.8 0)
(-111.485 727.239 0)
(885.06 2122.96 0)
(54.2694 224.939 0)
(57.4472 2670.74 0)
(1732.69 1845.8 0)
(-1445.28 1635.98 0)
(-22.7886 630 0)
(-234.793 2559.6 0)
(840.312 2786.75 0)
(-131.169 2579.97 0)
(-354.532 2828.19 0)
(-822.288 2651.14 0)
(49.5746 289.059 0)
(640.427 2375.96 0)
(40.4836 2264.71 0)
(1931.39 1754.13 0)
(-68.9789 1356.96 0)
(-194.816 2825.19 0)
(52.8711 2356.54 0)
(-68.2329 2789.56 0)
(-534.323 2794.72 0)
(-60.1797 2796.64 0)
(315.454 2774.89 0)
(-1496.24 1610.26 0)
(-876.946 2095.38 0)
(-679.333 2323.85 0)
(-400.808 2450.3 0)
(98.8329 2791.15 0)
(370.633 2240.42 0)
(26.0118 316.562 0)
(-310.061 2881.38 0)
(-297.535 2486.12 0)
(1153.06 2787.85 0)
(-593.288 2361 0)
(1138.26 2370.35 0)
(-237.261 2242.06 0)
(957.508 2464.87 0)
(-17.1217 95.7005 0)
(-364.222 2824.26 0)
(-23.9724 2763.49 0)
(-43.4549 2837.61 0)
(-386.82 2487.89 0)
(-1806.05 1741.83 0)
(-1352.4 560.259 0)
(-80.4761 275.514 0)
(-300.796 2360.78 0)
(1226.41 2035.25 0)
(306.808 2362.47 0)
(-1.57437 127.254 0)
(180.04 2724.07 0)
(-798.545 2278.1 0)
(-210.68 2683.03 0)
(-2367.02 1061.72 0)
(-0.630915 135.932 0)
(24.9921 2819 0)
(-1990.43 1461.02 0)
(937.217 2065.42 0)
(-1530.17 2126.63 0)
(-331.169 2874.4 0)
(-913.878 2833.07 0)
(82.0211 2833 0)
(-594.137 2358.09 0)
(1122.66 2146.35 0)
(-36.3642 1328.75 0)
(-0.17624 2857.65 0)
(-45.5821 1416.34 0)
(-372.18 2853.58 0)
(273.366 2858.16 0)
(177.785 634.046 0)
(178.225 2806.17 0)
(936.591 2237.73 0)
(-143.306 2807.74 0)
(-155.291 2736.83 0)
(-406.01 2311.85 0)
(-398.472 2140.17 0)
(-870.151 2534.3 0)
(-786.39 2729.09 0)
(252.579 2947.99 0)
(-1180.06 1825.56 0)
(875.984 2825.46 0)
(-761.994 2849.27 0)
(-963.425 3035.36 0)
(-142.938 491.639 0)
(-554.291 2931.5 0)
(-520.135 2305.03 0)
(67.5357 2781.07 0)
(-88.6092 2759.16 0)
(-31.5017 876.85 0)
(247.404 2695.92 0)
(1005.46 2670.43 0)
(258.903 2573.65 0)
(246.286 2528.59 0)
(-50.6736 222.299 0)
(-2092.78 1279.99 0)
(-895.095 2942.41 0)
(-73.8101 2854.14 0)
(-51.2277 2760.81 0)
(190.744 2776.87 0)
(-2190.66 1400.81 0)
(-2080.27 1582.96 0)
(318.337 2806.24 0)
(178.377 2759.04 0)
(-7.59144 2721.43 0)
(170.261 2770.63 0)
(263.761 2806.93 0)
(-2007.47 1727.05 0)
(383.347 2207.89 0)
(11.8232 132.672 0)
(-498.132 2822.05 0)
(-104.138 2717.92 0)
(-205.729 2791.58 0)
(169.102 717.518 0)
(-219.706 2831.11 0)
(109.127 2742.16 0)
(320.133 2530.34 0)
(-1738.88 1634.82 0)
(-1511.77 1722.56 0)
(-623.103 2588.53 0)
(460.056 2769.09 0)
(-211.522 2929.87 0)
(-61.1332 2521.16 0)
(-482.629 1784.91 0)
(-467.703 2812.46 0)
(33.0606 2699.81 0)
(601.942 2803.4 0)
(754.105 2795.64 0)
(-77.9628 2758.43 0)
(1564.67 1749.61 0)
(-1131.84 1234.82 0)
(-197.522 2417.83 0)
(-15.0375 2784.27 0)
(759.404 2521.3 0)
(-68.4127 2777.59 0)
(-275.97 2605.05 0)
(-1147.38 1972.8 0)
(-637.665 2951.95 0)
(2173.7 1282.84 0)
(290.534 1691.4 0)
(211.999 2789.23 0)
(-2.35371 2775.91 0)
(-156.751 2890.66 0)
(138.521 2769.38 0)
(119.924 1732.91 0)
(-725.044 2041.66 0)
(-255.126 2823.73 0)
(-59.3407 202.927 0)
(163.618 686.941 0)
(-1246.36 2756.83 0)
(162.645 1337.18 0)
(66.0395 2819.52 0)
(-79.9307 417.823 0)
(13.4139 1227.18 0)
(630.838 2491.89 0)
(35.5681 146.704 0)
(-2255.92 1278.34 0)
(45.5808 2755.87 0)
(169.558 1232.47 0)
(-148.587 527.15 0)
(-45.736 2764.46 0)
(-129.505 2761.91 0)
(-567.986 2658.99 0)
(-1429.12 1592.69 0)
(528.787 2737.06 0)
(-1179.24 2301.11 0)
(-117.173 2649.05 0)
(135.006 608.494 0)
(-89.5184 329.669 0)
(-1655.06 2837.66 0)
(185.874 2760.24 0)
(-1790.35 1450.35 0)
(766.89 2818.58 0)
(329.341 2811.76 0)
(-1439.35 2668.89 0)
(-241.017 2823 0)
(-624.1 2774.53 0)
(-636.72 2788.33 0)
(-741.239 2483.17 0)
(-653.61 2274.42 0)
(1230.26 2215.41 0)
(-3.99126 83.0062 0)
(645.541 2848.56 0)
(-8.94648 2852.47 0)
(0.216954 536.878 0)
(4.19239 153.189 0)
(175.412 620.574 0)
(-706.848 2769.32 0)
(639.595 2271.99 0)
(-164.191 2452.71 0)
(-108.351 2785.04 0)
(-1170.49 2065.7 0)
(250.227 2859.01 0)
(36.5635 142.601 0)
(-114.139 678.108 0)
(290.712 2562.36 0)
(-85.8483 2811.21 0)
(294.185 2640.82 0)
(-12.9477 2740.64 0)
(-18.237 353.851 0)
(22.2872 476.715 0)
(-55.9403 2484.31 0)
(52.0762 2751.2 0)
(-753.37 1731.55 0)
(-649.428 2191.44 0)
(346.012 1609.1 0)
(160.36 2903.6 0)
(-167.075 2720.59 0)
(-66.5942 2702.39 0)
(181.022 2655.19 0)
(-525.581 2213.06 0)
(79.7572 408.346 0)
(-116.474 2817.25 0)
(-2251.89 1078.14 0)
(-1812.39 1498.27 0)
(78.1207 1984.56 0)
(-598.825 2643.63 0)
(-84.1061 2797.68 0)
(-989.276 2793.46 0)
(-465.584 2288.59 0)
(920.248 2273.66 0)
(-990.55 1902.11 0)
(31.3494 479.311 0)
(515.012 2712.85 0)
(-41.5607 2752.5 0)
(15.4569 145.691 0)
(216.028 2549.32 0)
(-1073.69 411.306 0)
(-69.4507 2766.58 0)
(128.013 1732.56 0)
(-57.0028 195.91 0)
(-42.8886 319.723 0)
(-622.859 2690.43 0)
(-1995.31 1574.63 0)
(373.911 2771.07 0)
(847.618 2616.55 0)
(163.027 2837.85 0)
(-655.23 2889.68 0)
(-1348.55 2230.69 0)
(384.553 2624.36 0)
(62.3443 2850.17 0)
(40.5367 1358.75 0)
(35.3188 2911.92 0)
(-1349.77 2296.86 0)
(51.3999 345.839 0)
(2194 1565.09 0)
(49.8823 2767.29 0)
(44.7047 2750.14 0)
(608.434 2560.87 0)
(-130.105 2497.13 0)
(-1328.26 2299.45 0)
(2201.49 1049.14 0)
(199.18 2788.49 0)
(-209.03 2753.93 0)
(381.693 2615.07 0)
(352.133 2682.66 0)
(547.965 2511.62 0)
(-136.012 2761.07 0)
(-483.887 2459.88 0)
(1843.88 915.756 0)
(-158.854 2811.53 0)
(186.419 635.728 0)
(1170.52 2216.72 0)
(-26.988 526.626 0)
(-2236.41 1276.36 0)
(-19.4569 624.884 0)
(-596.864 1728.17 0)
(97.4326 795.624 0)
(-35.1838 2854.74 0)
(116.745 2790.65 0)
(-78.5551 600.932 0)
(-13.5588 214.241 0)
(1548.59 1936.52 0)
(-489.283 2620.38 0)
(-1851.73 504.952 0)
(1540.79 645.979 0)
(101.087 2807.07 0)
(-77.4444 2770.68 0)
(-1008 2749.6 0)
(576.687 2678.44 0)
(-78.8201 695.366 0)
(-206.732 731.886 0)
(1162.19 2134.33 0)
(240.018 2695.88 0)
(-207.91 2648.23 0)
(1660.12 2726.94 0)
(382.639 2800.72 0)
(2319.32 1209.51 0)
(397.782 2802.16 0)
(388.732 2775.45 0)
(2230.34 1043.56 0)
(139.054 2708.92 0)
(-170.799 2769.62 0)
(163.004 2795.12 0)
(-792.939 2377.58 0)
(-329.111 1610.51 0)
(1855.95 1931.01 0)
(-125.646 2797.64 0)
(-301.585 1694.51 0)
(-199.378 2454.96 0)
(228.037 2620.46 0)
(-2067.1 1394.28 0)
(-1755.54 2484.85 0)
(-19.864 2772.35 0)
(257.806 2762.22 0)
(1621.7 1671.42 0)
(-302.951 2745.42 0)
(0.171006 129.72 0)
(245.201 2468.91 0)
(-197.472 859.818 0)
(623.645 2752.64 0)
(-1287.38 642.872 0)
(-54.4933 197.145 0)
(-1263.93 1594.61 0)
(-193.368 2639.36 0)
(322.273 2616.12 0)
(-348.984 2800.92 0)
(-1000.78 2584.01 0)
(-32.4947 2616.46 0)
(-143.202 490.413 0)
(-26.9515 2738.46 0)
(-290.549 2588.74 0)
(-821.744 2254.43 0)
(692.519 2825.41 0)
(1231.91 2405.74 0)
(375.948 2490.99 0)
(129.764 464.963 0)
(-787.058 2297.88 0)
(1811.31 1964.55 0)
(1097.76 1699.94 0)
(914.185 2661.83 0)
(-977.729 2772.21 0)
(95.0616 717.743 0)
(-2258.91 1061.89 0)
(38.0912 149.502 0)
(-858.974 1721.21 0)
(-109.928 2789.15 0)
(152.539 2755.28 0)
(-59.2209 2802.48 0)
(-64.8947 257.821 0)
(1928.92 1400.89 0)
(287.772 1680.37 0)
(1296.89 2648.62 0)
(-69.1908 2792.44 0)
(1107 2712.25 0)
(-137.778 2752.1 0)
(-293.643 1612.87 0)
(121.122 512.565 0)
(584.999 2759.42 0)
(-50.8819 2806.66 0)
(-25.1581 2736.57 0)
(23.6582 276.262 0)
(-928.146 1859.18 0)
(270.202 2670.83 0)
(-151.634 521.247 0)
(-122.075 2738.05 0)
(-392.731 2363.12 0)
(-931.901 1724.99 0)
(-1676.52 828.266 0)
(-598.915 2522.92 0)
(-276.815 2599.1 0)
(-62.0974 278.908 0)
(-17.9499 100.483 0)
(-206.478 2827.53 0)
(166.629 2906.63 0)
(38.021 2818.41 0)
(1449.29 2773.79 0)
(353.931 2803.2 0)
(-559.512 2203.06 0)
(-20.6851 301.518 0)
(-2376.78 1068.75 0)
(2.75998 2808.93 0)
(28.387 223.543 0)
(225.036 2694.39 0)
(-811.422 1826.71 0)
(788.269 2832.19 0)
(-111.973 2570.62 0)
(-50.9794 1442.78 0)
(-2020.98 1742.76 0)
(329.589 2640.95 0)
(-129.536 2674.13 0)
(22.5646 2467.56 0)
(-56.9214 2746.1 0)
(-108.074 2683.76 0)
(1643.59 1593.84 0)
(4.01101 2857.73 0)
(182.029 2637.35 0)
(-1012.95 2476.98 0)
(228.773 821.677 0)
(14.3151 2732.69 0)
(-15.2666 542.651 0)
(-120.242 682.627 0)
(-252.72 2537.38 0)
(1740.02 2689.48 0)
(11.4315 79.9365 0)
(37.836 154.654 0)
(40.867 2773.97 0)
(48.7948 2556.03 0)
(80.7659 384.036 0)
(231.32 2769.16 0)
(109.5 385.683 0)
(1295.92 1681.06 0)
(26.8657 150.537 0)
(-17.8118 316.066 0)
(-126.027 2774.99 0)
(-117.976 2814.03 0)
(994.517 2802.69 0)
(215.617 2883.44 0)
(-1873.97 503.373 0)
(1571.88 669.188 0)
(-661.904 2884.74 0)
(-120.225 2778.92 0)
(327.904 2520.86 0)
(-26.2384 2732.66 0)
(76.0484 301.035 0)
(-92.022 365.537 0)
(877.637 2901.46 0)
(258.066 2744.81 0)
(-338.155 2821.62 0)
(24.8863 2722.48 0)
(350.34 2932.92 0)
(-75.879 2828.04 0)
(198.147 2794.2 0)
(1124.5 2800.58 0)
(-826.292 1757.57 0)
(34.3544 1710.89 0)
(-283.541 2811.24 0)
(117.596 718.956 0)
(326.342 2455.86 0)
(-1118.59 2508.39 0)
(-75.5407 2814.69 0)
(42.7878 1329.82 0)
(1133.5 1898.02 0)
(101.309 2560.1 0)
(-1624.16 2811.01 0)
(11.4071 2876.85 0)
(-294.484 2902.13 0)
(-1511.24 2837.87 0)
(318.228 2617.48 0)
(-130.411 2867.61 0)
(-207.695 2671.45 0)
(10.7682 141.991 0)
(-1509.42 1651.98 0)
(-1658.81 1659.16 0)
(210.9 2713.03 0)
(-1.66394 2533.18 0)
(78.606 2658.27 0)
(-7.52645 103.359 0)
(379.438 2930.62 0)
(-193.225 2822.25 0)
(-369.052 150.324 0)
(-42.6369 2814.91 0)
(105.767 1612.69 0)
(-14.9041 2133.37 0)
(-1022.95 436.078 0)
(34.0262 2358.35 0)
(-1321.75 2048.81 0)
(-74.8103 2724.87 0)
(78.923 2793.54 0)
(2.12289 1233.81 0)
(223.671 791.143 0)
(-1329 2773.83 0)
(1526.21 2452.3 0)
(-7.36429 638.634 0)
(6.02396 110.939 0)
(14.6128 152.899 0)
(24.5739 609.196 0)
(-4.19121 1301.93 0)
(-26.9674 2628.46 0)
(44.4352 346.188 0)
(-650.44 2738.18 0)
(-1473.1 871.538 0)
(-1309.71 2140.93 0)
(-1577.1 793.839 0)
(1047.89 2781.67 0)
(-91.8866 424.601 0)
(-30.4995 147.211 0)
(963.711 319.717 0)
(856.371 2630.39 0)
(33.4332 2299.53 0)
(-791.717 2188.23 0)
(-61.3497 1348.61 0)
(94.8172 2798.66 0)
(1873.73 1952.83 0)
(833.508 3045.93 0)
(813.865 2592.23 0)
(28.208 1392.74 0)
(-29.5451 318.852 0)
(-84.7008 2803.78 0)
(1079.86 2802.18 0)
(-48.2953 2812.64 0)
(621.598 2090.93 0)
(161.557 2795.23 0)
(93.052 2817.35 0)
(853.369 2665.1 0)
(-458.862 2770.49 0)
(-37.6496 2723.27 0)
(249.5 2679.65 0)
(-52.8628 483.513 0)
(-706.975 1735.67 0)
(-80.9143 2807.58 0)
(-33.1959 2656.37 0)
(-16.0239 296.749 0)
(19.2855 288.696 0)
(102.423 539.297 0)
(1294.07 1692.9 0)
(-15.0582 830.236 0)
(-35.1519 2736.14 0)
(-396.093 2795.72 0)
(-136.925 677.263 0)
(6.81389 843.456 0)
(-12.7102 165.537 0)
(-743.707 2812.93 0)
(-304.898 2822.38 0)
(11.7685 2737.03 0)
(-852.73 1767.41 0)
(58.03 2522.79 0)
(932.105 2522.01 0)
(-659.89 2294.62 0)
(-143.607 2668.06 0)
(-120.372 462.522 0)
(-2255.98 1196.11 0)
(2137.48 945.05 0)
(104.743 2733.23 0)
(-667.328 2637.44 0)
(-4.06584 2858.76 0)
(-234.806 902.899 0)
(-113.865 2743.5 0)
(30.7053 2770.55 0)
(-17.3221 2714.35 0)
(-24.9875 252.319 0)
(29.832 855.509 0)
(-389.481 2488 0)
(73.7205 277.637 0)
(1856.03 2075.65 0)
(-1205.95 2737.81 0)
(525.62 2800.94 0)
(1001.05 2716.49 0)
(57.0295 232.025 0)
(1399.4 2693.54 0)
(435.466 2446.73 0)
(-748.316 1727.33 0)
(-1694.21 1838.91 0)
(-420.819 2840.51 0)
(-13.3145 95.691 0)
(-1369.9 2982.89 0)
(224.995 2723.99 0)
(-1186.07 2745.63 0)
(-26.8269 2707.53 0)
(-120.46 2595.28 0)
(-12.1322 117.803 0)
(164.141 1220.75 0)
(-91.0664 451.062 0)
(25.4434 601.527 0)
(-259.671 2603.17 0)
(-27.5545 1463.92 0)
(-1792.94 2349.49 0)
(206.237 2557.28 0)
(-222.196 2634.28 0)
(-71.0753 485.296 0)
(-1866.06 1463.06 0)
(0.0175534 127.544 0)
(590.732 2853.6 0)
(39.6866 618.598 0)
(-485.971 2981.74 0)
(-78.3071 2562.73 0)
(23.118 2758.84 0)
(1404.65 2361.73 0)
(1301.74 441.705 0)
(705.861 2711.87 0)
(92.5534 2752.75 0)
(-1763.5 2001.34 0)
(440.919 2440.72 0)
(-31.062 2814.49 0)
(112.056 2806.34 0)
(-231.847 2637.17 0)
(2225.68 1148.06 0)
(169.96 783.24 0)
(20.1796 71.6131 0)
(-814.037 2419.05 0)
(-9.10583 2808.44 0)
(982.648 2668.27 0)
(1894.44 1795.54 0)
(-55.3265 2758.83 0)
(21.6354 1346.24 0)
(81.6013 2578.87 0)
(8.23812 1189.62 0)
(62.8464 2712.95 0)
(-727.768 2803.44 0)
(1840.57 1123.61 0)
(-75.3704 2748.51 0)
(-54.1976 2734.27 0)
(190.771 2518.72 0)
(85.7397 2563.5 0)
(-1.68445 2852.31 0)
(-314.922 2793.57 0)
(213.694 2705.22 0)
(-300.007 1949.71 0)
(-719.157 1881.29 0)
(-546.232 1722.16 0)
(-1026.08 2793.55 0)
(-324.302 2980.87 0)
(-497.075 2443.02 0)
(2198.32 1354.75 0)
(-59.4875 268.073 0)
(-52.754 2816.47 0)
(513.863 2913.16 0)
(-701.202 2819 0)
(-9.80577 2727.52 0)
(-144.417 2767.94 0)
(-974.154 2116.92 0)
(328.755 2821.51 0)
(-19.4667 320.277 0)
(165.625 2162.84 0)
(310.84 2534.65 0)
(965.987 2720.12 0)
(205.008 2696.63 0)
(309.277 2127.31 0)
(-70.2769 2705.08 0)
(-1011.82 2474.25 0)
(-2443.78 996.31 0)
(-1346 1182.02 0)
(273.972 2783.32 0)
(-83.3458 2097.86 0)
(-1844.39 2082.42 0)
(-235.707 2823.21 0)
(-64.2888 237.271 0)
(220.125 2718.4 0)
(-494.715 2414.53 0)
(231.67 1891.49 0)
(-86.0915 442.727 0)
(3.35296 129.842 0)
(393.475 2849.38 0)
(385.924 2497 0)
(-11.1273 2723.3 0)
(528.171 2555.7 0)
(-72.0292 2703.03 0)
(41.3722 2311.67 0)
(44.9614 2714.93 0)
(39.3381 2603.91 0)
(1274.43 2737.57 0)
(283.925 2561.13 0)
(-29.4997 619.627 0)
(-1106.35 2493.61 0)
(-80.5892 324.898 0)
(-252.458 2822.43 0)
(1607.01 1604.79 0)
(75.6978 2815.61 0)
(-19.5917 358.457 0)
(459.674 1653.8 0)
(-4.93336 2732.86 0)
(130.413 2765.64 0)
(-685.044 2664.33 0)
(44.9046 215.961 0)
(-100.344 2777.3 0)
(-38.8461 2754.96 0)
(142.308 1135.19 0)
(175.511 2758.37 0)
(1020.53 2718.63 0)
(1403.23 2337.48 0)
(59.6693 2821.25 0)
(-1214.81 2730.62 0)
(1714.91 2620.72 0)
(-120.055 2785.68 0)
(-127.084 2760.01 0)
(-647.014 1719.82 0)
(44.3575 2840.58 0)
(1.21813 1233.82 0)
(-766.467 2579.82 0)
(-420.5 2800.32 0)
(2144.37 1735.46 0)
(73.09 2849.99 0)
(-25.6866 225.106 0)
(-23.6755 358.87 0)
(-24.2666 607.797 0)
(702.87 2159.06 0)
(136.703 1975.57 0)
(44.7011 181.61 0)
(-1970.65 1959.48 0)
(1413.32 1699.15 0)
(-295.262 2826.36 0)
(53.7327 2517.37 0)
(27.4786 475.404 0)
(114.321 2470.34 0)
(-72.794 2738.83 0)
(44.226 1552.99 0)
(723.851 2772.75 0)
(14.8295 221.312 0)
(35.9921 3016.06 0)
(-270.776 2629.43 0)
(-91.3064 525.308 0)
(-242.75 2627.05 0)
(76.3627 278.98 0)
(40.4513 2758.13 0)
(-359.557 2328.55 0)
(-113.234 2799.09 0)
(506.276 2588.76 0)
(162.174 2777.19 0)
(571.146 2347.68 0)
(286.256 2646.31 0)
(-41.0545 385.098 0)
(-208.411 806.223 0)
(122.81 2710.39 0)
(10.698 2741.23 0)
(-35.7493 2607.64 0)
(1421.55 2311.11 0)
(-91.7233 1691.28 0)
(-286.584 2587.26 0)
(-275.49 2636.62 0)
(258.185 2578.59 0)
(33.7513 741.201 0)
(104.754 2029.33 0)
(403.019 2515.58 0)
(-59.9617 2647.1 0)
(1930.77 2110.65 0)
(-30.2927 268.469 0)
(106.251 2758.15 0)
(514.109 183.199 0)
(282.751 2799.4 0)
(-1000.94 2801.58 0)
(-50.1543 351.95 0)
(-712.371 306.009 0)
(-511.541 2412.5 0)
(311.924 2657.55 0)
(1565.11 1950.71 0)
(58.1608 2762.4 0)
(645.401 2775.38 0)
(701.726 1849.24 0)
(141.424 2805.37 0)
(-1337.83 2244.28 0)
(-1634.59 2681.01 0)
(512.608 2795.93 0)
(326.937 2713.45 0)
(24.8942 2769.4 0)
(-1015.14 2709.81 0)
(-138.205 896.296 0)
(366.989 2420.7 0)
(-64.0725 2786.76 0)
(-1648.63 2607.51 0)
(-18.6433 1952.52 0)
(-14.1617 179.64 0)
(264.449 2329.91 0)
(484.096 2976.29 0)
(-322.985 1757.72 0)
(-1337.51 2718.89 0)
(195.932 2659.29 0)
(-22.0167 2721.28 0)
(769.052 2803.87 0)
(-90.1597 2725.85 0)
(-1123.48 2728.85 0)
(39.8496 1330.47 0)
(862.928 2505.47 0)
(1646.88 2188.28 0)
(-117.351 571.03 0)
(135.044 489.58 0)
(-23.1864 2777.23 0)
(-287.924 2322.45 0)
(-207.962 2839.81 0)
(-29.8408 554.243 0)
(997.778 2776.07 0)
(157.053 2766.2 0)
(194.037 2791.91 0)
(-1449.85 2268.23 0)
(661.116 2143.5 0)
(-151.91 2865.56 0)
(549.884 2742.54 0)
(551.137 2491.52 0)
(-146.276 674.54 0)
(637.585 2835.96 0)
(-190.891 2668.58 0)
(1346 1910.48 0)
(277.361 2688.44 0)
(2375.79 901.701 0)
(-138.724 879.13 0)
(-86.7096 757.325 0)
(-411.903 2467.96 0)
(-4.39506 2844.88 0)
(68.7156 2777.36 0)
(48.415 2710.12 0)
(1670.88 2183.24 0)
(1687.26 2438.55 0)
(-1444.5 2923.61 0)
(92.1797 336.368 0)
(-34.4842 139.531 0)
(-68.008 2791.92 0)
(-75.603 2691.96 0)
(740.308 1724.97 0)
(1603.4 1629.04 0)
(-2.41826 1263.72 0)
(-2266.5 1326.34 0)
(-35.9391 137.788 0)
(569.387 2708.82 0)
(-8.76388 165.032 0)
(84.8586 610.988 0)
(576.659 2668.66 0)
(-199.769 2258.9 0)
(25.2227 96.504 0)
(-53.0543 2783.59 0)
(27.5751 2756.16 0)
(23.1622 2808.18 0)
(-74.585 2777.31 0)
(39.213 213.286 0)
(-641.78 2778.51 0)
(34.2623 2742.99 0)
(-113.225 409.472 0)
(23.3499 2830.49 0)
(28.2601 1487.38 0)
(-109.076 1162.37 0)
(-333.963 2974.58 0)
(56.1087 585.208 0)
(-181.339 2731.74 0)
(8.59533 1224.34 0)
(-155.205 666.039 0)
(272.592 940.131 0)
(575.542 2747.87 0)
(-33.0233 597.062 0)
(688.162 2842.92 0)
(109.368 2702.08 0)
(541.163 2810.87 0)
(-1678.3 2053.58 0)
(-1292.1 2117.37 0)
(638.246 2821.53 0)
(240.638 2691.1 0)
(320.188 1740.09 0)
(-819.609 2131.35 0)
(2028.38 1544.79 0)
(1637.94 2634.08 0)
(18.9612 551.519 0)
(157.752 570.292 0)
(-111.737 2686.52 0)
(-1209.09 1618.47 0)
(30.7265 182.723 0)
(1336.88 2748.89 0)
(-294.482 2621.96 0)
(193.209 2269.37 0)
(49.2146 2285.6 0)
(-166.215 2726.99 0)
(-1282.14 1635.41 0)
(-576.993 2932.05 0)
(-272.07 940.08 0)
(34.6044 613.21 0)
(99.0384 2797.84 0)
(-29.037 118.828 0)
(420.692 2619.68 0)
(84.0325 2561.22 0)
(-203.699 2655.97 0)
(54.6376 342.57 0)
(-1090.62 1413.86 0)
(-264.007 988.654 0)
(189.253 2335.47 0)
(176.57 2778.13 0)
(-730.888 2073.29 0)
(18.2314 71.7853 0)
(-143.085 2667.58 0)
(-147.941 2662.38 0)
(-884.923 2145.54 0)
(-125.255 2776.44 0)
(835.673 2016.15 0)
(62.8337 2853.29 0)
(401.937 2537.48 0)
(-612.877 2804.34 0)
(1454.93 2836.36 0)
(628.675 2157.84 0)
(1503.96 2771.63 0)
(9.42584 272.159 0)
(-2263.55 1273.76 0)
(-115.566 2767 0)
(90.3429 337.428 0)
(-189.782 2851.49 0)
(-952.253 2486.37 0)
(2167.19 1363.78 0)
(3.57198 549.653 0)
(38.1265 2839.03 0)
(-1801.34 1552.57 0)
(-2032.14 1747.48 0)
(-1981.26 1538.66 0)
(-24.4189 126.28 0)
(-49.3952 772.393 0)
(195.135 2912.82 0)
(-18.8745 76.5205 0)
(109.63 2517.48 0)
(-348.906 2554.23 0)
(102.049 2808.52 0)
(-811.8 2288.3 0)
(310.149 2852.51 0)
(-274.371 2881.66 0)
(-2009.61 1029.28 0)
(-92.7794 2776.65 0)
(25.9481 2886.32 0)
(1123.81 2142.47 0)
(1470.12 1755.93 0)
(93.7016 538.861 0)
(-309.616 2494.78 0)
(1068.09 1821.14 0)
(132.556 2761.28 0)
(52.309 282.766 0)
(245.076 2713.83 0)
(303.833 2581.36 0)
(770.972 2866.55 0)
(283.268 2556.03 0)
(1001.06 2710.81 0)
(866.517 2537.39 0)
(-184.807 2618.89 0)
(-33.7766 263.081 0)
(-125.104 2674.27 0)
(-101.934 2685.93 0)
(-287.651 2583.41 0)
(-78.6306 593.297 0)
(2179.34 1380.59 0)
(83.6665 2739.79 0)
(123.06 2682.61 0)
(30.2326 2944.11 0)
(1704.77 1589.92 0)
(-142.763 2678.62 0)
(-615.405 2910.77 0)
(152.763 1943.86 0)
(-11.4208 285.205 0)
(1136.64 2438.16 0)
(-105.986 1411.41 0)
(-111.239 2684.68 0)
(64.5289 2932.84 0)
(-145.919 2781.15 0)
(139.39 2373.94 0)
(29.0295 2822.46 0)
(455.755 2814.75 0)
(-222.739 2866.29 0)
(10.1023 2302.18 0)
(339.083 2736.11 0)
(18.7095 194.069 0)
(1218.16 2700.68 0)
(-989.987 2308.52 0)
(197.72 2741.6 0)
(-16.934 2517.03 0)
(13.8586 2748.82 0)
(-224.081 2633.51 0)
(273.19 2638.27 0)
(-458.754 2770.84 0)
(56.7487 213.483 0)
(82.4256 317.267 0)
(-326.3 1586.34 0)
(236.811 2877.56 0)
(-117.974 3011.74 0)
(-837.374 1895.9 0)
(464.791 2832.36 0)
(446.356 2412.85 0)
(1367.32 2512.76 0)
(-23.1559 723.255 0)
(72.8271 2746.65 0)
(1143.89 2201.3 0)
(-15.7211 151.81 0)
(-1081.96 2685.36 0)
(148.691 2982.19 0)
(345.328 2824.26 0)
(-350.106 2882.15 0)
(-876.104 2272.76 0)
(2395.17 1041.13 0)
(-181.493 2834.22 0)
(328.815 2808.93 0)
(1030.22 2675.17 0)
(1099.16 1603.59 0)
(-456.798 2843.71 0)
(2200.77 1238.76 0)
(-293.974 2582.92 0)
(-427.552 2892.22 0)
(286.636 2097.64 0)
(34.235 185.437 0)
(-67.0006 2714.97 0)
(-66.236 1232.25 0)
(4.51615 134.306 0)
(-1253.67 2268.59 0)
(88.3194 2734.63 0)
(-59.9425 2705.48 0)
(401.746 2688.61 0)
(-600.156 2750.1 0)
(-167.564 2723.18 0)
(-98.3548 370.112 0)
(-363.225 2122.18 0)
(-819.078 1994.41 0)
(165.061 2756.63 0)
(-43.7207 365.93 0)
(-923.455 2847.78 0)
(6.6838 2852.3 0)
(-56.3392 2776.69 0)
(292.614 2853.66 0)
(111.567 2807.2 0)
(921.103 2248.88 0)
(60.1866 2822.5 0)
(8.70754 1054.96 0)
(37.6258 2721.22 0)
(107.899 2752.21 0)
(-1280.86 2050.66 0)
(227.961 2710.77 0)
(189.345 2500.28 0)
(395.553 1666.34 0)
(-94.0621 2763.71 0)
(42.3905 2354.68 0)
(-916.678 2622.69 0)
(-7.55452 1355.16 0)
(274.729 2571.67 0)
(-132.947 2299.12 0)
(1896.51 1942.19 0)
(157.34 2714.49 0)
(46.6356 2820.59 0)
(-84.3824 2691.71 0)
(-18.2074 974.892 0)
(1186.43 1508.87 0)
(-189.989 2513.3 0)
(928.497 2704.48 0)
(-1322.57 2264.45 0)
(48.521 2720.74 0)
(374.346 2600.18 0)
(495.701 2827.93 0)
(-15.2739 182.465 0)
(-1178.02 2497 0)
(0.380227 2899.06 0)
(18.2296 2828.44 0)
(1253.88 2742.73 0)
(-50.962 361.593 0)
(1439.13 504.364 0)
(-62.8043 2779.33 0)
(1282.32 2266.93 0)
(-94.9077 447.502 0)
(301.379 2229.9 0)
(-100.824 387.469 0)
(-598.743 2755.25 0)
(-311.072 2814.8 0)
(-95.2571 2816.03 0)
(48.3908 2769.63 0)
(178.246 2639.02 0)
(-16.4303 2720.83 0)
(141.609 491.477 0)
(18.2845 165.106 0)
(39.4272 148.904 0)
(156.633 565.787 0)
(99.6248 2812.48 0)
(27.3566 114.706 0)
(1718.75 2152.01 0)
(18.834 2530.25 0)
(98.3463 2310.38 0)
(-1881.65 1056.38 0)
(-397.754 2726.92 0)
(-33.5121 2823.82 0)
(-909.82 2265.21 0)
(-42.1085 2743.59 0)
(162.507 2781.45 0)
(-1358.82 2195.73 0)
(74.0205 2820.83 0)
(50.3347 2710.65 0)
(13.5293 2888 0)
(-1236.28 1715.33 0)
(-484.72 2824.29 0)
(-2068.33 1121.87 0)
(48.1862 179.978 0)
(660.449 2755.85 0)
(-113.756 582.857 0)
(-706.532 2675.92 0)
(464.785 2214.07 0)
(12.5073 222.703 0)
(1142.18 1752.22 0)
(-1773.78 2550.87 0)
(-922.569 493.202 0)
(-114.136 2768.23 0)
(970.857 2483.11 0)
(1414.52 2651.29 0)
(-1109.61 1699.96 0)
(-199.991 2705.47 0)
(279.211 2533.59 0)
(259.292 1555.68 0)
(43.43 489.002 0)
(1352.61 2683.76 0)
(1266.06 1744.09 0)
(-13.9265 111.101 0)
(-872.743 2269.32 0)
(-985.69 2550.51 0)
(91.9242 375.893 0)
(-1589.49 2086.46 0)
(19.482 2521.57 0)
(964.658 2870.44 0)
(-62.3682 1859.44 0)
(-1501.84 2226.89 0)
(544.99 2406.46 0)
(212.503 2718.35 0)
(67.6508 2811.97 0)
(998.174 2564.37 0)
(660.915 2676.15 0)
(-64.0637 319.671 0)
(-878.495 2853.3 0)
(2198.78 1343.27 0)
(-2006.17 1732.97 0)
(-1077.99 2310.19 0)
(378.454 2725.98 0)
(-1253.26 822.578 0)
(1594.34 2075.22 0)
(149.823 2906.44 0)
(-1837.12 2080.79 0)
(417.585 2690.75 0)
(410.476 2545.86 0)
(95.2018 2786.75 0)
(224.063 2864.35 0)
(-1086.01 2564.56 0)
(139.278 2985.52 0)
(-1298.55 2265.62 0)
(-142.458 2563.57 0)
(-1931.25 1962.81 0)
(116.485 2778.04 0)
(658.521 1738.99 0)
(-372.765 2429.15 0)
(-1279.66 2224.12 0)
(-323.937 2594.16 0)
(-2238.79 1263.09 0)
(844.392 1992.96 0)
(-1690.46 1545.98 0)
(20.1633 430.431 0)
(522.719 2245.74 0)
(1381.53 2357.23 0)
(229.538 2713.31 0)
(23.9401 116.5 0)
(17.5312 2553.36 0)
(-772.485 2649.1 0)
(-342.868 2567.87 0)
(1374.17 1842.28 0)
(-1148.67 2384.94 0)
(211.888 2785.79 0)
(2.66807 151.585 0)
(46.7481 2830.24 0)
(238.736 856.256 0)
(774.298 2820.44 0)
(1056.68 1710.99 0)
(-0.228411 81.5925 0)
(-150.703 2882.45 0)
(21.5389 246.592 0)
(953.846 2750.85 0)
(-55.6593 439.481 0)
(37.0366 2721.62 0)
(-404.44 2364.2 0)
(1749.97 1538.2 0)
(-154.712 2815.64 0)
(-107.105 2544.91 0)
(259.866 2500.21 0)
(-100.029 997.329 0)
(-116.092 395.19 0)
(-25.4879 192.494 0)
(-32.9369 2729.08 0)
(-108.496 579.093 0)
(-663.394 2570.42 0)
(-284.506 2813.15 0)
(84.571 2797.59 0)
(-87.373 2775.99 0)
(-27.8062 112.086 0)
(689.804 2871 0)
(-72.424 273.186 0)
(-638.256 2482.12 0)
(37.7357 2877.09 0)
(52.7529 2676.79 0)
(22.1221 2706.63 0)
(520.3 1700.36 0)
(116.788 402.076 0)
(-567.323 2780.52 0)
(-80.6384 2779.71 0)
(330.724 2702.97 0)
(-16.5878 2699.3 0)
(176.417 2447.23 0)
(-24.8988 2840.85 0)
(-6.85636 1211.65 0)
(-46.3816 2792.11 0)
(103.598 698.603 0)
(-328.975 2822 0)
(195.254 724.897 0)
(13.7762 196.193 0)
(69.7485 339.657 0)
(-1123.6 2471.62 0)
(97.4766 2728.77 0)
(13.5587 2383.48 0)
(-214.504 2767.64 0)
(-9.10115 137.338 0)
(-397.088 2885.34 0)
(-12.1934 2805.73 0)
(-811.236 2003.5 0)
(763.671 2537.51 0)
(-84.1478 2645.58 0)
(37.9702 441.567 0)
(-18.2553 190.6 0)
(-534.705 2205.45 0)
(-29.148 111.119 0)
(-1079.84 2777.52 0)
(170.621 2718.86 0)
(1689.45 2063.85 0)
(2434.66 993.924 0)
(-1766.57 2364.24 0)
(150.017 1058.08 0)
(-1226.81 2102.74 0)
(139.574 2807.42 0)
(-116.524 2037.72 0)
(333.141 2606.08 0)
(235.139 2602.47 0)
(2474.89 1168.63 0)
(-11.7016 68.1795 0)
(-715.569 2769.15 0)
(110.222 2781.98 0)
(-240.69 2833.72 0)
(-60.4206 2726.95 0)
(-805.747 1754 0)
(-193.713 1297.91 0)
(-691.92 2865.6 0)
(13.8525 166.172 0)
(-68.7733 279.74 0)
(61.1066 2761.77 0)
(18.0827 167.553 0)
(1753.92 2025.66 0)
(774.664 2167.71 0)
(1001.68 2666.08 0)
(103.928 383.059 0)
(-1957.82 2073.59 0)
(365.511 1623.28 0)
(-487.909 2443.03 0)
(97.2703 2782.95 0)
(-290.301 2642.29 0)
(1.85543 2850.94 0)
(-17.8378 217.878 0)
(33.9387 398.645 0)
(-300.576 2482.81 0)
(-39.1577 174.44 0)
(-2222.23 1248.05 0)
(-1613.02 2847.93 0)
(-86.6592 683.6 0)
(110.549 2794.19 0)
(886.475 2751.34 0)
(2192.57 1662.71 0)
(-882.315 2697.09 0)
(2232.33 1731.42 0)
(-66.9603 2807.6 0)
(-152.463 2252.06 0)
(123.398 2564.78 0)
(66.4773 2703.72 0)
(-93.0728 2764.23 0)
(69.4091 259.252 0)
(-188.008 2881.24 0)
(-164.309 2595.8 0)
(-840.011 2673.01 0)
(-96.7979 2823.59 0)
(2175.28 1805.27 0)
(-86.8449 714.922 0)
(36.2227 154.183 0)
(151.826 2722.91 0)
(126.071 2798.78 0)
(683.2 2684.86 0)
(36.5524 2502.07 0)
(106.46 2819.7 0)
(2123.46 1574.02 0)
(-1976.29 1527.54 0)
(34.8924 794.864 0)
(-86.5561 448.565 0)
(-2275.82 895.581 0)
(-127.51 2555.94 0)
(-134.681 2663.65 0)
(-61.0839 331.12 0)
(1783.01 2081.29 0)
(-253.807 952.247 0)
(46.1485 2933.13 0)
(-85.5178 2816.96 0)
(-23.396 2753 0)
(73.7918 2316.56 0)
(2458.43 1302.75 0)
(-457.576 2448.26 0)
(-2174.52 1219.22 0)
(-12.8013 2806.67 0)
(271.007 2690.43 0)
(-1682.05 1410.36 0)
(-935.41 2329.34 0)
(-771.452 2639.46 0)
(-542.564 1702.41 0)
(-250.339 2624.23 0)
(-128.401 2680.88 0)
(-581.172 2777.4 0)
(898.804 2643.38 0)
(-51.4258 2282.54 0)
(7.16573 74.7 0)
(-1999.44 1657.28 0)
(-1328.19 2200.47 0)
(248.248 2770.23 0)
(-77.0782 2708.14 0)
(-366.255 1957.32 0)
(-458.148 2630.67 0)
(241.652 2716.83 0)
(49.4058 187.661 0)
(-1953.85 1771.01 0)
(-1590.08 746.735 0)
(-150.316 2657.82 0)
(14.0397 129.448 0)
(-59.5901 1219.44 0)
(-46.5972 2709.78 0)
(-1472.03 2240.4 0)
(843.433 2612.12 0)
(-75.1388 2814.44 0)
(-62.7643 580.298 0)
(1365.41 2138.62 0)
(318.529 2627.69 0)
(-137.83 2805.82 0)
(1031.53 355.117 0)
(-634.768 2928.83 0)
(-166.625 851.595 0)
(-42.7729 324.534 0)
(8.60094 73.1564 0)
(443.876 1710.89 0)
(577.108 2671.12 0)
(894.46 1846.17 0)
(-91.6343 2704.53 0)
(306.115 2882.32 0)
(-510.574 2249.23 0)
(-1231.93 611.8 0)
(1833.24 1957.16 0)
(-0.383956 92.097 0)
(76.8842 701.655 0)
(1551.6 1684.97 0)
(52.4148 2665.2 0)
(-337.446 2574.74 0)
(-0.381536 2847.92 0)
(-54.3016 2758.75 0)
(34.4192 2826.63 0)
(391.874 2226.45 0)
(2057.33 1502.67 0)
(14.4031 217.441 0)
(-2273.78 1287.32 0)
(-22.9488 2735.72 0)
(292.314 2510.55 0)
(165.169 2792.92 0)
(871.698 1759.85 0)
(-112.46 2678.46 0)
(-582.807 2781.8 0)
(175.389 2785.95 0)
(-473.63 1940.67 0)
(18.6129 315.444 0)
(153.205 2690.8 0)
(-257.447 2499.18 0)
(9.40748 2739.23 0)
(-98.1961 1400.56 0)
(-728.794 2703.27 0)
(73.9496 1262.3 0)
(-1233.78 2114.58 0)
(1647.93 2751.21 0)
(2379.31 972.04 0)
(650.35 2833.28 0)
(-86.2475 2805.79 0)
(15.1386 418.202 0)
(86.6798 2331.33 0)
(-194.006 2530.7 0)
(240.026 760.392 0)
(-577.457 2763.26 0)
(852.1 1697.77 0)
(1.63044 112.758 0)
(20.541 410.091 0)
(-327.821 2471.39 0)
(-711.337 2725.49 0)
(33.6344 2840.1 0)
(849.038 2146.06 0)
(44.6101 2843.91 0)
(924.485 2632.79 0)
(-58.7286 2812.59 0)
(-195.364 843.378 0)
(796.274 2687.66 0)
(-1383.82 2794.53 0)
(42.7154 253.825 0)
(494.249 1897.65 0)
(179.583 3032.65 0)
(208.112 2722.12 0)
(-63.5107 901.319 0)
(73.8722 384.693 0)
(223.353 2783.81 0)
(-291.434 2590.88 0)
(-449.727 2832.84 0)
(-67.0905 487.657 0)
(-5.13393 2762.9 0)
(1336 2398.51 0)
(270.242 2888.33 0)
(-0.042652 2843.68 0)
(62.0937 496.987 0)
(1.04055 114.471 0)
(15.7168 412.513 0)
(222.925 2731.61 0)
(-915.766 2055.64 0)
(389.889 2746.14 0)
(92.6412 2836.25 0)
(-1952.48 1209.32 0)
(-948.505 2248.22 0)
(47.179 190.412 0)
(237.069 2723.77 0)
(3.46385 2902.34 0)
(-79.8676 2698.82 0)
(-9.94705 104.885 0)
(-681.611 2821.5 0)
(-50.5957 3016.16 0)
(1171.93 2680 0)
(102.391 2795.04 0)
(-1120.97 2001.93 0)
(83.4701 405.074 0)
(662.149 2879.07 0)
(46.8159 2575.38 0)
(61.0592 224.735 0)
(-66.7182 2743.51 0)
(-87.811 330.553 0)
(679.841 2470.99 0)
(30.7711 2521.49 0)
(-869.332 398.071 0)
(-180.135 2841.73 0)
(-283.889 2739.08 0)
(136.449 2775.31 0)
(165.623 731.203 0)
(-7.24202 679.468 0)
(-83.1822 284.388 0)
(235.023 2391.81 0)
(193.351 2865.49 0)
(-0.41632 83.1292 0)
(105.196 2670.98 0)
(-837.385 2668.95 0)
(-790.43 2307.61 0)
(416.277 2635.86 0)
(-147.954 2798.22 0)
(-33.8393 244.407 0)
(-2295.34 1151.62 0)
(-948.039 1667.72 0)
(114.176 2767.34 0)
(2367.86 1044.98 0)
(-29.4562 337.458 0)
(-97.4119 2568.69 0)
(35.9878 2754.84 0)
(551.412 2798.43 0)
(-822.449 2889.55 0)
(286.338 3000.83 0)
(-64.358 2774.25 0)
(-35.5998 2713.17 0)
(-277.667 2839.09 0)
(18.0184 2761.58 0)
(38.0566 396.455 0)
(-108.513 2799.93 0)
(2157.34 1363.72 0)
(-71.6841 727.662 0)
(81.8493 631.041 0)
(-30.3019 2510.86 0)
(-145.859 2657.78 0)
(373.951 2593.11 0)
(94.5154 2863.31 0)
(42.0858 439.423 0)
(-942.668 2793.43 0)
(-69.793 2901.09 0)
(-1994.97 1579.94 0)
(1610.94 1197.5 0)
(217.595 772.071 0)
(-5.68791 732.913 0)
(6.35576 152.381 0)
(-635.764 2725.9 0)
(-864.658 2821.7 0)
(174.675 2493.42 0)
(-884.838 2755.24 0)
(-370.696 2451.89 0)
(-64.7343 2773.01 0)
(509.26 1732.78 0)
(-225.208 2637.67 0)
(2444.49 1541.04 0)
(-516.202 2306.01 0)
(118.693 729.659 0)
(-322.071 2833.63 0)
(1837.3 1954.87 0)
(393.743 2983.17 0)
(-1361.51 2191.93 0)
(1825.53 1826.12 0)
(-382.939 2822.97 0)
(-841.443 2341.91 0)
(79.8797 606.924 0)
(1.06669 79.6668 0)
(100.498 2882.63 0)
(917.386 2839.24 0)
(-43.4251 166.245 0)
(15.9685 138.673 0)
(-36.0017 2779.06 0)
(716.66 2294.83 0)
(438.56 2442.81 0)
(-653.996 2641.37 0)
(20.1823 228.179 0)
(13.49 2757.63 0)
(45.882 171.409 0)
(-249.864 1953.61 0)
(-19.7435 278.229 0)
(357.442 2703.54 0)
(70.1173 2801.1 0)
(-1456.69 1185.58 0)
(-1716.74 2738.29 0)
(470.918 2744.42 0)
(111.723 2783.39 0)
(1444.4 1853.8 0)
(538.698 2194.79 0)
(-129.651 2678.19 0)
(-1043.49 2456.03 0)
(60.9862 2825.7 0)
(157.456 2966.71 0)
(-185.22 649.039 0)
(46.7831 2791.12 0)
(-167.003 2750.03 0)
(174.368 2480.69 0)
(5.00227 131.117 0)
(-59.9606 442.557 0)
(-31.8488 968.761 0)
(-70.7585 479.062 0)
(-956.197 2834.27 0)
(-184.713 2732.58 0)
(245.29 1701.7 0)
(-1791.64 2193.73 0)
(-505.335 2424.28 0)
(-2106.96 1294.92 0)
(86.7866 2782.32 0)
(458.195 2437.71 0)
(1644.72 1602.35 0)
(-481.731 2820.33 0)
(-1123.38 2072.82 0)
(1828.92 2074.29 0)
(-26.1485 2805.9 0)
(2198.8 1103.9 0)
(-2075.5 1886.9 0)
(-151.107 2808.54 0)
(310.956 2851.68 0)
(273.469 2995.71 0)
(2353.79 1079.08 0)
(-245.807 2650.63 0)
(-1167.04 2487.67 0)
(273.377 2670.12 0)
(793.724 1905.97 0)
(298.956 2573.7 0)
(-42.5825 337.936 0)
(86.3031 2697.7 0)
(1320.07 1697.28 0)
(29.1282 2671.46 0)
(1404.68 1770.73 0)
(674.309 2792.38 0)
(9.4102 2825.26 0)
(280.166 2562.21 0)
(-3.91537 2830.25 0)
(20.7988 89.5147 0)
(-2105.29 960.076 0)
(-33.4132 2816.95 0)
(-1038.4 2187 0)
(-5.51816 2850.62 0)
(-177.077 2815.41 0)
(91.492 365.267 0)
(-56.6828 595.252 0)
(-1039.25 2316.95 0)
(142.046 2754.01 0)
(1099.05 1707.99 0)
(-31.278 235.589 0)
(642.009 2787.95 0)
(24.0476 2831.7 0)
(-293.485 2615.85 0)
(59.5002 344.482 0)
(-860.246 2272.58 0)
(220.715 2572.77 0)
(23.6215 2270.63 0)
(39.8265 2841.85 0)
(-84.4344 425.546 0)
(2191.84 1359.69 0)
(165.267 2790.83 0)
(-392.495 1674.87 0)
(317.607 1598.54 0)
(1228.59 756.831 0)
(-1602.68 2316.29 0)
(12.846 270.237 0)
(-48.125 1711.42 0)
(549.534 1719.11 0)
(-253.555 2624.19 0)
(47.5716 344.206 0)
(-64.7842 333.182 0)
(1593.61 2075.04 0)
(27.8055 524.982 0)
(-638.596 1722.79 0)
(355.399 2347.91 0)
(-1184.32 2463.26 0)
(204.78 2731.06 0)
(437.413 2639.56 0)
(-127.341 663.176 0)
(-1.19873 1203.84 0)
(888.027 2577.22 0)
(-1166.08 1825.63 0)
(676.238 2785.78 0)
(-216.81 823.455 0)
(-607.02 2133.66 0)
(-2216 1260.26 0)
(343.55 2156.73 0)
(1165.04 523.375 0)
(-2305.1 1158.43 0)
(-65.3774 268.221 0)
(1241.64 542.276 0)
(-140.417 2748.17 0)
(-255.883 2609.13 0)
(-1.33905 116.673 0)
(246.92 2690.97 0)
(49.3886 284.959 0)
(-14.7548 112.617 0)
(37.656 2827.64 0)
(-2030.62 1328.01 0)
(-859.122 1794.45 0)
(105.479 2819.12 0)
(233.142 1728.75 0)
(-2308.65 1249.9 0)
(-195.463 2654.46 0)
(415.222 2714.94 0)
(-68.1534 771.157 0)
(144.214 2751.53 0)
(2275.89 1210.72 0)
(-64.5064 439.531 0)
(663.207 2731.48 0)
(179.578 2808.81 0)
(113.349 734.541 0)
(245.016 2862.78 0)
(-248.337 2265.01 0)
(42.9426 848.583 0)
(-26.853 2412.42 0)
(-2228.98 1037.78 0)
(-328.327 2824.09 0)
(731.265 1884.01 0)
(-66.1271 2774.38 0)
(289.618 1701.82 0)
(567.931 253.262 0)
(273.947 2678.38 0)
(-823.084 2639.76 0)
(-18.9241 2836.52 0)
(11.1771 68.7322 0)
(-174.701 2729.59 0)
(507.043 2792.99 0)
(-113.711 2679.44 0)
(227.64 2711.77 0)
(318.139 2529.75 0)
(47.9558 486.022 0)
(24.9322 149.351 0)
(-1093.11 2431.04 0)
(444.557 2430.25 0)
(-191.55 686.6 0)
(1761.31 748.579 0)
(-67.2427 253.486 0)
(291.453 1024.15 0)
(165.639 2544.26 0)
(-1217.41 2763.89 0)
(-107.161 2693.32 0)
(-31.3802 356.159 0)
(-37.1229 509.867 0)
(29.3162 2831.59 0)
(45.7814 255.483 0)
(1413.92 2475.84 0)
(461.252 1658.02 0)
(-40.7567 150.254 0)
(1193.19 2329.2 0)
(-2276.46 1283.87 0)
(-88.9357 2824.33 0)
(-9.34278 2773.56 0)
(74.4448 2801.47 0)
(-108.944 2871.75 0)
(-1255.18 2404.74 0)
(-164.837 838.357 0)
(-2309.2 1106.64 0)
(-99.8404 2775.27 0)
(-16.3053 2724.83 0)
(12.4836 482.265 0)
(1226.32 1869.34 0)
(78.7596 458.37 0)
(1427.03 1895.49 0)
(-240.581 2639.18 0)
(-1981.9 1812.35 0)
(-57.5242 218.39 0)
(10.442 1316.77 0)
(-18.443 2912.52 0)
(-24.4959 107.315 0)
(-1906.56 1875.92 0)
(1964.68 1770.01 0)
(-1.54783 95.7765 0)
(-284.226 1743.31 0)
(320.404 2585.11 0)
(-14.9654 2735.85 0)
(-110.119 2789.5 0)
(414.036 2698.67 0)
(-1.27785 130.285 0)
(94.0432 453.075 0)
(-2007.08 1703.26 0)
(-184.147 2601.45 0)
(-477.738 2427.34 0)
(518.603 2739.44 0)
(25.9005 2832.21 0)
(-3.15034 83.3769 0)
(221.713 2798.6 0)
(-110.728 2768.46 0)
(2326.84 1064.51 0)
(258.851 2755.68 0)
(266.239 2379.17 0)
(-212.603 1666.51 0)
(-124.613 2813.96 0)
(-27.9282 117.347 0)
(-28.9503 2744.26 0)
(127.484 2767.53 0)
(-289.15 1030.28 0)
(630.3 2769.16 0)
(656.774 2729.72 0)
(-75.8049 2773.13 0)
(1027.67 1734.22 0)
(-50.9111 376.967 0)
(-178.178 2571.45 0)
(301.858 2492 0)
(-45.2081 2697.13 0)
(1271.29 2704.79 0)
(-2048.33 1572.45 0)
(-1210.39 2448.55 0)
(-118.267 578.748 0)
(382.856 2504.74 0)
(287.035 2551.25 0)
(695.479 2815.5 0)
(245.751 2567.59 0)
(65.37 2747.51 0)
(1175.53 1750.09 0)
(226.408 2710 0)
(-650.634 2755.11 0)
(-477.706 2833.42 0)
(5.62715 2823.02 0)
(-1478.74 1356.65 0)
(-128.426 2140.23 0)
(-6.72775 1128.41 0)
(1375.68 2097.63 0)
(36.3348 185.99 0)
(-376.056 2172.2 0)
(-1160.65 1823.53 0)
(282.029 2573.34 0)
(302.547 2350.96 0)
(-150.403 2783.01 0)
(-2.82423 2850.52 0)
(-75.8195 2698.01 0)
(-34.3576 2839.66 0)
(-1635.69 2689.8 0)
(-226.736 2682.44 0)
(72.9996 2843.96 0)
(370.651 2742.97 0)
(1180.21 2692.93 0)
(1035.83 2496.39 0)
(235.982 2854.49 0)
(909.171 2595.46 0)
(493.971 2717.9 0)
(-108.118 2772.49 0)
(-94.449 2797.94 0)
(-262.349 2401.47 0)
(457.188 2951.92 0)
(-189.22 2794.5 0)
(877.264 2678.9 0)
(92.1093 2752.09 0)
(108.901 2742.18 0)
(266.284 2597.84 0)
(19.4464 185.668 0)
(-1237.03 2273.15 0)
(-1128.64 2745.27 0)
(73.3571 2801.21 0)
(-647.861 2773.6 0)
(-16.7786 2754.55 0)
(-1161.1 2842.13 0)
(-860.04 2639.84 0)
(226.325 2863.48 0)
(1078.69 2798.66 0)
(-835.107 2242.51 0)
(162.087 2508.78 0)
(1342.65 1926.83 0)
(847.399 2660.16 0)
(365.553 2592.19 0)
(463.325 2393.65 0)
(98.4239 783.695 0)
(325.096 2117.25 0)
(53.3786 2782.84 0)
(220.175 2673.78 0)
(91.0058 2814.69 0)
(170.025 2764.92 0)
(966.355 2704.21 0)
(633.251 2225.27 0)
(-9.29826 1247.45 0)
(-39.6402 2369.37 0)
(51.6574 2821.15 0)
(98.5953 2788.75 0)
(72.0433 288.415 0)
(81.3712 623.28 0)
(-60.3557 787.045 0)
(37.099 560.145 0)
(83.5209 2825.39 0)
(303.66 2799.77 0)
(-80.6341 2758.16 0)
(223.297 2885.31 0)
(277.735 2867.05 0)
(1634.71 2207.88 0)
(-175.114 2639.64 0)
(639.83 2822.43 0)
(9.52333 258.71 0)
(393.598 1701.52 0)
(-1495.93 2677.59 0)
(42.0367 2224.19 0)
(-22.757 279.585 0)
(-287.892 2483.76 0)
(32.6483 124.199 0)
(124.461 2809.22 0)
(-241.263 2342.75 0)
(57.748 2823.84 0)
(695.56 2796.27 0)
(-117.175 707.169 0)
(-439.61 2845.33 0)
(-1236.82 2347.16 0)
(41.5831 2730.04 0)
(1796.82 2038.69 0)
(-71.4896 2383.72 0)
(819.194 2902.01 0)
(375.322 2923.06 0)
(-46.7481 423.664 0)
(-183.537 796.199 0)
(-208.759 2753.51 0)
(266.011 2573.63 0)
(-10.1089 79.6451 0)
(1787.82 1992.62 0)
(-19.631 2873.07 0)
(-11.0701 2763.18 0)
(818.868 1732.71 0)
(-184.669 761.989 0)
(186.459 2460.84 0)
(-64.9652 2794.71 0)
(944.407 2739.14 0)
(795.313 2680.01 0)
(-67.4558 325.998 0)
(-2049.55 553.16 0)
(-483.58 2349.79 0)
(618.038 2182.55 0)
(-1870.96 1521.66 0)
(-875.37 2406.65 0)
(-78.0484 1246.22 0)
(64.8822 236.496 0)
(7.84586 75.9078 0)
(31.1363 125.585 0)
(-1115.11 2941.76 0)
(-858.653 2839.28 0)
(120.29 436.318 0)
(-100.737 2798.9 0)
(1684.65 2077.64 0)
(-2406.55 1069.23 0)
(-53.1974 791.272 0)
(-114.633 738.467 0)
(-1837.95 2238.34 0)
(100.236 2785.57 0)
(40.3783 162.61 0)
(92.2921 631.574 0)
(959.672 2740.23 0)
(172.455 2622.42 0)
(651.772 2812.62 0)
(-340.17 2826.83 0)
(-1216.3 2165.52 0)
(427.987 2727.61 0)
(-150.24 2610.37 0)
(1731.83 689.107 0)
(-18.3834 151.805 0)
(-70.809 2782.79 0)
(-14.4743 217.187 0)
(-155.626 2647.38 0)
(48.1391 250.211 0)
(-147.265 2784.49 0)
(-5.84287 157.253 0)
(346.496 2425.82 0)
(27.2971 266.131 0)
(76.3916 336.775 0)
(-54.36 2778.75 0)
(-54.3591 216.281 0)
(225.979 2356.79 0)
(-482.272 2781.43 0)
(5.52031 475.455 0)
(139.35 2970.44 0)
(2137.17 1387.31 0)
(-329.353 2875.9 0)
(-110.166 2764.05 0)
(264.184 2634.2 0)
(-123.062 2687.13 0)
(1070.81 1993.12 0)
(-120.141 2763.09 0)
(-33.7783 2745.74 0)
(1638.32 2089.92 0)
(87.8746 2687.83 0)
(56.1917 2729.29 0)
(-17.3265 76.4857 0)
(214.898 2147.7 0)
(80.6907 2700.83 0)
(26.0576 1185.5 0)
(-361.707 2817.68 0)
(-523.362 2369.29 0)
(-635.34 2637.37 0)
(-308.99 2578.6 0)
(-565.327 2793.76 0)
(-256.949 2608.67 0)
(106.003 2849.97 0)
(208.235 877.862 0)
(32.607 809.153 0)
(8.0082 81.5909 0)
(-81.5025 299.993 0)
(-152.209 2977.93 0)
(1121.15 2406.53 0)
(869.4 1886.47 0)
(-728.85 2865.63 0)
(-513.256 2345.19 0)
(121.859 2748.59 0)
(-127.583 2805.7 0)
(-1607.82 1433.87 0)
(109.203 2532.56 0)
(1547.9 2338.11 0)
(-718.638 2672.67 0)
(40.4555 2760.7 0)
(1144.38 2714.68 0)
(286.024 2552.2 0)
(-15.5529 2736.26 0)
(47.8269 479.412 0)
(99.413 2783.03 0)
(172.567 2772.47 0)
(-5.63717 2836.51 0)
(1049.24 1718.71 0)
(156.803 2779.13 0)
(-67.9905 330.504 0)
(-139.98 2788.2 0)
(535.416 2408.2 0)
(1272.85 1737.64 0)
(113.774 418.422 0)
(159.797 2947.8 0)
(221.479 2725.68 0)
(11.6666 558.799 0)
(26.8615 145.781 0)
(-813.185 2130.68 0)
(49.0851 276.919 0)
(262.254 2685.92 0)
(32.7207 1211.2 0)
(-103.216 1415.25 0)
(-190.632 2787.4 0)
(-2041.37 501.21 0)
(-1872.52 1904.68 0)
(657.198 2188.77 0)
(930.613 2786.98 0)
(126.29 2817.27 0)
(-1087.92 1737.35 0)
(-17.9129 2866.23 0)
(-195.69 2564.08 0)
(1650.01 2190.53 0)
(83.7331 2731.08 0)
(864.821 2972.42 0)
(-29.677 2689.77 0)
(-2456.15 1109.19 0)
(-581.174 2365.59 0)
(-907.75 2734.87 0)
(48.4531 253.196 0)
(35.615 2824.52 0)
(98.67 542.641 0)
(-69.6673 759.73 0)
(7.33887 82.6725 0)
(-1395.06 2184.04 0)
(-266.478 2598.22 0)
(-196.739 2880.93 0)
(442.476 2753.46 0)
(10.8432 716.845 0)
(3.61042 2782.91 0)
(-14.2631 2825.3 0)
(133.588 463.413 0)
(-1771.91 1577.53 0)
(34.9818 605.512 0)
(677.267 2847.99 0)
(-55.3931 2465.49 0)
(-11.4441 2630.01 0)
(-36.3295 531.001 0)
(28.5193 2629.09 0)
(1747.62 1503.85 0)
(-93.2843 2774.91 0)
(-17.5316 2820.42 0)
(-58.0392 274.509 0)
(-161.886 2429.12 0)
(-142.257 2678.57 0)
(434.417 2641.98 0)
(-1811.28 1911.28 0)
(1360.11 2034.53 0)
(1234.31 2700.62 0)
(-92.6795 2743.43 0)
(1699.68 2167.65 0)
(33.5882 2823.54 0)
(-1708.83 2810.91 0)
(-512.86 1793.86 0)
(996.805 2840.48 0)
(2390.99 1001.13 0)
(-2119.16 995.161 0)
(-303.846 2414.49 0)
(-538.892 2865.77 0)
(374.489 2083.4 0)
(-65.8572 794.722 0)
(4.85429 110.075 0)
(-314.478 2578.27 0)
(-231.915 1855.9 0)
(12.199 409.516 0)
(398.64 2583.66 0)
(11.4874 261.479 0)
(-719.781 2600.87 0)
(739.824 2821.91 0)
(-105.342 888.923 0)
(-125.225 428.204 0)
(-31.6373 452.464 0)
(-8.17527 104.874 0)
(35.0362 373.813 0)
(-99.69 387.855 0)
(-1126.89 2769.79 0)
(-203.596 2870.97 0)
(1769.31 1409.19 0)
(-909.675 2815.85 0)
(-1286.63 2413.03 0)
(8.36286 2848.69 0)
(-909.203 2912.7 0)
(-614.732 2796.3 0)
(-43.0791 390.113 0)
(64.5314 671.478 0)
(663.436 2820.78 0)
(776.45 2812.72 0)
(288.443 1555.25 0)
(-1165.66 1761.3 0)
(745.569 2910.02 0)
(-42.9344 2784.52 0)
(-26.637 354.971 0)
(-170.159 2476.61 0)
(-52.5182 215.734 0)
(291.062 1580.9 0)
(109.187 2756.26 0)
(1582.09 2744.68 0)
(-135.164 2746.07 0)
(9.73132 401.335 0)
(-1862.45 1100.7 0)
(-829.446 2680.72 0)
(1971.95 867.784 0)
(203.528 735.335 0)
(5.00476 2531.75 0)
(-1021.03 2790.58 0)
(332.208 1649.88 0)
(-593.321 2924.2 0)
(835.408 2800.06 0)
(267.84 2545.72 0)
(1877.27 1466.23 0)
(107.11 728.881 0)
(242.157 2718.16 0)
(-1985.15 1636.21 0)
(-154.33 2825.51 0)
(1584.46 2742.36 0)
(2354.57 1348.46 0)
(642.741 2826.62 0)
(837.215 2656.96 0)
(1845.89 1398.36 0)
(2483.51 1200.94 0)
(71.1024 397.662 0)
(-45.017 2661.57 0)
(-1165.06 2392.6 0)
(91.3686 776.833 0)
(655.448 2470.28 0)
(1274.92 2848.51 0)
(328.313 2864.88 0)
(-156.971 584.423 0)
(8.98417 81.3802 0)
(156.273 2317.56 0)
(1249.9 2757.97 0)
(266.745 2162.95 0)
(-1410.58 2760.25 0)
(82.3791 1694.89 0)
(156.394 564.106 0)
(1221.92 2620.86 0)
(615.335 2683.66 0)
(-1224.75 2753.5 0)
(-1244.01 1738.01 0)
(-39.7577 304.671 0)
(-375.44 1765.68 0)
(31.3922 2676.05 0)
(-60.5712 271.912 0)
(45.2741 749.338 0)
(1572.92 2101.06 0)
(8.53044 83.9803 0)
(190.596 2535.08 0)
(314.672 2802.85 0)
(-116.033 749.38 0)
(53.7504 2819.56 0)
(-287.024 2153.67 0)
(-811.32 2297.47 0)
(1714.08 2178.32 0)
(170.322 2069.65 0)
(833.714 2664.67 0)
(1776.54 1549.14 0)
(1123.86 2195.3 0)
(-121.171 448.771 0)
(-7.80122 76.0646 0)
(-102.308 2693.68 0)
(-21.1448 698.732 0)
(-106.715 872.68 0)
(87.4331 635.483 0)
(-115.917 697.087 0)
(-50.0613 414.201 0)
(-1518.98 1547.94 0)
(-142.426 2731.29 0)
(759.758 2333.4 0)
(1956.74 2051.83 0)
(123.724 1938.99 0)
(1062.66 2485.99 0)
(-848.759 2872.35 0)
(-28.5957 144.261 0)
(-151.48 2529.34 0)
(86.6796 336.321 0)
(-442.592 2823.32 0)
(75.7922 2343.38 0)
(647.469 2196.08 0)
(245.961 1565.53 0)
(-41.0547 2770.23 0)
(66.5125 2366.11 0)
(-81.771 440.143 0)
(-1274.07 2252.77 0)
(-94.4596 2682.01 0)
(-104.297 2798.31 0)
(-70.5607 322.905 0)
(182.364 683.55 0)
(-547.877 2456.75 0)
(76.3655 2698.24 0)
(2007.97 1400.66 0)
(-2161.88 1231.43 0)
(933.123 2633.45 0)
(-24.1925 2766.3 0)
(-192.94 691.497 0)
(-149.689 510.329 0)
(201.798 817.604 0)
(-6.38695 95.0799 0)
(19.4443 2822.11 0)
(108.812 2176.03 0)
(15.164 2757.97 0)
(-21.8468 2902.69 0)
(-104.93 2779 0)
(-1238.59 2770.33 0)
(-1073.47 814.935 0)
(157.064 2776.13 0)
(673.759 2787.76 0)
(2.1788 115.714 0)
(657.551 2772.59 0)
(7.05347 825.194 0)
(368.534 2576.82 0)
(273.896 2712.5 0)
(47.1326 2641.42 0)
(665.085 1869.31 0)
(441.199 2813.36 0)
(288.431 2585.95 0)
(1582.6 2439.47 0)
(1102.34 2418.71 0)
(2258.29 1146.49 0)
(-1092.69 2223.77 0)
(1014.41 2723.8 0)
(-27.7423 532.813 0)
(-226.278 2847.36 0)
(1262.73 2703.82 0)
(-455.997 1978.27 0)
(-1052.63 2565.12 0)
(-316.575 2591.84 0)
(-53.604 222.609 0)
(-207.116 2485.05 0)
(-121.354 691.812 0)
(290.487 2551.11 0)
(702.729 2743.85 0)
(84.893 341.67 0)
(-1644.85 2041 0)
(33.7843 437.979 0)
(-70.8786 2787.66 0)
(79.22 314.385 0)
(1097.14 2645.06 0)
(-343.797 2863.28 0)
(227.663 1538.42 0)
(1794.15 1989.21 0)
(-1061.52 2726.83 0)
(-130.897 2779.37 0)
(4.82864 288.512 0)
(-453.646 2843.64 0)
(-318.937 2501.76 0)
(99.9064 713.551 0)
(923.385 2559.38 0)
(-1302.99 1762.1 0)
(116.594 455.374 0)
(37.0889 1171.83 0)
(43.0101 475.905 0)
(84.9917 2730.2 0)
(-1464.86 1510.78 0)
(87.6306 2812.94 0)
(-106.552 555.85 0)
(-1447.02 2644.05 0)
(-243.254 2839.74 0)
(-40.1861 2394.54 0)
(34.9718 2762.24 0)
(-145.489 2852.25 0)
(-197.291 2537.39 0)
(44.9342 2735.6 0)
(-165.634 2812.26 0)
(-758.127 2543.62 0)
(1664.61 2558.27 0)
(10.0829 74.0165 0)
(-159.906 828.249 0)
(-36.7696 2748.91 0)
(164.057 2646.3 0)
(-2303.55 1153.75 0)
(-1170.91 2008.58 0)
(-56.0499 2792.94 0)
(42.8892 2798.57 0)
(-15.2348 134.568 0)
(30.1751 395.468 0)
(-50.0448 464.387 0)
(-1512.64 2237.91 0)
(2234.6 1147.55 0)
(316.407 2590.83 0)
(1040.79 1727.97 0)
(752.712 2755.18 0)
(-132.909 2676.65 0)
(326.42 2596.64 0)
(-1491.59 1837.91 0)
(-735.464 1802.73 0)
(-1.39844 2902.24 0)
(250.436 2577.5 0)
(44.4462 2714.19 0)
(-31.5152 2712.28 0)
(-1245.04 2326.52 0)
(267.591 2695.38 0)
(-46.2594 414.46 0)
(208.295 1069.21 0)
(172.498 640.22 0)
(2013.06 1408.57 0)
(-1851.08 2225.43 0)
(-641.926 2723.35 0)
(29.1009 309.825 0)
(-1459.49 1683.69 0)
(-82.3951 324.905 0)
(-83.9118 2773.1 0)
(-370.071 2814.66 0)
(-1948.01 1770.12 0)
(-116.577 1655.81 0)
(25.5016 2741.08 0)
(-791.19 2163.55 0)
(1609.82 2217.48 0)
(659.115 2313.76 0)
(67.0455 2754.51 0)
(-1031.15 2201.19 0)
(27.9436 1932.97 0)
(1276.59 2636.8 0)
(56.9281 193.705 0)
(85.1094 683.481 0)
(-81.8514 709.06 0)
(255.106 2421.02 0)
(931.083 1731.71 0)
(2.19004 2726.79 0)
(-88.4413 2696.05 0)
(62.5165 2765.14 0)
(-955.293 2706.16 0)
(17.2907 2821.84 0)
(286.305 2618.27 0)
(46.1225 282.998 0)
(-258.903 2822.24 0)
(-198.455 2864.18 0)
(-1705.49 2344.88 0)
(1311.98 2258.08 0)
(87.1402 2800.37 0)
(1047.15 775.69 0)
(-72.3646 2848.46 0)
(-153.009 2795.45 0)
(-896.74 2862.96 0)
(85.1111 2692.89 0)
(-81.619 2786.26 0)
(-12.2819 949.941 0)
(-921.766 2785.69 0)
(1221.87 2745.22 0)
(-106.207 382.466 0)
(430.045 2445 0)
(-1681.42 2742.88 0)
(1331.73 2680.58 0)
(1453.01 647.071 0)
(-4.53054 2733.18 0)
(461.12 2575.33 0)
(-1698.27 2658.7 0)
(685.797 2772.54 0)
(-57.6812 486.738 0)
(67.5963 2816.96 0)
(-1313.64 2771.98 0)
(-84.8818 431.149 0)
(-61.0197 601.614 0)
(258.03 2796.67 0)
(-1831.75 1723.41 0)
(-4.74431 2776.25 0)
(-95.9053 2158.3 0)
(-8.84573 78.7241 0)
(1809.62 850.439 0)
(218.581 2722.1 0)
(-85.5878 2751.35 0)
(1645.58 2264.2 0)
(-255.94 2865.49 0)
(-80.0269 2799.57 0)
(8.05317 170.073 0)
(-303.336 2574.62 0)
(-540.167 2862.41 0)
(6.26232 392.715 0)
(15.7777 2842 0)
(-82.2896 2810.84 0)
(-343.883 2374.07 0)
(-16.0798 136.307 0)
(-26.6254 218.375 0)
(-392.893 1768.02 0)
(30.2769 599.879 0)
(-238.718 2819.94 0)
(14.3171 70.1365 0)
(96.1088 2713.24 0)
(-12.4118 2726.68 0)
(1010.98 2599.26 0)
(-74.6688 2494.82 0)
(335.662 2469.54 0)
(-48.0403 196.91 0)
(159.306 552.905 0)
(-1418.93 2859.06 0)
(158.247 2512.25 0)
(-525.435 2793.65 0)
(-1351.08 2772.97 0)
(390.468 2242.51 0)
(954.576 1750.94 0)
(1305.09 2736.33 0)
(1838.78 1778.23 0)
(-783.897 2110.82 0)
(1443.76 2798.73 0)
(41.6671 211.423 0)
(-3.32818 2480.6 0)
(-47.9074 783.657 0)
(1690.02 2223.65 0)
(-19.5085 2856.22 0)
(653.423 2827.57 0)
(-101.645 2781.48 0)
(1488.42 2816.06 0)
(-2341.64 1127.66 0)
(1552.87 2216.88 0)
(-86.4503 2913.24 0)
(-88.2568 2783.59 0)
(173.51 2788.96 0)
(1749.67 2303.23 0)
(-45.7374 2713.44 0)
(-977.911 2296.53 0)
(-555.15 2740.81 0)
(169.017 2645.06 0)
(1198.38 2740.64 0)
(-1605 672.411 0)
(-89.7023 2759.23 0)
(-865.804 2929.15 0)
(10.9034 2849.44 0)
(-47.2399 2764.27 0)
(891.18 2014.82 0)
(287.95 2118.5 0)
(-514.276 2752.93 0)
(26.3378 1563.97 0)
(-313.592 2571.34 0)
(8.30423 1374.19 0)
(1415.05 2776.82 0)
(-109.362 2751.26 0)
(1257.71 2578.89 0)
(402.61 1716.95 0)
(-695.845 2558.03 0)
(-142.886 1454.38 0)
(172.236 2724.67 0)
(-95.8837 2834.68 0)
(51.0562 189.358 0)
(-199.174 2847.04 0)
(268.571 2495.76 0)
(-85.8363 356.791 0)
(-141.213 2648.55 0)
(-91.6706 2683.29 0)
(-1141.57 2218.62 0)
(83.402 461.481 0)
(1166.23 2752.55 0)
(1664.14 2733.31 0)
(528.734 2178.08 0)
(-2203.88 1192.06 0)
(-2129.7 1370.37 0)
(513.98 2313.02 0)
(966.379 2562.49 0)
(-222.784 2722.92 0)
(-1561.87 973.667 0)
(38.6855 2761.73 0)
(-189.703 665.149 0)
(223.181 2628.4 0)
(-846.663 2786.58 0)
(209.396 862.495 0)
(24.2557 117.985 0)
(-319.168 2818.51 0)
(-1673.36 2578.63 0)
(189.959 2743.75 0)
(-15.6646 738.226 0)
(13.8996 2848.43 0)
(-573.399 2853.25 0)
(551.138 1892.37 0)
(129.87 1419.63 0)
(987.833 1856.83 0)
(38.4913 2821.23 0)
(-1839.49 631.702 0)
(352.096 1735.01 0)
(1.03807 85.0949 0)
(55.3282 2765.57 0)
(-326.134 2467.15 0)
(-31.659 140.635 0)
(192.444 2608.14 0)
(-101.549 2759.89 0)
(220.264 1805.47 0)
(91.1769 2813.37 0)
(44.3791 212.408 0)
(-10.1162 1589.27 0)
(962.069 2707.76 0)
(-85.2763 2789.38 0)
(-5.6486 96.3191 0)
(-304.268 2899.77 0)
(-62.1011 2927.96 0)
(539.642 2212.79 0)
(-154.86 2811.53 0)
(106.535 529.621 0)
(31.7169 127.438 0)
(3.5537 2407.38 0)
(-89.492 2760.76 0)
(1774.78 1009.41 0)
(-24.9203 2433.16 0)
(174.144 2729.75 0)
(-791.405 2215.77 0)
(-1857.88 1784.18 0)
(-634.498 2562.15 0)
(-1212.92 2480.91 0)
(-28.7072 148.379 0)
(246.213 988.964 0)
(-90.5573 2695.16 0)
(1361.07 2029.67 0)
(53.325 2762.98 0)
(32.3838 2769.12 0)
(52.3104 2737.68 0)
(425.182 2704.59 0)
(7.49798 83.9464 0)
(-4.6901 1668.6 0)
(337.887 2157.6 0)
(1128.97 2361.96 0)
(6.4233 168.376 0)
(254.255 947.429 0)
(68.0334 2670.52 0)
(276.035 2665.95 0)
(-371.736 2853.71 0)
(-69.4901 258.795 0)
(1064.56 1667.5 0)
(50.1203 2821.63 0)
(-1950.01 1756.57 0)
(-1613.52 2916.25 0)
(-250.251 3002.19 0)
(871.269 2134.81 0)
(-15.442 103.63 0)
(1062.22 2783.59 0)
(122.53 2800.48 0)
(782.484 2530.48 0)
(-2.54093 2522.14 0)
(12.2736 142.926 0)
(-524.963 2480.49 0)
(-14.6497 649.849 0)
(-452.89 2817.79 0)
(628.274 2195.49 0)
(1666.06 1544.31 0)
(-30.0223 2716.66 0)
(-9.32493 665.345 0)
(255.774 2709.37 0)
(46.3237 158.012 0)
(-249.106 2345.81 0)
(101.676 2440.45 0)
(-1262.14 2770.9 0)
(-1088.23 2695.27 0)
(30.5449 592.369 0)
(-2302.61 1183.73 0)
(-1475.46 3079.22 0)
(-1178.58 2398.34 0)
(-126.339 2765.03 0)
(34.7397 388.244 0)
(175.314 2696.07 0)
(89.5431 2817.07 0)
(-829.536 2730.16 0)
(25.7241 228.009 0)
(-127.055 650.971 0)
(49.1959 2686.89 0)
(240.079 2755.69 0)
(1085.73 1963.3 0)
(-200.857 2376.26 0)
(-126.18 1479.43 0)
(-148.18 562.299 0)
(-9.43867 654.783 0)
(-33.6691 432.451 0)
(497.531 2705.52 0)
(-992.947 2949.91 0)
(-57.298 2802.91 0)
(-57.5092 2802.51 0)
(1060.03 1638.82 0)
(1620.93 1634.58 0)
(352.773 2589.48 0)
(703.752 2893.22 0)
(171.817 2542.2 0)
(105.142 1144.5 0)
(-132.726 2764.41 0)
(-95.9917 528.85 0)
(-87.4076 2770.9 0)
(1728.88 2158.26 0)
(770.386 2734.17 0)
(1517.96 2329.3 0)
(-1332.79 2797.39 0)
(-25.197 2719.49 0)
(2309.91 1026.51 0)
(6.59263 2853.52 0)
(20.7958 445.733 0)
(2055.83 1565.45 0)
(22.651 94.4693 0)
(9.76084 2828.09 0)
(-7.55218 81.7487 0)
(-733.043 2653.18 0)
(-226.213 1701.56 0)
(195.841 702.47 0)
(-188.807 707.739 0)
(719.092 2164.46 0)
(18.7611 835.526 0)
(542.821 2809.73 0)
(-148.627 593.644 0)
(-110.302 2182.43 0)
(403.184 2751.32 0)
(104.46 1400.04 0)
(-2.94667 2651.61 0)
(-115.572 2845.75 0)
(46.7272 2777.35 0)
(-914.182 2040.52 0)
(-556.995 2310.7 0)
(-891.133 1782.27 0)
(1592.85 1501.36 0)
(893.914 2660.88 0)
(-105.108 2774.57 0)
(-1524.35 2381.16 0)
(422.483 2461.22 0)
(76.7353 1346.3 0)
(1668.28 2041.31 0)
(-378.518 2428.01 0)
(-269.881 2637.85 0)
(79.861 2812.4 0)
(-1794.16 2460.92 0)
(-499.984 2359.91 0)
(732.207 647.692 0)
(-149.539 2578.56 0)
(30.5076 145.505 0)
(-2004.15 1690.96 0)
(-73.1707 2793.04 0)
(27.6978 112.907 0)
(-16.981 301.839 0)
(1097.74 2772.01 0)
(-821.418 2642.18 0)
(265.481 2587.91 0)
(1370.02 2094.2 0)
(-225.152 2560.38 0)
(-11.8107 121.145 0)
(-23.1142 2551.41 0)
(-767.609 2581.6 0)
(-1803.92 1527.38 0)
(471.061 2714.34 0)
(-17.9953 2889.55 0)
(583.559 2515.25 0)
(-65.3948 2918.87 0)
(221.654 2723.82 0)
(-160.172 3006.88 0)
(29.1576 2748.27 0)
(-2169.33 946.205 0)
(-1267.53 2269.23 0)
(-40.5391 2734.32 0)
(-76.8654 723.693 0)
(-80.5048 2762.54 0)
(73.9257 2808.62 0)
(-10.3359 699.272 0)
(16.5549 2825.98 0)
(-84.2113 355.153 0)
(-956.33 2836.55 0)
(-62.5795 236.849 0)
(-254.369 2601.99 0)
(825.864 2780.9 0)
(-67.927 2760.8 0)
(-864.221 2641.13 0)
(50.5807 248.225 0)
(-170.852 2037.84 0)
(-380.177 1927.76 0)
(110.955 2821.13 0)
(-328.077 1982.98 0)
(-419.372 213.374 0)
(-57.0586 2364.6 0)
(1779.5 2010.69 0)
(-808.662 2757.64 0)
(56.1404 2756.55 0)
(280.506 2765.98 0)
(-563.217 2241.3 0)
(630.803 2780.04 0)
(-2274.95 1641.2 0)
(292.859 2795.04 0)
(-905.925 1344.27 0)
(-117.668 2773.76 0)
(326.4 2526.16 0)
(500.435 2939.52 0)
(-1922.73 1785.29 0)
(-95.0278 2142.27 0)
(125.439 2770.09 0)
(976.796 2726.66 0)
(-130.007 438.325 0)
(-772.264 2843.51 0)
(452.146 2676.88 0)
(117.2 1293.57 0)
(1537.43 1761.77 0)
(-24.3384 2757.11 0)
(-616.155 2766.27 0)
(173.525 2460.63 0)
(-191.342 679.843 0)
(-1023.21 2266 0)
(3.16651 112.104 0)
(-2013.78 1763.58 0)
(2031.54 1028.97 0)
(368.534 2746.93 0)
(-67.1506 2722.5 0)
(-387.813 2490.79 0)
(-864.231 2638.81 0)
(-1151.14 2076.32 0)
(174.817 1156.49 0)
(754.568 2768.72 0)
(452.743 2649.69 0)
(4.99192 729.532 0)
(-876.559 1745.32 0)
(-32.0881 2774.61 0)
(-307.627 2492.99 0)
(839.101 2682.99 0)
(162.639 2564.96 0)
(12.6691 95.27 0)
(-51.7178 2752.43 0)
(124.808 2818.98 0)
(-481.506 1662 0)
(1571.23 2250.62 0)
(1054.74 2688.82 0)
(-1918.51 1780.76 0)
(369.835 2412.53 0)
(-6.28975 82.3683 0)
(395.456 2878.48 0)
(25.9862 2760.21 0)
(-1865.62 1660.67 0)
(663.202 2818.48 0)
(110.672 1165.29 0)
(-1932.93 2033.84 0)
(64.3558 2759.01 0)
(747.939 2728.67 0)
(522.808 2803.1 0)
(1160.15 2790.21 0)
(22.7716 2755.88 0)
(-125.823 2800.35 0)
(-38.2051 2819.37 0)
(-69.6933 2802.73 0)
(69.5863 763.96 0)
(-5.63407 839.563 0)
(-395.135 2816.27 0)
(765.453 2749.96 0)
(-125.672 2876.62 0)
(-184.424 2819.21 0)
(-81.1432 2699.14 0)
(-174.455 2744.6 0)
(-100.572 1764.03 0)
(298.9 2610.24 0)
(-267.706 2879.8 0)
(1443.27 1854.43 0)
(-2060.2 1305.65 0)
(486.117 2835.39 0)
(-1521.7 1692.42 0)
(470.946 1737.74 0)
(-861.377 2061.6 0)
(44.5173 2757.52 0)
(-741.404 2863.48 0)
(528.508 2394.75 0)
(-46.6022 389.202 0)
(281.717 2668.15 0)
(22.6498 314.585 0)
(394.508 2483.87 0)
(-67.8154 2804.81 0)
(113.054 462.343 0)
(68.1844 1366.46 0)
(-84.6136 2646.27 0)
(1013.95 2765.41 0)
(-2245.22 1339.47 0)
(250.069 2670.53 0)
(-161.362 3007.46 0)
(-100.072 2775.02 0)
(-37.1239 2797.13 0)
(-49.1242 3010.91 0)
(106.288 445.517 0)
(313.053 2810.85 0)
(-1400.77 1735.74 0)
(66.9682 342.301 0)
(259.148 2618 0)
(-1453.4 2267.47 0)
(381.107 2661.91 0)
(-755.587 1748.28 0)
(-139.237 2577.29 0)
(-1352.79 2771.52 0)
(9.06893 871.982 0)
(405.945 2803.4 0)
(-330.342 2573.13 0)
(156.059 2733.37 0)
(-96.5338 1452.01 0)
(-55.0232 208.248 0)
(-1862.1 1391.63 0)
(957.823 1874.43 0)
(159.99 2710.54 0)
(-13.506 134.899 0)
(-5.35129 81.5749 0)
(19.3791 437.655 0)
(579.816 2793.89 0)
(-1416.08 2275.59 0)
(-77.0122 2801.01 0)
(-2042.53 1541.18 0)
(132.5 2365.68 0)
(-739.28 2863.89 0)
(1476.04 1718.08 0)
(1454.27 2740.42 0)
(-640.153 2698.28 0)
(-441.488 2847.15 0)
(324.912 2544.37 0)
(-1632.94 1311.88 0)
(-45.1926 2803.52 0)
(362.213 2579.04 0)
(-301.329 2573.31 0)
(258.253 2760.8 0)
(-1887.5 2166.75 0)
(926.047 1749.29 0)
(-18.5609 584.321 0)
(88.1546 458.661 0)
(-97.4398 896.41 0)
(-31.4379 2784.71 0)
(17.427 2770.86 0)
(128.023 451.662 0)
(-109.778 2724.15 0)
(-398.713 2844.02 0)
(286.46 2502.38 0)
(32.0785 2770.06 0)
(344.151 2867.87 0)
(48.6349 2802.41 0)
(1606.36 1678.24 0)
(-153.633 593.239 0)
(-1879.7 1741.73 0)
(-539.032 2303.62 0)
(-739.727 2673.85 0)
(1302.09 1685.62 0)
(172.983 736.003 0)
(-952.603 2792.48 0)
(-1486.74 2269.76 0)
(-427.559 1652.36 0)
(28.3178 226.858 0)
(-2463.02 960.001 0)
(992.209 2743.1 0)
(918.681 2948.55 0)
(-13.7987 120.984 0)
(-63.3613 311.22 0)
(-1384.57 3031.18 0)
(537.226 2571.79 0)
(-1096.88 2778.12 0)
(1330.68 1948.49 0)
(-712.147 2012.8 0)
(102.182 2780.62 0)
(-7.24967 2775.75 0)
(14.3265 163.832 0)
(22.7378 79.6142 0)
(-1654.49 1987.29 0)
(414.195 2089.19 0)
(-43.341 2757.07 0)
(115.695 2355.48 0)
(-18.7097 185.964 0)
(-205.938 754.715 0)
(-2248.21 1162.22 0)
(-325.572 2823.06 0)
(-1930.26 1739.27 0)
(25.4461 2823.54 0)
(-286.556 2584.82 0)
(121.036 1930.07 0)
(148.224 2928.36 0)
(569.627 2954.09 0)
(-242.232 2643.71 0)
(-199.546 2805.23 0)
(400.631 2615.58 0)
(-1717.09 2347.66 0)
(14.0033 267.142 0)
(33.336 127.48 0)
(-64.2509 2768.08 0)
(-1300.19 2736.39 0)
(321.594 2204.96 0)
(-805.488 2330.53 0)
(-3.0808 2851.11 0)
(-57.7782 214.435 0)
(1.67206 2820.52 0)
(450.512 2732.56 0)
(1001 2990.48 0)
(-771.913 1761.75 0)
(-1854.85 1863.98 0)
(31.5084 2765.79 0)
(1252.55 2903.09 0)
(-353.006 2622.75 0)
(-303.058 2482.24 0)
(441.248 2598.72 0)
(105.102 2749.14 0)
(-693.949 2252.77 0)
(-182.6 774.246 0)
(-56.8546 230.383 0)
(101.201 533.588 0)
(100.722 2810.14 0)
(-6.69479 2857.67 0)
(348.414 2859.87 0)
(-409.953 2898.7 0)
(-64.2155 2702.37 0)
(607.505 2291.84 0)
(-32.2883 533.795 0)
(-23.7759 211.016 0)
(-509.019 2408.55 0)
(1650.13 2093.61 0)
(-601.86 2271.75 0)
(82.2892 2820.35 0)
(1232.2 2102.4 0)
(-13.0869 132.584 0)
(-37.2441 1301.43 0)
(1419.73 2371.95 0)
(-37.0375 141.42 0)
(172.547 2509.26 0)
(-315.086 2893.23 0)
(300.99 1751.83 0)
(172.026 2771.38 0)
(-1610.36 1494.73 0)
(-900.615 2695.61 0)
(999.328 2382.63 0)
(560.956 2345.11 0)
(-110.089 2789.19 0)
(635.213 2351.36 0)
(-61.0618 2830.3 0)
(87.5253 2810.15 0)
(-72.6539 2775.91 0)
(-28.203 628.113 0)
(1042.22 2650.73 0)
(21.1847 799.907 0)
(118.495 2713.8 0)
(-2327.09 1170.26 0)
(56.9889 2822.81 0)
(395.593 2878.89 0)
(25.7476 231.267 0)
(-55.1125 2640.58 0)
(16.57 2849.42 0)
(385.431 2854.22 0)
(1114.51 1729.96 0)
(3.11406 394.839 0)
(1316.71 2640.5 0)
(-18.5327 99.4911 0)
(-119.324 2779.15 0)
(788.563 2218.31 0)
(-92.6936 430.439 0)
(-3.08622 2775.54 0)
(-172.008 787.921 0)
(1649.57 643.599 0)
(502.501 2747.69 0)
(-1656.44 2089.59 0)
(-1077.92 1757.35 0)
(780.843 2655.48 0)
(-66.8947 2774.18 0)
(128.253 1416.44 0)
(-116.073 2754.45 0)
(-35.8995 2148.21 0)
(270.657 2914.66 0)
(-1480.81 3083.04 0)
(-1601.95 2631.37 0)
(2135.03 1419.08 0)
(96.6787 2765.81 0)
(456.274 2745.14 0)
(-1676.88 2733.83 0)
(24.4195 84.9396 0)
(22.2376 441.114 0)
(-2048.18 1713.31 0)
(15.2869 562.304 0)
(-2252.44 1217.01 0)
(1071.32 628.151 0)
(-102.187 559.547 0)
(167.722 613.378 0)
(55.2385 2783.5 0)
(431.872 1783.68 0)
(46.6323 2512.98 0)
(-171.466 583.66 0)
(273.964 2773.43 0)
(-1888.49 1525.4 0)
(79.202 599.271 0)
(-382.606 1703.1 0)
(39.6714 135.233 0)
(767.217 2821.25 0)
(-22.4033 598.569 0)
(-575.706 2308.21 0)
(-142.593 681.362 0)
(-1712.32 2261.53 0)
(404.86 2829.71 0)
(78.879 2801.58 0)
(-283.434 2585.98 0)
(-273.11 2601.07 0)
(-1221.81 2279.08 0)
(142.956 2500.01 0)
(-438.883 2369.44 0)
(-6.63078 1002.78 0)
(-192.932 2601.42 0)
(35.2369 190.591 0)
(-335.598 2822.03 0)
(149.795 1972.66 0)
(-111.765 379.647 0)
(-170.025 2867.96 0)
(55.4075 2803.68 0)
(1238.8 2728.49 0)
(2155.81 1404.56 0)
(-1295.65 2916.8 0)
(42.1217 389.141 0)
(1961.24 1210.03 0)
(249.161 2693.32 0)
(1185.28 2708.75 0)
(17.5317 401.083 0)
(544.643 2743.95 0)
(212.768 2532.1 0)
(-2192.31 1400.73 0)
(-880.537 2822.26 0)
(1280.99 2717.65 0)
(360.274 2586.08 0)
(1802.66 1867.29 0)
(947.015 1855.8 0)
(-19.9539 655.28 0)
(41.8932 2721.69 0)
(-33.6334 267.977 0)
(-767.149 2596.12 0)
(28.617 107.006 0)
(373.322 2918.26 0)
(757.036 2599.6 0)
(-407.17 2883.21 0)
(315.787 2831.1 0)
(123.684 2573.06 0)
(7.81117 63.7575 0)
(-21.7859 2467.25 0)
(-68.6021 2530.48 0)
(-37.3227 2880.93 0)
(61.1347 228.794 0)
(-4.21812 96.1652 0)
(-1406.43 2814.73 0)
(1644.65 1622.49 0)
(-345.598 2004.28 0)
(33.0158 2724.49 0)
(-20.9911 201.388 0)
(24.8987 102.071 0)
(78.3898 345.939 0)
(-618.512 2761.99 0)
(1820.91 778.078 0)
(287.894 2888.53 0)
(20.7995 595.662 0)
(330.84 2597.89 0)
(369.633 2822.27 0)
(-38.7362 403.699 0)
(-1464.9 3052.3 0)
(-903.672 2630.95 0)
(61.6073 687.678 0)
(138.03 1987.35 0)
(-2231.32 1185.91 0)
(-35.8209 149.606 0)
(22.9425 226.328 0)
(-170.629 2770.69 0)
(-1401.38 1716.16 0)
(-624.698 2894.8 0)
(1199.03 2730.98 0)
(-1076.67 2550.21 0)
(59.0082 232.133 0)
(1523.01 2274.02 0)
(1596.81 2153.21 0)
(37.7148 128.49 0)
(-56.2952 267.438 0)
(-139.715 751.796 0)
(-40.7938 2773.37 0)
(-16.9941 1317.39 0)
(556.081 2744.13 0)
(-111.687 2739.04 0)
(-45.1653 169.662 0)
(-167.508 2773.53 0)
(-624.025 2128.97 0)
(-1988.22 1443.75 0)
(87.2756 2513.94 0)
(-75.3144 2839.63 0)
(1224.38 2271.07 0)
(107.078 2805.79 0)
(427.522 2899.53 0)
(244.13 1524.76 0)
(80.7518 2822.72 0)
(-615.232 400.434 0)
(-145.866 2678.97 0)
(-881.903 2688.43 0)
(-35.0526 2711.96 0)
(7.37628 291.485 0)
(11.5493 94.6856 0)
(-318.092 1572.34 0)
(198.521 711.002 0)
(142.956 2746.26 0)
(-2413.56 1019.9 0)
(-450.635 2557.29 0)
(152.885 2741.47 0)
(30.7406 115.388 0)
(48.0559 193.861 0)
(105.564 2817.21 0)
(-2354.68 959.804 0)
(-258.486 2409.64 0)
(90.705 2807.26 0)
(160.077 2789.18 0)
(2395.26 1010.04 0)
(-248.677 2817.36 0)
(-642.283 2774.49 0)
(620.966 2218.42 0)
(-485.381 2824.66 0)
(-60.6374 317.768 0)
(75.9056 2746.88 0)
(-660.316 2159.33 0)
(246.001 2606.63 0)
(2379.48 1385 0)
(1329.17 2747.04 0)
(22.2208 2813.15 0)
(113.19 1104.53 0)
(303.22 2627.89 0)
(-59.8065 2837.05 0)
(433.808 2697.92 0)
(27.9556 557.365 0)
(223.222 2912.95 0)
(824.381 2697.88 0)
(-24.8992 2768.81 0)
(-1511.24 2606.22 0)
(-51.0367 578.038 0)
(568.698 2743.46 0)
(-100.101 2768.21 0)
(-975.7 1928.94 0)
(-1284 735.873 0)
(-406.575 1726.44 0)
(-46.8244 432.859 0)
(-112.466 534.157 0)
(324.793 2837.85 0)
(-33.438 251.205 0)
(-935.772 2687.81 0)
(28.7353 146.93 0)
(1303.65 2742.91 0)
(-43.0104 2382.11 0)
(349.263 2543.49 0)
(-788.633 2672.43 0)
(25.041 320.428 0)
(-2000.77 1675 0)
(1637.65 2825.35 0)
(96.3529 2810.57 0)
(-364.554 2846.9 0)
(-1882.59 2100.73 0)
(-10.4862 1033.36 0)
(581.452 2771.21 0)
(-282.019 2598.84 0)
(-12.3862 136.401 0)
(165.274 2600.35 0)
(12.9097 159.502 0)
(-120.663 2778.3 0)
(203.28 2724.2 0)
(1301.78 2715.97 0)
(632.969 2903.85 0)
(1102.36 2269.05 0)
(249.631 2680.01 0)
(1.82873 2768.78 0)
(-731.381 2379.43 0)
(1124.56 1894.48 0)
(326.632 2908.14 0)
(190.71 2292.62 0)
(-117.102 2672.41 0)
(-346.599 2572.04 0)
(35.11 382.941 0)
(-157.73 2761.15 0)
(-127.534 455.023 0)
(21.5161 588.116 0)
(-2443.63 1134.4 0)
(128.137 2765.47 0)
(1.455 130.766 0)
(-111.963 526.661 0)
(-272.703 2823.58 0)
(-28.4393 252.287 0)
(-19.2631 2787 0)
(-228.889 2393.77 0)
(-79.9551 298.963 0)
(1635.44 2285.79 0)
(-1445.05 2841.32 0)
(-251.85 2466.76 0)
(108.532 363.729 0)
(-88.4907 328.547 0)
(-12.4629 2568.44 0)
(81.4407 696.914 0)
(922.016 2583.77 0)
(-1404.62 2793.76 0)
(276.429 2614.15 0)
(684.635 2817.4 0)
(101.81 2723.28 0)
(-39.6016 1252.68 0)
(-116.691 2894.4 0)
(-463.256 2019.61 0)
(-156.921 530.391 0)
(-1690.09 2282.99 0)
(36.072 2852.87 0)
(-1696.17 2639.26 0)
(-817.188 2843.16 0)
(1585.15 2534.17 0)
(-5.14566 2378.22 0)
(6.28159 386.033 0)
(573.965 1722.33 0)
(55.6038 2532.55 0)
(200.231 2758.94 0)
(330.764 2809.88 0)
(-1717.12 2582.73 0)
(-1161.21 2474.35 0)
(-20.8213 210.032 0)
(559.702 2915.31 0)
(-18.0111 2755.97 0)
(592.408 2827.38 0)
(-1334.8 2038.69 0)
(-241.174 2882.1 0)
(-442.795 2225.39 0)
(2394.91 1510.27 0)
(168.593 2778.46 0)
(-348.179 2556.17 0)
(119.252 2463.18 0)
(-86.096 336.12 0)
(-197.38 2706.16 0)
(1479.44 2787.55 0)
(1356.39 544.936 0)
(382.05 2192.38 0)
(97.3372 834.8 0)
(-433.425 143.387 0)
(1675.99 2190 0)
(610.818 2176.86 0)
(65.2586 374.291 0)
(128.178 2799.7 0)
(137.645 2755.93 0)
(-101.352 2752.62 0)
(1581.43 685.283 0)
(-1460.12 2928.41 0)
(16.6224 233.458 0)
(2119.51 1462.18 0)
(1559.23 2834.82 0)
(652.207 2774.93 0)
(-5.28353 2853.63 0)
(-744.04 2637.3 0)
(405.711 2800.13 0)
(1348.05 2739.13 0)
(98.5881 2555.05 0)
(1193.62 2644.67 0)
(-109.743 962.479 0)
(731.856 2810.47 0)
(-990.76 1806.71 0)
(-349.018 2512.68 0)
(632.936 1743.11 0)
(22.0341 75.816 0)
(-670.764 2220.21 0)
(-597.213 2336.1 0)
(-716.951 2157.46 0)
(-1415.77 1686.48 0)
(-1316.91 2773.81 0)
(9.37764 82.6381 0)
(-238.259 2498.8 0)
(558.297 2258.85 0)
(-1504.2 642.804 0)
(82.8248 2744.52 0)
(1530.49 2832.27 0)
(-881.667 2854.18 0)
(-40.3978 408.147 0)
(1745.09 1262.73 0)
(-27.282 473.309 0)
(-67.5161 260.653 0)
(16.3579 163.425 0)
(1567.15 2755.15 0)
(-280.575 2820.49 0)
(5.38104 2751.89 0)
(-1491.95 1861.58 0)
(-14.9991 138.164 0)
(-980.233 1964.39 0)
(342.474 2769.36 0)
(1721.1 2399.57 0)
(-377.146 2552.06 0)
(-1485.63 2137.09 0)
(-693.139 2203.36 0)
(471.649 2873.55 0)
(164.147 2851.69 0)
(2120.99 1417.2 0)
(-34.1142 500.177 0)
(-180.138 2369.01 0)
(186.859 1148.93 0)
(165.721 2793.6 0)
(1283.65 2653.33 0)
(1065.86 2669.79 0)
(-665.777 2744.6 0)
(567.442 2778.06 0)
(-161.818 2574.46 0)
(292.299 2563.25 0)
(-503.194 2574.43 0)
(4.37346 2425.95 0)
(-865.039 1752.41 0)
(51.0188 2818.21 0)
(-52.7296 211.432 0)
(-301.11 2823.36 0)
(-919.542 2731.69 0)
(-21.1371 226.707 0)
(99.6247 2722.36 0)
(652.759 2793.29 0)
(-57.4936 2920.32 0)
(588.262 2346.84 0)
(2450.15 1463.36 0)
(-53.0895 2838.21 0)
(625.704 2792.3 0)
(-755.46 2731.68 0)
(100.222 1219.77 0)
(959.815 2870.63 0)
(45.0875 2707.89 0)
(1018.1 2662.43 0)
(377.062 2494.34 0)
(-505.464 2199.63 0)
(-1698.58 1635.28 0)
(654.151 2860.19 0)
(16.2085 2824.84 0)
(293.123 2848.63 0)
(-117.081 442.942 0)
(44.531 170.657 0)
(37.1076 188.811 0)
(-25.9245 854.059 0)
(-0.020649 82.8221 0)
(292.874 2803.41 0)
(-151.143 2779.52 0)
(-887.784 2892.76 0)
(-1662.42 2619.72 0)
(-131.088 2918.67 0)
(-87.3141 2671.29 0)
(774.369 2175.83 0)
(-77.1434 304.29 0)
(-1361.4 1686.22 0)
(546.458 2832.35 0)
(-16.6853 74.2854 0)
(1562.34 2177.24 0)
(147.754 2744.01 0)
(-1706.58 1431.61 0)
(9.07829 70.8778 0)
(608.953 2761.18 0)
(352.207 1754.69 0)
(828.991 2644.56 0)
(-114.015 2747.89 0)
(35.3722 144.485 0)
(1109.62 1849.34 0)
(919.03 2738.13 0)
(103.266 2726.91 0)
(-112.139 410.458 0)
(-17.7625 98.2836 0)
(603.352 2751.29 0)
(157.132 2723.75 0)
(257.673 2603.51 0)
(222.207 2327.59 0)
(1059.19 1773.08 0)
(290.607 2139.92 0)
(-578.621 349.066 0)
(1180.79 2360.82 0)
(-426.269 2408.36 0)
(-132.419 2799.34 0)
(283.836 2895.2 0)
(34.2093 2709.6 0)
(-37.5132 150.37 0)
(1777.74 544.312 0)
(-180.937 2775.98 0)
(-881.06 2821.58 0)
(148.253 2748.79 0)
(922.63 1887.27 0)
(264.179 2699.89 0)
(69.8558 2789.7 0)
(-267.356 1553.61 0)
(236.719 2854.6 0)
(91.3156 2556.36 0)
(1095.61 1972.43 0)
(91.0171 765.288 0)
(-1242.02 2453.42 0)
(840.681 2625.67 0)
(78.5417 2694.8 0)
(-2277.35 1136.91 0)
(2287.3 1620.77 0)
(-897.32 1994.36 0)
(-704.124 2767.39 0)
(-339.855 2842.21 0)
(207.1 2617.02 0)
(37.144 147.047 0)
(566.184 2831.01 0)
(166.874 2210.02 0)
(436.877 2424.5 0)
(-482.129 2397.92 0)
(26.0926 586.567 0)
(141.996 2751.33 0)
(326.899 2402.41 0)
(1221.59 1715.03 0)
(-36.6981 1438.21 0)
(-29.4323 109.146 0)
(55.8035 2804.61 0)
(111.535 1096.07 0)
(63.7417 2817.42 0)
(-12.3276 114.527 0)
(290.937 2801.08 0)
(-766.01 2671.7 0)
(986.918 2776.23 0)
(-1588.77 2376.76 0)
(-786.417 2247.54 0)
(23.9553 90.8786 0)
(291.174 2551.42 0)
(-783.624 2350.32 0)
(36.9873 2835.7 0)
(-31.6259 238.875 0)
(-749.941 2724.71 0)
(76.5448 283.857 0)
(157.208 2537.61 0)
(256.212 1541.13 0)
(-20.2412 2161.33 0)
(-2047.62 1742.13 0)
(100.922 374.195 0)
(-1085.74 2992.34 0)
(81.4918 389.351 0)
(-13.4581 101.803 0)
(563.636 2675.27 0)
(2097.92 1473.24 0)
(-64.6868 2855.95 0)
(-1036.91 2447.03 0)
(-819.072 2843.12 0)
(-59.991 922.936 0)
(648.607 2815.6 0)
(2181.53 1343.65 0)
(311.92 2102.47 0)
(33.6469 2765.35 0)
(758.504 2817.52 0)
(46.3069 2764.45 0)
(-5.41017 80.1964 0)
(42.5224 2847.45 0)
(-27.7083 136.519 0)
(-98.5674 2363.53 0)
(-29.6839 503.91 0)
(-62.1623 484.026 0)
(-549.896 1836.34 0)
(32.3537 2848.21 0)
(-186.066 2556.22 0)
(625.968 2597.64 0)
(13.3598 403.994 0)
(-2306.42 1077.54 0)
(-815.796 2590.82 0)
(-76.933 2715.51 0)
(-320.906 2581.63 0)
(-89.4476 2796.76 0)
(150.405 2803.5 0)
(-347.696 2572.36 0)
(596.54 2808.95 0)
(1054.84 1668.15 0)
(69.0775 1316.95 0)
(85.4897 2965.49 0)
(-1719.82 2642.65 0)
(117.028 2875.87 0)
(-33.6221 1371.1 0)
(-1093.54 1769.33 0)
(-99.8313 2802.65 0)
(138.485 2995.54 0)
(146.685 530.146 0)
(-50.3596 346.883 0)
(183.091 2824.71 0)
(-1875.01 1842.32 0)
(626.69 2755.46 0)
(56.3063 682.958 0)
(-2305.3 1058.92 0)
(582.973 2798.82 0)
(-155.721 2895.68 0)
(-453.629 2847.47 0)
(2185.33 1102.08 0)
(52.129 278.665 0)
(-141.341 2482.6 0)
(-139.184 741.278 0)
(-164.773 2652.53 0)
(-130.854 2602.01 0)
(46.5038 209.868 0)
(823.262 2595.73 0)
(-18.1086 96.7542 0)
(-1926.05 1460.95 0)
(-83.0719 2460.64 0)
(-32.2301 143.039 0)
(61.1699 362.763 0)
(-2293.45 1236.02 0)
(-215.06 1578.24 0)
(-224.509 836.663 0)
(-268.439 2594.28 0)
(74.1242 389.943 0)
(-0.307878 82.7793 0)
(79.9802 2694.22 0)
(539.206 2533.76 0)
(-1850.16 508.082 0)
(1584.17 586.899 0)
(-1265.72 2743.76 0)
(-111.478 2738.73 0)
(-1949.01 1749.57 0)
(43.2055 2760.2 0)
(88.7849 711.981 0)
(-121.04 735.821 0)
(71.7875 375.03 0)
(-52.0085 864.14 0)
(45.8492 671.026 0)
(-290.163 2551.68 0)
(-1563.95 2129.61 0)
(105.482 2464.69 0)
(-579.377 1989.94 0)
(159.732 2853.66 0)
(104.505 430.432 0)
(60.5343 2801.37 0)
(418.069 2455.23 0)
(271.684 2859.28 0)
(-2248.93 1250.94 0)
(121.775 445.88 0)
(-840.905 2876.64 0)
(75.6637 377.121 0)
(108.86 2250.81 0)
(1299.95 1986.36 0)
(-859.657 2582.32 0)
(-62.8925 271.486 0)
(-41.7027 168.109 0)
(-310.971 2444.45 0)
(-784.293 2282.74 0)
(210.447 2796.6 0)
(-33.3096 458.655 0)
(-387.426 2851.68 0)
(514.699 2823.2 0)
(509.932 2482.85 0)
(10.5777 169.36 0)
(-32.3208 2807.26 0)
(707.531 2826.06 0)
(-292.759 2835.98 0)
(-26.8426 215.25 0)
(-77.1999 2601.35 0)
(158.838 732.992 0)
(-780.689 2707.84 0)
(-1918.31 1741.67 0)
(96.4017 2809.36 0)
(168.707 2883.51 0)
(-297.173 2827.55 0)
(-435.746 1666.37 0)
(-42.66 2899.41 0)
(-122.105 444.099 0)
(-22.5155 2733.16 0)
(-373.041 1967.63 0)
(41.3666 2760.24 0)
(-82.6006 2592.56 0)
(346.211 2546.13 0)
(24.4877 100.736 0)
(-298.333 2826.57 0)
(-1135.91 2821.44 0)
(821.304 2054.05 0)
(569.495 2730.07 0)
(146.632 2859.5 0)
(1150.19 1910.01 0)
(103.722 515.083 0)
(504.665 2254.47 0)
(-69.1928 310.637 0)
(7.13975 65.6654 0)
(222.308 2853.7 0)
(-29.5343 2757.49 0)
(614.003 2173.19 0)
(104.373 867.065 0)
(-831.607 2057.23 0)
(944.48 2075.37 0)
(-1393.66 1751.73 0)
(152.146 2573.92 0)
(-2345.18 1189.43 0)
(-2029.72 1699.54 0)
(503.376 2851.63 0)
(-177.174 2532.26 0)
(228.13 2288.06 0)
(412.268 2470.68 0)
(796.665 2002.72 0)
(1027.19 2782.79 0)
(-154.648 1258.12 0)
(592.314 369.296 0)
(-166.89 2598.23 0)
(-88.5262 2778.28 0)
(-88.3616 321.785 0)
(-895.599 2736.41 0)
(416.326 2616.9 0)
(-282.255 2833.14 0)
(1548.47 2200.69 0)
(261.739 2780.54 0)
(317.5 2691.34 0)
(-547.364 2361.09 0)
(-9.49132 2809.35 0)
(0.580081 2829.64 0)
(637.399 2807.03 0)
(109.553 416.469 0)
(-649.248 2786.24 0)
(2199.21 1736.52 0)
(624.158 2183.05 0)
(55.4756 2886.64 0)
(-10.698 824.808 0)
(825.582 2845.83 0)
(304.225 2362.17 0)
(-244.164 2619.41 0)
(67.9498 2787.32 0)
(-1519.95 586.123 0)
(-112.535 2667.13 0)
(152.3 2742.61 0)
(-137.804 2287.38 0)
(639.562 2902.67 0)
(-1156.67 1710.42 0)
(-1648.85 1540.53 0)
(-14.6726 109.371 0)
(-477.655 2407.9 0)
(959.011 2777.41 0)
(338.485 2634.94 0)
(975.748 2767.44 0)
(244.158 2708.95 0)
(-1870.76 1053.84 0)
(-43.5089 2836.03 0)
(-9.33315 168.004 0)
(48.8827 2725.9 0)
(-225.841 2627.32 0)
(-32.2728 134.244 0)
(401.085 2112.95 0)
(-1540.91 1840.77 0)
(-227.236 2515.05 0)
(-0.84513 2636.33 0)
(2217.91 1275.75 0)
(85.0301 2812.4 0)
(-678.168 1936.85 0)
(-40.2358 152.689 0)
(-110.228 2788 0)
(7.47565 80.4862 0)
(5.22387 2728.38 0)
(180.15 607.599 0)
(-1109.6 2757.61 0)
(2124.1 1746.1 0)
(-1.02193 1139.92 0)
(568.277 2817.84 0)
(-136.903 2899.31 0)
(-99.7002 960.222 0)
(970.462 1358.22 0)
(1327.42 2682.63 0)
(5.71146 2772.17 0)
(283.129 2813.5 0)
(-395.751 2467.46 0)
(950.675 2507.22 0)
(2219.05 1155.14 0)
(-113.822 2762.5 0)
(-95.2502 2806.87 0)
(520.123 2948.86 0)
(-1387.54 569.213 0)
(42.7895 2751.94 0)
(-209.619 2642.71 0)
(-11.3863 2171.67 0)
(219.8 2726.67 0)
(139.5 2768.74 0)
(-609.832 2753.07 0)
(-10.9971 119.36 0)
(33.6712 2856.68 0)
(-28.4446 115.393 0)
(198.859 2779.28 0)
(-396.648 2824.88 0)
(412.692 2253.04 0)
(2112.12 1035.51 0)
(103.679 946.084 0)
(78.0299 284.905 0)
(-362.125 2530.69 0)
(153.9 2737.97 0)
(2326.34 1082.91 0)
(-233.233 2815.87 0)
(-509.799 1666.9 0)
(-232.333 2459.07 0)
(-20.0281 857.257 0)
(2152.88 1411.72 0)
(641.599 2643.68 0)
(-113.548 2770.92 0)
(445.741 2113.12 0)
(-1577.32 1685.06 0)
(-22.6784 216.021 0)
(1310.9 2658.6 0)
(285.704 2564.94 0)
(476.966 2548.63 0)
(-777.821 2254.13 0)
(-2321.93 1232.21 0)
(573.991 2367.95 0)
(-912.258 2831.74 0)
(-782.177 2171.84 0)
(-457.643 2340.3 0)
(31.4151 2742.22 0)
(-310.87 2834.05 0)
(2108.6 1489.16 0)
(1533.99 2194.44 0)
(36.8191 2814.51 0)
(-32.6385 137.687 0)
(-215.739 2788.45 0)
(-3.95492 2459.82 0)
(194.639 2432.65 0)
(-1271.39 1805.05 0)
(-899.386 2710.94 0)
(-11.8686 113.003 0)
(340.033 2555.93 0)
(-89.1216 433.757 0)
(-80.491 423.118 0)
(-99.464 2518.6 0)
(99.2376 1101.58 0)
(20.5157 2276.19 0)
(-362.068 2479.07 0)
(1454.77 693.911 0)
(-1085.11 1927.43 0)
(-314.147 2832 0)
(-50.945 381.719 0)
(165.892 3005.2 0)
(127.699 2735.18 0)
(107.67 2776.47 0)
(72.3076 265.866 0)
(695.676 2823.28 0)
(50.9305 224.973 0)
(360.518 2805.09 0)
(-28.0365 2581.23 0)
(0.789768 2734.5 0)
(554.181 2841.03 0)
(1547.17 1725.72 0)
(-224.642 2627.03 0)
(-17.4026 281.409 0)
(-1284.46 1795.14 0)
(34.4863 156.343 0)
(254.334 83.7467 0)
(-56.6414 2824.49 0)
(566.477 2805.83 0)
(135.022 586.514 0)
(2232.39 1293.28 0)
(-1924.69 1775.12 0)
(574.889 2824.78 0)
(-197.281 2640.57 0)
(1287.76 2270.18 0)
(63.0751 1866.35 0)
(-1.59792 1242.3 0)
(-2064.02 1361.35 0)
(-123.576 469.694 0)
(-39.1738 2649.72 0)
(72.1581 1360.29 0)
(-107.308 525.558 0)
(-310.451 2820.66 0)
(2118.92 1448.75 0)
(952.769 2506.48 0)
(126.49 2798.02 0)
(277.032 2576.35 0)
(342.892 1817.61 0)
(76.1359 610.283 0)
(96.0462 2442.14 0)
(67.7456 2456.28 0)
(-86.291 2766.1 0)
(1093.89 1929.87 0)
(-73.7875 2803.34 0)
(-866.89 2103.67 0)
(505.73 2413.31 0)
(-71.0381 737.835 0)
(-2079.91 1159.4 0)
(-890.791 2690.39 0)
(-1.69599 2837.45 0)
(-96.1371 2780.48 0)
(15.4649 143.005 0)
(921.676 1848.95 0)
(2217.72 1290.68 0)
(320.77 2523.18 0)
(-130.295 2922.99 0)
(-33.5343 135.486 0)
(-1029.41 2797.33 0)
(473.252 2377.29 0)
(68.9819 377.195 0)
(1698.42 1326.4 0)
(0.110742 544.566 0)
(99.6067 2791.31 0)
(-107.845 2796.28 0)
(124.162 1420.83 0)
(15.6425 540.411 0)
(-481.508 2811.29 0)
(1251.41 1707.39 0)
(1728.95 2000.45 0)
(2380.55 1191.67 0)
(-3.08746 1174.74 0)
(-134.35 756.666 0)
(-22.875 2370.56 0)
(-150.689 2154.47 0)
(101.611 439.081 0)
(-289.452 2901.94 0)
(-89.7335 2800.26 0)
(-814.274 2592.07 0)
(-88.4449 2797.73 0)
(-76.5328 2744.11 0)
(157.287 2783.96 0)
(-2.27995 826.786 0)
(1049.19 1745.24 0)
(-1266.25 2272.77 0)
(-39.186 502.021 0)
(-13.9143 107.981 0)
(54.7923 276.219 0)
(1145.65 2717.07 0)
(98.9692 961.202 0)
(515.473 2804.23 0)
(27.7136 106.25 0)
(155.565 2927.52 0)
(180.638 2715.79 0)
(43.2022 1182.08 0)
(-1208.01 2480.41 0)
(43.7447 2759.63 0)
(-485.948 2818.5 0)
(4.27442 132.606 0)
(-214.92 2582.92 0)
(4.91482 2871.85 0)
(256.564 2861.01 0)
(-1555.55 2509.59 0)
(51.164 207.91 0)
(76.4439 618.571 0)
(177.668 2868.19 0)
(6.15759 82.4243 0)
(-39.6181 967.024 0)
(223.005 2629.81 0)
(2431.58 957.417 0)
(-35.6249 141.7 0)
(286.347 2353.64 0)
(-214.181 2471.71 0)
(-20.2273 267.991 0)
(-1304.31 2248 0)
(-56.2497 1433.56 0)
(-782.013 2216.8 0)
(568.193 2943.36 0)
(344.698 2757.06 0)
(845.062 2774.39 0)
(73.4606 2847.7 0)
(-39.2994 160.035 0)
(633.472 2703.67 0)
(253.325 1720.43 0)
(42.7255 173.088 0)
(209.356 2756.43 0)
(-17.2531 2773.81 0)
(-2044.58 1136.05 0)
(697.38 2814.98 0)
(-117.682 1962.95 0)
(391.368 2876.5 0)
(574.31 2748.74 0)
(194 680.519 0)
(-119.203 2769.44 0)
(-88.3762 338.687 0)
(152.606 2754.24 0)
(-662.813 2748.67 0)
(952.644 2262.3 0)
(-436.113 2294.12 0)
(855.338 2008.19 0)
(559.3 2928.99 0)
(1364.15 1703.03 0)
(20.1541 562.043 0)
(-1079.19 1760.13 0)
(-1106.16 1869.77 0)
(-1866.73 1901.45 0)
(-1463.87 1658.53 0)
(-19.1616 170.039 0)
(-38.2311 2775.53 0)
(1420.34 2697.88 0)
(164.583 2787.56 0)
(123.897 1865.93 0)
(-987.421 2805.07 0)
(9.75682 146.378 0)
(1745.69 2403.59 0)
(-4.09792 1186.61 0)
(-49.0765 2927.54 0)
(4.47224 2739.52 0)
(33.5361 2756.86 0)
(675.53 2776.45 0)
(3.88352 115.047 0)
(1329.91 1952.77 0)
(272.019 2694.99 0)
(284.921 2177.2 0)
(-1011.53 2685.6 0)
(11.8462 157.377 0)
(12.4792 161.928 0)
(65.8591 2230.91 0)
(30.6912 847.447 0)
(-4.10422 671.597 0)
(228.079 2609.2 0)
(-359.425 2514.33 0)
(159.963 2754.56 0)
(-98.9286 358.989 0)
(-363.123 2553.83 0)
(1526.87 2151.09 0)
(1535.75 2183.93 0)
(14.0157 1218.22 0)
(271.637 2567.28 0)
(853.017 2880.35 0)
(163.223 765.486 0)
(1623.26 2152.99 0)
(89.3925 2802.13 0)
(-79.9453 271.381 0)
(-554.121 2370.96 0)
(-2059.32 1567.78 0)
(-13.1717 138.338 0)
(15.8689 2766.93 0)
(-854.723 2209.26 0)
(-172.579 2651.68 0)
(115.019 2518.56 0)
(-89.3435 2381.36 0)
(89.7285 1035.45 0)
(-286.72 2561.97 0)
(312.198 2551.72 0)
(1547.84 2183.78 0)
(-12.5757 111.43 0)
(1988.37 1161.13 0)
(-693.017 790.319 0)
(786.98 2092.71 0)
(-989.393 2816.7 0)
(563.538 2809.66 0)
(-1694.42 1617.35 0)
(-11.4275 116.129 0)
(82.6346 2805.07 0)
(-619.606 2757.28 0)
(-32.4987 2711.05 0)
(2041.2 1866.06 0)
(-1930.99 1765.79 0)
(-395.845 2365.23 0)
(-135.9 2791.33 0)
(96.2652 436.075 0)
(-22.028 2588.6 0)
(-105.571 2755.85 0)
(920.719 2749.47 0)
(-23.8611 537.025 0)
(-54.2393 2805.1 0)
(115.598 1589.9 0)
(235.455 2615.57 0)
(66.7206 346.437 0)
(62.764 253.153 0)
(70.4987 347.973 0)
(-131.956 2187.92 0)
(107.356 2748.36 0)
(148.313 2750.9 0)
(1050.96 1695.71 0)
(2109.97 1466.82 0)
(-722.561 2225.07 0)
(-1228.8 2295.86 0)
(-635.504 2753.35 0)
(893.808 2095.96 0)
(-237.205 1579.84 0)
(1004.71 1768 0)
(174.973 2802.38 0)
(-86.2057 2765.8 0)
(274.714 2971.18 0)
(-332.034 2823.94 0)
(38.3177 391.367 0)
(34.8091 140.459 0)
(1668.99 2396.03 0)
(2434.73 1277.9 0)
(1895.05 2003.62 0)
(-141.101 2808.29 0)
(97.4384 1204.83 0)
(379.958 2745.93 0)
(251.426 2579.82 0)
(1016.03 1800.83 0)
(396.795 2748.65 0)
(-12.3525 94.581 0)
(-294.571 2585.25 0)
(-1119.36 2509.75 0)
(356.957 2331.28 0)
(103.61 2691.26 0)
(97.6077 996.122 0)
(-100.896 2274.4 0)
(145.19 580.437 0)
(13.6369 131.649 0)
(-290.502 2432.3 0)
(256.225 2925.22 0)
(1909.03 877.331 0)
(-54.4495 2805.52 0)
(-619.494 1951.76 0)
(-39.4196 317.621 0)
(-320.971 2833.93 0)
(-206.438 2450.66 0)
(1976.29 1596.36 0)
(112.153 2782.8 0)
(-2084.32 836.812 0)
(-822.914 2665.67 0)
(209.759 2802.15 0)
(-1679.84 2265.01 0)
(-188.296 2790.1 0)
(807.86 2101.25 0)
(624.203 2767.01 0)
(-2055.06 1534.62 0)
(173.478 2725.16 0)
(39.4057 485.39 0)
(-471.994 2403.82 0)
(-631.459 2761.89 0)
(-25.9772 2603.75 0)
(-1156.62 2502.75 0)
(386.906 2487.1 0)
(1587.5 2253.08 0)
(-45.7918 2847.74 0)
(-51.5989 423.855 0)
(-66.5469 2309.26 0)
(1551.24 2181.81 0)
(-107.278 2758.87 0)
(-1452.1 2807.48 0)
(-1386.78 2221.1 0)
(-170.12 2814.25 0)
(98.9063 976.431 0)
(176.012 2802.64 0)
(-224.503 2521.92 0)
(96.0141 2858.87 0)
(25.9182 112.157 0)
(4.32561 113.293 0)
(-30.8781 605.481 0)
(195.475 694.989 0)
(-40.8151 178.146 0)
(-109.847 2754.16 0)
(-21.7098 708.991 0)
(-149.081 2752.21 0)
(-218.765 2823.82 0)
(1103.32 1682.37 0)
(174.29 772.41 0)
(87.9708 343.768 0)
(-1950.54 1529.44 0)
(-0.0184472 1175.29 0)
(-314.273 2821.17 0)
(43.3374 2593.91 0)
(-94.8475 343.054 0)
(-36.9199 311.824 0)
(-31.8005 2755.72 0)
(-268.272 2810.55 0)
(190.69 2319.92 0)
(67.2249 368.504 0)
(-963.026 1850.48 0)
(-63.4645 2809.59 0)
(-74.1063 2830.21 0)
(-500.342 2785.93 0)
(-95.0295 2798.45 0)
(126.138 505.302 0)
(64.5888 369.658 0)
(-1130.23 1977.24 0)
(-1547.42 1522.12 0)
(142.927 2801.97 0)
(249.842 2391.98 0)
(200.556 2805.77 0)
(41.9043 2818.56 0)
(-147.472 488.457 0)
(206.206 730.393 0)
(334.401 2640.26 0)
(2.89001 135.405 0)
(-51.0236 368.362 0)
(-511.495 2491.81 0)
(17.4728 2736.52 0)
(107.447 2803.4 0)
(-1222 2325.63 0)
(-193.782 689.941 0)
(25.5403 2536.14 0)
(148.655 2759.22 0)
(-294.872 2827.44 0)
(-844.408 2578.14 0)
(-388.057 2430.92 0)
(-28.8185 108.055 0)
(-86.5686 2685.53 0)
(836.054 1731.46 0)
(2231.47 1124.91 0)
(1323.67 2220.85 0)
(-202.359 2820.08 0)
(-98.1757 2795.78 0)
(-64.4983 2792.37 0)
(50.9278 2217.58 0)
(-384.827 2875.28 0)
(293.407 2562.68 0)
(210.12 2530.14 0)
(-43.3784 2367.53 0)
(-72.266 280.373 0)
(713.726 1862.16 0)
(-1753.73 2072.1 0)
(1944.18 1508.92 0)
(-477.605 1791.96 0)
(-98.5278 2792.67 0)
(-158.596 791.177 0)
(-140.021 655.696 0)
(-56.3825 1398.07 0)
(-24.2553 272.088 0)
(59.7305 2824.79 0)
(201.518 2804.69 0)
(15.8513 128.273 0)
(230.087 2605.56 0)
(929.127 2099.11 0)
(-129.824 2761.4 0)
(371.798 2641.81 0)
(-57.8091 2793.46 0)
(-64.1956 2790.72 0)
(-241.732 2822.76 0)
(-149.48 661.876 0)
(-518.802 2783.33 0)
(-279.486 2591.33 0)
(-511.822 2797.72 0)
(-774.356 1038.28 0)
(136.057 489.452 0)
(630.358 2879.5 0)
(1873.67 1993.53 0)
(-57.4056 588.016 0)
(1715.12 2212.27 0)
(969.808 2046.14 0)
(-358.662 2685.92 0)
(-93.3398 2764.11 0)
(-39.3408 437.915 0)
(-551.044 2548.8 0)
(74.0136 344.709 0)
(803.676 2019.56 0)
(-370.59 2819.29 0)
(1957.15 1625.87 0)
(-93.7962 2763.52 0)
(378.965 2865.72 0)
(135.528 2500.26 0)
(167.106 1659.48 0)
(-477.262 2503.31 0)
(-86.8376 2798.71 0)
(-53.1904 2902.08 0)
(-138.521 2439.04 0)
(75.1227 2931.62 0)
(305.769 3002.32 0)
(232.154 2567.89 0)
(317.977 2517.92 0)
(-770.783 640.424 0)
(1470.35 1799.89 0)
(125.878 2780.33 0)
(-0.713306 2774.41 0)
(2001.93 2012.66 0)
(91.5191 348.168 0)
(-2367.41 1048.96 0)
(-341.059 2874.73 0)
(-212.35 796.591 0)
(132.463 2810.89 0)
(173.35 598.14 0)
(-160.449 2809.84 0)
(-14.3227 106.447 0)
(489.321 2852.01 0)
(-232.161 2618.04 0)
(275.415 1775.29 0)
(-69.1943 2824.01 0)
(143.22 2704.7 0)
(-1912.25 1777.23 0)
(-173.017 2815.15 0)
(953.213 2658.72 0)
(-483.522 2232.77 0)
(12.0796 466.979 0)
(98.8291 932.848 0)
(-197.712 3006.04 0)
(88.6369 2802.85 0)
(2112.73 1456.67 0)
(32.3237 141.805 0)
(-180.983 2768.8 0)
(1712.73 2062.34 0)
(793.728 2020.14 0)
(111.616 2741.53 0)
(10.4937 1064.86 0)
(-701.43 2744.8 0)
(-44.1389 1353.34 0)
(-13.6654 74.47 0)
(-2089.29 1331.59 0)
(-255.505 2811.78 0)
(-4.67463 2855.05 0)
(-169.881 2505.93 0)
(-136.319 2760.87 0)
(-704.018 2107.4 0)
(169.991 2790.49 0)
(-628.784 2808.59 0)
(198.283 2805.11 0)
(106.052 2858.44 0)
(-2280.44 1205.24 0)
(-96.7324 2677.2 0)
(-76.1958 2802.01 0)
(-1611.14 1299.3 0)
(342.919 2850.34 0)
(1199.29 1696.76 0)
(-505.436 2517.44 0)
(-34.6577 344.564 0)
(5.81273 112.837 0)
(1609.28 2324.05 0)
(-1541.19 1858.57 0)
(-457.67 2791 0)
(-22.8377 199.526 0)
(1512.87 2671.09 0)
(-169.141 2884.5 0)
(134.988 2762.26 0)
(-1209.85 2848.72 0)
(13.8326 94.3965 0)
(111.987 2804.01 0)
(17.2259 582.825 0)
(307.458 2624.23 0)
(-36.9904 1662.09 0)
(64.4788 2698.14 0)
(864.198 2876.3 0)
(62.9738 348.711 0)
(163.458 2748.15 0)
(-5.41187 1301.6 0)
(-103.797 2793.48 0)
(-191.227 666.912 0)
(-170.472 2433.14 0)
(765.524 2206.18 0)
(-273.795 2244.33 0)
(-730.919 1918.31 0)
(272.402 2284.34 0)
(-79.7635 2554.24 0)
(-107.779 2791.47 0)
(3.94535 2843.93 0)
(94.0893 902.329 0)
(189.292 2735.42 0)
(33.2692 2894.73 0)
(-128.381 2739.55 0)
(-63.3293 2829.3 0)
(33.898 125.322 0)
(401.698 2756.72 0)
(-41.4106 2785.04 0)
(251.519 2166.07 0)
(-223.541 2833.76 0)
(-842.914 2888.6 0)
(74.0719 288.508 0)
(-124.389 2797.67 0)
(25.2681 98.1788 0)
(48.1527 2761.38 0)
(-49.6461 2511.13 0)
(-138.452 2735.37 0)
(-314.189 2791.1 0)
(-127.979 2730.2 0)
(-87.064 746.055 0)
(125.074 478.392 0)
(463.408 1703.22 0)
(161.218 588.601 0)
(137.974 2769.45 0)
(1550.93 2182.48 0)
(-801.473 2067.29 0)
(1298.56 2708.27 0)
(765.102 2040.66 0)
(-210.399 2586.62 0)
(-1023.12 2300.32 0)
(-864.702 2105.14 0)
(-1044.57 1925.23 0)
(196.295 2804.31 0)
(-28.3633 583.857 0)
(-202.337 2820 0)
(1142.33 1864.55 0)
(54.9156 2840.03 0)
(-526.229 2380.8 0)
(-661.573 2084.91 0)
(-55.7353 2491.36 0)
(1584.91 2167.43 0)
(1347.8 1536.93 0)
(-23.1978 152.013 0)
(-401.754 2120.46 0)
(-24.4672 2680.42 0)
(-154.716 2796.91 0)
(37.6562 2263.28 0)
(-491.761 2384.08 0)
(-23.9497 872.549 0)
(-94.3485 2213.13 0)
(-225.797 2827.72 0)
(823.663 2067.62 0)
(30.1392 2835.4 0)
(-1107.72 2550.88 0)
(363.6 2484.21 0)
(-1165.67 2506.38 0)
(-51.495 431.38 0)
(-63.2994 1403.12 0)
(26.2741 100.269 0)
(-1185.06 2751.79 0)
(255.925 2573.96 0)
(20.13 69.8303 0)
(1247.53 1840.44 0)
(71.6926 2457.5 0)
(587.174 2860.93 0)
(-2327.54 1110.35 0)
(168.985 706.447 0)
(535.999 2120.51 0)
(98.6322 449.512 0)
(2.81063 109.317 0)
(-80.1264 773.165 0)
(33.7338 142.116 0)
(-56.4418 2541.99 0)
(972.871 2661.88 0)
(558.705 2739.46 0)
(418.838 2651.16 0)
(-137.834 2882.74 0)
(102.034 1073.01 0)
(905.191 2583.33 0)
(-88.196 2799.11 0)
(783.272 2043.17 0)
(2313.45 1367.89 0)
(-60.1022 2856.29 0)
(-11.5699 79.1653 0)
(962.806 2615.64 0)
(-22.9115 2728.07 0)
(-69.6136 2844.02 0)
(420.833 2747.81 0)
(2261.52 1021.1 0)
(1569.65 2260.58 0)
(-58.0851 567.986 0)
(-129.371 2781.28 0)
(26.7495 579.373 0)
(235.498 2975.69 0)
(286.896 2646.66 0)
(-49.6592 2779.13 0)
(41.7896 343.424 0)
(-31.2627 310.407 0)
(-46.9798 187.943 0)
(756.26 1706.02 0)
(369.966 2492.32 0)
(340.449 2863.14 0)
(-61.7746 587.352 0)
(350.999 2456.02 0)
(126.274 2800.49 0)
(212.552 2489.98 0)
(-1435.79 1754.52 0)
(-485.36 2156.68 0)
(210.501 2585.55 0)
(431.863 2678.13 0)
(92.4699 343.518 0)
(-575.078 2614.4 0)
(44.5619 2761.94 0)
(24.7458 2735.56 0)
(336.926 2538.8 0)
(-193.05 2922.65 0)
(1745.88 611.399 0)
(-2041.39 459.495 0)
(1240.2 2409.82 0)
(697.409 2837.6 0)
(598.862 2685.31 0)
(-212.795 2534.58 0)
(1873.3 908.852 0)
(-198.743 733.465 0)
(637.342 2221.19 0)
(-31.4448 575.934 0)
(58.7283 1329.26 0)
(-18.8526 172.67 0)
(144.937 2233.86 0)
(-344.1 2500.33 0)
(-383.968 2894.23 0)
(856.557 1660.57 0)
(267.7 920.951 0)
(-301.237 2615.5 0)
(316.28 2557.85 0)
(-1571.85 1846.37 0)
(-1006.15 2695.98 0)
(-671.069 2275.73 0)
(-318.849 2579.32 0)
(-1575.22 1634.72 0)
(415.801 1624.66 0)
(-1511.52 2820.89 0)
(-2.73233 2858.62 0)
(-269.068 918.966 0)
(-1492.78 1385.21 0)
(-23.614 105.885 0)
(-4.22642 629.099 0)
(98.5017 703.205 0)
(131.867 2795.94 0)
(-16.5325 173.434 0)
(1134.98 2704.6 0)
(70.8077 605.762 0)
(1040.68 2675.84 0)
(1101.52 1931.65 0)
(346.277 2523.3 0)
(-102.7 984.724 0)
(27.1012 566.811 0)
(-139.669 2808 0)
(59.1698 348.383 0)
(-330.968 2824.49 0)
(-1047.95 2204.18 0)
(384.669 2655.24 0)
(-70.2582 2794.1 0)
(1234.04 1853.68 0)
(-131.012 2772.95 0)
(653.153 2642.75 0)
(-87.2387 2763.75 0)
(-826.069 2084.46 0)
(90.5697 2757.25 0)
(273.901 2783.65 0)
(208.338 2598.68 0)
(230.097 2778.38 0)
(-89.3838 415.47 0)
(574.863 2647.01 0)
(752.949 2744.86 0)
(-459.188 2337.79 0)
(165.966 1925.12 0)
(-94.2481 1885.09 0)
(979.424 2036.56 0)
(-2245.08 1354.45 0)
(980.374 2740.45 0)
(-240.635 2881.07 0)
(-26.1691 711.796 0)
(1498.01 2326.07 0)
(-19.142 74.8431 0)
(-45.7037 465.975 0)
(578.392 2735.19 0)
(201.298 2768.85 0)
(78.1778 2266.59 0)
(-38.3245 152.465 0)
(-73.2497 2596.9 0)
(1048.28 2503.5 0)
(1179.22 2319.01 0)
(53.2076 1333.68 0)
(1661.18 651.044 0)
(-1968.52 499.488 0)
(125.265 2759.51 0)
(-1658.63 1235.73 0)
(-127.322 751.882 0)
(-208.036 783.611 0)
(100.242 434.695 0)
(-2230.89 1086.94 0)
(225.979 1953.63 0)
(-168.091 2877.85 0)
(-21.6631 150.203 0)
(-130.908 2771.26 0)
(-631.549 2759.17 0)
(429.204 2621.32 0)
(-292.508 2876.65 0)
(113.847 2515.96 0)
(-759.759 2004.13 0)
(-69.3267 1623.15 0)
(548.568 2684.56 0)
(364.604 2717.37 0)
(447.178 1730.77 0)
(-50.1747 2767.54 0)
(257.427 2590.3 0)
(925.18 2856.94 0)
(-262.475 2651.9 0)
(-11.9213 109.943 0)
(-179.486 806.718 0)
(-103.95 2756.56 0)
(56.5711 2852.69 0)
(-1658.91 905.905 0)
(1392.64 2194.49 0)
(-120.78 2568.14 0)
(56.1111 2822.28 0)
(-735.455 2887.11 0)
(137.937 2775.05 0)
(163.646 2737.21 0)
(212.701 2572.22 0)
(1991.24 1858.26 0)
(466.054 2570.38 0)
(1646.63 2506.6 0)
(1020.23 2686.02 0)
(-454.997 2502.37 0)
(-227.847 2886.8 0)
(127.749 2783.69 0)
(-15.109 153.732 0)
(220.633 2640.32 0)
(-281.574 2834.39 0)
(290.952 2468.66 0)
(-955.02 1735.72 0)
(356.916 2765.38 0)
(737.262 2714.29 0)
(44.5462 2819.67 0)
(-29.9118 619.956 0)
(375.214 2680.67 0)
(-281.811 2612.07 0)
(204.742 2663.87 0)
(383.168 2620.57 0)
(-1020.28 2305.14 0)
(-60.2008 240.867 0)
(-1833.28 1678.27 0)
(-520.874 2160.55 0)
(781.736 2929.3 0)
(96.3291 1003.61 0)
(16.1343 126.268 0)
(1224.81 2416.9 0)
(71.3455 776.146 0)
(471.371 2666.32 0)
(1275.31 2070.42 0)
(22.3313 2505.54 0)
(-301.029 2835.04 0)
(1.52612 133.87 0)
(194.467 2656.3 0)
(-37.979 2742.06 0)
(1082.39 2475.6 0)
(1721.1 1160.39 0)
(113.465 2786.11 0)
(-101.3 545.981 0)
(26.2995 107.23 0)
(-47.204 174.832 0)
(-1732.04 2590.19 0)
(114.973 2233.84 0)
(29.1028 2822.64 0)
(-139.976 467.321 0)
(121.163 2787.45 0)
(-57.0247 192.934 0)
(107.781 2815.86 0)
(-848.464 2577.8 0)
(10.9647 139.554 0)
(977.507 2023.39 0)
(404.299 2761.27 0)
(-163.882 2666.07 0)
(14.6711 1420.99 0)
(106.727 893.258 0)
(314.268 2450.72 0)
(69.903 382.061 0)
(-228.316 2495.08 0)
(-286.186 2891.8 0)
(1671.78 2419.11 0)
(-939.696 2702 0)
(2307.46 1028.97 0)
(-816.942 2785.1 0)
(153.965 2729.11 0)
(-779.988 1918.56 0)
(-744.188 2328.82 0)
(-1517.02 2147.62 0)
(-145.979 2517.16 0)
(-2223.01 1379.76 0)
(73.9444 596.181 0)
(140.733 2482.03 0)
(-859.205 2593.14 0)
(899.754 2503.23 0)
(-126.749 2775.24 0)
(-106.657 2795.02 0)
(1872.6 1795.1 0)
(-2280.48 1276.82 0)
(-2294.73 1154.13 0)
(-47.2378 2704.04 0)
(18.0297 318.699 0)
(179.484 1896.11 0)
(1115.67 1368.38 0)
(-814.577 2821.12 0)
(802.432 1842.24 0)
(1307.63 2551.7 0)
(-229.1 2742.87 0)
(401.764 1671.54 0)
(-38.6257 2746.45 0)
(-93.4809 2756.22 0)
(-478.417 2129.94 0)
(195.035 2341.99 0)
(-713.852 2123.25 0)
(-287.597 2582.74 0)
(165.792 572.808 0)
(164.442 678.84 0)
(-544.548 2148.44 0)
(-69.1595 254.364 0)
(-96.6232 945.382 0)
(-1096.29 1715.64 0)
(155.75 2780.86 0)
(10.4662 220.226 0)
(1365.57 2181.93 0)
(-1709.76 907.202 0)
(-2163.61 785.346 0)
(199.967 2775.94 0)
(-295.985 2910.98 0)
(-62.5488 2696.44 0)
(73.8439 672.76 0)
(1242.06 2419.32 0)
(30.3293 2782.52 0)
(234.338 2779.03 0)
(-245.981 2619.54 0)
(212.356 750.057 0)
(31.6204 379.599 0)
(-138.868 2770.02 0)
(-455.05 2797.89 0)
(229.327 2777.15 0)
(-2.19568 1131.89 0)
(-2316.21 1157.56 0)
(-111.081 940.964 0)
(-86.3313 2767.71 0)
(645.871 2399.55 0)
(232.999 1526.18 0)
(-684.682 2832.19 0)
(-512.288 2577.44 0)
(-79.8431 2896.61 0)
(1503.19 2226.19 0)
(102.301 2796.1 0)
(14.1254 249.869 0)
(-138.445 2769.45 0)
(-46.3733 1212.03 0)
(-2000.12 1668.97 0)
(1552.47 2134.93 0)
(234.366 855.784 0)
(255.045 2957.71 0)
(221.884 2625 0)
(-590.5 2888.74 0)
(-191.553 2593.51 0)
(-266.008 2508.62 0)
(-310.104 2834.96 0)
(-129.203 2802.66 0)
(157.107 2755.35 0)
(-420.788 2799.61 0)
(604.755 2740.26 0)
(812.994 2801.77 0)
(1857.55 741.953 0)
(-7.03317 2769.73 0)
(-17.5074 2821.56 0)
(-333.38 2586.76 0)
(-31.5842 290.326 0)
(166.205 2773.96 0)
(222.113 2320.35 0)
(126.415 1095.82 0)
(-142.793 2767.6 0)
(-953.754 2342.01 0)
(951.146 2776.15 0)
(52.4302 2819.24 0)
(-16.5852 806.616 0)
(-783.737 2166.84 0)
(1963.23 1743.68 0)
(-34.0157 240.449 0)
(545.876 2800.64 0)
(100.26 914.082 0)
(-2295.34 1138.98 0)
(372.009 2765.37 0)
(-1809.34 725.611 0)
(-915.542 2793.08 0)
(-109.585 418.843 0)
(31.4543 2724.57 0)
(1691.99 2169.32 0)
(32.6907 186.799 0)
(39.6069 479.098 0)
(219.542 2777.51 0)
(-775.5 2580.9 0)
(-266.971 2810.13 0)
(-770.889 2819.65 0)
(-654.865 2275.8 0)
(390.011 2364.83 0)
(533.648 2751.74 0)
(224.797 2848.88 0)
(979.794 2016.54 0)
(-361.662 2503.43 0)
(34.5708 2831.01 0)
(73.1547 340.27 0)
(-26.7147 2818.46 0)
(771.135 2789.54 0)
(-791.531 2619.18 0)
(78.9477 2801.46 0)
(62.8445 230.005 0)
(-622.122 2750.91 0)
(-106.019 2604.4 0)
(1043.2 2403.5 0)
(-56.9951 2825.21 0)
(58.316 2483.07 0)
(-169.694 2644.95 0)
(-72.6637 707.293 0)
(-1328.25 2248.83 0)
(-2208.77 1246.05 0)
(337.524 1960.12 0)
(77.977 306.393 0)
(-1531.68 2640.38 0)
(-50.8178 407.223 0)
(-284.987 2466.61 0)
(-38.3185 2022.58 0)
(390.19 2987.25 0)
(-20.8152 2737.91 0)
(170.355 2755.47 0)
(1342.42 1924.02 0)
(-1363.76 2093.49 0)
(4.44562 80.9412 0)
(594.051 2756.42 0)
(-23.1277 2731.88 0)
(-40.1694 2133.17 0)
(-8.21913 2861.68 0)
(966.594 1971.27 0)
(-21.0051 185.422 0)
(-466.241 2799.77 0)
(-2.71413 2767.58 0)
(-165.13 2885.7 0)
(528.652 2189.36 0)
(-116.29 2749.57 0)
(313.991 2610.28 0)
(0.214666 2917.84 0)
(865.011 2830.34 0)
(252.884 933.4 0)
(210.039 2783.37 0)
(186.746 2805.12 0)
(-187.307 2663.44 0)
(-1957.35 1785.33 0)
(561.743 2919.72 0)
(-1475.34 1664.52 0)
(8.87382 3015.43 0)
(985.006 1970.21 0)
(-10.5489 1298.47 0)
(-84.3542 2767.04 0)
(2139.11 1165.06 0)
(-66.7335 313.067 0)
(-304.375 2569.9 0)
(-182.491 2545.65 0)
(88.7678 370.754 0)
(-1356.51 2850.33 0)
(-1967.47 1325.72 0)
(292.996 2563.49 0)
(-35.5143 437.332 0)
(1146.78 1689.44 0)
(60.644 241.174 0)
(960.549 1932.71 0)
(-50.0109 2718.34 0)
(684.342 2822.53 0)
(721.295 2348.63 0)
(425.611 2458.93 0)
(109.894 2837.47 0)
(-616.645 2603.49 0)
(16.2556 136.583 0)
(-94.6524 2755.75 0)
(-998.098 1727.37 0)
(205.401 2546.97 0)
(193.649 681.729 0)
(83.1558 2763.57 0)
(904.299 1951.2 0)
(-1046.83 2499.76 0)
(-183.455 2760.1 0)
(1.31836 2744.21 0)
(21.4404 2793.28 0)
(-269.837 2465.46 0)
(-1701.56 1694.92 0)
(1655.94 2091.39 0)
(-1872.84 786.109 0)
(581.478 2741.45 0)
(123.088 2801.04 0)
(-206.574 2780.12 0)
(-690.088 1822.24 0)
(126.802 2810.5 0)
(-273.289 2021.44 0)
(-357.026 2457.92 0)
(92.4325 2782.13 0)
(99.6955 2799.82 0)
(-1546.62 2148.48 0)
(-36.0289 319.435 0)
(-336.14 2580.02 0)
(80.6229 2808.94 0)
(736.568 2515.26 0)
(86.1899 313.083 0)
(41.0332 2039.37 0)
(468.846 2420.32 0)
(-904.115 2565.92 0)
(-162.006 2580.04 0)
(-194.511 721.027 0)
(816.291 2066.92 0)
(3.06859 1325.57 0)
(341.843 2580.62 0)
(-277.907 2845.21 0)
(1627.23 2123.32 0)
(-306.172 2816.09 0)
(1793.59 1931.83 0)
(-88.4034 1408.29 0)
(-4.22798 93.8036 0)
(-1963.68 1680.53 0)
(69.2193 2744.96 0)
(157.765 2695.32 0)
(39.6061 146.383 0)
(-1570.86 1860.45 0)
(-1586.29 2174.31 0)
(194.766 2658.27 0)
(1436.8 2733.56 0)
(-205.313 2864.65 0)
(-25.4625 2721.38 0)
(67.8269 1454.26 0)
(-1096.56 2762 0)
(-333.798 2579.73 0)
(-118.767 722.8 0)
(20.9589 2647.46 0)
(-96.5327 2386.22 0)
(14.2544 320.218 0)
(-106.477 2617.96 0)
(-820.952 2752.81 0)
(-285.017 2838.4 0)
(-891.446 2380.22 0)
(-7.21706 2710.81 0)
(-74.7033 2769.21 0)
(-207.439 2827.35 0)
(44.2616 2718.08 0)
(-24.9177 200.877 0)
(-1760.68 2093.38 0)
(-66.8213 2710.92 0)
(349.87 2338.77 0)
(-44.7207 2919.33 0)
(-378.935 2465.62 0)
(119.152 454.843 0)
(-114.177 2782.73 0)
(374.269 2625.31 0)
(812.847 2815.03 0)
(-48.6209 2702.26 0)
(290.554 1559.21 0)
(259.436 2562.51 0)
(-254.564 2821.02 0)
(-954.934 3081.45 0)
(-109.49 2872.46 0)
(476.723 1740.88 0)
(126.234 2250.93 0)
(-111.798 2743.2 0)
(-199.275 2821.82 0)
(393.236 1827.63 0)
(1200.01 1751.93 0)
(14.8454 159.343 0)
(353.33 1788.62 0)
(187.251 2805.91 0)
(-1670.84 2098.54 0)
(365.54 2646.89 0)
(-156.857 2889.58 0)
(29.2828 314.097 0)
(-37.1687 139.059 0)
(-25.1333 151.545 0)
(-267.837 2608.5 0)
(-103.769 2798.3 0)
(945.715 1928.72 0)
(248.997 2547.15 0)
(-6.16995 2775.57 0)
(-231.182 2805.2 0)
(718.948 2344.59 0)
(91.9412 2797.77 0)
(390.986 1751.44 0)
(-381.354 2540.44 0)
(81.5812 2802.19 0)
(-82.0071 701.124 0)
(-21.7754 2727.38 0)
(-186.549 2746.76 0)
(412.024 2473.71 0)
(-47.3548 2711.51 0)
(-1892.9 1321.72 0)
(-194.653 2898.28 0)
(-12.6335 108.516 0)
(-41.651 2697.4 0)
(-583.052 2919.61 0)
(-904.049 2272.91 0)
(-534.345 2387.83 0)
(-1781.82 1448.55 0)
(30.7783 2179.3 0)
(-1087.35 2306.43 0)
(-94.2262 364.656 0)
(42.0324 2563.76 0)
(-607.761 2929.58 0)
(-259.31 2793.16 0)
(-44.7908 2382.72 0)
(-20.3458 2708.98 0)
(532.064 2931.45 0)
(-292.38 2837.18 0)
(932.761 2774.67 0)
(-132.677 2304.18 0)
(455.622 2954.34 0)
(42.2818 2448.75 0)
(12.5039 551.541 0)
(954.985 2046.04 0)
(-1860.12 624.758 0)
(-1306.16 1804.45 0)
(1162.84 2274.61 0)
(124.766 1709.05 0)
(-1622.51 1836.43 0)
(-235.109 830.917 0)
(14.3475 193.353 0)
(1215.44 2420.55 0)
(185.218 2798.34 0)
(12.1255 2765.39 0)
(143.906 540.512 0)
(-550.804 2790.78 0)
(680.976 2849.75 0)
(-285.267 2839.97 0)
(-1020.59 2697.07 0)
(-137.876 1464.36 0)
(-96.8116 358.377 0)
(-1548.76 2225.3 0)
(532.529 2381.24 0)
(-492.719 2496.24 0)
(1582.75 715.009 0)
(46.544 337.944 0)
(190.014 2666.67 0)
(54.4502 2118.49 0)
(-152.471 2584.78 0)
(1773.17 2505.39 0)
(-122.135 1460.23 0)
(-46.7223 2725.09 0)
(-293.363 1588.54 0)
(-190.843 2831 0)
(2017.01 1513.93 0)
(-231.042 2577.09 0)
(-705.755 1804.77 0)
(-1133.29 2767.1 0)
(-157.86 2891.79 0)
(-68.3138 2704.05 0)
(147.901 590.631 0)
(-217.689 2778.78 0)
(79.8265 2802.73 0)
(-125.45 2537.83 0)
(-81.3899 729.725 0)
(-292.205 2852.26 0)
(972.93 2005.19 0)
(71.6 696.86 0)
(268.991 2776.18 0)
(-23.0535 2640.06 0)
(12.5391 191.563 0)
(267.586 2586.55 0)
(178.614 2358.39 0)
(-152.707 2828.41 0)
(-985.492 2552.88 0)
(-217.209 776.8 0)
(-1950.13 1778.08 0)
(9.47795 2826.6 0)
(-42.6022 176.334 0)
(-1739.93 1735.08 0)
(58.6269 2798.16 0)
(-888.96 2141.87 0)
(-21.3383 272.017 0)
(-90.5372 2692.06 0)
(-62.4541 2753.16 0)
(182.865 2803.41 0)
(-1144.47 2506.01 0)
(42.7105 2795.71 0)
(21.4658 321.243 0)
(-218.238 1098.42 0)
(-118.903 2788.57 0)
(-240.453 884.363 0)
(8.14743 2852.03 0)
(1251.18 2257.61 0)
(309.004 2657.83 0)
(-529.625 2775.96 0)
(-83.2288 415.601 0)
(250.657 2777.15 0)
(283.223 2544.37 0)
(-339.951 2824.84 0)
(286.363 2784.34 0)
(127.197 2785.82 0)
(-1116.94 2461.96 0)
(112.981 864.73 0)
(84.3902 2841.6 0)
(-969.266 388.42 0)
(-393.457 2328.63 0)
(64.5032 2735.61 0)
(-68.8576 2588.81 0)
(958.655 1928.79 0)
(430.252 2461.38 0)
(-1708.6 2710.17 0)
(-2309.04 1253.93 0)
(-456.571 2467.12 0)
(-115.178 2761.51 0)
(-1150.96 2340.14 0)
(178.567 2762.8 0)
(-46.1226 2791.18 0)
(-598.054 2811.73 0)
(951.005 1949.49 0)
(-132.835 2770.47 0)
(182.505 2795.56 0)
(-15.7642 132.596 0)
(-503.863 2555.91 0)
(756.775 2171.36 0)
(194.55 1975.37 0)
(635.034 2790.45 0)
(70.6337 370.434 0)
(36.9933 828.338 0)
(-245.099 2838.79 0)
(-22.1736 284.537 0)
(588.024 2175.16 0)
(166.743 2740.22 0)
(-319.378 2818.69 0)
(-28.3354 564.532 0)
(29.2797 2699.98 0)
(-616.106 2667.11 0)
(371.059 2506.74 0)
(-311.447 2813.3 0)
(11.2914 69.9161 0)
(-1959.79 1760.95 0)
(-119.895 2739.96 0)
(186.36 2777.82 0)
(-2453.32 954.837 0)
(21.9207 242.777 0)
(-84.463 329.069 0)
(120.321 2553.25 0)
(-1295.83 2267.45 0)
(-228.099 2811.43 0)
(31.6568 2824.54 0)
(17.956 576.472 0)
(891.557 1724.03 0)
(1749.4 2562.62 0)
(78.0978 392.433 0)
(-12.2477 106.878 0)
(-2.29865 2746.99 0)
(-30.1761 541.098 0)
(949.711 2754.77 0)
(-28.0049 2731.27 0)
(1246.93 2233.66 0)
(-1489.16 2672.8 0)
(281.903 2780.86 0)
(-245.275 2809.81 0)
(1454.44 1747.7 0)
(-100.789 2760.52 0)
(-183.269 2740.14 0)
(-1214.08 2452 0)
(34.8243 2669.31 0)
(-63.0106 2699.36 0)
(-88.9967 2778.14 0)
(176.342 2752.36 0)
(-434.276 2849.24 0)
(-31.1159 322.932 0)
(-277.961 2834.65 0)
(6.21114 80.3611 0)
(62.9489 2714.48 0)
(218.235 2774.39 0)
(124.626 2480.82 0)
(1522.57 2261.81 0)
(1170.62 2715.9 0)
(-1111.45 2531.66 0)
(38.9409 2668.44 0)
(1287.72 2746.64 0)
(-897.899 2622.8 0)
(127.865 2789.56 0)
(-1025.63 1866.7 0)
(196.534 2763.15 0)
(-172.998 2595.69 0)
(53.7097 2619.71 0)
(-214.179 2819.3 0)
(-151.111 2752.68 0)
(-2212.4 1444.73 0)
(-21.7478 2746.11 0)
(-190.831 2740.9 0)
(-18.7387 284.848 0)
(-88.9006 2643.81 0)
(965.263 2731.68 0)
(13.3596 148.892 0)
(0.118193 390.857 0)
(65.8408 362.552 0)
(237.933 831.928 0)
(-307.11 2520.7 0)
(1584.32 2814.11 0)
(1313.9 2235.48 0)
(-2173.24 1418.59 0)
(-131.506 2885.53 0)
(534.474 2695.76 0)
(-27.8597 105.893 0)
(123.579 2772.95 0)
(-1680.94 2166.43 0)
(-934.386 2040.5 0)
(-796.693 2103.53 0)
(-9.11371 76.9448 0)
(-1494.37 2813.23 0)
(-486.06 2413.69 0)
(-861.216 2622.04 0)
(-61.4781 2679.94 0)
(-92.6666 2911.85 0)
(142.685 2803.08 0)
(-178.282 2580.95 0)
(91.1523 2812.71 0)
(-2005.55 1671.68 0)
(-62.9893 2703.09 0)
(923.929 2785.63 0)
(19.2061 778.039 0)
(-230.862 2992.67 0)
(-86.8671 725.63 0)
(232.34 2138.17 0)
(-2280.49 1197.25 0)
(-54.9049 272.977 0)
(14.6473 571.183 0)
(887.272 1968.99 0)
(-835.138 2871.61 0)
(-13.878 2822.46 0)
(-1043.05 2470.66 0)
(530.257 2217.77 0)
(-120.556 2757.08 0)
(-1188.35 2478.71 0)
(83.5068 2812.07 0)
(-37.4705 1336.95 0)
(21.9652 2830.05 0)
(-16.5467 93.1544 0)
(-237.735 2818.04 0)
(-374.768 2491.51 0)
(868.861 2025.3 0)
(191.267 2774.5 0)
(-16.6224 155.096 0)
(-82.6286 2317.2 0)
(-452.617 2815.98 0)
(77.931 290.041 0)
(1572.24 2159.68 0)
(-831.792 1740.71 0)
(0.281492 82.3449 0)
(-1095.17 2532.22 0)
(-2018.53 1663.69 0)
(-39.097 177.128 0)
(403.819 1796.83 0)
(-938.838 2701.64 0)
(-2091.16 1076.24 0)
(707.663 1711.56 0)
(14.7105 156.9 0)
(2482.61 1239.57 0)
(240.249 2716.1 0)
(1583.83 2251.48 0)
(667.924 2767.66 0)
(181.886 2784.21 0)
(-91.4819 2324.92 0)
(14.9451 135.39 0)
(-87.9396 2459.91 0)
(-184.63 2859.99 0)
(1281.53 1795.54 0)
(251.909 901.19 0)
(945.326 2762.45 0)
(-62.2028 1369 0)
(653.768 2770.39 0)
(574.898 2130.1 0)
(356.017 2854.55 0)
(1726.18 1960.79 0)
(-30.6665 1221.18 0)
(-660.962 2874.38 0)
(-7.46291 743.069 0)
(812.181 2499.9 0)
(584.697 2821.04 0)
(29.1276 371.884 0)
(122.707 472.731 0)
(-21.3836 182.811 0)
(-199.453 712.296 0)
(-1625 2104.39 0)
(-879.519 2805.23 0)
(1454.12 1696.3 0)
(-943.035 2795.48 0)
(1825.3 1769.26 0)
(-2272.7 1124.23 0)
(-284.296 2738.76 0)
(960.975 2701.9 0)
(-331.232 2790.81 0)
(1044.11 2787.58 0)
(21.5826 2168.96 0)
(1254.28 1405.77 0)
(47.1475 2752.57 0)
(-397.822 2847.09 0)
(-17.6999 183.222 0)
(-26.0537 542.918 0)
(1.99046 1132.49 0)
(1711.26 2740.06 0)
(-393.212 2527.01 0)
(-106.548 389.838 0)
(-96.6473 2335.7 0)
(-259.055 2943.88 0)
(1120.18 2229.83 0)
(943.58 1977.49 0)
(474.85 1762.27 0)
(3.48799 110.531 0)
(924.825 2774.69 0)
(-130.598 2679.87 0)
(0.889969 2706.3 0)
(-101.598 2797.95 0)
(-298.943 2574.26 0)
(-81.2051 2787.51 0)
(-3.11732 2776.31 0)
(-77.7158 2808.07 0)
(-232.426 2743.84 0)
(-549.891 2350.62 0)
(-3.59151 94.8823 0)
(17.0029 189.723 0)
(99.1718 2822.33 0)
(-1636.82 2918.66 0)
(-19.4829 1251.28 0)
(407.156 2210.63 0)
(-91.4202 335.336 0)
(-2347.57 1091.67 0)
(295.432 2951.26 0)
(58.9999 2691.44 0)
(83.8849 2801.94 0)
(164.252 586.188 0)
(1597.4 710.001 0)
(-291.892 2494.9 0)
(-77.1001 2800.94 0)
(-0.564309 986.774 0)
(-157.021 2754.32 0)
(-1578.8 2207.32 0)
(888.953 2849.63 0)
(87.2368 2811.4 0)
(883.851 2777.16 0)
(22.1122 574.29 0)
(-403.444 2518.79 0)
(311.936 2139.76 0)
(171.51 611.629 0)
(-46.9647 406.271 0)
(690.731 2828.54 0)
(31.3482 2646.35 0)
(51.7146 2701.93 0)
(135.283 2759.77 0)
(2184.45 1326.07 0)
(83.027 334.922 0)
(715.38 2863.81 0)
(-2307.86 1168.78 0)
(81.0066 2814.59 0)
(-1877.07 1551.4 0)
(-102.354 2759.03 0)
(119.718 2754.09 0)
(-1.7772 93.5543 0)
(-0.638379 93.5282 0)
(1624.75 2080 0)
(-41.7201 2414.28 0)
(697.583 2798.39 0)
(1456.06 2389.56 0)
(26.1659 438.623 0)
(66.3639 593.922 0)
(141.88 592.771 0)
(-277.847 2835.33 0)
(1592.34 2138.67 0)
(1244.1 595.097 0)
(-446.875 2790.47 0)
(-964.579 2543.9 0)
(32.9149 189.352 0)
(61.3779 366.305 0)
(1425.97 1523.77 0)
(-2369.43 1108.62 0)
(70.2026 2814.4 0)
(-1430.22 1700.59 0)
(967.207 1995.46 0)
(-196.624 2747.02 0)
(421.606 2476.88 0)
(-1.05447 2828.76 0)
(19.2383 189.159 0)
(-620.514 2770.41 0)
(-2241.28 1242.19 0)
(-2012.87 1703.95 0)
(76.254 292.083 0)
(2181.56 1718.05 0)
(662.469 1729.96 0)
(-902.145 2572.87 0)
(-1046.05 2550.54 0)
(2113.75 1415.94 0)
(469.387 2802.49 0)
(-396.164 2466.16 0)
(-105.505 516.902 0)
(99.5483 385.401 0)
(194.811 2590.27 0)
(72.5287 2797.54 0)
(90.9141 2826.46 0)
(-160.398 2809.74 0)
(1061.4 2274.19 0)
(48.4659 2679.24 0)
(-35.9411 2805.07 0)
(-208.407 2726.25 0)
(-314.211 2832.99 0)
(97.5385 379.411 0)
(-122.981 755.711 0)
(-2099.07 1346.6 0)
(30.8655 185.374 0)
(1036.2 2782.77 0)
(1323.49 2576.27 0)
(-19.1761 181.85 0)
(11.65 317.658 0)
(135.303 597.578 0)
(-1833.46 1987.84 0)
(112.052 885.029 0)
(-1716.32 2156.19 0)
(-1593.94 1068.01 0)
(-86.8873 696.753 0)
(-1168.53 2686.58 0)
(126.647 464.323 0)
(159.407 2723.7 0)
(203.142 835.565 0)
(201.664 2660.89 0)
(16.4128 161.141 0)
(74.4707 1353.81 0)
(-512.596 2538.61 0)
(-1813.33 2332.23 0)
(5.6518 81.2239 0)
(-2133.06 1739.42 0)
(-641.997 2746.26 0)
(-92.1277 1423.63 0)
(986.552 2839.59 0)
(-521.217 2530.05 0)
(-52.0326 268.002 0)
(-2053.07 467.15 0)
(-655.053 2712 0)
(293.703 2755.21 0)
(-302.848 2836.55 0)
(-25.2265 2838.78 0)
(-2.19875 128.905 0)
(-162.866 614.981 0)
(-419.492 2852.67 0)
(2149.48 683.824 0)
(1306.82 2258.73 0)
(17.1924 2802.88 0)
(-713.457 2830.06 0)
(-28.6594 1218.17 0)
(947.188 2653.37 0)
(-120.432 435.202 0)
(-218.846 1166.67 0)
(863.809 2876.12 0)
(1431.92 1647.57 0)
(162.755 2773.6 0)
(-191.34 2764.43 0)
(308.64 3028.23 0)
(-1470.76 805.15 0)
(869.729 2788.81 0)
(-32.8699 316.871 0)
(-365.68 2810.63 0)
(972.376 2030.36 0)
(-129.364 1442.3 0)
(-235.52 2243.09 0)
(2039.22 882.858 0)
(1279.76 2708.65 0)
(69.9749 599.152 0)
(-254.971 898.389 0)
(81.5753 2266.72 0)
(-1573.6 1649.76 0)
(85.1873 312.182 0)
(139.572 583.871 0)
(-1194.27 529.283 0)
(112.917 410.11 0)
(1504.35 1590.01 0)
(851.414 2800.79 0)
(1975.47 1981.74 0)
(-207.108 731.782 0)
(-1711.62 1573.63 0)
(1156.35 2254.32 0)
(-750.36 1874.48 0)
(-254.963 2555.18 0)
(1597.92 1465.17 0)
(-1411.45 3053.79 0)
(-609.691 2751.31 0)
(-1553.83 2257.11 0)
(1538.73 842.937 0)
(276.745 2798.51 0)
(-239.843 1563.82 0)
(22.4786 2660.69 0)
(952.426 2713.55 0)
(-908.694 1687.72 0)
(31.79 375.413 0)
(-1650.93 971.236 0)
(-25.669 196.136 0)
(120.874 2754.86 0)
(-231.914 826.063 0)
(18.0297 251.664 0)
(-61.63 2568.69 0)
(18.7192 472.907 0)
(1230.93 2012.86 0)
(-1693.75 2589.47 0)
(-35.3072 1618.42 0)
(92.5183 2354.78 0)
(97.7551 2799.1 0)
(-77.3931 713.645 0)
(-0.257362 1453.37 0)
(-1732.34 1292.28 0)
(120.67 1071.64 0)
(-21.7817 2827.28 0)
(149.077 531.664 0)
(1219.98 1443.09 0)
(179.533 2804.73 0)
(1887.47 831.577 0)
(-1294.44 2756.98 0)
(-1695.83 2161.12 0)
(-277.882 2821.13 0)
(-226.979 2623.26 0)
(9.47004 75.4063 0)
(2071.7 1929.01 0)
(-1077.78 1717.16 0)
(-14.0158 2824.84 0)
(35.2404 477.118 0)
(665.754 2775.73 0)
(-1952.18 1744.44 0)
(-441.631 2401.68 0)
(1455.22 1658.89 0)
(-1094.76 2533.01 0)
(-131.13 2876.64 0)
(133.341 2772.96 0)
(2181.4 999.916 0)
(1779.56 1794.47 0)
(-80.6289 2763.05 0)
(118.097 2752 0)
(-1796.65 1412.56 0)
(352.175 2395.8 0)
(-468.985 2504.32 0)
(601.979 2221.21 0)
(2193.51 1353.74 0)
(714.398 2850.49 0)
(22.2851 557.004 0)
(-293.251 2848.84 0)
(408.923 1641.37 0)
(64.8862 683.341 0)
(-219.863 2462.56 0)
(317.83 2268.78 0)
(-1950.3 2128.92 0)
(228.154 2615.28 0)
(1267.11 1852.73 0)
(972.513 1979.8 0)
(436.178 2614.48 0)
(-1936.2 1786.69 0)
(-2412.15 993.233 0)
(369.352 2597.12 0)
(-1816.48 2211.51 0)
(883.992 2846.73 0)
(-28.8756 106.574 0)
(-1756.32 2060.93 0)
(-200.552 2756.19 0)
(1035.67 2444.25 0)
(-1305.51 1625.88 0)
(459.155 2794.02 0)
(-281.428 2377.8 0)
(15.5776 2688.83 0)
(2064.61 568.381 0)
(-165.293 2772.58 0)
(260.573 1982.35 0)
(-621.147 2619.86 0)
(-395.244 2864.73 0)
(-50.5318 2565.38 0)
(1524.14 962.451 0)
(-4.82327 2468.22 0)
(1702.26 2691.09 0)
(1639.81 777.136 0)
(17.0742 2830.29 0)
(330.431 1593.44 0)
(-124.154 2767.64 0)
(764.917 2871.06 0)
(-117.006 2768.58 0)
(414.405 2664.08 0)
(1147.3 2751.35 0)
(2089.44 582.501 0)
(-1950.45 1065.68 0)
(1282.36 1963.82 0)
(1623.39 778.223 0)
(-1876.82 875.185 0)
(2227.22 1291.22 0)
(-1701.15 2590.08 0)
(-106.272 971.299 0)
(2266.08 1220.85 0)
(80.582 687.542 0)
(-36.2531 337.574 0)
(-718.345 2774.16 0)
(-33.2611 338.917 0)
(970.644 2482.85 0)
(3.96765 2826.08 0)
(16.6513 192.111 0)
(112.491 410.809 0)
(1414.96 574.744 0)
(-35.3716 2777.57 0)
(966.41 2873.97 0)
(-316.673 2827.56 0)
(-104.446 529.759 0)
(-56.5898 213.291 0)
(1313.76 682.852 0)
(698.764 2231.32 0)
(-54.3578 269.645 0)
(-890.743 2887.34 0)
(-1719.08 2429.98 0)
(-1665.73 2569.34 0)
(-55.6041 219.244 0)
(-1705.4 1149.74 0)
(812.392 2821.67 0)
(1510 2027.45 0)
(-1760.38 2550.28 0)
(1987.64 1963.9 0)
(-1817.77 2332.49 0)
(53.3643 2782.55 0)
(-2034.48 1752.43 0)
(-1636.41 1051.3 0)
(-116.203 2549.66 0)
(1668.4 2802.75 0)
(-1107.47 2733.76 0)
(-1504.06 1656.03 0)
(-8.72997 1452.23 0)
(23.9385 92.4647 0)
(-382.738 2826.8 0)
(-45.6869 179.095 0)
(201.098 711.311 0)
(666.434 2806.63 0)
(-1533.45 2638.99 0)
(1965.56 1587.16 0)
(-1801.37 1926.63 0)
(-928.71 1725.03 0)
(-841.406 2727.81 0)
(-1808.55 2424.64 0)
(38.6605 145.51 0)
(880.441 2779.18 0)
(1703.3 1439.89 0)
(1069.45 1814.44 0)
(670.383 1944.02 0)
(0.607393 1322.62 0)
(-1133.45 2529.03 0)
(1333.92 1688.09 0)
(-1617.66 668.954 0)
(1582.1 2260.91 0)
(-84.3546 1664 0)
(2046.55 2037.14 0)
(2311.24 1870.51 0)
(57.7537 2608.67 0)
(1907.23 1400.91 0)
(-2031.58 1409.18 0)
(38.0542 2693.85 0)
(-97.766 1422.9 0)
(-1603.6 2134.33 0)
(1612.43 2196.76 0)
(1293.48 2699.7 0)
(-122.128 655.307 0)
(-24.4216 214.376 0)
(5.44754 79.3744 0)
(1319.85 1693.28 0)
(1562.57 1929.33 0)
(-21.9152 1263.86 0)
(23.2445 1178.81 0)
(2237.75 1229.27 0)
(-717.293 2198.71 0)
(1002.77 2768.3 0)
(569.584 2942.7 0)
(-1600.46 2645.28 0)
(-1747.94 2670.69 0)
(1788.93 742.269 0)
(101.678 2797.33 0)
(95.4798 2400.04 0)
(-62.6921 2776.99 0)
(808.19 2806.05 0)
(-46.9507 178.156 0)
(835.093 2060.52 0)
(1036.54 176.155 0)
(1036.2 2444.02 0)
(-753.865 1752.44 0)
(-1949.03 1048.01 0)
(2139.11 1080.99 0)
(-15.3257 1413.48 0)
(-2169.32 1610.4 0)
(-1726.15 2453.82 0)
(92.9047 2801.8 0)
(-164.832 2760.53 0)
(-44.1411 409.471 0)
(1231.95 1850.8 0)
(-1669.21 2146.98 0)
(-406.925 2850.21 0)
(2030.59 886.793 0)
(1475.49 2732.86 0)
(-181.353 2783.7 0)
(858.67 2116.38 0)
(-1938.72 1756 0)
(-223.868 2888.92 0)
(1679.26 380.035 0)
(1351.9 2673.06 0)
(2286.5 1003.28 0)
(-186.027 2881.23 0)
(-792.361 2869.34 0)
(93.1799 2801.02 0)
(-1723.14 2725.28 0)
(91.4431 2350.98 0)
(1290.04 1737.99 0)
(172.896 2793.87 0)
(-100.405 526.446 0)
(-255.289 2884.19 0)
(-2152.64 1723.33 0)
(-1215.08 1715.07 0)
(826.252 2814 0)
(2051.8 907.139 0)
(133.322 504.022 0)
(-210.106 1519.85 0)
(-41.5553 2807.2 0)
(-54.2777 2453.58 0)
(-697.398 2771.11 0)
(-2238.06 961.451 0)
(-1654.64 2096.82 0)
(-1607.86 2810.17 0)
(-44.4751 382.208 0)
(-295.502 2825.17 0)
(-30.5127 135.271 0)
(-76.2769 744.184 0)
(-132.978 2799.89 0)
(-457.315 2438.2 0)
(1002.67 2828.68 0)
(1496.93 2262.41 0)
(-1923.15 1490.05 0)
(-358.013 2834.33 0)
(-26.115 576.166 0)
(409.859 2469.41 0)
(-236.922 2996.18 0)
(1265.73 1639.35 0)
(-2.30765 94.6281 0)
(1687.04 2133.51 0)
(1526.74 1745.99 0)
(1316.05 2272.77 0)
(76.0266 2674.14 0)
(-2005.18 2101.22 0)
(-35.498 2777.1 0)
(-1824.49 872.437 0)
(104.844 438.31 0)
(-1383.33 1652.64 0)
(312.915 2555.1 0)
(1663.28 2153.63 0)
(236.979 853.626 0)
(62.9237 234.292 0)
(47.3344 2762.55 0)
(-39.7865 339.829 0)
(1417.43 1838.49 0)
(1751.74 2545.62 0)
(-912.072 2806.9 0)
(826.155 1844.24 0)
(79.3102 337.413 0)
(-57.6683 576.059 0)
(-1713.55 2361.22 0)
(2113.3 1851.08 0)
(10.1557 67.5966 0)
(-45.1609 2895.28 0)
(469.269 2713.59 0)
(2149.48 1374.07 0)
(-1579.53 2143.2 0)
(-1729.68 2856.72 0)
(1459.92 1757.49 0)
(1117.63 2723.59 0)
(-1901.89 1133.71 0)
(76.8352 2837.52 0)
(-47.9768 383.938 0)
(-1685.05 2874.18 0)
(-1528.56 2840.35 0)
(156.219 2778.95 0)
(-33.1934 313.964 0)
(53.2847 1873.07 0)
(663.531 2196.3 0)
(-1783.06 2409.23 0)
(-31.4749 2778.25 0)
(1293.48 2711.77 0)
(1013.91 2824.22 0)
(2192.19 1330.69 0)
(-1102.42 2732.67 0)
(251.733 2674.62 0)
(-2246.16 943.05 0)
(-33.3357 2221.59 0)
(1178.04 1723.2 0)
(108.021 523.706 0)
(-2273.47 1282.52 0)
(-86.7088 418.21 0)
(908.397 2842.35 0)
(-1681 2846.92 0)
(2146.32 1093.02 0)
(-34.8197 2780.2 0)
(1074.37 1745.59 0)
(-1615.04 2874.95 0)
(-65.1231 2827.31 0)
(-680.209 2729.07 0)
(-62.9984 2822.25 0)
(-1459.19 2851.12 0)
(473.586 2792.41 0)
(1064.05 2482.53 0)
(3.64262 1401.53 0)
(-1391.89 2768.92 0)
(-105.826 549.097 0)
(93.1309 2344.25 0)
(-1684.85 2237.45 0)
(-724.214 2131.46 0)
(-2117.36 627.608 0)
(-1610.62 1298.85 0)
(80.9747 342.707 0)
(2033.8 1926.84 0)
(-1316.21 1689.68 0)
(-116.691 666.775 0)
(651.692 2641.95 0)
(-109.487 545.186 0)
(-210.907 2777.37 0)
(-121.367 434.915 0)
(-119.186 2780.1 0)
(-26.305 2383.81 0)
(21.7116 568.552 0)
(167.998 737.566 0)
(1217.4 1763.88 0)
(-1146.45 2793.34 0)
(-202.747 744.829 0)
(1571.47 2724.3 0)
(1907.71 728.121 0)
(73.043 2518.79 0)
(108.315 2344.88 0)
(133.221 2265.82 0)
(13.755 141.895 0)
(-1631.78 2602.21 0)
(-87.1058 2584.06 0)
(1252.16 1796.24 0)
(1053.09 1867.19 0)
(-81.3799 739.685 0)
(54.8735 2808.19 0)
(-316.906 2829.59 0)
(-107.564 2791.5 0)
(180.981 2338.1 0)
(-1113.47 2534.57 0)
(-68.3927 2551.82 0)
(-318.899 2597.78 0)
(-26.4277 2244.75 0)
(1763.47 604.718 0)
(-1144.68 2505.25 0)
(-825.704 2766.05 0)
(-0.860023 1008.92 0)
(-1968.24 2072.19 0)
(-1917.65 2089.69 0)
(-183.274 2876.73 0)
(-356.87 2376.72 0)
(-978.726 2691.83 0)
(1327.34 2676.86 0)
(-4.55027 2826.07 0)
(1390.14 2449.87 0)
(-278.497 2828.73 0)
(-111.851 2750.88 0)
(-172.203 800.636 0)
(-120.46 2757.81 0)
(-1770.36 2532.12 0)
(-255.247 2883.81 0)
(-1063.49 2730.95 0)
(91.5075 1370.39 0)
(-30.9725 137.535 0)
(59.2755 2521.33 0)
(-81.39 2446.4 0)
(179.514 2720.64 0)
(1749.63 2185.73 0)
(185.321 2789.86 0)
(112.376 2768.68 0)
(68.0887 2679.8 0)
(-806.338 2757.71 0)
(-2040.32 1998.64 0)
(-209.143 2881.13 0)
(637.948 2702.74 0)
(35.3951 2831.63 0)
(1643.86 2116.54 0)
(-1838.52 884.909 0)
(323.163 2292.28 0)
(-1583.05 1231.35 0)
(-206.004 2718.2 0)
(40.3851 2827.33 0)
(377.953 2869.2 0)
(2007.37 1802.85 0)
(1243.27 2740.3 0)
(-18.9518 2824.61 0)
(5.97998 2826.95 0)
(-1931.38 1477.64 0)
(-77.4359 2898.87 0)
(1544.63 1619.66 0)
(738.86 2188.16 0)
(-1799.63 1015.22 0)
(93.6669 2474.83 0)
(-98.8776 2761.36 0)
(2025.51 874.838 0)
(-2099.99 944.129 0)
(98.2443 442.645 0)
(-2438.78 996.048 0)
(-87.5938 2537.65 0)
(-601.235 2760.37 0)
(551.399 2736.28 0)
(37.7216 2823.73 0)
(1572.34 2159.5 0)
(1819.22 468.281 0)
(12.3697 66.9882 0)
(-663.019 2779.18 0)
(286.629 2646.09 0)
(-2111.75 1190.59 0)
(-486.232 2784.73 0)
(-316.415 2598.14 0)
(407.412 2627.81 0)
(138.111 2469.47 0)
(1628.73 1932.16 0)
(86.241 319.169 0)
(5.92188 2827.13 0)
(1107.07 1762.69 0)
(83.8023 322.288 0)
(969.936 2700.73 0)
(1696.83 2322.72 0)
(-1646.89 497.659 0)
(2.18196 132.45 0)
(308.802 2560.17 0)
(-114.941 2781.29 0)
(-145.304 2873.47 0)
(163.375 2726.69 0)
(631.05 2645.47 0)
(-172.657 2888.53 0)
(1121.12 253.56 0)
)
;

boundaryField
{
    back
    {
        type            empty;
    }
    front
    {
        type            empty;
    }
    gasjet
    {
        type            noSlip;
    }
    inlet
    {
        type            pressureInletOutletVelocity;
        value           nonuniform List<vector> 
20
(
(0 78.8996 0)
(0 64.314 0)
(0 56.042 0)
(0 55.7472 0)
(0 75.4311 0)
(0 65.9485 0)
(0 63.5582 0)
(0 72.0828 0)
(0 71.1995 0)
(0 78.5534 0)
(0 80.5339 0)
(0 82.2738 0)
(0 82.3926 0)
(0 67.0929 0)
(0 66.1379 0)
(0 75.8102 0)
(0 81.6786 0)
(0 80.4414 0)
(0 81.5925 0)
(0 63.7575 0)
)
;
    }
    outlet
    {
        type            zeroGradient;
    }
}


// ************************************************************************* //
