/*--------------------------------*- C++ -*----------------------------------*\
  =========                 |
  \\      /  F ield         | OpenFOAM: The Open Source CFD Toolbox
   \\    /   O peration     | Website:  https://openfoam.org
    \\  /    A nd           | Version:  8
     \\/     M anipulation  |
\*---------------------------------------------------------------------------*/
FoamFile
{
    version     2.0;
    format      ascii;
    class       volScalarField;
    location    "0.0005";
    object      epsilon;
}
// * * * * * * * * * * * * * * * * * * * * * * * * * * * * * * * * * * * * * //

dimensions      [0 2 -3 0 0 0 0];

internalField   nonuniform List<scalar> 
29110
(
1.99893e+06
3.03487e+06
1.26904e+08
1.99452e+06
1.22169e+09
1.23583e+09
1.33862e+09
5.92876e+08
5.29419e+08
2.82002e+07
4.84888e+06
1.01072e+07
2.88277e+06
8.19833e+07
2.74e+09
4.93646e+08
3.8512e+08
3.20562e+06
1.16501e+09
4.36394e+07
4.04078e+07
2.17597e+08
4.91048e+08
358014
146381
2.23257e+06
1.45734e+07
4.18406e+06
5.62423e+08
3.67073e+09
5.75649e+08
1.09877e+08
6.12899e+06
1.2504e+08
1.86207e+07
1.277e+06
7.90046e+08
2.29597e+09
2.06829e+09
5.41801e+09
1.7846e+09
1.72366e+07
1.22603e+07
1.79853e+09
1.52187e+08
1.17732e+06
3.88951e+08
2.04451e+06
2.13069e+09
1.71091e+09
3.25421e+08
1.58353e+08
2.62893e+06
2.08267e+07
1.09773e+09
1.48879e+08
5.81091e+08
2.30642e+07
5.90677e+06
102086
7.02003e+07
351454
5.07651e+06
2.68419e+08
3.32629e+07
3.67515e+08
7.52174e+07
1.35973e+08
1.19574e+06
4.75533e+06
7.7464e+08
7.14246e+07
1.95767e+06
87356.1
1.30071e+08
1.31825e+08
4.33566e+06
6.79926e+08
215738
1.4507e+08
113338
6.88655e+08
5.95657e+06
2.51501e+08
2.00077e+08
1.99824e+07
3.99673e+07
479268
3.88605e+08
2.35388e+06
7.20157e+06
1.61511e+07
3.02247e+08
7.79317e+08
4.92427e+06
2.10382e+07
1.59032e+07
6.74864e+08
4.38355e+08
1.7734e+09
2.75477e+06
3.66924e+09
1.46991e+09
5.19254e+06
1.11525e+08
6.83585e+08
206767
1.61846e+08
296012
1.04103e+09
587900
7.73882e+07
5.31142e+08
147026
1.74326e+09
1.54472e+06
207397
1.86177e+09
1.42106e+08
5.18642e+07
2.04878e+09
4.02007e+07
7.09109e+08
7.70846e+08
7.73655e+07
7.24537e+07
4.1706e+08
6.36277e+08
5.67791e+06
2.79422e+09
90243.4
1.05721e+09
4.94525e+08
4.89625e+08
2.8989e+08
2.67084e+08
456018
3.27019e+06
8.02938e+07
9.56233e+06
3.96177e+08
3.01004e+08
3.67359e+08
2.57902e+09
6.5007e+08
8.57958e+07
5.65358e+07
9.17841e+07
2.30974e+08
1.83763e+07
1.84582e+06
1.28456e+08
2.83523e+07
8.33725e+06
1.6375e+07
7.79897e+07
155227
4.85016e+06
5.78946e+06
1.20782e+09
3.95516e+07
210810
3.8542e+07
7.06527e+08
1.27123e+09
303013
102097
3.13117e+07
1.96391e+07
1.4578e+06
154751
1.29186e+07
1.45844e+08
4.64373e+07
7.30218e+07
2.90781e+07
2.02495e+06
2.30568e+06
6.67271e+07
7.94118e+07
1.08453e+09
4.15516e+06
1.41648e+07
1.31489e+07
3.5491e+08
2.95773e+08
1.03331e+09
1.61935e+06
2.03659e+06
9.61002e+08
3.75708e+06
6.13725e+07
3.17652e+06
6.48847e+06
2.99654e+07
2.03975e+08
196211
5.36481e+06
3.04936e+08
1.2974e+08
9.57345e+08
5.90967e+08
2.59729e+08
3.8078e+07
2.26653e+06
153821
1.35203e+08
87059.9
1.22252e+09
4.2592e+08
1.15584e+08
5.63915e+06
7.44484e+07
3.48451e+09
2.25232e+08
2.51233e+07
8.14122e+08
8.60034e+08
2.7381e+06
1.46864e+09
9.86903e+07
7.87767e+06
6.63403e+08
1.14132e+07
3.60961e+07
2.09748e+08
4.15289e+08
3.84e+07
7.67306e+08
2.57294e+07
1.97103e+07
9.7853e+06
1.0906e+09
3.89872e+07
1.89637e+06
6.72215e+08
5.24032e+08
4.57382e+08
8.09209e+07
7.6376e+06
1.1018e+09
9.62761e+08
221831
5.50263e+08
5.2716e+06
6.4268e+06
7.10849e+08
5.09926e+06
203731
1.40198e+09
256249
1.57574e+08
527939
1.3696e+06
4.14125e+08
1.85289e+09
459798
1.06972e+06
8.20276e+08
2.44423e+06
2.21145e+09
8.03569e+08
266994
6.30332e+08
1.82309e+06
3.95807e+06
4.12284e+06
88337.6
335630
776534
6.14209e+07
101794
2.49744e+07
1.57689e+06
1.69201e+09
4.14814e+08
3.08866e+07
1.44902e+08
1.07443e+08
5.5554e+08
1.16669e+06
3.51383e+06
3.92877e+06
9.24498e+07
3.09962e+06
6.3701e+06
9.89777e+07
4.15851e+06
4.87617e+08
1.44111e+09
5.8623e+08
2.55889e+08
7.93333e+07
6.52705e+06
7.34972e+08
1.29404e+07
3.10237e+08
9.93471e+08
3.44654e+09
6.03734e+07
2.08139e+08
159048
160457
1.08806e+09
1.99612e+06
3.28004e+07
2.82088e+08
3.05256e+07
4.53415e+06
6.35221e+08
3.61598e+06
2.02064e+06
1.73233e+09
1.59753e+07
5.47657e+06
2.05727e+08
3.09097e+06
3.59639e+06
113450
3.9206e+06
4.56253e+06
5.34874e+07
1.39091e+07
1.37963e+09
1.64727e+08
9.77792e+07
1.07546e+07
189598
1.82813e+06
2.97463e+07
4.89817e+08
1.11261e+08
1.33438e+06
9.90672e+08
319228
2.3649e+08
1.18779e+09
5.14383e+07
5.10055e+08
2.03756e+09
2.23572e+07
6.33447e+06
2.52218e+06
2.75507e+07
502306
1.62381e+09
9.93347e+07
2.22779e+09
3.47334e+06
344393
4.49434e+06
2.47291e+06
4.5387e+07
8.90898e+07
2.09342e+09
6.45705e+08
1.41296e+08
1.19816e+08
2.99353e+07
1.27573e+08
1.21255e+08
1.78797e+07
2.43162e+09
106040
9.29737e+06
9.18233e+08
1.73363e+07
163990
1.5436e+08
120646
2.83036e+06
243864
4.26029e+08
134233
3.99814e+07
6.37372e+08
2.75185e+09
1.35927e+09
1.09439e+09
1.34115e+08
1.51225e+06
1.11347e+09
2.00219e+09
3.85618e+06
2.66087e+06
9.65208e+07
1.18804e+08
2.80247e+09
120030
322184
8.52313e+08
1.22592e+09
5.99961e+06
2.74127e+09
3.30595e+06
3.7795e+06
3.43536e+09
1.70832e+07
213702
4.33856e+08
1.22737e+08
1.76997e+09
1.91764e+06
4.63485e+07
1.78041e+08
1.72224e+09
2.648e+09
6.75168e+08
1.38069e+07
4.60886e+08
6.16002e+08
1.42016e+08
1.14161e+09
1.69016e+06
2.49694e+07
1.19457e+08
1.58376e+06
1.51613e+08
5.77001e+06
4.76042e+08
769529
1.78111e+07
1.55426e+06
3.58673e+06
3.62661e+06
7.45699e+07
2.68812e+09
3.90866e+06
4.2025e+08
1.13388e+08
2.69505e+08
93826.8
1.21131e+08
1.06261e+09
2.09837e+08
568082
3.26184e+07
1.02163e+09
4.48816e+07
6.16812e+08
160752
7.85193e+08
2.7548e+07
113587
7.9458e+08
312572
2.15602e+06
3.35207e+06
3.36408e+06
320902
6.3612e+07
7.95799e+08
6.71926e+07
4.76557e+08
193066
1.25582e+08
5.69917e+07
2.65364e+07
791546
5.43219e+09
1.22733e+09
2.03171e+08
3.90152e+06
760376
165837
4.66131e+08
6.31752e+07
1.18918e+09
1.72947e+06
2.57651e+09
4.67749e+08
277585
408377
4.51038e+08
504667
5.20223e+06
1.7804e+09
4.39884e+06
120978
3.02485e+08
1.05509e+08
496087
1.70159e+09
2.98517e+08
1.51206e+08
4.07928e+08
4.07799e+08
3.44315e+06
2.70358e+09
4.6086e+09
576014
1.24922e+07
3.53845e+07
9.37648e+07
3.57769e+06
5.4398e+06
2.95682e+08
1.47359e+07
1.30032e+07
1.04616e+08
7.28751e+08
5.66722e+08
6.15801e+06
7.68614e+08
1.96269e+09
4.18692e+06
2.25951e+06
6.63724e+06
7.49237e+07
4.82083e+08
1.69905e+07
5.72222e+07
128167
6.18712e+08
7.71169e+08
3.85062e+07
4.1378e+06
5.30367e+06
3.07813e+06
1.99448e+09
1.31864e+08
453092
1.41315e+07
2.56465e+07
1.01207e+09
2.85903e+09
5.00481e+06
1.22898e+08
2.38351e+06
1.48652e+06
3.86299e+09
1.60675e+06
2.35983e+08
1.36322e+07
5.3345e+08
1.22953e+06
2.82086e+06
4.10636e+07
2.44249e+07
2.93373e+07
7.28009e+07
1.69134e+08
1.16303e+07
4.76206e+08
1.14383e+06
129348
2.14143e+07
5.03417e+08
339491
4.59011e+08
3.04514e+09
754434
1.04899e+09
1.19147e+06
5.55963e+06
4.96489e+06
132641
2.55135e+07
9.48709e+08
370796
2.07097e+09
2.99056e+06
6.67468e+08
4.68554e+08
2.97045e+08
6.3797e+08
6.10933e+06
1.15083e+08
9.53984e+08
4.58899e+06
5.72541e+08
2.39562e+07
2.83166e+08
1.32136e+09
4.42283e+08
1.41386e+08
248898
2.1229e+06
8.6544e+08
1.25529e+08
1.71865e+09
3.80582e+06
2.54299e+08
2.62909e+07
1.93693e+09
7.78571e+08
2.01539e+06
1.88851e+06
6.16916e+08
2.6926e+07
2.25281e+06
5.36801e+06
1.27726e+06
6.61938e+08
6.4119e+08
759931
3.67661e+06
4.6655e+08
4.34777e+08
158061
6.32354e+07
1.78541e+08
4.90065e+08
2.3667e+07
1.66653e+07
222809
5.09037e+06
3.78987e+08
1.10209e+08
106685
3.33172e+07
5.25214e+08
4.31564e+08
3.49574e+06
3.8791e+06
857675
1.43833e+08
5.45276e+07
1.73245e+09
6.09096e+08
2.64447e+09
1.58137e+08
4.11893e+08
134866
2.85316e+09
1.92466e+08
5.65047e+08
4.92249e+08
5.93481e+07
218802
161849
123908
5.34839e+08
4.47547e+08
1.50944e+09
254902
2.80352e+06
4.40611e+07
7.57207e+08
2.14372e+06
5.56812e+08
1.00309e+08
6.23642e+06
2.8918e+08
1.16906e+09
149814
1.10802e+06
814575
4.85069e+08
147200
2.35222e+08
1.82629e+09
9.77242e+07
1.31264e+07
4.75266e+06
4.17101e+08
4.84095e+06
1.20945e+07
3.84337e+08
2.16802e+06
5.35414e+06
3.07146e+08
8.70542e+08
3.84305e+08
2.84263e+07
2.00834e+09
5.50633e+06
8.02437e+08
1.8167e+08
2.48319e+09
5.80208e+07
4.78778e+06
4.02083e+08
5.60945e+07
736045
1.302e+08
4.61079e+06
313968
4.11e+06
1.41824e+09
1.27951e+08
3.61907e+08
4.04923e+06
5.648e+08
7.52629e+08
1.42845e+06
1.57618e+09
2.08254e+09
4.37896e+06
2.32783e+09
1.16346e+08
2.33762e+09
5.00911e+06
1.12425e+08
1.59403e+09
2.80875e+06
2.44867e+06
1.84148e+07
2.35201e+07
5.46942e+08
1.03881e+08
1.58845e+08
3.22633e+07
4.03674e+08
6.67253e+08
1.05864e+07
1.61586e+09
1.99751e+07
1.18918e+07
148334
138132
1.1677e+08
2.68091e+06
8.79453e+07
1.56651e+06
184873
2.71908e+08
6.44173e+06
101451
3.13654e+08
3.42795e+08
345061
5.56544e+08
3.78123e+06
2.57177e+06
2.80625e+09
784435
1.66264e+09
6.95072e+08
742988
3.69736e+06
7.06008e+08
1.62103e+06
5.82001e+06
1.7128e+09
763888
2.02411e+07
8.46855e+07
1.11707e+08
6.04631e+07
2.20184e+08
3.31166e+06
1.49411e+09
6.90662e+08
1.60606e+08
1.37447e+07
2.71805e+06
9.4244e+07
5.70511e+06
139064
1.16853e+08
2.48427e+07
2.26809e+09
4.87168e+06
2.23431e+08
2.4629e+06
6.05133e+06
4.11913e+06
3.85717e+08
5.80729e+08
2.75185e+09
8.21397e+06
3.44577e+07
69676
6.94022e+06
499094
162879
1.16388e+07
2.57934e+06
5.90831e+06
2.15953e+08
3.78074e+07
1.93141e+08
1.429e+09
1.6284e+08
778490
2.92445e+06
307723
5.66772e+08
8.68667e+08
204406
5.75822e+08
9.37936e+08
2.18843e+06
1.70028e+09
3.41509e+09
2.77687e+07
2.37631e+06
1.70367e+06
1.34464e+07
2.70312e+08
3.5329e+06
1.70539e+08
2.22128e+07
6.32064e+08
249526
4.75714e+06
127225
6.44079e+06
3.06734e+07
3.96818e+07
1.4084e+08
3.58514e+07
6.02578e+08
3.2693e+09
2.16551e+09
499345
4.73196e+08
4.59026e+08
4.42113e+08
3.52575e+06
1.14366e+09
1.14492e+06
5.40257e+06
6.01953e+08
2.65397e+06
4.77725e+08
3.71669e+09
1.4534e+08
3.36523e+06
131901
7.31838e+08
5.26719e+07
4.1358e+08
4.60642e+09
2.96163e+06
3.69785e+06
187862
8.87107e+07
5.50361e+06
2.34577e+06
3.69211e+06
5.74575e+06
1.22901e+07
1.88232e+09
2.7638e+08
5.75091e+07
2.18467e+06
1.66003e+07
4.28676e+08
1.4331e+07
4.40487e+08
1.48498e+07
1.59267e+07
4.90991e+08
2.08392e+06
6.7118e+06
7.52748e+07
4.2735e+06
1.11993e+08
6.38663e+07
4.15369e+06
2.298e+09
3.32119e+06
3.51353e+08
3.61789e+07
1.84906e+07
5.77025e+06
116961
1.25468e+09
8.36245e+06
3.59981e+07
1.00287e+07
4.62177e+07
1.46799e+09
3.93204e+06
1.91487e+07
453919
1.10136e+09
1.95662e+09
2.32857e+07
1.50164e+09
5.00505e+08
1.60314e+09
835618
264811
5.71789e+08
7.83371e+08
3.89211e+06
4.98491e+08
156284
5.51254e+07
5.78663e+07
1.96201e+09
2.90045e+06
7.70657e+07
1.04949e+07
2.86955e+06
2.30683e+06
479397
1.33441e+09
4.42932e+07
1.15635e+08
342330
5.14518e+06
3.67332e+06
2.58018e+08
374286
116785
730572
2.69894e+08
4.96638e+08
9.5579e+07
613418
536652
4.81062e+06
1.13815e+09
1.49246e+07
1.35122e+08
2.60479e+06
3.11441e+07
6.51593e+06
2.51587e+07
2.90048e+06
2.38262e+06
1.50594e+09
2.10286e+08
4.50746e+08
3.47963e+08
1.21701e+08
3.66212e+06
1.24686e+08
7.64851e+08
1.40995e+06
4.0107e+06
9.60521e+07
7.70261e+06
2.27391e+06
2.29444e+06
2.68934e+08
1.62887e+07
1.4043e+08
1.94032e+06
1.386e+07
2.20124e+07
5.40242e+08
2.01477e+08
2.49468e+09
1.69029e+07
9.71001e+08
4.09774e+06
2.92301e+07
1.32877e+07
649747
5.28982e+08
7.01415e+08
2.04496e+08
117291
2.03114e+08
4.63647e+07
4.48024e+08
2.74107e+08
3.24207e+08
1.51061e+08
2.70309e+08
2.47936e+06
2.60985e+08
5.32731e+09
5.42075e+06
1.15917e+07
562610
462701
3.89781e+06
3.43189e+07
4.25796e+08
8.72738e+06
1.58988e+08
465873
1.57054e+08
1.9499e+07
1.90387e+09
3.02212e+07
3.23913e+06
226159
2.13315e+08
1.44779e+07
8.50088e+07
158555
6.02253e+07
8.70554e+06
1.05834e+09
5.79751e+08
4.61753e+08
2.55119e+08
2.14871e+06
9.2257e+06
215443
248337
2.36293e+08
9.34194e+06
5.12299e+06
3.53338e+06
1.82274e+09
3.08617e+07
1.28674e+07
2.86099e+06
3.44289e+07
1.19266e+07
7.93527e+08
5.36245e+07
1.35867e+07
772899
1.18999e+08
1.35338e+08
1.26786e+06
2.05141e+08
3.38762e+07
3.75063e+08
2.88729e+07
4.52696e+06
5.9921e+08
100358
1.88321e+09
3.52309e+08
699494
1.30986e+07
2.47131e+06
2.30285e+09
9.91645e+08
5.41974e+06
2.76387e+07
1.89323e+06
1.44271e+06
353062
6.20726e+06
5.49435e+06
4.61064e+08
3.87696e+08
1.05532e+09
5.58153e+06
1.11105e+09
9.78631e+07
1.32627e+08
5.41971e+06
55057.6
4.06694e+06
3.32584e+07
2.08127e+07
1.69355e+08
160010
94017
377037
1.93605e+07
1.15605e+09
2.40736e+08
1.10084e+08
1.63227e+09
705630
6.55195e+06
2.24323e+07
128203
1.21725e+09
255351
6.7342e+08
5.33851e+08
364824
9.32826e+08
1.4455e+07
1.36293e+08
244554
1.59657e+07
8.41125e+06
5.98127e+08
1.4804e+06
179357
5.80729e+07
1.41051e+08
1.28323e+07
2.55199e+07
3.56072e+08
4.38587e+08
1.24946e+06
1.32744e+09
7.49576e+06
2.1086e+06
221348
1.05583e+09
5.62643e+06
1.73155e+09
2.22227e+07
4.78772e+06
9.1255e+07
4.71653e+06
9.99276e+08
1.10594e+09
2.60638e+09
299713
9.95422e+08
2.60033e+06
1.24207e+07
6.50562e+06
9.99659e+07
2.11864e+06
1.67782e+07
1.59751e+07
4.30577e+08
4.1316e+08
2.06952e+07
3.00232e+07
2.08916e+07
3.51827e+06
1.04912e+08
1.78438e+06
2.82681e+08
3.0351e+06
4.19698e+07
5.89219e+07
2.68096e+09
2.07052e+08
6.58569e+06
1.48913e+06
3.23403e+08
4.92222e+06
367378
2.72526e+06
1.05634e+09
3.27758e+09
2.62276e+06
188227
8.59249e+07
1.11273e+09
3.40539e+06
773983
1.28552e+07
2.68439e+06
2.00791e+09
222537
2.15535e+07
2.69962e+08
2.25708e+07
2.40826e+09
1.67205e+07
4.3985e+07
1.28657e+07
1.83232e+07
1.74831e+06
1.08419e+09
2.06118e+09
1.97432e+06
223610
1.55927e+08
1.40432e+09
2.77453e+06
1.07283e+07
3.98271e+07
5.27989e+08
4.1688e+06
8.97277e+08
4.88455e+06
1.58614e+06
216141
120796
1.61493e+06
3.13393e+09
8.06961e+08
1.65306e+08
1.84076e+06
1.2968e+07
2.63054e+09
638800
5.94149e+07
5.54023e+08
1.42469e+08
3.21093e+08
1.67164e+07
552135
1.19816e+08
2.77231e+09
8.47113e+08
2.58444e+06
234124
4.27574e+08
2.20291e+07
2.25626e+06
3.29003e+07
5.87243e+08
167151
5.24467e+06
138324
3.73891e+08
2.5937e+06
6.2225e+06
1.18381e+08
1.63067e+09
8.44172e+08
3.77195e+06
2.64998e+09
3.78746e+06
1.61628e+06
2.93932e+09
2.07406e+08
5.10593e+08
1.74881e+07
1.39129e+07
3.25745e+09
1.36138e+08
1.29566e+06
5.26176e+06
1.43561e+07
1.60285e+08
7.37769e+08
6.14932e+07
9.76323e+06
1.54842e+06
7.77405e+07
2.11819e+08
727808
1.75317e+09
1.92622e+06
3.19301e+09
2.18429e+09
3.54066e+06
9.3793e+08
1.25877e+07
8.93384e+08
575643
5.87628e+08
1.43099e+09
733587
4.36794e+06
3.05867e+06
1.6959e+08
1.5819e+08
1.14413e+09
9.57432e+08
3.53116e+06
3.90701e+06
1.21128e+08
3.68402e+06
137815
3.51548e+06
817002
6.9342e+06
1.26431e+07
5.17819e+08
277349
1.72914e+06
1.11891e+08
5.65305e+07
149078
6.80113e+08
1.18596e+09
1.44729e+07
2.36169e+06
3.66567e+08
7.56016e+06
373430
1.63716e+09
1.94547e+06
1.60693e+09
3.79633e+08
9.75941e+07
143178
6.56472e+07
2.36896e+06
6.01238e+08
1.76766e+07
1.77171e+06
3.09072e+06
7.86662e+06
109516
8.45402e+08
1.04497e+09
5.55864e+07
1.02889e+07
6.31005e+07
4.35746e+06
1.26015e+09
5.50614e+06
476574
5.23087e+06
5.4762e+07
7.16566e+07
1.47372e+08
201996
1.0784e+09
139660
373678
1.55531e+08
3.79184e+06
8.96877e+06
7.00437e+08
4.14435e+07
8.4226e+07
1.32655e+08
1.6505e+06
4.32726e+08
2.10636e+08
7.63358e+07
764551
9.26721e+07
777505
2.33288e+07
1.47017e+09
3.25364e+07
5.43837e+07
5.56624e+06
2.31706e+06
1.20186e+08
2.30157e+06
1.23828e+08
2.06421e+06
1.71455e+09
1.83074e+08
1.13265e+08
1.07681e+09
1.96393e+06
6.86428e+08
310895
1.87686e+09
1.18212e+08
1.96654e+08
6.47048e+08
1.74885e+08
1.84117e+07
1.45345e+09
1.57453e+09
1.08062e+08
111172
1.10375e+09
2.13434e+06
1.31991e+07
1.6887e+06
2.54705e+09
3.24314e+09
86438
4.25065e+07
4.7712e+06
383047
5.72879e+08
3.11601e+07
1.75814e+06
1.08116e+09
1.21208e+08
9.11831e+08
1.00714e+08
2.80456e+07
7.85394e+07
3.74418e+07
8.18313e+06
6.59736e+08
1.04586e+06
257378
1.66968e+08
1.55561e+08
5.18219e+08
4.39424e+06
9.61966e+08
1.03194e+09
4.74968e+08
6.79799e+08
5.81665e+08
2.90937e+09
2.87678e+08
6.4342e+08
1.02617e+09
4.42035e+08
1.93228e+09
1.32253e+08
8.1533e+08
7.73796e+07
7.19582e+07
2.48373e+07
4.11072e+06
1.42718e+08
7.30827e+07
4.40246e+07
2.38304e+08
133212
2.62791e+08
1.63012e+09
52656.9
4.05796e+06
9.71775e+08
653995
6.11349e+07
1.97354e+06
2.2264e+08
8.29241e+06
9.47438e+07
1.43055e+06
1.0239e+08
2.7086e+06
1.86779e+06
1.3018e+07
1.13344e+07
7.42782e+07
3.49265e+07
7.60612e+07
1.11818e+07
1.58702e+07
1.04142e+08
2.41916e+07
1.35235e+07
3.58403e+08
2.5897e+08
2.52886e+06
3.15695e+08
1.04606e+06
4.44212e+08
5.66271e+07
3.46051e+06
1.0564e+09
1.09815e+09
1.87552e+07
2.39822e+06
5.11725e+06
5.13701e+09
5.99667e+08
7.40779e+07
4.95051e+07
88712.6
7.49525e+07
5.36128e+06
1.57886e+06
1.41262e+09
3.03659e+07
1.79286e+06
2.25808e+08
8.66745e+07
3.87259e+07
4.82058e+08
8.21763e+06
9.06547e+07
1.83439e+06
6.60237e+06
3.14626e+09
1.43609e+08
488223
9.26764e+08
2.7196e+06
2.65448e+08
2.10136e+08
3.48497e+06
5.51683e+08
3.11139e+07
8.9051e+08
238577
636483
299385
166559
8.77492e+08
4.54326e+07
4.27853e+08
148084
6.97197e+08
2.04244e+06
6.24699e+06
4.95495e+06
1.65467e+08
1.63329e+06
5.91202e+06
3.15293e+08
7.05457e+08
1.27525e+09
6.20483e+08
2.14139e+09
4.09298e+08
1.51895e+06
2.68545e+06
289611
1.24002e+08
1.75934e+07
2.83186e+09
7.83052e+07
1.78913e+07
7.91639e+07
1.45886e+08
216654
3.52555e+06
1.03678e+08
469271
1.5242e+09
3.98385e+06
4.80383e+07
8.13044e+06
2.10214e+07
1.08788e+07
9.47231e+07
1.00805e+08
5.35713e+08
302432
270380
2.32847e+09
4.73064e+07
4.43549e+06
5.953e+08
1.4831e+07
3.98195e+07
2.49801e+07
6.95457e+08
9.37317e+08
3.39888e+08
1.18224e+07
9.83804e+06
2.76679e+08
134732
1.70554e+06
4.61582e+08
8.00621e+07
7.0087e+08
2.45682e+06
8.60658e+06
9.13846e+08
1.64338e+09
8.17528e+07
1.63907e+06
8.57424e+08
1.23645e+07
1.93462e+09
691152
5.02312e+06
4.63035e+08
1.97023e+09
147847
2.22648e+06
2.37088e+08
2.73751e+06
1.01015e+09
4.18201e+07
7.30035e+07
149847
2.22489e+06
1.90082e+08
6.94348e+07
176842
1.48605e+07
549204
9.80082e+08
239812
207289
3.31129e+07
2.27843e+06
2.39846e+08
7.03899e+08
1.29157e+08
2.34143e+07
8.92023e+07
2.42747e+07
4.28931e+07
3.82233e+07
6.54505e+07
2.37024e+07
6.15001e+08
8.70041e+07
9.87045e+07
2.69735e+06
3.64175e+07
2.76944e+09
4.52125e+07
5.78272e+08
3.1911e+08
8.90822e+08
2.92222e+07
1.00063e+08
1.28684e+09
230951
3.37454e+06
3.10097e+08
1.84479e+09
5.05074e+08
2.87606e+08
1.22095e+08
1.53863e+09
536118
154635
1.24692e+09
5.54005e+06
1.82919e+09
1.06616e+08
2.18156e+07
818835
3.94523e+08
1.42621e+09
1.00706e+07
1.04185e+08
5.50122e+08
9.24755e+07
3.73087e+07
1.98914e+06
2.89705e+06
1.05648e+07
3.8825e+08
8.78372e+08
1.75448e+07
1.63869e+09
7.80915e+07
2.16018e+07
1.3202e+09
2.98577e+08
5.01028e+06
4.35168e+06
7.65808e+07
150773
8.48639e+07
671437
1.12461e+07
8.46989e+08
5.42257e+06
6.59249e+07
2.49633e+06
6.13742e+06
1.60842e+08
7.15436e+07
2.05674e+06
5.16169e+07
104507
1.61521e+08
1.64392e+09
5.53917e+06
6.68847e+06
7.69013e+07
1.18958e+08
6.96679e+08
175755
1.41839e+08
7.05995e+08
4.70415e+08
2.02513e+09
7.96524e+07
1.24e+06
3.24986e+08
4.42531e+07
2.08386e+06
3.27299e+08
1.42844e+08
140765
1.02377e+06
8.81601e+07
2.59761e+08
5.82649e+06
2.52367e+08
9.80182e+06
2.34634e+06
9.95148e+07
3.5678e+08
1.44871e+09
1.88678e+08
5.27117e+08
4.83342e+08
1.75171e+06
6.16912e+07
151217
5.59097e+07
2.17767e+06
7.77296e+08
119720
1.43559e+08
1.24368e+07
2.11749e+09
8.3941e+07
86874.2
283717
5.73738e+08
2.54771e+07
5.96385e+06
222604
5.2439e+06
1.17958e+09
1.17227e+08
469543
5.30057e+06
5.31273e+07
2.63438e+06
3.29035e+09
1.52267e+08
2.2347e+08
5.44737e+08
3.25757e+09
3.2948e+08
1.40689e+08
159185
1.20305e+07
1.05158e+08
5.04569e+07
1.54736e+07
6.70987e+06
1.58747e+08
1.64407e+08
4.04913e+06
9.90028e+07
1.43688e+08
4.46401e+08
5.32351e+08
2.9645e+06
123791
1.18022e+09
495019
1.73642e+09
8.73346e+08
9.0468e+08
4.71612e+09
1.00182e+08
2.9338e+08
7.5719e+07
2.32334e+09
210540
2.01428e+06
159817
5.78632e+07
4.42143e+06
3.36665e+07
7.09939e+06
175308
2.95226e+07
3.98252e+07
1.81052e+09
6.17162e+07
2.83655e+09
8.25056e+08
2.65008e+06
4.3732e+06
307299
2.23256e+09
147262
3.25286e+09
478690
1.52656e+09
222969
209159
188848
1.67074e+08
1.4049e+08
4.01185e+08
2.89303e+08
8.85066e+06
257713
1.11347e+08
8.48145e+08
7.1535e+08
2.50784e+08
1.68931e+08
2.41215e+09
5.2025e+07
7.31289e+06
4.15708e+06
5.64933e+06
131379
7.728e+07
1.44638e+08
2.1356e+07
1.30453e+09
7.28876e+08
1.10416e+09
2.47548e+06
5.20263e+08
1.85825e+09
5.02673e+06
5.87893e+08
5.95239e+08
8.61243e+07
1.58527e+09
2.25568e+07
3.02405e+07
105162
1.35511e+09
4.99199e+06
1.005e+08
2.05559e+06
8.41345e+08
822601
1.44876e+08
1.55333e+07
2.46014e+06
243537
151749
8.73559e+08
6.28414e+07
7.76875e+06
5.29799e+07
1.88662e+09
1.25701e+08
1.56268e+09
1.76356e+06
110521
5.1631e+07
1.62266e+08
1.61831e+08
3.25265e+09
1.04165e+08
1.23394e+07
4.56084e+07
2.26213e+08
5.22951e+07
8.60326e+07
5.3629e+07
1.24637e+06
4.39596e+08
1.96744e+07
1.1343e+09
264273
4.01781e+08
1.25143e+09
7.04172e+08
4.10821e+08
5.79961e+08
1.60082e+07
4.48418e+07
2.95335e+07
2.54349e+08
7.61287e+07
2.4903e+07
9.97812e+07
9.80084e+06
1.99983e+09
4.40731e+07
3.54295e+06
1.27858e+06
7.9143e+08
3.79598e+06
455857
8.2879e+07
5.02846e+07
3.98078e+06
1.4787e+09
5.73359e+06
3.37879e+07
2.05049e+07
4.3715e+07
1.90443e+08
4.91552e+09
7.96975e+07
4.44854e+08
6.8853e+08
3.73941e+06
3.87997e+09
1.575e+08
5.45947e+06
2.80391e+09
9.83943e+07
8.32772e+06
1.47806e+08
445164
1.19447e+08
175515
5.46583e+06
1.25633e+06
5.32684e+08
3.82566e+06
2.24386e+08
2.01072e+08
5.79708e+06
7.7734e+07
8.0593e+08
6.99999e+08
2.16159e+07
7.08487e+06
2.3908e+06
2.92374e+08
52065.7
51877
234668
354971
474343
1.35796e+09
990899
4.13153e+08
3.85767e+07
4.90475e+06
2.48312e+08
8.74233e+07
1.13059e+08
1.96268e+09
3.64767e+06
2.99156e+07
6.68391e+08
4.35925e+08
92122.5
1.58194e+08
6.13998e+08
5.72134e+07
4.35849e+06
1.78452e+06
5.99143e+06
1.1959e+06
2.95378e+08
138707
5.11396e+07
323578
1.69032e+09
3.6066e+07
1.9814e+07
1.09736e+06
3.62946e+07
2.69733e+08
5.92513e+08
6.70085e+06
8.7784e+06
1.81013e+06
262940
6.16253e+08
1.54948e+08
2.02316e+08
2.6259e+07
2.79532e+07
6.99951e+07
1.5771e+09
1.8425e+07
9.27301e+06
3.22178e+06
1.8456e+09
2.60098e+08
8.71615e+07
1.23319e+09
2.02179e+06
287028
3.76434e+08
511026
1.12732e+06
2.57154e+09
4.67807e+08
4.97123e+06
3.34221e+08
2.51738e+07
7.3203e+08
3.54523e+06
4.09088e+08
3.62307e+06
5.08024e+06
785288
1.58926e+06
173106
2.33276e+06
8.04309e+06
7.26329e+06
2.39398e+07
2.67128e+06
1.5788e+06
7.02502e+08
2.80142e+09
9.93906e+08
6.96742e+08
3.54993e+08
5.45506e+06
1.15759e+07
1.79693e+09
4.78635e+08
2.90617e+09
4.27398e+08
4.56806e+08
2.77322e+06
1.93826e+07
162728
8.2029e+08
148766
7.70896e+07
4.04428e+06
4.09794e+08
1.21966e+06
2.54658e+06
2.01581e+07
1.85573e+09
5.71505e+07
1.16101e+08
3.57152e+07
3.84146e+08
433960
2.57444e+06
1.16705e+08
8.22623e+08
6.55596e+07
3.98107e+06
9.94836e+07
4.11835e+06
575308
7.94925e+07
5.27279e+08
2.99428e+08
1.30001e+07
2.48906e+09
3.8331e+06
2.91163e+07
3.36293e+07
2.95007e+09
9.57767e+08
198013
2.17393e+07
3.60156e+07
138821
2.08809e+06
2.55288e+09
1.92124e+07
1.24165e+07
2.66806e+09
5.85119e+08
5.29029e+07
4.26143e+06
6.18118e+06
1.66516e+09
1.37074e+08
1.16766e+06
9.91922e+07
9.57934e+07
1.85211e+07
556075
3.85393e+06
9.40163e+08
2.65056e+08
1.28745e+08
7.0185e+07
1.08245e+08
1.36382e+07
3.11282e+08
1.62802e+09
3.9813e+07
1.19825e+07
4.54271e+06
1.35912e+08
1.37857e+09
5.87896e+06
3.86133e+07
2.10368e+06
1.78272e+07
3.68567e+06
1.75081e+07
2.23223e+08
8.43292e+07
1.07874e+09
1.9363e+09
3.28802e+07
5.83728e+08
3.98997e+06
2.73988e+09
9.79547e+07
2.14349e+07
2.32432e+06
2.2658e+06
1.70145e+07
2.24793e+09
1.19006e+07
2.7569e+06
3.00086e+08
1.6901e+08
182140
7.89086e+07
1.10901e+09
1.04827e+09
103126
2.09005e+08
369889
3.8226e+06
2.7962e+06
6.07772e+08
2.41354e+06
325989
2.44175e+07
8.17291e+08
5.16443e+08
4.10613e+06
3.84112e+08
1.8144e+06
7.06343e+07
2.31398e+07
5.22378e+08
3.18442e+07
1.26292e+08
5.24573e+06
1.44495e+08
1.56288e+09
7.47658e+06
4.16677e+06
7.268e+06
2.30088e+08
5.09134e+08
9.74645e+08
5.87159e+07
228581
7.17971e+08
1.39321e+08
1.07782e+08
639669
1.54509e+06
109495
1.29529e+09
1.57867e+06
7.20186e+07
2.15576e+07
6.563e+08
4.21657e+08
6.82201e+07
3.95457e+08
224844
1.99611e+06
1.73391e+08
5.36659e+06
5.15546e+07
6.32423e+06
7.11894e+06
92427.2
9.7658e+08
1.61409e+06
2.31735e+06
7.3272e+07
7.75878e+08
4.30006e+08
1.14176e+07
2.75524e+07
1.01754e+08
2.74998e+06
2.01914e+08
4.5104e+08
2.2441e+09
4.13751e+07
486040
3.71592e+06
3.6237e+06
2.0864e+09
1.2783e+08
2.64795e+07
6.53139e+06
1.9913e+06
1.78807e+07
1.0079e+08
3.70826e+06
2.47754e+08
3.42445e+09
7.2858e+06
5.59916e+07
5.78429e+07
1.78494e+06
2.75469e+09
444485
5.58086e+08
7.62034e+06
1.02222e+08
5.73266e+07
5.0915e+07
1.45558e+09
3.97855e+06
1.17122e+08
6.04596e+08
6.82022e+06
1.07172e+08
756457
4.85919e+07
2.32424e+08
8.66738e+08
981257
1.13788e+08
1.36617e+06
1.48353e+06
2.15319e+06
1.99824e+06
4.13911e+08
4.5023e+07
7.43921e+08
6.81607e+07
9.13289e+07
1.06673e+09
268481
4.40644e+08
1.06082e+08
2.03673e+09
2.3032e+06
9.27135e+07
2.44916e+08
6.21879e+07
9.5899e+08
1.56042e+09
5.15426e+06
7.67636e+08
1.70246e+09
8.74839e+07
7.37983e+07
1.00955e+08
2.60507e+07
1.14589e+09
1.51549e+09
5.27797e+07
2.64196e+07
3.23812e+07
3.83192e+08
93708.3
1.19133e+08
6.74056e+07
3.62649e+06
2.96313e+07
1.06688e+09
2.50932e+09
7.53133e+06
136396
3.87154e+08
228017
4.94822e+07
7.19614e+07
3.43386e+06
2.50501e+07
1.82952e+09
8.27475e+06
1.41306e+08
1.5234e+07
1.65119e+09
4.52028e+08
1.96123e+08
1.36359e+06
7.76744e+08
2.10525e+08
2.69953e+09
929088
1.90762e+09
6.17084e+08
3.85597e+06
4.63338e+06
7.43917e+07
5.80764e+06
1.77655e+08
5.37349e+06
4.35295e+08
6.96035e+08
178641
4.28508e+06
3.32864e+07
2.00181e+06
1.48237e+07
2.05285e+09
2.73972e+09
5.3388e+06
2.4314e+07
2.70469e+07
105239
2.65206e+06
2.807e+06
364616
1.10903e+09
1.02209e+09
1.1563e+09
3.47587e+06
1.35493e+07
8.39882e+08
2.36904e+07
9.01514e+07
1.95861e+09
1.89104e+08
5.46922e+08
5.66235e+08
1.90906e+09
162573
8.57894e+07
4.21908e+08
103323
6.80478e+08
6.3899e+06
2.52638e+08
2.41336e+07
7.86202e+06
1.39666e+06
4.51661e+08
1.91788e+09
1.67138e+08
1.94489e+09
4.49572e+08
1.20322e+09
186869
1.02946e+09
2.66445e+08
3.52076e+09
2.48999e+06
1.65719e+09
5.70099e+06
5.53593e+07
170831
89570.5
2.00234e+08
2.57121e+08
4.21382e+06
1.30719e+09
7.5493e+07
2.21008e+06
3.74904e+06
1.84749e+07
498865
2.22571e+07
3.65695e+06
1.06156e+08
2.59108e+09
314979
1.19146e+08
1.32257e+08
1.02416e+07
9.73203e+08
219160
2.77532e+09
3.59428e+09
95423.6
1.82797e+08
1.46228e+08
2.53342e+09
1.65751e+06
1.14253e+09
5.21948e+07
1.69518e+09
3.95e+06
1.63684e+08
8.54247e+06
5.78022e+07
2.4062e+06
4.20049e+07
1.16283e+07
854686
3.66393e+08
2.82426e+07
7.14921e+08
1.87285e+09
7.94929e+08
2.99949e+09
6.73511e+06
5.44894e+07
7.3707e+08
1.19704e+06
1.44067e+07
4.4045e+08
1.60228e+09
732872
155522
1.58691e+09
4.9998e+07
6.03573e+08
105130
6.16079e+08
6.8684e+08
3.70585e+09
3.8091e+08
8.81749e+07
1.48626e+08
3.54925e+06
159774
1.34531e+07
131090
1.16854e+08
234102
5.88238e+08
2.02827e+08
1.86089e+08
5.14305e+08
219127
2.86579e+08
118172
1.69865e+06
7.77691e+08
109239
1.78848e+06
1.05866e+09
7.06035e+08
2.80906e+07
3.47834e+06
2.6918e+08
1.06208e+09
5.48368e+06
2.26758e+08
454394
3.4823e+06
4.76899e+08
2.50154e+06
5.05769e+08
9.02174e+08
1.08199e+10
8.35012e+07
1.97817e+06
2.03283e+07
3.71183e+07
3.92669e+08
4.36208e+07
924533
2.62145e+07
490818
9.6506e+07
1.38717e+08
1.48181e+09
3.4283e+08
6.86791e+08
8.57646e+08
1.05077e+08
1.90197e+07
3.88466e+06
1.01013e+08
2.07588e+09
213501
3.06685e+07
614012
1.07483e+08
3.68549e+06
3.41288e+07
5.72291e+08
358579
4.86434e+06
6.14363e+07
492603
1.47148e+07
1.72292e+07
6.26789e+08
1.31025e+09
9.47016e+07
5.90641e+08
2.27194e+06
7.31506e+08
5.58975e+06
2.5025e+09
152955
2.39398e+07
7.47712e+06
1.61022e+09
1.55472e+07
3.21796e+08
3.08593e+07
4.44091e+06
8.78846e+08
806893
1.31463e+08
1.47969e+09
3.0839e+07
5.64748e+07
1.88641e+07
2.09249e+08
4.83378e+06
2.6265e+06
7.402e+06
5.24275e+08
4.72269e+06
4.83542e+08
1.01696e+08
3.22234e+09
1.29591e+08
586078
8.32512e+07
1.60099e+09
3.87922e+07
7.76118e+08
478569
3.12244e+06
1.2942e+07
2.77105e+06
2.7209e+09
3.93802e+06
9.19427e+08
1.49319e+08
3.16614e+08
3.83269e+06
7.15476e+08
1.24004e+09
1.82361e+09
8.78503e+08
1.12991e+07
829414
1.50497e+06
160119
1.47445e+07
7.52983e+06
8.9129e+06
2.70156e+07
6.19113e+07
2.68173e+08
1.26595e+08
6.28793e+07
5.97329e+06
533779
1.53773e+08
2.41e+06
8.86752e+07
174822
2.0454e+07
2.86338e+08
1.2542e+06
1.43273e+06
5.2191e+06
2.84989e+06
5.12097e+06
1.00979e+07
1.86903e+07
5.32657e+07
1.42331e+07
3.1858e+06
3.86532e+06
1.01079e+09
3.99247e+06
2.56637e+06
1.32202e+06
2.95035e+09
2.81536e+09
9.14522e+07
95557
2.30522e+06
428604
2.09553e+08
8.52003e+06
1.1332e+08
1.63408e+07
6.20735e+08
3.97278e+07
6.66048e+08
6.81556e+06
4.27089e+06
6.77564e+08
4.97585e+09
1.05534e+08
3.33513e+07
5.9607e+06
7.39314e+06
6.12078e+08
204029
1.14533e+09
3.49829e+08
565423
1.77527e+07
1.04765e+08
1.76788e+09
7.21281e+06
2.51999e+06
4.3039e+06
4.15267e+07
164597
1.7319e+07
824193
3.38159e+06
1.17392e+07
2.79046e+06
2.61631e+06
3.87772e+08
4.86779e+08
1.30988e+08
1.29875e+06
1.88099e+06
1.42979e+07
3.12585e+07
414825
1.32958e+07
462923
4.01128e+09
3.4837e+06
1.6509e+09
4.19438e+06
9.74159e+08
2.42889e+06
1.49774e+07
2.64374e+08
818247
181306
3.26268e+07
1.68298e+09
5.2525e+07
5.24111e+08
1.34045e+08
170085
8.19637e+08
1.82152e+07
2.06244e+06
7.64174e+06
1.78146e+07
245662
3.81022e+07
4.16601e+07
1.49831e+07
2.52453e+09
1.53603e+07
7.63748e+07
4.43499e+07
6.73659e+06
97849
2.0084e+06
1.93246e+09
2.92332e+07
1.70984e+06
7.59148e+07
2.93838e+09
2.36973e+08
2.50208e+08
4.91707e+08
1.16024e+07
8.11094e+07
2.09796e+06
169183
3.28846e+07
3.25306e+06
1.64705e+07
1.15408e+07
2.32559e+09
1.92052e+08
152411
3.53145e+06
4.809e+06
2.50178e+08
1.10846e+08
1.10518e+08
1.53829e+06
5.03834e+08
4.61401e+08
1.1052e+08
148210
87052
2.58544e+06
4.5343e+06
5.69609e+06
2.7385e+08
1.42844e+07
561571
5.50757e+08
1.78717e+07
1.96988e+08
1.62147e+07
1.47075e+09
8.67296e+08
3.14358e+08
245210
5.25991e+08
1.49236e+09
2.16033e+07
4.46661e+06
6.17674e+07
5.88927e+06
1.04792e+09
1.11731e+06
5.26177e+07
4.87516e+06
3.73363e+06
95092.8
1.89097e+09
2.01603e+09
4.5334e+08
1.4358e+06
1.06238e+08
1.05987e+08
167975
1.52134e+08
8.51421e+07
6.91048e+06
6.02921e+08
4.37448e+08
2.58898e+08
4.19957e+08
1.64265e+08
1.02032e+09
1.03868e+09
8.8759e+06
1.40711e+06
8.05512e+07
4.90264e+08
2.34034e+09
1.58775e+06
1.53168e+08
1.82427e+09
1.35464e+06
760310
1.45075e+09
2.74724e+06
1.14983e+09
362508
4.18377e+07
6.64227e+07
5.39491e+06
5.88064e+07
5.02547e+06
2.00012e+06
2.50013e+07
3.21572e+06
6.4243e+06
2.45288e+08
1.12398e+07
3.77794e+06
2.80436e+06
6.45078e+06
2.55433e+06
4.23358e+07
7.83934e+06
3.71026e+08
3.21612e+08
4.68224e+07
1.32901e+08
1.47872e+06
3.15858e+09
1.98043e+06
3.32642e+08
3.34736e+07
5.83527e+08
1.13139e+08
221494
1.05715e+08
631043
2.20324e+09
157519
485154
174558
7.70074e+08
9.14932e+08
2.38213e+08
5.07746e+06
5.27142e+06
3.64286e+07
314873
2.31931e+09
4.84659e+07
1.37577e+09
1.04659e+08
3.30536e+06
3.65343e+06
3.41474e+07
1.18647e+06
4.29126e+06
4.25555e+06
3.07357e+06
2.07786e+08
4.12445e+06
3.21349e+08
1.25182e+08
3.01344e+09
3.01314e+08
5.88166e+08
2.49016e+08
1.09315e+07
3.94292e+06
9.79264e+08
5.38177e+06
238321
4.22414e+07
4.2297e+07
449536
3.06473e+08
2.07992e+09
3.32948e+09
4.90169e+07
4.70552e+07
2.91832e+08
4.95279e+07
4.95417e+08
4.63403e+06
2.62796e+07
151496
567662
3.41422e+07
1.99635e+09
133937
1.31534e+06
2.13661e+08
153138
1.22764e+08
5.12208e+08
3.13193e+07
188144
5.85187e+07
98358.2
7.26411e+07
1.49215e+06
9.5073e+08
2.76377e+08
164256
3.04727e+06
4.25525e+08
86605.5
2.07459e+08
4.70822e+07
3.82571e+06
1.78179e+07
3.56271e+07
5.09726e+07
4.37364e+07
5.16612e+06
214610
3.66058e+06
2.0157e+08
1.42013e+08
1.14563e+08
2.96476e+09
7.05493e+06
4.79517e+08
2.62848e+08
1.23756e+07
3.61975e+08
9.8331e+07
969591
1.31509e+08
1.00427e+08
4.61961e+08
7.81943e+07
4.76595e+06
4.44704e+07
4.32645e+08
330231
174356
6.67832e+07
1.46847e+08
1.43509e+09
1.40521e+07
291148
6.99115e+08
222007
7.17414e+06
2.87665e+09
198930
5.15741e+08
6.52709e+06
167477
6.49123e+08
5.21774e+07
5.08726e+06
2.51776e+06
3.66912e+06
2.89545e+06
4.83932e+08
8.22579e+07
5.10924e+06
86038.1
1.35748e+08
1.87339e+09
8.38242e+07
1.78914e+06
3.86164e+08
7.60497e+08
98987.1
4.00579e+07
2.78258e+08
6.83123e+06
3.42298e+06
7.32698e+07
1.47472e+07
4.46325e+07
1.39047e+06
1.61243e+09
7.75962e+08
9.0978e+09
155942
5.856e+08
8.94042e+07
2.65859e+06
2.72036e+06
2.40946e+06
1.71842e+08
1.90862e+08
1.92745e+08
1.49672e+07
1.215e+09
2.12402e+09
133816
2.27516e+09
3.00174e+06
2.29653e+08
4.74346e+06
1.14356e+07
2.08054e+07
8.79922e+07
3.01187e+06
2.70198e+06
208027
8.36568e+07
4.91749e+07
1.05854e+09
1.10196e+09
1.06603e+08
2.84137e+08
4.08795e+07
1.02907e+08
3.36949e+09
3.82702e+09
306159
122767
2.17707e+08
2.0105e+06
6.00987e+07
2.99349e+09
6.35032e+08
2.40967e+06
6.66368e+07
8.48091e+06
3.69984e+06
2.61631e+06
1.39593e+08
6.93204e+08
576684
3.37466e+08
3.21728e+08
1.86725e+06
3.21532e+06
2.32731e+07
3.30072e+08
3.13058e+07
5.11482e+06
3.79645e+08
8.13302e+08
165507
7.09082e+07
681155
2.95088e+09
496202
4.19878e+06
833905
6.22926e+08
147630
2.43203e+09
1.95661e+09
591915
6.42411e+08
4.18669e+06
5.91051e+07
1.09066e+08
5.31901e+06
1.43138e+09
3.82665e+06
4.62369e+06
8.09462e+08
4.02326e+09
1.5218e+08
3.44312e+08
2.74849e+09
4.2263e+08
4.67951e+06
3.51538e+07
7.89564e+08
1.1086e+09
3.28316e+07
4.50032e+09
5.53279e+06
1.52409e+08
153916
4.51125e+07
8.76635e+08
799740
7.92919e+08
1.87094e+07
732650
1.78684e+09
1.34424e+07
4.58805e+06
8.4932e+08
1.88672e+08
1.24152e+06
1.86344e+08
8.85023e+07
1.03098e+08
1.20676e+08
4.18483e+06
2.30397e+06
6.64758e+08
822569
138377
131001
3.77098e+09
3.23972e+06
5.25347e+06
9.92052e+08
544768
5.77603e+07
3.17752e+06
1.73402e+07
4.59477e+06
3.89688e+06
6.78273e+08
1.53096e+06
1.72473e+07
3.88758e+06
6.27959e+08
3.51496e+08
1.65154e+09
7.07418e+08
1.45088e+08
3.90319e+08
3.10355e+07
1.68317e+08
3.42543e+08
1.4475e+08
2.84366e+08
299628
5.84857e+06
4.09609e+06
5.93748e+06
85290.3
8.55431e+07
3.1675e+06
6.82028e+07
4.69474e+06
2.97076e+09
1.73911e+07
9.04443e+06
2.9249e+08
4.73816e+06
2.04914e+07
426698
176439
2.43512e+07
4.69773e+08
760446
3.75297e+06
4.09255e+06
1.89898e+08
5.76543e+08
7.18495e+07
135760
1.30169e+09
2.37689e+06
9.02169e+08
4.59019e+08
1.12886e+08
1.58625e+07
488700
4.78546e+06
3.10042e+08
454450
2.91466e+06
4.128e+09
136312
293918
4.50571e+08
1.86774e+09
137321
1.68038e+07
2.73109e+08
4.70065e+06
1.77375e+08
3.59741e+08
2.693e+08
1.80411e+09
3.01665e+06
1.36559e+09
7.26627e+08
1.86772e+09
6.20491e+08
1.08337e+06
86796.9
6.05515e+08
5.45758e+07
2.17832e+08
1.91154e+06
1.41523e+09
2.85824e+07
4.26172e+08
5.1585e+08
2.69122e+06
9.11597e+08
1.27033e+07
1.14133e+08
1.51933e+06
6.91419e+08
118655
2.39918e+06
3.09227e+07
6.03231e+08
2.90524e+07
1.11835e+09
1.4622e+08
4.0842e+08
1.06696e+07
9.82835e+07
1.24021e+08
1.84016e+08
2.33004e+07
1.46929e+08
4.97902e+07
6.85632e+06
3.83659e+06
2.54231e+07
167928
1.50042e+08
6.51463e+06
916590
2.0237e+07
85909.8
9.94219e+07
5.06716e+06
8.22624e+07
6.45295e+08
2.01904e+08
6.09949e+07
1.65683e+08
5.80791e+07
1.9368e+08
3.62629e+06
1.99915e+06
1.60003e+06
3.15526e+08
5.0529e+06
2.19467e+07
896914
1.1018e+09
2.18617e+07
2.19706e+08
3.41336e+07
2.76783e+08
3.37455e+08
1.31375e+08
1.34811e+09
9.23065e+06
2.80472e+08
1.68488e+08
368154
4.76699e+08
2.02897e+08
4.8794e+07
185418
7.72235e+07
1.15742e+08
5.37028e+06
3.29974e+09
4.55713e+07
1.03273e+08
2.61978e+07
2.21704e+09
1.94647e+09
1.02889e+09
9.02495e+06
5.52555e+07
4.03805e+06
214034
4.36219e+08
4.21249e+08
1.42206e+07
7.94166e+08
1.87128e+09
7.05273e+08
148529
1.24954e+07
7.92109e+08
1.77535e+08
1.48338e+07
4.45901e+07
1.32586e+07
7.14598e+07
2.47446e+08
3.14699e+06
147107
8.09561e+07
3.59356e+08
1.38802e+06
2.46227e+06
3.22323e+08
1.07109e+07
1.08034e+09
2.0397e+06
6.01725e+08
9.2077e+08
2.5809e+08
2.02167e+06
7.23654e+08
1.4279e+06
1.62443e+08
5.31158e+06
1.79807e+08
246444
3.83151e+08
1.92162e+06
8.41445e+08
3.5809e+06
4.76345e+06
2.7266e+08
6.56571e+08
8.02037e+08
3.14496e+06
2.54205e+08
786642
2.28572e+06
6.07969e+08
3.94976e+06
158486
1.66736e+06
4.11397e+07
4.03628e+06
110988
9.68357e+06
1.67046e+08
1.026e+08
8.72231e+07
1.80907e+08
127965
2.84726e+06
4.78017e+08
920916
5.08613e+08
8.67422e+08
3.74955e+06
1.64723e+06
9.94431e+08
6.38516e+06
7.97323e+07
1.25575e+07
9.57267e+07
152466
2.65943e+08
3.54626e+08
3.24058e+06
7.77769e+06
2.69727e+06
1.55906e+08
1.41818e+08
2.02194e+06
3.003e+09
9.32457e+06
3.86907e+06
208142
1.22621e+06
258336
4.0287e+07
1.31863e+09
5.02625e+07
2.478e+06
264178
8.51413e+07
1.9457e+09
158098
1.15889e+09
163873
1.28613e+08
158432
3.90001e+08
176916
1.36431e+07
1.68367e+06
2.22097e+08
1.35369e+09
8.81206e+07
6.92035e+08
9.56524e+08
6.32294e+08
120954
5.09303e+08
3.95775e+06
1.82597e+08
216844
3.22628e+07
4.58493e+06
2.04881e+09
108394
232777
3.23587e+06
3.63721e+06
1.68574e+06
7.18951e+06
4.12131e+06
7.95978e+08
1.18022e+08
8.63896e+07
3.22003e+08
2.38067e+09
2.16512e+06
5.54336e+07
1.89994e+06
1.08e+09
5.59562e+08
5.72962e+07
1.68289e+09
212431
1.28554e+06
2.14241e+08
157343
1.86077e+08
7.71742e+08
5.23873e+07
2.39275e+07
3.83364e+06
1.37399e+08
5.5155e+06
7.99966e+07
1.53336e+09
6.69637e+07
1.94397e+08
3.81371e+08
319751
1.33461e+08
3.69709e+08
2.23592e+07
1.49824e+09
6.18646e+07
3.38259e+08
3.02181e+08
116890
1.1877e+09
2.75744e+08
3.60929e+06
3.54654e+06
3.33832e+06
893966
2.26811e+06
301849
4.04984e+07
582401
1.04671e+09
6.7643e+07
1.37963e+08
4.86792e+08
1.19098e+08
1.7838e+09
2.67924e+06
171722
2.33176e+07
5.37426e+07
458260
6.19929e+07
2.64197e+08
1.23385e+07
3.694e+07
6.41078e+08
2.9303e+06
1.66806e+07
6.32027e+08
2.53936e+06
2.67751e+06
3.94587e+08
5.49221e+08
3.07826e+09
1.47918e+07
1.33348e+06
2.62968e+06
8.82919e+08
622319
6.25714e+08
2.39542e+07
8.31351e+08
1.18428e+09
1.02172e+08
5.28872e+08
6.22907e+07
2.62035e+06
3.22094e+06
4.34863e+07
4.78212e+07
5.28905e+08
7.58716e+08
5.02275e+08
5.77987e+06
2.41454e+08
2.55497e+06
2.79325e+06
5.82913e+06
2.28056e+08
1.18551e+06
5.61627e+08
2.69967e+06
1.5583e+08
4.6794e+08
4.1188e+08
2.44116e+06
2.78409e+06
3.73975e+07
2.61567e+08
3.13029e+09
1.08484e+06
1.83201e+06
9.35658e+07
140741
7.81485e+08
3.91916e+06
1.30586e+09
8.15107e+08
1.80666e+09
1.47282e+08
5.13025e+07
1.14621e+06
1.26954e+07
1.1569e+09
3.53752e+06
3.2628e+09
2.69675e+08
4.87024e+06
6.81344e+08
4.62015e+06
3.81287e+08
6.50787e+08
3.58546e+08
4.95655e+07
8.45148e+08
3.30946e+08
7.58863e+08
4.11127e+06
1.39718e+08
2.4749e+06
4.37237e+07
1.55088e+08
7.40822e+08
7.10028e+06
6.87771e+08
1.79295e+09
6.04023e+07
2.29064e+08
7.4506e+06
2.83918e+06
9.06265e+08
2.30136e+08
1.72046e+06
116997
2.91276e+07
126371
3.68967e+06
1.91837e+08
4.98873e+07
5.17085e+08
1.40768e+09
1.40549e+07
2.34188e+07
1.68372e+08
86417.2
216088
1.17546e+07
6.46927e+06
3.60192e+06
6.21177e+08
3.40346e+06
2.91445e+06
151334
3.50268e+08
6.90922e+06
2.17525e+07
1.53526e+09
1.59627e+09
9.51877e+06
8.12534e+06
8.36388e+08
2.98117e+07
5.1008e+08
3.27524e+08
1.36227e+07
2.51608e+07
2.0767e+06
1.10134e+07
173939
3.9559e+06
3.38529e+08
2.30557e+07
1.48086e+06
1.44502e+06
512630
3.98498e+06
1.01254e+08
6.36807e+07
1.05342e+08
2.46598e+07
2.53986e+08
1.13544e+09
3.73792e+06
2.55074e+08
3.04559e+09
1.3914e+06
1.37042e+06
1.80979e+09
2.71641e+06
8.18698e+07
1.43968e+06
6.25039e+08
1.16673e+09
1.00217e+08
6.98248e+07
222867
482615
1.60874e+08
171379
1.11779e+07
2.44319e+07
3.11361e+06
8.84341e+08
2.46374e+08
5.27845e+08
1.81619e+09
2.63032e+06
119908
2.23619e+07
6.25338e+06
9.53526e+08
1.21945e+08
5.68548e+08
8.48777e+07
3.47866e+06
4.78882e+06
5.16461e+08
5.631e+08
5.16906e+06
2.77057e+06
1.38546e+09
7.43057e+07
7.20585e+07
5.20405e+06
2.36465e+06
5.03473e+06
7.40315e+08
2.02901e+08
2.62723e+09
2.24889e+07
184922
2.00965e+09
1.12839e+09
1.81949e+08
9.05463e+07
7.454e+08
2.47909e+06
1.02257e+08
2.36713e+09
171463
2.08922e+07
5.39042e+09
2.47037e+08
8.4592e+08
4.69613e+08
1.45419e+06
6.79259e+08
1.30604e+08
98678.9
148889
5.93085e+08
3.46479e+08
4.28717e+07
6.9609e+07
4.51812e+07
1.47519e+08
1.64634e+09
1.31147e+08
2.27596e+08
3.47321e+08
98912.2
4.19221e+06
1.54713e+08
2.54765e+09
5.42313e+06
134424
2.1149e+08
233060
3.13865e+06
3.45276e+09
1.06674e+06
3.94615e+08
1.91771e+09
2.59846e+08
2.62983e+08
4.07658e+08
1.10784e+09
2.11188e+08
6.66885e+08
1.04698e+09
3.75591e+06
1.02904e+09
8.58835e+06
5.40842e+08
2.64036e+08
4.91935e+07
1.35433e+06
2.38197e+08
4.83418e+07
1.5479e+09
4.40376e+08
4.09657e+08
1.96136e+09
4.83402e+08
1.11001e+06
3.33534e+06
4.24228e+07
1.98428e+09
2.20501e+06
5.4836e+08
6.29277e+07
3.84864e+08
1.98653e+09
5.9546e+08
3.47463e+06
8.25682e+08
2.02196e+08
6.13013e+08
1.5553e+09
3.95968e+08
9.38377e+07
4.28716e+06
3.71932e+06
6.37778e+07
2.39078e+08
1.13705e+09
1.20794e+07
1.27859e+07
1.33247e+09
6.80565e+06
9.9135e+08
4.62307e+08
1.44346e+09
5.60888e+08
1.12278e+08
1.42624e+08
3.43534e+06
1.55416e+09
1.71945e+08
2.05697e+08
130921
2.54778e+06
5.1961e+07
1.65903e+09
1.02647e+09
4.6052e+07
136485
1.81993e+09
1.42673e+08
2.04547e+06
1.34295e+08
2.44622e+08
3.6409e+07
1.01282e+08
3.64875e+08
1.16997e+08
3.20433e+09
3.92975e+06
2.75149e+06
3.20664e+07
101389
9.00931e+08
1.77918e+08
2.62994e+08
2.36663e+09
3.14655e+07
1.10461e+08
2.17097e+07
6.44836e+07
1.77573e+08
2.23675e+07
8.95842e+06
786293
8.11772e+07
6.18633e+08
9.64646e+08
148970
149734
5.0788e+06
4.85116e+08
1.76479e+09
5.09678e+06
4.19302e+07
1.32274e+09
292214
2.71722e+06
1.30231e+09
6.0601e+08
1.15235e+09
7.01383e+08
1.63533e+07
3.95248e+06
5.65727e+07
7.23401e+08
359922
1.04408e+09
3.00463e+06
2.78638e+07
9.68336e+08
3.80025e+08
1.69498e+09
167828
165398
3.01723e+06
3.17305e+06
9.05852e+08
1.06139e+08
5.03358e+08
5.47025e+07
4.65825e+08
1.9384e+07
2.19126e+09
4.23238e+06
4.16686e+08
3.66821e+08
2.80091e+09
115524
4.70496e+06
6.97212e+08
1.70679e+06
2.58941e+08
4.5262e+07
3.18425e+06
415297
2.9216e+09
1.82971e+06
1.78464e+06
2.0431e+06
1.49921e+06
2.36165e+06
8.27605e+08
564930
5.47397e+07
1.67357e+08
4.20109e+08
7.14037e+07
3.37463e+08
209977
877346
2.38907e+06
209593
1.48956e+09
506182
2.84923e+09
1.09024e+09
2.60623e+07
163134
1.3508e+06
1.53217e+07
2.73811e+09
7.23706e+08
2.77544e+08
5.99662e+06
1.51573e+09
3.28483e+06
2.08991e+06
1.32027e+09
5.9964e+08
1.14769e+09
136781
1.20728e+06
1.99652e+06
3.98117e+06
239471
1.68699e+07
9.49787e+06
125276
1.28019e+07
1.14237e+08
8.60727e+08
4.99605e+08
1.41685e+08
1.04844e+08
156198
2.95318e+06
2.01255e+08
2.96002e+07
1.13041e+07
2.81136e+08
7.90074e+08
1.83754e+09
6.97953e+08
4.3219e+06
7.53374e+06
9.34772e+07
6.01673e+08
453631
1.58346e+09
3.30461e+07
2.1248e+07
230136
1.46997e+07
98853
919621
1.00809e+08
2.14919e+07
7.30116e+08
1.54593e+09
9.2607e+06
164785
5.73393e+08
2.27246e+08
3.40519e+06
3.15564e+08
2.14967e+06
6.41065e+08
9.03045e+06
3.98616e+07
626927
8.19624e+08
2.36176e+07
1.00242e+09
4.4005e+08
5.16702e+07
1.00808e+09
1.6412e+06
5.23324e+06
4.11025e+06
623852
8.2544e+08
7.7918e+08
5.25122e+06
1.691e+07
2.56226e+06
588645
3.05779e+09
8.97012e+07
4.77662e+09
2.77147e+06
2.4643e+09
7.16881e+06
4.86105e+08
3.39438e+09
1.21852e+09
8.761e+07
8.98908e+07
1.23759e+08
6.38686e+06
156494
8.89601e+08
4.68787e+06
270629
1.77477e+07
3.07697e+06
9.19631e+06
1.1391e+09
1.07785e+08
2.79747e+08
3.19722e+07
1.20565e+07
1.45217e+06
2.60863e+08
6.44754e+08
3.63372e+06
7.5337e+06
2.97955e+06
7.94922e+08
4.33466e+08
321675
1.97353e+09
3.04856e+06
1.02854e+09
119730
4.11955e+08
250320
1.24781e+09
5.18301e+07
161704
2.0241e+07
5.20011e+06
4.04905e+06
7.2192e+06
1.78829e+06
243743
147662
2.61695e+07
2.85449e+07
156429
3.41261e+06
2.4442e+06
1.91807e+07
4.74581e+08
1.09639e+08
1.01592e+08
3.19889e+06
2.27413e+08
3.57972e+06
1.19753e+07
4.32033e+06
7.88034e+06
314055
3.95615e+08
4.43556e+06
1.60207e+08
2.45987e+08
6.08523e+07
6.33082e+07
1.89804e+07
2.63764e+06
1.72227e+06
9.29617e+06
3.25398e+07
5.02902e+08
1.07017e+08
2.49421e+08
1.56377e+08
1.64662e+09
2.9322e+08
6.70639e+06
5.63441e+06
2.12477e+08
5.01485e+08
3.0502e+08
9.34054e+06
2.0297e+09
2.19582e+06
9.05574e+08
1.17883e+06
5.32918e+08
3.01301e+06
5.65447e+08
3.33085e+07
1.608e+08
157412
145019
7.85609e+08
1.4978e+08
1.25356e+08
1.78609e+07
8.74769e+08
1.80258e+08
7.17117e+08
2.09187e+08
213828
2.88292e+08
2.49285e+06
1.02183e+09
1.17845e+09
3.2996e+07
7.11614e+07
8.19378e+08
1.95701e+06
7.99748e+08
1.31508e+09
2.29208e+08
2.96054e+06
4.56413e+07
4.96279e+07
2.1629e+07
142719
9.66781e+08
8.34756e+08
8.04522e+08
6.54371e+06
6.80474e+08
265311
3.43421e+06
2.08165e+09
3.08981e+08
4.36628e+07
5.88361e+08
7.91931e+08
4.52781e+08
3.14214e+08
1.00515e+09
2.80505e+06
7.40109e+08
4.93454e+06
2.82011e+08
5.11471e+06
245639
109679
1.46483e+08
1.51719e+08
1.24067e+08
2.8055e+09
1.27934e+09
2.41336e+06
1.85413e+06
177584
4.86582e+07
5.84251e+08
4.23165e+07
5.32804e+07
455417
1.13519e+09
9.22116e+08
205437
1.62062e+09
142774
4.91613e+07
7.76243e+08
1.03736e+09
2.02251e+07
4.67775e+08
3.35197e+06
4.79753e+06
1.55549e+08
1.16995e+08
1.16544e+08
7.39752e+08
9.71876e+07
269555
202012
4.23586e+08
1.63393e+08
2.1521e+06
2.45204e+06
4.86858e+08
1.78448e+06
8.75665e+08
6.90995e+06
3.06437e+07
1.40893e+08
4.05286e+07
153984
2.16847e+06
5.5181e+09
2.09699e+06
157858
2.05114e+09
8.36209e+07
7.09066e+09
4.50922e+08
1.55892e+09
3.82446e+08
5.17984e+08
2.19664e+09
5.71998e+08
6.59287e+06
1.48753e+07
6.57197e+08
4.36527e+06
158362
143976
5.82417e+08
3.83107e+07
1.43801e+08
2.93805e+06
3.94803e+06
2.96088e+08
4.79182e+07
2.32101e+09
1.6154e+09
2.25678e+08
1.91855e+06
2.68585e+08
1.34621e+09
1.13103e+08
2.07391e+07
3.57071e+06
2.24734e+09
3.7876e+07
1.99299e+09
1.2327e+08
1.64901e+06
6.12174e+08
2.68533e+06
2.12408e+06
9.39188e+06
2.60338e+06
1.70421e+07
3.4918e+09
1.64318e+06
8.58076e+08
2.67137e+07
2.03151e+08
4.50297e+08
9.63976e+07
1.93148e+09
9.83723e+06
2.81711e+09
1.47081e+09
3.54771e+08
1.94712e+07
5.0283e+08
1.91104e+09
2.12294e+07
3.24445e+06
3.12565e+07
8.67807e+08
4.47177e+06
5.81955e+06
3.20791e+06
207469
3.09893e+07
2.79986e+06
5.63432e+08
3.17048e+06
1.38591e+07
6.79255e+07
151508
6.1007e+08
115166
2.96643e+06
2.70557e+08
4.40752e+07
6.38655e+08
1.62932e+09
1.58913e+09
2.17468e+06
5.07949e+08
1.12932e+08
1.17316e+09
3.91166e+06
91937
3.44109e+07
9.59987e+07
4.1837e+06
2.97281e+08
4.65731e+06
6.60966e+08
5.60907e+07
8.09365e+08
547600
4.01264e+06
109268
2.31623e+08
5.37684e+08
3.92769e+07
5.02177e+06
4.77974e+06
7.7825e+08
7.96512e+08
4.39296e+06
1.43931e+06
8.43182e+08
4.01477e+08
2.27961e+06
6.11323e+07
3.7934e+07
1.38106e+08
776789
3.44985e+08
6.55242e+08
1.25294e+09
4.13088e+07
6.6245e+08
95209.5
2.82648e+08
3.23787e+08
8.2145e+08
1.70898e+07
8.01463e+08
2.77887e+09
121988
1.61445e+09
2.15802e+07
4.61381e+06
918499
1.59266e+08
1.23776e+09
3.08671e+07
884584
4.38918e+06
1.2234e+07
5.61437e+06
156107
3.54098e+07
2.77463e+08
2.11945e+09
4.02281e+08
2.49396e+08
2.30676e+09
4.34583e+07
3.83385e+06
2.27158e+09
3.04727e+08
119771
1.10415e+08
1.07709e+09
1.47109e+07
2.19171e+09
4.54003e+08
3.72305e+08
86296.7
3.82178e+06
1.0335e+09
2.78147e+07
3.03436e+08
1.02229e+08
4.11277e+06
1.56386e+08
179826
6.69988e+08
1.81545e+09
8.68987e+08
1.82244e+07
5.9264e+08
9.28146e+08
4.35315e+09
7.6806e+08
2.53552e+06
4.76694e+06
1.27945e+07
8.75014e+08
5.33386e+07
3.27566e+06
1.42738e+08
6.65201e+07
2.38258e+06
3.78798e+09
3.94408e+06
2.82878e+06
5.54517e+08
1.79176e+08
1.4893e+06
1.65292e+08
1.09681e+08
1.07454e+07
1.98617e+06
8.31152e+08
2.8754e+09
2.14442e+06
4.61513e+08
2.40704e+08
3.42175e+06
2.70665e+08
2.47327e+07
8.99728e+07
2.62264e+06
1.31642e+08
7.4602e+07
7.30834e+07
3.81904e+08
133401
3.18745e+06
9.66874e+06
1.2836e+06
3.17267e+09
7.27346e+08
1.11007e+08
6.42844e+08
2.56071e+08
7.15432e+08
2.24201e+09
1.75086e+09
1.0332e+08
2.61025e+08
3.48122e+06
9.21298e+06
7.87521e+06
1.00294e+08
3.60235e+08
647782
1.74713e+09
2.07354e+08
2.45066e+09
1.657e+09
8.89652e+08
4.51478e+06
2.14737e+07
1.42359e+06
2.2651e+09
1.73701e+07
7.73296e+07
5.46466e+06
1.60323e+06
1.12493e+09
8.51271e+08
2.60032e+07
1.86079e+08
507986
2.8266e+06
4.15728e+06
9.60469e+08
629344
1.71163e+08
2.70779e+06
1.10891e+08
3.64762e+06
2.04606e+09
1.28087e+09
2.46394e+09
1.19312e+09
2.17429e+09
3.20006e+06
1.27146e+08
1.97874e+08
1.51264e+08
3.25433e+08
2.91534e+07
145886
5.71413e+07
6.68676e+07
2.34988e+07
6.15003e+08
4.60083e+06
4.64017e+08
1.73539e+09
109913
2.63921e+08
7.11204e+08
1.95645e+08
5.51845e+06
2.66717e+08
1.78146e+07
3.38978e+06
96762.6
1.15006e+08
1.18465e+09
4.79952e+07
2.84847e+06
7.72511e+08
2.07282e+06
5.46441e+08
1.74768e+07
211355
158394
2.50357e+08
3.93516e+06
2.61141e+09
4.00387e+08
1.45389e+07
8.84645e+08
3.33141e+08
1.98988e+09
6.54024e+07
9.19817e+08
1.52987e+06
2.54555e+06
1.85417e+06
2.51021e+06
2.97614e+06
1.80927e+06
1.00077e+06
1.41414e+06
1.89326e+06
1.85358e+06
2.06074e+06
1.8639e+06
1.34669e+06
1.70387e+06
1.98752e+06
2.19858e+07
9.7499e+08
2.29338e+06
3.47428e+08
5.53933e+08
8.40135e+08
5.92803e+08
8.78716e+07
1.00114e+06
2.13133e+06
267580
6.09629e+08
1.85714e+09
5.01722e+06
5.09083e+08
1.26903e+08
4.71761e+07
1.86003e+09
7.14492e+08
1.4321e+08
1.31328e+08
168914
2.03383e+09
7.21059e+08
1.70191e+06
8.95475e+08
2.69311e+09
8.39775e+06
6.77687e+08
7.31324e+06
1.56238e+09
2.70071e+09
4.96042e+06
1.84355e+08
6.71716e+08
2.18077e+08
3.69951e+06
2.54281e+06
3.91921e+08
4.08918e+08
8.13959e+08
5.95985e+08
2.82735e+09
1.46985e+09
5.79988e+07
2.3902e+09
1.68337e+09
2.55784e+06
5.31155e+06
1.80174e+09
1.19538e+09
5.22457e+07
3.92037e+07
8.43284e+08
1.85621e+07
2.30135e+09
3.61924e+07
7.65387e+08
329306
2.28671e+06
3.80438e+06
6.14631e+08
8.06164e+08
1.63626e+06
5.46086e+08
2.61443e+06
149510
3.99477e+06
2.73395e+09
2.02122e+06
1.24576e+09
1.88117e+07
7.38819e+07
2.43561e+07
1.11431e+08
1.48729e+06
1.29108e+06
4.24561e+06
1.28484e+07
133695
1.09247e+06
1.30099e+06
3.77966e+06
289003
229074
6.05493e+07
1.68538e+09
7.09573e+08
4.35672e+08
2.60435e+09
1.9137e+07
1.62532e+08
4.17577e+07
8.52771e+08
1.16126e+09
1.78559e+09
2.10779e+08
3.58621e+08
1.36027e+09
820747
7.6318e+08
3.39024e+06
5.27034e+06
1.08373e+09
5.53813e+07
1.3998e+07
3.59115e+06
238080
5.74376e+08
7.85231e+08
5.52424e+08
941907
1.64689e+08
1.2492e+07
2.33622e+08
1.5245e+08
1.14593e+06
273302
3.06633e+07
1.09696e+09
973853
2.90805e+08
158288
2.45736e+08
3.63167e+08
9.78704e+07
1.51513e+07
3.39905e+07
2.78759e+09
1.49668e+06
4.74857e+07
2.20105e+09
1.10283e+08
9.1534e+08
173614
2.46187e+06
2.62489e+08
5.37188e+07
2.0258e+06
4.9399e+08
1.79821e+07
7.95634e+08
2.40079e+08
2.39972e+08
3.71312e+08
2.63509e+08
8.05245e+07
1.32589e+06
3.41563e+08
787258
2.83664e+08
1.55303e+07
4.8796e+06
2.21576e+09
6.19415e+07
2.83989e+09
1.53302e+09
6.46948e+07
1.52699e+08
2.6469e+08
1.41161e+09
1.67878e+07
6.45607e+07
2.75346e+09
1.80807e+06
3.75812e+07
6.27142e+06
1.55106e+09
3.1029e+08
3.75078e+06
5.01668e+07
3.09706e+08
1.1751e+06
2.75095e+09
1.37049e+08
9.31682e+07
215502
2.48883e+09
790643
3.83635e+06
2.13806e+07
1.36301e+08
9.73096e+08
2.5637e+06
2.46421e+06
2.72488e+06
2.22445e+09
6.72854e+08
2.71904e+08
1.05002e+08
8.55575e+08
103086
2.02073e+09
9.00366e+07
2.08973e+08
5.60897e+08
115221
1.10391e+08
1.64483e+09
6.60122e+08
6.44008e+08
7.8452e+08
5.93216e+08
131509
3.09898e+06
2.75619e+08
683747
5.87518e+08
1.83761e+09
1.00907e+09
88086
2.34801e+08
2.4656e+09
2.9962e+06
1.72477e+08
7.29306e+06
1.20156e+06
2.73945e+06
1.92462e+06
6.76119e+07
2.12525e+09
4.65262e+07
1.23864e+06
5.32357e+08
2.22949e+08
6.21471e+07
4.73233e+06
3.5347e+08
254659
3.05216e+06
9.82495e+08
2.67039e+08
1.68771e+07
1.54784e+09
2.11179e+06
2.09928e+07
3.13633e+07
3.15678e+08
6.03688e+08
2.49681e+09
2.08944e+09
4.57586e+08
5.40243e+08
2.83377e+08
1.24521e+07
3.01851e+08
2.01599e+09
5.11417e+06
9.37954e+08
8.57424e+08
2.37321e+08
5.4447e+07
2.19251e+06
205053
7.41561e+08
713033
1.74785e+09
3.48887e+06
2.71457e+08
399455
4.44666e+06
2.61332e+06
7.89422e+08
105932
2.84112e+06
2.64673e+08
1.02688e+08
1.81962e+09
3.25506e+08
5.45538e+06
7.38626e+06
1.17743e+09
5.97446e+08
8.03607e+08
3.17569e+06
3.14394e+09
3.15001e+07
2.65804e+06
4.04324e+06
1.80532e+09
6.34122e+06
8.65872e+08
1.18027e+06
2.30732e+08
2.13693e+06
4.51135e+07
1.31211e+08
2.56311e+08
2.73833e+09
1.36535e+09
5.23041e+06
5.86954e+06
4.90856e+08
1.1993e+06
1.19621e+09
7.96917e+07
5.18883e+08
277706
1.96659e+07
1.38046e+09
4.37136e+08
8.90963e+08
9.99478e+08
2.91386e+06
2.06207e+06
5.17673e+08
1.70918e+09
5.49446e+06
1.25343e+09
2.09337e+09
3.08858e+07
1.53812e+08
2.08558e+06
9.95687e+08
1.28464e+09
9.37993e+08
2.10604e+09
1.08912e+09
8.78883e+08
1.32092e+07
130143
1.02114e+09
2.01687e+08
1.36436e+09
1.46783e+08
1.70972e+07
9.22296e+08
4.98753e+06
7.85775e+08
2.51571e+08
196585
1.11454e+07
1.36082e+07
2.73748e+08
4.33424e+06
5.1609e+06
742315
1.28958e+06
3.70484e+09
5.72624e+06
7.59906e+08
8.26144e+08
399041
5.30139e+08
1.07169e+09
713982
3.1839e+08
1.11554e+09
2.93288e+08
1.93546e+06
3.81168e+06
7.3384e+06
1.77313e+09
1.49697e+09
2.90409e+08
1.19696e+08
4.11994e+07
167954
1.04272e+07
2.75632e+08
1.89811e+06
2.78345e+08
8.65059e+08
2.68632e+08
8.49204e+08
9.30983e+07
6.64072e+08
1.53953e+07
752862
7.93204e+06
1.69322e+08
1.87972e+06
220291
2.02668e+09
149398
5.21391e+07
107333
1.24139e+07
9.17486e+07
158707
165867
1.3527e+07
8.97179e+07
5.96721e+08
1.44309e+08
2.04802e+06
2.32219e+07
6.82564e+07
294363
2.15466e+09
2.19405e+09
166708
1.02011e+08
3.01887e+06
1.24626e+08
200558
503149
1.70141e+08
1.29409e+06
8.89097e+07
5.35666e+07
3.6737e+07
1.48177e+09
663911
3.27003e+07
305597
1.28159e+09
947559
1.91007e+06
1.43343e+06
2.37704e+06
299837
121037
2.37461e+06
5.45361e+08
377924
3.10508e+06
1.76871e+07
3.81486e+06
9.26137e+06
2.79863e+08
156838
1.79976e+08
1.15341e+09
2.27483e+09
1.1157e+07
3.79403e+07
4.22898e+06
2.92848e+07
3.16466e+07
4.72943e+06
5.26996e+08
1.52344e+09
6.95613e+07
9.2384e+07
4.70357e+08
3.56962e+08
2.27785e+09
2.25101e+06
2.11886e+06
1.50137e+07
1.02488e+09
1.93985e+07
698890
4.7206e+06
2.43852e+09
1.90449e+06
7.6992e+08
1.275e+08
2.73095e+07
1.24785e+09
154011
1.46684e+08
8.39579e+07
6.97185e+08
1.95344e+06
1.69814e+08
6.29001e+08
2.08736e+06
4.81132e+07
4.24219e+06
2.49619e+09
7.15237e+06
2.02041e+08
7.88922e+08
1.75842e+09
5.6455e+06
2.58925e+07
2.14466e+09
1.5312e+06
1.27813e+08
2.00527e+09
6.98515e+08
7.95124e+07
3.0221e+07
2.31614e+06
2.22204e+09
2.02503e+09
3.67527e+09
1.18335e+09
1.15738e+09
1.19335e+09
9.0543e+08
2.07629e+06
4.28676e+09
2.99127e+08
1.20845e+09
6.53503e+08
2.04919e+08
260553
1.77645e+08
3.40429e+07
231023
3.17173e+08
7.88765e+08
1.21972e+07
1.3582e+06
8.96382e+08
1.89504e+07
381728
1.44348e+07
4.79478e+06
1.31554e+09
1.06686e+09
4.34606e+06
8.94804e+06
1.96267e+08
1.5511e+07
2.42168e+06
1.80059e+08
1.81283e+09
1.61799e+07
4.63507e+08
4.21129e+08
6.59169e+06
4.66904e+06
1.6553e+07
1.40914e+09
2.36445e+07
1.75799e+08
3.92041e+08
5.57055e+08
1.80931e+07
1.32723e+07
1.57533e+08
7.65349e+08
8.36665e+06
3.32105e+06
4.52842e+06
2.38105e+07
8.21126e+07
9.91946e+07
6.53084e+06
3.56133e+09
2.80502e+08
3.13495e+07
6.23468e+08
3.8659e+06
3.82013e+06
6.063e+07
1.29505e+08
5.59663e+07
1.7017e+08
8.24938e+08
2.66351e+08
7.84434e+07
6.04296e+06
3.27605e+06
1.21516e+09
2.34924e+08
1.92313e+09
2.22241e+07
2.00231e+07
6.1226e+08
2.5144e+07
1.70453e+09
9.51983e+06
3.92418e+08
1.24059e+09
4.75233e+06
1.17377e+09
1.92006e+06
5.48258e+06
118882
1.42301e+08
1.17017e+09
6.89385e+08
2.26178e+09
1.91717e+09
1.93269e+09
128383
3.43383e+09
6.68683e+06
2.71289e+06
2.85103e+07
1.33559e+07
110222
1.04084e+09
3.91626e+08
3.48717e+06
1.76578e+06
4.50658e+08
6.8484e+07
9.11799e+07
1.29082e+08
136368
5.53844e+06
5.39757e+08
1.08304e+09
2.29768e+09
4.97902e+07
4.22993e+06
1.00677e+09
4.85405e+08
6.25995e+07
8.6281e+06
2.131e+07
7.08501e+08
9.5259e+08
1.19019e+09
3.25521e+09
2.48426e+08
2.56888e+09
3.11163e+08
3.63366e+08
4.00012e+08
1.29789e+09
4.74035e+06
5.55163e+08
7.46546e+06
3.46866e+06
4.69339e+08
4.42708e+06
1.36815e+09
1.87967e+09
1.99023e+09
3.71196e+08
1.56065e+09
2.36021e+06
3.37302e+07
2.15737e+09
169600
2.38862e+08
5.21231e+06
4.29487e+07
7.55348e+08
4.69901e+06
1.90326e+09
990816
3.65606e+07
2.01691e+09
4.72664e+07
2.07516e+06
220898
4.32432e+06
1.44079e+08
7.66213e+06
1.26726e+08
3.93191e+07
4.90491e+06
5.264e+07
1.08188e+09
5.61971e+08
1.38051e+09
5.632e+08
1.22555e+09
2.24996e+09
1.58101e+08
3.40902e+06
6.01529e+08
1.82761e+06
1.48819e+08
3.08005e+07
7.20058e+08
1.31839e+07
3.8283e+07
143214
2.42765e+06
9.44657e+07
1.75277e+09
724408
94738
6.13771e+08
1.94317e+09
6.57199e+08
8.96089e+08
2.10427e+07
2.35315e+06
2.55425e+06
1.05605e+09
1.19971e+07
3.66323e+06
4.77036e+06
2.80741e+07
4.21523e+06
1.39829e+08
1.43976e+08
1.55559e+09
3.32943e+09
1.19047e+09
4.40069e+08
1.59808e+06
1.41623e+08
9.57115e+08
1.19921e+07
4.76769e+06
1.25756e+06
1.07553e+08
2.80861e+06
1.83416e+09
8.01287e+08
6.21143e+08
2.91535e+06
7.51425e+08
427607
9.33612e+06
1.36649e+08
4.00892e+09
8.44216e+08
8.03779e+07
2.067e+07
3.57974e+08
6.16082e+06
1.01865e+09
1.46743e+07
1.4346e+09
6.28538e+08
151786
3.52316e+06
99534.9
2.53697e+06
1.98893e+06
3.04768e+07
3.47086e+06
4.06871e+08
1.71021e+07
1.7436e+09
1.88451e+06
3.46786e+07
7.83323e+06
9.47403e+07
1.26907e+08
4.98329e+08
5.00801e+07
2.25549e+09
4.25556e+06
6.11393e+08
5.0504e+08
8.53872e+08
3.28121e+08
3.20506e+07
108596
168168
2.69656e+07
6.49051e+08
2.23874e+06
1.64544e+09
7.65712e+08
9.25e+08
1.00358e+07
1.59607e+09
1.88841e+09
6.18018e+06
1.58397e+09
4.7114e+08
2.68792e+08
540181
1.84246e+07
8.55629e+06
4.41429e+06
2.49729e+06
5.18656e+07
446917
5.51627e+06
4.78275e+06
6.44522e+07
158786
203872
6.22903e+06
4.94868e+06
1.62103e+09
1.35064e+09
4.60004e+06
302537
2.43002e+08
1.66652e+09
3.00053e+06
4.73737e+06
9.97971e+06
1.44273e+09
1.10451e+08
6.17349e+06
3.38234e+08
2.15426e+07
2.54667e+08
2.51019e+06
7.74382e+08
2.73345e+06
4.41972e+08
1.59348e+08
1.3056e+08
8.58054e+07
2.06608e+08
1.0996e+09
1.66773e+08
1.3474e+06
1.63736e+09
520378
1.64233e+09
8.17096e+08
1.29653e+06
1.30157e+07
5.78289e+08
2.32187e+07
1.05338e+09
107137
3.9182e+08
4.78631e+07
4.72972e+08
8.55098e+08
1.15791e+09
389560
1.63325e+09
3.44185e+06
1.40052e+08
7.26747e+08
1.22709e+09
2.24451e+09
3.42578e+08
1.80286e+06
6.22302e+08
4.76723e+08
3.72844e+08
4.17577e+09
7.11936e+08
7.49319e+08
6.39394e+08
2.84477e+06
1.51928e+08
5.10701e+08
7.92983e+07
8.47577e+08
213354
2.68548e+06
2.66034e+09
2.56172e+07
5.9819e+07
5.82149e+08
4.4247e+06
1.23464e+09
1.99369e+09
1.29901e+09
1.57905e+09
5.40473e+06
1.28669e+09
2.38875e+09
9.11519e+08
2.00194e+06
1.0054e+08
5.04781e+08
3.16005e+07
3.18003e+07
1.03352e+09
1.07277e+08
7.94581e+08
1.337e+09
2.64341e+06
1.04666e+07
3.47137e+07
6.95322e+08
1.53701e+08
2.1026e+07
2.24415e+06
1.02022e+09
9.55113e+06
1.79641e+07
5.37617e+06
338773
1.72398e+09
4.88058e+06
3.8069e+08
1.04586e+06
8.3825e+08
2.04087e+06
1.61169e+08
1.51645e+09
1.04624e+09
9.89562e+08
1.47746e+09
1.42327e+09
3.93064e+06
4.03215e+08
3.09775e+07
6.60262e+08
7.95311e+08
1.64182e+08
5.82742e+08
7.00018e+08
637309
1.66484e+08
2.4737e+06
1.22596e+09
6.82088e+08
2.76592e+09
7.61372e+08
8.45233e+08
1.5679e+09
3.75445e+08
3.36116e+06
6.93557e+08
8.9957e+07
1.70736e+09
537110
1.83998e+08
4.58684e+08
4.9685e+08
2.55548e+07
2.10849e+07
1.66753e+09
1.49346e+08
2.58639e+08
3.11357e+07
6.98282e+08
628966
5.21948e+08
2.40838e+08
561234
1.1419e+09
2.31106e+08
2.92958e+08
1.66366e+09
567389
3.92204e+08
3.43848e+09
5.22334e+08
4.54961e+07
2.39666e+06
1.09652e+09
1.42828e+08
2.67261e+08
1.16703e+09
2.42483e+06
92502.7
1.29227e+09
1.70671e+09
1.87324e+08
2.56162e+07
2.76944e+08
1.14061e+08
9.74432e+07
1.03162e+09
1.36449e+09
2.7374e+09
1.21158e+09
2.01277e+08
1.25304e+09
4.11135e+07
1.49821e+08
1.15317e+07
1.55257e+09
1.1449e+09
4.18414e+08
2.72242e+07
1.95505e+08
1.58019e+09
2.22904e+09
3.12799e+09
7.59014e+07
7.78367e+07
110261
3.37679e+08
4.08219e+07
183908
9.28723e+08
8.62374e+08
1.45238e+09
3.3761e+07
2.114e+09
2.90256e+07
1.57015e+09
7.75238e+07
1.34008e+09
2.45853e+07
1.32063e+09
7.38843e+08
2.10999e+07
4.11388e+06
2.33905e+08
234914
8.92424e+06
109936
1.45736e+07
107446
1.29229e+09
1.37737e+07
6.95932e+06
3.12981e+09
207457
5.84178e+08
4.31186e+08
2.843e+06
1.97524e+08
5.55508e+07
7.89366e+07
1.5732e+08
7.8257e+08
1.66676e+08
9.82e+08
9.88629e+06
9.9442e+07
1.74621e+09
1.58742e+09
1.11145e+09
2.64063e+08
4.95587e+08
1.06264e+08
3.23991e+07
2.9858e+08
9.07501e+08
784117
1.23252e+07
8.95852e+07
2.39069e+06
6.10353e+08
1.40875e+07
6.62441e+07
1.17149e+09
1.26451e+07
1.7702e+07
4.64125e+06
1.19561e+09
4.86304e+08
6.46639e+07
9.75036e+07
1.98986e+09
9.23319e+08
1.0897e+09
106793
5.14184e+06
8.99741e+07
5.41111e+07
3.20944e+06
2.22318e+07
8.33063e+07
1.75146e+08
2.67762e+09
1.00677e+09
4.36808e+07
5.28403e+07
2.73805e+09
432459
1.21596e+07
2.74033e+08
1.02543e+09
261398
1.32846e+09
1.07891e+09
1.0773e+06
5.26181e+08
1.96885e+06
2.56055e+07
1.85466e+09
3.78784e+08
2.72204e+06
1.79358e+08
2.47745e+09
2.24736e+07
1.0065e+07
1.15321e+09
6.23378e+06
7.756e+08
3.85996e+07
111523
2.98943e+08
8.5889e+08
7.16024e+08
166407
7.60847e+08
4.43976e+08
1.83317e+08
2.20476e+06
1.07169e+09
2.76798e+09
2.34457e+06
7.2837e+06
3.88389e+09
1.04986e+07
1.66233e+08
1.32359e+09
3.88296e+07
1.31789e+09
2.10751e+07
1.5008e+09
7.81881e+07
7.67258e+08
8.09806e+08
1.70695e+08
3.314e+07
1.08112e+09
4.68213e+06
1.28635e+09
4.5214e+08
2.94859e+09
1.07995e+07
1.2868e+09
2.33616e+07
1.27061e+06
1.6882e+06
2.19077e+06
2.16676e+06
5.82925e+08
1.01393e+08
205222
1.00661e+09
198330
1.81873e+08
357330
3.38631e+08
5.77607e+08
2.8633e+09
4.14545e+06
3.91482e+07
1.56575e+09
7.90999e+06
2.04768e+09
1.12724e+08
2.28943e+07
4.74735e+07
9.05911e+07
2.18592e+06
2.10883e+08
137040
7.38262e+08
1.35062e+08
226363
6.83325e+06
1.4087e+09
7.75746e+08
412172
4.06465e+06
2.79411e+07
1.26165e+09
9.57317e+08
4.76247e+07
2.9757e+08
9.40535e+06
1.23029e+06
2.20789e+06
9.4715e+08
5.24776e+06
1.20867e+09
1.11438e+09
1.89016e+06
2.04028e+09
4.13937e+06
2.00761e+08
4.59554e+06
2.7999e+06
2.80701e+07
3.56182e+06
227598
1.51493e+09
8.33112e+08
1.45935e+09
1.39297e+07
5.8954e+08
3.29669e+08
2.25551e+07
8.30641e+08
9.50759e+07
89200.7
9.3767e+08
2.66668e+07
9.5154e+08
2.64539e+06
9.55377e+08
5.99317e+08
4.93332e+07
1.44075e+09
1.12279e+09
1.39951e+08
5.59791e+07
1.04788e+09
1.09484e+09
393195
1.54323e+06
145563
1.12496e+08
1.99861e+06
2.77507e+06
1.4164e+08
5.41749e+06
2.12441e+07
5.16903e+06
1.46734e+08
2.10092e+09
7.24021e+06
1.06798e+06
5.28536e+08
1.20562e+08
158673
1.37324e+09
1.26419e+06
3.5377e+09
7.85975e+07
1.9362e+06
3.01717e+09
3.39368e+07
1.15608e+07
1.32109e+06
1.47198e+06
434434
205659
1.10512e+08
1.68534e+08
1.12871e+09
4.83599e+08
2.03698e+08
7.56488e+08
1.10668e+08
1.94743e+06
5.69845e+08
4.51881e+06
1.2786e+08
2.14442e+07
252025
1.10442e+07
2.14302e+08
4.76658e+08
2.57436e+09
1.5e+07
9.65114e+07
1.00333e+09
3.58912e+08
9.73507e+08
6.51559e+08
3.87873e+08
9.69538e+06
1.02585e+09
3.97636e+07
8.35136e+08
2.15741e+06
5.80257e+08
2.45557e+07
4.11858e+06
8.64664e+08
257823
9.74778e+06
7.50766e+07
2.65326e+08
1.64841e+08
303599
2.65079e+06
7.36132e+08
1.45646e+08
1.63781e+08
1.34653e+09
176838
8.73879e+08
3.78613e+08
9.11639e+07
1.86002e+06
6.0263e+08
4.54466e+06
3.13056e+08
4.23291e+07
5.0121e+08
5.07555e+06
1.16619e+09
111803
124348
2.35749e+06
4.17626e+06
8.39065e+08
3.1857e+08
5.01467e+08
4.31703e+07
1.13881e+07
1.58201e+07
1.17606e+09
7.99374e+08
7.2606e+08
202976
4.66151e+06
2.68393e+07
4.72227e+06
5.82501e+08
1.4107e+09
4.06767e+07
2.84483e+09
5.53688e+08
1.78909e+06
3.15254e+06
4.69726e+07
2.2195e+07
8.30271e+08
2.38606e+07
2.38578e+08
8.70193e+08
1.18587e+08
3.26032e+08
1.48185e+08
8.13627e+08
1.6832e+08
9.10219e+06
1.06675e+08
1.55225e+07
8.49269e+08
167132
6.13684e+08
1.82177e+08
2.08054e+06
1.11614e+09
1.7545e+07
3.54052e+06
4.22464e+06
1.04511e+09
727039
7.15303e+06
1.37965e+09
3.04043e+06
9.37287e+08
3.35498e+07
1.89995e+08
175681
4.42976e+07
1.24971e+07
167112
2.31967e+08
2.63803e+09
2.27196e+07
2.02561e+06
165138
1.41561e+09
1.14391e+09
2.46391e+09
1.07694e+09
2.3091e+09
1.07247e+07
1.7785e+09
2.88854e+06
1.27832e+09
3.97811e+07
1.14611e+08
8.87683e+08
2.36459e+08
216800
7.45335e+08
2.36212e+08
1.58403e+07
4.81828e+08
1.37822e+06
5.14715e+06
2.73937e+08
3.51109e+07
9.99236e+08
2.69358e+06
1.45909e+07
9.94138e+08
1.01005e+09
2.71097e+09
7.85095e+08
2.62735e+07
2.85233e+07
6.59635e+08
9.92836e+08
2.30848e+07
1.00624e+09
9.49814e+06
2.12848e+08
2.76886e+07
4.95845e+08
732087
3.23425e+09
100082
102025
126481
127598
2.7146e+07
8.89083e+06
130544
299475
9.81861e+08
129507
2.63034e+08
3.00637e+06
1.04106e+07
4.53799e+08
5.85482e+07
1.09587e+08
3.96373e+06
4.3654e+07
2.76542e+08
1.06756e+08
5.67272e+07
8.6452e+08
3.90269e+08
8.43347e+07
2.10311e+07
5.1271e+06
1.31751e+07
105428
207027
133976
6.86542e+07
7.76255e+08
2.7008e+06
1.51254e+06
245207
6.4256e+08
200088
283794
5.79032e+08
97211.4
102898
699411
5.99424e+06
4.2827e+06
2.32295e+09
9.91972e+08
1.25385e+09
5.9126e+07
1.02192e+09
125452
1.02103e+07
1.88773e+06
644843
89867.6
2.13071e+07
1.28099e+09
426287
2.70499e+07
2.35622e+06
2.46116e+08
1.1229e+07
3.21265e+09
8.49317e+08
1.10993e+07
1.13895e+08
1.1431e+09
1.60199e+08
9.24952e+08
2.53258e+08
6.14152e+06
7.95034e+08
5.86721e+08
7.89904e+07
5.63683e+07
6.95794e+08
3.47314e+06
6.45029e+08
3.8044e+06
154951
2.07889e+07
7.92918e+08
1.64354e+08
3.1141e+06
1.97122e+07
5.27122e+06
9.01735e+08
1.67152e+08
2.28276e+06
5.60944e+06
9.26215e+08
7.51285e+08
5.10935e+08
1.74944e+07
1.18318e+09
5.00637e+08
1.45166e+06
4.9627e+06
6.76289e+06
4.84687e+06
1.78805e+06
5.72003e+07
3.32767e+07
1.55421e+07
3.22764e+07
1.45516e+09
1.38937e+06
5.28661e+08
1.72693e+06
1.60899e+06
8.34654e+06
2.15271e+07
4.70574e+06
7.08195e+06
3.17193e+06
1.11858e+09
2.42895e+07
2.63471e+06
2.53882e+07
1.86189e+07
8.70057e+07
2.28523e+06
2.88701e+09
1.33242e+07
1.39614e+09
1.42098e+06
3.22419e+07
2.23346e+06
242078
3.8079e+07
6.59785e+07
9.34507e+08
9.81838e+06
6.67632e+08
1.31568e+09
1.40664e+09
4.7126e+06
2.19443e+06
700629
9.51972e+06
6.52189e+08
2.46462e+06
1.00146e+09
2.9737e+06
7.34879e+08
5.04022e+08
3.40543e+07
1.33285e+07
7.73506e+08
281000
4.07725e+09
2.24731e+06
2.82149e+09
1.07176e+09
7.94325e+08
3.47706e+07
3.56128e+09
7.51917e+08
7.20136e+06
1.77664e+08
7.41604e+08
1.79688e+07
9.85978e+08
1.14965e+09
698333
6.49734e+08
6.75093e+08
9.58971e+08
9.60241e+08
9.07939e+08
8.49514e+06
1.33576e+07
1.37351e+09
339622
6.16952e+08
1.62355e+07
1.40571e+08
1.26049e+07
179658
6.40406e+06
4.3626e+07
4.44451e+06
4.5243e+07
3.79791e+08
5.22014e+08
6.79587e+07
7.48809e+07
1.25687e+09
3.51302e+07
6.76893e+08
8.80319e+08
3.00479e+09
1.11685e+08
5.96489e+08
4.70835e+09
1.54743e+09
9.77704e+06
8.55011e+08
1.1266e+09
2.35247e+08
1.79074e+08
1.81867e+07
7.97391e+08
5.26806e+06
3.90325e+07
5.61329e+08
3.26176e+06
1.1126e+10
2.49457e+06
5.96095e+08
1.68395e+09
1.99709e+08
1.49185e+08
1.02628e+07
8.68701e+08
1.87655e+08
230617
214927
2.00874e+06
1.03967e+08
200422
2.19976e+07
8.96293e+08
2.88655e+07
1.15179e+09
7.52941e+06
2.81957e+08
8.25986e+08
2.18344e+06
6.96158e+08
2.55422e+06
1.63241e+07
7.60946e+07
3.33222e+06
118261
5.36906e+08
936604
4.48784e+06
7.21855e+08
5.0184e+09
6.78448e+08
8.06768e+08
5.46001e+06
6.99639e+08
8.46173e+07
1.18058e+09
8.97026e+06
3.01195e+07
3.87909e+07
8.39784e+08
1.70788e+08
6.22538e+07
4.05934e+07
1.40582e+06
5.74391e+08
1.81022e+07
5.99732e+08
2.95119e+08
1.29715e+09
2.08337e+07
4.04686e+06
4.02126e+07
3.26185e+08
3.26717e+08
1.05793e+07
1.99317e+06
7.57373e+08
211154
3.10397e+09
1.01288e+09
4.72001e+08
2.48266e+09
9.20497e+06
110260
3.53595e+06
6.50665e+08
1.21069e+08
1.16832e+09
3.29402e+07
4.80994e+06
382092
3.26892e+06
2.32895e+09
8.57208e+06
6.16882e+08
2.00115e+09
8.20082e+08
1.68186e+08
1.15022e+09
2.53993e+08
6.06177e+08
1.79003e+07
111126
3.16667e+06
1.98574e+09
2.06712e+07
9.58763e+07
3.29636e+06
744580
3.30622e+07
5.36584e+09
1.45469e+07
4.07629e+08
4.11644e+07
1.85855e+07
8.21181e+08
293013
5.47602e+06
1.08378e+09
1.99911e+09
7.42258e+08
1.44235e+06
731945
4.21734e+07
2.06743e+08
8.23464e+06
3.76906e+08
4.29771e+06
169214
7.13431e+08
3.82375e+07
3.79377e+06
6.65209e+06
1.32436e+09
2.42108e+08
4.01658e+07
7.54088e+07
8.06182e+08
6.18167e+06
1.50301e+08
4.79082e+06
2.64171e+06
4.16212e+09
8.53258e+08
1.67954e+08
4.35068e+07
3.47777e+08
1.55878e+06
1.97476e+09
3.8202e+08
318119
172533
5.78985e+07
1.57946e+08
5.1153e+08
111491
1.20017e+07
2.44692e+06
4.12576e+06
8.68387e+08
9.79968e+06
1.07903e+09
724172
5.56346e+08
191904
195222
2.15821e+09
2.66911e+06
137284
109204
4.53251e+06
135413
4.18529e+08
991214
1.01994e+07
137549
6.89082e+07
6.35648e+08
2.08407e+08
8.01225e+07
163475
7.64915e+08
1.26498e+06
152023
1.56998e+08
212527
1.57108e+08
268630
161711
166506
1.128e+06
122573
230995
1.30754e+06
195619
1.99212e+07
450769
1.49605e+06
672858
2.37918e+06
1.0087e+09
1.22854e+09
7.98417e+08
6.55865e+08
6.11207e+08
4.1352e+08
1.05926e+09
1.69458e+08
2.07567e+06
1.07505e+07
370131
994323
9.74043e+06
2.98859e+06
5.24079e+06
6.25946e+08
1.40129e+09
6.3348e+06
6.25258e+08
1.43716e+08
4.24138e+07
5.07555e+08
388629
227709
1.8259e+06
5.83037e+06
7.09227e+08
1.66221e+06
207386
5.29814e+08
1.07507e+07
1.00575e+09
1.46537e+07
4.90294e+08
1.2768e+06
7.8891e+08
2.88196e+09
1.04989e+08
99805.8
7.35377e+08
8.8826e+08
7.98638e+08
7.93828e+06
8.86343e+08
2.81416e+06
114810
3.66807e+09
1.08944e+08
7.77827e+08
7.0994e+08
102065
8.10521e+08
6.98667e+06
222791
88441.3
1.6364e+09
1.73121e+09
2.73116e+06
9.2858e+07
101804
6.03943e+08
317789
6.62419e+06
1.0196e+08
106466
8.37592e+06
6.35514e+08
184379
194682
2.59525e+06
123044
125991
7.63943e+08
127054
493427
2.2751e+09
7.75108e+08
1.25739e+06
156109
2.21695e+06
309590
105320
706307
97843.3
130277
1.93607e+08
4.2604e+09
1.30134e+08
293063
1.11076e+09
395533
1.29141e+09
7.5539e+06
2.08247e+06
9.80907e+08
1.82498e+06
7.05684e+08
233754
2.57134e+09
6.64506e+06
178292
6.8618e+08
133009
1.0731e+08
8.52552e+08
139995
1.31773e+07
254282
1.22526e+09
5.01572e+06
197674
1.75886e+07
9.23684e+08
6.21506e+06
4.87804e+08
6.36949e+08
9.70407e+06
1.26264e+07
1.54984e+09
1.18558e+07
5.09744e+06
3.35801e+07
3.70815e+09
2.77986e+07
7.96242e+08
1.07784e+07
5.39585e+06
1.88762e+09
7.46379e+08
122510
1.88874e+07
104863
2.64759e+07
1.26725e+06
1.15007e+09
4.0203e+08
1.7267e+06
1.22058e+09
2.73674e+09
140836
2.94013e+09
1.54843e+08
2.46099e+09
289139
2.04317e+06
1.94476e+07
1.4823e+06
4.87342e+06
8.7714e+08
128709
9.07112e+06
2.83865e+06
2.37724e+06
4.10095e+06
3.65945e+06
3.04955e+09
2.67563e+08
6.70635e+08
1.37577e+06
8.41502e+08
111112
105556
2.08096e+09
2.21073e+06
137392
143621
8.53425e+06
2.28902e+06
6.10128e+08
4.67461e+09
4.9141e+08
4.85312e+06
1.15827e+09
166804
3.19641e+06
1.01723e+09
3.615e+07
170643
3.63416e+07
7.47534e+08
1.4442e+08
203233
6.25946e+06
5.9308e+08
1.51422e+09
2.43326e+06
1.88215e+07
1.81838e+07
2.12461e+06
133827
2.27663e+06
2.10244e+06
150410
4.56691e+06
2.03593e+06
4.57965e+08
5.75e+08
1.7071e+08
275342
3.03324e+08
2.30029e+06
1.14865e+09
1.1609e+09
473841
3.4745e+08
4.32735e+06
447004
3.22867e+06
102673
5.59937e+08
1.48795e+06
3.38669e+07
3.02923e+06
1.14897e+06
1.96292e+06
158674
456429
9.08034e+06
2.52843e+06
6.10876e+08
8.22676e+08
8.94803e+06
125497
680002
196399
2.70546e+07
238259
8.03402e+08
6.41362e+08
4.29821e+07
1.30896e+08
3.65862e+06
9.88187e+08
3.85887e+06
1.66585e+07
1.66825e+06
1.00074e+07
1.08877e+08
2.10963e+06
2.47781e+08
1.33074e+08
2.34011e+07
8.07195e+08
1.45169e+06
3.21914e+08
4.85095e+06
2.18677e+08
5.12591e+08
2.56234e+06
1.24596e+09
1.97735e+09
1.21046e+09
1.53212e+09
3.23834e+08
8.14192e+06
8.94429e+08
4.87399e+07
107075
337615
9.23611e+06
7.31153e+08
3.30559e+07
2.64502e+08
9.84858e+07
4.88792e+09
2.05758e+09
1.19668e+07
5.3515e+06
4.5177e+08
3.39291e+06
1.50559e+07
3.13951e+09
4.65513e+09
2.63268e+07
2.46479e+09
608947
106773
1.14567e+09
86226.2
98869.2
4.83364e+08
9.58093e+06
2.42637e+08
249632
2.00759e+06
3.14204e+07
125007
4.71398e+08
131292
255779
2.99047e+06
3.59709e+08
202437
5.14195e+08
4.86054e+07
9.7963e+08
1.90415e+08
2.56006e+06
2.07308e+07
7.58893e+08
4.874e+09
5.73307e+08
1.18204e+07
2.70127e+07
203387
3.37411e+06
4.02238e+06
3.17209e+08
3.62323e+06
1.32716e+08
1.54146e+06
2.09617e+09
1.87055e+09
1.81008e+07
3.53633e+06
6.43632e+08
2.15345e+06
9.42677e+08
1.9768e+07
2.10642e+09
412989
1.02028e+07
1.52304e+06
9.0048e+06
6.0361e+09
5.01618e+09
3.45805e+09
2.23655e+07
5.89855e+08
5.86738e+08
2.81312e+08
89684.5
131386
1.6677e+07
3.08449e+09
1.3996e+06
2.37574e+08
2.4479e+06
4.267e+08
7.4151e+08
2.9691e+07
2.64726e+07
357741
5.30504e+08
5.57852e+06
2.9927e+06
420840
1.62413e+09
2.03899e+08
1.7009e+06
5.31272e+09
145823
645304
1.83378e+09
1.77129e+07
5.21098e+09
2.14297e+06
151179
140425
3.87979e+06
7.43434e+07
2.38613e+07
2.92382e+07
1.41419e+08
1.17049e+07
1.82049e+09
406067
7.30273e+08
7.97849e+07
1.47728e+07
4.3901e+08
7.51392e+08
1.06796e+09
1.94815e+07
7.51119e+08
4.58744e+09
5.85506e+08
7.63872e+08
1.69455e+06
2.11237e+06
4.42227e+08
1.86695e+09
1.31315e+07
1.32055e+09
9.54478e+08
5.51391e+06
1.13335e+09
1.05978e+09
4.46819e+06
1.28864e+06
2.72253e+07
5.40832e+09
5.41309e+06
7.15365e+06
1.66857e+09
1.98132e+08
2.71652e+06
1.06717e+09
9.15488e+06
3.11249e+06
6.93891e+06
1.49795e+09
1.04262e+06
1.3351e+06
5.92701e+08
1.05442e+09
2.21792e+08
114388
155164
5.44325e+09
4.3126e+09
1.16755e+06
3.41842e+07
3.30746e+06
7.21918e+08
9.55305e+08
1.36032e+06
98944.2
1.11784e+07
1.21589e+08
6.60767e+08
3.06749e+06
1.23775e+09
7.72508e+08
2.12863e+07
1.14993e+09
9.32534e+07
1.39235e+07
2.3754e+06
5.97962e+06
3.16413e+08
3.20151e+07
2.38044e+08
1.96143e+09
244265
6.24456e+07
3.48254e+08
1.22939e+09
7.10176e+08
3.86055e+06
252866
1.79353e+09
2.8646e+07
1.44817e+08
3.05405e+08
707049
5.27927e+08
5.29549e+09
5.96211e+06
6.41767e+09
5.15009e+08
4.60571e+06
1.95276e+08
1.69948e+09
2.99057e+08
8.10153e+07
4.03775e+09
5.50049e+06
4.8326e+07
8.21541e+07
1.88104e+08
1.58131e+07
2.59351e+06
1.60503e+07
1.26802e+06
1.12238e+09
1.49588e+08
2.31826e+08
1.03762e+09
1.3251e+06
5.63007e+08
6.77914e+08
3.98399e+08
133957
1.345e+07
2.09644e+07
4.73943e+08
2.65493e+08
1.471e+08
4.38124e+08
1.13287e+06
3.58789e+08
2.4483e+07
5.87769e+07
5.72837e+08
4.42998e+08
1.04196e+09
4.11203e+07
4.42738e+08
5.24028e+06
1.23439e+09
1.99777e+09
2.5376e+06
211025
1.22464e+08
3.80281e+07
2.87541e+08
1.69426e+07
1.06276e+08
92711.9
4.39859e+08
3.16906e+08
6.35828e+08
7.47272e+08
1.07212e+06
4.74747e+08
2.30704e+09
993114
3.19861e+06
1.70664e+07
4.31216e+06
1.58898e+09
1.39715e+08
1.72539e+08
4.82515e+07
368031
4.61594e+08
1.37349e+07
2.33565e+07
7.30319e+08
5.19426e+09
3.00968e+09
1.58233e+09
4.82688e+09
1.24502e+07
5.95807e+08
9.17264e+08
107652
2.24035e+08
198707
5.92336e+07
8.4601e+08
4.04654e+09
1.04473e+09
164217
2.2036e+06
1.8695e+07
220491
1.95769e+08
99164.2
472019
6.25272e+08
1.2043e+06
321933
1.00353e+07
4.76036e+06
278500
156728
2.97162e+07
1.67248e+09
94465.7
906994
282274
123586
5.84557e+06
1.22635e+06
1.84098e+07
5.04318e+09
2.80767e+08
4.90831e+07
5.27459e+08
1.09625e+09
606337
411204
1.3145e+08
7.32048e+08
4.79959e+08
1.46845e+08
4.15176e+06
5.58444e+08
1.32932e+06
640613
1.39579e+06
4.80276e+06
2.72742e+06
1.70336e+09
141565
2.87263e+07
2.60127e+09
4.53179e+08
8.61293e+08
1.12281e+09
1.53152e+09
1.55355e+08
287368
383480
194511
2.55955e+09
1.69021e+08
7.09807e+08
175664
9.76468e+08
2.4151e+06
5.64152e+08
234136
1.25544e+06
1.67524e+08
1.36175e+09
185379
1.373e+07
9.44512e+08
5.48078e+07
6.93455e+08
163659
1.41241e+07
1.80779e+08
198127
2.18832e+06
6.40662e+06
3.43038e+06
2.3918e+08
8.49249e+08
4.74459e+08
1.40962e+08
1.05617e+07
611769
4.94353e+06
5.22181e+09
1.0903e+08
746423
599303
132845
3.50481e+08
3.19251e+08
2.4575e+09
4.09431e+07
6.86835e+06
3.54759e+08
7.68267e+08
411000
96538.3
2.78369e+06
1.90625e+06
2.02112e+09
154662
3.06837e+08
3.20792e+06
1.23056e+06
2.37464e+06
8.84486e+07
7.9413e+07
268747
236622
5.86389e+08
2.27984e+06
4.90562e+09
4.03654e+08
2.36474e+09
3.81242e+06
1.08932e+09
1.46555e+07
5.68403e+08
5.70392e+08
1.47565e+08
225951
2.83619e+08
2.97258e+07
9.90338e+08
2.32831e+06
2.73268e+08
2.03952e+07
5.36266e+08
2.19402e+06
8.2588e+08
3.23558e+06
1.14407e+06
5.40112e+09
348150
3.01841e+06
114951
1.15284e+08
4.80015e+08
4.64499e+07
4.15427e+08
3.96828e+07
2.96962e+07
2.50013e+06
3.85642e+08
4.01355e+08
5.28035e+08
2.33761e+07
1.54572e+09
1.42722e+08
5.68299e+09
2.23348e+06
7.82994e+07
1.13077e+06
7.237e+08
1.31364e+09
1.17965e+08
5.9926e+06
2.37447e+07
1.09841e+08
9.76081e+07
516786
2.38644e+08
5.93477e+06
7.03251e+06
1.79507e+06
2.5063e+07
2.725e+07
2.17025e+07
1.44543e+08
1.05158e+07
3.36897e+09
8.40075e+08
2.31012e+08
5.51875e+08
8.80927e+06
1.35358e+08
3.36608e+09
3.57021e+07
6.6643e+08
2.27419e+07
4.41923e+08
3.94071e+09
6.53467e+08
6.32774e+08
1.81329e+09
1.65609e+08
1.18735e+09
1.30304e+06
1.48668e+09
1.28227e+09
123371
2.43496e+08
4.00143e+08
3.02135e+08
2.65791e+07
5.50795e+08
2.59806e+06
113023
4.90345e+09
4.28743e+06
1.39631e+06
4.79864e+08
119623
1.49201e+07
1.49397e+08
5.51073e+06
4.61358e+09
3.60995e+08
2.09237e+08
5.51172e+08
3.30499e+07
1.47308e+09
9.52512e+06
3.02523e+06
5.61905e+09
1.42288e+09
5.35346e+08
4.28359e+09
4.47769e+06
2.10568e+07
1.23694e+07
1.67246e+09
2.73018e+06
1.81277e+07
7.9958e+07
8.22142e+08
2.54109e+09
7.07073e+08
2.19407e+08
1.90884e+08
1.5356e+08
2.13938e+08
1.39328e+08
8.00909e+08
1.4271e+09
1.22533e+08
1.8154e+09
9.00301e+08
1.3398e+09
4.07735e+09
7.72211e+08
2.4347e+08
7.4521e+07
4.91922e+07
5.39881e+06
151707
1.81778e+06
5.75133e+08
1.06328e+08
1.586e+08
1.59739e+08
3.89245e+09
3.13058e+06
1.75705e+08
4.7803e+07
1.22217e+07
8.22055e+08
3.83521e+07
1.03903e+08
3.53628e+08
4.13482e+08
3.2425e+08
1.16511e+09
5.76801e+08
4.85408e+06
2.62044e+09
1.08131e+09
3.86601e+09
2.82818e+08
1.11966e+09
3.86959e+08
2.55478e+08
7.04054e+07
1.50103e+08
1.2806e+08
5.63047e+06
1.13988e+07
5.18982e+08
1.48588e+07
1.69466e+08
3.42414e+09
9.25364e+08
8.79462e+07
5.46576e+09
2.03597e+06
6.12195e+07
92991.5
1.43539e+06
2.89999e+08
1.23727e+09
4.17655e+09
183278
6.77175e+07
1.69758e+09
2.17599e+08
6.05644e+08
2.51966e+07
1.15374e+08
6.04357e+09
6.29134e+08
5.12688e+08
1.50974e+07
9.83975e+08
5.51242e+06
3.35642e+09
1.00827e+08
6.14685e+06
1.71434e+07
3.72352e+08
5.76307e+08
1.05669e+07
1.17536e+06
864481
2.61893e+06
1.36029e+07
5.67578e+08
9.20717e+08
6.41492e+08
2.22306e+07
8.30267e+08
8.61472e+07
1.64816e+09
6.71632e+06
5.34974e+07
2.87886e+08
6.06959e+08
9.10695e+07
3.02358e+06
8.14838e+08
4.2037e+06
3.43055e+08
1.91129e+08
6.21653e+08
2.50755e+06
5.4251e+08
2.46658e+08
2.70457e+08
2.19049e+08
5.36347e+07
2.63293e+09
1.36728e+06
4.60379e+08
126761
8.43305e+07
4.54584e+06
6.91913e+08
2.57007e+07
1.85474e+09
1.37734e+07
6.92516e+08
4.25514e+07
1.53792e+09
8.83902e+08
208913
2.92555e+07
1.65097e+06
5.83905e+06
9.46492e+07
5.04903e+06
304809
3.04972e+09
6.32965e+08
6.31307e+08
1.02542e+07
4.81081e+06
1.10845e+08
7.26345e+08
1.49536e+09
4.68878e+08
2.08429e+08
8.61554e+06
375822
5.15803e+09
4.81269e+08
3.3343e+07
1.27899e+07
9.7005e+07
1.87471e+08
5.24178e+08
1.27301e+09
2.49816e+08
9.52745e+06
2.50207e+07
691068
1.06566e+09
1.33048e+08
1.84885e+07
2.57301e+07
149578
6.35395e+08
4.34566e+09
1.09171e+08
1.48397e+08
110959
4.17843e+08
9.58432e+07
9.16363e+07
2.51784e+08
1.69918e+09
717782
9.29395e+07
9.20814e+07
5.98541e+08
2.16753e+08
684433
4.67598e+06
1.75927e+07
3.21587e+08
2.40139e+08
161063
1.93822e+08
2.61656e+06
1.65076e+08
8.10579e+06
1.47318e+09
5.72003e+06
237360
5.26038e+06
4.54811e+07
1.22958e+06
175078
191138
1.56083e+08
2.66491e+09
1.29288e+08
2.71979e+08
9.15887e+06
6.43662e+08
2.39047e+06
2.68876e+08
8.4728e+07
368424
1.9567e+06
3.72797e+06
3.05724e+07
2.71394e+07
425042
85910.7
4.80358e+08
175605
1.0029e+07
5.26126e+06
6.05045e+08
1.47216e+09
4.7832e+06
7.04264e+08
7.63115e+07
1.8072e+09
1.19686e+09
4.38684e+08
4.47736e+06
7.51182e+07
2.70629e+06
9.21104e+07
1.29725e+08
182266
2.00955e+08
1.95023e+07
3.41936e+07
105393
6.01174e+08
4.96777e+06
3.85808e+08
2.4673e+07
2.08157e+08
2.65001e+07
4.87237e+06
2.00602e+07
2.56665e+07
482338
2.6566e+07
5.93144e+06
5.71392e+08
1.11057e+09
4.60171e+08
5.02271e+09
1.50664e+09
2.61589e+07
2.12934e+08
131773
1.4981e+08
1.10384e+07
2.88586e+06
1.82597e+08
4.78068e+08
1.03526e+09
2.39766e+07
1.68033e+09
3.03496e+07
9.29214e+06
1.01771e+06
5.27457e+08
5.46176e+08
1.31886e+08
2.33755e+06
1.35352e+08
311658
1.02614e+07
2.16452e+07
4.7093e+07
6.83469e+08
5.06319e+08
6.15361e+08
3.86556e+08
1.18072e+07
9.99705e+07
7.66344e+08
2.1306e+06
2.23394e+08
1.43194e+09
1.16947e+09
1.02646e+07
4.32109e+07
3.13178e+08
3.14616e+08
3.53336e+09
1.06343e+09
6.72777e+08
6.61943e+06
2.37656e+07
453234
2.9486e+06
228739
4.76273e+09
3.00593e+09
501873
6.04351e+07
4.54042e+09
9.78225e+06
6.91861e+07
1.57579e+09
4.29602e+08
4.15325e+07
6.33155e+06
1.2218e+09
1.04638e+09
2.97454e+08
723309
4.07133e+09
191078
3.8881e+08
6.24948e+08
3.05954e+06
1.4802e+09
1.86568e+08
174013
4.88941e+08
1.10532e+07
3.56764e+07
2.72372e+07
1.15608e+08
7.62169e+07
1.32454e+08
9.35095e+07
1.37905e+06
215784
2.74658e+08
2.02329e+07
2.645e+07
4.40197e+07
297847
5.55892e+08
3.33562e+06
1.24019e+07
189088
3.4902e+08
5.53799e+08
1.61359e+06
2.27788e+08
7.81582e+07
2.61428e+07
2.16691e+08
8.63015e+07
1.00008e+09
3.86422e+08
3.95905e+08
139962
7.9933e+06
152306
1.82822e+09
2.52477e+08
1.00579e+07
7.14337e+07
2.52113e+07
7.673e+08
2.21707e+07
1.55212e+09
1.19767e+07
1.2368e+06
1.45305e+09
1.46394e+08
5.15025e+08
7.24731e+08
1.33816e+09
5.81347e+08
4.75555e+08
4.77844e+06
1.70324e+09
1.00386e+07
6.2607e+06
238694
4.2537e+08
3.96997e+07
7.85955e+08
6.00995e+07
2.91297e+06
1.4504e+09
3.80036e+08
425702
9.66153e+08
5.56429e+08
1.0193e+08
1.52062e+07
1.86851e+09
1.08632e+09
1.96414e+09
5.9335e+09
1.45615e+07
6.7293e+07
1.99344e+07
258152
3.73785e+09
6.03908e+08
1.86187e+08
4.13022e+08
7.30368e+06
5.99577e+06
1.22437e+06
2.8857e+06
974400
3.85827e+08
1.26584e+09
2.13758e+06
5.77588e+08
1.40996e+07
4.95399e+06
2.3427e+08
1.93926e+09
7.51083e+08
4.28557e+09
4.72677e+07
7.45327e+07
2.56221e+07
1.3711e+09
3.76643e+08
1.04843e+07
4.06834e+06
2.50052e+09
7.33044e+08
2.31942e+08
1.66838e+07
8.17784e+06
1.51248e+07
2.87877e+08
8.70895e+06
2.29658e+06
177592
5.78971e+08
698295
2.74702e+06
3.08809e+08
5.0308e+06
8.33436e+06
2.65718e+07
2.9821e+08
4.94202e+07
5.17358e+07
5.14293e+08
7.22815e+08
1.2133e+06
1.33454e+07
6.32997e+08
1.63878e+07
3.08652e+08
6.5842e+07
2.63494e+08
8.45162e+08
378365
2.90457e+08
1.33126e+09
114152
6.32871e+08
3.91119e+08
4.27476e+09
5.2151e+06
2.34717e+08
7.43831e+07
2.57216e+07
2.56718e+08
4.06559e+08
4.70799e+08
7.93275e+06
1.9245e+06
1.80741e+06
3.98714e+07
2.3947e+08
5.016e+07
1.61032e+07
1.46689e+07
169133
4.42081e+08
8.94096e+08
5.66671e+08
4.62718e+07
7.51754e+07
3.03816e+09
1.13409e+09
3.679e+08
7.53032e+08
8.16099e+08
1.31901e+06
1.32354e+08
8.70372e+06
2.76682e+07
4.16625e+08
2.92875e+08
2.37992e+06
9.34302e+07
691882
3.99275e+07
2.43044e+08
2.95466e+06
5.50785e+06
9.43577e+08
7.00951e+06
4.24841e+07
4.41116e+08
1.13129e+09
8.11217e+06
177363
662597
2.64992e+08
1.90284e+08
155441
8.19853e+08
1.13871e+07
3.22326e+07
1.64552e+09
6.39568e+08
2.24527e+08
3.37754e+09
6.55363e+07
2.0887e+09
4.49577e+09
6.14884e+06
1.76022e+06
1.1951e+06
7.73841e+07
1.82021e+08
9.70647e+08
4.86844e+06
9.97135e+06
3.35612e+08
3.19619e+07
750251
5.99604e+07
3.19798e+08
1.77138e+09
248007
114025
392216
3.88688e+08
3.70907e+08
6.12006e+08
2.55962e+09
1.08689e+08
2.65144e+06
2.26764e+08
132210
4.69072e+07
1.06106e+09
953363
5.90046e+06
1.38329e+09
139401
2.67425e+08
221115
191687
1.69353e+06
2.39695e+06
1.35848e+08
1.2218e+09
1.58128e+07
3.12505e+08
2.20359e+06
212203
3.86482e+07
3.41751e+08
7.15555e+08
2.93069e+06
1.44241e+07
1.78771e+07
1.55362e+08
4.28564e+09
1.43141e+06
4.34178e+08
1.8179e+06
1.10569e+06
1.15705e+06
3.894e+08
3.13968e+07
5.69881e+08
97412.6
190934
726708
1.98812e+09
2.339e+06
1.00406e+08
5.31909e+08
104494
1.4875e+07
7.9371e+08
2.88517e+06
6.13074e+06
104670
4.90959e+08
1.21473e+07
4.21732e+07
1.2385e+09
1.23673e+07
97177.3
95789.7
3.12083e+08
9.83802e+06
3.94995e+06
1.2917e+09
111040
8.89615e+07
159376
3.22245e+08
3.48416e+07
2.3179e+09
4.33524e+08
1.13272e+07
380865
114671
1.33387e+07
2.91332e+08
8.40702e+08
1.85164e+08
6.32939e+08
196107
1.59185e+09
2.21946e+08
2.02883e+06
2.61434e+09
8.22664e+06
1.60268e+08
2.20003e+09
1.88479e+08
1.45113e+06
3.94959e+09
4.9629e+06
2.29043e+06
1.18986e+08
1.87644e+06
1.19293e+06
3.3109e+08
1.69084e+07
2.64571e+07
4.9704e+07
7.73701e+06
1.39229e+06
4.09846e+08
3.29208e+09
2.79009e+08
1.91371e+08
1.10216e+07
9.57042e+07
1.47614e+08
4.90311e+06
9.74173e+06
3.34096e+08
201420
88213.4
3.77132e+08
2.2214e+07
3.03225e+08
1.52014e+06
4.58564e+06
2.14276e+06
1.49057e+08
2.66066e+08
4.62724e+06
1.79899e+09
197527
725955
2.64305e+08
1.18104e+09
9.37238e+07
1.07992e+08
6.40833e+09
4.87503e+08
1.23496e+08
479745
1.45928e+06
6.83559e+06
2.84635e+08
164941
4.01498e+06
1.30954e+08
2.1083e+08
2.57608e+07
1.21759e+06
1.09132e+08
1.23133e+06
7.12584e+08
1.0695e+06
8.37121e+06
2.10711e+08
5.40473e+08
281424
235937
4.00499e+08
2.3986e+09
4.70179e+06
1.49718e+09
5.39576e+08
155551
4.80075e+07
2.28275e+08
239973
4.27875e+08
1.41558e+09
8.12302e+06
2.71712e+08
1.00948e+08
3.288e+07
987250
1.44799e+07
1.80562e+08
1.66782e+06
2.32356e+08
1.14744e+08
217188
1.45794e+09
383301
1.53965e+09
6.01504e+06
8.77429e+08
4.02469e+07
5.49361e+08
4.45324e+09
2.46473e+06
1.38816e+06
1.43601e+08
8.22305e+07
5.66785e+08
139603
668119
1.062e+09
9.29464e+08
1.44701e+06
2.3527e+06
4.09538e+08
154345
211499
1.12431e+08
9.21514e+07
227936
4.39641e+07
6.29268e+08
9.82242e+08
3.3713e+06
141324
5.76111e+07
1.85262e+06
8.10579e+07
2.46283e+06
2.69767e+08
1.11688e+06
741578
3.89812e+08
7.41714e+07
230947
2.4934e+09
8.26559e+06
3.90637e+08
754224
8.03628e+06
1.14561e+08
4.24986e+07
194054
2.43005e+07
3.48916e+07
5.03747e+08
1.81576e+09
7.96315e+06
167172
4.60101e+08
1.48959e+09
4.19217e+08
117117
5.77954e+06
1.22515e+07
4.18403e+08
3.51874e+06
1.44766e+07
2.85669e+07
9.4595e+07
138165
1.0161e+09
5.2038e+06
3.76069e+08
2.15242e+09
5.06636e+08
1.81476e+09
1.3122e+06
2.65167e+08
1.19926e+08
1.13353e+08
4.26498e+08
2.64929e+08
9.60421e+06
3.87774e+06
4.40943e+06
4.00404e+06
746433
1.73617e+09
7.09019e+07
435002
1.21168e+09
3.30976e+08
2.40049e+08
122236
340177
7.77156e+07
4.08054e+08
87241.8
4.82384e+06
2.4272e+08
109954
1.7362e+08
2.61055e+08
944971
744720
2.6979e+06
7.20292e+07
1.13471e+08
1.33845e+06
5.87904e+08
1.18284e+06
3.27931e+07
1.07928e+08
105427
2.49258e+08
4.95815e+06
7.129e+06
7.68297e+07
1.26642e+09
3.45175e+08
3.24581e+07
5.72651e+06
2.1668e+08
2.28228e+06
4.14922e+06
1.65854e+08
1.89517e+06
3.77593e+08
5.37254e+08
1.27491e+09
281409
161932
111699
3.99471e+08
2.38633e+08
194726
9.76458e+07
5.68551e+08
112925
8.76516e+08
8.80366e+07
4.18219e+06
437272
1.1237e+09
1.57678e+08
9.80911e+07
8.01616e+07
1.67303e+08
2.36802e+08
2.24626e+07
9.87958e+06
1.83819e+08
2.87159e+06
1.21221e+08
2.2146e+06
4.76691e+08
1.19239e+09
1.51322e+09
7.71766e+08
4.20495e+07
4.94327e+08
9.3394e+07
1.00654e+06
4.91794e+07
187752
4.82278e+07
1.86095e+06
7.43093e+08
5.92768e+07
1.22633e+07
723175
1.32981e+09
665465
7.36293e+07
2.07792e+06
6.43892e+08
2.57138e+09
2.73683e+08
4.44736e+08
4.44596e+08
2.63941e+08
9.69796e+07
5.84174e+06
3.12033e+09
5.20869e+08
3.83924e+08
3.52386e+08
8.84138e+07
1.64559e+09
1.47873e+08
2.55317e+08
2.35602e+07
1.7769e+06
3.46225e+07
1.33502e+08
5.24314e+07
1.53458e+07
1.20163e+09
4.52851e+07
120093
1.81647e+06
1.46307e+09
5.52786e+08
357279
2.31676e+06
1.39053e+08
8.95737e+08
7.49656e+06
4.5436e+07
1.57735e+07
2.31879e+08
1.24341e+06
2.45359e+08
2.6667e+08
3.95461e+06
7.26844e+06
2.09518e+08
3.77117e+06
1.21134e+08
4.26236e+08
3.40631e+08
4.09936e+06
2.48181e+07
1.8292e+06
209519
255051
364044
188174
652989
281585
682459
423420
124416
287854
279895
397650
134418
136943
190686
5.82882e+08
3.96382e+08
455742
3.01051e+08
4.57277e+06
477209
1.06951e+08
582316
1.87351e+08
1.12977e+09
3.22129e+06
6.65273e+07
3.0362e+09
1.30066e+09
178013
198323
2.42674e+07
103898
4.85375e+06
142424
1.64511e+06
6.84095e+08
1.54287e+07
6.4658e+08
2.40518e+06
2.67745e+08
3.91646e+08
170909
1.10206e+09
2.43979e+08
2.26751e+07
4.16033e+07
7.08265e+08
3.15155e+08
3.01419e+08
7.01819e+08
117058
4.30915e+08
170516
2.48494e+08
2.41435e+06
9.31175e+08
6.27812e+08
2.06664e+07
115234
2.20354e+09
2.67553e+08
1.88843e+09
3.3798e+08
109366
2.97182e+07
5.3666e+08
1.21778e+08
214589
3.36318e+06
2.83159e+08
4.62371e+07
710717
190943
133011
2.14695e+08
3.45784e+08
1.45667e+09
5.3003e+06
6.31551e+07
6.92624e+07
8.15164e+07
1.17873e+08
555261
539967
3.11536e+08
3.73894e+09
2.27231e+08
2.8894e+09
2.95466e+08
137068
5.52847e+08
1.3819e+06
2.58242e+07
145340
1.07929e+10
1.20548e+08
3.14349e+08
2.2768e+07
6.09628e+09
3.05931e+09
3.91667e+07
8.74533e+06
160344
1.63726e+08
8.17494e+08
1.00311e+09
1.25938e+08
3.0374e+07
1.08182e+08
6.40464e+06
2.73878e+08
2.6156e+07
3.1599e+08
4.31552e+07
3.31298e+06
1.37306e+06
1.5979e+06
9.28374e+07
193975
4.5347e+08
1.38476e+08
1.02318e+06
156498
6.94868e+08
973528
6.74607e+08
472106
1.25571e+06
4.79354e+08
1.93145e+07
2.83384e+06
7.30595e+07
6.72183e+08
435593
554945
1.54498e+07
9.14513e+08
166406
424351
152107
3.06607e+07
2.73724e+08
2.61005e+07
7.98946e+06
1.65706e+08
2.3991e+07
2.88977e+06
1.07832e+08
1.02656e+08
4.36282e+06
2.30038e+07
2.21503e+08
3.0075e+06
3.2624e+06
4.53528e+08
5.43248e+07
1.73483e+09
7.5699e+08
9.6406e+08
1.07146e+07
262092
1.45714e+07
9.41318e+08
1.01087e+08
3.69659e+06
3.06583e+06
2.42712e+08
1.72212e+06
1.24959e+07
1.6235e+06
1.15559e+07
1.24025e+07
8.16048e+07
3.21723e+06
3.12336e+07
6.05229e+08
160480
6.24391e+08
1.39379e+08
3.21489e+08
1.81555e+06
6.5342e+06
1.15638e+09
4.91581e+08
1.71051e+08
1.50636e+08
6.06686e+07
1.0841e+06
155809
1.09153e+08
1.43206e+08
3.03331e+08
2.67168e+08
171853
3.21191e+09
436459
4.55867e+06
3.08381e+06
2.80948e+07
2.37648e+08
9.97988e+06
649044
118864
120510
300497
2.16738e+07
2.64821e+08
223930
8.80347e+07
192236
2.21214e+07
405010
5.77033e+07
2.03295e+08
4.37756e+06
9.17756e+08
5.36813e+07
119874
2.00007e+06
6.31425e+06
2.2747e+08
1.71604e+07
7.44138e+06
1.08727e+06
7.36102e+07
4.70364e+08
7.13493e+06
3.32708e+06
2.67439e+08
2.77467e+09
8.59689e+06
1.52952e+07
1.39792e+08
2.73682e+09
6.34733e+07
4.59721e+07
1.00494e+06
5.13424e+06
1.1969e+09
1.57231e+08
2.14662e+09
2.88989e+08
394774
3.71244e+06
1.32702e+09
5.67907e+06
1.14531e+09
1.14084e+08
6.34046e+06
3.79274e+08
1.99619e+06
4.40756e+09
3.90428e+08
1.08989e+08
1.05289e+09
3.76725e+07
4.30749e+08
9.98375e+07
356520
3.73871e+08
2.52825e+08
2.55912e+08
1.18168e+09
1.9968e+08
1.6233e+07
2.98553e+07
8.32789e+06
5.41715e+06
8.66808e+07
4.59376e+07
3.89715e+08
2.41836e+08
2.94865e+06
4.14074e+08
1.94346e+07
1.98628e+09
3.07915e+06
7.04576e+06
5.2496e+06
2.34969e+08
2.85435e+09
1.8764e+07
1.99089e+06
1.76744e+08
3.03285e+07
6.76796e+08
1.47188e+07
4.8652e+07
2.69239e+08
9.43198e+07
710126
8.40398e+08
1.70122e+08
7.3103e+06
2.13935e+08
2.55916e+07
3.91231e+08
250764
3.2577e+09
1.12598e+09
2.22191e+08
1.45756e+09
1.66037e+09
1.85194e+08
8.7909e+08
4.74236e+06
1.05972e+07
3.21218e+07
1.39706e+07
281095
2.76425e+08
1.88923e+06
3.08027e+06
1.8797e+07
7.36903e+06
2.01514e+09
5.37757e+08
4.39397e+06
3.25902e+09
3.49008e+07
5.23406e+07
8.89047e+08
9.52075e+07
3.12127e+09
1.50349e+08
2.34255e+08
2.3928e+09
2.76995e+07
2.35358e+09
4.86193e+08
3.26333e+09
4.89893e+07
5.47684e+08
5.14382e+06
8.2947e+08
3.2444e+09
4.58394e+08
4.73482e+08
2.02524e+06
5.84673e+06
7.16434e+08
2.50156e+08
1.04867e+09
3.77689e+08
2.65993e+06
9.39741e+07
1.32939e+08
3.26057e+08
1.37047e+09
1.85846e+08
6.68465e+08
1.0688e+07
3.73732e+07
2.0619e+07
1.95694e+06
111952
188488
5.4924e+08
5.72952e+06
4.20216e+08
1.91151e+09
2.11273e+07
203362
3.20148e+08
6.28672e+06
2.71759e+08
1.53567e+07
1.10752e+08
2.1764e+08
3.65565e+08
1.82528e+08
161721
1.11638e+08
1.12166e+08
6.55157e+08
1.3083e+08
2.93336e+08
8.63005e+07
1.60792e+07
3.08622e+08
6.25899e+07
2.33823e+08
2.29575e+08
1.92023e+09
9.0219e+08
1.17708e+06
1.77104e+08
98889.8
1.96485e+08
4.42646e+06
1.25341e+07
1.33151e+09
1.52749e+07
1.26127e+06
5.61696e+06
4.27098e+08
7.83246e+08
1.77799e+09
2.4765e+08
1.47845e+07
2.99734e+09
4.94299e+06
2.12223e+08
2.16844e+06
1.45697e+08
1.6188e+08
5.62928e+08
1.35852e+07
1.64027e+06
6.25027e+08
1.45443e+09
1.86579e+08
1.63299e+08
1.46253e+07
2.82504e+08
3.08627e+09
3.30036e+08
1.37066e+08
2.79954e+08
111538
1.02937e+09
399102
6.52825e+08
1.81965e+08
1.84206e+08
1.01677e+09
5.56535e+06
4.23249e+07
2.25794e+08
4.44076e+08
2.22477e+08
1.90818e+06
1.71835e+09
4.16152e+08
1.68471e+08
1.7238e+07
4.57031e+07
180017
4.12142e+07
7.90405e+06
1.81056e+08
9.39642e+08
1.40252e+06
681247
4.68688e+07
194401
3.15288e+08
1.21287e+09
6.53882e+08
4.8323e+08
96246.4
5.68807e+06
1.08655e+09
6.49533e+06
2.91494e+06
100167
2.14238e+06
7.50591e+07
9.89702e+06
6.25966e+08
1.19667e+08
3.82837e+07
979070
2.40203e+08
1.53765e+07
4.64038e+09
1.106e+08
2.37656e+08
3.39485e+06
1.78495e+06
2.97602e+08
1.27662e+07
5.80177e+07
1.01118e+08
1.63912e+07
3.7464e+08
5.11453e+07
1.02556e+08
1.18708e+08
2.13795e+07
4.75791e+08
3.31261e+07
2.51954e+08
2.65477e+07
2.14239e+08
5.18529e+08
1.10657e+08
1.3177e+09
2.61461e+08
5.15638e+08
9.49706e+08
1.19548e+08
5.8889e+08
6.65859e+07
1.74153e+07
3.76928e+09
2.33734e+08
4.9967e+07
3.33412e+06
6.72736e+06
8.06766e+07
9.89492e+08
4.62738e+08
1.52166e+08
4.87323e+06
303614
1.60149e+09
4.91278e+08
2.35365e+09
6.60771e+08
4.09615e+08
1.33281e+09
3.51885e+08
2.92859e+09
2.61243e+08
3.58933e+08
4.61892e+07
5.65595e+08
9.99806e+08
5.77287e+08
1.38436e+07
1.2162e+06
2.01968e+06
3.31486e+08
2.44342e+07
4.78737e+07
1.95974e+07
498680
3.79694e+07
263202
1.29107e+06
139747
4.43636e+06
2.68998e+07
2.14254e+08
1.86209e+06
2.34111e+08
1.93446e+06
1.91528e+06
488372
4.05581e+07
148611
2.0014e+08
5.64156e+06
1.30863e+08
1.56574e+08
5.6027e+08
9.6874e+06
3.01632e+07
1.72272e+07
7.32964e+07
1.70055e+08
2.08028e+08
9.19779e+08
4.91052e+08
5.09605e+08
2.02537e+07
1.66373e+07
6.21884e+08
5.76036e+08
1.40332e+07
3.09232e+06
1.23405e+07
3.12225e+06
4.95514e+08
4.77238e+08
2.01822e+07
237701
2.86238e+07
2.29757e+07
5.71364e+07
8.87443e+07
5.15251e+06
3.32791e+08
7.92876e+07
2.55991e+06
1.61805e+07
5.58387e+08
1.40889e+08
6.76778e+08
2.26764e+06
2.32682e+08
1.07608e+07
6.93752e+08
1.2101e+08
2.7397e+09
1.59251e+08
8.08906e+06
8.11078e+08
7.45792e+07
2.17802e+08
2.25855e+08
1.18666e+09
2.43905e+08
2.01602e+07
5.10869e+06
1.10054e+08
2.28017e+07
3.76748e+08
407461
3.75021e+09
1.4753e+08
2.25598e+08
8.48077e+06
8.70218e+06
1.18908e+06
4.26647e+08
1.04313e+08
3.90425e+08
2.23533e+08
7.6227e+08
3.26755e+08
4.31067e+07
2.60784e+09
4.31377e+07
1.3864e+06
5.25056e+08
4.3382e+07
4.69197e+08
3.32285e+08
9.77845e+08
7.42351e+06
5.8488e+06
1.59392e+08
6.886e+08
1.63667e+08
6.48697e+07
2.88959e+06
417477
6.94392e+08
6.93642e+08
2.69742e+08
5.53482e+08
1.97115e+08
1.06739e+08
1.52443e+08
2.88321e+08
2.30048e+06
485299
2.5982e+08
9.61874e+08
6.38247e+08
6.18382e+06
2.77806e+08
4.72972e+08
9.66147e+07
125522
9.00778e+07
4.24914e+07
190455
2.2955e+09
1.79704e+08
1.56403e+08
1.29533e+07
1.32659e+08
1.7473e+06
6.47449e+07
2.58327e+08
1.59517e+07
1.59158e+09
7.67775e+07
1.10196e+09
1.03395e+06
1.02284e+09
7.57765e+07
2.89549e+08
2.27568e+08
1.34408e+08
2.66407e+06
4.10304e+06
5.48005e+08
6.38646e+08
2.58725e+08
8.45322e+08
138091
2.54466e+07
2.86126e+07
4.90013e+06
7.41151e+07
5.20325e+08
2.91373e+09
1.43328e+08
2.33403e+09
5.00437e+07
8.14508e+08
1.89541e+08
4.09406e+07
2.23882e+07
1.8592e+06
1.21688e+09
1.00015e+09
1.21507e+08
4.28522e+08
3.54207e+07
1.44329e+07
3.38399e+07
2.69778e+07
5.3231e+08
7.06102e+07
3.41687e+09
2.93369e+09
6.13409e+06
2.47345e+09
1.43769e+06
2.17883e+09
4.6244e+07
1.12086e+08
1.21479e+08
1.10441e+09
2.55108e+08
1.00551e+09
9.28463e+08
1.27199e+08
1.27535e+07
1.48343e+08
1.94738e+06
1.40881e+08
4.64031e+08
2.32686e+07
2.95609e+08
4.65884e+07
7.02608e+06
7.70442e+06
6.17512e+07
1.06532e+08
1.10971e+08
3.60962e+07
5.54379e+06
4.82107e+07
6.44018e+07
1.65793e+08
1.28376e+09
1.10357e+07
5.33596e+07
3.26307e+06
2.23623e+07
4.8769e+08
2.69645e+09
5.35118e+07
6.06385e+08
5.04865e+07
3.17635e+07
1.41391e+06
2.91531e+07
9.64785e+08
7.60422e+06
7.3332e+08
5.94179e+08
6.3721e+06
2.03423e+06
1.6381e+08
2.30572e+08
9.95801e+07
1.63775e+08
4.28424e+07
8.52834e+07
6.10743e+08
1.99078e+08
3.16131e+08
2.65246e+07
258254
2.07046e+06
113911
5.60843e+08
5.21438e+06
2.20034e+08
4.37492e+07
7.58523e+07
1.415e+07
5.02148e+07
1.46202e+08
1.7872e+06
2.49914e+08
3.21875e+07
1.02385e+08
9.08519e+08
1.72847e+08
9.40308e+07
1.15071e+06
4.80373e+08
2.7928e+08
9.55892e+08
6.84141e+08
366942
122246
1.61279e+06
1.25438e+09
130198
2.85415e+06
6.28352e+08
125523
119853
9.74996e+07
4.52925e+06
153733
2.14792e+08
333724
3.14985e+06
5.88382e+07
4.89988e+08
4.80277e+08
8.13337e+07
3.48606e+09
2.63465e+08
2.67471e+07
139452
1.50542e+09
3.07952e+08
6.5255e+08
1.33957e+06
7.81893e+08
7.32752e+07
2.01387e+07
740026
1.62552e+07
1.80051e+08
9.04655e+07
2.27015e+09
114972
1.18135e+07
1.76405e+09
1.48033e+07
1.07603e+09
1.60324e+06
2.1033e+08
1.58565e+08
5.26942e+07
1.13918e+08
6.05561e+06
980756
4.12272e+08
3.2089e+08
1.43782e+07
4.91622e+08
4.52464e+08
4.66148e+08
5.06487e+06
167296
2.11176e+09
1.02784e+06
1.18419e+08
1.99002e+08
1.03766e+08
161412
8.00273e+06
1.07167e+06
1.2708e+06
3.88479e+06
1.60727e+08
1.24366e+06
6.83512e+08
131552
1.33912e+06
875881
4.08908e+08
4.77167e+08
203024
1.03863e+08
223351
1.16577e+08
1.27677e+06
1.32007e+09
7.42708e+07
644497
3.53287e+08
1.52445e+09
1.0095e+08
1.33236e+08
8.07257e+08
1.90103e+07
545149
2.41378e+09
174290
2.20449e+08
1.35605e+07
2.42183e+07
4.65914e+08
1.11277e+07
1.39093e+06
232823
2.35415e+08
156789
3.61284e+06
5.18746e+07
1.29014e+08
2.71765e+07
1.42126e+07
8.77228e+07
1.24284e+09
1.11904e+09
271316
9.90826e+08
1.38471e+09
2.77308e+07
3.49726e+07
6.46478e+08
6.32943e+08
4.50515e+08
3.99507e+08
2.9302e+06
1.01758e+09
5.11332e+07
7.25587e+06
3.64739e+08
3.74512e+07
1.13294e+07
6.15686e+07
1.52306e+08
1.14909e+08
163004
3.62248e+07
6.21021e+07
8.85901e+07
1.87366e+08
1.25971e+07
363733
1.82664e+06
1.99942e+09
1.16365e+08
8.42584e+07
4.09048e+07
5.91288e+08
3.39414e+07
6.90206e+08
1.92029e+07
6.35189e+07
2.9324e+08
2.47392e+08
4.95124e+07
6.13025e+08
2.06762e+09
4.42439e+09
5.55027e+06
1.00127e+06
101693
175578
2.66997e+08
1.8919e+09
1.92288e+06
455721
1.15753e+06
1.22426e+08
2.30885e+06
4.90642e+06
3.00949e+06
6.87526e+08
1.37236e+08
6.59261e+07
6.70776e+07
3.15994e+06
5.01465e+08
1.47351e+08
9.18621e+07
4.75066e+06
8.5815e+07
5.35177e+08
1.08224e+08
681225
8.30792e+06
2.61073e+08
7.98749e+06
3.3157e+08
195442
2.36975e+06
8.18053e+07
2.30217e+06
9.05899e+07
1.03618e+08
6.36415e+06
3.75757e+08
884075
2.8895e+08
6.28217e+08
7.62636e+06
2.55942e+08
2.60488e+08
3.24424e+08
1.77852e+08
1.7562e+08
3.54296e+07
5.60988e+08
1.00202e+09
3.71878e+08
1.53039e+06
1.33081e+06
1.1605e+09
6.81577e+07
2.41063e+08
6.57225e+07
8.4149e+07
1.13428e+08
2.05082e+07
1.12976e+06
2.09628e+06
6.03549e+08
4.22642e+06
2.57687e+07
6.88512e+07
1.87896e+08
4.57115e+07
4.31319e+07
2.00967e+08
3.36869e+08
1.70515e+08
4.29872e+07
2.08227e+06
7.16875e+08
1.90585e+07
3.30566e+09
753109
290172
1.09321e+06
4.75978e+08
2.80751e+08
7.17584e+07
1.43506e+07
4.29341e+07
5.99235e+06
7.95705e+06
3.16115e+08
2.72238e+07
1.32177e+08
1.08311e+09
5.75154e+06
2.98171e+07
454790
3.00407e+09
357370
4.20146e+08
1.50069e+08
2.29e+08
7.92524e+08
4.75019e+08
1.47475e+08
1.73091e+08
2.45797e+07
6.24376e+07
1.58267e+08
2.07535e+09
3.75146e+08
1.97376e+08
4.16841e+08
4.47086e+08
7.60978e+06
457806
3.56398e+07
2.42463e+07
2.53978e+08
2.83796e+06
7.09624e+07
1.24541e+08
134692
2.30074e+08
2.49029e+07
1.19751e+07
3.06351e+07
5.8134e+07
1.13174e+08
2.2664e+08
3.14087e+08
2.211e+08
1.23855e+08
1.64092e+08
3.41157e+08
3.5239e+07
3.54639e+08
5.59627e+07
1.03101e+09
1.45357e+07
1.93486e+08
7.95439e+07
6.25132e+08
7.53957e+06
6.02285e+07
4.60638e+07
3.25652e+08
1.57954e+08
1.13995e+07
1.49693e+07
2.70384e+08
2.62892e+08
9.41938e+07
1.17572e+06
1.5846e+07
6.45698e+07
2.98867e+08
1.01389e+08
9.8543e+08
772578
4.81646e+07
1.18054e+08
7.36735e+07
4.16429e+07
7.74898e+08
5.84707e+07
4.87504e+07
1.74842e+08
3.27341e+09
6.37376e+07
7.19244e+08
3.78488e+08
1.27194e+06
1.96273e+08
8.16774e+07
2.32492e+06
1.52495e+07
7.50332e+06
1.20107e+08
4.78729e+07
8.33283e+07
3.83258e+07
2.87717e+08
1.94349e+06
9.86986e+07
4.42787e+08
2.88856e+06
1.43681e+08
1.15289e+07
1.67881e+09
4.39249e+07
6.40567e+08
2.83566e+07
5.42688e+08
1.09801e+09
3.75704e+07
4.62172e+07
3.13015e+08
1.90758e+06
1.38184e+06
2.38173e+08
2.80484e+07
3.11459e+07
2.42624e+08
3.69993e+08
3.75898e+07
4.41994e+07
3.05644e+06
2.08772e+08
6.7174e+07
8.77171e+07
2.19967e+08
6.85454e+07
4.82752e+09
7.8539e+07
2.24617e+08
1.29679e+08
2.59475e+06
6.26654e+07
1.38329e+06
2.90408e+07
7.79299e+06
2.74097e+07
4.34647e+07
1.50868e+08
4.06239e+07
1.42915e+06
3.10578e+07
1.48951e+09
4.6261e+08
1.3485e+09
1.38241e+09
5.85752e+06
1.33784e+08
145409
3.57078e+06
149974
6.42836e+07
4.3489e+08
3.16573e+08
1.36114e+08
4.4249e+07
2.9048e+09
3.82912e+07
7.95263e+07
2.02024e+06
9.98141e+08
4.07385e+07
7.05768e+07
5.4315e+07
5.83194e+07
3.41838e+08
6.00916e+06
2.37196e+08
2.14673e+08
7.3822e+07
1.19016e+08
1.35856e+09
2.88916e+08
5.41231e+07
2.40298e+07
3.03255e+07
3.10786e+08
3.15343e+08
2.00594e+08
1.23843e+07
6.20248e+07
7.2075e+07
5.89619e+06
4.3224e+06
1.15755e+07
1.74858e+08
2.15097e+07
3.12928e+08
5.51668e+07
2.12534e+07
1.7711e+08
1.99595e+09
6.71001e+06
2.54646e+08
9.9609e+07
4.57182e+06
5.98086e+07
2.47559e+08
8.7357e+07
8.0638e+06
4.79843e+06
2.60269e+07
311385
1.34766e+09
2.02103e+07
2.89514e+08
5.13975e+07
1.11355e+08
1.91127e+06
8.00373e+07
1.34813e+08
5.96329e+08
4.36174e+08
8.90988e+07
1.70219e+07
143565
1.20508e+06
3.22795e+06
113312
4.99044e+08
4.77243e+07
7.9851e+08
3.62254e+08
3.50977e+07
1.67882e+06
5.30246e+08
4.52081e+07
1.02396e+08
1.62002e+07
1.96246e+08
2.63757e+07
5.27643e+08
3.09954e+08
1.61073e+07
2.10398e+07
1.76364e+08
2.46329e+08
3.43236e+07
2.39183e+09
5.71571e+07
1.01635e+08
3.24032e+07
1.72155e+08
3.04169e+08
2.06803e+08
7.79627e+08
5.30401e+07
9.87052e+07
6.48593e+07
9.74464e+07
4.12478e+07
1.07556e+07
1.19365e+08
4.02973e+07
5.88363e+08
1.14239e+07
1.02557e+08
6.37221e+08
8.0036e+07
2.13437e+08
1.50419e+09
7.97707e+08
4.67888e+07
2.68869e+08
3.0222e+08
1.72434e+08
4.63586e+08
2.39261e+08
2.83739e+08
3.14537e+07
5.48178e+06
2.23459e+08
1.16421e+06
1.02906e+08
3.63808e+08
4.94337e+07
4.06358e+09
8.83487e+07
4.01772e+08
4.52636e+07
5.10022e+07
6.75419e+07
4.7597e+08
7.07941e+07
5.9659e+07
2.6647e+08
3.93051e+08
5.46314e+07
4.36324e+06
9.58606e+08
1.64104e+08
5.08728e+07
1.39167e+08
1.31109e+08
4.17859e+08
149132
1.02167e+08
1.35122e+06
2.77114e+06
5.18669e+08
3.53805e+08
4.35071e+08
1.07769e+08
1.65763e+09
8.54533e+07
1.54893e+07
2.29529e+07
3.95657e+08
4.07044e+07
1.26389e+08
1.97008e+07
3.12198e+08
4.92469e+07
1.0603e+09
2.88937e+08
1.1931e+06
9.25649e+06
1.77246e+08
4.55328e+08
2.32164e+08
7.82168e+07
8.71783e+08
4.83189e+09
8.9061e+08
3.95039e+07
9.33733e+07
5.61002e+07
8.22312e+07
5.6616e+08
1.02566e+06
1.7334e+08
7.61014e+08
1.14255e+08
9.90851e+07
3.26676e+08
2.66303e+09
5.01733e+08
2.3174e+09
5.40215e+08
5.24654e+07
4.21212e+08
2.18545e+08
1.11736e+08
9.63902e+07
1.95382e+06
1.89187e+07
1.10558e+08
8.11202e+07
2.42416e+06
6.5026e+07
4.10173e+07
5.81576e+07
2.09965e+07
4.98436e+07
2.88772e+08
8.34808e+07
8.45613e+07
6.8931e+07
1.06883e+09
1.93942e+07
1.88957e+06
1.19735e+08
6.77559e+08
2.69981e+07
2.95769e+07
2.98305e+08
4.22355e+08
4.1035e+07
2.37582e+07
2.76378e+08
2.84928e+07
4.25267e+07
2.4527e+08
1.55741e+07
1.0102e+08
9.00434e+07
1.67114e+08
5.73741e+08
1.11523e+08
7.57778e+07
2.78454e+07
3.61583e+08
1.98573e+08
4.19189e+08
3.30584e+07
1.79601e+07
1.5507e+08
3.50681e+07
9.46805e+07
296575
1.29276e+08
2.57872e+08
1.09974e+08
7.05503e+07
2.30024e+09
8.73322e+07
2.77153e+07
3.65402e+07
7.59094e+08
1.16793e+08
9.22237e+07
4.26249e+09
4.00386e+08
4.18955e+08
4.35061e+09
2.5607e+07
5.16216e+07
2.351e+08
1.58903e+08
8.61091e+07
9.46586e+06
323899
1.71247e+08
6.13913e+07
4.55206e+08
8.91125e+07
5.0049e+07
9.26442e+06
2.47643e+07
223569
133654
3.50962e+07
291400
736924
345276
161684
191951
1.05312e+08
2.6249e+06
281566
6.06575e+06
372488
260678
191550
480972
150365
2.27299e+07
1.17408e+06
670897
407356
289605
256738
147510
133600
1.29045e+07
132120
2.60758e+07
551943
1.36476e+07
1.34939e+06
139769
6.1091e+06
630817
5.6952e+07
433740
106837
245764
2.67609e+06
1.4407e+06
9.83116e+06
195033
3.99083e+06
154573
2.51919e+06
293459
137657
1.53999e+07
197790
1.05843e+06
144588
2.35009e+06
681252
411449
867055
159304
185456
6.37245e+07
1.4459e+08
1.71182e+06
599014
470655
213532
630028
5.05656e+06
135508
5.1556e+06
1.1928e+08
466771
1.87778e+08
5.24646e+07
8.94583e+08
488239
3.74245e+08
1.94985e+08
2.21626e+08
8.01416e+07
2.12637e+08
8.56234e+07
625554
7.98994e+07
3.17715e+08
9.67142e+08
1.84721e+07
2.31501e+09
4.06478e+06
3.42456e+09
3.87926e+07
1.93003e+08
1.19011e+06
2.62238e+08
1.757e+06
7.32873e+08
1.05407e+08
7.84589e+06
1.12723e+09
2.87518e+06
1.89747e+08
2.06063e+08
98022.7
4.82732e+07
160469
3.41841e+07
2.76649e+06
9.1546e+07
4.8159e+08
2.82156e+08
2.55178e+08
2.13695e+08
1.13227e+08
1.54135e+08
1.72409e+08
3.08337e+06
2.49929e+06
1.03163e+09
6.23017e+08
3.29954e+08
4.74393e+07
7.02293e+07
3.17849e+06
2.9219e+07
4.13731e+07
4.89285e+08
5.98706e+08
3.13702e+06
1.93442e+09
1.13062e+08
6.96011e+07
9.79447e+07
2.22615e+08
1.56839e+08
2.53338e+08
1.35328e+06
1.61038e+09
1.83743e+09
4.70946e+07
3.29487e+08
5.6875e+07
1.01889e+08
3.46682e+08
5.33294e+06
2.48464e+08
4.4795e+07
2.58136e+07
6.10234e+08
2.09005e+07
4.33484e+07
9.91394e+07
3.1457e+09
4.22178e+08
1.88621e+06
1.55592e+06
5.38587e+07
5.93054e+07
4.66414e+06
6.0368e+07
3.95726e+07
3.22477e+08
5.36573e+08
2.21124e+08
5.38176e+07
7.78568e+07
5.34425e+07
8.70657e+07
1.1463e+08
3.71633e+07
3.58726e+07
2.8998e+08
1.37537e+07
4.32019e+07
5.13885e+07
6.26154e+07
6.34863e+07
3.15095e+08
2.27487e+08
1.19185e+08
1.07733e+08
1.97796e+07
4.62831e+08
1.68521e+06
1.37671e+08
5.8448e+07
6.55985e+09
3.08446e+07
8.08083e+07
4.18858e+08
1.7085e+06
4.77232e+08
6.98192e+07
7.46804e+07
1.15763e+08
4.20622e+08
3.15534e+07
3.77967e+08
3.3739e+07
1.00875e+09
2.01743e+06
2.06459e+07
3.81259e+06
1.98086e+07
1.58147e+07
2.99561e+08
7.06391e+08
5.93823e+07
4.26539e+07
1.44743e+08
1.69423e+07
4.67635e+06
4.43074e+07
2.40534e+08
2.42906e+08
1.15294e+06
2.99885e+08
6.0275e+06
3.28359e+07
1.46422e+08
3.86117e+06
4.90762e+07
3.739e+07
1.10539e+08
104731
1.83487e+08
2.15033e+07
161271
3.788e+08
121051
7.58737e+07
1.02412e+08
3.19659e+08
5.47134e+07
2.18333e+08
4.4044e+07
2.38324e+08
6.74849e+06
4.03808e+08
6.21359e+07
3.38901e+06
1.10634e+08
1.14067e+08
1.46841e+08
4.46838e+08
1.09559e+08
1.82169e+07
177818
383443
4.91997e+07
2.53674e+07
7.71175e+07
2.4114e+06
1.19005e+07
5.78064e+06
4.55747e+08
2.26757e+08
1.31078e+08
1.75187e+08
4.34797e+07
9.44333e+07
5.56459e+07
5.31541e+06
2.20254e+08
1.6239e+08
1.68413e+08
8.39246e+08
917810
1.36135e+08
1.99605e+09
1.49137e+07
6.36013e+07
3.32955e+07
1.03007e+07
1.13716e+09
1.02844e+08
1.56186e+08
1.53598e+07
5.59919e+06
2.29613e+08
7.18493e+09
6.10375e+07
8.41059e+06
1.0117e+09
899816
1.10646e+06
1.50121e+08
3.3269e+06
4.40248e+06
4.33629e+08
7.84996e+06
8.28909e+08
4.3972e+06
2.53728e+07
1.64937e+07
9.66557e+08
6.3147e+07
5.72389e+08
7.0287e+07
6.77442e+07
6.23189e+06
2.37684e+08
8.03286e+07
5.24308e+07
5.00972e+07
1.77342e+08
1.95987e+06
1.05436e+09
1.06873e+08
8.53484e+06
1.3503e+08
9.01524e+07
4.77385e+07
4.5979e+07
1.36021e+07
1.87375e+08
2.7392e+07
9.16318e+07
9.11862e+06
1.19292e+08
3.96389e+06
2.27462e+06
9.84163e+06
6.82516e+07
99225.5
4.81106e+07
112616
7.3217e+08
1.08771e+07
8.05801e+08
5.74305e+07
3.63444e+07
1.60597e+07
6.80826e+07
3.75899e+07
2.18983e+08
4.3286e+07
7.32286e+06
1.39777e+09
7.1886e+06
2.91204e+08
3.03602e+06
2.14166e+08
7.33037e+09
3.51247e+07
2.29663e+09
7.94123e+06
297598
2.50967e+08
5.8583e+07
9.20028e+06
746697
101408
2.3234e+08
3.82606e+07
2.4388e+08
2.33054e+08
2.07506e+08
1.75396e+08
3.87333e+09
9.73089e+07
9.12424e+07
6.73988e+07
4.52599e+07
1.2422e+08
5.99877e+07
2.26705e+07
1.07169e+08
3.09128e+06
3.04722e+06
1.04916e+08
6.94189e+07
6.83282e+07
4.96893e+07
8.70761e+07
6.93902e+08
1.31606e+07
1.62835e+06
1.10039e+08
7.28116e+06
6.2542e+07
2.89901e+09
1.34152e+08
2.41718e+08
2.42307e+09
3.70036e+07
1.527e+09
1.60868e+09
1.43585e+07
1.8557e+06
95304.3
7.35806e+06
175627
5.01011e+07
1.44057e+06
1.05759e+08
5.7707e+07
1.03794e+08
6.05771e+07
1.83302e+08
3.05753e+07
7.00076e+07
2.12688e+08
1.77056e+08
2.60254e+06
1.20405e+09
4.74041e+08
1.46015e+08
973723
102968
3.17569e+06
7.39751e+08
1.05233e+08
3.87623e+08
1.17593e+06
2.08442e+07
4.95941e+07
6.1219e+07
3.33415e+08
106157
7.17067e+06
3.69759e+07
1.87912e+07
1.29092e+09
140720
1.11436e+08
1.27888e+08
2.57245e+07
1.49747e+07
1.48376e+09
7.19799e+07
1.62021e+08
1.72e+06
5.20887e+06
1.66009e+08
6.57101e+07
2.15648e+08
5.48836e+06
1.12967e+06
1.78763e+08
2.14191e+07
8.06244e+07
96220.4
4.05292e+06
4.3909e+08
1.85899e+08
2.40565e+09
8.33135e+07
3.85841e+07
2.48467e+08
3.55617e+07
3.03215e+06
1.24351e+08
111169
9.24772e+07
1.38385e+08
9.20271e+07
2.97952e+06
2.42634e+08
3.08122e+07
4.50393e+07
6.03526e+08
4.60664e+08
4.06424e+07
8.60891e+06
3.05055e+07
2.07287e+08
2.65286e+06
1.25959e+09
1.11725e+08
3.54564e+07
7.82927e+06
2.20517e+07
1.24081e+07
3.37116e+07
1.43655e+07
3.2192e+06
9.11605e+06
1.23549e+06
7.02044e+06
5.23048e+08
2.44243e+07
1.10649e+06
1.4213e+09
2.67527e+06
3.94105e+07
1.70862e+07
2.16102e+09
4.33123e+08
9.35425e+07
972076
1.04099e+09
2.45149e+07
2.38628e+08
1.55091e+07
4.0717e+07
9.39902e+07
1.58146e+07
5.59979e+09
6.84317e+07
1.721e+08
4.16566e+09
280584
8.64705e+07
5.76828e+08
2.18136e+07
5.49181e+06
6.33117e+07
2.26773e+07
1.60601e+07
1.91656e+08
200389
2.67357e+08
1.49e+07
1.11642e+08
6.73225e+07
9.90077e+07
7.5748e+07
5.8784e+06
1.29119e+08
3.34661e+08
9.59383e+07
1.03879e+08
6.94633e+08
5.47916e+08
5.33655e+08
3.41285e+08
1.37971e+06
1.07428e+08
1.08085e+08
3.11596e+08
4.20296e+08
1.42528e+08
2.24798e+07
1.13504e+09
2.15083e+08
3.75268e+08
1.41996e+07
1.29719e+06
8.90437e+06
1.41935e+09
5.62984e+06
2.6969e+08
1.23162e+09
2.19648e+06
2.2861e+06
1.54363e+08
4.36231e+09
1.36543e+08
2.04287e+08
3.68269e+07
9.33866e+09
3.92959e+07
7.78339e+07
2.70548e+07
1.2871e+07
3.59533e+06
6.45066e+06
9.76134e+07
3.78958e+09
2.18716e+08
7.17429e+08
6.17159e+08
2.27974e+07
8.46229e+08
3.28522e+06
4.24408e+08
5.63458e+08
2.97663e+07
8.28234e+08
9.35652e+08
772680
4.92438e+08
6.13389e+07
1.16109e+06
3.77719e+06
1.74514e+07
1.0118e+08
591649
1.35423e+08
4.68286e+08
1.19539e+07
5.06956e+06
1.37648e+08
1.78546e+08
1.58693e+08
1.83945e+08
3.22869e+08
1.80563e+09
2.19648e+07
1.74469e+08
1.53436e+07
8.45154e+06
4.30046e+09
1.15564e+06
9.49504e+08
5.31825e+06
2.75985e+06
4.77815e+06
3.60543e+08
2.83594e+07
8.01892e+06
2.28433e+09
4.04584e+07
6.35567e+08
4.91858e+08
1.09092e+09
8.5768e+06
2.37451e+09
1.67703e+08
1.26846e+09
1.86352e+07
100115
4.38612e+08
1.86228e+08
2.09051e+08
5.01083e+07
1.62889e+08
1.76904e+06
3.40107e+08
7.36154e+08
9.26699e+07
1.71629e+09
2.04294e+06
5.36619e+07
1.40106e+08
4.93019e+07
1.16996e+07
3.5874e+07
4.39133e+06
4.44559e+08
147150
4.46357e+07
1.8423e+08
1.63755e+08
156483
1.37154e+09
5.6033e+06
3.09008e+06
1.8162e+08
2.35017e+07
305644
7.45805e+06
3.55835e+08
1.60687e+08
1.13838e+09
8.54079e+06
4.63976e+07
6.66177e+08
4.6972e+08
4.40902e+08
9.85042e+09
1.7505e+07
6.01922e+08
9.30995e+06
2.67428e+09
1.54512e+06
5.06904e+08
1.30178e+06
1.07692e+08
1.26292e+08
8.58191e+07
7.88174e+08
2.54385e+06
86845.5
2.33604e+08
6.9034e+07
4.01844e+07
2.08453e+08
471326
2.87521e+06
4.07367e+06
5.87337e+07
5.33727e+07
1.65714e+07
2.90764e+09
1.42768e+08
2.35356e+08
3.48194e+08
7.47387e+08
7.18894e+07
1.39363e+09
7.86424e+06
3.7712e+06
1.28609e+08
6.18091e+07
9.55827e+08
9.99774e+07
1.57441e+09
9.35264e+06
2.64981e+07
4.36352e+06
3.83067e+08
1.88247e+08
1.45136e+07
7.62705e+06
1.21738e+06
8.94783e+07
3.56638e+08
1.5934e+06
8.45602e+07
6.05002e+08
6.35577e+07
7.88881e+08
1.74181e+07
1.31816e+08
1.81561e+08
2.17161e+08
967827
5.60969e+08
4.38431e+07
1.80707e+08
5.49647e+06
5.23469e+08
1.0794e+08
7.7912e+07
4.95158e+06
2.00288e+09
8.56885e+08
8.41298e+07
6.01974e+08
6.01861e+07
6.86232e+07
7.73277e+08
5.35014e+06
2.94305e+09
4.52339e+07
2.12157e+08
2.39432e+08
9.59769e+07
1.6582e+09
9.91479e+07
1.31613e+07
1.43195e+09
4.94881e+08
2.15206e+08
4.08398e+07
6.31106e+07
2.68549e+06
9.55086e+08
3.50903e+08
4.25182e+08
981585
3.14427e+07
8.75046e+08
3.68118e+07
9.39993e+07
6.75153e+06
1.81314e+07
3.08486e+08
3.83385e+07
6.8788e+07
5.56714e+08
4.43154e+08
6.93926e+07
951325
5.06621e+07
5.0617e+07
1.31171e+09
130608
2.48656e+08
2.44404e+06
2.03077e+08
1.90144e+06
4.16435e+08
5.87485e+08
1.44133e+08
4.94789e+08
5.24957e+08
1.97165e+08
1.11751e+08
1.03197e+08
2.29157e+08
5.68746e+08
9.18715e+07
1.17113e+08
7.28598e+08
2.02979e+07
6.19565e+08
5.14806e+07
1.65697e+08
9.18949e+07
4.60949e+08
9.67167e+07
2.85932e+07
1.01129e+08
3.11984e+08
3.4628e+09
5.02457e+07
7.71805e+06
9.89506e+08
1.58529e+09
8.16054e+07
1.05298e+06
4.62202e+07
3.49498e+08
2.03767e+08
3.84544e+08
1.00916e+06
8.85838e+06
2.16877e+09
2.18819e+08
7.26225e+06
9.92649e+07
1.59511e+06
8.15267e+07
4.18751e+07
1.64874e+09
1.9227e+07
8.28039e+07
1.32196e+08
1.00321e+09
2.45359e+08
2.72346e+08
2.86738e+08
2.72089e+07
1.33683e+08
2.47121e+08
100088
3.5062e+08
1.09793e+08
2.24041e+08
6.80334e+07
3.15086e+08
2.93409e+07
9.95631e+07
1.0968e+07
8.12592e+08
137104
4.70207e+08
4.20516e+08
2.27814e+06
1.54335e+09
1.87796e+08
3.20523e+06
3.38936e+06
1.65403e+09
3.41457e+07
7.12654e+08
1.48079e+09
1.07828e+09
9.24367e+08
1.09221e+08
1.14027e+08
2.48241e+08
6.57689e+08
5.43133e+08
8.4016e+06
9.89257e+07
3.99054e+07
1.56132e+08
3.55325e+08
2.99091e+07
1.47809e+09
2.09742e+07
3.11328e+08
152463
1.06228e+07
2.39581e+09
6.82484e+08
2.07791e+06
1.94405e+08
1.66561e+07
4.03211e+07
4.37655e+09
2.00424e+08
8.52704e+06
1.22264e+07
1.13648e+07
8.54236e+07
5.55528e+07
2.31927e+08
2.34108e+06
1.62813e+09
2.50982e+09
6.81684e+08
2.52935e+08
2.09522e+08
2.18538e+08
159954
1.78832e+09
6.6435e+07
4.77369e+07
3.58534e+07
3.96431e+08
3.09654e+08
2.66126e+08
2.08132e+08
1.59189e+08
1.76675e+08
1.73914e+09
3.83049e+08
2.67864e+07
1.04343e+08
7.36108e+07
1.13977e+08
1.1776e+08
5.3204e+08
1.70491e+06
1.87094e+08
6.89052e+07
2.08395e+07
1.84502e+07
2.52613e+09
1.26657e+09
2.49848e+08
2.0832e+06
2.49815e+08
1.67908e+08
2.87848e+08
132532
4.29166e+08
5.64219e+07
2.74131e+06
2.62268e+08
9.41923e+08
1.21947e+08
1.89235e+06
1.44909e+09
8.9462e+07
6.22151e+08
1.82596e+08
4.03055e+07
1.12003e+08
7.03066e+06
2.42843e+07
1.85004e+08
2.10767e+08
6.02829e+07
3.55263e+07
1.91919e+08
9.60955e+06
1.97244e+07
1.00185e+09
8.57331e+06
1.56567e+08
8.56994e+08
5.06642e+06
3.87594e+08
3.00426e+08
102545
1.55386e+08
1.5425e+09
5.19551e+07
2.15798e+09
2.06186e+09
1.24636e+09
3.19543e+07
1.11108e+08
8.09933e+06
1.72213e+08
2.92436e+09
9.11768e+08
1.892e+08
3.18942e+08
4.53321e+07
9.47687e+07
1.52515e+08
2.21474e+08
8.19051e+07
2.1464e+08
2.0245e+07
1.50862e+09
2.29243e+08
1.72931e+08
125403
7.00016e+07
6.88634e+06
3.06946e+07
3.94323e+08
1.88904e+07
1.01756e+09
1.62458e+08
2.17449e+06
6.42265e+07
7.48306e+06
951047
1.39438e+08
7.42671e+07
1.65735e+08
3.27867e+07
160026
3.401e+07
1.87258e+06
6.70038e+06
1.90062e+07
8.85015e+07
6.84195e+07
3.50831e+08
1.95729e+08
2.52597e+09
1.23298e+09
6.82484e+07
1.50677e+08
1.10069e+08
8.70282e+07
4.75297e+08
1.0707e+08
210055
696067
688848
298616
228493
1.3451e+06
157960
203564
1.30921e+06
285815
291616
145912
6.10421e+06
403501
145501
185709
1.6598e+08
3.55716e+06
558694
503987
4.89706e+07
6.64669e+06
1.28828e+07
1.80669e+07
1.061e+07
6.71304e+08
1.77639e+08
1.41156e+09
1.44663e+08
5.16942e+06
1.63255e+07
1.35481e+08
2.00041e+08
1.8172e+09
1.32795e+08
1.4984e+08
2.41618e+06
1.36344e+08
1.33844e+09
9.31373e+06
9.02672e+07
5.96704e+08
82560.1
1.11556e+08
1.06575e+08
1.17649e+08
1.69605e+08
8.07267e+06
1.11413e+08
1.00306e+08
1.95381e+07
7.74794e+07
1.06348e+09
1.40786e+08
2.30022e+08
1.29056e+08
9.99836e+07
6.54838e+09
6.07352e+08
6.23783e+08
1.59008e+08
8.05151e+08
1.34774e+08
5.23989e+07
1.67073e+07
122505
5.54875e+06
1.01647e+08
1.47685e+06
1.12152e+08
9.10357e+07
2.92526e+08
4.67261e+07
1.60639e+08
2.26404e+07
8.34886e+06
9.96707e+08
9.46958e+07
98118.1
3.48023e+06
2.95987e+07
6.64103e+08
4.67613e+06
2.51497e+07
1.81904e+08
5.16535e+07
4.68817e+07
1.12682e+08
1.13743e+09
1.40569e+09
313591
1.51244e+09
8.10755e+07
2.9314e+06
6.37996e+07
4.81554e+06
87820.9
2.80835e+08
1.97284e+08
1.19493e+08
262684
1.10497e+08
4.79559e+09
1.19865e+08
5.57168e+07
8.36181e+07
5.50509e+06
9.75266e+07
3.82824e+08
7.32446e+07
1.25256e+07
1.5623e+08
6.05571e+07
1.20514e+06
1.60663e+08
5.7372e+07
1.03293e+07
1.30263e+08
1.55022e+08
3.71242e+07
1.64816e+06
8.25351e+07
3.08155e+08
1.93881e+07
7.85536e+07
1.41849e+08
1.30587e+06
8.83846e+07
3.13838e+08
5.36067e+08
8.72127e+07
4.0539e+07
9.49357e+07
5.61521e+08
1.00767e+08
1.22043e+08
1.4475e+08
7.3491e+06
4.33185e+08
9.16356e+07
6.62897e+08
3.51093e+08
1.52057e+08
5.88615e+07
2.51577e+09
3.79678e+07
9.70674e+07
1.25747e+07
1.00372e+06
9.96494e+06
2.80801e+07
6.8897e+07
134424
9.47393e+07
5.66161e+06
7.80925e+09
2.37698e+08
3.07489e+08
3.02957e+07
4.78223e+08
4.785e+07
3.80325e+07
3.3451e+08
1.0269e+09
4.18033e+07
231845
2.27138e+08
1.02135e+08
1.22881e+08
5.6848e+07
1.10503e+08
680322
4.78938e+07
3.15435e+06
1.26955e+07
8.20711e+06
174869
1.17172e+07
2.41272e+08
3.05594e+08
3.83693e+07
8.58984e+07
1.08647e+08
1.1778e+09
4.45799e+07
3.33556e+07
1.11742e+09
9.21238e+07
1.66552e+08
1.23431e+08
3.57427e+07
1.15099e+08
1.26344e+09
1.66319e+08
121318
1.79686e+09
1.36861e+06
8.91915e+06
1.1439e+08
3.11901e+06
2.05152e+08
123876
5.64054e+07
99043.5
7.73833e+07
845002
3.51308e+08
2.05461e+07
2.06855e+08
1.55963e+08
9.85158e+06
308846
6.76478e+07
1.81857e+07
135134
7.55291e+07
1.12104e+08
163252
2.98349e+08
2.789e+09
3.2936e+06
7.0711e+06
1.22182e+09
903636
2.11381e+09
2.08344e+07
5.21144e+06
3.17082e+07
1.59977e+06
1.72577e+08
7.5611e+07
7.44614e+06
6.36943e+07
7.60191e+06
3.39068e+07
3.37e+07
1.05893e+08
7.50659e+06
9.47646e+07
7.08642e+06
6.90014e+06
2.34509e+06
7.16634e+08
3.25988e+08
9.44772e+08
7.29335e+07
3.46292e+07
1.30184e+07
1.07991e+08
1.49221e+08
5.936e+07
6.39021e+07
6.88423e+07
1.52078e+09
86010.4
7.86291e+07
7.80841e+08
8.09576e+08
7.96661e+06
4.72945e+07
1.76758e+08
5.6229e+07
1.49305e+09
1.86319e+07
9.67409e+07
1.88232e+07
672889
1.02783e+09
6.01659e+09
5.02935e+07
3.19643e+06
1.21843e+08
1.632e+08
1.81848e+07
1.18963e+08
6.88636e+08
2.61123e+06
3.62156e+07
2.97474e+07
9.52318e+07
1.85438e+07
4.96008e+07
97785.7
7.51764e+07
4.83738e+07
2.14009e+07
7.30373e+07
3.08327e+08
1.03086e+08
3.23279e+08
5.18388e+07
1.34002e+09
267994
9.73971e+09
7.19155e+06
2.53066e+07
4.20525e+07
4.04857e+07
1.27311e+08
9.76178e+07
109682
1.24454e+08
1.52142e+06
5.54064e+07
8.00267e+06
1.0024e+08
5.6423e+07
6.63441e+08
1.33155e+08
4.3832e+07
9.78422e+06
8.08435e+07
6.21475e+07
4.47855e+07
6.76051e+07
2.51433e+07
1.13625e+09
1.78479e+09
8.08635e+06
3.02938e+08
7.49339e+07
9.88062e+06
4.9442e+07
2.31959e+08
4.07696e+08
4.70992e+07
4.48352e+07
8.44185e+07
1.53634e+08
1.19905e+07
8.00877e+06
2.58146e+09
5.86519e+06
2.06581e+07
9.96002e+07
1.12389e+07
1.08013e+08
4.86557e+07
3.60366e+08
8.44802e+07
4.48374e+07
2.43175e+09
3.95557e+08
9.5378e+07
3.78952e+07
4.80084e+07
2.21393e+08
4.88481e+08
1.11918e+06
2.39855e+07
4.73639e+07
5.69699e+07
1.02821e+07
2.81469e+07
3.01706e+06
632909
6.5724e+06
2.06094e+08
6.93765e+06
6.26417e+06
7.55337e+07
5.29592e+07
3.61628e+07
1.37914e+08
3.22305e+08
3.97183e+07
3.15287e+07
2.02391e+08
6.85397e+06
6.93507e+07
1.46985e+08
1.25316e+09
3.29391e+09
2.45134e+06
642566
6.17745e+08
9.56893e+07
7.889e+09
8.93826e+06
3.89743e+07
1.58869e+06
1.59499e+08
7.29324e+06
1.18859e+07
7.15664e+06
1.25483e+07
7.42966e+06
1.36997e+06
579832
1.30197e+07
187751
889390
6.07302e+08
1.3038e+09
1.855e+07
1.96732e+07
5.17858e+08
9.87398e+09
1.83258e+08
1.39564e+06
9.02322e+08
3.98791e+07
7.73126e+06
7.65665e+06
1.33049e+06
5.60734e+07
1.47261e+07
1.03632e+09
3.13412e+07
2.39532e+08
9.5289e+07
5.35367e+06
7.10821e+06
1.385e+07
1.58867e+08
6.7461e+07
1.31186e+08
2.64401e+08
1.01154e+07
1.81445e+08
8.21729e+06
2.16537e+08
4.5853e+07
8.84331e+08
8.95069e+06
2.98051e+08
6.05133e+06
7.79253e+08
6.75651e+06
1.20814e+08
1.89042e+08
4.07403e+07
2.67439e+07
1.43574e+08
4.27231e+07
1.04354e+09
2.4756e+09
5.03181e+07
1.12254e+07
2.00189e+09
6.45978e+06
1.2927e+09
1.32889e+07
1.06472e+08
1.41206e+08
2.35922e+07
1.27103e+08
1.06111e+08
3.0578e+06
5.71215e+06
1.59686e+08
6.85909e+07
7.17916e+06
5.87706e+07
138612
4.37885e+06
2.03637e+09
7.96075e+06
8.09554e+06
227710
823179
6.85516e+08
8.05327e+07
5.4718e+08
2.7202e+07
5.809e+06
1.00659e+07
1.89908e+09
3.31401e+07
189546
274892
1.55337e+09
241473
614967
1.29744e+06
147704
663546
5.82356e+06
475419
1.03475e+06
357939
153981
141411
181450
135075
187813
1.84696e+07
468134
1.02306e+07
456543
1.73139e+06
1.19174e+08
2.68113e+07
1.31604e+08
3.26037e+07
7.65109e+06
1.44872e+07
4.29417e+06
5.42354e+07
2.16684e+08
9.67746e+06
2.27178e+06
1.62392e+08
5.90008e+08
1.83567e+08
893338
2.26042e+08
1.02278e+09
5.43373e+07
5.73966e+09
5.46149e+08
9.27401e+07
3.13964e+08
1.92685e+07
3.27057e+08
5.52976e+07
1.59622e+07
6.45405e+07
1.3887e+08
4.89884e+08
9.19486e+06
3.76349e+08
2.66336e+07
6.28959e+07
1.03714e+07
878322
1.00626e+08
6.83884e+07
8.82686e+06
8.6016e+07
4.01711e+07
7.83322e+07
1.01549e+08
6.63109e+09
3.54175e+07
184184
2.31933e+07
1.44138e+08
6.46006e+08
275328
2.4461e+08
1.89126e+08
2.27354e+07
5.56192e+08
9.60191e+07
2.65329e+07
7.36092e+07
1.1352e+08
2.00927e+08
9.84751e+06
6.37456e+07
1.15992e+06
1.75527e+08
4.02503e+07
3.35282e+09
3.58132e+06
875245
9.70509e+06
1.52283e+06
1.20417e+08
1.56568e+07
293741
4.67784e+07
2.68599e+07
5.64977e+07
3.56108e+07
1.07399e+07
3.03654e+07
1.90057e+09
6.46096e+07
1.14606e+08
2.34557e+08
5.71954e+06
1.01455e+07
2.56748e+07
3.13377e+07
733633
813239
3.39514e+09
8.74026e+06
3.25232e+07
958599
6.24317e+09
1.59008e+06
1.09886e+08
3.80005e+06
5.40392e+06
1.357e+08
3.78997e+06
3.48461e+08
7.11337e+08
199840
661430
641878
284029
195904
224568
1.21778e+06
1.27039e+06
143276
268070
155101
399625
288460
5.85317e+06
141797
168642
3.20575e+08
536523
473467
3.39324e+06
1.73659e+08
8.95956e+06
1.60947e+07
1.42891e+07
1.15065e+07
277590
4.67905e+08
4.35996e+08
7.26328e+06
3.86476e+06
6.17545e+08
3.31914e+06
2.33959e+06
4.03341e+07
6.11172e+06
5.23926e+07
93726.6
2.40295e+08
1.03502e+08
5.38724e+06
1.23942e+08
1.10755e+07
8.45012e+06
2.62831e+09
6.30441e+06
2.69294e+06
1.64506e+08
4.52969e+07
7.69607e+07
1.74382e+09
2.10027e+07
1.11113e+08
963304
1.58154e+08
3.4231e+06
8.15903e+06
1.76762e+07
120392
5.34997e+06
207033
5.2519e+07
1.31118e+06
5.15528e+08
1.29891e+07
8.29654e+08
6.69927e+06
4.83324e+08
3.18198e+06
3.23046e+06
4.67772e+07
184370
1.90816e+08
2.26932e+09
7.16004e+06
1.03055e+06
708066
4.00172e+09
4.60937e+07
7.52973e+07
4.69842e+06
5.5565e+07
9.2812e+07
5.62545e+07
8.95359e+06
1.36584e+07
6.20246e+07
8.31403e+06
4.42941e+07
8.46456e+06
953870
6.60752e+07
4.26052e+07
6.26241e+07
2.4529e+08
4.18652e+08
4.04004e+06
1.3039e+08
1.21919e+07
96452.3
2.91778e+08
4.93597e+07
9.80367e+06
3.6315e+07
165442
1.36907e+07
1.03099e+07
8.47993e+07
4.66559e+06
4.35206e+08
92904.6
539058
8.47669e+06
110501
1.06308e+07
1.10135e+09
1.50933e+08
3.66229e+06
560932
1.08953e+07
1.0684e+08
1.31684e+07
2.59818e+08
3.52781e+07
3.49996e+07
2.11573e+09
137543
1.06438e+07
6.87398e+07
1.16888e+08
2.17476e+07
6.85455e+06
1.08102e+07
3.87063e+07
5.95406e+07
9.14156e+06
6.2363e+07
6.84033e+06
6.59372e+06
1.04166e+08
837900
8.1265e+07
8.99557e+06
4.5203e+06
1.03139e+07
1.46815e+06
1.95929e+08
3.06103e+09
6.40161e+06
1.10651e+07
1.92443e+06
8.93504e+06
5.23698e+06
2.64501e+08
1.19243e+08
887448
1.75922e+06
3.49453e+06
412734
8.56639e+06
3.34799e+07
2.1346e+08
94123.5
5.31246e+07
1.32911e+07
8.89142e+06
6.74442e+06
3.01049e+09
1.00795e+07
4.05599e+09
8.05697e+06
7.07777e+06
1.38444e+08
2.21922e+09
8.22477e+08
3.45617e+08
158696
9.33388e+06
2.35484e+08
3.81152e+07
1.57e+06
3.7604e+07
1.03462e+07
1.83687e+06
5.44977e+06
1.45313e+07
107588
3.58165e+07
9.35191e+06
4.11586e+07
1.36732e+08
7.77197e+08
1.36105e+09
2.96109e+09
8.45325e+06
194610
2.09962e+08
866957
2.13175e+07
3.36368e+06
2.70021e+08
5.98032e+06
2.05333e+06
1.21753e+09
1.60678e+08
4.40459e+09
7.38574e+07
1.26156e+06
7.30776e+06
868511
8.82075e+06
7.26243e+06
4.01296e+06
1.56898e+07
4.13793e+07
2.97346e+07
3.20941e+08
1.0515e+09
9.6877e+06
1.0817e+08
3.03967e+08
2.06267e+09
1.17177e+06
3.57412e+08
2.09574e+06
920423
2.43269e+07
2.57936e+08
145332
172109
96435.6
9.82577e+06
4.43116e+06
9.03402e+06
1.34139e+06
769102
6.06561e+06
7.10098e+06
8.01548e+06
1.07697e+07
1.84607e+08
1.53639e+07
7.40287e+06
2.31363e+08
1.91314e+06
9.08213e+06
1.01543e+08
6.23847e+06
8.64395e+08
2.72158e+08
5.46483e+06
1.67901e+07
1.34623e+08
1.82969e+08
1.8026e+08
6.94497e+08
6.43569e+06
6.1709e+08
2.31e+08
3.15335e+09
3.67232e+07
1.10777e+07
6.50865e+08
2.49292e+06
9.9698e+06
5.90981e+07
4.5632e+08
3.15005e+07
3.10324e+06
5.52526e+08
3.54907e+06
3.67823e+06
7.13211e+07
1.58398e+06
106349
9.9178e+08
2.51433e+08
3.27124e+06
5.6443e+06
1.04768e+07
3.5383e+08
1.07963e+08
850916
5.60728e+06
1.44142e+08
8.20657e+08
911269
1.03531e+06
8.48664e+07
1.09428e+07
8.14224e+07
1.64305e+08
1.01353e+09
8.98177e+06
5.2678e+07
4.63117e+07
7.61627e+08
2.23559e+07
951708
3.8395e+07
1.6882e+06
1.91856e+07
3.06825e+09
905177
1.87303e+07
2.6853e+07
963155
819468
1.87085e+07
6.47784e+07
1.02521e+07
174346
3.58176e+07
1.09833e+07
1.17444e+08
1.26209e+08
1.71285e+07
8.8498e+06
1.43532e+07
1.70241e+07
835519
1.55238e+08
1.20207e+07
7.48509e+08
1.81851e+08
1.8838e+08
4.84813e+08
1.31511e+08
9.19232e+06
584230
6.51426e+06
9.5896e+08
4.31526e+06
8.18057e+08
9.14789e+06
993285
2.69556e+06
3.36592e+06
2.45774e+06
5.47877e+08
9.95666e+08
6.13751e+07
3.57114e+08
1.04928e+07
6.7561e+07
1.29062e+08
5.54369e+06
3.39408e+07
4.03712e+08
6.51648e+06
9.72785e+06
1.1164e+09
1.31368e+08
1.06966e+08
7.66219e+06
6.56325e+06
2.06199e+08
1.94482e+08
1.53642e+07
3.56766e+07
8.92307e+07
1.20534e+08
7.1927e+06
110906
9.83377e+07
6.10208e+07
94429.3
8.64692e+06
2.18093e+07
1.84597e+06
2.45463e+08
3.13624e+08
6.91132e+06
6.72206e+06
3.27957e+08
8.09984e+06
3.77875e+08
4.17472e+07
1.14415e+07
6.10233e+06
617040
4.17736e+06
3.58693e+08
7.9336e+07
7.97187e+08
3.39836e+07
2.57581e+08
1.39858e+08
4.18663e+06
1.46502e+09
905456
7.81983e+07
5.72024e+06
8.83291e+06
1.68148e+07
4.58689e+08
7.17042e+06
1.47861e+08
4.03721e+09
874443
1.22813e+07
9.35685e+06
8.98235e+06
6.14473e+07
8.41226e+06
7.56543e+06
810373
9.55897e+07
5.41155e+06
100950
878036
4.22369e+06
1.08334e+07
3.17185e+07
108512
9.25006e+06
7.64031e+06
9.73131e+08
1.63151e+08
1.02195e+07
2.31595e+08
1.74429e+09
6.76383e+08
1.16552e+07
5.73455e+07
4.17662e+07
1.82794e+06
1.52825e+07
2.6097e+08
2.48815e+08
2.54739e+08
2.12711e+08
7.82486e+06
8.28803e+06
2.07883e+07
3.3508e+06
5.74679e+07
1.46628e+07
5.59063e+07
2.73488e+07
7.22285e+07
1.13654e+07
1.45253e+06
7.2398e+06
2.18423e+08
279516
644928
1.12037e+08
1.0849e+06
2.13671e+06
1.11855e+07
1.80055e+06
4.7065e+06
5.86978e+08
4.66071e+07
2.63507e+09
8.08744e+06
8.87989e+06
9.66489e+08
5.27208e+07
8.02437e+07
6.39483e+07
3.15143e+08
1.01827e+08
9.50105e+07
1.16963e+07
373056
3.78094e+06
9.54993e+06
8.29207e+06
4.32976e+07
1.15922e+08
114465
1.93878e+09
3.05809e+08
7.30767e+06
229218
3.25998e+07
1.84405e+07
6.9099e+07
7.3654e+06
111453
7.55475e+07
8.60805e+08
2.6711e+06
8.34091e+06
4.79653e+07
260198
2.8798e+08
821924
9.29093e+07
104392
7.2165e+07
2.14078e+07
3.22285e+06
6.65993e+06
1.50683e+07
9.89077e+06
7.09354e+06
4.61573e+09
7.09536e+07
1.08608e+07
1.0007e+07
2.48387e+06
1.99041e+07
1.14191e+06
1.25438e+09
3.57077e+06
1.3359e+08
6.81506e+07
1.50601e+06
297035
9.17193e+07
8.80781e+06
129075
9.88699e+08
217691
2.47225e+07
3.55264e+09
6.75676e+06
2.1823e+07
9.46394e+07
6.22286e+07
4.16001e+07
93006.1
1.69222e+08
7.4315e+07
1.00527e+07
3.95714e+06
7.15995e+06
1.85268e+07
1.61638e+08
1.07165e+06
502759
4.25355e+07
6.9769e+07
7.11347e+06
1.33262e+09
215984
187679
245253
1.11554e+07
4.98506e+07
886705
1.90747e+07
856755
2.34194e+06
4.14268e+07
2.30069e+08
1.87259e+07
1.16287e+08
5.19964e+06
6.63904e+06
2.1236e+08
591130
8.14431e+08
2.13342e+07
1.47388e+08
5.14055e+07
157026
3.3147e+06
1.94443e+07
5.78818e+06
651512
2.01349e+06
9.5088e+06
5.85544e+06
1.29558e+07
1.07513e+07
6.89054e+07
1.81544e+09
2.93374e+06
4.17272e+06
7.43828e+06
7.24248e+08
578990
5.07974e+06
1.9473e+08
7.46351e+07
3.68079e+06
1.43093e+07
9.74063e+06
4.9052e+07
1.37718e+08
119426
1.23995e+07
4.49827e+08
1.0561e+08
937000
1.1239e+07
4.88511e+07
3.98853e+06
1.13325e+07
8.19159e+06
5.62891e+07
7.42041e+06
1.34759e+08
154516
1.27513e+08
459775
4.30326e+06
9.72081e+06
6.21394e+06
1.33293e+08
1.27081e+08
7.44507e+06
3.75714e+08
4.64938e+06
1.17687e+09
223658
188213
1.29008e+07
7.57316e+07
9.96458e+07
6.31706e+08
4.75229e+07
2.90703e+09
1.17795e+06
7.05065e+06
1.11473e+07
4.71705e+08
368910
8.78177e+06
7.73316e+06
1.13177e+07
9.85009e+07
1.88361e+08
5.39817e+08
2.31868e+08
1.27927e+08
1.16112e+06
2.97913e+08
3.74133e+06
5.57703e+06
2.04994e+09
5.65971e+07
3.17517e+06
8.08161e+08
9.96843e+06
194680
8.40074e+06
186498
2.23509e+08
3.04982e+08
3.42194e+06
2.08135e+08
4.61373e+07
4.30591e+07
1.05617e+07
4.18333e+06
2.53403e+06
1.65543e+07
5.82691e+07
1.09293e+07
7.33155e+07
140137
4.04595e+07
1.50938e+08
1.03275e+08
3.61179e+06
565580
9.22674e+07
3.18091e+08
8.23421e+06
4.73658e+06
1.93585e+08
152179
3.83568e+06
4.62518e+06
8.9835e+06
1.52883e+07
7.30394e+06
6.48718e+06
2.81847e+08
4.98194e+09
3.81571e+06
5.52756e+06
6.74422e+06
2.92063e+06
1.02915e+06
5.04215e+07
1.07694e+07
173841
1.03659e+07
1.68964e+07
132540
2.29554e+07
7.78492e+06
148172
559080
2.01741e+06
143528
5.99351e+07
1.99254e+09
2.94077e+06
2.01236e+07
1.59166e+08
4.63366e+07
1.14281e+06
3.75415e+06
7.98609e+06
6.4181e+07
6.66818e+07
1.10567e+07
3.9423e+06
1.13213e+08
3.7815e+06
2.977e+08
6.39791e+07
1.57446e+07
4.03727e+06
3.69433e+06
9.29746e+07
1.37562e+08
3.76218e+06
3.41443e+07
7.53488e+07
9.99954e+06
1.20251e+08
9.51546e+06
4.95866e+08
3.34809e+08
1.18003e+08
1.50114e+08
252375
1.48558e+07
3.51576e+06
1.16604e+07
1.17855e+08
3.45442e+06
6.92803e+06
3.68584e+08
397522
6.65807e+06
3.9689e+07
259655
2.31874e+08
8.29883e+06
7.61333e+06
7.35688e+06
8.16777e+06
7.32087e+06
2.88967e+08
1.03325e+07
9.24893e+07
5.58431e+08
2.91549e+06
4.12441e+08
3.91494e+08
5.91945e+07
1.02804e+09
5.79758e+06
3.25385e+08
1.15841e+07
7.36643e+07
7.90908e+07
3.96737e+06
8.2642e+07
7.96964e+06
2.96056e+06
8.14885e+07
9.20306e+07
1.44147e+06
7.51036e+06
7.88811e+07
151769
1.13478e+06
2.89998e+08
1.39225e+07
1.09843e+07
2.29365e+08
1.40655e+07
2.84669e+06
349653
6.9029e+07
3.51979e+08
628334
2.98503e+08
1.72647e+07
1.68052e+07
136453
1.06854e+06
1.41748e+07
1.0134e+08
1.27178e+07
3.01976e+07
1.93748e+07
1.74678e+07
2.05443e+07
8.79292e+07
1.07252e+08
2.53135e+07
1.13891e+07
4.13634e+06
1.83105e+08
7.49754e+06
2.80781e+06
1.47259e+06
6.89797e+06
1.59595e+06
409811
1.86439e+07
4.01746e+07
8.07593e+06
2.5818e+08
8.7989e+06
1.49333e+07
1.96506e+08
3.47212e+08
1.98727e+07
1.0924e+07
6.04427e+06
1.02592e+07
1.66653e+08
1.03739e+09
7.90278e+06
1.56604e+07
8.4425e+07
4.00052e+06
1.26725e+07
7.17777e+06
5.16724e+06
7.97322e+06
5.81399e+07
5.40636e+08
7.56296e+08
7.48482e+07
2.38756e+08
1.58049e+08
3.92399e+06
2.00402e+07
1.68095e+07
1.03507e+07
1.23331e+08
5.78672e+07
4.08178e+06
9.33595e+08
990263
4.94972e+07
7.39423e+07
3.62524e+06
1.43851e+07
1.66185e+07
230973
1.02243e+07
7.359e+06
1.25636e+07
9.09363e+06
8.09914e+07
5.02208e+06
166473
7.98884e+06
1.18828e+07
7.73766e+08
5.18989e+07
9.55447e+06
2.14441e+08
1.00235e+06
2.09197e+08
1.83965e+07
3.84621e+07
413139
1.13697e+07
6.8015e+06
1.7457e+07
9.98227e+06
2.0607e+07
7.95311e+06
3.30333e+07
6.33246e+06
1.73028e+08
1.39334e+09
5.34268e+08
1.28568e+07
4.03541e+06
275805
1.52238e+07
6.2487e+06
3.65748e+09
1.00511e+08
150144
1.27054e+07
4.55712e+07
1.22319e+07
8.99047e+06
6.22086e+07
1.65131e+07
7.94517e+06
7.94746e+08
6.64612e+06
1.53526e+08
1.04666e+07
6.82422e+06
7.86191e+06
261098
3.46847e+08
1.34736e+07
1.0217e+09
9.12366e+07
6.24088e+06
3.89369e+06
4.77899e+08
4.70286e+06
5.88085e+06
2.44924e+08
1.46588e+08
4.70721e+07
7.34313e+06
4.07494e+06
6.08363e+06
6.58095e+06
7.18973e+06
445807
7.23748e+06
2.44963e+07
228321
108189
4.48052e+08
9.70733e+07
5.36071e+07
6.1106e+07
1.51787e+08
9.23606e+06
1.55778e+08
2.11627e+08
8.32044e+06
1.37382e+08
159385
2.19439e+08
2.63817e+06
6.1628e+06
5.84622e+06
4.16519e+08
7.0246e+07
7.16698e+06
3.71409e+08
5.97198e+07
5.54535e+08
1.4302e+09
1.71119e+07
7.56475e+06
1.44264e+07
5.33278e+07
8.1107e+07
9.68411e+06
7.59091e+06
8.56178e+06
7.02033e+06
1.00605e+08
1.42208e+07
1.96715e+07
6.04251e+06
6.59097e+06
1.45146e+09
5.78402e+06
3.59015e+06
5.78543e+06
2.88478e+08
5.93309e+06
223482
7.45983e+07
7.15248e+07
1.43691e+08
2.38715e+07
1.15686e+07
3.0051e+06
8.29448e+07
2.19024e+08
6.48019e+07
9.00135e+07
2.44778e+08
1.07205e+08
4.85357e+08
1.66851e+09
8.97851e+07
1.06692e+08
1.05489e+07
1.00931e+09
1.09285e+07
6.49371e+07
5.02519e+07
5.50646e+08
5.9129e+07
1.86746e+07
1.74714e+06
1.66341e+08
1.53223e+08
6.45036e+07
1.43404e+08
1.08463e+08
6.53349e+07
6.41474e+06
155181
5.88535e+06
7.99181e+06
6.66778e+07
1.91922e+07
116993
1.35127e+08
6.12762e+06
1.4177e+07
8.47744e+07
1.49925e+08
1.76985e+08
6.07223e+06
4.93542e+06
1.15328e+06
6.17788e+07
6.72238e+07
1.22694e+09
1.02055e+08
1.8748e+08
6.99535e+06
3.04201e+07
6.17481e+06
7.20755e+06
5.08642e+08
1.15749e+08
7.41262e+06
1.37447e+08
5.98015e+06
4.58606e+06
2.43004e+08
3.82237e+06
6.93615e+06
5.96957e+06
4.83336e+06
1.15112e+09
170659
1.91844e+08
4.46065e+06
3.88939e+06
2.7227e+08
1.23752e+08
1.07158e+08
8.15135e+06
6.11069e+06
7.16021e+07
8.07941e+07
7.96403e+07
6.4336e+07
1.12702e+08
1.50671e+07
5.9849e+06
4.80259e+06
4.69716e+06
4.82063e+06
113275
4.86547e+06
1.1765e+08
5.01096e+06
3.2514e+08
1.39043e+06
1.43156e+07
1.5022e+08
1.83123e+08
2.10235e+08
4.34886e+06
3.70302e+06
4.64364e+06
4.188e+06
1.12588e+08
1.8403e+08
4.97274e+06
3.06096e+08
4.7291e+06
4.76721e+06
4.76032e+06
5.01203e+06
6.93713e+07
7.2334e+07
1.84528e+09
3.97234e+06
8.07613e+08
1.82981e+08
1.47033e+07
5.40299e+08
1.30954e+08
6.35473e+06
1.01304e+07
7.83363e+06
4.84991e+08
4.87071e+06
4.31486e+06
7.83098e+07
7.71342e+06
1.10733e+08
6.20973e+06
1.91775e+09
2.15463e+08
8.90635e+06
1.32937e+08
7.04364e+06
132852
5.6878e+06
7.28515e+06
3.40487e+08
1.60664e+08
3.91259e+07
2.29262e+08
6.20463e+06
9.08722e+06
1.39116e+07
638062
2.49725e+07
1.33504e+08
8.2751e+07
6.36235e+07
5.0884e+06
8.21261e+06
2.48812e+08
9.85269e+07
220787
7.96467e+07
5.03402e+06
1.09993e+08
4.88447e+06
9.16937e+06
1.8772e+07
5.19077e+06
7.78264e+06
2.16655e+08
2.47471e+08
4.96133e+06
1.58747e+07
2.80878e+08
4.90202e+06
5.13226e+06
5.41045e+06
1.45517e+08
4.61832e+07
1.00591e+08
1.81796e+07
1.2398e+08
7.08609e+06
1.28748e+09
1.5606e+07
3.53645e+08
1.26705e+07
7.70728e+08
1.44283e+07
1.89561e+07
3.90415e+08
1.05872e+09
7.78462e+06
3.9587e+06
4.94316e+06
5.05988e+06
5.4509e+06
6.23656e+08
5.10231e+08
8.77487e+06
7.53694e+06
9.97908e+08
1.30279e+07
1.02514e+07
9.30644e+06
1.86095e+06
1.87238e+07
8.76793e+07
1.8479e+08
1.36885e+08
6.36011e+06
7.48275e+07
2.37035e+08
1.19121e+08
1.41727e+08
5.16658e+06
1.54721e+08
2.96004e+08
9.85725e+07
1.0053e+08
8.29304e+07
9.08436e+06
2.21704e+08
3.02246e+08
1.05046e+07
5.29584e+06
6.83868e+08
6.28815e+08
6.04364e+07
9.78998e+06
1.20226e+08
805442
343010
2.53427e+08
4.48929e+06
1.36661e+07
5.71338e+07
5.28174e+06
898746
1.41687e+07
1.31823e+09
7.17073e+06
1.06914e+08
1.40601e+08
368282
2.59808e+08
9.69524e+06
3.18914e+08
1.9576e+06
3.71367e+08
3.99343e+06
8.4952e+06
8.20675e+08
9.94665e+07
2.99265e+07
6.31813e+06
1.55527e+08
1.29563e+09
1.27127e+08
7.77494e+06
4.0772e+08
1.03613e+07
1.91161e+09
4.96589e+06
9.11678e+06
1.80542e+08
2.52121e+07
1.99135e+08
1.59961e+08
9.78258e+07
4.47028e+06
2.85529e+08
3.5466e+06
1.21095e+07
1.29508e+07
4.78505e+06
2.52055e+08
6.98698e+06
6.11973e+08
8.7133e+07
5.01095e+06
1.69565e+08
8.10166e+06
159594
6.32167e+07
3.62879e+07
9.36894e+06
2.34096e+08
4.1679e+06
1.04405e+07
8.05249e+06
5.01088e+06
3.07778e+08
9.67203e+06
5.77156e+08
1.42393e+08
8.32109e+06
1.56183e+08
4.28202e+06
1.54085e+08
5.60144e+06
1.22704e+07
3.72871e+07
1.48273e+06
1.59582e+08
1.14171e+07
3.67514e+08
1.289e+07
1.08027e+08
3.99715e+08
9.70794e+06
1.29618e+09
1.73951e+08
3.67812e+07
5.45532e+08
1.42168e+07
6.19862e+07
8.48488e+06
2.4798e+06
2.9262e+08
3.68724e+08
9.52985e+06
1.28369e+08
1.27275e+06
4.52114e+07
1.01864e+09
1.37843e+06
591650
5.52851e+08
165408
3.10962e+07
2.03272e+08
1.61696e+08
4.58757e+06
6.2224e+06
6.03097e+06
5.1894e+06
1.65329e+07
9.54133e+08
1.51601e+08
6.95545e+07
3.97039e+07
1.21586e+06
6.79711e+08
2.50381e+07
6.1758e+08
3.02934e+08
1.78009e+08
3.36713e+07
4.83544e+08
3.9936e+07
6.67307e+06
4.33598e+06
2.18485e+08
2.06044e+09
437429
8.95238e+06
3.66301e+06
3.6639e+07
1.18163e+08
1.51775e+07
3.96083e+07
1.32615e+07
6.3079e+07
6.8198e+06
4.89835e+07
192676
6.59025e+07
7.01829e+06
2.94256e+07
1.97421e+06
1.30025e+08
5.81698e+07
4.11496e+07
7.73751e+06
1.74692e+08
5.92983e+07
4.2052e+07
3.66675e+07
821672
854726
1.83077e+08
1.34332e+08
1.37253e+08
1.12344e+08
9.65631e+07
4.64905e+07
5.18289e+07
5.5806e+06
7.57619e+06
7.79524e+07
8.04147e+06
2.6267e+08
8.83519e+06
7.91378e+09
1.62596e+08
9.05509e+07
9.81047e+06
9.9844e+06
1.34433e+07
8.59975e+06
154452
182167
4.59499e+06
1.93544e+08
1.30487e+07
3.62243e+07
1.76275e+08
3.69969e+07
2.24114e+07
526687
154177
1.87824e+06
3.38738e+08
1.62655e+08
9.40343e+06
3.43066e+08
2.47525e+07
158769
1.37064e+07
550462
1.25316e+07
2.64077e+08
1.64325e+08
6.283e+07
3.10063e+08
5.80527e+06
247646
5.28287e+07
5.15904e+06
1.10674e+08
8.2244e+07
114573
3.66594e+06
5.35342e+06
6.15674e+06
4.59195e+07
2.31778e+09
2.08856e+09
2.79475e+07
1.78504e+08
4.87981e+06
1.18732e+08
7.04116e+06
3.8257e+07
8.3026e+07
1.07385e+08
4.18805e+06
8.76597e+07
4.05378e+08
1.30265e+08
6.74836e+07
1.16972e+09
4.81094e+07
1.13564e+07
257791
7.39715e+07
2.45834e+08
5.90192e+06
3.05819e+07
5.76319e+06
5.83566e+06
1.05277e+07
2.48777e+07
4.28968e+08
5.95227e+07
9.67103e+07
9.49237e+06
2.15594e+06
1.54577e+07
8.73353e+06
5.66065e+06
5.96245e+07
2.92502e+07
3.5669e+07
8.79433e+07
1.26933e+07
363192
3.07276e+07
3.54422e+07
7.86662e+07
7.77784e+06
1.07246e+07
2.69817e+08
110876
3.75732e+06
9.27986e+07
4.27228e+08
2.04782e+08
1.32434e+08
8.21003e+07
1.42473e+08
5.92162e+06
7.64467e+08
5.67357e+07
785567
8.56274e+07
1.1149e+08
2.45132e+09
5.9541e+06
7.01301e+06
1.70069e+06
5.97289e+07
6.47406e+07
3.67748e+07
5.03064e+06
1.33253e+07
5.37152e+08
1.41299e+08
2.33277e+08
6.10858e+06
3.3331e+07
1.29993e+07
1.10954e+08
3.62775e+08
7.16189e+06
1.33407e+07
1.35823e+08
7.91623e+06
160639
6.49408e+07
4.54852e+08
7.23339e+07
4.00737e+07
1.29693e+08
1.91853e+08
9.49722e+07
5.11024e+06
7.06551e+08
6.56023e+07
8.469e+07
1.42629e+07
4.9817e+07
4.43599e+07
3.92873e+08
5.65403e+06
380456
3.54366e+07
6.66563e+06
2.65614e+06
5.76843e+07
8.04601e+08
705117
4.2549e+06
1.75348e+08
3.50475e+07
4.29931e+07
345065
112309
3.79132e+06
4.53101e+07
1.1392e+08
6.14533e+08
2.04779e+08
5.87004e+06
4.54123e+07
1.76574e+08
3.22696e+07
4.87444e+07
5.46628e+06
1.7309e+07
5.3576e+06
6.27233e+07
2.27927e+08
1.05635e+09
8.33606e+08
1.60521e+06
4.15531e+07
8.00758e+08
2.92397e+09
6.49262e+06
5.57657e+07
4.78424e+08
7.79274e+07
4.88403e+06
1.47858e+07
1.21747e+07
6.58511e+06
8.58255e+08
9.10634e+06
118057
7.36618e+07
2.9439e+08
5.23089e+06
6.46218e+08
5.4695e+06
848062
171386
5.62882e+06
1.2076e+07
7.63736e+06
5.16989e+08
5.65568e+06
305683
8.68091e+06
429719
5.96721e+06
6.12947e+06
9.46148e+06
4.44103e+07
1.0774e+06
3.979e+07
2.46946e+08
217896
1.31214e+07
6.31181e+07
5.84591e+07
9.15199e+08
1.00801e+07
5.49394e+06
1.80623e+08
4.87427e+06
1.34867e+08
1.94425e+07
1.4059e+07
1.25872e+08
5.83226e+06
2.90245e+07
5.14107e+07
5.45285e+06
5.15536e+06
5.13314e+07
5.39519e+06
4.16245e+06
6.0872e+06
1.36389e+08
3.5709e+06
640218
6.80396e+07
1.60412e+08
3.2969e+07
1.05483e+08
3.798e+06
7.73713e+07
4.65039e+06
1.32688e+07
5.69088e+07
2.87807e+09
7.34864e+07
3.80129e+07
3.34259e+06
1.76223e+08
1.14221e+08
1.71225e+08
1.32848e+07
1.32757e+07
7.33421e+08
5.76133e+06
2.17575e+06
5.60134e+06
4.8692e+08
5.68818e+06
7.75941e+07
5.12917e+06
8.20409e+07
191062
1.33092e+08
5.91996e+07
7.76393e+07
5.28398e+06
2.18435e+07
6.83939e+06
9.42796e+07
1.03199e+08
1.6972e+08
6.08498e+06
5.88921e+06
1.4817e+08
2.41377e+08
1.03072e+08
8.7028e+07
1.0799e+08
6.73391e+07
9.26022e+07
5.73244e+06
8.73308e+07
5.88452e+07
1.67076e+08
1.7891e+08
2.90229e+07
9.62034e+07
261856
1.02287e+09
1.77348e+08
2.60533e+09
1.0617e+08
5.23678e+08
2.00612e+08
4.52204e+08
1.13431e+08
1.31959e+07
585579
5.04034e+06
1.15371e+08
4.77387e+08
7.08146e+07
189250
2.67564e+06
9.89657e+07
9.8793e+07
5.54116e+07
1.32453e+08
9.29842e+06
6.34257e+06
1.3061e+07
1.24749e+08
1.21767e+08
6.32818e+06
9.95599e+06
1.23654e+09
5.77201e+08
449554
8.78671e+06
5.87781e+06
1.76498e+09
6.45833e+06
1.34216e+06
5.8203e+08
8.93648e+06
1.0722e+06
1.25173e+08
1.51851e+08
3.4449e+07
5.2499e+07
8.69037e+08
1.87747e+08
1.52563e+07
3.96074e+06
5.22532e+06
96529.4
9.51067e+06
1.28839e+06
1.19152e+08
2.44234e+08
1.15723e+08
1.21111e+08
1.00311e+09
4.33543e+07
1.98558e+08
871997
2.10191e+08
1.28592e+07
3.0749e+07
1.13378e+09
2.58992e+07
6.73774e+06
4.24857e+06
2.27569e+08
2.17664e+08
1.36592e+08
1.20599e+08
2.05783e+08
4.33153e+08
1.76653e+06
4.01502e+07
8.87036e+06
1.36778e+07
5.79048e+07
6.15826e+06
3.11264e+08
9.84694e+07
342359
3.1667e+08
1.41626e+08
8.98951e+06
1.93488e+08
1.38478e+09
5.96825e+06
8.30231e+07
293458
4.12929e+07
9.2301e+07
1.53887e+08
1.38906e+07
9.47846e+08
4.05384e+08
4.96697e+08
2.09045e+06
282779
1.07976e+07
2.95262e+06
2.44882e+07
3.24369e+07
1.32826e+09
4.44853e+07
1.19334e+08
1.29706e+09
1.88686e+08
7.41278e+07
1.68283e+08
2.93967e+08
1.5172e+06
1.14772e+08
1.31435e+07
4.71209e+06
1.04575e+07
5.56195e+07
5.30568e+06
4.80055e+06
2.26169e+08
1.52981e+06
3.78041e+07
231720
1.26428e+07
3.69056e+08
9.79555e+07
199697
6.72141e+07
346317
5.6622e+06
175864
1.83603e+08
7.54417e+06
1.04551e+08
6.74207e+06
8.40244e+06
5.59275e+07
3.44359e+08
5.04396e+06
6.00437e+07
1.27777e+07
6.38561e+06
1.50515e+08
5.72482e+07
7.14467e+07
1.32292e+08
1.39772e+06
7.49975e+06
7.26539e+06
442399
5.64815e+08
1.68332e+06
4.32556e+09
6.85842e+08
4.3706e+08
140353
6.74734e+06
2.76722e+09
1.90145e+08
5.68357e+06
105792
4.47964e+08
1.62527e+07
1.10372e+07
4.41214e+07
141752
6.58721e+07
1.13241e+06
8.4783e+07
9.03379e+07
3.94351e+07
7.08082e+06
1.58081e+08
9.43348e+07
5.67016e+07
5.81054e+08
1.89508e+08
1.89564e+06
5.99692e+08
2.33837e+08
8.40999e+06
6.50502e+08
3.22285e+08
6.55733e+06
124189
87282.5
1.37462e+08
1.19169e+08
5.91566e+06
7.51404e+06
6.15487e+09
1.41854e+08
112871
3.05645e+08
1.03575e+08
1.04435e+08
9.48117e+08
5.37184e+07
9.0195e+07
7.30172e+07
1.30799e+08
2.37397e+08
3.32071e+09
1.32211e+06
492995
798454
5.66174e+07
8.93747e+07
4.51244e+08
2.85864e+08
1.23264e+08
1.28008e+08
8.53548e+06
2.02245e+08
3.1538e+08
5.57188e+08
8.29727e+07
5.69156e+06
1.05995e+08
186679
1.89592e+06
2.15293e+08
4.81234e+07
2.10547e+07
6.57874e+08
1.84797e+08
106542
8.96944e+07
1.25302e+09
965820
8.91587e+07
1.52437e+08
2.16439e+08
6.30355e+09
1.18622e+07
1.09103e+08
1.12738e+06
4.93677e+06
6.16151e+07
4.98265e+06
4.3038e+07
4.75235e+06
2.24687e+08
4.74252e+06
2.18335e+07
1.84048e+08
8.84321e+08
7.55705e+08
1.07455e+09
6.93827e+08
5.67904e+06
158269
3.75447e+06
1.53642e+06
417730
4.61821e+06
1.02755e+06
1.30749e+07
6.11269e+06
2.01672e+06
5.96374e+07
7.90493e+08
3.98333e+08
2.53255e+08
4.70109e+08
373052
9.4239e+06
2.61961e+07
124940
4.03283e+07
2.67165e+08
3.16323e+07
4.31553e+08
6.41873e+07
5.5241e+06
2.10387e+07
4.81191e+07
1.62788e+07
2.49288e+07
2.13347e+08
7.51695e+07
1.08617e+08
2.48106e+08
5.21787e+07
6.87624e+06
5.16461e+07
7.09322e+08
2.2354e+07
139049
2.20564e+08
2.51398e+08
5.96039e+06
758713
8.34385e+06
1.77971e+08
5.8937e+08
5.20965e+06
9.68596e+07
1.68469e+07
8.11455e+07
1.63284e+08
1.81785e+07
6.19082e+06
6.04469e+06
5.3906e+06
3.94449e+08
3.27373e+08
1.25117e+08
643365
2.35665e+08
5.09961e+06
5.47755e+06
9.54608e+07
3.26567e+08
9.87994e+09
5.27548e+08
4.7127e+07
1.15028e+09
3.39137e+09
1.69286e+07
7.82043e+06
712830
1.62898e+06
1.99842e+06
4.58728e+08
1.87101e+09
8.10803e+08
1.13405e+06
1.44022e+08
3.18742e+07
6.12961e+08
1.84192e+09
6.8691e+06
4.66549e+08
2.22925e+08
4.58246e+08
5.09206e+06
1.07371e+09
4.94648e+07
2.35386e+08
2.34502e+09
5.15523e+08
1.11526e+08
5.68594e+06
3.68597e+08
8.00148e+08
9.15611e+06
6.42758e+08
3.14716e+06
4.47643e+09
6.08324e+06
1.56509e+09
112951
1.23193e+08
5.9566e+08
4.5719e+08
1.30608e+08
5.67385e+06
285788
2.11621e+09
1.97284e+08
2.61774e+07
3.39228e+06
7.67174e+06
2.50246e+08
2.36186e+09
4.38003e+09
8.67375e+06
9.68014e+06
2.63857e+07
2.19057e+09
5.00077e+06
536005
4.45483e+07
7.41626e+06
1.62471e+09
1.28708e+08
987980
1.24368e+08
1.33623e+07
8.08221e+08
5.42881e+06
5.94294e+08
2.09609e+08
6.24632e+07
1.09625e+07
2.95239e+06
4.75269e+07
5.58951e+06
2.66025e+09
4.44804e+06
8.584e+06
7.25664e+08
1.81131e+08
387849
9.37878e+07
1.23356e+08
5.12531e+06
686566
5.04827e+08
2.97409e+08
155756
120758
6.92321e+08
3.28449e+09
7.93147e+06
239343
4.95553e+08
1.02946e+09
3.00106e+08
1.41192e+09
1.6808e+09
1.0828e+09
309742
3.28543e+07
4.82294e+08
4.05925e+07
166539
6.27074e+06
1.58639e+08
5.36519e+06
3.23651e+08
5.57884e+08
1.48687e+06
2.09973e+09
5.7328e+06
4.48139e+07
5.69587e+06
5.82199e+08
2.61475e+07
3.58967e+08
2.1503e+07
2.07409e+08
7.99464e+07
1.94183e+08
3.27112e+08
117427
1.00884e+08
4.06685e+08
6.15343e+06
2.37383e+09
4.81187e+08
252313
5.01905e+06
7.24563e+07
2.50273e+08
1.3428e+08
8.341e+08
3.06196e+07
3.57264e+07
110963
8.12756e+06
3.23451e+08
2.21854e+08
7.43932e+06
1.58836e+07
2.34821e+08
322600
4.63432e+08
6.30092e+07
231050
1.15674e+07
1.87805e+09
4.79774e+08
2.20769e+08
5.99064e+06
1.23012e+07
2.12619e+09
7.6665e+06
5.11997e+08
3.08999e+09
3.02384e+09
5.84494e+07
1.87666e+08
4.18973e+07
9.11442e+08
2.73453e+08
5.25101e+08
5.72701e+06
3.39079e+08
1.91313e+08
1.46576e+07
1.52347e+09
6.83554e+07
1.39322e+09
1.42894e+09
111350
1.14172e+07
3.74457e+07
6.1294e+07
3.51918e+08
705320
6.37134e+08
1.31473e+09
113688
4.44853e+06
1.13082e+06
4.14525e+07
6.13073e+08
201389
1.88727e+08
1.19719e+08
9.43703e+06
3.89124e+09
3.20815e+08
2.11128e+08
843099
1.84627e+08
3.30158e+08
1.47885e+08
1.55869e+08
547429
129310
1.55351e+09
3.07724e+08
4.01875e+08
3.29412e+08
6.31981e+06
5.74353e+07
4.44102e+08
1.06898e+09
7.04205e+06
4.03243e+09
2.60761e+08
2.97424e+09
3.1507e+08
7.63068e+06
6.03552e+06
3.68582e+08
6.98948e+06
3.36248e+08
6.94307e+06
4.11504e+07
2.4969e+08
178578
5.23284e+08
5.53985e+06
226558
8.83621e+06
1.93253e+08
3.05292e+09
2.56351e+06
3.61086e+08
8.97181e+08
6.9957e+08
5.27419e+09
4.8541e+07
833755
1.07139e+07
6.17232e+07
1.02346e+07
4.18632e+07
8.09921e+08
1.8295e+06
6.13145e+06
6.01681e+06
4.08618e+07
5.03947e+08
382427
3.01417e+08
164864
5.82481e+07
4.92954e+08
5.44633e+06
284996
3.4405e+08
3.98269e+08
823574
7.36823e+07
9.5321e+07
6.52085e+06
1.57681e+09
2.84456e+07
5.12986e+06
7.55738e+07
8.22041e+06
4.60944e+06
3.2093e+07
117400
3.08034e+08
1.02604e+09
6.67821e+08
4.58482e+09
6.62761e+07
100021
157407
2.02338e+07
1.71384e+07
4.76181e+08
1.09719e+10
5.55804e+06
5.31835e+06
3.74001e+08
8.79735e+07
2.14375e+06
1.03634e+08
4.94495e+06
6.92547e+09
3.29479e+08
1.11976e+06
3.11276e+08
5.7477e+07
2.74779e+09
1.04461e+06
2.49612e+07
5.681e+06
3.37029e+07
9.6731e+07
9.59395e+07
3.82698e+08
3.51418e+08
651311
288348
4.04473e+07
1.03665e+06
2.87654e+06
1.12853e+06
5.67918e+06
1.54002e+09
9.5386e+08
1.40163e+08
5.5861e+06
2.34354e+09
3.4389e+07
320687
6.57722e+08
4.53408e+08
5.90245e+08
6.86415e+07
5.29985e+06
3.94924e+08
4.09077e+08
121804
249724
3.09761e+08
5.34235e+07
2.05853e+08
4.81133e+08
5.31939e+07
5.2248e+08
159292
4.70734e+06
3.75707e+09
1.31872e+06
188144
3.80514e+08
2.88178e+09
4.42156e+07
118939
9.78846e+07
9.78679e+07
6.61165e+06
3.55029e+07
3.38074e+07
168384
7.33735e+07
9.84887e+07
4.60805e+09
214014
7.85662e+07
1.38047e+07
3.74074e+08
4.1212e+08
1.1655e+06
7.77296e+07
1.22883e+08
3.89482e+08
1.94389e+06
1.53715e+09
9.98437e+07
1.53171e+06
2.53618e+06
1.01358e+08
5.3062e+07
2.68748e+07
9.23408e+08
2.79903e+08
3.46351e+08
1.68157e+08
1.66366e+08
1.23062e+08
183371
7.79752e+07
3.11926e+09
4.80433e+08
2.00199e+09
1.37116e+08
7.8954e+07
1.42399e+07
8.504e+08
3.91605e+06
1.54707e+06
2.82671e+09
6.52501e+06
966817
2.26696e+09
4.90712e+08
1.05801e+09
8.23511e+06
1.2751e+08
3.46735e+07
7.6411e+06
1.90738e+06
7.88e+07
4.75321e+08
1.13923e+09
8.93634e+07
3.33871e+09
7.1831e+07
1.4825e+07
1.24592e+08
5.2895e+08
256226
6.32637e+06
6.04659e+06
5.63164e+08
1.23486e+09
5.94515e+09
5.43492e+07
1.039e+08
1.19107e+08
7.2622e+08
745190
7.66876e+06
7.73785e+08
5.79254e+08
6.08142e+07
8.39311e+07
578082
7.40299e+06
2.77947e+06
7.24767e+06
4.38668e+06
157373
7.78804e+09
3.12056e+08
119742
1.20513e+08
7.80729e+08
2.13058e+08
5.78207e+06
6.42584e+06
4.25072e+08
1.59012e+09
1.10209e+08
3.00091e+07
5.22293e+08
4.49795e+07
6.00463e+07
114442
7.215e+08
6.15178e+06
2.46989e+09
5.23732e+06
314820
7.36867e+08
2.19549e+06
1.86293e+08
1.0197e+07
7.92518e+07
2.75918e+06
6.74641e+07
1.16519e+08
8.11299e+07
5.22649e+08
889826
6.37815e+08
6.87465e+08
1.33892e+06
2.81734e+09
1.33909e+07
1.56804e+07
1.11676e+09
4.99431e+06
5.68614e+06
3.40275e+08
1.31554e+09
3.57649e+06
1.03356e+06
1.12335e+09
4.80041e+07
7.63105e+07
8.23324e+08
145189
6.15608e+08
6.84816e+08
3.35685e+08
7.51479e+07
9.73336e+09
9.07034e+08
1.86571e+06
3.66987e+08
3.18439e+06
4.3421e+07
2.00271e+09
3.25467e+08
3.42666e+08
4.8974e+08
8.45774e+06
5.98964e+08
5.24839e+07
1.06529e+08
5.1199e+07
3.02075e+08
5.85568e+06
5.58526e+07
5.48493e+07
1.3227e+06
2.5179e+07
2.14674e+08
5.60902e+08
4.93952e+07
2.03845e+07
6.63585e+08
1.24327e+08
2.1612e+07
5.89548e+06
1.51788e+07
3.34778e+07
9.39921e+07
3.13963e+07
6.06574e+06
2.17196e+07
3.41793e+08
8.8493e+08
297557
1.7962e+07
9.45065e+07
4.85812e+07
1.38359e+08
2.04472e+07
9.90259e+06
5.57885e+07
2.65423e+08
3.73886e+08
7.24062e+06
1.11839e+07
1.25995e+09
6.7115e+08
4.44213e+08
7.5029e+08
4.90142e+08
9.29819e+06
3.0017e+08
1.89365e+07
3.49304e+08
1.66329e+08
5.33709e+08
4.13566e+06
2.08768e+08
1.90443e+07
4.67401e+07
6.19185e+08
6.33398e+07
1.19887e+07
3.69194e+08
3.56961e+08
1.33407e+08
4.67354e+06
5.02249e+08
2.28835e+08
2.6315e+07
4.75444e+06
1.19108e+07
1.72406e+08
1.17824e+09
4.81697e+07
1.83533e+09
2.13808e+08
5.45813e+06
2.62755e+06
2.7995e+06
5.18243e+07
1.55957e+08
1.81405e+08
7.64853e+06
5.65898e+06
8.63144e+06
6.0758e+08
5.62228e+08
6.65363e+07
1.27192e+08
1.11151e+09
5.45598e+07
2.1115e+08
1.93237e+06
699400
8.80977e+07
1.20103e+06
5.7758e+06
2.03971e+07
1.12401e+09
1.14713e+08
1.61062e+09
1.12015e+06
4.68035e+07
1.13756e+06
4.04829e+08
4.44693e+08
8.34074e+08
7.87621e+07
1.87592e+07
3.49048e+06
2.0503e+08
2.50698e+07
2.14195e+07
2.3948e+09
3.38758e+07
5.9707e+08
5.51728e+08
2.08265e+06
1.79946e+07
817554
4.57951e+07
5.80638e+06
1.81416e+06
2.10716e+06
3.0197e+07
1.1315e+07
5.45794e+08
176999
5.98039e+06
4.04762e+08
2.15526e+08
8.01427e+06
829498
2.86523e+09
4.6299e+08
2.65444e+06
1.82062e+06
2.46726e+08
2.45216e+06
2.67779e+06
5.99381e+08
9.21861e+08
1.03414e+08
3.1448e+06
1.21926e+08
1.31413e+07
8.12313e+06
1.77777e+08
5.16687e+08
1.0822e+08
5.24986e+06
1.27333e+06
3.28524e+08
5.17514e+06
5.5376e+07
1.14084e+09
1.02275e+08
5.07301e+07
1.4536e+06
3.06009e+06
2.46378e+07
4.56807e+06
4.53408e+07
3.08966e+06
5.23583e+06
3.63126e+07
2.62351e+07
3.65881e+08
6.66014e+07
731388
7.87877e+08
6.5982e+06
2.92174e+07
5.67861e+08
1.26935e+06
8.26088e+07
1.936e+06
2.52479e+07
9.62514e+08
4.19143e+07
6.89715e+07
93729
1.08225e+06
5.44012e+07
3.50006e+08
7.34952e+07
7.57128e+07
1.05241e+09
1.1774e+06
297312
5.96623e+08
7.89427e+07
5.56581e+07
4.13544e+07
6.25246e+07
4.2047e+08
1.15177e+08
8.14156e+07
4.17536e+08
1.29854e+08
6.28109e+06
7.87511e+07
5.18532e+06
1.14029e+06
2.31815e+08
6.18582e+08
6.38795e+07
5.17483e+07
3.62706e+07
1.02903e+08
1.70786e+08
823393
7.22087e+06
1.0541e+09
6.71117e+08
967064
2.53868e+08
7.85207e+07
2.63799e+07
8.14331e+06
1.11094e+07
4.64995e+08
4.24829e+07
4.94412e+08
1.37562e+09
6.03819e+07
8.27348e+07
1.24526e+07
4.37242e+07
5.84847e+07
6.49028e+07
1.05609e+08
7.09784e+07
1.01003e+08
1.07789e+08
1.58328e+09
1.34967e+08
1.06433e+08
4.86895e+06
1.00272e+08
6.70173e+06
1.142e+08
2.68267e+08
3.39858e+06
3.92013e+08
111082
6.02071e+08
5.831e+07
7.4751e+08
1.97816e+07
201548
5.25961e+07
6.56807e+07
1.32917e+07
7.71843e+07
6.86527e+08
9.44108e+07
1.76451e+08
1.27735e+08
1.65947e+08
4.38092e+07
5.58675e+07
1.58554e+09
2.50555e+06
1.23923e+08
8.29946e+07
1.60563e+08
1.45529e+08
6.52125e+07
6.57652e+08
6.67897e+07
138101
3.49555e+07
1.55156e+08
776919
8.50194e+07
6.07384e+08
2.16887e+08
9.67625e+07
4.14092e+08
1.38819e+08
3.13109e+08
8.75502e+07
1.49199e+08
430262
9.00429e+07
4.26965e+06
1.38015e+08
2.91061e+08
6.87016e+06
1.22367e+08
8.86911e+07
4.05714e+06
1.1756e+07
4.35249e+08
1.01612e+09
5.98015e+07
3.47146e+07
7.14676e+07
2.94687e+06
8.76231e+07
1.48547e+08
3.40993e+07
3.63882e+07
5.10625e+07
1.34591e+08
3.41955e+07
9.49403e+07
5.49148e+08
1.02049e+07
1.17192e+06
6.53635e+07
3.31775e+08
1.24113e+07
1.92903e+08
1.15685e+06
1.55735e+08
1.03163e+09
619976
4.2747e+07
5.41635e+08
7.06072e+07
1.21967e+08
93092
2.30371e+07
4.9843e+06
1.94661e+09
1.11557e+08
1.19258e+08
6.5724e+06
1.00179e+06
5.9795e+08
2.97754e+07
2.56396e+07
3.44111e+08
9.01816e+06
1.79683e+07
1.10395e+08
97173.3
1.5428e+08
7.04155e+06
1.74016e+08
9.60593e+08
1.87789e+08
6.6811e+06
7.12505e+07
1.07692e+08
1.55127e+08
1.0912e+08
4.53991e+07
4.76782e+07
1.8511e+07
4.56301e+08
3.14807e+07
1.0896e+08
1.62741e+08
1.75429e+08
4.66575e+07
1.32664e+08
1.37791e+06
1.09078e+08
9.07131e+06
2.53061e+07
1.55614e+08
8.17227e+07
4.26547e+09
5.82143e+08
7.91252e+08
6.98052e+08
7.40441e+07
3.80221e+07
2.07611e+08
1.2791e+08
2.06838e+07
5.08574e+07
5.13397e+07
5.42106e+06
6.80615e+07
1.00074e+09
2.44404e+07
2.98738e+07
1.34631e+08
1.76636e+08
9.96914e+07
1.41671e+08
2.06847e+08
3.91215e+07
1.16608e+08
1.28906e+08
3.79495e+06
1.06327e+08
2.91326e+08
7.03247e+06
7.93456e+07
1.29597e+08
3.99722e+06
2.63117e+07
6.98066e+07
2.78925e+08
1.32407e+08
1.21326e+08
3.76692e+07
946506
6.14079e+07
2.37008e+07
2.21971e+08
5.62478e+07
1.75701e+08
1.91544e+08
4.10619e+07
1.53505e+08
5.64945e+07
1.57669e+08
1.44655e+08
3.46166e+08
8.50595e+06
1.69024e+08
6.96656e+08
4.41316e+06
1.20114e+08
1.32826e+06
2.40383e+09
1.67701e+09
327486
3.13071e+09
1.59227e+08
8.79913e+08
1.81111e+07
9.56501e+08
3.93325e+07
2.68524e+09
5.14054e+08
5.49077e+07
3.51896e+07
6.29826e+07
8.89104e+07
1.43964e+08
3.9126e+07
3.75244e+07
2.40142e+08
3.73075e+07
5.1983e+07
2.61649e+07
9.55747e+08
7.12651e+07
9.92379e+07
1.02922e+08
1.76996e+08
3.16714e+06
1.05789e+08
6.08563e+07
3.83262e+07
4.28945e+07
7.45301e+07
2.42781e+07
1.15914e+08
151767
6.31569e+08
4.38643e+07
1.01294e+08
1.34195e+06
7.51941e+06
2.33124e+06
124108
1.05978e+08
1.53145e+07
4.41773e+07
2.97556e+07
3.57911e+08
7.9464e+06
3.71677e+07
9.0298e+07
8.79201e+07
1.98918e+08
5.15517e+06
6.72975e+06
4.68542e+07
4.46633e+07
1.81653e+08
4.67776e+07
1.05933e+06
8.1486e+07
5.38312e+07
2.06725e+08
1.25959e+08
1.40959e+08
2.79551e+07
3.03184e+07
819558
4.01418e+07
2.22836e+07
9.55406e+07
197884
4.6586e+07
2.36159e+06
5.92146e+07
2.63614e+08
1.40814e+08
4.60286e+07
3.51466e+07
7.2887e+07
3.16988e+07
2.43379e+08
3.34163e+08
1.8394e+06
8.37716e+06
3.18955e+07
3.18329e+07
2.67799e+08
4.78569e+07
2.95812e+07
7.30843e+06
817320
5.21154e+07
1.2198e+08
2.40511e+07
5.56046e+07
5.6414e+07
1.93154e+08
9.99759e+07
6.34487e+07
2.62371e+07
1.02513e+08
7.54611e+07
5.60152e+07
6.70847e+08
6.58504e+07
7.11221e+07
1.74279e+08
1.83947e+08
1.12485e+09
2.7713e+07
254230
4.88973e+07
1.19157e+07
3.71937e+07
1.04273e+09
3.52501e+07
1.49972e+08
1.11121e+08
8.8659e+07
1.52437e+08
2.0581e+08
7.82655e+07
6.88438e+07
2.64537e+06
1.35468e+07
4.62967e+07
1.27677e+06
1.52385e+08
6.21328e+06
4.74359e+07
3.62149e+07
1.67826e+08
1.57495e+08
2.45984e+08
2.99413e+07
8.32143e+08
2.66819e+07
909525
1.51675e+08
3.5798e+08
2.86464e+08
5.28154e+07
3.77214e+07
7.15813e+07
2.71821e+08
8.34566e+07
8.19415e+07
3.94852e+08
2.48945e+08
2.29724e+09
443751
1.04932e+08
4.87869e+07
1.00775e+08
9.71577e+07
3.52583e+08
7.91623e+07
3.25143e+07
5.92709e+08
1.28638e+09
1.16287e+06
1.60897e+08
1.49401e+09
6.91803e+06
1.03947e+07
1.96022e+08
4.01147e+07
6.62995e+07
4.46664e+07
5.60427e+07
5.91201e+06
4.28854e+07
2.76746e+08
8.51737e+08
2.59562e+08
1.22693e+08
793480
5.94858e+08
3.42822e+07
1.88646e+08
1.76989e+08
1.56801e+08
3.28647e+08
1.88135e+08
1.18766e+08
835938
1.20328e+09
1.81377e+08
2.81093e+08
6.29143e+07
4.39387e+07
1.94655e+08
1.91407e+08
1.24072e+08
6.28353e+07
8.19535e+06
7.26027e+07
3.7708e+08
5.97863e+06
5.62863e+08
3.47489e+07
1.56058e+07
8.83491e+08
1.43426e+08
9.59275e+07
3.82576e+08
7.09133e+08
1.85305e+08
2.20447e+08
1.0523e+08
4.94394e+07
1.51224e+07
6.64502e+08
1.03604e+09
5.46687e+07
5.85281e+06
1.76365e+09
7.25628e+07
7.66763e+07
3.8409e+07
4.06889e+06
7.10619e+07
3.41714e+08
7.74051e+06
7.09658e+08
1.14098e+06
5.40185e+07
1.56733e+08
8.78409e+07
6.00646e+07
1.51088e+08
4.81284e+08
2.71034e+08
1.10565e+08
1.5104e+09
1.73006e+08
7.27757e+07
1.70143e+08
1.68487e+08
4.7032e+08
7.75472e+08
1.20805e+06
1.21453e+08
7.137e+08
2.56933e+08
7.19076e+07
4.95582e+08
2.92004e+08
2.3829e+08
7.0038e+07
4.56153e+07
6.78219e+07
7.78512e+07
7.83839e+07
5.93445e+07
8.58728e+08
1.71637e+07
3.346e+07
6.39254e+07
157023
1.28188e+06
5.77814e+06
1.1949e+06
8.16786e+07
1.43716e+08
5.0392e+07
611874
6.09116e+07
8.45228e+07
3.47242e+07
1.04563e+08
9.98679e+06
1.47738e+06
1.94365e+08
1.87267e+08
5.52705e+07
769280
1.03444e+08
1.37155e+08
6.75179e+07
1.65168e+08
1.33921e+08
92558.7
3.19506e+07
1.09524e+06
4.24548e+08
133737
1.10753e+06
1.58252e+08
7.89898e+07
8.24998e+07
1.22546e+06
2.67491e+08
4.91527e+07
1.25637e+06
9.80923e+06
9.19964e+07
5.88339e+08
892668
7.43486e+07
2.44783e+08
2.89684e+08
1.33569e+08
1.14029e+08
2.27738e+07
2.21895e+08
6.45152e+07
2.65758e+07
1.20415e+07
3.96737e+07
5.78081e+07
2.04395e+08
2.33813e+06
8.42089e+07
2.85561e+07
5.29318e+07
2.3212e+08
8.57209e+06
5.64737e+07
2.5523e+08
6.06139e+07
1.19262e+08
2.51739e+07
1.01153e+08
3.10258e+06
3.6611e+09
1.59895e+09
194236
234616
284380
461801
392015
707496
289049
343012
794065
136998
423103
286291
91436.8
152660
192863
476995
5.74171e+07
613026
566382
3.55798e+08
7.03955e+07
6.12755e+07
3.00226e+08
5.05746e+07
2.90572e+08
2.51646e+06
1.52565e+09
7.42403e+08
3.34869e+08
2.21513e+08
1.69496e+06
7.03986e+08
1.8506e+06
1.00224e+08
191280
8.23787e+07
5.05209e+08
3.62869e+07
4.4841e+07
9.95195e+07
1.65552e+08
2.55097e+06
3.53283e+08
4.65303e+06
5.07367e+07
2.26026e+06
6.64697e+07
2.26122e+08
1.67205e+08
2.77783e+08
1.11094e+06
180955
207584
2.2238e+08
3.03672e+07
1.93878e+06
1.25511e+07
5.09296e+06
7.24938e+08
4.03627e+07
3.59862e+07
1.00561e+06
4.1473e+07
135715
4.70344e+07
2.2027e+09
1.76239e+07
5.66542e+07
8.3304e+07
3.07876e+08
3.88891e+07
5.51653e+08
9.45785e+07
9.79492e+07
3.50573e+08
9.14345e+08
2.08626e+07
1.40571e+09
5.18209e+07
5.30257e+08
1.85867e+06
1.30251e+09
1.42225e+08
2.65833e+08
1.11779e+08
4.30766e+06
6.92897e+08
8.58878e+07
2.02601e+08
5.08708e+06
2.7786e+06
4.23327e+07
1.30474e+08
5.75219e+08
1.51164e+08
5.84216e+06
6.80546e+07
3.91061e+08
7.33494e+06
1.27094e+06
4.15364e+07
138298
2.2047e+07
2.98067e+08
1.65962e+09
3.47357e+07
1.1228e+08
6.17712e+06
3.75273e+08
8.66065e+07
8.57685e+07
3.54708e+07
5.99201e+07
2.61596e+07
6.87576e+06
980078
1.22427e+08
1.05248e+08
2.31859e+07
1.02203e+06
5.33431e+06
3.06911e+08
2.92878e+08
1.31551e+09
5.42504e+06
1.62065e+08
1.21493e+08
4.24074e+08
7.38901e+07
6.9909e+06
7.84357e+07
7.0672e+06
3.03331e+08
7.75045e+07
6.97396e+06
1.38195e+08
1.0105e+08
5.62811e+07
7.27664e+06
1.30439e+09
6.58718e+06
7.04247e+08
6.15301e+06
1.39258e+09
1.7617e+07
5.29141e+07
9.54987e+08
4.4902e+07
3.56507e+07
1.58447e+08
5.56275e+08
9.85541e+08
1.60315e+08
3.31303e+08
4.63155e+08
6.7567e+06
8.29676e+07
2.26624e+08
3.65352e+09
329889
3.2329e+08
1.30824e+08
5.38816e+07
1.51135e+08
6.07497e+06
3.76273e+07
1.01066e+09
9.96329e+07
8.02297e+08
2.91011e+07
3.79592e+07
2.82066e+09
6.17075e+08
1.01103e+08
2.24438e+06
5.44671e+08
1.20085e+08
5.70831e+08
2.22187e+09
1.0944e+07
1.16977e+06
9.54367e+07
1.3701e+07
5.05738e+07
1.83746e+08
1.1372e+08
9.09315e+08
5.9996e+08
8.69153e+07
4.48724e+07
1.07427e+08
3.13626e+09
1.45226e+07
2.94533e+07
5.49075e+06
1.26685e+08
9.12137e+08
1.70589e+08
1.19176e+08
2.25733e+08
1.34362e+09
103308
4.79857e+08
8.20344e+06
7.9271e+07
8.65392e+07
874404
2.52429e+07
1.93268e+08
1.32538e+07
2.36672e+07
122576
167688
2.43897e+07
7.44671e+07
1.00527e+08
6.90422e+08
6.45923e+07
1.06099e+08
9.10498e+07
527599
6.68234e+07
2.75885e+07
7.47547e+07
1.91386e+07
1.48966e+08
1.42125e+08
1.55994e+06
6.87846e+07
4.56817e+08
3.01173e+08
1.76527e+08
4.90006e+07
1.32295e+08
1.75515e+08
4.52271e+06
1.13547e+06
2.9032e+09
1.45237e+09
1.38972e+08
799403
3.9058e+07
2.05374e+08
6.65476e+06
1.22755e+07
1.05462e+08
1.31859e+08
1.4902e+08
2.68956e+09
3.02587e+07
5.49465e+06
1.41784e+09
92917.5
1.53851e+09
2.89541e+06
6.1633e+08
1.32496e+08
2.36524e+08
2.63737e+06
2.71472e+08
1.15288e+08
2.66564e+08
4.43194e+08
3.23029e+07
8.89644e+07
3.75983e+07
8.70472e+06
6.64428e+08
5.13419e+07
1.02548e+06
2.03439e+08
1.74867e+06
1.85719e+07
3.05832e+08
2.7889e+07
3.30006e+07
4.69921e+07
1.61472e+08
4.5023e+07
1.22218e+06
1.3569e+06
8.46708e+07
1.70577e+09
3.4497e+07
4.81061e+07
1.06332e+08
2.58642e+08
5.86497e+07
4.92944e+08
3.44811e+07
1.58421e+08
2.43059e+08
1.43227e+06
1.24134e+07
6.77769e+08
8.30899e+08
6.28019e+07
1.78609e+08
1.00829e+09
5.92002e+07
7.6612e+08
1.65807e+07
8.25439e+08
184778
4.68693e+07
1.89028e+06
1.15869e+06
5.63292e+07
1.64069e+08
3.98003e+07
1.97656e+08
2.62328e+08
1.02705e+06
4.16155e+07
5.12219e+08
2.26614e+07
1.09661e+08
3.82065e+08
2.93294e+06
7.35768e+08
2.00032e+09
3.9169e+06
1.59795e+08
8.44406e+06
7.92193e+07
1.30831e+08
7.24596e+08
1.66633e+07
2.19388e+08
1.2373e+06
2.22702e+09
1.11531e+08
6.37842e+07
2.78187e+07
1.27513e+08
4.81517e+06
7.725e+06
3.86712e+08
85763.3
1.37676e+07
6.58377e+08
4.74555e+06
8.3496e+08
2.42007e+06
280143
8.15979e+07
1.5066e+08
6.78214e+07
1.91257e+08
4.58515e+07
5.64254e+07
2.00514e+08
1.13521e+08
1.39829e+08
3.79451e+06
270941
2.43914e+07
1.15996e+08
8.16336e+08
9.54088e+08
7.73488e+06
1.21916e+09
8.30365e+08
5.91249e+08
2.29507e+07
1.26422e+08
1.42105e+08
1.28792e+08
1.51001e+08
936258
1.68415e+09
1.90996e+08
2.15885e+09
4.41844e+08
9.15969e+07
1.5664e+08
9.95771e+08
3.37214e+07
2.53503e+07
2.82094e+08
1.90567e+09
1.13656e+08
5.08023e+07
9.75835e+07
4.94216e+07
2.38367e+06
2.68195e+07
5.15609e+07
2.039e+08
3.15998e+07
5.58341e+09
1.83221e+07
6.61255e+07
1.07357e+06
183538
2.72153e+07
1.16979e+08
9.12639e+07
4.66203e+06
4.05328e+07
4.18951e+07
5.6567e+07
5.5355e+07
1.12408e+09
2.52219e+08
1.40343e+08
5.80643e+06
4.21904e+07
4.39402e+07
2.9292e+07
3.17218e+09
3.15767e+07
2.26276e+07
1.08137e+06
4.48259e+07
1.7716e+06
5.24587e+07
9.90461e+08
3.03854e+08
3.05051e+08
2.13334e+07
5.33238e+07
1.02027e+08
9.62729e+06
8.75001e+06
1.84475e+08
7.30388e+07
3.42012e+07
2.82915e+07
4.82636e+08
5.81968e+08
2.04106e+08
1.50956e+08
1.95762e+08
4.23729e+07
2.448e+07
1.61322e+06
1.40665e+08
1.38264e+06
5.45224e+07
721844
1.64743e+08
2.49097e+09
1.01992e+09
1.10324e+08
1.12536e+08
4.2633e+07
1.11761e+08
2.91034e+08
3.88608e+07
2.99668e+07
1.12261e+08
1.2603e+08
7.39197e+07
1.13157e+06
3.93638e+09
1.70388e+08
1.30544e+08
4.9485e+08
841200
7.29054e+07
2.2652e+07
3.48344e+07
1.4102e+08
7.08138e+07
3.05543e+07
1.7847e+07
1.27692e+08
7.93936e+06
4.52735e+07
1.74369e+07
1.1029e+06
3.82167e+06
3.02983e+09
7.36729e+07
4.17083e+07
1.28298e+09
2.32165e+09
5.27882e+07
4.16757e+06
1.25054e+08
9.38875e+06
7.01943e+07
1.41179e+06
3.76233e+07
3.14123e+07
8.45881e+07
2.85944e+07
4.83516e+07
5.17851e+07
1.27892e+08
1.05334e+08
5.82529e+07
4.62368e+06
2.57596e+08
4.13338e+08
6.61576e+06
1.46427e+08
4.04794e+08
5.73049e+08
1.11182e+09
5.6875e+07
9.43851e+06
2.00668e+08
2.11734e+08
8.38993e+08
4.82955e+07
2.39599e+07
5.29726e+07
1.1344e+08
1.11848e+07
7.69962e+07
1.09249e+06
1.85336e+08
1.66301e+08
1.77868e+08
943836
3.08785e+07
1.05121e+09
1.85902e+08
1.26211e+06
4.80191e+07
1.45907e+08
6.62151e+06
1.55118e+08
1.75593e+08
6.12414e+07
9.39689e+07
2.31371e+07
3.87145e+07
3.74354e+08
3.26997e+08
1.52439e+08
2.64419e+07
1.4625e+06
9.95693e+08
3.92276e+07
5.59563e+08
2.63126e+07
1.62581e+09
1.50791e+08
5.9518e+07
5.54173e+07
8.28166e+06
6.21768e+07
6.60306e+07
3.44438e+07
5.81282e+07
2.26773e+07
5.5161e+08
2.54387e+07
8.5899e+07
1.09259e+08
3.94708e+06
1.05186e+08
1.50185e+06
4.24517e+07
1.23602e+08
1.82611e+08
1.3853e+08
4.12862e+07
8.73824e+07
4.04606e+07
4.30908e+07
7.86276e+07
4.27497e+08
4.65925e+07
1.32452e+09
5.78258e+07
4.08261e+07
3.00319e+08
4.5544e+07
1.06043e+09
8.34145e+07
1.64644e+08
8.19491e+07
4.90055e+07
2.35356e+07
3.09188e+08
2.75065e+07
5.0433e+07
4.94244e+06
5.10205e+07
8.83545e+07
5.83869e+07
6.59273e+07
3.14215e+07
1.49786e+08
3.93099e+07
1.20168e+09
2.45807e+08
7.38222e+07
9.08826e+07
1.48103e+08
4.06435e+07
4.60151e+07
5.27771e+07
4.91129e+09
4.58832e+08
5.662e+07
2.37692e+07
4.75453e+07
7.0947e+07
6.41562e+08
4.8205e+07
2.57974e+07
7.18114e+06
9.29205e+07
5.96031e+07
6.27425e+07
4.79731e+07
7.8388e+07
4.00138e+08
7.639e+06
2.81328e+08
7.59477e+07
6.74866e+07
2.71752e+07
5.34278e+07
7.28766e+07
6.82899e+07
6.28715e+06
1.11509e+08
5.2573e+06
1.19373e+06
1.89088e+08
1.01797e+08
8.14794e+07
3.55723e+07
3.0395e+07
2.71754e+07
1.55901e+09
9.75926e+07
4.7597e+07
1.50028e+08
3.40451e+07
8.74855e+07
3.69474e+07
1.15952e+08
2.47608e+08
3.58205e+08
1.2055e+09
1.81126e+08
6.29424e+07
1.47613e+08
1.0365e+06
2.98538e+07
5.43518e+07
7.12578e+07
2.35192e+07
2.45841e+09
2.41345e+06
2.96522e+07
7.44624e+07
6.55929e+07
7.45319e+07
7.94492e+07
1.64872e+08
2.84979e+08
1.05322e+08
1.08718e+06
1.22406e+06
4.33119e+07
7.06059e+06
109704
1.04077e+08
5.97153e+07
1.50208e+08
6.63213e+07
1.80981e+08
7.86289e+07
7.6907e+07
5.02871e+06
1.65223e+08
5.04911e+07
9.08082e+07
4.32332e+07
1.84965e+08
5.03065e+07
3.1862e+07
2.52721e+08
7.27086e+06
6.61693e+08
1.88825e+06
3.7781e+08
1.78436e+08
7.50202e+07
3.51889e+08
8.56023e+06
8.22658e+07
1.63975e+08
1.02924e+08
110621
7.69079e+07
4.23557e+07
5.59467e+08
2.63628e+07
5.99284e+07
5.00397e+06
3.88333e+07
4.34089e+07
6.9257e+06
3.45407e+07
2.95326e+08
9.78248e+07
7.31573e+08
1.29556e+06
1.41152e+08
1.00926e+06
6.17375e+07
8.88588e+07
3.6544e+07
9.8914e+07
4.25282e+08
1.75179e+08
1.26784e+08
6.32394e+07
9.09241e+07
1.16802e+06
2.04461e+09
2.39396e+06
9.94971e+07
905300
107826
1.41348e+08
1.84197e+08
1.84632e+08
1.04572e+08
925195
2.35945e+09
6.09107e+07
3.32543e+07
1.1091e+08
2.42614e+07
1.24337e+08
5.28476e+07
1.22488e+08
5.85893e+07
1.7437e+08
1.14903e+08
1.91949e+07
1.72731e+07
1.39979e+08
1.10922e+08
1.82952e+08
2.28224e+08
1.15002e+06
7.19299e+07
5.37447e+07
4.60616e+07
1.19159e+06
4.85648e+07
8.22541e+07
4.00292e+07
1.01213e+08
6.26594e+06
1.34775e+06
4.81377e+07
3.62984e+07
6.39968e+07
193318
9.55609e+08
4.36975e+08
3.49539e+07
4.23095e+06
1.08885e+08
1.44122e+07
3.42585e+07
1.21783e+08
3.56392e+08
7.62781e+07
9.5859e+07
1.68692e+09
1.06692e+08
2.1384e+08
2.26716e+07
1.53857e+08
6.29212e+09
1.77262e+07
6.62002e+07
1.09051e+09
2.81594e+08
6.06349e+06
7.69932e+07
5.94525e+07
4.66099e+08
1.17036e+08
1.31315e+08
1.55487e+08
3.89644e+07
1.61295e+08
1.21853e+08
3.61529e+07
1.36475e+07
1.05532e+08
1.11637e+09
5.0747e+06
1.6453e+08
6.8137e+07
113437
7.99669e+07
7.88368e+07
3.78136e+07
3.95653e+07
3.90725e+07
1.58963e+06
7.24394e+06
2.93486e+08
7.33678e+07
8.88238e+07
1.76496e+09
5.80103e+08
9.64714e+07
1.13048e+07
1.64401e+07
1.2001e+08
1.00229e+08
9.03354e+07
7.90596e+07
1.03131e+06
4.67724e+09
8.70314e+07
8.13429e+07
1.3765e+08
1.89547e+08
8.10008e+06
9.2736e+07
9.98854e+08
1.48493e+08
7.1985e+07
1.83002e+08
9.11069e+07
9.10073e+07
1.36502e+08
2.34847e+08
1.24758e+08
5.4032e+08
1.08822e+08
1.43263e+08
5.812e+07
2.74349e+09
3.14162e+07
9.04384e+07
1.47661e+08
2.07082e+08
5.77317e+06
2.20672e+08
6.68168e+07
3.45344e+08
1.14861e+08
5.08627e+08
5.54906e+08
1.02129e+08
1.77585e+08
2.83731e+08
1.11872e+08
2.39519e+08
5.72665e+08
2.06361e+07
956111
1.07538e+08
1.59879e+08
1.48434e+08
6.7954e+07
223119
4.72547e+07
6.65079e+07
2.42255e+08
1.11114e+08
1.05888e+08
9.22041e+06
7.38547e+07
1.53349e+08
1.03031e+08
1.00078e+08
9.20064e+07
8.30643e+07
2.68225e+09
1.65393e+08
1.62893e+08
7.50059e+08
3.73249e+07
3.64473e+07
6.77113e+06
3.37134e+06
1.36111e+08
1.67509e+08
1.9349e+08
8.96906e+08
6.37691e+08
9.47333e+07
5.03958e+08
3.88306e+07
1.10675e+08
7.91355e+07
8.61823e+07
1.92334e+07
6.03379e+07
152849
1.46844e+08
9.24134e+07
7.97517e+07
1.23867e+08
1.35191e+08
3.75215e+07
7.31647e+07
1.26973e+08
1.25672e+08
1.15957e+08
1.10265e+06
2.72017e+08
1.05575e+08
3.74259e+07
2.58175e+07
2.5848e+07
3.67502e+07
1.46091e+08
1.85817e+08
2.76155e+08
1.10684e+06
1.3029e+08
9.54763e+07
7.1334e+07
4.4943e+08
6.82207e+06
2.19868e+07
2.61459e+08
8.41423e+06
6.6907e+07
6.29142e+07
1.4243e+07
2.49047e+07
2.36379e+08
4.20669e+07
8.74133e+07
3.00162e+07
3.26039e+08
2.73016e+08
1.71868e+08
3.52366e+09
2.55561e+09
8.5987e+07
2.40311e+07
7.71109e+08
7.58588e+06
5.31295e+07
1.93293e+08
1.0422e+09
4.47404e+07
1.35436e+06
4.70729e+07
1.55579e+08
1.87891e+08
8.70562e+07
3.30121e+07
2.15227e+09
5.39217e+07
3.13671e+07
1.21313e+06
4.20096e+07
2.95178e+07
2.63498e+07
4.28164e+07
5.46126e+07
3.08227e+07
8.28402e+07
1.27574e+08
8.73718e+06
2.25493e+06
4.10807e+07
5.87874e+06
1.18421e+08
4.96856e+06
7.3977e+07
5.656e+07
5.35436e+07
1.46819e+08
4.77116e+07
1.72042e+09
2.38576e+08
1.52922e+08
2.66395e+07
2.92433e+07
241196
5.11142e+07
4.9623e+07
1.5116e+08
2.41086e+07
5.03719e+08
2.72674e+07
9.80833e+07
5.58528e+07
5.22594e+07
1.48817e+08
1.93899e+08
9.94284e+07
6.01124e+07
199861
127445
2.5972e+06
1.8004e+08
9.16038e+07
1.44893e+08
2.33303e+08
2.82166e+07
1.49141e+08
2.89542e+07
3.29911e+07
1.91005e+08
1.14101e+08
4.41564e+08
1.11354e+08
1.17504e+08
1.31544e+08
96039.7
4.55309e+08
8.12694e+07
1.19942e+09
2.06561e+09
7.22557e+07
3.10337e+07
3.24374e+08
8.71114e+07
3.40481e+07
7.92703e+06
5.12453e+07
1.8844e+08
1.62024e+08
1.45409e+06
2.8718e+08
1.46099e+08
1.10156e+06
5.99545e+07
4.74883e+07
2.34598e+06
6.49123e+07
1.25814e+08
6.97721e+07
9.92412e+07
1.45337e+08
1.33712e+08
3.34314e+09
1.7202e+08
3.03924e+07
3.34308e+07
1.30981e+08
3.80374e+07
8.20098e+07
2.16772e+08
4.15657e+07
3.95562e+07
2.22369e+07
1.34085e+08
4.15792e+07
2.22003e+08
8.68879e+07
5.17797e+07
9.88379e+07
7.23037e+07
9.5001e+07
1.61566e+08
3.4506e+07
1.62412e+08
3.76012e+07
1.94077e+08
5.51772e+08
5.13041e+07
3.83366e+07
1.91299e+08
2.38288e+08
6.95313e+07
3.75764e+08
3.37215e+07
1.11327e+08
9.15158e+07
213210
5.27449e+08
4.90061e+07
1.5156e+08
2.36596e+08
1.23062e+08
4.94882e+07
2.5547e+08
1.84163e+08
3.97078e+07
2.76229e+08
2.13427e+08
5.06666e+07
1.34981e+09
1.68367e+08
4.05988e+07
1.22664e+09
1.41471e+07
1.61652e+08
5.32057e+07
4.57786e+07
5.48551e+07
3.09526e+08
2.83809e+07
2.61113e+07
5.56891e+07
5.18996e+07
1.04167e+08
1.66041e+08
4.63633e+06
5.85328e+08
5.84181e+07
2.30103e+08
9.64314e+07
5.0326e+08
2.51382e+08
6.1354e+07
9.85504e+08
384083
4.69859e+07
1.43442e+08
1.78033e+08
5.86529e+07
2.59827e+07
5.21654e+07
9.61932e+07
4.83045e+08
1.04545e+06
2.03527e+08
1.00758e+08
2.54694e+07
9.21843e+07
7.46885e+07
6.64363e+07
1.13986e+08
6.67865e+08
8.00122e+07
2.84441e+07
1.51859e+08
1.76008e+08
8.58679e+07
4.75744e+09
4.07265e+07
4.56973e+07
4.83479e+08
1.58758e+08
1.71086e+08
1.78103e+08
6.14607e+06
2.85721e+08
2.62968e+09
4.76686e+07
8.7814e+06
1.4002e+06
1.18301e+07
2.502e+07
1.2015e+08
5.20968e+07
3.79664e+07
5.40713e+07
6.5203e+06
1.03612e+08
2.20442e+08
1.10254e+08
2.21263e+07
1.87753e+08
2.97169e+08
1.12192e+08
1.85114e+08
1.15094e+06
9.26034e+07
4.25999e+08
4.73328e+07
1.52893e+06
1.289e+08
1.82779e+07
1.03779e+09
3.37965e+06
2.52834e+08
1.68284e+08
1.10661e+08
2.55683e+08
9.19167e+09
8.09705e+06
8.88042e+08
593802
2.15261e+08
4.16527e+06
1.68096e+08
5.71043e+07
3.78061e+08
3.45023e+07
2.04566e+08
6.36029e+07
2.36925e+08
264339
9.63081e+07
1.20101e+08
3.97524e+08
3.49288e+08
5.19804e+09
1.15769e+08
184252
2.0918e+08
1.10667e+06
155901
1.44567e+08
3.79071e+07
1.27974e+09
1.54843e+08
3.50734e+07
4.16577e+07
1.27068e+08
1.23956e+06
3.87811e+07
1.91694e+08
3.52866e+08
1.05528e+06
3.78333e+08
3.01204e+08
1.13737e+08
3.09909e+07
3.06817e+08
1.47697e+08
1.58008e+08
1.98107e+09
7.41705e+06
1.46321e+08
1.10069e+08
5.49662e+07
2.00205e+07
7.73057e+07
2.21192e+06
1.91945e+08
4.59868e+07
2.2915e+08
1.69527e+07
1.03093e+08
1.13844e+08
1.11527e+06
1.27298e+08
2.82862e+08
3.79458e+08
5.00941e+08
9.57324e+07
102052
2.01834e+08
6.45156e+07
3.45107e+07
4.32833e+08
1.53282e+08
1.11274e+07
1.53879e+08
2.36489e+08
2.9565e+08
6.13916e+08
1.07454e+06
1.15106e+08
1.55709e+07
5.69196e+06
5.70681e+07
3.31115e+08
3.34111e+07
7.70523e+08
1.13646e+06
9.34329e+08
8.37916e+07
3.75581e+07
7.15926e+07
1.77857e+06
2.95998e+06
1.3606e+08
1.48156e+08
1.193e+08
3.45433e+07
4.53677e+07
7.73596e+08
6.18649e+07
3.35133e+07
1.09152e+08
1.66462e+09
157735
1.46472e+08
4.17709e+07
4.05929e+07
7.32703e+06
1.28713e+08
4.56316e+07
1.00001e+08
4.42124e+07
1.18724e+08
1.38372e+08
7.62884e+07
6.57276e+08
1.88024e+08
2.84284e+08
1.32318e+06
5.20953e+08
6.23309e+07
1.09736e+07
1.86529e+07
4.6788e+07
3.82958e+06
4.36557e+08
9.24948e+07
2.48294e+07
4.09349e+07
8.59797e+08
7.01527e+08
8.46266e+07
3.46926e+06
1.45428e+09
7.24231e+07
5.10602e+07
5.17237e+07
5.3537e+08
4.15929e+07
6.1847e+07
3.5348e+08
5.93284e+06
5.00241e+09
3.94323e+07
3.99923e+07
5.92817e+07
3.50653e+08
2.1999e+09
3.75154e+08
1.54563e+08
1.65635e+06
3.74004e+07
1.1333e+08
1.44423e+07
6.58926e+07
8.66626e+08
5.94683e+07
7.79198e+07
8.51816e+08
7.9048e+08
2.59571e+08
1.57709e+08
7.37798e+06
2.87945e+07
1.78325e+08
3.9289e+07
2.70151e+07
2.40443e+08
7.6383e+08
2.14618e+08
7.81873e+07
8.05606e+07
7.0576e+09
4.22209e+06
1.04546e+08
4.12462e+08
1.455e+08
4.14135e+07
9.82155e+07
1.16504e+08
1.74094e+08
4.13827e+08
2.3586e+09
1.2411e+08
4.38306e+08
1.25465e+07
1.18493e+08
5.64971e+08
1.13132e+08
1.34123e+09
1.56542e+08
7.86671e+07
2.5289e+08
1.43477e+06
1.10674e+08
1.17659e+08
4.41054e+08
2.42971e+08
5.52857e+07
9.0637e+08
1.03819e+08
4.40186e+08
4.27153e+08
4.48058e+08
4.48422e+07
1.80342e+08
1.73761e+08
4.68377e+08
8.89256e+07
3.28009e+07
1.29291e+08
1.0533e+08
2.39025e+08
1.11303e+06
1.20925e+08
9.07992e+07
6.70763e+08
1.25147e+09
1.00219e+09
5.37544e+06
3.67363e+08
2.96872e+09
3.34323e+08
9.63995e+07
6.17683e+08
6.60415e+07
1.68565e+07
9.93234e+08
2.99855e+08
7.97232e+07
5.23915e+07
1.20994e+09
1.09025e+06
4.81483e+08
1.29318e+08
1.72796e+08
1.05319e+08
4.06785e+08
1.06441e+10
1.208e+09
7.88261e+08
9.39663e+07
1.10719e+08
3.5736e+07
2.9584e+08
5.63816e+07
3.88023e+08
1.62299e+07
1.74552e+08
1.20451e+08
3.30838e+08
4.53208e+08
4.84653e+08
1.09166e+08
8.5715e+08
1.43608e+08
2.02349e+09
2.04275e+08
3.57279e+08
2.66258e+07
1.68347e+08
2.54732e+09
8.70189e+09
1.80348e+08
3.82005e+08
1.48206e+08
3.23976e+07
1.66005e+07
219888
1.03242e+09
1.08192e+09
3.27767e+08
1.55569e+08
5.23544e+08
1.80139e+08
4.09271e+08
4.62017e+08
4.92447e+08
8.62894e+06
1.58465e+06
6.91881e+07
1.11732e+06
8.7954e+07
6.81886e+06
9.81857e+08
4.1183e+07
3.56242e+08
4.36133e+07
3.61841e+08
2.52537e+06
2.00285e+08
3.23463e+08
1.36571e+06
1.04435e+08
4.64734e+08
6.23036e+08
5.28252e+08
5.37287e+08
2.53776e+08
6.9423e+07
2.40281e+07
3.66987e+07
1.95656e+08
8.95248e+07
1.94513e+08
2.0297e+08
3.15134e+08
5.27148e+07
1.29592e+09
2.98762e+09
9.70241e+08
2.85655e+08
2.59933e+08
3.81594e+08
1.06324e+08
1.01352e+06
1.88661e+06
2.27786e+08
1.62732e+08
6.29753e+06
1.7094e+07
1.15878e+09
1.69313e+08
3.9006e+06
2.78676e+07
7.03633e+08
1.45968e+07
907329
4.99598e+08
2.13546e+08
4.73811e+07
4.82296e+07
7.91176e+08
2.73998e+08
1.90565e+08
2.06351e+08
5.09468e+08
6.17981e+08
2.98238e+06
197515
108660
2.38971e+08
5.25238e+07
6.99418e+07
6.16253e+07
1.9097e+08
2.65443e+09
7.93946e+07
1.45221e+08
1.47478e+08
7.67773e+08
5.30597e+06
1.03734e+08
1.90618e+08
1.84674e+08
7.68422e+07
1.65075e+06
2.28308e+06
3.71062e+08
5.98587e+07
2.42691e+07
7.3425e+06
1.18143e+08
2.86144e+08
9.49363e+06
141698
1.35094e+09
1.56278e+08
5.34753e+07
1.17842e+09
2.01797e+07
1.22448e+08
6.28557e+09
2.53964e+08
5.30292e+07
5.64243e+08
661734
1.60455e+08
3.7263e+08
2.97518e+08
6.77926e+07
1.24734e+08
2.61297e+08
3.12769e+08
7.10465e+07
3.92806e+07
5.50043e+08
1.2651e+09
7.08864e+06
1.32021e+08
1.24088e+09
1.30633e+08
4.08631e+08
2.17222e+08
8.34156e+08
1.51234e+08
5.05426e+07
3.80251e+07
1.74357e+08
3.83356e+07
1.41329e+06
4.16194e+08
3.74898e+08
1.1799e+06
2.68165e+08
1.07138e+06
3.41989e+07
1.32168e+09
1.41463e+08
2.33048e+08
3.26885e+08
5.39678e+07
1.31423e+06
5.30781e+07
1.88017e+08
1.3446e+09
5.44646e+07
5.43806e+08
7.01991e+08
2.50345e+08
1.2569e+09
4.58081e+08
4.3365e+08
8.48824e+07
6.8772e+07
5.74043e+07
1.67439e+06
1.31383e+08
3.07246e+08
4.62212e+07
1.12317e+08
3.64002e+07
1.62128e+08
2.18612e+08
3.17402e+08
2.38158e+08
1.38501e+08
1.54178e+08
5.99192e+08
355940
1.51403e+08
1.03376e+08
1.34011e+08
4.58232e+08
4.8486e+07
938653
4.36076e+07
4.58932e+08
1.21663e+07
1.36355e+08
1.26277e+08
1.63878e+06
2.85176e+08
1.05547e+09
2.81392e+08
5.84407e+08
8.8124e+07
2.76688e+08
2.44911e+08
182781
1.60381e+08
8.16238e+07
7.30377e+07
4.06097e+07
1.45848e+08
1.09807e+08
2.12661e+08
905200
1.40692e+07
1.37857e+08
4.66098e+07
1.32075e+08
4.43786e+07
393346
9.49524e+07
6.768e+07
5.1942e+06
2.22814e+07
5.5281e+07
3.85656e+08
2.88112e+07
1.22321e+06
1.12636e+08
4.58649e+07
5.77091e+07
1.00326e+06
1.14568e+08
8.20997e+07
2.86193e+07
1.51075e+07
6.07281e+08
6.26285e+07
5.91775e+06
1.1263e+08
3.1739e+08
1.67158e+06
1.83902e+08
2.25602e+06
2.41673e+08
1.39953e+08
2.10813e+08
6.2908e+06
2.01361e+08
7.02245e+06
1.38722e+08
6.11292e+07
6.33401e+08
3.88622e+07
3.98603e+09
1.716e+08
4.71438e+07
1.60775e+08
9.12683e+08
1.27313e+08
5.1364e+07
5.96658e+07
2.16103e+07
3.88144e+07
3.11342e+08
5.39776e+07
1.02284e+09
2.20339e+07
3.69863e+08
5.09783e+07
2.04847e+07
5.69955e+07
3.27845e+07
6.04886e+08
2.43679e+09
3.52851e+08
2.43022e+06
5.58749e+07
8.1763e+07
1.40216e+06
5.32224e+08
4.44883e+07
6.08932e+07
9.9345e+08
4.8204e+08
5.19749e+06
8.5628e+06
5.14445e+07
1.58677e+08
1.6778e+08
93292.6
4.52757e+08
1.17984e+08
4.78073e+08
7.23333e+08
4.44855e+07
2.99641e+08
2.93013e+07
4.50438e+07
7.47541e+07
1.6394e+08
6.1848e+08
1.86841e+08
2.04217e+07
3.94222e+07
505820
1.40882e+08
4.54369e+06
3.43942e+07
1.30567e+08
6.76542e+08
6.72876e+07
5.64975e+07
5.84817e+07
4.64595e+06
7.84443e+07
1.2778e+08
3.23902e+08
1.75746e+08
3.30714e+06
3.71547e+07
3.50376e+08
7.29511e+07
2.08541e+07
914863
8.63127e+08
3.86435e+08
5.47663e+08
5.45594e+07
4.20126e+06
6.6346e+08
3.79063e+07
1.04123e+08
6.18484e+07
2.78723e+09
3.69756e+07
4.99557e+08
3.86478e+07
4.08867e+08
1.21203e+08
2.25007e+07
1.89617e+06
8.41689e+07
2.20679e+08
5.40342e+06
130517
1.42516e+08
3.14575e+09
1.24072e+08
2.47278e+07
1.64953e+08
2.35581e+07
4.89524e+08
1.39095e+09
5.33797e+07
6.36551e+07
2.23465e+08
2.33964e+08
5.58585e+08
5.55561e+07
2.03972e+08
5.40708e+08
8.70963e+07
1.34958e+08
9.80974e+06
5.0523e+06
2.1906e+07
5.07504e+07
1.71709e+09
830008
5.55029e+06
4.28886e+07
4.22796e+09
8.88485e+06
3.89917e+08
1.31248e+06
3.46424e+08
1.84356e+07
3.48662e+07
3.28967e+07
7.91311e+08
4.08854e+07
1.52087e+08
1.01579e+08
4.61873e+08
4.00602e+07
6.47448e+07
2.42468e+06
6.17249e+08
1.76901e+09
2.41482e+08
1.90793e+08
4.03273e+07
1.58437e+08
3.68159e+08
3.32005e+08
1.12674e+08
5.5804e+07
1.56112e+08
2.52614e+07
1.88782e+08
1.85917e+08
5.75037e+08
1.63995e+08
8.61223e+07
5.22507e+08
9.53545e+08
2.81691e+07
610816
2.31131e+08
1.25418e+08
1.61787e+06
4.13357e+08
3.36339e+07
2.80608e+06
2.09339e+08
1.45141e+08
8.02509e+07
6.44033e+07
3.0349e+07
4.52861e+08
5.48332e+08
6.13204e+07
1.83831e+08
8.18949e+08
1.23412e+08
3.06837e+07
8.89556e+07
184892
1.68318e+08
7.38216e+08
3.35529e+06
5.285e+08
3.4e+06
4.08052e+06
3.32964e+06
1.94269e+08
6.34939e+08
8.53749e+08
9.98018e+08
9.30634e+07
9.13761e+06
1.28069e+08
3.2258e+07
6.16179e+07
2.35906e+06
4.83184e+08
9.2749e+08
3.80862e+07
1.73284e+08
7.28083e+06
181757
6.18871e+07
1.59701e+08
2.68935e+08
2.42956e+07
3.23615e+08
4.71578e+08
2.62497e+08
8.50034e+07
4.22527e+08
2.04752e+07
2.66855e+07
3.61108e+08
1.06163e+08
1.58363e+07
132862
3.98533e+08
1.19323e+08
1.67251e+06
3.02382e+07
9.89339e+08
4.31023e+07
1.75836e+08
1.62322e+08
8.60819e+07
9.07946e+06
3.05312e+06
108585
1.09619e+09
1.40998e+07
2.09458e+07
3.81176e+08
3.38971e+08
1.22097e+08
1.49283e+08
864434
5.32122e+08
2.12099e+08
7.72197e+08
6.77989e+07
5.0051e+07
5.44013e+07
3.48127e+07
1.58387e+08
3.26025e+06
1.56149e+08
4.09589e+07
8.86897e+07
6.597e+08
2.82787e+09
1.09619e+08
1.05796e+09
8.1246e+07
1.79239e+08
8.12648e+07
6.03218e+08
1.25282e+08
3.79557e+08
2.44334e+08
3.32322e+08
2.95988e+07
2.77304e+06
1.98698e+08
5.11961e+08
2.35134e+08
4.84097e+06
7.50907e+07
6.00639e+07
1.66473e+08
1.68499e+08
6.63109e+07
5.47368e+07
1.5407e+09
4.39149e+07
6.83428e+08
3.4984e+06
1.28444e+08
6.70699e+07
3.05244e+07
1.3955e+08
2.86985e+08
3.72865e+07
7.70084e+07
4.52311e+08
1.08477e+08
5.57009e+07
8.45231e+07
4.33222e+08
2.49725e+08
1.41321e+08
4.80724e+06
1.65393e+06
2.78708e+07
9.88046e+07
1.07175e+08
2.31692e+06
4.83111e+08
1.04108e+07
1.09559e+08
1.75401e+08
3.14444e+08
8.03027e+07
2.70025e+09
7.92078e+06
1.25541e+09
8.66485e+07
1.98111e+08
1.01882e+08
3.59717e+08
3.93999e+07
1.11867e+08
7.54287e+08
6.97409e+07
1.1953e+08
1.46689e+08
2.51892e+08
5.19488e+06
7.07139e+07
1.28e+06
6.08162e+06
5.17803e+07
2.08683e+07
1.08627e+06
7.85128e+06
8.5385e+07
2.44577e+08
2.79468e+08
1.73767e+09
5.19692e+07
4.529e+07
7.36647e+08
8.66907e+07
2.1464e+09
1.62656e+07
6.75151e+08
1.69101e+08
1.98061e+08
1.07387e+09
3.39216e+07
3.00228e+08
1.96795e+08
2.51619e+07
3.12312e+07
1.08318e+08
5.39989e+08
6.01049e+06
971231
1.5158e+08
3.56251e+08
5.52084e+08
2.40759e+08
8.62357e+07
2.91746e+08
1.39806e+08
1.66079e+08
2.44184e+09
9.87515e+07
6.45502e+07
1.13841e+08
1.07254e+08
2.59049e+06
5.744e+07
5.23342e+07
2.23856e+07
6.06359e+06
1.06432e+09
1.84095e+08
1.73823e+08
2.54813e+09
2.19312e+08
6.19311e+06
1.01031e+08
2.1185e+07
3.35545e+08
6.74217e+07
1.08603e+06
1.16845e+08
1.72749e+08
9.32695e+07
1.09162e+09
3.1174e+08
7.97963e+07
7.38574e+08
1.57762e+09
4.0712e+09
5.44181e+08
5.27975e+07
1.30619e+09
3.43134e+07
9.17639e+08
7.16612e+08
4.82064e+07
4.38761e+07
1.09989e+08
2.53699e+07
1.88451e+08
8.74715e+06
1.41719e+06
1.49298e+08
5.395e+08
2.97139e+08
5.84459e+08
2.02408e+08
8.59918e+08
8.9429e+08
3.81547e+09
2.87198e+07
2.18592e+06
1.42102e+08
1.22157e+08
8.25034e+08
5.86123e+07
1.10569e+08
1.02196e+08
1.21358e+06
5.23396e+07
9.76213e+08
4.79101e+08
1.78653e+08
7.76788e+07
8.20258e+08
1.57742e+06
1.05848e+06
3.34584e+07
7.25719e+06
8.89366e+07
3.78222e+08
5.30319e+09
2.00235e+08
4.53193e+07
1.92832e+08
1.93682e+08
1.29414e+07
3.35498e+06
2.75204e+07
5.71639e+06
3.28244e+08
1.04391e+08
4.65619e+08
8.42928e+07
3.83296e+07
3.45512e+08
2.32575e+07
3.02019e+08
2.35143e+08
2.00016e+08
4.9619e+07
1.12924e+09
2.45905e+09
4.91505e+08
5.38478e+07
1.78851e+06
1.09675e+08
1.51632e+08
7.55616e+07
5.03265e+08
1.72922e+09
4.07203e+07
1.81379e+08
9.06152e+07
5.52753e+07
4.62821e+06
1.40385e+08
8.45668e+06
1.21825e+08
8.21527e+08
1.68079e+08
6.90045e+07
3.62377e+08
5.66325e+06
7.61266e+07
6.1987e+08
2.31975e+08
1.51066e+08
1.43868e+06
2.48615e+08
1.63119e+06
1.15739e+08
6.74453e+06
1.93373e+08
2.36656e+07
4.01157e+08
1.26539e+08
1.72592e+08
1.06962e+09
1.06847e+06
9.53532e+07
1.06742e+09
9.48095e+07
1.50476e+08
3.68908e+07
2.67588e+06
1.4742e+06
3.66505e+08
2.31905e+08
6.68924e+07
1.24193e+09
7.1e+06
1.07606e+07
3.58936e+06
1.0979e+09
1.12373e+08
1.94992e+06
5.05552e+07
1.38681e+06
3.41393e+07
5.44065e+07
1.31019e+06
974758
9.92164e+07
1.24017e+08
5.80309e+07
2.02728e+08
1.14521e+07
6.02748e+07
4.49602e+07
1.55376e+08
1.25285e+08
2.4892e+08
1.20233e+08
730962
6.04849e+07
7.4744e+07
990026
3.21347e+08
1.02022e+08
2.64896e+07
85860.2
1.63292e+06
8.51038e+07
569104
6.01412e+07
3.7897e+08
612723
1.31015e+09
5.13324e+06
2.87726e+07
6.03163e+07
2.4259e+08
7.08415e+08
7.2044e+08
1.58804e+08
6.38257e+08
9.88456e+07
1.73008e+08
6.81679e+08
1.99933e+06
1.09146e+07
1.72063e+08
1.30465e+08
4.17545e+08
6.49982e+08
1.98276e+08
7.36937e+07
3.21723e+08
5.88024e+07
1.25981e+09
7.29985e+08
3.81635e+08
6.48242e+08
3.4342e+08
1.10734e+09
1.61749e+06
6.45212e+06
1.1247e+08
4.83811e+08
6.86438e+07
7.19525e+08
2.79399e+07
1.10644e+08
1.15005e+08
1.22158e+09
1.24346e+08
7.86682e+07
8.2723e+08
1.17121e+08
1.76373e+08
8.13981e+07
2.18251e+08
137885
1.16374e+09
2.48766e+08
9.48833e+07
4.46113e+08
1.35372e+08
1.18298e+08
6.67343e+06
9.08082e+06
1.32957e+09
1.26249e+08
1.81232e+08
3.02269e+07
1.08728e+08
1.67276e+08
4.25203e+07
8.21632e+06
4.69143e+07
3.97935e+08
1.25499e+09
6.59086e+08
2.20971e+07
1.27013e+06
843173
1.68453e+07
1.60386e+08
7.40119e+08
6.71207e+08
1.87237e+06
1.14855e+08
7.88002e+08
4.27409e+08
7.63693e+08
1.81361e+08
6.99247e+06
1.38698e+08
113722
2.87124e+08
9.51105e+08
6.76872e+06
1.7068e+08
3.69432e+08
5.24581e+07
3.87826e+07
9.24201e+06
3.09456e+07
1.0763e+09
4.57002e+06
2.5603e+06
9.14427e+07
7.94344e+08
1.18999e+06
4.85824e+09
5.34109e+06
1.8234e+06
6.51953e+08
9.75549e+07
5.68584e+08
7.75626e+08
7.79761e+08
2.67006e+08
4.34122e+08
1.69671e+08
1.6109e+07
159761
2.31427e+08
1.33439e+08
4.00178e+08
1.29335e+06
1.10327e+06
6.20301e+07
8.16623e+08
2.00711e+06
4.97379e+07
2.83412e+08
7.31063e+07
4.41686e+08
5.38242e+07
4.39725e+07
1.64183e+08
5.61826e+07
2.38124e+07
8.48946e+06
1.10621e+08
5.06258e+08
1.84564e+06
4.0266e+07
6.9304e+07
1.32159e+09
1.64406e+08
8.17546e+08
1.48161e+06
5.36023e+07
2.96467e+08
104316
1.16971e+07
1.53721e+08
1.28031e+09
2.06023e+06
1.21217e+07
5.74724e+07
6.9902e+07
9.7489e+08
3.40856e+07
3.58889e+07
7.70991e+07
8.53046e+07
242497
3.68881e+07
4.26123e+07
4.182e+09
9.28468e+08
2.7867e+07
9.2552e+07
748510
1.90991e+08
1.76841e+08
1.41363e+08
1.416e+06
8.85219e+08
4.1678e+06
2.37484e+08
9.80827e+08
946738
295726
6.48298e+07
4.24247e+08
8.97799e+07
1.25082e+08
1.49873e+08
287843
1.47697e+08
1.30807e+06
7.16524e+08
2.18716e+07
1.27077e+08
4.55181e+08
1.38919e+08
1.25706e+08
2.45552e+07
1.98491e+08
2.15833e+08
1.74022e+08
1.2274e+08
6.69089e+07
6.50028e+07
3.98798e+08
2.26489e+08
1.10789e+09
3.77312e+08
2.989e+08
5.78293e+07
2.28867e+07
1.11634e+08
964455
8.52906e+08
7.52509e+08
1.78836e+09
3.63365e+08
8.9623e+07
6.70401e+07
2.93538e+08
1.07234e+09
1.67925e+06
5.19117e+08
2.75484e+08
8.52869e+07
8.97829e+07
2.50411e+08
5.38788e+07
2.78944e+08
2.06031e+06
9.12473e+07
1.72624e+08
1.23963e+08
1.39708e+07
1.05266e+09
5.986e+07
6.01071e+07
8.66995e+06
1.52307e+08
8.60169e+06
155655
6.18887e+06
2.90632e+07
4.15621e+07
5.88713e+08
1.00958e+08
8.47787e+07
93097.8
1.03896e+09
588258
5.91033e+08
9.89343e+07
6.69723e+07
1.05107e+09
1.65478e+08
7.5797e+07
7.96527e+06
3.72776e+07
1.69904e+07
3.16493e+07
7.68766e+07
1.41048e+08
3.64602e+07
1.28929e+09
7.48811e+06
2.94756e+09
1.19819e+08
2.29982e+08
3.40416e+07
7.31761e+07
1.35881e+06
6.54382e+08
380405
3.03166e+07
5.41117e+07
3.2439e+06
1.51155e+08
1.23792e+09
1.80706e+09
1.75233e+09
2.69751e+08
1.81342e+06
3.128e+06
1.43762e+06
1.05805e+09
3.47239e+08
7.50782e+07
1.77322e+06
8.50789e+06
821645
9.00165e+07
1.16553e+08
9.8866e+06
1.01157e+09
1.11591e+08
7.54494e+08
1.44772e+08
2.7208e+07
1.69692e+09
9.07201e+07
7.9005e+07
1.15088e+08
2.21145e+06
2.72837e+07
5.32966e+07
1.72713e+08
309941
1.41406e+08
4.42625e+06
4.82453e+08
1.40288e+09
6.62337e+07
7.34385e+07
1.89095e+08
1.75716e+08
1.3304e+06
2.26801e+06
3.08768e+07
1.06925e+09
1.14617e+08
3.30632e+08
2.95939e+07
1.17856e+08
6.30478e+07
1.42256e+08
1.10946e+08
1.09483e+08
6.08741e+08
1.27524e+08
4.17915e+07
4.1346e+07
5.94989e+07
8.59677e+07
9.28244e+07
9.369e+07
9.72285e+07
1.10117e+08
5.64351e+07
1.53909e+06
1.07897e+07
1.26896e+08
1.39397e+08
7.59599e+08
6.4875e+08
4.4442e+08
1.09362e+06
358697
1.23359e+08
1.25167e+08
4.43909e+07
8.10381e+06
6.48768e+09
1.08081e+09
1.63026e+08
4.06761e+07
2.50174e+07
1.64071e+09
4.65525e+06
8.67582e+07
1.72202e+08
1.4303e+09
1.27607e+08
3.35796e+07
268094
2.8728e+07
1.12096e+08
139558
1.97832e+07
101734
1.07333e+09
8.50614e+07
1.12e+08
7.33748e+08
1.13121e+08
1.63789e+08
1.31262e+09
1.18723e+08
285308
5.55663e+08
1.20913e+08
1.14735e+06
4.64737e+06
2.21317e+06
7.42786e+07
5.56911e+08
1.14846e+07
109578
3.18753e+07
3.74529e+07
6.66601e+08
1.13881e+08
7.32234e+06
2.67545e+07
1.48733e+06
220630
9.97075e+07
3.17313e+08
1.49397e+08
4.91639e+06
1.43909e+06
292287
2.86834e+08
980801
1.22741e+08
4.46125e+06
6.82104e+08
2.98417e+06
238212
1.17489e+08
155359
1.97523e+06
2.40356e+06
1.14272e+08
1.52298e+09
5.03091e+06
6.56573e+07
7.52137e+06
2.01849e+07
1.56134e+07
2.51826e+07
1.54282e+08
878446
5.90633e+09
4.08074e+07
4.30658e+07
7.7132e+08
2.98748e+07
4.49685e+07
7.68953e+07
1.4523e+09
8.11208e+08
6.62378e+07
5.5111e+07
6.96928e+07
575031
9.95138e+07
4.60269e+08
3.36272e+07
564823
2.68129e+07
3.6205e+06
1.06266e+08
1.05413e+08
5.88992e+07
2.30106e+06
4.45329e+09
103517
3.37927e+08
5.87853e+08
8.79084e+07
9.20262e+07
553179
1.47735e+08
189651
3.62814e+06
6.27274e+07
1.40452e+08
2.56904e+08
9.43698e+08
1.17241e+08
1.86541e+08
7.11316e+07
1.83831e+08
3.31996e+07
3.01549e+07
2.92549e+07
8.47563e+07
614250
1.04631e+08
8.29063e+08
5.11049e+09
5.02711e+08
1.19778e+09
635086
3.54684e+07
4.61766e+08
1.41053e+08
3.78813e+07
2.02502e+06
2.51178e+06
3.72303e+07
1.27957e+09
2.49032e+06
170290
8.82829e+07
4.42745e+06
4.84926e+07
1.04666e+06
2.11772e+08
3.79796e+06
1.2054e+08
143667
3.46156e+07
1.38845e+06
1.07286e+08
6.17555e+08
2.73825e+08
9.86428e+07
7.74647e+08
7.86065e+09
1.62937e+09
4.14971e+08
1.56642e+08
1.9173e+09
3.89444e+07
4.49696e+09
5.78649e+08
7.15981e+07
391260
7.16584e+07
7.65289e+08
2.93461e+08
8.41655e+08
223589
1.27638e+08
2.46282e+07
6.92248e+07
2.65988e+07
1.55877e+09
1.61113e+07
2.33773e+07
1.01993e+08
1.07655e+07
1.27976e+08
3.93391e+07
130443
3.51357e+07
141639
3.44203e+08
1.84712e+08
7.57341e+06
116073
9.49947e+07
6.95622e+06
7.00282e+08
4.97922e+07
1.29243e+09
8.23387e+07
1.558e+06
150512
1.16514e+08
1.19976e+08
3.42322e+08
8.16475e+07
9.72128e+07
4.0016e+07
7.95508e+08
3.87065e+08
229941
1.04195e+06
4.32266e+06
6.27152e+08
2.09617e+09
1.76145e+08
1.38821e+08
9.72023e+07
3.1895e+07
4.13113e+08
5.03917e+08
9.75988e+07
1.36895e+09
1.1761e+08
1.32862e+08
1.28186e+08
373630
1.94639e+06
266634
112900
3.2244e+08
5.44163e+09
1.83121e+06
1.25403e+08
5.93459e+07
7.17292e+06
3.89539e+07
9.69863e+07
1.3075e+08
1.636e+06
1.12089e+08
1.95897e+08
3.37656e+07
259440
1.66709e+08
3.97223e+07
4.26884e+08
1.77151e+08
2.26263e+07
3.86199e+06
1.93729e+08
1.038e+08
4.63616e+08
1.07816e+08
1.95415e+08
3.77744e+08
2.95234e+08
1.28676e+08
8.30468e+06
299400
2.19242e+06
8.31277e+07
4.2729e+06
4.11315e+07
1.90343e+08
228626
6.12771e+06
1.27658e+09
5.48837e+07
1.66105e+08
9.46752e+07
2.26147e+08
9.2288e+08
8.19343e+06
3.97106e+07
3.82138e+08
6.85577e+07
1.74604e+08
1.76109e+06
2.67016e+07
3.58093e+08
221776
3.75319e+08
1.10384e+06
3.86527e+07
2.93615e+07
2.03618e+08
1.19788e+08
8.94598e+08
3.81888e+08
9.98459e+08
244998
2.29509e+06
4.75432e+08
1.55225e+08
1.01437e+06
2.83836e+06
8.06408e+07
7.48093e+07
1.59699e+08
1.05889e+08
1.80084e+08
1.04041e+09
8.49458e+07
3.04252e+06
324616
200066
7.56269e+08
4.35065e+07
1.79891e+09
193789
7.63133e+07
6.5751e+08
1.61051e+08
1.07324e+09
154954
3.58018e+06
103933
2.5889e+06
113094
1.81258e+08
125464
3.21278e+06
4.80926e+08
1.79996e+07
2.1048e+08
1.41432e+08
8.19718e+08
3.33363e+08
1.91174e+08
1.048e+06
5.59867e+08
1.85699e+08
2.93778e+08
2.32838e+09
5.05865e+08
6.81869e+07
6.48578e+07
196795
3.05969e+07
537438
3.68216e+09
5.58938e+08
2.14185e+08
1.28335e+09
3.20023e+08
1.1927e+07
8.92827e+08
1.134e+09
3.56579e+07
1.62432e+08
1.53498e+06
8.89951e+08
8.93313e+07
7.45254e+08
1.97066e+07
4.58556e+08
1.88881e+09
8.14489e+06
8.86253e+08
7.74197e+07
1.33213e+08
2.22828e+08
175211
9.32579e+07
5.75776e+08
2.99957e+08
5.27387e+06
6.27931e+06
1.80022e+08
176086
2.73974e+07
1.98216e+08
4.42101e+09
2.27136e+07
8.94647e+08
1.26812e+08
6.21827e+07
148952
7.0088e+06
1.55033e+08
3.22503e+07
7.17094e+08
160152
6.98258e+07
2.02707e+09
9.12353e+07
2.845e+06
1.98088e+07
378226
1.3079e+08
1.34912e+08
1.34194e+09
2.51732e+06
162426
1.07683e+09
2.68678e+09
3.61745e+07
6.63141e+08
1.02867e+09
2.14427e+07
4.10471e+08
2.26172e+09
8.30709e+07
1.84107e+09
6.5762e+08
8.75189e+07
300879
4.32574e+07
8.59185e+06
1.29242e+07
1.38935e+08
1.96222e+06
2.91782e+08
3.12987e+08
2.16994e+06
2.1303e+08
8.01267e+07
8.37709e+08
155909
6.14791e+07
1.50278e+08
1.88786e+07
4.31638e+06
1.23402e+06
4.91813e+08
1.07939e+08
3.9087e+07
1.22883e+09
7.40158e+08
8.8944e+07
1.96043e+08
3.80856e+07
3.06682e+07
134834
7.46703e+07
1.09123e+08
2.41647e+09
3.81099e+07
5.39815e+07
287128
2.13561e+07
1.25747e+09
1.51574e+08
6.00373e+06
338322
2.76846e+08
1.163e+08
8.79598e+08
5.36803e+08
5.40231e+08
239963
1.18858e+09
4.29448e+07
5.91517e+06
4.86691e+07
1.83379e+09
9.50242e+08
1.30708e+09
7.37259e+06
1.74999e+08
9.47999e+06
1.5937e+08
144130
1.85511e+08
248195
9.74489e+08
130876
6.60023e+07
154149
218876
2.57858e+09
1.73141e+08
3.09348e+09
1.26842e+08
166540
1.10031e+08
1.85906e+08
6.85918e+06
2.23182e+06
2.5066e+07
1.43987e+09
198093
9.2311e+07
1.61204e+08
7.66492e+08
1.54565e+07
1.0155e+06
918301
6.39701e+08
1.37931e+09
213680
1.2597e+06
145832
5.75328e+07
1.41472e+08
3.81488e+08
3.49622e+08
1.3803e+09
5.43728e+07
156100
158933
1.31695e+06
385802
1.91904e+07
1.49305e+08
233179
7.82808e+08
149201
165244
3.24214e+08
7.57256e+06
1.8236e+08
2.76525e+08
2.27121e+08
2.19561e+08
8.49757e+07
1.89374e+07
159510
1.24461e+08
9.02394e+07
2.89534e+09
184203
7.19417e+06
4.30656e+08
1.81891e+07
5.71576e+09
9.05788e+07
1.83837e+08
4.51573e+07
4.92249e+09
2.66236e+07
1.99683e+06
1.58762e+08
581698
1.65607e+08
3.34973e+08
1.10508e+06
3.71688e+08
153271
1.41561e+08
2.11535e+09
381647
1.11539e+06
1.31413e+08
1.27883e+07
6.83869e+07
4.49647e+07
4.28608e+07
7.89063e+08
7.92888e+08
4.45404e+08
1.1267e+08
1.21137e+08
3.84513e+07
1.61329e+08
1.10707e+09
1.09985e+07
6.7007e+06
3.04706e+09
1.84529e+08
1.10605e+08
182347
7.50775e+08
1.16136e+06
1.99883e+07
9.64145e+06
2.74771e+08
3.53434e+08
4.94739e+08
1.96186e+09
7.84604e+06
1.07286e+06
2.78268e+07
4.33617e+08
159112
3.20642e+07
6.77221e+08
8.87712e+08
115503
2.86449e+08
1.24588e+08
1.90643e+07
7.93292e+08
1.42027e+08
1.24934e+08
6.39837e+06
5.11639e+08
1.23128e+08
2.42027e+08
5.56996e+09
1.54996e+08
3.6244e+06
1.20431e+09
2.6131e+07
2.83038e+08
3.65446e+08
2.42124e+07
5.08008e+08
1.06248e+08
1.92485e+08
1.77561e+06
1.96934e+08
1.90325e+08
3.33133e+09
1.28516e+08
1.26424e+09
1.20848e+09
1.41597e+08
2.30537e+08
4.63735e+09
428392
6.70316e+07
2.45298e+08
4.68156e+08
1.78851e+06
4.02272e+07
1.89345e+09
6.09851e+09
2.90407e+08
1.05039e+08
8.47514e+06
133511
1.57757e+09
3.83759e+08
1.6258e+09
1.59771e+06
5.01706e+06
6.26616e+08
2.18919e+08
8.0289e+07
3.03429e+07
7.33556e+07
1.72106e+08
3.84433e+08
2.86035e+08
1.62442e+08
7.18416e+07
1.03984e+08
6.81301e+07
8.30847e+08
9.7957e+08
2.15167e+09
2.07723e+08
1.16841e+07
1.46409e+08
3.02574e+08
1.12469e+09
7.64512e+08
2.57833e+07
1.70214e+06
3.72942e+08
7.57393e+06
1.57451e+09
6.59658e+07
1.0279e+08
6.22936e+07
5.06146e+06
3.60706e+09
2.01231e+07
4.24331e+07
1.5974e+06
9.62641e+08
7.67715e+07
9.69977e+08
4.56257e+08
2.07832e+06
5.78362e+08
8.17095e+06
96855.9
1.42433e+08
935843
9.98432e+08
2.92898e+07
169441
3.04505e+08
1.52008e+08
2.01785e+06
1.19905e+07
9.25255e+08
3.10489e+06
5.61461e+07
838004
1.25946e+07
4.07235e+07
1.6747e+09
2.85738e+08
1.72898e+08
403119
9.03568e+08
1.76812e+06
4.76628e+08
8.82835e+08
4.57202e+08
2.34987e+08
4.19477e+06
2.84636e+08
6.63968e+07
151241
123743
129915
1.9449e+08
1.30177e+07
1.42906e+08
4.78703e+08
8.72273e+08
119238
1.51419e+08
1.55998e+09
6.998e+07
3.4819e+07
2.03585e+07
124931
132017
1.41813e+06
1.8372e+08
7.68333e+07
3.2099e+08
5.35309e+08
3.89166e+09
7.91092e+06
1.72779e+07
1.22065e+09
6.01779e+08
197124
1.76744e+08
3.31919e+08
7.27083e+07
8.09764e+07
259955
8.96777e+07
3.28109e+08
5.24282e+06
5.66388e+08
1.36993e+08
249327
437424
1.76049e+09
141328
3.85416e+08
2.86713e+09
1.59988e+08
1.24931e+09
1.56513e+07
1.82434e+08
1.98788e+07
1.02935e+08
3.14272e+08
1.20573e+08
5.02228e+07
3.24366e+06
2.68416e+09
2.17726e+08
3.27106e+09
6.95116e+08
1.15531e+08
2.248e+06
5.74286e+08
9.01266e+07
2.51385e+08
2.89281e+08
1.09847e+06
1.05701e+09
2.36208e+07
4.06247e+08
9.51277e+08
109523
2.14765e+08
1.25479e+06
5.8289e+07
6.81914e+08
7.72947e+08
3.12809e+09
167487
1.30872e+08
843306
3.92371e+08
5.58679e+06
8.0939e+06
9.58833e+08
1.31916e+08
2.12441e+08
162205
1.45931e+08
4.94193e+08
179700
237846
2.18394e+06
3.80475e+07
2.83264e+08
270908
2.33361e+08
530205
2.83518e+09
4.20378e+08
4.08761e+07
4.4927e+08
3.63129e+07
282570
1.5554e+08
3.11977e+06
1.22522e+06
1.47061e+06
4.139e+09
3.69741e+06
8.01662e+07
7.62759e+07
6.14684e+07
202590
4.05291e+08
2.08332e+06
9.48129e+09
2.48953e+06
2.38721e+09
1.30089e+08
3.24862e+08
2.0037e+06
2.32437e+09
3.86995e+07
97604.8
2.37694e+08
2.95441e+08
7.65115e+07
1.96156e+08
6.28536e+07
231335
1.87116e+08
158105
1.27307e+06
2.07707e+08
8.13336e+07
7.01673e+08
1.1486e+09
1.87215e+09
1.0175e+09
8.37894e+06
1.51829e+08
1.76447e+07
2.3766e+06
4.23736e+08
3.14924e+06
1.26434e+09
2.79884e+09
268664
7.5125e+07
2.78666e+08
4.12158e+08
5.98065e+07
4.06895e+07
6.23763e+07
1.06873e+06
4.66656e+08
320888
164217
1.11581e+08
1.79284e+06
1.79773e+09
1.14003e+06
1.98516e+09
2.62186e+09
5.481e+08
6.91231e+08
2.14459e+06
2.52303e+08
7.13729e+07
6.59445e+06
162420
108314
3.00534e+08
2.28043e+07
1.00888e+08
4.30161e+08
359150
5.98452e+08
3.27645e+08
2.90224e+06
8.8308e+06
3.11887e+08
5.9871e+08
1.82244e+06
450364
2.13748e+07
1.73653e+08
5.30416e+07
5.57086e+07
2.14547e+09
2.46688e+07
1.14249e+06
174233
1.56633e+07
1.75118e+07
123324
798600
671471
8.07957e+06
4.58518e+08
1.8435e+08
1.04644e+09
1.90897e+06
1.04347e+09
2.32545e+06
6.01633e+08
3.83484e+07
2.17758e+09
867134
2.0295e+08
4.1089e+09
156794
1.50576e+06
4.3614e+06
1.98309e+09
1.5929e+08
8.89348e+07
185961
1.6745e+07
1.49172e+07
1.47295e+09
192722
133609
1.3486e+06
1.09018e+08
4.9875e+08
2.05618e+07
2.50679e+08
2.36648e+07
1.59859e+08
5.80226e+08
1.54727e+08
2.37658e+08
1.45983e+08
4.10461e+07
4.34616e+08
1.58751e+08
1.93144e+07
1.13675e+09
3.04708e+08
1.37655e+08
2.071e+08
1.74716e+06
219292
3.34822e+09
1.49512e+08
2.80686e+09
2.40467e+09
6.17354e+06
127003
1.13171e+09
8.37148e+08
3.63321e+07
4.41125e+07
3.86808e+07
1.25298e+07
442751
1.83364e+06
4.1589e+06
8.33689e+06
5.99364e+06
1.40388e+08
2.31138e+08
1.52877e+06
4.02603e+07
540080
1.38554e+08
150459
1.83001e+06
3.20021e+08
1.6425e+08
2.07209e+09
3.95782e+08
4.52269e+08
9.79096e+07
97097.4
3.35734e+07
1.87452e+07
482804
8.05053e+07
7.70204e+07
282868
1.43614e+07
1.05832e+09
1.99712e+08
137957
9.97315e+07
2.46906e+08
4.17303e+06
3.41737e+06
1.18513e+07
6.51651e+07
3.83616e+06
1.59108e+08
3.87464e+08
4.19133e+06
3.86789e+08
7.64518e+08
1.07746e+07
1.55305e+07
347880
1.71843e+09
2.50206e+09
4.56726e+08
141429
2.16975e+06
124798
1.69834e+08
150938
1.79215e+06
2.55274e+08
1.13157e+06
781780
1.91673e+08
444288
5.75078e+06
1.26993e+09
733000
5.22662e+08
133684
1.18771e+07
8.07049e+07
3.51849e+07
9.67852e+09
6.83318e+07
1.84465e+08
3.96702e+08
3.62399e+07
1.41768e+07
3.20868e+08
6.87585e+07
1.08798e+08
1.40655e+06
1.22046e+06
1.56392e+06
214310
1.26476e+08
3.64948e+08
4.01217e+08
6.97015e+09
1.05609e+08
115326
3.18139e+08
7.81711e+09
6.04093e+08
5.7437e+06
3.69648e+08
9.54049e+07
1.20459e+08
1.0876e+07
162892
2.65234e+07
1.23583e+08
4.71029e+08
6.88628e+06
2.77875e+09
2.53551e+07
1.19671e+09
1.5424e+06
2.97534e+08
1.69717e+06
1.6706e+08
3.28569e+08
1.01746e+07
193439
4.53288e+09
1.89924e+08
1.42384e+08
1.68571e+08
2.24353e+07
2.7622e+06
9.27547e+07
3.43247e+08
2.77155e+09
1.65066e+07
1.56937e+07
1.96568e+08
9.70478e+07
6.44879e+07
1.7784e+07
3.81813e+07
4.44427e+08
1.73256e+07
3.45145e+08
218759
163431
5.04038e+07
3.51362e+08
159221
5.12935e+08
199641
1.82606e+08
6.05672e+07
4.32078e+06
1.0828e+08
4.89592e+08
156454
1.50767e+06
2.46591e+07
2.6529e+08
2.99874e+09
463792
3.27376e+08
250503
292314
6.70457e+07
1.76736e+08
6.26798e+06
8.57917e+08
2.10078e+08
1.23397e+09
169607
5.41523e+08
2.01079e+08
3.61307e+08
4.21424e+07
3.12454e+06
3.11295e+07
1.03505e+08
2.50105e+08
1.91056e+07
1.08776e+10
5.29838e+07
8.93769e+07
2.67196e+08
159307
2.38965e+06
1.97639e+08
4.12582e+08
5.89598e+06
1.56828e+09
9.2773e+08
1.27371e+06
392527
2.13699e+07
5.21424e+08
3.18812e+09
958107
1.36386e+08
5.35707e+07
495807
329258
8.43241e+09
8.78983e+06
4.14485e+08
7.81814e+08
1.72398e+09
6.72853e+08
1.31775e+09
1.54796e+07
1.01519e+08
741817
165655
2.46883e+08
6.90807e+07
8.07577e+08
1.81193e+08
4.44544e+08
3.31393e+08
2.56659e+08
1.19627e+08
4.26357e+08
1.97841e+06
5.09712e+08
140235
2.21429e+08
3.49901e+07
1.73027e+06
3.7018e+08
1.02517e+09
1.39294e+09
3.84943e+08
4.21498e+06
1.7188e+08
177827
7.7027e+06
1.22054e+09
1.35861e+07
2.03382e+08
576232
1.12956e+09
155979
147040
3.41754e+07
1.13537e+09
1.6705e+07
5.30014e+07
1.03526e+06
2.12777e+06
3.46873e+09
6.11471e+07
3.00207e+08
197273
141248
7.54072e+07
137312
1.8428e+08
4.8179e+07
227318
1.95318e+08
1.35509e+08
1.26587e+08
4.03144e+08
1.29413e+07
2.2454e+06
4.73468e+07
97860.9
1.06337e+09
1.73058e+09
7.53375e+07
1.44347e+09
2.39478e+07
3.32323e+07
1.99582e+07
136180
4.78322e+09
5.89987e+07
7.67558e+06
168960
185541
3.90035e+08
5.58326e+08
4.07296e+07
2.16719e+06
229167
1.40898e+08
1.77482e+08
3.4991e+08
4.45334e+06
3.05684e+08
2.42244e+08
4.22247e+08
245205
1.54306e+06
1.136e+08
5.00411e+08
3.87e+07
7.03657e+08
1.3985e+09
2.64398e+07
4.05304e+08
352768
6.91175e+06
406908
4.56052e+07
2.92634e+08
1.6562e+09
967284
1.98619e+08
6.66032e+09
6.19385e+08
4.28323e+08
4.89747e+08
295341
9.47798e+09
823891
1.11401e+09
3.58677e+08
6.23987e+07
1.00548e+08
1.29337e+06
1.66339e+06
1.2557e+08
1.87688e+08
5.18187e+07
4.35164e+08
902547
4.56621e+06
297747
469884
4.08674e+08
183521
1.12325e+08
3.53691e+07
5.13128e+08
136085
2.80919e+07
1.17993e+08
366780
3.71965e+09
8.60302e+08
86188.8
1.48104e+06
796838
1.04984e+07
531183
390395
136796
4.8288e+09
208801
943342
1.93922e+08
4.58822e+08
1.39287e+08
2.85521e+07
2.60851e+07
1.31551e+09
1.312e+07
2.85348e+08
1.42138e+07
4.20295e+07
6.31326e+07
3.80876e+08
1.21343e+08
702173
2.23803e+06
2.06451e+07
1.42257e+08
1.52592e+09
604969
1.24077e+08
3.69015e+08
1.36889e+09
1.00976e+09
2.28863e+08
6.8541e+07
5.63159e+08
6.35029e+08
2.9267e+08
1.84989e+07
4.59343e+09
3.62796e+08
1.72624e+08
1.77166e+07
4.27422e+07
1.92872e+07
1.12736e+07
9.49522e+08
9.03882e+08
4.71233e+08
1.89242e+09
352431
7.58289e+07
2.15585e+06
1.04296e+08
4.2602e+08
6.63446e+07
4.0267e+09
1.0419e+07
4.43171e+08
1.3364e+08
208022
4.47227e+09
1.26265e+07
1.58662e+08
3.09841e+08
3.68625e+08
175261
2.60194e+09
3.88655e+08
2.63807e+08
3.05518e+08
5.59231e+08
963777
1.9321e+08
1.50971e+06
5.58299e+06
142201
3.92146e+08
1.20746e+06
4.01397e+08
1.62706e+06
1.85587e+06
1.82012e+08
3.55708e+06
1.00346e+09
4.9669e+08
2.07326e+08
2.03024e+08
7.47969e+06
4.86252e+08
3.94245e+07
2.04817e+07
5.30484e+08
1.47588e+06
2.30124e+08
2.12e+06
7.32592e+06
2.73207e+08
4.03126e+08
5.03166e+07
2.11616e+08
2.50337e+08
2.79452e+09
7.84568e+07
1.42193e+08
1.34173e+08
1.03112e+08
5.97391e+09
151076
6.96987e+08
333881
4.15054e+09
983989
506154
1.72424e+09
1.59061e+09
3.33736e+09
98480.2
2.07911e+08
1.12165e+08
3.51037e+06
7.00681e+08
2.9421e+09
133838
2.49121e+08
6.54839e+06
5.65539e+08
4.06675e+08
1.76752e+09
5.44152e+08
8.98324e+08
1.29432e+08
3.48292e+08
4.28562e+08
3.57212e+09
5.10437e+06
8.17131e+07
2.95799e+08
2.67162e+09
6.35041e+08
2.87575e+06
168538
149468
1.79822e+08
104638
8.03332e+07
1.43642e+08
3.64648e+07
5.25881e+08
5.76678e+06
1.70623e+08
4.16637e+08
1.85243e+08
2.5197e+07
179448
216755
1.37815e+07
250559
2.29572e+09
3.46981e+07
6.10052e+07
7.21903e+07
1.59701e+06
3.47848e+08
1.27132e+08
1.84103e+06
1.12253e+09
1.35035e+08
391769
2.05164e+08
339480
287576
738714
2.52033e+08
1.50133e+07
1.80808e+07
2.39353e+06
4.18406e+07
120789
9.41611e+07
4.26177e+08
3.85831e+08
421341
551404
6.70244e+06
3.73327e+07
4.53668e+08
7.54345e+07
3.11406e+09
6.74305e+07
7.94521e+06
2.16004e+09
4.42005e+08
174843
6.30487e+07
1.00887e+09
1.01165e+08
5.56181e+08
1.49239e+08
1.1605e+07
9.13905e+06
1.02213e+09
6.59437e+08
2.49649e+09
2.4109e+09
6.90883e+07
3.19252e+08
2.45637e+08
2.71031e+08
1.97289e+08
1.70483e+09
1.57113e+08
1.0411e+07
2.4561e+08
9.93466e+07
9.17276e+08
5.79339e+06
2.39698e+08
9.8424e+07
4.3874e+08
2.14612e+06
4.10998e+06
873110
1.31625e+08
9.34648e+07
1.17984e+08
3.14609e+08
2.22833e+06
1.25649e+07
7.33994e+07
6.0381e+06
4.33403e+09
5.09276e+08
2.1908e+08
3.33021e+08
4.43273e+08
2.85571e+08
8.02958e+08
1.49399e+07
6.07423e+07
1.29792e+09
1.26052e+08
3.41317e+07
2.17115e+08
2.2796e+06
7.67907e+06
6.08022e+07
8.94082e+07
1.62082e+08
1.43342e+08
5.89624e+08
6.37976e+07
1.08661e+09
1.05537e+08
2.72332e+09
2.38197e+08
2.97451e+08
1.37952e+08
2.45659e+06
5.06007e+07
4.73583e+08
4.85633e+06
7.52322e+07
9.03191e+06
903600
8.12323e+06
673066
510975
2.60695e+09
2.95554e+09
7.00484e+08
1.86137e+08
5.22151e+08
4.10919e+07
4.78935e+07
1.58209e+06
3.93649e+08
611167
1.04418e+09
207537
3.57099e+08
2.82631e+07
2.44044e+08
264484
4.58218e+06
3.56703e+08
5.60326e+07
3.47504e+08
4.94272e+07
8.89654e+07
8.39927e+07
4.31344e+07
2.44408e+09
4.73598e+08
2.22194e+09
1.40847e+09
7.29408e+08
6.08898e+07
2.66953e+08
3.33118e+08
111563
2.01103e+06
1.45541e+08
5.64847e+07
1.84919e+07
4.6482e+08
2.52191e+09
6.38076e+08
2.95771e+06
2.29427e+09
3.6548e+08
3.34037e+08
2.36451e+07
2.24347e+07
8.34412e+06
2.40539e+07
3.83226e+07
7.13494e+07
8.33246e+08
2.89036e+07
801518
6.16972e+08
7.33865e+06
7.22572e+08
3.64292e+07
5.8979e+08
3.47247e+08
2.01837e+07
3.19313e+07
315388
9.87727e+07
2.52462e+07
8.92305e+07
6.85479e+06
1.48378e+06
6.27059e+08
4.61938e+09
1.21808e+06
1.88992e+08
3.57085e+07
1.13151e+08
4.08542e+08
3.65506e+08
2.51875e+07
9.33427e+07
4.20545e+06
1.17684e+09
2.86653e+08
2.31174e+08
5.79945e+08
5.48475e+08
1.79186e+08
8.70964e+08
9.41553e+07
1.26827e+09
530827
3.32473e+07
2.03776e+07
2.13811e+07
8.58165e+07
2.39451e+08
2.08053e+07
1.65399e+07
2.87453e+07
7.24423e+08
1.1326e+08
3.99164e+07
9.83729e+06
1.55023e+06
6.27473e+08
3.03818e+08
4.96031e+08
3.28057e+08
1.2091e+09
6.43357e+06
3.01709e+08
3.83606e+08
1.09841e+08
4.75948e+08
5.1606e+08
185087
1.36811e+09
3.02695e+07
4.75546e+09
1.1397e+09
2.4913e+09
7.16469e+07
8.80665e+06
1.89512e+09
7.33037e+07
9.44287e+07
4.25175e+08
7.01524e+07
2.57602e+07
1.08507e+08
8.50511e+07
9.60601e+07
4.98557e+06
1.21421e+09
1.40916e+06
3.65179e+09
1.08347e+09
4.70594e+08
1.99897e+07
1.64239e+09
8.17152e+08
3.437e+08
302725
6.12026e+07
1.67436e+08
1.38413e+06
3.146e+09
4.65354e+08
5.65703e+08
2.80126e+07
390859
3.25179e+08
5.81218e+08
2.0788e+06
4.79752e+09
7.07344e+08
6.68058e+08
1.3237e+09
2.94318e+07
4.03581e+07
4.93992e+08
2.65198e+08
1.20153e+08
2.65119e+08
7.17108e+07
2.65095e+09
1.32661e+07
8.03439e+08
1.45944e+09
3.64041e+08
1.53343e+09
4.27525e+09
1.02932e+09
1.9345e+07
8.71017e+08
2.89027e+06
1.30568e+08
8.3526e+07
4.83325e+06
7.16747e+08
3.55683e+08
4.28283e+08
3.98172e+08
7.37256e+07
4.46969e+08
1.60431e+09
3.31931e+08
1.61383e+07
6.28413e+07
5.381e+08
1.38463e+06
3.21204e+08
1.40873e+08
5.09568e+08
5.85159e+08
5.89031e+06
3.82039e+08
9.69474e+07
1.15726e+10
7.04353e+06
7.32859e+08
2.98783e+06
2.4893e+08
1.26035e+08
1.18796e+08
4.29082e+07
1.18458e+08
1.98421e+09
2.14397e+07
4.86329e+07
1.45449e+07
9.20881e+07
1.08204e+08
3.10392e+06
5.24599e+08
176834
1.9069e+09
2.75619e+08
2.95557e+08
1.13359e+06
3.95759e+09
8.01691e+08
158104
4.44458e+08
5.72264e+06
8.03384e+07
1.02418e+08
3.19929e+08
1.75139e+08
1.86839e+08
3.25438e+09
2.0111e+08
1.35407e+08
148942
5.62376e+08
2.85526e+08
4.6549e+08
2.17324e+08
1.79988e+08
2.42693e+06
4.31939e+07
5.95145e+07
3.68171e+08
4.96261e+08
2.37634e+08
4.26668e+08
2.00955e+06
4.04268e+08
1.71854e+08
1.97791e+07
1.01932e+09
4.17184e+09
4.77237e+08
1.41524e+08
5.28382e+06
1.56096e+08
3.76942e+08
5.80381e+08
5.70016e+07
3.8006e+08
9.79102e+08
1.27768e+07
5.50681e+08
1.97705e+09
160805
1.07071e+07
3.22291e+08
5.06198e+08
3.67997e+08
1.90813e+09
4.05743e+08
7.12807e+08
4.6902e+07
5.31702e+08
1.56485e+09
3.77803e+08
4.33714e+08
4.71137e+08
1.01755e+08
5.06391e+08
2.54949e+07
7.76962e+06
5.02971e+08
3.71123e+08
3.19756e+08
2.95837e+09
7.75795e+08
7.78042e+07
1.78798e+08
1.68583e+08
3.00719e+08
1.00184e+09
8.19971e+08
3.42328e+07
5.29998e+08
5.51663e+08
1.61777e+07
1.55861e+09
1.87081e+07
3.2933e+08
1.43707e+07
5.513e+08
1.49653e+09
1.33857e+06
4.37192e+08
1.4043e+06
9.38074e+06
6.97976e+06
4.46642e+08
1.27136e+08
4.27773e+08
5.001e+08
6.74283e+07
7.82746e+08
145024
8.04107e+06
4.33904e+09
2.29364e+06
3.56646e+07
9.65563e+08
2.39609e+07
1.57722e+06
1.46403e+07
3.91466e+08
2.34608e+07
4.73038e+06
3.76399e+08
3.78182e+07
1.36439e+06
4.24257e+07
5.78935e+08
2.4441e+09
3.45305e+07
4.40469e+08
4.65133e+07
2.04372e+09
1.02017e+07
6.89879e+08
2.10838e+09
2.69482e+06
3.27222e+08
1.73452e+08
5.77312e+08
8.45017e+06
1.4609e+07
8.71254e+07
5.41893e+06
5.55278e+07
8.05523e+08
1.49251e+09
1.05359e+07
2.47163e+07
1.10554e+08
1.48733e+07
1.18847e+08
4.36847e+07
1.79462e+07
3.87065e+08
2.85394e+07
3.74087e+08
4.35376e+07
2.10433e+08
1.88803e+08
5.73089e+08
4.21461e+08
6.32224e+07
2.09206e+08
6.7043e+08
2.11427e+07
1.27203e+06
2.28988e+07
5.32905e+08
7.13286e+07
2.36641e+07
8.55409e+06
7.27368e+08
3.27337e+08
5.41427e+08
5.62067e+08
2.09828e+06
191800
221567
277473
449173
412963
781813
687804
333043
280423
134873
382839
280336
145017
90939.8
188370
6.31535e+07
551352
465010
7.58601e+08
2.53954e+06
2.22347e+06
756039
594138
5.63394e+07
7.41254e+08
4.43766e+09
230003
2.23579e+09
1.0274e+09
1.65728e+06
2.45666e+06
1.89383e+07
4.48764e+08
182914
2.07625e+08
1.90623e+07
135592
5.47271e+08
5.17901e+07
2.46687e+06
1.70153e+06
6.91313e+06
7.08176e+07
5.08479e+08
2.39914e+06
3.07073e+07
7.62511e+06
6.31022e+08
1.15151e+07
2.24863e+08
2.09018e+09
3.08877e+06
6.65197e+07
2.28832e+06
1.87325e+08
8.78291e+08
6.01906e+08
188403
4.22754e+08
5.6023e+08
6.19075e+08
1.83146e+06
3.80315e+09
5.59236e+08
7.46702e+06
4.15991e+06
1.64041e+07
8.87488e+07
1.77863e+07
4.46172e+08
2.39235e+08
4.35991e+08
6.28887e+07
1.08372e+08
1.28606e+09
4.24393e+08
134122
3.5984e+08
787100
6.2029e+08
6.47098e+07
1.25374e+08
146506
3.28526e+07
4.03751e+08
2.12234e+09
9.793e+07
2.69642e+07
1.44983e+07
5.99273e+08
137188
103991
1.38294e+07
1.65304e+08
7.61129e+07
9.28684e+08
2.39668e+07
4.28982e+08
2.40801e+09
2.22251e+07
1.5828e+06
7.66954e+08
1.6558e+09
7.38864e+09
5.54282e+09
7.11544e+08
6.17954e+08
1.93316e+07
1.685e+06
1.10708e+08
846643
1.54097e+07
4.08572e+06
1.02612e+09
9.56632e+07
1.4955e+07
6.94707e+07
6.25107e+08
312787
5.63176e+07
4.81915e+08
9.55693e+08
5.5621e+08
3.54911e+08
926710
1.65252e+09
2.15836e+08
1.80725e+07
3.84228e+08
6.85245e+08
3.60534e+07
3.62109e+08
1.44684e+06
2.63914e+06
3.74624e+09
7.04105e+08
2.90994e+09
1.33901e+08
1.6008e+08
2.60188e+08
210858
2.64296e+08
8.87908e+06
2.30684e+07
4.21017e+08
2.35897e+08
3.27075e+07
1.28675e+07
3.37936e+07
1.12307e+07
4.82658e+07
3.18222e+08
149023
2.10713e+08
1.33565e+07
3.31843e+09
5.32095e+06
1.16269e+07
1.80233e+06
303079
4.20392e+08
7.58207e+08
6.48645e+06
7.63669e+06
1.42441e+07
1.14906e+08
2.62127e+08
4.3524e+08
7.68857e+07
1.279e+08
2.82786e+06
5.1133e+08
6.76046e+06
6.43281e+08
1.42521e+08
3.73145e+08
1.36974e+08
2.3911e+06
1.18073e+07
1.29928e+09
623161
4.0895e+07
1.18726e+08
5.25422e+07
2.05292e+06
1.21336e+09
7.94727e+07
5.06645e+06
184501
1.98167e+09
9.32092e+07
127184
3.94844e+09
7.60095e+08
8.4311e+06
9.50584e+07
1.33932e+07
4.19568e+08
1.7256e+09
2.47604e+09
6.01228e+08
1.64039e+08
7.47747e+08
9.82435e+07
1.88631e+07
6.42121e+06
3.0985e+08
4.66542e+08
4.09372e+08
199007
9.54511e+06
119840
1.38356e+08
1.13169e+07
3.84315e+08
1.97336e+07
1.23465e+08
5.3246e+08
6.8865e+08
4.47927e+07
1.40612e+08
2.11717e+06
2.34284e+07
9.0182e+06
1.18716e+07
3.63959e+08
3.55008e+07
2.97287e+07
4.89295e+08
5.1602e+08
317721
98420.3
6.82381e+08
8.98181e+07
4.16671e+09
166578
1.01298e+08
8.48345e+07
2.26922e+07
4.80505e+08
6.14939e+08
4.63752e+09
4.46272e+08
6.39812e+08
1.06048e+07
4.51506e+08
8.9152e+08
4.98103e+08
9.70077e+06
4.39795e+07
3.93647e+08
770126
6.93817e+07
9.96472e+07
1.03233e+07
2.48591e+09
6.12181e+08
258845
4.58947e+08
1.54854e+07
2.81278e+06
2.67713e+06
8.0845e+07
3.96513e+06
1.805e+08
7.25643e+07
1.00082e+09
127222
3.9515e+08
4.27638e+06
4.39631e+09
3.83221e+08
1.05049e+07
8.75254e+06
9.89053e+07
6.14829e+06
4.71904e+08
3.13139e+08
7.47735e+06
2.32526e+06
5.59067e+06
1.21788e+07
1.08567e+09
1.8417e+07
2.49279e+08
1.39375e+07
8.07912e+08
7.94272e+06
1.1525e+07
1.19412e+07
8.15606e+08
3.74343e+08
9.49148e+07
4.3542e+09
152212
9.6901e+07
5.41599e+08
1.68042e+06
2.93677e+06
1.43114e+06
7.5826e+06
1.81482e+07
6.55903e+08
5.44165e+07
1.92294e+07
121486
4.08014e+07
9.05561e+06
7.09792e+07
116121
1.98502e+08
1.72515e+09
2.9628e+08
4.89029e+08
2.04786e+08
5.87943e+07
140171
3.11471e+08
1.87402e+06
5.52639e+08
8.76759e+06
2.28526e+09
2.86016e+08
2.03664e+08
245988
109093
92402.8
113647
8.48689e+08
3.42518e+07
2.62052e+07
970983
8.3182e+07
6.15242e+06
4.51125e+09
394748
85796
1.55618e+09
1.49176e+06
164850
1.23936e+06
2.64343e+06
3.13201e+08
1.42365e+06
2.3025e+07
3.86048e+08
188756
7.18356e+06
181130
1.46002e+09
830089
5.5284e+09
119466
1.63388e+09
1.79877e+06
137345
5.08292e+08
4.91575e+08
2.3957e+07
516024
1.17897e+06
1.63042e+06
149097
5.39692e+08
4.67597e+08
154285
1.62591e+08
1.43569e+06
1.89779e+07
8.59406e+07
5.59192e+06
4.09799e+06
4.64548e+08
4.03986e+08
5.73918e+08
5.44315e+08
3.22168e+08
159625
2.18768e+07
334816
2.26812e+08
1.71938e+09
165955
4.76877e+08
2.41492e+06
617900
2.9674e+08
416056
5.63719e+07
4.99855e+06
1.95843e+07
5.21594e+08
116264
3.35793e+08
211164
1.76326e+07
188020
7.67309e+07
6.63689e+06
6.10857e+08
6.15592e+09
8.64552e+08
3.94792e+08
3.03369e+06
2.73623e+07
869546
5.31343e+08
3.20384e+08
4.03628e+08
8.9774e+07
159856
3.96769e+08
4.39345e+07
2.85451e+07
5.29666e+07
2.06045e+08
5.76398e+08
5.63759e+06
3.08689e+07
5.07971e+08
4.9279e+06
2.00197e+06
4.54477e+06
275876
4.55378e+06
1.04556e+08
8.45824e+06
3.1226e+07
337379
5.57715e+08
5.69641e+07
5.92814e+08
6.12491e+06
1.10435e+08
1.76141e+06
7.84136e+08
4.75665e+08
7.42408e+07
316117
1.18746e+07
2.24844e+09
5.46826e+08
7.26719e+06
5.35577e+08
6.07999e+06
1.32375e+07
2.59772e+09
1.27556e+08
5.54046e+06
3.72547e+07
5.82313e+08
6.2269e+07
1.47329e+09
1.67229e+08
2.97984e+08
9.58522e+08
2.55118e+08
1.3708e+09
1.87546e+09
6.76741e+07
4.33765e+07
3.28396e+08
3.38586e+07
2.10005e+09
5.08335e+06
1.96776e+06
4.08582e+06
3.22917e+08
6.40545e+06
5.63654e+08
2.16244e+08
6.60838e+06
3.07465e+08
1.64717e+08
7.9234e+06
2.98535e+06
2.53127e+06
2.40392e+07
3.20628e+07
2.07039e+08
3.84447e+08
9.02366e+07
4.13558e+08
5.22389e+08
5.24842e+08
1.10456e+06
1.41823e+08
5.77723e+06
1.46718e+08
1.84688e+08
1.01866e+06
1.83972e+06
6.71175e+07
7.54475e+08
5.17128e+08
8.75062e+06
5.34324e+08
3.99257e+06
6.97384e+06
5.99003e+08
6.80087e+06
1.27371e+09
5.74986e+07
6.9129e+08
646968
272087
7.66849e+08
8.69567e+08
7.27516e+06
8.35949e+06
1.55499e+08
218259
3.5582e+08
1.91172e+07
2.12552e+06
7.12099e+07
1.37852e+08
1.09084e+07
4.15846e+08
8.39929e+06
7.67402e+08
2.1171e+07
2.03575e+09
2.69106e+06
2.02905e+09
1.55295e+08
270224
7.46629e+08
5.79719e+08
2.52123e+08
1.49297e+06
1.17293e+08
1.8156e+07
1.2277e+09
8.02194e+07
5.7439e+08
1.53972e+06
313248
6.44671e+08
6.56919e+07
8.87193e+07
1.73621e+06
1.70411e+08
3.2079e+07
166847
1.72463e+07
1.16211e+09
4.99459e+06
1.71189e+06
117484
1.79307e+09
1.00451e+08
5.05086e+06
3.45863e+07
1.08867e+09
4.64584e+06
3.69263e+06
8.029e+08
2.81922e+06
3.70205e+07
6.74389e+06
3.51114e+09
4.30281e+08
1.85282e+07
397935
4.33723e+08
6.75917e+08
6.48509e+07
2.45303e+07
1.71953e+07
981380
5.25738e+08
390011
3.97496e+08
6.06058e+08
4.26347e+06
1.2856e+09
1.58236e+09
166654
1.6538e+06
344320
2.49628e+06
5.64349e+08
2.76953e+07
86820.9
5.4042e+07
1.02845e+09
1.51774e+07
1.97793e+08
1.87316e+08
1.10221e+08
1.83571e+08
1.0325e+07
1.82852e+06
9.35674e+07
4.92852e+07
1.26939e+07
1.50559e+08
7.51018e+08
1.95965e+08
1.94574e+08
1.51695e+08
5.35201e+08
784172
3.89014e+07
1.88028e+08
3.86762e+08
1.09616e+09
1.24304e+09
8.10858e+08
1.34639e+06
4.71335e+07
8.78261e+06
5.15584e+07
3.55364e+07
4.77097e+08
3.5314e+07
1.29976e+09
3.53029e+09
3.354e+07
7.72196e+08
8.29555e+07
1.10887e+07
8.73694e+08
3.48045e+09
4.97881e+08
3.82872e+06
7.11145e+07
6.40248e+07
5.76426e+08
2.95024e+08
2.15053e+08
1.04609e+09
2.19626e+08
2.85835e+06
2.10185e+08
5.45668e+08
3.68317e+07
2.37615e+09
184923
1.82892e+07
3.29883e+08
5.93319e+07
5.91263e+06
7.06726e+07
4.46533e+06
2.17407e+07
7.01798e+06
3.9056e+08
5.93783e+08
9.42108e+07
2.59794e+06
1.33246e+09
6.2191e+08
8.50501e+07
1.74077e+06
4.67381e+08
4.01082e+07
688645
3.59304e+06
5.31221e+07
1.19968e+09
326633
2.85594e+07
2.71945e+08
885266
180603
3.49658e+06
6.43888e+06
2.08469e+09
7.61495e+06
1.08844e+07
2.06192e+06
1.51529e+08
5.43109e+06
1.80408e+06
1.06423e+07
2.80927e+06
1.18476e+09
2.73338e+06
5.88759e+06
1.71784e+06
5.81633e+08
473591
735173
1.50593e+09
2.35401e+06
615796
4.92425e+08
3.13441e+07
293230
3.58423e+08
7.06041e+07
1.99068e+08
4.88837e+07
9.80604e+06
1.40567e+09
2.54116e+06
996007
104713
8.22824e+08
6.1564e+06
5.46191e+08
7.29541e+07
5.13399e+07
700748
1.79079e+09
3.00544e+06
4.53045e+08
1.55594e+06
846279
864973
5.03128e+08
916172
8.44927e+06
9.20763e+06
1.26517e+09
6.11424e+08
8.16181e+07
5.80871e+08
2.81574e+06
1.23157e+08
4.87662e+06
3.48441e+07
2.64384e+06
2.47304e+08
3.63523e+08
388303
9.54623e+07
101422
1.76608e+08
4.37448e+06
4.16561e+08
1.4681e+08
155388
5.15698e+08
1.11339e+06
1.1405e+09
264684
2.12286e+07
6.41567e+07
7.10965e+06
1.71989e+08
2.13525e+06
4.07785e+06
168990
7.65023e+07
544597
142122
141655
3.46143e+06
1.68304e+08
874641
1.86192e+08
7.67471e+07
128142
3.13218e+06
1.21125e+07
1.06545e+08
1.90324e+07
4.97884e+08
2.12415e+09
6.44665e+08
4.38243e+09
1.17447e+08
1.64533e+06
9.40788e+08
1.95423e+08
4.01408e+06
1.59324e+08
2.12015e+08
1.97542e+08
7.87352e+08
628891
2.01453e+08
7.30026e+06
743933
1.86776e+06
3.58418e+09
559131
6.13984e+07
7.45065e+08
6.63402e+06
8.74842e+07
7.26653e+08
574615
4.6854e+06
5.95425e+08
1.07142e+06
7.47971e+09
3.63628e+06
9.97111e+06
3.2429e+08
1.16252e+09
1.68418e+06
1.47469e+08
8.87015e+08
8.29992e+08
493175
523830
1.55697e+08
3.00511e+07
334140
9.08999e+06
8.9022e+08
2.67079e+07
1.52945e+06
8.62399e+08
2.33011e+07
1.41866e+06
1.32954e+07
1.03985e+06
1.5196e+08
438782
801285
1.49885e+06
2.10111e+06
1.20124e+06
2.18188e+08
6.06368e+08
1.25372e+06
1.96205e+06
9.8016e+07
1.3184e+09
6.23582e+07
1.324e+08
817725
3.06816e+06
2.48037e+06
667209
6.32799e+06
345398
6.87054e+07
2.79259e+08
8.90028e+06
3.50944e+06
4.31537e+06
2.931e+06
1.25531e+06
702870
1.24275e+06
8.12985e+08
280643
5.01594e+08
3.37121e+07
6.6434e+08
547938
897961
2.50197e+09
9.92047e+06
603725
233744
2.74118e+06
3.60114e+08
1.69369e+06
430717
873445
293361
1.50418e+08
1.36853e+06
4.92431e+09
549383
4.75305e+08
366267
2.36688e+08
217690
6.79148e+07
500169
181798
2.41881e+06
455576
169298
7.51447e+07
554997
4.80173e+06
1.01153e+06
190865
1.38475e+07
376089
414768
1.49356e+09
3.83461e+08
4.88198e+07
5.65227e+06
1.56275e+08
173721
358198
374047
151658
2.48724e+08
317072
2.26409e+06
2.14426e+06
1.00579e+06
162783
2.70838e+06
6.66781e+06
9.36251e+07
1.59653e+07
9.2799e+07
281690
329246
132427
2.26744e+08
280846
2.68304e+08
365627
301822
279205
7.55198e+08
8.01483e+06
1.62407e+07
158846
242976
2.14042e+08
8.31195e+06
156617
128437
1.61803e+09
1.51673e+06
8.57131e+07
243369
5.98187e+08
159694
2.04691e+09
2.71132e+08
2.39053e+06
4.79344e+08
224204
176963
4.99937e+08
208473
195271
182876
171873
213556
158683
2.66467e+06
2.72238e+07
496664
2.81478e+06
249645
2.82254e+07
2.21656e+08
149712
142233
1.99297e+07
134849
810783
1.91176e+07
807142
6.4812e+09
1.33459e+08
1.90795e+06
139129
3.91987e+07
4.08879e+06
161592
128523
5.81048e+08
6.23993e+08
122567
2.40577e+06
132913
2.95704e+08
2.16689e+08
150787
745923
5.33095e+08
2.29002e+06
7.97764e+07
1.44792e+09
689838
9.21284e+07
974436
130863
3.75843e+07
1.62613e+08
9.23114e+08
997293
5.19533e+08
112160
1.80325e+06
2.70279e+06
5.40772e+08
3.25571e+06
3.55899e+09
636675
5.03497e+08
151681
2.02756e+07
940947
1.03779e+06
1.66389e+06
1.11448e+07
867819
2.16438e+06
2.22305e+06
5.34461e+08
112299
2.2232e+06
8.10537e+07
7.15935e+06
5.04824e+07
1.71421e+06
353623
5.02337e+06
5.78046e+08
166099
8.13821e+07
6.54932e+07
2.15925e+08
2.13123e+06
1.49313e+06
5.41798e+08
4.37289e+06
4.96271e+08
1.1303e+06
7.5446e+06
2.70799e+08
5.20025e+08
108331
5.59376e+06
1.53455e+06
4.44883e+06
1.05909e+06
410745
367328
4.72758e+07
1.78734e+07
5.50562e+07
1.07344e+07
1.19145e+07
5.78823e+06
9.19742e+07
384809
3.58362e+07
3.31946e+06
131731
147086
1.2034e+06
325647
4.2205e+08
665741
1.65746e+09
3.58741e+06
2.29416e+09
307783
3.25746e+06
265304
135142
4.71558e+06
180106
1.57016e+07
9.1123e+09
4.31611e+08
628930
888668
250692
517708
7.94724e+08
7.07239e+08
2.59135e+08
155270
8.94876e+07
1.50862e+08
209372
2.15146e+06
2.54426e+08
157031
1.36311e+06
6.47873e+06
1.18367e+09
562057
1.47801e+08
374927
126919
3.6044e+07
6.10173e+06
201477
4.75162e+07
107320
185002
8.01227e+06
1.66515e+07
360547
1.8482e+07
1.69198e+07
130432
3.10146e+07
1.4675e+07
4.5473e+08
130473
125596
179547
1.59752e+07
170391
124226
8.8759e+08
7.14e+08
124575
3.42281e+09
1.67868e+07
7.42127e+07
2.15675e+09
3.51954e+06
168240
1.95969e+08
6.87789e+06
160718
1.57243e+09
6.9418e+08
866317
5.24297e+06
1.0593e+06
3.31729e+06
271749
6.02289e+08
125400
3.19807e+06
1.68737e+08
3.28382e+07
2.05855e+08
159433
1.91779e+06
2.17921e+08
142053
819610
198756
5.32303e+07
176195
236604
4.91784e+07
124501
6.86617e+08
167648
160456
130431
155254
3.00346e+06
7.44522e+07
5.60177e+08
208360
150383
1.49428e+09
125040
126311
161695
1.44293e+08
7.10449e+07
139429
1.47887e+06
344185
1.72081e+06
219866
174496
204007
3.43828e+08
148728
1.54427e+07
127918
156265
182969
153263
4.33273e+08
238657
4.23918e+06
1.17641e+06
168125
156950
148266
125699
1.47841e+06
1.89284e+06
160248
2.83814e+07
8.79159e+07
187045
2.12192e+07
1.37105e+09
1.33742e+08
150597
1.44491e+06
1.77324e+07
435871
189475
1.85846e+08
3.05843e+06
1.84953e+06
2.22734e+08
6.33102e+06
150806
6.02521e+08
213859
1.38627e+08
6.4647e+06
7.7646e+07
834988
4.57893e+09
7.17111e+08
5.4404e+07
159193
244454
9.11758e+07
284078
1.90119e+08
5.49942e+07
355657
1.22364e+06
921144
158985
6.93126e+06
2.42687e+07
714732
478614
1.85503e+06
168392
140072
319803
380411
705391
4.31532e+08
1.66429e+08
163879
6.47442e+08
4.32687e+08
4.84532e+06
1.84499e+08
682574
160302
135139
555917
6.21379e+08
6.79015e+09
1.49904e+08
175893
1.17101e+06
171515
4.87822e+07
2.72146e+06
8.134e+08
4.14407e+08
7.02996e+08
1.4013e+09
1.24108e+06
194324
330235
5.78622e+06
164443
5.52394e+08
222268
1.59869e+09
305700
4.3217e+07
240061
2.41003e+07
8.64353e+06
767788
150645
1.45282e+09
3.47191e+08
1.52485e+07
288135
911755
340271
168444
1.99629e+07
356235
455343
165247
513089
5.29665e+06
139003
9.54592e+08
583153
2.78448e+08
280161
1.70437e+06
3.93073e+06
7.08311e+08
4.92631e+08
9.06644e+06
1.716e+09
1.13666e+08
1.40966e+07
1.78499e+07
3.39917e+08
5.0234e+08
5.93671e+08
145166
1.22192e+06
139750
651128
163732
6.55798e+07
2.68867e+08
2.84024e+07
3.12275e+09
148723
2.60712e+09
5.10104e+07
910163
942476
934837
5.85765e+06
1.18228e+09
1.05731e+06
7.10864e+06
7.28647e+08
3.37122e+08
5.07059e+07
6.03452e+08
2.82465e+07
1.10005e+06
2.1793e+06
101495
3.00797e+08
1.62116e+07
1.50804e+09
4.44843e+08
132103
7.1095e+08
4.53409e+06
4.91466e+08
1.88469e+07
5.81903e+08
9.81068e+08
232957
1.92752e+06
5.12893e+08
1.53566e+07
1.9094e+09
257891
147170
568559
1.49794e+07
245344
9.18327e+09
443898
103207
7.55646e+08
279580
787869
175794
4.84637e+06
1.33952e+08
156246
270580
5.32848e+08
5.35621e+08
1.2705e+08
722285
7.52752e+08
279520
2.23563e+06
186104
2.38596e+09
408078
1.61325e+07
158973
257017
5.3652e+07
1.38281e+09
556077
1.44177e+09
2.49528e+08
348151
6.66774e+08
534425
1.12651e+07
1.4767e+08
2.71919e+09
144454
277854
5.4055e+08
5.29955e+08
2.09084e+08
233274
177345
193021
200563
341478
6.35826e+08
6.97848e+06
5.39992e+07
380242
462434
186598
172610
835756
3.32912e+06
168551
338476
1.06084e+06
5.26168e+06
2.66149e+07
269747
130351
1.35648e+08
150186
1.07662e+09
103571
252595
453055
2.53402e+08
4.15532e+08
1.20127e+09
216560
5.93505e+06
2.99717e+08
1.08422e+06
4.78156e+06
2.09082e+09
2.32612e+08
235737
6.07411e+08
497266
7.0194e+08
1.79711e+08
5.00754e+08
2.75012e+09
2.61764e+06
300384
3.15507e+07
4.66318e+06
282066
6.88822e+08
213466
4.43409e+06
7.36386e+07
1.10196e+08
2.72129e+06
2.35686e+08
112855
2.61082e+09
429228
8.53252e+09
3.52393e+07
1.8019e+06
1.10677e+09
6.31045e+08
159176
4.82214e+09
4.31409e+06
155713
6.74481e+08
3.33396e+08
307713
6.49742e+07
6.25724e+06
2.10243e+08
2.7146e+08
4.61073e+06
1.22761e+06
1.06474e+08
3.92758e+07
1.8367e+08
171034
6.5227e+08
9.82339e+08
3.91336e+06
986398
4.44032e+08
1.10367e+09
1.42824e+07
6.13148e+08
2.02723e+06
4.06726e+06
1.55533e+08
1.06473e+08
1.793e+06
3.16727e+08
3.01841e+08
472430
1.06094e+07
442826
3.89522e+06
7.20338e+06
114984
3.10088e+06
2.97669e+08
2.98179e+08
5.96601e+08
1.08571e+07
517282
4.01024e+08
5.65902e+08
1.61532e+08
1.20496e+07
5.0513e+07
7.47902e+07
3.24488e+08
3.75337e+06
4.55321e+08
7.32031e+06
8.44127e+07
1.69061e+09
3.12803e+08
1.98115e+07
308955
1.75014e+09
2.71693e+07
3.50254e+07
1.78558e+08
336410
8.06522e+06
7.90967e+07
144151
1.63493e+08
2.02585e+09
301534
1.2253e+07
8.05179e+06
2.34477e+07
4.47099e+06
1.175e+08
4.16715e+06
3.42083e+07
6.88136e+08
5.65474e+07
2.20323e+07
1.6268e+08
9.94305e+07
100878
3.45595e+08
1.53605e+09
168842
1.65685e+08
4.08597e+07
2.14198e+08
2.04572e+09
2.70101e+07
4.44899e+08
2.77666e+07
1.01208e+08
5.46496e+06
1.31307e+09
2.12205e+07
9.35532e+06
1.61149e+07
5.177e+08
1.98873e+08
122815
109277
414113
231471
6.85935e+06
6.03993e+08
7.58467e+06
1.62877e+07
3.53386e+06
1.4279e+08
4.21303e+08
6.28204e+07
372397
1.69819e+08
6.68836e+08
3.29273e+08
3.52499e+07
5.73946e+08
2.60133e+08
2.28199e+09
1.36157e+07
2.02492e+08
3.30068e+07
2.2665e+09
1.35051e+08
5.27569e+07
1.02766e+06
6.62601e+08
3.06161e+06
1.76067e+08
5.17678e+06
3.8303e+06
1.65558e+09
1.16594e+08
2.01061e+09
7.88321e+08
118117
1.86479e+06
2.89262e+08
7.02786e+08
190045
8.39031e+08
240569
1.70634e+07
6.34574e+07
3.75763e+08
4.7778e+08
2.81784e+08
1.12163e+09
2.73178e+06
3.39247e+07
1.41288e+09
2.07861e+08
332267
2.37255e+09
9.70193e+07
973962
7.25453e+08
7.71061e+09
3.0146e+08
2.03565e+08
8.45798e+07
3.89087e+06
5.36426e+08
2.67458e+06
7.37078e+08
6.34133e+08
5.96522e+06
1.36805e+06
362884
1.22413e+08
2.48056e+06
4.12969e+08
3.19288e+06
139499
2.13675e+06
2.15841e+06
7.02329e+08
2.45166e+07
122416
2.87068e+06
4.93241e+08
3.3816e+07
1.27055e+09
180874
1.17589e+08
6.24451e+08
2.72526e+06
2.3764e+06
1.74046e+09
120274
1.91396e+08
1.27635e+07
3.3289e+08
6.64765e+08
4.42159e+07
1.38046e+06
8.13478e+06
4.83381e+07
2.49603e+08
1.17531e+09
5.516e+06
2.16087e+08
6.97606e+08
135857
198168
2.74149e+06
1.06139e+07
7.07531e+08
4.39664e+08
179715
4.46513e+08
358866
7.81422e+07
2.5289e+06
261324
158261
2.75794e+07
1.09836e+06
3.10596e+08
3.93131e+06
7.14172e+08
1.75267e+06
6.21729e+08
1.06839e+09
159827
1.52473e+06
2.24858e+06
3.1135e+07
1.1783e+09
4.24948e+06
3.18035e+07
647853
349029
1.71886e+06
5.38484e+08
161361
4.38619e+08
1.02855e+06
162498
2.11218e+08
4.38376e+07
2.28363e+08
7.09877e+09
1.85227e+07
1.26055e+08
94453.4
1.97103e+08
198511
1.15498e+07
1.72834e+06
319974
1.35384e+08
1.22984e+09
6.83678e+08
1.95276e+08
2.03978e+06
1.54801e+06
7.8601e+08
8.54547e+09
2.31676e+06
9.36047e+07
189808
1.05144e+08
1.33442e+08
2.16286e+06
1.7245e+09
1.38423e+08
2.69391e+06
1.77232e+08
9.85184e+07
1.18066e+09
2.90697e+08
390273
6.88758e+08
1.75763e+06
1.08677e+09
419883
7.35592e+08
4.24216e+06
941942
1.57572e+06
1.63877e+09
5.00962e+08
1.88096e+08
1.66188e+09
1.066e+08
2.82841e+09
2.72862e+08
338056
2.43614e+08
5.00071e+07
8.07892e+08
9.89186e+08
2.31714e+08
2.87799e+08
3.44184e+08
7.28958e+06
1.03974e+06
2.50434e+08
1.46443e+08
7.10381e+08
1.89754e+06
1.56164e+09
5.21707e+06
9.87406e+08
1.89281e+08
4.63553e+06
184586
1.06342e+06
5.49348e+08
2.03154e+07
1.43853e+06
1.55363e+08
7.47776e+07
3.68753e+08
2.16822e+09
9.15709e+06
1.66507e+09
1.50168e+09
1.4187e+09
1.33992e+08
2.98622e+08
1.35546e+09
1.61513e+06
1.31109e+06
2.94235e+06
954897
5.54009e+08
1.312e+08
142952
1.1551e+06
842418
705168
1.35907e+06
5.3848e+07
4.40606e+06
1.70989e+09
7.9707e+07
3.70639e+07
1.73611e+06
243671
1.02713e+06
3.21508e+08
8.38432e+07
3.27057e+06
3.07846e+07
3.56762e+08
662532
847485
7.00391e+08
787635
1.75138e+06
4.77774e+08
677082
966787
452537
9.5625e+08
539096
8.21393e+08
1.90017e+07
520109
3.74346e+06
6.17429e+08
1.14495e+07
1.95309e+08
375230
527811
1.08469e+06
4.93596e+08
476817
1.26028e+09
8.30622e+08
777469
424869
1.01734e+06
256589
417038
641299
959008
364358
164920
718971
139593
335571
111387
342505
2.86629e+06
308468
273666
899754
7.04513e+06
274121
3.10407e+07
173786
131711
228695
237270
213931
208798
580539
362502
601388
188174
148790
172197
159162
835830
161404
159886
158766
528733
2.11574e+09
551798
665128
481435
502311
438843
614115
4.05831e+08
1.57729e+08
1.80956e+07
401349
214669
128521
640917
2.93766e+08
6.92728e+08
346992
9.17134e+08
5.38e+07
6.43864e+08
320296
318072
2.60609e+09
293207
270281
605249
235966
1.28691e+09
218596
1.40737e+08
203281
397947
179015
155654
190954
167864
2.11953e+09
132990
147334
139970
3.20979e+08
126909
121091
373363
3.07049e+06
1.60086e+08
316879
349807
299799
258698
131286
245250
205519
1.58181e+08
264571
182605
230937
198133
169490
160062
298336
1.70869e+08
203984
177426
3.16437e+08
171513
160900
315889
167138
1.10594e+08
2.47204e+08
158683
149001
318845
162565
2.74437e+06
1.11879e+09
7.09378e+08
127149
1.00381e+07
132877
1.70147e+09
1.27874e+09
1.55476e+09
7.65385e+07
3.8092e+06
1.01403e+09
8.88521e+07
125963
1.22027e+08
125186
1.94517e+07
1.58995e+08
2.86585e+06
139301
3.26805e+06
1.37132e+09
1.4227e+09
5.48809e+08
295444
5.50699e+07
4.3884e+06
1.15997e+07
4.26543e+08
9.84611e+08
5.87806e+06
5.8481e+08
2.17765e+08
125179
167161
7.29192e+09
2.13137e+08
2.46054e+08
1.63517e+06
8.0207e+08
3.63349e+09
1.9081e+08
255154
2.75708e+07
9.43221e+08
2.14506e+07
1.59271e+08
1.34288e+09
6.36415e+08
8.64372e+06
1.30482e+09
5.87896e+07
1.82455e+08
1.55838e+07
2.43463e+08
125674
2.10188e+06
4.20288e+07
5.98309e+06
1.57134e+07
1.64196e+09
140254
9.81087e+06
161885
1.17147e+08
2.41199e+07
6.23639e+08
5.00061e+09
169717
126348
6.58189e+08
1.44294e+06
6.98359e+07
3.79104e+06
7.02783e+07
1.05902e+08
7.41512e+08
5.12725e+08
127888
1.83231e+09
150826
3.27458e+07
1.70311e+07
2.45197e+08
144116
6.78828e+08
129829
8.14733e+08
3.08279e+06
3.28169e+08
2.10969e+07
1.97005e+06
3.6575e+08
1.45849e+08
6.58127e+08
9.52199e+07
5.69668e+07
1.67055e+08
5.4112e+06
1.32319e+06
3.879e+07
3.2185e+06
5.10074e+06
1.41174e+07
7.09942e+07
865931
7.68971e+07
1.00185e+09
182608
168960
1.30335e+07
152493
3.27535e+06
1.6659e+07
7.05243e+08
6.89504e+07
1.02389e+09
162744
5.66067e+06
3.79916e+08
4.32673e+08
6.32915e+07
9.40655e+08
5.07324e+07
7.15947e+09
8.56487e+07
8.59086e+06
1.15804e+07
175672
173293
162356
7.30392e+08
225734
2.30386e+08
1.27708e+09
8.63854e+07
2.40928e+06
3.47545e+07
1.50618e+09
5.24135e+07
1.82001e+07
99952.1
1.42265e+07
9.52762e+08
192436
118673
4.80884e+08
1.60431e+08
3.31694e+07
3.03329e+09
4.06406e+07
7.11219e+08
8.59525e+08
6.3284e+08
1.4905e+09
3.84109e+08
1.01427e+08
7.69332e+08
4.2082e+07
2.92622e+07
783116
306579
6.33007e+06
1.36794e+09
1.53557e+09
1.60598e+06
5.25374e+07
2.38447e+07
2.80661e+08
1.0404e+08
1.36363e+08
143668
1.48104e+07
853627
3.66453e+08
2.06544e+08
3.32945e+07
3.75101e+06
2.92443e+09
3.11812e+09
1.10087e+09
944332
5.50258e+06
1.27151e+07
157480
410554
7.69416e+09
189427
196927
1.69394e+09
2.0954e+06
3.00781e+08
1.34215e+09
7.3219e+08
4.78009e+08
204804
1.47383e+09
3.55776e+08
920060
1.00843e+09
5.44468e+08
3.79081e+08
248121
3.3266e+08
128990
3.59661e+06
314184
5.34651e+08
3.60607e+06
9.79078e+06
140452
2.87237e+08
7.12162e+08
8.2705e+07
3.71185e+09
1.04976e+09
3.21906e+06
1.01158e+09
2.29865e+07
2.25272e+08
1.72307e+07
2.29514e+09
1.96124e+07
1.70807e+08
1.54275e+08
2.24146e+09
1.63554e+07
1.93598e+08
2.59658e+07
3.60529e+07
3.27718e+07
2.88548e+08
5.73143e+07
6.95282e+07
1.03708e+06
1.65112e+08
1.48953e+08
5.31418e+07
2.37232e+08
1.68248e+08
9.10036e+08
4.78755e+06
3.66786e+09
1.62332e+09
9.09706e+07
326324
1.27378e+08
293530
268397
8.19094e+07
7.06132e+07
473924
2.73639e+09
4.96557e+08
5.17775e+07
1.24612e+06
1.42675e+09
7.66014e+07
6.85654e+08
2.62498e+08
9.00927e+07
6.75714e+07
339621
8.61403e+08
1.00257e+08
1.68709e+07
2.66354e+08
3.7086e+07
7.56912e+08
4.06349e+08
1.35923e+09
4.57917e+07
1.17535e+08
581472
7.26533e+07
1.67416e+06
1.66782e+06
4.33063e+08
9.57695e+08
1.51789e+09
3.8665e+08
8.00808e+06
4.08623e+08
6.75152e+08
1.7004e+07
9.43235e+07
1.22341e+09
1.75024e+06
1.76977e+08
5.69489e+08
274188
381291
8.8366e+06
1.29514e+09
2.63837e+08
324939
3.85705e+06
3.29307e+07
2.54755e+06
363732
255047
1.17233e+07
1.5237e+07
1.72248e+07
490295
1.34602e+07
1.24795e+08
8.60675e+08
6.02751e+08
4.19597e+06
3.76926e+07
109990
1.1937e+08
4.15186e+07
777499
2.57393e+09
1.32416e+07
5.44892e+07
1.26829e+09
2.0591e+08
3.71133e+09
2.766e+08
9.18816e+07
8.59154e+07
1.47828e+08
1.39508e+08
9.75744e+08
3.88446e+07
310052
4.17242e+06
2.95165e+09
3.25228e+06
2.56089e+06
5.83786e+06
2.20046e+08
361603
338680
1.37404e+09
6.99699e+08
2.46349e+08
3.436e+08
1.96076e+07
6.8569e+08
6.7681e+08
8.49146e+08
4.29499e+08
3.59334e+08
6.73555e+08
1.82156e+09
3.34244e+09
1.56021e+09
1.90035e+08
4.27562e+08
1.18413e+09
1.98021e+06
2.94632e+09
3.11854e+08
1.57299e+09
8.35571e+07
5.16415e+07
4.44692e+08
3.56833e+07
6.24322e+07
274471
1.15251e+07
7.27569e+07
3.00961e+07
1.15973e+07
3.04263e+09
137054
1.51751e+08
186523
5.92936e+08
1.57057e+08
124314
7.80374e+06
6.16581e+08
3.6235e+06
136710
9.24725e+07
131278
432907
877940
8.48353e+07
1.92096e+09
3.6885e+07
3.74153e+07
1.35622e+06
5.49432e+06
5.04913e+08
1.15006e+09
990097
2.07804e+06
1.25483e+07
4.02417e+07
1.10101e+06
819556
1.3806e+08
162263
5.97989e+07
3.79683e+06
6.60726e+06
8.10921e+08
3.81961e+08
2.06384e+07
2.81606e+09
1.24421e+09
3.112e+08
251220
1.28409e+07
167145
3.53868e+08
1.03506e+06
2.19547e+07
2.15192e+06
1.18466e+07
147486
728827
4.9413e+07
3.82012e+07
218804
9.95721e+07
2.22124e+07
6.59153e+08
1.3949e+08
3.16277e+06
3.38249e+07
2.8522e+06
5.52016e+07
1.71004e+09
2.72977e+08
3.46876e+07
894248
2.6843e+08
2.94128e+06
3.1848e+07
4.45483e+07
2.19449e+09
4.39511e+07
8.6204e+08
1.82828e+09
2.44048e+09
5.34169e+08
786672
127547
5.61677e+08
139501
2.69246e+07
6.7804e+06
242632
8.45003e+08
1.07153e+08
148328
1.67269e+07
1.45123e+07
3.58691e+07
8.62202e+08
991746
2.02553e+08
1.16996e+08
3.97473e+06
187536
5.43872e+07
1.16944e+08
5.06527e+07
4.8061e+06
399283
4.73758e+06
5.45513e+08
193766
1.02031e+09
2.23915e+08
3.12081e+06
1.45509e+09
1.54113e+06
4.71097e+07
1.00057e+06
6.83753e+06
4.15151e+06
4.0977e+08
9.12564e+07
7.68735e+08
1.89292e+08
169895
235520
7.69205e+07
252024
3.72449e+08
2.10828e+06
1.76229e+06
5.30451e+08
991267
5.27398e+06
333247
198825
8.5796e+06
1.01519e+09
1.91064e+09
1.01395e+09
2.98319e+07
4.63836e+08
1.1804e+09
3.42177e+06
2.49262e+09
3.3055e+07
1.84499e+09
7.68087e+08
6.87471e+07
301026
7.40084e+06
2.18769e+06
2.09367e+07
5.07666e+06
9.2968e+07
354852
1.4076e+07
2.29611e+08
85995.6
2.89316e+09
3.9665e+07
3.51753e+08
1.61567e+06
1.00194e+08
3.89379e+08
4.42299e+06
1.65195e+09
2.22311e+06
2.17427e+09
1.47052e+08
3.37133e+08
1.0167e+08
5.07891e+06
1.32645e+08
161398
1.74524e+06
7.22307e+08
9.54869e+07
1.14657e+06
223732
2.43311e+06
8.03207e+07
3.1421e+08
2.32063e+08
2.63427e+08
2.81251e+08
2.10314e+06
5.92409e+08
1.79187e+08
2.29087e+07
1.8307e+08
6.88566e+08
1.27396e+07
1.53723e+07
4.89575e+08
5.38612e+08
1.00254e+06
4.4865e+08
1.09133e+08
1.47217e+08
5.43573e+08
1.05862e+06
4.93049e+08
6.3001e+08
7.47798e+06
1.43174e+08
1.58786e+09
6.73874e+08
793861
1.05222e+08
3.78415e+08
2.31886e+06
9.44276e+07
265855
1.8042e+06
1.33551e+08
5.52549e+08
2.49416e+08
5.80003e+07
7.14946e+07
402810
1.11135e+08
2.72269e+09
2.08797e+06
164745
4.80572e+07
5.07326e+07
2.96311e+08
946600
4.23973e+07
1.64857e+08
3.17039e+07
1.04643e+08
4.01492e+06
1.73959e+09
1.57328e+07
397649
1.51715e+08
7.42807e+07
7.46653e+08
1.03906e+06
5.24424e+08
1.00224e+08
5.39175e+08
2.23248e+08
1.62624e+08
5.33958e+07
8.29355e+08
591374
6.25682e+08
158274
367358
8.4752e+09
1.41355e+09
4.13951e+08
172781
260236
1.48165e+06
9.50528e+07
193596
9.31923e+08
291737
238334
363028
1.351e+08
3.18256e+06
1.38496e+08
6.16852e+07
136753
1.18281e+09
4.78659e+08
1.3104e+09
7.99087e+08
300985
137528
2.31344e+06
5.22077e+07
3.56159e+08
155466
108254
1.28454e+09
1.63081e+09
4.30924e+08
870698
8.37107e+08
1.51747e+09
4.98576e+07
279133
8.42916e+07
1.51257e+08
1.3475e+08
4.84701e+07
1.20995e+06
4.22725e+08
8.15428e+08
1.42053e+09
1.34072e+09
3.59121e+07
6.1146e+08
1.27304e+06
9.92565e+07
3.74139e+07
2.27863e+09
1.31381e+09
1.0712e+09
7.19545e+07
3.70123e+07
1.27685e+08
790342
242611
1.00765e+06
6.58614e+08
1.84131e+08
1.88025e+08
6.04846e+07
3.35478e+08
8.17623e+08
4.8927e+06
6.69734e+08
2.6728e+06
2.96877e+07
6.30186e+08
2.54477e+06
1.66894e+08
2.24224e+08
3.62128e+07
1.07178e+06
4.64836e+07
175303
1.11387e+08
3.10765e+07
4.49271e+06
2.89436e+07
6.30301e+06
7.11408e+07
1.03432e+08
180930
752689
1.22803e+09
160435
5.26836e+08
1.06017e+08
1.46824e+09
3.76871e+08
202687
4.88972e+08
443599
2.1735e+09
169329
108000
1.70891e+09
4.80287e+06
8.40471e+08
3.73968e+07
1.52961e+06
4.70956e+08
4.88227e+08
747134
7.44536e+08
1.63235e+06
6.84799e+07
2.64806e+09
179402
213391
7.64854e+07
8.75637e+09
2.14513e+08
423509
8.32401e+06
1.06512e+08
98146.1
3.46166e+06
116433
9.95608e+07
3.42369e+08
1.38968e+08
2.31651e+06
129187
2.20905e+09
3.29948e+08
2.5011e+06
4.40595e+07
114262
4.19501e+07
4.60092e+06
9.45235e+07
2.18573e+08
5.11075e+09
5.18889e+06
8.57953e+07
9.89258e+08
4.10234e+08
3.13577e+09
2.40204e+09
2.71503e+07
148991
1.06662e+09
8.38736e+07
208113
2.74588e+07
5.77449e+08
3.24282e+08
3.7637e+07
1.01866e+07
7.39253e+07
188221
1.62238e+08
2.43034e+08
211868
1.03221e+08
1.01196e+06
6.75269e+06
2.67722e+08
3.70916e+06
3.77705e+07
318689
1.37835e+08
5.07902e+08
6.4752e+07
1.19364e+06
2.68637e+08
1.73829e+09
329009
156027
1.91085e+07
4.37655e+08
1.68087e+06
6.02123e+07
5.76502e+07
3.49902e+07
380171
2.40299e+09
159949
4.33523e+09
330213
609579
5.3055e+08
203573
1.27918e+07
1.54923e+06
1.60103e+08
92671
2.2408e+08
9.39614e+09
2.27263e+06
938806
5.95243e+08
1.3387e+06
4.99184e+08
6.45766e+08
5.03505e+06
164446
186509
225802
9.25083e+06
1.36391e+07
1.38855e+09
171184
152721
7.30701e+07
1.85579e+09
411154
9.67249e+07
1.46002e+08
171332
9.02292e+07
3.98199e+09
3.89285e+08
8.05205e+06
1.04454e+08
5.08978e+08
208902
1.6792e+09
4.00073e+09
1.52964e+06
2.1324e+09
329477
4.7073e+08
1.50883e+09
284755
2.57144e+07
1.19564e+07
7.15013e+08
9.75558e+06
1.83309e+08
2.23274e+06
4.13412e+08
2.76885e+07
682503
9.43628e+06
1.80614e+07
179724
1.30713e+08
2.83818e+07
2.8948e+09
402775
3.68351e+07
1.82851e+08
3.01492e+06
4.02055e+06
4.38123e+08
4.89962e+08
7.05832e+08
4.00051e+06
5.35578e+07
2.60873e+08
9.58939e+06
5.03338e+08
167159
2.06089e+08
4.37474e+08
3.16058e+09
1.08737e+06
4.38035e+06
5.67708e+08
2.49309e+09
1.92838e+08
7.99833e+07
2.66394e+06
141849
1.96155e+09
1.41439e+08
1.03915e+10
1.61746e+08
7.33514e+07
3.06318e+08
5.08736e+07
299878
1.97497e+08
1.5251e+08
7.61723e+07
7.57391e+06
2.55663e+06
5.732e+08
141549
4.0807e+07
1.85786e+06
7.91273e+08
1.76639e+09
4.19722e+08
3.63721e+07
7.58184e+08
2.78136e+08
4.13768e+08
2.6632e+08
6.4829e+06
2.49055e+08
295860
7.16036e+07
3.16721e+06
1.86282e+09
4.15369e+08
5.29417e+07
1.25167e+08
4.48809e+08
1.51944e+08
115414
1.5347e+07
2.1651e+08
1.18601e+09
1.60717e+07
2.72013e+07
1.0869e+06
3.422e+08
3.56372e+09
2.79331e+08
2.78229e+08
5.40379e+08
263944
275588
1.11323e+08
5.76666e+06
155831
2.72157e+09
2.75763e+09
1.68215e+06
895278
6.58191e+08
3.34717e+08
1.77581e+08
4.88278e+08
8.21274e+08
7.01425e+08
1.34129e+08
1.29875e+07
288973
2.1525e+08
2.04987e+09
7.12632e+07
1.98816e+07
6.23747e+07
6.78803e+08
184827
7.28236e+08
1.22289e+08
1.13342e+08
1.00875e+06
6.00909e+08
5.21801e+08
9.53643e+07
3.04997e+08
5.50355e+08
909561
1.24444e+08
6.08329e+06
6.40919e+08
7.2588e+08
1.6654e+08
2.0854e+09
7.65402e+08
4.82734e+07
4.08039e+06
2.84245e+08
3.52021e+07
567833
3.50753e+09
8.70729e+07
3.64299e+06
1.08085e+06
3.69951e+07
1.48346e+08
3.02947e+06
1.49165e+07
2.15011e+09
1.84484e+09
1.9006e+06
430795
2.98007e+08
1.6263e+08
5.63791e+07
8.67215e+07
1.70803e+06
1.89206e+09
1.30993e+07
1.67004e+08
4.28307e+07
141353
1.00572e+09
637703
4.50433e+06
1.23427e+07
165581
1.63184e+06
1.84464e+08
258716
124619
5.33918e+08
198065
8.08749e+07
343689
159477
3.32606e+07
6.01176e+08
161084
1.76429e+06
5.49825e+08
6.05275e+07
187193
6.89937e+08
8.21175e+07
328897
5.86685e+08
3.20892e+08
745376
3.97914e+08
4.17214e+07
6.76099e+08
2.4778e+06
7.73812e+07
161778
1.94163e+06
2.46947e+06
126297
6.22237e+06
1.26872e+09
1.39024e+08
3.90304e+08
350523
122453
4.78206e+09
2.6528e+06
9.23419e+07
9.10767e+07
2.61187e+06
1.08583e+07
2.95896e+06
2.74264e+06
5.23721e+07
2.09284e+07
8.71084e+07
3.2576e+06
751178
8.28514e+06
283305
5.85753e+07
5.03637e+06
1.29368e+06
349891
1.22233e+07
3.98243e+08
374808
5.792e+08
4.40497e+06
3.35205e+06
1.93289e+09
6.60798e+08
233472
5.4505e+08
6.18196e+07
5.2899e+06
3.34578e+06
1.06718e+08
2.36882e+06
2.98122e+07
3.95682e+08
3.83445e+08
2.02859e+07
1.72614e+09
3.85486e+06
7.4057e+08
4.71885e+07
6.358e+09
1.94367e+09
94103.9
1.53308e+07
2.81281e+06
5.64553e+06
2.28887e+08
3.68622e+07
226125
3.83498e+06
2.33597e+06
3.75867e+07
1.004e+07
4.89155e+07
2.60873e+06
2.45703e+06
191278
1.39065e+08
9.82481e+08
1.52949e+08
1.52556e+06
1.19462e+07
1.46209e+09
5.45005e+06
2.17502e+09
1.04503e+06
1.01004e+07
6.61369e+08
144566
1.06657e+07
1.06957e+09
172659
1.01913e+08
1.59356e+09
7.81502e+06
6.14759e+08
1.40954e+08
1.2699e+08
1.3831e+08
1.66092e+07
4.83095e+06
5.37881e+08
3.21355e+06
1.34137e+08
7.15959e+08
286888
4.97284e+08
1.06072e+08
3.83336e+08
336075
1.56834e+08
1.20059e+09
3.72644e+08
1.57192e+08
1.15539e+07
167759
7.14176e+08
157535
3.55569e+08
1.05672e+09
4.6201e+08
1.6134e+06
6.39303e+09
257238
2.52769e+06
2.84945e+06
5.57996e+07
9.9346e+07
8.81438e+06
8.38028e+08
224610
7.72374e+08
1.72901e+08
1.43996e+09
3.46118e+06
159350
3.20784e+09
4.26505e+08
1.90955e+09
2.2611e+06
2.3905e+08
1.85838e+08
2.46222e+09
1.03668e+08
2.7242e+07
3.46587e+06
1.0794e+08
1.8729e+08
2.84125e+09
169925
144137
7.58777e+07
1.05685e+07
125984
7.2356e+07
1.90663e+07
5.14035e+07
1.08822e+08
164290
3.32905e+06
1.1311e+06
8.55458e+08
1.23394e+08
1.82132e+08
584424
3.36404e+07
1.03197e+08
1.71594e+06
7.38678e+07
4.66428e+06
2.40852e+08
4.84398e+09
6.25965e+06
1.26576e+07
1.18102e+06
6.65385e+08
3.58422e+06
1.13557e+08
7.21921e+07
1.72817e+08
965838
1.62455e+08
240379
1.0459e+09
6.09574e+08
8.73727e+07
2.65062e+09
2.02389e+08
3.16888e+07
150963
3.71481e+08
6.26641e+09
5.50681e+07
1.68392e+08
8.57732e+07
6.0402e+08
2.25586e+07
8.63648e+08
1.24536e+08
123624
1.04086e+09
6.70382e+08
9.62819e+08
3.06912e+07
994241
6.07903e+08
394902
7.5719e+08
7.95873e+07
3.32489e+09
4.38773e+06
1.48513e+06
930030
2.8699e+06
7.13085e+06
1.24512e+06
4.59963e+06
1.88277e+07
2.25807e+06
3.16115e+09
7.77436e+07
3.31466e+07
6.09195e+07
6.73896e+07
1.8586e+07
5.27335e+06
6.83243e+09
1.02188e+08
1.6643e+09
4.26987e+06
587678
8.65775e+07
1.32374e+08
588524
3.29027e+06
2.75041e+08
2.01429e+08
2.4061e+09
669699
1.0975e+08
4.65968e+08
3.9312e+07
6.42799e+06
360867
116648
291034
4.84693e+08
238517
142083
2.56151e+07
346821
194274
174498
7.04658e+08
2.41088e+07
2.09667e+08
2.77606e+07
143657
4.41652e+07
159316
9.72638e+06
3.36152e+07
157907
269753
3.80542e+06
6.74992e+07
263485
6.58942e+07
5.46743e+08
380148
2.54554e+06
1.42993e+07
230100
1.11051e+07
115086
1.85048e+07
3.29739e+07
2.76812e+08
1.62957e+06
195922
2.28448e+09
148104
1.14135e+06
3.71857e+08
163428
186308
172539
317231
2.07209e+08
5.38296e+08
99543.3
4.32578e+08
1.28876e+08
2.79319e+06
1.11532e+08
9.95315e+08
9.51733e+07
4.44578e+06
132238
5.57434e+07
4.46892e+07
182956
2.03377e+06
5.01345e+06
1.31577e+07
4.3753e+07
2.01958e+08
1.63889e+07
3.06704e+06
4.06315e+06
2.22339e+06
3.50853e+09
1.2288e+08
6.05152e+06
3.28373e+07
7.1484e+07
7.14048e+07
1.07456e+09
5.77922e+07
185075
177308
6.72774e+07
7.91948e+08
4.91753e+08
4.18416e+06
568026
7.51564e+08
6.00137e+08
1.05254e+08
815653
4.42104e+09
6.60647e+07
1.2515e+08
6.20709e+07
5.60578e+07
1.79206e+06
1.0812e+08
1.80006e+06
7.93555e+07
248705
1.02758e+06
1.16198e+09
5.02178e+08
1.08625e+06
4.38677e+07
1.49067e+08
1.89853e+06
5.90879e+07
3.81946e+06
3.37212e+07
6.5279e+08
8.03969e+08
3.2617e+07
6.01662e+06
8.1883e+07
1.22804e+09
3.68457e+07
391951
3.86875e+06
3.07004e+07
4.85461e+07
1.37356e+08
1.44899e+08
2.55005e+07
3.1875e+06
659082
7.90753e+06
2.39671e+06
6.37643e+08
1.71453e+08
1.3918e+09
6.10801e+08
2.50797e+06
5.91193e+08
4.44747e+06
3.12631e+06
3.73904e+07
4.65577e+06
3.14525e+09
2.67718e+09
9.89978e+07
4.75115e+08
1.48662e+08
2.10747e+07
1.94974e+09
3.22591e+06
3.57193e+08
3.17178e+08
3.93891e+08
1.96736e+09
2.38519e+09
1.63594e+06
146628
1.44705e+08
545738
3.16597e+08
8.37092e+06
2.84781e+06
99157.7
2.04198e+06
1.19709e+08
2.68847e+09
1.16834e+09
3.17572e+06
8.92034e+07
1.88661e+06
2.10886e+07
6.19205e+08
934747
2.5376e+06
1.20046e+06
1.45755e+08
421662
3.77286e+06
7.29517e+07
1.31999e+07
1.10566e+09
2.13309e+07
2.40205e+06
3.29855e+08
6.96792e+07
7.12294e+07
5.43488e+08
4.02052e+07
4.40405e+08
7.6423e+08
97327.9
141402
7.81983e+06
1.38412e+08
3.8233e+06
3.8211e+06
1.66681e+09
1.17636e+09
3.87458e+08
1.15825e+09
1.20406e+08
5.34501e+08
2.51613e+06
3.32578e+07
2.18137e+07
7.33376e+08
1.21994e+08
2.68397e+06
418349
624729
175243
224535
6.31649e+06
1.44562e+06
1.08004e+08
8.56714e+09
5.85868e+07
1.79729e+07
7.51599e+07
5.70652e+06
1.47619e+07
1.76785e+06
5.71687e+07
2.94704e+06
1.54535e+08
1.28098e+09
5.28426e+08
1.15924e+06
3.22375e+09
1.79257e+08
1.9685e+07
143869
2.59243e+08
7.94396e+07
773931
2.36544e+08
147648
1.01424e+06
3.1384e+06
4.8613e+06
145976
1.34641e+09
237683
2.79294e+06
1.62497e+07
3.3529e+08
2.55688e+06
2.53075e+06
6.68368e+08
1.42428e+09
6.71578e+08
1.9344e+09
3.52277e+09
2.428e+06
3.24852e+08
2.79794e+09
1.08368e+08
4.72127e+08
5.56521e+08
2.88002e+08
2.72955e+06
2.0504e+07
2.26655e+08
1.53474e+06
2.62166e+06
6.74671e+07
645942
4.3322e+06
8.55663e+07
821187
2.65159e+06
5.43865e+08
4.71005e+06
622039
3.9407e+07
6.84261e+07
1.03296e+06
2.10176e+06
1.2249e+07
726871
5.98303e+06
1.86366e+08
7.67121e+09
6.16999e+07
3.57505e+06
3.25121e+08
9.62695e+07
2.91921e+09
1.35925e+06
3.07533e+09
6.4652e+07
4.27385e+07
2.74379e+09
593139
2.02364e+08
902997
8.79687e+08
5.64482e+08
3.58044e+07
1.40342e+08
333743
3.56313e+06
686524
2.10863e+09
3.10404e+06
9.64908e+08
7.43946e+07
3.37396e+06
5.05641e+08
4.7642e+07
2.05222e+09
3.59376e+08
9.1455e+07
159650
1.21293e+06
564724
3.37317e+06
2.82137e+09
362780
3.78141e+08
5.35487e+08
169394
1.58433e+09
349410
189337
281245
231219
180380
154167
586684
3.5265e+07
172202
105295
1.45402e+07
5.02846e+08
1.26424e+09
241468
2.43342e+06
1.64674e+08
4.24982e+07
6.62354e+08
4.79705e+08
7.16991e+09
1.80575e+06
101874
1.08108e+08
1.38018e+07
457389
3.06563e+09
2.81193e+06
3.29116e+06
1.53193e+06
864600
3.36417e+07
5.64612e+06
1.54147e+07
8.0844e+08
3.47041e+07
212868
179801
2.61977e+06
1.34563e+07
770366
5.2482e+07
1.63388e+08
6.62988e+08
2.59445e+06
2.5775e+08
186033
310925
4.32731e+08
1.75199e+08
215127
5.86311e+07
160446
1.13732e+08
6.05092e+08
955420
6.8481e+08
6.82673e+07
7.65597e+08
2.80724e+06
1.88635e+07
1.37209e+08
7.9509e+06
139729
1.00441e+09
135586
1.25913e+09
4.79425e+07
1.07148e+06
7.0266e+07
133299
494396
1.27347e+06
458571
118771
6.1065e+06
5.67855e+06
86415
778342
249888
8.62364e+08
1.63499e+09
1.6428e+08
1.41297e+06
1.18919e+09
1.20318e+07
2.07819e+06
500532
146471
5.31413e+08
3.00416e+09
2.98302e+09
4.85093e+08
7.10276e+07
1.80153e+08
5.53435e+07
199937
4.52591e+06
4.54736e+08
262917
1.26746e+09
1.61485e+06
2.6522e+06
149208
6.21381e+07
3.79879e+08
2.24374e+07
1.79412e+07
5.83087e+08
1.21836e+08
3.19129e+07
2.9593e+09
1.79717e+06
3.48844e+09
3.54039e+08
1.68361e+09
851580
4.39348e+08
5.69866e+06
1.06124e+07
5.03949e+06
6.97072e+07
4.06538e+06
2.42128e+09
5.07595e+08
1.43742e+08
757620
3.19245e+06
429596
6.11368e+08
1.80842e+08
136715
2.18081e+09
135858
5.12991e+07
2.58031e+06
2.92738e+06
3.25927e+07
5.65991e+06
4.33323e+06
1.94413e+09
2.42516e+09
9.21979e+08
9.13531e+07
8.96008e+07
242142
2.3925e+09
942835
132710
3.23748e+07
7.59189e+08
5.65444e+08
8.02412e+06
1.5375e+06
1.98559e+06
5.88064e+07
618030
1.51963e+08
2.71182e+06
2.12079e+09
4.54434e+06
6.27535e+07
1.17395e+07
645923
7.89477e+08
390811
3.68712e+06
184415
3.24275e+06
1.77945e+07
1.09827e+08
2.10135e+07
6.09208e+08
2.05363e+09
2.29011e+07
4.14836e+07
7.58837e+06
1.15568e+09
1.05586e+07
1.67827e+06
7.64494e+06
144847
205899
1.5528e+08
1.46264e+08
444665
309240
8.50765e+07
4.35882e+06
2.01057e+08
1.17127e+08
1.6798e+08
135447
2.55439e+06
7.85613e+07
9.0382e+08
3.95471e+08
1.72921e+06
365890
144322
628829
254131
172851
1.79824e+07
247716
98905.9
6.97234e+08
1.14936e+08
2.95297e+08
1.04236e+08
1.09674e+09
9.55356e+08
1.84806e+09
3.37572e+09
5.27221e+08
6.74858e+06
6.94198e+06
6.00142e+07
96669.1
1.33588e+09
1.71422e+08
3.99005e+08
7.17248e+07
6.40944e+08
3.46387e+08
4.37744e+08
1.0839e+07
7.03932e+07
7.90708e+07
3.32896e+06
1.17304e+09
126881
2.37444e+09
2.38471e+08
685308
2.35441e+06
1.32062e+09
7.90647e+06
9.00386e+06
3.78647e+07
3.18221e+07
2.19944e+08
9.11838e+07
3.67604e+08
1.77971e+06
2.5188e+09
174594
1.96226e+08
3.95146e+07
1.78149e+08
1.01433e+09
1.44316e+07
174780
8.59139e+08
3.28251e+07
6.16298e+08
3.03039e+09
3.60205e+06
3.66206e+07
1.7678e+07
1.38275e+09
1.06465e+07
2.43643e+07
4.92298e+07
933110
6.00781e+08
1.16117e+06
2.0226e+08
2.44264e+06
957320
95143.3
148555
1.02105e+09
1.28434e+09
2.71889e+08
1.00895e+08
1.28206e+08
3.79464e+08
7.08677e+06
3.75135e+08
2.00386e+06
9.92717e+08
289732
6.09012e+06
4.94697e+08
8.97185e+06
1.16293e+08
3.87207e+08
2.7708e+07
6.25317e+08
4.08185e+06
2.53235e+09
1.08557e+08
1.56551e+08
1.45999e+09
3.96185e+08
7.09885e+08
224162
6.54796e+06
1.44892e+09
158410
1.48829e+06
7.24803e+07
2.1302e+07
1.4179e+07
5.93487e+06
2.138e+08
165149
1.01548e+08
1.07976e+06
144043
4.29891e+06
2.16035e+06
8.76127e+07
1.32228e+09
9.71541e+08
1.88611e+09
1.04094e+06
1.52032e+09
7.95027e+06
2.89813e+08
239812
1.15742e+06
1.68901e+08
4.87493e+08
2.20017e+08
6.68937e+08
1.35402e+09
3.05559e+06
3.42111e+07
1.37458e+08
343741
1.0392e+09
601368
1.17141e+06
8.58277e+07
1.61433e+09
3.40361e+07
7.65888e+06
2.18601e+08
5.07127e+08
1.80089e+08
4.40492e+06
3.07999e+09
1.51478e+06
1.25766e+09
1.54084e+08
2.92585e+08
6.21367e+07
3.15276e+09
3.53987e+06
458912
4.49667e+06
5.95259e+06
226618
1.96692e+09
2.15939e+09
171959
531820
8.91967e+06
2.03992e+09
7.71942e+08
9.75175e+06
82851.2
1.17887e+06
4.04107e+08
1.14969e+08
1.41356e+08
274599
2.51357e+08
7.39266e+07
4.01515e+08
139560
6.0692e+07
2.27596e+09
2.35061e+07
6.11649e+08
1.81719e+09
2.95578e+06
1.15611e+07
2.97892e+07
2.64933e+09
139326
2.74054e+07
1.37505e+09
523608
5.36115e+06
141486
1.22778e+09
4.87855e+08
9.15398e+09
1.32935e+08
1.67151e+06
1.04145e+06
127301
189777
1.62577e+08
9.26383e+08
2.58914e+09
3.21081e+09
3.98849e+06
4.20866e+08
7.2935e+07
1.47589e+08
4.06592e+09
5.69999e+08
1.35581e+08
148735
172812
960316
472899
1.49086e+06
1.29029e+09
165202
104072
1.36855e+09
4.43853e+09
214631
777803
325301
2.92019e+06
3.62596e+08
2.62625e+06
1.3055e+06
2.69938e+08
4.26114e+07
9.34299e+06
530347
887921
640142
3.47466e+08
1.45768e+09
7.17149e+08
152507
337816
9.36866e+07
1.16596e+09
6.8601e+08
8.66361e+07
1.4009e+08
5.96679e+08
8.40376e+07
336900
1.42117e+06
129774
2.14368e+09
3.14471e+08
9.79125e+07
5.40089e+06
7.18713e+07
2.8607e+07
3.17209e+06
1.5129e+09
3.07272e+08
96858.1
4.90996e+06
785368
3.94647e+06
1.6764e+08
2.69499e+06
3.49259e+07
2.97275e+09
4.1708e+07
5.72915e+08
1.92874e+08
178983
2.13199e+08
8.59702e+08
543756
5.13281e+08
1.1497e+08
252286
186533
1.67562e+08
104944
287358
1.46632e+08
87263.8
2.07238e+06
3.29497e+09
2.70155e+09
1.48714e+07
2.5616e+07
1.53384e+06
2.17945e+08
4.6276e+07
2.14399e+08
375922
1.12005e+07
8.43958e+07
1.96365e+08
713484
2.46826e+07
3.82392e+08
1.6316e+08
114562
1.46677e+07
1.86211e+07
8.14145e+08
5.93106e+08
1.90101e+06
6.03994e+07
3.11321e+06
170340
2.02529e+09
169435
3.53901e+08
1.72046e+09
297072
1.13684e+07
3.02003e+06
3.10767e+08
145607
4.43748e+08
7.61415e+08
6.65812e+08
1.65845e+09
7.65266e+08
2.03087e+09
1.45663e+06
3.83696e+06
7.24984e+06
3.13387e+06
2.1354e+07
8.57271e+07
6.76803e+06
8.25784e+08
9.43589e+08
9.98226e+06
6.08266e+08
245856
248448
6.52242e+06
9.08946e+07
2.54842e+06
3.873e+08
1.18163e+06
4.20121e+06
1.0683e+08
7.33258e+08
1.05306e+09
7.06639e+08
1.68698e+06
2.20183e+06
3.7899e+07
395466
1.52543e+09
3.58206e+07
2.17492e+08
8.15659e+08
1.19964e+08
1.23875e+07
154456
7.08853e+06
8.08909e+07
8.34969e+07
1.93012e+06
1.92099e+09
1.26816e+08
7.22606e+08
6.80067e+06
1.67179e+09
1.75915e+06
2.10949e+06
3.77695e+07
3.42414e+08
1.67142e+09
1.11495e+09
7.58466e+08
1.07961e+07
2.9212e+09
5.03687e+08
1.42573e+07
1.52592e+08
3.20967e+06
7.64287e+08
1.60912e+09
1.52541e+08
3.53454e+07
932376
1.78142e+08
2.2755e+07
4.10094e+08
1.25017e+09
2.85221e+06
1.01451e+06
1.87574e+06
4.09233e+08
6.36375e+07
2.71905e+06
2.34052e+07
1.78622e+06
5.91886e+06
1.74993e+07
5.30911e+06
2.18628e+06
3.98042e+06
7.72911e+06
3.30595e+08
2.95615e+08
1.17171e+09
1.23967e+08
2.87571e+09
3.25971e+09
2.62624e+09
8.58769e+07
1.44991e+07
146785
1.66512e+08
1.27682e+08
2.11873e+06
171261
1.03664e+06
148831
136646
7.72224e+07
6.66231e+08
4.22478e+09
4.223e+07
4.98496e+07
4.92179e+07
1.82113e+06
1.69442e+09
6.74626e+08
1.76108e+08
4.85764e+07
3.92712e+08
211929
3.89219e+06
1.0081e+07
2.08479e+08
1.00455e+07
672748
1.1373e+08
1.98857e+08
3.25503e+08
1.70518e+06
1.31501e+06
3.48623e+08
4.61476e+08
7.07298e+07
1.54096e+06
280790
134747
244638
3.58909e+06
1.54756e+09
415677
7.20869e+07
3.06099e+08
1.95978e+08
6.52937e+08
155133
523194
3.21685e+07
3.41865e+07
1.14213e+07
4.37578e+08
430295
2.21688e+07
1.37973e+09
7.45435e+07
1.52181e+09
1.53598e+09
1.96644e+09
1.82289e+08
1.34131e+08
3.66354e+06
1.06427e+09
150260
1.10402e+07
8.9422e+08
6.15348e+06
637542
676869
4.9735e+07
6.97916e+08
1.88914e+08
1.38875e+07
3.12448e+06
494094
1.09303e+07
1.46237e+09
2.94693e+09
4.18308e+08
852181
7.31883e+08
1.50884e+08
5.81447e+06
7.78136e+08
5.93304e+08
4.69931e+08
2.1071e+09
1.53035e+06
266745
4.55042e+08
1.74912e+09
2.07143e+09
3.0351e+07
5.67646e+07
2.7254e+09
2.01782e+06
2.77864e+08
1.3643e+09
1.00913e+08
4.23472e+06
1.70609e+09
3.84499e+08
5.01129e+08
3.07076e+07
939078
1.02115e+07
9.7679e+06
6.36206e+07
2.12403e+08
9.75383e+08
192690
2.40777e+09
905957
3.64261e+07
9.09347e+08
3.65988e+07
5.01239e+08
1.08927e+07
1.60656e+08
923824
7.51365e+07
1.6329e+08
2.17771e+06
6.87355e+07
669204
1.56125e+08
4.15662e+08
3.67853e+07
2.24185e+08
7.2715e+07
6.46514e+07
142348
3.16964e+09
5.77582e+08
350572
3.75538e+06
2.37216e+07
4.83057e+06
1.45845e+09
1.70307e+08
156468
1.06428e+07
1.51336e+09
7.0661e+08
8.70704e+08
4.85234e+08
7.59911e+06
3.43018e+06
4.54098e+06
3.50537e+06
1.10022e+08
5.26127e+07
9.85978e+07
97197
5.95995e+08
2.69943e+09
1.43696e+06
3.20964e+06
204048
4.69163e+07
149416
4.2778e+08
1.10095e+09
1.32941e+08
2.2613e+06
6.75366e+08
1.58703e+09
180595
2.28605e+07
4.62375e+07
3.47089e+07
2.71672e+06
159720
3.1216e+08
189246
5.91705e+06
1.23901e+09
1.23401e+07
6.19415e+06
887559
1.12626e+08
8.43264e+08
1.32275e+09
2.06672e+09
1.89514e+08
2.48843e+08
4.41139e+07
2.29392e+09
191034
1.46345e+08
4.88585e+07
5.38231e+08
3.08072e+07
1.03423e+08
331556
7.04819e+08
3.10997e+06
8.3865e+07
3.24393e+06
2.81702e+06
7.02703e+07
5.44657e+07
2.36392e+09
168811
4.40625e+06
6.9219e+07
1.08613e+09
1.45887e+09
2.71978e+08
5.20826e+06
5.81424e+07
4.28608e+08
4.61283e+06
3.02885e+09
2.52578e+08
7.34457e+07
8.23454e+07
2.24338e+09
1.42414e+09
597282
845481
1.26609e+09
1.10163e+08
6.81631e+08
2.27282e+08
1.15572e+09
3.69555e+08
8.70986e+07
3.52594e+06
1.24614e+09
4.92178e+07
5.02001e+07
2.12826e+07
1.29169e+06
2.43497e+07
2.42263e+09
1.00616e+06
9.22581e+06
1.34066e+09
1.87831e+08
3.01338e+06
800861
1.40002e+06
3.7638e+06
2.07109e+07
1.2838e+06
2.60863e+08
2.42291e+07
746687
1.24526e+09
161941
3.94054e+08
4.04821e+08
9.11319e+08
1.72961e+09
1.17979e+08
6.83333e+08
1.08576e+07
1.63824e+09
1.01015e+06
2.46032e+06
2.10216e+07
2.79521e+08
1.87908e+06
3.63154e+08
2.89678e+07
2.54559e+07
8.39427e+07
210548
2.51645e+07
2.1754e+06
267961
1.52621e+09
3.12626e+09
2.00297e+07
2.49054e+06
6.84413e+08
1.25961e+07
136042
3.81808e+07
5.84462e+07
3.23816e+06
9.74466e+08
285193
1.57197e+06
1.04442e+07
1.51954e+09
4.37298e+06
1.69029e+09
1.0024e+09
1.07584e+08
4.12224e+06
190429
6.81103e+08
6.59533e+07
1.95311e+09
1.08634e+07
1.34428e+07
6.69835e+07
6.79954e+07
3.18367e+09
1.5357e+09
4.48445e+07
6.17475e+09
142270
1.71725e+08
2.88182e+09
5.25601e+08
1.44307e+08
9.34748e+08
2.67139e+07
3.29096e+07
3.56064e+07
1.11096e+08
1.21165e+09
2.01544e+06
6.31982e+08
3.96857e+07
3.63759e+06
7.07749e+07
9.34348e+07
7.00801e+08
1.28103e+09
1.31235e+09
6.90555e+07
4.88652e+08
5.58083e+08
9.40305e+08
4.29859e+08
9.0684e+07
417825
7.57662e+07
2.27406e+08
234033
6.18445e+06
177540
514425
1.12295e+07
186513
1.35414e+09
1.62752e+06
512958
250492
1.77862e+09
3.69859e+06
4.50924e+06
1.27981e+08
712708
1.70115e+07
3.12574e+09
304709
3.85489e+08
1.04282e+06
2.82218e+07
3.70529e+06
9.29476e+06
9.66264e+07
9.43641e+09
1.11378e+09
5.57515e+06
5.24791e+08
5.88548e+08
2.02591e+06
1.4969e+08
6.10268e+08
1.56446e+06
3.00672e+07
6.51762e+08
1.49431e+09
4.5879e+08
5.04588e+08
4.01535e+07
6.10111e+08
2.25423e+08
140772
5.06618e+07
2.69543e+06
4.16168e+08
7.35479e+07
7.82359e+07
208683
2.78274e+07
2.47613e+06
1.56212e+07
866004
117632
7.12767e+06
8.10983e+07
3.18625e+09
1.98919e+08
322748
3.73954e+07
9.28491e+07
2.61673e+06
2.00114e+08
7.05765e+07
3.23895e+09
5.37029e+07
1.15661e+08
2.40458e+06
4.50782e+08
2.52998e+07
4.44431e+08
317329
7.12558e+07
2.06365e+09
3.64434e+08
1.04353e+09
2.13653e+08
967190
2.10625e+08
2.37928e+08
3.74047e+06
4.53887e+07
6.32212e+07
3.40351e+07
3.63844e+06
5.66364e+07
1.32761e+09
3.65616e+06
1.66079e+09
6.90681e+07
6.18368e+08
5.0321e+08
4.96049e+08
3.27407e+06
4.20009e+07
2.62577e+08
1.36714e+09
4.4343e+08
939145
1.64669e+08
5.00955e+06
1.71232e+09
1.27718e+09
2.54006e+06
350831
3.49261e+07
222995
1.37172e+09
7.61224e+06
2.82823e+07
3.74644e+06
1.86193e+08
2.98887e+07
1.13028e+06
1.27797e+08
1.37999e+09
1.99415e+08
3.7971e+06
2.07018e+09
156760
1.15394e+08
1.93014e+09
4.95734e+08
3.51598e+08
3.07569e+06
3.91258e+07
7.58794e+06
2.53576e+08
2.19525e+09
8.01808e+07
1.45623e+09
3.39265e+08
6.10822e+07
1.13323e+06
1.75042e+08
3.40496e+08
8.52689e+08
258121
226583
5.06952e+07
2.41465e+07
1.44715e+07
1.38773e+08
6.25999e+08
2.31348e+08
3.27489e+08
2.00362e+07
949024
3.09814e+07
5.02089e+07
3.11669e+08
5.3837e+06
9.62247e+08
178577
1.27442e+09
2.68199e+09
5.02296e+07
1.31249e+09
2.38781e+07
9.32813e+07
1.90554e+08
6.86902e+08
1.98559e+06
1.95253e+08
1.98121e+09
4.76608e+06
1.41663e+06
1.76711e+07
2.4883e+06
4.19786e+06
3.32806e+08
1.41028e+09
3.27405e+09
4.41776e+07
8.35623e+06
2.17546e+09
3.42096e+07
4.19577e+08
3.96623e+07
1.45884e+08
1.44734e+09
155970
3.72997e+07
775160
1.30717e+07
9.99561e+08
4.37603e+07
1.24738e+06
1.16548e+08
1.2112e+06
8.48514e+08
7.53809e+07
2.28863e+08
5.41103e+06
105802
4.54576e+06
1.73781e+06
6.83102e+07
5.27311e+06
5.00724e+07
4.02029e+06
3.25838e+08
9.83001e+07
5.7216e+09
3.07276e+07
4.81617e+06
2.69001e+09
1.26065e+09
2.44511e+07
3.33174e+07
5.6832e+06
192122
1.3614e+09
4.35456e+06
2.82431e+06
8.86948e+08
1.91533e+09
2.06872e+09
7.16807e+07
1.60222e+09
6.88956e+08
1.78221e+08
1.50719e+09
3.52827e+07
3.13475e+06
1.91833e+07
2.16766e+09
4.54876e+07
2.23203e+06
185192
6.72287e+07
5.52427e+07
4.34414e+08
1.46795e+09
5.5125e+07
3.31527e+06
3.6298e+06
1.89838e+06
2.71409e+09
1.67249e+06
822090
1.54761e+08
1.56374e+08
2.88566e+08
2.96077e+06
3.39734e+06
6.57024e+08
1.61401e+08
1.58115e+07
1.96889e+06
92576.9
3.64046e+08
1.6008e+06
3.48364e+08
1.8683e+07
8.74559e+08
4.59523e+06
3.02981e+08
1.49646e+09
537320
751713
5.3126e+08
1.54462e+07
5.71301e+07
6.90132e+06
2.91293e+06
3.64652e+08
5.81839e+07
1.69318e+07
2.4999e+09
469489
156088
3.6531e+07
4.23498e+08
4.25881e+06
1.5594e+08
4.15048e+08
833053
5.17388e+08
2.99235e+09
1.47391e+09
3.61568e+08
1.43481e+09
295178
1.25418e+08
1.03289e+08
2.08465e+09
1.51334e+06
3.04032e+07
3.58116e+08
7.07056e+07
1.04611e+07
3.51855e+08
5.24144e+07
2.09652e+09
9.53353e+07
2.60083e+07
4.0281e+07
156083
5.34229e+06
2.32838e+07
4.42364e+06
1.39421e+09
1.97668e+09
2.98118e+08
131234
7.85707e+06
2.53195e+09
3.17024e+08
328914
4.24952e+07
2.23355e+08
4.28825e+07
7.86751e+08
9.825e+08
3.31163e+06
267204
9.17303e+09
478458
6.78722e+07
9.51552e+07
3.19512e+08
4.12179e+07
1.25109e+09
96220.8
5.08795e+07
1.65456e+08
2.52511e+09
2.03052e+07
1.96481e+08
1.12293e+09
7.39234e+07
2.53368e+09
2.64528e+06
1.04387e+09
2.46299e+07
5.45524e+06
1.25072e+08
1.16424e+08
4.73041e+08
702967
2.3066e+07
1.33836e+08
1.50995e+08
4.11356e+06
8.24244e+07
1.73221e+06
1.21112e+07
153957
9.54785e+07
3.9394e+08
184667
2.82644e+08
2.00258e+08
5.23319e+07
1.19952e+07
2.71791e+06
1.70504e+06
1.26179e+09
4.14686e+08
2.63216e+08
168275
1.21569e+07
3.81975e+08
6.08263e+07
209440
5.70831e+07
6.75151e+07
6.42424e+07
421384
1.5267e+07
2.54465e+06
4.80686e+06
2.85649e+08
1.97089e+08
1.08838e+09
2.22935e+08
1.16631e+08
1.75983e+07
924065
5.30434e+06
1.3028e+08
5.03051e+08
1.47055e+09
3.28649e+09
3.80183e+06
2.74761e+06
873987
2.73562e+07
6.26549e+08
5.1564e+08
4.61657e+08
945951
6.35657e+08
2.70853e+09
5.48898e+09
218636
3.46002e+08
1.4515e+08
4.00679e+08
2.14171e+08
1.63701e+09
1.7609e+08
1.53234e+08
98863.9
1.40058e+08
4.07547e+08
2.94626e+09
178592
6.4307e+08
4.32029e+07
6.35557e+08
6.64047e+07
200015
1.19918e+07
3.62244e+07
4.63518e+08
1.70301e+09
8.39169e+08
5.10684e+07
3.2353e+06
3.26665e+08
1.0141e+06
1.58123e+06
323001
208006
3.42616e+06
4.04717e+07
1.99337e+09
5.83695e+07
1.58239e+06
1.81911e+09
273009
99749.3
3.23745e+06
2.35747e+06
1.27827e+08
3.89656e+06
2.30977e+08
604908
5.94907e+08
3.42269e+06
4.09487e+08
7.71127e+07
4.41728e+09
412248
2.94033e+07
6.29822e+06
165836
2.67911e+08
979246
1.11006e+08
115144
2.24049e+06
2.19253e+09
4.90252e+07
3.56216e+08
2.19785e+08
1.27764e+09
2.91479e+06
1.76446e+06
6.00653e+07
7.26648e+09
1.14923e+09
1.6029e+09
4.45379e+06
592707
3.69231e+08
5.11732e+07
6.96909e+06
3.26002e+06
7.99427e+06
299745
1.46722e+08
2.83463e+08
1.5736e+06
1.44122e+07
7.57861e+06
6.70843e+07
1.13228e+06
3.28771e+09
5.55614e+07
8.41151e+08
1.16564e+08
280074
3.10202e+07
2.09447e+08
1.33588e+08
9.41981e+07
3.24171e+08
4.81568e+07
1.17069e+08
4.20744e+08
4.38795e+08
4.83185e+06
1.20595e+08
5.79826e+06
6.85488e+06
2.77464e+07
2.39431e+08
5.0728e+08
7.91601e+07
2.48015e+07
1.20016e+08
173816
1.0329e+09
2.87517e+07
1.14348e+06
4.52837e+07
7.66606e+07
3.98789e+08
1.78198e+08
971349
1.34886e+09
2.58705e+06
3.27053e+07
9.50644e+07
4.14884e+06
2.95645e+08
3.46404e+08
585034
2.30396e+07
3.2759e+07
788869
5.69579e+06
948607
5.15155e+07
3.86926e+08
3.43535e+07
7.33502e+07
179228
6.41052e+07
3.87912e+08
1.30096e+09
2.30515e+07
3.22913e+09
4.40048e+07
5.41675e+07
4.15467e+08
7.33302e+08
1.21594e+09
1.17063e+07
1.004e+08
4.98638e+07
488431
9.54692e+06
2.1574e+08
3.08493e+07
1.62465e+07
4.55342e+09
5.70428e+06
1.0129e+08
6.24533e+06
182080
5.82831e+08
128993
197045
1.27044e+06
1.466e+07
6.72566e+08
1.06165e+09
3.33973e+08
2.70269e+07
2.75296e+09
2.60036e+07
4.50269e+08
3.38434e+07
1.49087e+09
4.54094e+07
8.84865e+07
9.71591e+06
8.5689e+07
6.65556e+07
1.53971e+07
2.02783e+06
613945
3.24988e+09
4.78205e+09
1.6878e+08
3.78093e+08
5.51845e+08
2.05467e+08
7.54483e+08
2.64682e+06
9.28753e+07
202281
8.04856e+07
3.14108e+06
4.03887e+07
2.04188e+07
4.28181e+06
6.16696e+07
4.39245e+06
9.74408e+07
9.5251e+07
8.75992e+08
6.85987e+08
1.45277e+08
3.56743e+06
4.24406e+08
4.84374e+06
7.9865e+07
2.12631e+08
3.7753e+07
5.74134e+07
1.57902e+06
2.21608e+07
3.39401e+08
1.42566e+08
2.4192e+08
3.63407e+08
1.25211e+07
1.23416e+09
271871
3.37941e+08
9.89096e+07
6.3741e+06
3.25188e+07
2.10715e+08
7.05657e+07
4.39865e+09
190851
2.1979e+07
2.97471e+08
2.98118e+06
2.57217e+08
2.4126e+08
9.71214e+08
181432
1.0669e+09
1.45005e+09
1.80043e+08
1.31709e+09
9.78377e+07
3.29532e+06
3.79147e+07
3.21324e+08
6.42116e+06
1.08359e+08
285483
1.25508e+08
3.54372e+08
4.64841e+08
5.81204e+06
1.75167e+09
4.74495e+07
6.91571e+07
1.28901e+08
2.37962e+07
2.74736e+08
1.69151e+09
1.09688e+08
1.91731e+09
2.82596e+09
3.7867e+08
243901
6.70271e+07
1.58203e+09
301526
3.35858e+08
1.45938e+09
278664
2.42704e+07
2.3301e+07
8.99439e+08
1.02566e+06
4.71461e+08
1.23956e+08
1.29384e+07
615673
1.98347e+08
2.98726e+07
1.7009e+07
93306.8
160635
5.6187e+07
1.22992e+08
9.07817e+07
8.41225e+08
9.37779e+06
313040
3.30171e+08
3.80475e+08
918775
7.77387e+08
2.46172e+08
3.97964e+08
8.18855e+07
5.81484e+07
1.2799e+09
1.01707e+06
2.6325e+08
149973
5.84406e+06
2.71573e+08
2.65513e+09
1.9351e+08
3.10829e+09
1.52029e+07
955550
5.22795e+06
7.5248e+08
2.24752e+08
5.33166e+06
7.91685e+08
4.02818e+06
8.68557e+08
1.06664e+08
201112
5.05475e+07
1.47786e+06
1.3523e+06
2.94914e+08
1.42675e+06
9.5519e+07
143111
7.36091e+06
1.43405e+09
6.32391e+08
5.31631e+06
5.18181e+08
4.28109e+09
4.33768e+09
1.0306e+08
5.39192e+09
4.06913e+08
6.32336e+07
1.01355e+08
3.55262e+08
2.43878e+07
5.82518e+07
352269
1.49903e+09
4.48003e+07
2.77381e+06
6.10037e+08
1.2678e+08
9.06403e+07
2.29385e+08
2.86929e+07
543152
1.84111e+08
1.05498e+09
9.02084e+07
115492
333382
1.08668e+08
357520
1.02502e+06
2.945e+07
4.32682e+06
544622
653096
1.3363e+06
4.41622e+07
3.56455e+09
2.5462e+08
1.6661e+09
6.00729e+08
2.45015e+09
2.50783e+09
1.49804e+09
1.65747e+08
3.73899e+08
1.06931e+07
5.32195e+07
6.09447e+08
131658
4.49117e+06
6.81183e+07
3.08984e+09
2.29181e+09
3.00553e+07
2.14373e+08
8.31428e+07
1.65971e+07
4.52627e+08
2.88028e+08
148484
8.72322e+07
6.52021e+07
3.07061e+09
5.41421e+08
4.39983e+08
1.33543e+08
7.68932e+06
92316.8
93342.4
2.08302e+06
1.94746e+09
6.90102e+08
2.52505e+08
414396
3.53974e+08
5.28958e+08
2.45306e+09
7.50397e+08
3.24379e+06
3.35327e+08
9.36577e+08
2.46691e+07
1.09123e+08
3.0306e+08
4.16886e+08
1.66403e+07
2.81645e+06
937054
6.51125e+09
2.96416e+06
162408
3.33445e+07
2.65168e+08
2.68309e+08
3.60033e+06
1.23825e+08
3.76187e+07
1.4873e+08
1.68406e+07
2.94283e+07
5.23422e+08
2.0306e+07
2.01125e+06
876764
5.38819e+08
1.85342e+09
4.22777e+06
9.38757e+07
1.44598e+08
3.08585e+07
2.96807e+07
1.21353e+08
5.01051e+06
4.68407e+07
5.32216e+08
3.76779e+08
5.35626e+06
6.5006e+08
163668
3.17849e+06
2.75451e+06
2.88394e+08
1.01316e+07
5.11287e+07
5.7597e+08
3.80322e+06
2.57182e+09
1.44437e+07
102623
1.32055e+09
1.24378e+09
1.60044e+07
3.4432e+06
4.5353e+08
1.4907e+08
395154
1.97509e+08
5.46742e+06
2.90603e+08
2.99464e+09
1.29464e+08
111328
1.66508e+09
277349
1.88922e+09
4.10311e+07
331102
6.20033e+08
2.29504e+07
1.24369e+08
5.4538e+06
5.25761e+09
5.61349e+08
6.34818e+06
3.51683e+09
2.84043e+07
6.8988e+08
2.10274e+09
3.04787e+08
1.55793e+09
2.52228e+06
6.08902e+07
2.50218e+08
6.866e+06
3.89566e+06
4.11626e+08
3.04565e+08
1.03115e+09
2.82298e+07
3.83513e+06
3.09835e+06
7.12449e+09
1.57411e+09
1.39057e+08
1.08809e+08
1.61054e+08
2.80704e+06
9.71814e+07
4.32144e+08
5.18849e+08
4.72486e+06
1.00517e+07
104373
1.9003e+08
2.96416e+06
1.47726e+07
3.39395e+08
503691
2.75062e+09
5.62269e+06
1.02809e+08
6.4551e+07
7.17174e+08
1.60971e+08
1.39116e+08
3.31013e+06
2.57493e+08
192048
1.8814e+08
1.00671e+08
1.96867e+08
299925
1.2687e+08
579704
4.55906e+07
159534
5.22665e+08
4.65363e+07
1.04331e+09
1.06111e+06
1.64672e+06
9.06297e+07
1.57464e+09
1.07497e+07
1.15439e+08
1.48122e+08
4.94399e+08
658715
932497
964971
7.87621e+08
1.20344e+08
551642
8.81234e+08
5.18199e+08
2.34868e+08
544932
2.06347e+08
9.11335e+07
2.26664e+06
1.49007e+09
170358
7.52513e+08
1.64167e+07
293177
2.74967e+08
6.59655e+07
5.22075e+08
100960
1.72929e+09
2.17595e+07
4.31807e+06
1.99667e+09
1.56271e+06
3.09459e+08
1.81275e+07
1.05826e+06
8.85744e+07
1.04467e+09
3.4451e+06
6.34586e+06
3.27701e+07
1.18839e+08
1.09669e+07
2.89029e+06
1.0806e+07
1.1868e+07
7.20779e+08
3.68259e+07
4.42632e+06
4.29262e+09
3.05748e+06
5.37869e+07
1.29467e+07
1.58461e+09
3.80479e+06
6.88372e+07
1.85239e+08
2.12927e+08
3.41294e+07
752658
3.03751e+07
3.32109e+07
508521
3.71546e+09
1.17192e+08
1.52613e+09
6.07168e+08
1.67918e+08
805807
511776
9.12955e+07
3.04665e+06
3.87494e+08
4.42955e+07
250852
2.66794e+09
7.18899e+06
2.39757e+07
2.35828e+07
1.49708e+06
111080
2.69078e+06
1.66602e+08
8.49459e+08
3.77067e+08
1.94932e+09
4.41051e+07
3.09769e+06
3.92754e+07
2.22141e+06
2.43869e+08
1.12199e+09
3.32619e+06
1.50725e+08
2.49569e+09
3.08188e+06
3.34107e+09
331974
1.68658e+06
1.57862e+07
1.14836e+08
422653
206265
211135
1.07742e+09
4.60963e+06
4.05174e+07
1.23616e+09
3.8288e+08
3.80223e+09
1.09059e+09
5.68143e+08
1.87646e+06
2.08886e+06
2.06864e+08
9.05377e+07
2.07317e+06
1.59482e+06
181671
3.09637e+09
2.16387e+07
2.17232e+09
3.48032e+08
1.19828e+09
5.47507e+06
4.76559e+08
2.04942e+08
2.40853e+09
1.40007e+07
1.66044e+09
3.55177e+08
9.09947e+06
4.06415e+08
2.59941e+08
4.65574e+07
292357
95001.9
2.11975e+09
1.00529e+06
4.44904e+08
8.89704e+07
1.34597e+09
2.08285e+08
3.73237e+06
7.56507e+08
5.91015e+08
2.44693e+07
3.1043e+09
4.51854e+06
1.21228e+08
2.25855e+08
1.23815e+08
2.68295e+06
1.33983e+09
3.87315e+06
6.53625e+06
1.16633e+07
147565
6.51296e+07
1.09778e+09
1.52352e+08
1.91746e+07
3.53361e+08
3.90005e+08
4.17e+06
6.20553e+07
3.7846e+08
1.12575e+09
4.73234e+06
5.63012e+07
6.66862e+08
4.46242e+07
1.9895e+08
5.52502e+08
1.73547e+08
1.29505e+09
101123
824077
3.66309e+08
3.65726e+08
2.94024e+07
938703
1.83444e+07
1.40313e+09
1.6745e+06
1.01182e+09
5.20537e+08
7.6079e+08
8.0198e+08
3.21123e+07
1.44346e+06
4.75041e+06
1.31852e+08
1.97856e+06
4.55316e+07
1.67983e+07
407817
5.84381e+08
6.94396e+08
266646
1.15009e+09
8.97731e+07
1.11273e+09
213857
9.52481e+07
9.64408e+07
3.31172e+06
4.27817e+08
2.20772e+08
6.15489e+07
7.53655e+07
2.02749e+09
5.85841e+07
1.39253e+09
6.09692e+08
7.38056e+08
1.54122e+08
1.60777e+09
4.88404e+06
8.24733e+07
789664
7.1294e+06
2.70268e+06
178863
3.08996e+06
4.94383e+08
5.56661e+07
6.69291e+07
7.05938e+08
1.57873e+09
1.18176e+08
1.04523e+08
1.03948e+08
4.59686e+06
6.97564e+07
4.97221e+06
2.02303e+07
3.172e+07
2.94409e+08
3.74713e+06
797168
3.07401e+08
9.09445e+07
6.89005e+06
1.8487e+08
3.75428e+09
1.00265e+08
3.45266e+08
451749
1.81501e+08
1.16823e+09
6.39224e+06
735746
1.35248e+08
4.07318e+06
4.59009e+06
3.29148e+08
9.22633e+06
976336
1.25013e+08
2.13292e+06
347858
121005
3.54157e+07
1.23602e+08
1.76451e+08
2.35786e+09
9.45927e+06
1.85521e+08
3.01808e+09
1.84241e+07
1.43655e+08
5.91388e+06
91855.7
7.5267e+08
8.51343e+06
9.43346e+08
9.12248e+08
8.39898e+07
840378
942938
456955
6.49495e+08
995165
1.48521e+07
2.44004e+07
5.7739e+08
410402
3.8796e+06
3.97531e+08
6.93153e+07
8.72496e+08
4.37132e+07
5.75584e+07
251629
2.28667e+08
2.11381e+06
1.3838e+06
8.06399e+07
413848
1.34755e+09
140482
5.04167e+06
5.89027e+08
1.31651e+06
3.33523e+07
1.66859e+08
3.40288e+07
2.10918e+06
123951
605517
2.93623e+08
177314
1.37024e+08
4.21547e+06
1.49282e+09
1.9572e+08
160209
492944
7.69396e+07
6.55894e+08
815314
1.30441e+09
8.00939e+08
172854
207862
1.89914e+07
464184
3.20908e+07
7.31256e+07
5.55345e+08
3.37037e+07
226425
110908
2.90715e+08
7.18166e+08
1.27106e+07
3.08249e+09
1.99198e+09
317082
1.21728e+09
1.60145e+07
4.79665e+07
5.22544e+08
4.13411e+06
2.56719e+09
9.28781e+07
276163
4.15462e+06
4.8285e+06
3.0441e+06
326260
97711.8
5.26924e+07
439296
1.12051e+08
1.37609e+09
1.09499e+09
1.39956e+08
1.60517e+09
2.46887e+06
164820
1.11779e+06
1.82042e+08
4.21848e+06
1.12054e+09
900167
98659
415911
3.6949e+08
4.09462e+07
6.22502e+08
8.66171e+06
3.04431e+08
7.72819e+07
5.22358e+08
6.38597e+08
2.83264e+09
1.00579e+07
6.3446e+07
4.9397e+08
8.78719e+08
2.93433e+07
3.75605e+06
8.91878e+08
2.00484e+08
5.24551e+08
2.10873e+08
6.43892e+07
1.12284e+09
3.61598e+06
9.72437e+07
9.499e+07
2.17206e+09
179763
1.49769e+08
1.17386e+07
5.02881e+07
3.29651e+09
2.6608e+09
5.11301e+08
1.33667e+08
1.17093e+09
1.5374e+08
4.26694e+08
1.53187e+08
2.27691e+06
233124
3.11864e+07
7.70888e+07
91482.2
1.79406e+08
2.55279e+09
1.91171e+06
6.69488e+08
767284
773697
1.10809e+08
149343
2.14651e+08
1.05907e+09
1.18323e+09
4.95267e+07
5.92203e+07
183504
1.52394e+08
7.35905e+07
8.67082e+08
4.53587e+09
5.00793e+07
4.80456e+08
1.59778e+09
1.84498e+08
7.21468e+06
3.10853e+06
1.81705e+08
7.56048e+07
2.01982e+06
4.26653e+08
2.58724e+07
1.03155e+09
3.54716e+07
9.50484e+07
4.08163e+08
6.2666e+06
3.07949e+09
371778
3.77289e+07
514199
3.56399e+06
9.03112e+06
1.94306e+06
2.12104e+08
9.13749e+08
2.01454e+09
6.2924e+08
1.97788e+09
1.29377e+08
493464
182194
229018
2.7338e+07
3.58274e+08
2.45756e+07
2.17922e+07
897080
3.93673e+07
1.23691e+07
348218
112136
3.33665e+07
7.16241e+08
4.04318e+08
4.50749e+07
8.7993e+07
3.78232e+09
1.56849e+08
1.81496e+09
1.73855e+08
3.94813e+07
1.4548e+08
4.82364e+08
7.88762e+08
6.60124e+07
8.77506e+06
5.52062e+09
4.40524e+08
1.32344e+08
1.27665e+07
9.41893e+08
3.99025e+06
8.34686e+07
9.42903e+08
1.58814e+08
5.07947e+06
934553
1.81208e+08
9.47393e+08
4.6148e+07
1.49951e+06
7.44781e+08
1.24391e+08
139783
2.45843e+09
2.1478e+08
2.27124e+08
4.34233e+06
1.20542e+07
5.896e+07
2.75616e+09
1.47083e+08
5.54033e+08
2.55534e+09
3.2458e+06
3.00297e+08
1.11161e+07
651828
9.06125e+09
2.42801e+08
721731
753605
160508
1.56562e+08
5.7969e+07
2.15418e+07
3.28186e+08
4.53771e+06
9.3838e+07
1.54423e+09
1.74951e+06
3.35398e+07
98103.4
1.03083e+08
403464
1.44901e+07
1.07285e+09
4.07151e+06
4.50798e+06
1.18494e+08
1.46682e+09
3.41509e+06
1.95987e+08
3.64982e+07
2.97327e+06
3.22366e+09
1.22735e+08
202993
4.49026e+06
3.00067e+08
6.47659e+07
6.97459e+07
2.14799e+06
1.01315e+09
149122
413491
1.99236e+09
7.27777e+06
1.91898e+09
1.80628e+08
1.53017e+09
487033
1.08238e+08
4.88133e+08
4.11501e+06
158552
636411
3.36988e+07
1.96078e+07
1.59809e+07
1.10275e+07
6.98034e+08
1.06558e+08
8.17863e+09
2.41785e+09
9.57772e+06
3.20467e+09
2.02971e+09
2.52455e+07
9.82072e+07
8.2776e+06
5.36934e+06
1.62998e+07
1.63793e+09
234174
1.82544e+07
1.48451e+09
4.28829e+06
5.46866e+08
750287
1.4418e+09
4.04496e+09
6.21766e+07
6.25772e+06
1.28397e+09
1.69748e+06
9.66658e+07
4.94636e+08
1.54233e+06
3.82395e+07
1.02627e+08
2.89098e+07
1.51226e+07
3.25936e+09
3.30762e+07
2.91481e+07
2.51979e+08
6.96289e+07
6.59309e+07
4.07481e+06
1.34538e+08
9.71499e+07
1.90152e+08
1.13418e+06
1.18992e+07
7.9891e+07
1.02478e+06
2.00387e+09
5.28962e+06
2.88776e+07
1.65941e+07
1.12264e+08
1.14135e+09
7.33724e+08
2.9043e+08
3.36837e+07
1.25775e+09
5.91029e+08
1.27498e+09
1.30222e+06
1.04806e+09
3.39961e+06
2.37825e+08
3.51179e+08
1.00195e+09
2.28296e+09
1.35877e+09
2.28435e+07
1.43003e+08
4.67002e+07
8.76892e+08
458599
5.71706e+09
1.03479e+06
3.59941e+08
146576
6.54678e+07
538906
7.57091e+08
1.64601e+08
5.60187e+09
1.18745e+08
3.44687e+07
6.38425e+06
2.09357e+07
1.48747e+08
1.93031e+09
2.44894e+08
6.77856e+08
2.08279e+09
1.42032e+08
3.3364e+08
2.39103e+07
1.16007e+08
382451
1.89609e+09
2.89613e+08
1.70127e+08
1.47796e+08
2.30385e+08
1.77582e+09
2.32753e+06
1.82608e+06
7.16963e+07
3.73052e+08
4.62733e+07
1.07529e+09
1.29881e+08
1.25359e+07
3.3768e+09
386148
2.70961e+06
3.41929e+07
2.37999e+08
1.04943e+07
3.37826e+06
100408
1.82564e+09
1.8664e+09
2.26442e+08
3.01422e+06
265972
4.25634e+06
950396
1.32791e+08
4.27838e+08
2.19032e+06
9.80852e+07
7.493e+06
3.42681e+06
4.90479e+07
3.21387e+08
4.12097e+07
1.12514e+08
5.74401e+08
7.48557e+07
9.03827e+07
4.92028e+08
3.53663e+07
1.61231e+07
2.74572e+07
4.42667e+06
4.11679e+08
730242
1.37469e+07
7.48744e+06
1.89758e+07
1.73909e+08
396066
4.52594e+08
1.34315e+08
7.53085e+08
6.74605e+06
4.23012e+06
8.95859e+08
2.85041e+09
1.77481e+08
3.5302e+07
2.66542e+08
3.63244e+08
1.17676e+07
4.22919e+07
2.97087e+07
7.34904e+08
3.06461e+09
1.63941e+06
251201
302332
1.1306e+09
7.0375e+06
5.97612e+06
5.29941e+06
1.68888e+08
9.2858e+08
8.10666e+07
7.83306e+06
791677
4.07106e+08
5.31629e+07
4.59121e+07
4.65091e+08
1.49866e+09
1.8939e+08
5.96707e+07
6.36213e+07
525416
6.81801e+07
2.29023e+08
1.32788e+08
5.92185e+09
3.07323e+06
4.57714e+07
2.16065e+07
1.34309e+08
1.44434e+08
7.9101e+08
1.10617e+09
1.19343e+07
1.06228e+08
1.48941e+09
1.09917e+06
2.41582e+09
4.54064e+06
2.43921e+08
8.41605e+07
883548
370869
1.9143e+09
964193
3.7601e+06
3.71168e+08
1.31765e+08
5.26157e+07
1.25823e+09
3.43888e+08
4.15432e+06
1.70313e+07
4.86247e+08
7.34906e+06
2.03103e+08
1.0278e+07
3.25584e+07
1.14553e+09
6.96816e+08
6.92939e+07
2.88956e+06
5.31357e+08
2.60208e+08
3.30201e+09
3.24503e+07
1.72964e+07
3.13231e+06
1.86418e+08
1.88747e+06
904753
1.4386e+06
4.6182e+07
3.66214e+08
218789
1.0935e+09
1.01153e+06
3.38433e+08
3.39628e+08
1.25882e+07
4.30299e+07
4.18225e+08
4.52132e+08
8.97205e+08
8.42016e+06
3.68621e+07
1.02279e+06
1.80919e+09
1.09008e+06
6.57253e+08
4.84541e+06
3.0143e+06
3.67774e+08
5.4614e+08
7.51841e+07
5.18601e+08
4.08148e+07
1.43297e+07
8.19683e+07
3.17146e+06
3.99127e+08
8.35241e+06
1.2081e+07
1.28085e+08
136508
573942
1.54469e+07
3.67561e+08
1.16288e+06
4.06666e+08
1.96122e+08
133300
124721
222070
2.67319e+09
1.93944e+09
108867
6.50661e+06
2.27707e+06
8.24828e+08
94604.4
4.79739e+06
8.76119e+08
4.51643e+08
6.8057e+07
1.22441e+07
2.33831e+09
6.19618e+07
7.88181e+08
2.00622e+06
3.26583e+07
1.28025e+08
2.09418e+08
5.61304e+08
1.20386e+08
1.35017e+09
1.09471e+09
6.586e+07
1.5865e+08
226883
1.69108e+08
234982
4.78606e+07
2.92992e+07
1.1236e+06
1.17826e+08
1.29592e+08
449872
4.25012e+06
1.93057e+07
3.21633e+06
1.14123e+06
200690
1.96839e+08
7.78081e+07
100462
1.29089e+08
922857
549855
8.21021e+07
3.25444e+07
4.49151e+08
7.62554e+08
169250
4.84432e+09
1.98723e+08
1.04975e+09
5.21594e+08
163511
1.70385e+08
5.15846e+08
158774
8.57576e+07
1.32392e+08
3.22034e+06
7.14875e+08
9.98277e+08
1.75023e+08
5.06169e+07
8.11162e+07
2.18194e+09
1.66863e+07
5.27815e+09
2.03571e+08
9.4659e+07
1.88189e+07
2.84394e+08
3.01999e+08
7.59764e+09
1.25512e+07
2.72897e+06
1.92163e+08
3.99663e+07
4.26897e+08
6.94833e+07
9.37911e+08
1.5939e+07
8.12351e+08
3.20525e+08
5.11542e+07
4.316e+08
6.31983e+07
2.86443e+09
185084
1.20095e+09
2.78055e+06
1.72466e+08
1.42696e+08
948347
1.6585e+09
1.49865e+07
3.05611e+08
8.44413e+07
6.22436e+07
3.67685e+06
669629
1.70242e+08
1.15048e+07
1.08685e+06
1.57007e+09
1.20304e+08
96019.7
1.22917e+09
187393
9.41299e+08
2.2525e+07
1.42564e+08
1.51411e+08
1.40891e+09
334978
1.45695e+09
2.07244e+06
8.53605e+08
718659
1.60569e+07
3.6046e+06
1.14774e+09
6.11427e+08
3.81596e+06
2.32153e+07
6.5524e+07
2.35864e+07
3.00255e+07
5.60193e+08
8.58971e+08
3.10751e+06
5.4408e+08
1.25878e+09
3.79343e+08
2.5156e+09
4.9992e+08
1.15835e+08
4.2523e+09
5.24831e+06
146455
8.24863e+06
2.14593e+06
2.98771e+06
4.23783e+08
2.1803e+08
2.32535e+06
4.82537e+08
1.97119e+06
5.64122e+07
230117
1.977e+08
3.32982e+07
6.7211e+07
154329
1.53081e+08
4.87881e+08
6.79222e+08
4.09213e+06
1.81967e+07
7.59626e+08
8.31125e+08
3.62663e+06
98443.7
6.40346e+07
3.02096e+06
1.11846e+08
4.0716e+06
1.82129e+08
725041
951024
1.20513e+07
8.61916e+06
1.26845e+08
6.52151e+06
1.86999e+09
2.0155e+06
1.12311e+09
2.70848e+06
4.34256e+06
3.62212e+07
2.12786e+07
3.14322e+06
3.55631e+08
3.17186e+06
1.05249e+09
2.01463e+08
366462
3.36026e+09
1.79495e+07
3.58767e+09
3.72725e+08
5.71617e+07
4.5766e+08
1.7011e+08
1.04028e+09
4.79224e+06
1.05506e+08
1.57095e+07
1.75916e+09
2.16356e+08
5.30935e+06
2.26856e+09
8.35382e+08
2.65983e+06
100318
1.6815e+09
208063
1.17628e+09
1.0389e+09
2.4136e+06
3.30414e+07
3.61827e+09
1.92039e+09
1.91309e+09
4.82347e+06
1.27591e+09
768655
6.93397e+07
440117
137429
3.3099e+09
1.33418e+06
3.52709e+09
8.65511e+08
8.16248e+07
5.46814e+07
1.40012e+08
1.21563e+08
2.45829e+06
7.5918e+08
1.34133e+09
1.1442e+08
6.38697e+08
4.15821e+08
2.34743e+08
3.38709e+06
4.68579e+06
3.88495e+08
1.21075e+09
147755
3.32669e+06
6.53923e+08
660150
4.09264e+08
1.37217e+07
6.17804e+08
215110
1.37023e+06
1.36652e+07
2.51593e+06
156603
283661
163507
4.27933e+07
4.13701e+07
6.7717e+07
344454
519651
8.40659e+08
2.5286e+09
1.21473e+09
7.00019e+07
2.00102e+07
3.26259e+07
2.67336e+08
2.38061e+09
1.83163e+08
6.29727e+06
4.49419e+07
4.76989e+08
2.63315e+08
139005
1.81862e+06
2.44538e+08
5.95099e+08
1.66112e+07
1.52292e+08
8.45424e+07
1.64891e+09
1.14994e+08
422380
3.34812e+06
4.88255e+06
9.00069e+07
7.45985e+08
6.73119e+07
4.88747e+07
4.48426e+06
8.99119e+08
1.56749e+07
837469
2.61844e+06
1.82471e+06
1.73737e+07
226775
891931
422895
5.55127e+08
1.55983e+09
6.79372e+06
2.46302e+08
1.4289e+09
1.27372e+07
7.73565e+07
4.94807e+07
3.45562e+06
1.55384e+07
2.86483e+09
4.58351e+06
667494
2.49264e+09
1.09491e+08
1.31811e+07
103526
5.05392e+06
1.37543e+07
7.33843e+08
8.09821e+08
6.09225e+07
2.71196e+09
284609
2.64352e+06
847174
2.57916e+08
149525
679502
1.97885e+06
1.00855e+07
1.054e+08
3.28374e+06
1.40827e+07
1.68154e+08
98843.9
2.23321e+09
8.67718e+07
2.546e+06
5.39184e+08
2.30682e+09
4.0493e+06
9.72102e+07
391169
1.52558e+06
4.874e+07
2.38587e+08
2.7079e+09
5.57565e+09
4.12362e+06
6.09061e+07
5.34173e+08
4.32265e+08
2.54408e+08
4.21134e+07
5.96616e+08
1.23579e+08
160057
1.93477e+06
2.06512e+06
8.35719e+08
3.74071e+06
202719
477601
1.36973e+06
1.84531e+09
1.31506e+09
3.0587e+09
245416
1.66617e+08
1.1037e+07
8.31123e+07
4.49397e+08
1.53936e+06
9.74147e+08
2.4722e+08
160757
7.89321e+07
3.13923e+09
2.62959e+06
8.39418e+08
8.13677e+06
3.10758e+08
8.46777e+08
5.03917e+06
956028
3.07002e+07
156172
4.18403e+06
2.88797e+06
181504
1.24453e+09
3.57934e+06
1.67613e+09
4.13172e+07
743106
162959
2.58898e+06
3.10102e+09
6.11315e+06
513018
3.93426e+07
3.18388e+07
1.22067e+07
4.14507e+07
2.11153e+06
3.41944e+06
1.30274e+09
3.63549e+07
4.44245e+08
7.45166e+06
3.57934e+08
1.82288e+08
3.37431e+06
2.54059e+06
3.89273e+08
8.95081e+07
1.53793e+08
2.11729e+08
7.13245e+08
3.99481e+07
1.1956e+06
5.61339e+07
7.7391e+07
4.2638e+08
262878
3.26321e+08
1.3721e+08
8.16785e+06
2.22253e+08
5.3928e+08
2.95187e+09
9.65777e+09
3.42101e+08
2.10103e+06
1.18921e+09
4.14986e+07
766627
4.30977e+08
8.38125e+06
2.22911e+08
4.812e+08
7.15177e+07
4.32922e+08
6.77318e+07
3.49721e+08
2.9811e+08
2.77247e+06
1.88522e+07
535313
6.31656e+06
1.69473e+09
7.61381e+07
1.41442e+06
2.34249e+09
4.89132e+07
1.16071e+08
2.9652e+08
1.24748e+07
2.86109e+09
1.17472e+08
1.76973e+09
1.17534e+06
1.92253e+08
836609
3.74288e+06
1.9376e+08
1.40827e+09
1.01087e+08
2.27094e+09
328128
102183
5.22163e+08
222363
6.876e+07
1.99452e+09
1.69359e+09
2.38409e+09
4.43865e+06
1.39868e+06
1.09148e+06
3.49521e+06
577166
163625
1.5206e+09
4.75021e+08
1.54522e+07
5.35349e+06
197333
4.45742e+06
173275
3.5313e+08
3.97416e+07
2.01238e+07
1.45135e+08
6.36555e+08
518946
2.08306e+09
6.33915e+08
2.26032e+09
3.50657e+06
5.58456e+06
1.97056e+08
3.49858e+08
2.72565e+07
9.36383e+07
1.25284e+08
1.83453e+08
158142
1.64783e+08
3.91265e+08
5.79444e+08
3.42152e+07
1.20095e+09
2.31685e+08
5.10879e+07
7.62044e+07
3.15335e+07
1.03179e+09
1.09909e+08
1.70485e+06
8.98556e+08
2.62822e+06
678828
932085
1.43199e+08
3.91852e+08
1.16686e+09
1.68593e+08
9.83152e+06
105565
1.11097e+09
1.64319e+06
2.18385e+09
1.76659e+07
7.4039e+06
3.35462e+08
9.54322e+08
853676
4.92399e+08
3.83562e+08
2.3064e+08
2.33074e+08
175744
3.17147e+08
3.23943e+06
4.57847e+07
261704
1.07359e+09
705659
1.06786e+08
2.36053e+07
3.66476e+06
1.09126e+06
3.26006e+06
5.36394e+07
2.2976e+06
4.51311e+08
1.49183e+07
1.73372e+09
1.4014e+08
1.4092e+08
8.21734e+07
3.47529e+07
1.85311e+07
4.34606e+08
9.55671e+07
5.61841e+06
7.49527e+07
1.57078e+07
8.83679e+07
101688
2.26587e+09
2.26122e+06
1.1504e+08
2.00178e+09
3.07845e+07
7.06085e+08
5.37391e+06
2.22378e+09
3.19582e+06
3.57012e+06
9.34235e+08
6.95762e+07
274303
4.60414e+08
4.10322e+08
949799
6.47525e+06
3.69189e+08
1.77621e+06
6.03648e+07
1.82413e+09
1.8913e+08
1.67208e+08
3.61094e+07
9.45766e+07
1.63948e+08
3.99122e+06
4.49581e+08
7.25585e+07
6.04865e+07
4.85038e+08
2.74912e+07
2.72424e+09
1.14541e+07
1.44567e+09
6.41712e+07
3.57012e+07
4.19978e+06
4.04943e+06
2.66603e+07
6.13837e+07
1.68146e+07
5.02415e+08
7.61464e+08
3.27137e+06
393463
1.92162e+08
164833
944442
906504
8.1306e+09
3.81954e+06
219879
6.33934e+08
95491
5.78395e+09
1.132e+09
4.06841e+06
124367
3.6197e+06
2.39757e+06
3.4589e+08
2.56274e+08
1.2964e+07
1.75753e+06
4.11754e+07
1.06134e+06
5.83876e+07
288083
6.68504e+06
3.51e+06
1.76882e+07
95463
1.5367e+08
1.24142e+08
447409
4.48731e+06
6.18277e+08
1.5216e+09
4.91881e+06
4.35907e+08
1.69664e+07
2.02438e+08
548166
202557
3.01966e+06
1.63642e+08
111293
3.06114e+08
1.28154e+07
1.4528e+07
4.72772e+09
6.31633e+08
1.60646e+09
1.06379e+07
987679
7.02416e+07
3.66748e+06
2.28581e+08
448494
2.11732e+09
558306
5.1726e+06
4.86586e+08
2.41409e+07
7.40952e+08
2.57004e+06
3.49661e+09
231495
5.65975e+08
2.02744e+06
2.21544e+06
3.4093e+06
308001
91588.6
3.87659e+08
2.83913e+06
158792
3.55678e+08
5.23265e+07
243741
2.57768e+06
5.90214e+08
4.38105e+07
3.07957e+08
1.74417e+06
1.36418e+08
1.21063e+08
7.66068e+07
1.19718e+06
2.97583e+08
3.10529e+09
2.3609e+08
96747.3
3.80018e+08
1.99866e+08
3.57811e+07
1.1457e+06
1.25801e+07
3.8033e+08
96172
610674
9.72859e+06
6.47636e+07
1.33558e+07
6.84568e+06
2.23328e+08
8.09521e+08
2.90614e+09
186242
8.49873e+06
9.64562e+07
6.3519e+08
7.509e+08
157638
6.56601e+06
3.98605e+06
2.01091e+06
5.74888e+06
3.38395e+06
124248
6.54455e+07
2.37231e+07
2.08932e+08
3.46057e+07
7.08251e+07
156300
1.01905e+07
2.44332e+09
169687
4.51491e+08
3.46544e+07
9.93078e+07
5.97816e+08
1.22948e+08
1.02379e+06
1.34394e+09
86817.6
1.1785e+08
100778
3.52145e+06
2.34619e+08
9.69661e+08
138907
1.17542e+07
3.45674e+06
281480
2.25042e+06
4.02511e+06
1.67355e+09
2.68208e+09
5.97458e+08
1.89474e+07
515757
3.67503e+08
7.73416e+07
1.3394e+09
2.28303e+07
2.83813e+06
1.48481e+08
1.14105e+08
1.73294e+06
1.40067e+08
1.53422e+08
2.87978e+07
7.9709e+07
1.16023e+07
5.65987e+06
5.3471e+06
2.18155e+07
1.36526e+09
1.4947e+08
4.26512e+06
4.96861e+07
124329
3.16346e+07
1.24106e+06
2.55391e+06
3.98336e+06
1.74202e+06
1.34967e+06
1.04082e+09
9.18255e+08
6.41048e+07
1.06954e+07
3.22524e+07
674879
4.19538e+06
167973
5.2365e+08
1.77747e+08
3.51767e+08
1.16803e+09
1.54737e+08
1.87531e+06
5.4493e+08
4.35053e+08
1.76411e+09
2.32254e+07
803507
5.19289e+08
905484
1.89965e+08
3.04468e+06
4.20596e+08
3.63299e+08
3.04994e+06
1.07028e+07
355255
6.8267e+08
3.18443e+06
4.91612e+08
178351
185743
7.78518e+06
1.45337e+09
201053
7.27461e+08
8.76087e+07
9.3433e+07
4.97845e+06
2.47802e+09
6.56458e+07
1.92133e+08
3.72223e+07
9.96842e+08
9.86335e+07
3.67179e+06
2.07307e+08
958632
5.20645e+07
1.24037e+09
2.07939e+06
3.57505e+07
4.02472e+06
4.13708e+07
1.20157e+09
165641
8.01224e+08
157286
2.01823e+07
4.19695e+08
3.18845e+08
1.71032e+06
1.08488e+08
4.71011e+08
2.02389e+09
1.52254e+06
4.59888e+07
382062
5.05184e+08
7.34562e+07
8.88916e+06
6.30328e+08
4.20839e+06
1.22215e+07
3.14716e+07
8.98293e+06
1.26046e+07
180973
6.72275e+06
1.00148e+06
6.97133e+08
6.6846e+07
6.58292e+07
1.56153e+09
7.16551e+07
1.5285e+06
2.60321e+06
1.74043e+07
7.23248e+07
3.40185e+08
1.06378e+07
3.74084e+08
3.42756e+08
3.47596e+06
106930
2.94888e+07
7.00859e+08
1.47424e+07
5.47271e+07
1.73536e+09
2.39698e+08
2.02344e+08
144695
1.4435e+09
7.01703e+06
2.20424e+09
7.49861e+07
285043
3.95012e+06
8.73735e+07
1.60575e+08
1.55141e+07
9.28266e+07
161264
4.66303e+06
5.19942e+07
1.18043e+09
1.80046e+08
3.9284e+08
6.4768e+07
2.10023e+09
1.90763e+06
1.64079e+08
1.81638e+08
2.04237e+08
1.90437e+07
9.05565e+06
8.25074e+07
1.55903e+07
1.44593e+09
8.43409e+07
260845
3.78325e+08
9.80969e+06
184025
7.75332e+08
1.21988e+06
6.91593e+07
1.60747e+08
1.9043e+09
3.36612e+08
1.55038e+07
5.86831e+06
1.66482e+09
3.95812e+08
5.48813e+07
176292
1.783e+06
3.15266e+08
487482
1.25265e+09
3.63462e+06
158663
3.78692e+06
3.70586e+07
282730
1.71641e+06
8.35687e+08
2.36438e+06
2.00006e+09
3.93359e+07
4.29047e+06
1.94389e+06
2.05315e+09
192784
1.11902e+07
155154
4.54765e+09
8.57149e+07
2.81512e+08
2.74548e+08
2.39108e+08
1.18978e+08
2.82003e+08
3.20537e+07
3.12554e+06
2.13726e+07
1.77789e+06
895963
991598
1.65868e+06
6.06138e+07
5.3897e+07
4.617e+07
3.96908e+08
3.48121e+06
3.22084e+08
2.43453e+08
3.94954e+06
8.30164e+08
1.30601e+07
2.85131e+08
5.60542e+07
7.94634e+07
2.18223e+09
3.95753e+09
9.20685e+07
8.57462e+07
1.67427e+08
2.3517e+08
9.08635e+07
2.49883e+06
2.40269e+07
1.60116e+09
6.0541e+07
2.15581e+08
785435
6.90972e+07
796663
156783
1.61968e+09
2.4255e+07
5.33821e+06
2.62923e+06
301780
682352
5.79169e+07
4.67835e+06
1.13129e+09
7.31453e+06
109143
1.41727e+06
3.54783e+08
511110
3.28302e+08
5.56946e+08
8.34255e+06
5.42248e+07
5.66933e+06
2.16498e+07
3.6894e+06
3.15083e+07
9.24014e+09
2.89301e+08
2.20239e+08
156621
8.94728e+08
2.72476e+06
1.31474e+07
154000
3.58701e+06
3.334e+09
6.54027e+08
1.71383e+07
6.73483e+08
7.20264e+07
4.65734e+06
4.96022e+08
2.63288e+08
6.16931e+07
4.93464e+07
1.36618e+08
4.44099e+07
5.84308e+08
2.1109e+06
5.88386e+07
1.19518e+06
5.02989e+08
100599
1.4573e+07
3.13296e+08
5.48435e+06
7.54632e+08
1.71694e+08
5.3179e+06
4.7385e+08
1.65784e+06
9.81528e+08
1.1603e+08
3.64035e+07
2.48097e+09
1.68327e+07
6.76516e+06
1.50749e+06
9.74149e+08
165482
1.92973e+06
5.78878e+08
6.36133e+06
2.00024e+09
9.27487e+06
2.13966e+08
2.72562e+06
8.08142e+08
1.45798e+09
8.18221e+07
6.10581e+06
5.83417e+09
2.02171e+08
2.33929e+08
7.85248e+07
1.68852e+08
1.87525e+08
6.62101e+06
2.84481e+07
539761
1.91498e+08
8.15364e+06
1.48738e+07
1.73867e+09
121166
4.4658e+07
2.15175e+08
1.33048e+08
1.25541e+07
4.64344e+06
1.19282e+09
783240
1.96137e+08
8.26384e+08
2.23885e+07
1.67885e+06
171253
525991
6.52535e+07
205696
2.96504e+08
4.98947e+07
1.2228e+06
4.12135e+08
2.8551e+09
653260
6.461e+07
1.54416e+07
4.555e+07
1.00335e+06
1.71452e+07
1.22519e+09
8.99175e+07
7.09258e+07
255810
2.36182e+07
6.59262e+08
4.33571e+06
1.65769e+06
4.78579e+06
7.27186e+06
2.17895e+08
148054
1.01495e+06
1.67853e+07
1.47524e+07
3.60879e+08
1.05992e+08
2.35648e+06
3.07781e+08
6.47418e+06
963531
9.02126e+08
1.86466e+08
9.52176e+08
1.71521e+08
3.42509e+08
1.40844e+09
154875
3.02065e+06
6.64587e+07
4.96238e+07
1.605e+06
6.31233e+08
1.53886e+08
905611
806025
3.28341e+06
757781
6.45079e+07
1.36352e+09
202796
226488
1.05973e+08
2.04713e+07
1.61682e+09
4.06387e+06
3.10426e+07
4.43768e+06
1.32462e+09
120346
1.22171e+08
2.63884e+09
6.51101e+07
246390
8.86324e+07
1.57384e+07
6.0809e+06
1.33555e+08
5.15179e+08
985193
6.06321e+07
8.62036e+08
2.02498e+06
3.62004e+06
1.49032e+08
1.59855e+08
8.7548e+08
6.43116e+07
1.46695e+06
9.06103e+08
109866
1.42669e+07
2.49693e+08
456347
7.81155e+08
1.7226e+06
1.48881e+06
1.57123e+08
1.90144e+06
8.00698e+06
4.41737e+07
2.62811e+09
2.86584e+06
1.50426e+08
2.22652e+08
8.35436e+08
4.57112e+06
4.29259e+08
9.56928e+07
1.26941e+08
2.04396e+07
3.66491e+07
1.05872e+06
5.43959e+06
1.24196e+07
2.8145e+06
3.3414e+09
6.82684e+08
4.97273e+08
1.34725e+07
5.14086e+07
2.01867e+06
8.52601e+08
5.09142e+08
163288
4.55083e+07
6.77394e+07
3.22322e+09
111150
5.29237e+07
1.00298e+10
6.11127e+06
168349
6.94089e+06
618431
102411
4.40718e+07
3.67392e+06
4.3811e+07
2.2489e+06
9.67235e+08
3.40602e+07
6.96824e+08
1.87237e+08
5.91956e+08
1.22153e+07
2.30112e+07
2.66898e+08
5.09555e+08
1.41394e+08
7.45716e+08
6.91022e+07
378793
5.10614e+08
9.17628e+08
5.69543e+08
1.37704e+09
1.54771e+08
1.68946e+08
8.93362e+08
9.42083e+06
1.34407e+09
165062
194082
453018
1.12116e+07
6.03447e+06
5.43077e+07
1.119e+07
6.59678e+07
7.04437e+09
1.3554e+07
2.4976e+06
1.73612e+09
2.14162e+06
1.52007e+07
1.46141e+08
2.37775e+07
2.89262e+09
1.21275e+08
3.33851e+08
6.48286e+07
1.02196e+09
2.16065e+06
1.84652e+08
1.90175e+06
1.49843e+09
8.81029e+08
4.47865e+06
7.29036e+08
2.5654e+06
2.06215e+08
9.00958e+08
6.42546e+06
2.71847e+06
102061
3.41683e+06
1.34863e+06
8.22126e+06
147185
1.16476e+09
8.63059e+07
3.45311e+08
3.01201e+08
6.94707e+06
1.53075e+07
2.44919e+06
521951
7.63325e+07
1.42781e+09
7.48914e+07
156601
8.05503e+06
1.05049e+08
7.4951e+08
2.32559e+08
1.28346e+06
9.94089e+08
6.16764e+08
7.61752e+07
1.31732e+07
1.15184e+06
7.02681e+07
1.93316e+09
8.74439e+08
8.33681e+08
8.56281e+07
5.96038e+07
2.21466e+08
1.11848e+09
525413
2.81276e+06
1.4973e+08
147214
146534
598966
2.51792e+08
2.77909e+07
1.84198e+09
1.65147e+06
644334
1.84956e+07
1.43863e+09
1.24168e+09
6.70146e+06
8.03126e+08
2.70249e+09
1.10051e+07
1.27912e+06
974487
5.35187e+07
7.71969e+07
2.95337e+06
216999
2.15481e+06
1.15936e+07
8.40554e+07
1.46184e+08
2.28415e+07
188602
258297
5.19788e+07
1.24433e+07
3.37294e+08
5.80044e+07
1.55672e+06
8.71736e+06
201462
1.03478e+08
152781
6.92841e+08
1.93256e+09
2.37515e+09
955072
9.8487e+08
1.85965e+07
117420
5.94673e+07
1.1006e+09
8.09554e+07
2.88e+07
1.15359e+08
8.61469e+07
3.31803e+07
7.38547e+08
7.3823e+08
9.5989e+08
2.67503e+06
5.1125e+07
561554
462311
5.35633e+07
2.75643e+09
7.63022e+08
5.58231e+06
2.71292e+06
927766
2.73529e+07
9.47466e+06
380250
5.46096e+07
4.15904e+06
236566
2.34258e+07
2.42838e+07
1.10933e+08
2.98031e+06
1.79552e+07
7.17447e+07
5.56106e+06
180896
7.01841e+08
4.54301e+08
95392.9
2.66647e+09
187607
2.99397e+06
1.11654e+06
4.17943e+07
1.60131e+06
3.32751e+07
7.38507e+08
1.49341e+08
9.12639e+08
2.28757e+07
1.22272e+08
1.13216e+06
125370
1.0765e+07
970329
2.42656e+08
131102
9.55948e+07
584576
1.42555e+08
3.00893e+08
2.06928e+08
3.15992e+06
8.46966e+07
1.04246e+08
1.76766e+09
2.13301e+07
2.16221e+07
1.09366e+06
5.90419e+08
1.29315e+08
4.74039e+07
3.5591e+07
1.76233e+08
2.57764e+08
3.91492e+08
5.425e+06
6.33138e+07
234156
1.29131e+09
5.49702e+07
4.19121e+08
4.07987e+06
4.1099e+06
2.53366e+09
1.33794e+09
226141
1.4625e+06
1.26383e+07
132475
4.06708e+07
6.062e+06
1.12869e+09
5.76812e+07
2.94667e+08
9.31054e+08
1.51323e+08
2.67612e+08
8.05668e+08
202105
704433
1.1996e+08
8.1756e+06
1.6937e+06
4.44812e+08
1.70561e+08
1.02484e+09
1.605e+06
7.00725e+07
1.70711e+08
2.69452e+06
3.02904e+08
1.38226e+07
1.71309e+08
3.36305e+06
95127.9
9.25505e+06
1.25715e+09
5.77526e+08
3.49273e+08
2.27196e+06
151052
4.55022e+08
2.94031e+09
135627
874227
1.42593e+09
8.06274e+07
3.14557e+06
8.03421e+07
1.02504e+06
1.1325e+08
1.90628e+06
5.18208e+08
1.68712e+08
5.39501e+07
1.28708e+07
3.0808e+07
1.49746e+06
1.67395e+08
1.93237e+08
976229
227314
1.98182e+07
5.56903e+07
1.45101e+06
1.50978e+08
4.44965e+07
3.18091e+09
2.10016e+08
1.67648e+08
819051
1.00289e+08
3.61277e+06
5.76993e+06
1.63485e+07
2.33023e+08
2.15542e+09
3.66364e+09
894749
3.9682e+08
5.58755e+06
5.83676e+06
1.14776e+10
1.99579e+08
3.83544e+08
1.56567e+09
2.92576e+09
1.392e+08
1.27219e+09
4.97215e+07
3.31515e+09
6.58696e+07
7.38728e+06
2.78901e+06
4.17651e+07
2.60757e+08
2.63314e+06
8.37343e+06
2.40462e+06
2.99057e+07
3.68537e+08
1.35315e+07
150799
1.41706e+08
3.01878e+07
1.04924e+09
1.26364e+09
1.33624e+08
1.02908e+09
2.16107e+08
3.14052e+09
9.02632e+08
9.16048e+06
1.03635e+09
2.46844e+09
3.43807e+08
3.93712e+07
5.12358e+07
1.03717e+06
6.73987e+07
6.47122e+07
5.32803e+06
2.81567e+09
6.95377e+07
6.04127e+07
5.84659e+06
1.17754e+08
8.57611e+06
3.24018e+07
767816
117394
1.24414e+09
6.66481e+08
1.2725e+08
3.53161e+06
6.08561e+09
773339
4.06186e+06
3.21849e+08
4.28956e+08
3.86231e+09
1.47767e+08
5.62968e+08
2.77512e+06
1.18759e+09
5.74819e+08
1.7916e+08
3.93603e+07
2.88887e+08
263232
1.30564e+09
6.42264e+07
8.5228e+06
3.13944e+06
1.0307e+09
295732
1.24047e+08
3.87344e+07
4.49115e+07
8.39784e+08
4.5209e+07
1.56865e+06
2.66517e+07
537227
8.65438e+08
3.55258e+08
127922
438937
3.6606e+08
1.86583e+08
4.636e+07
1.14868e+06
1.1241e+09
1.19837e+08
1.50671e+07
3.94577e+06
1.96964e+08
1.58346e+06
9.31236e+07
3.37826e+08
1.99112e+08
3.957e+07
5.43374e+08
1.3402e+09
3.91889e+08
4.34558e+08
4.46769e+07
1.87462e+07
8.899e+08
2.89791e+06
1.16609e+09
1.58079e+06
557772
1.86499e+09
291995
2.16032e+06
1.92916e+08
9.59241e+08
2.56702e+06
1.08704e+06
1.81019e+09
1.30319e+09
4.18461e+06
1.43164e+06
1.63473e+06
1.24739e+08
6.56179e+07
4.03441e+06
2.49482e+08
1.0311e+08
5.88217e+08
1.86266e+09
2.6773e+07
4.05536e+08
1.82403e+06
1.45968e+07
989236
3.12045e+06
5.84217e+08
1.04934e+06
4.86838e+06
2.7497e+06
9.36671e+08
7.38922e+08
5.34905e+07
1.26169e+06
1.86364e+07
151233
9.71808e+07
4.23544e+07
4.91014e+06
1.71745e+08
7.35363e+08
5.72086e+07
2.50436e+06
1.65263e+08
8.86466e+07
148020
1.24509e+08
8.6597e+07
1.50794e+08
4.96349e+08
7.48961e+08
1.86434e+08
8.8217e+06
3.54858e+08
1.10011e+09
6.53274e+07
1.95707e+09
3.11745e+08
2.1309e+09
4.58409e+07
8.83222e+08
3.35955e+06
1.84863e+06
2.10492e+06
2.43342e+06
6.11533e+07
3.40161e+07
2.39498e+07
7.27676e+08
4.26694e+06
3.814e+07
148602
2.17179e+07
2.20809e+09
2.94502e+06
3.86442e+06
1.95687e+09
1.50411e+06
2.83172e+09
3.05202e+07
1.1425e+06
2.60902e+06
4.03954e+06
153384
6.5972e+08
1.24398e+09
4.52505e+06
153225
1.84394e+06
1.02625e+07
5.66268e+08
841525
6.96767e+06
6.80238e+08
1.39548e+08
1.42611e+08
2.73398e+09
4.5954e+06
1.5132e+07
3.37607e+06
97075.1
8.58763e+08
1.70041e+06
149674
801867
111828
151679
4.07549e+07
1.42118e+08
108544
1.18586e+07
2.84156e+07
3.96362e+08
2.30397e+08
1.69887e+07
5.83922e+07
7.59541e+08
4.95623e+06
1.92972e+07
1.78298e+08
4.96398e+07
2.80714e+06
151215
1.21229e+09
2.76386e+07
3.82061e+06
3.6596e+09
5.04241e+07
7.89931e+07
5.51401e+07
5.56806e+06
1.97793e+06
4.29937e+06
7.83397e+07
177489
6.05138e+07
1.10116e+09
2.4535e+07
3.72464e+07
7.83929e+08
4.74787e+08
2.94746e+07
5.14701e+06
1.42069e+07
3.03802e+08
713835
131680
170537
1.46324e+08
6.47934e+07
4.04262e+08
1.5803e+07
1.44e+06
2.55885e+06
2.78024e+07
2.78903e+08
1.68513e+06
9.41402e+08
896231
200863
2.33237e+09
4.46824e+07
198596
406207
1.24904e+08
1.10634e+06
308636
5.00077e+08
4.55544e+06
3.55083e+06
1.62598e+09
5.39264e+06
1.00123e+06
1.55862e+06
2.5222e+09
4.40511e+06
167544
2.49102e+07
1.79519e+09
1.3882e+06
4.4051e+06
142885
4.7015e+07
4.30375e+06
858862
2.6244e+07
1.30145e+08
6.96377e+08
2.88316e+07
681229
1.69082e+07
2.67814e+09
1.99975e+09
6.0344e+08
1.82572e+08
1.00976e+07
427981
4.99368e+07
3.09485e+09
1.52385e+09
100639
1.32409e+07
2.83771e+07
1.25377e+08
3.03963e+07
7.82006e+07
5.05688e+09
726929
4.198e+06
5.14438e+06
326815
4.66183e+08
2.05837e+09
1.27377e+08
6.67798e+08
2.64791e+06
1.19058e+08
8.30846e+07
3.44027e+08
9.03339e+07
533660
3.56027e+06
1.52419e+07
817432
555104
1.76954e+08
7.80398e+08
1.38793e+07
3.50216e+07
1.64451e+08
7.41162e+08
4.38779e+06
2.26151e+07
1.34264e+08
3.96899e+06
100183
1.2096e+09
166118
2.08486e+06
744138
8.51665e+07
6.20652e+06
4.58912e+06
88754.4
567338
5.75077e+06
1.87943e+08
6.41395e+07
6.51937e+07
4.15253e+08
193713
5.70334e+08
1.5562e+09
8.84685e+08
5.27762e+07
160941
1.32135e+09
4.16158e+07
1.02973e+09
5.09364e+06
1.10624e+07
456385
6.40399e+08
3.00511e+06
3.24692e+09
6.36611e+08
1.04551e+09
6.66027e+06
5.08166e+06
2.89374e+07
3.33546e+08
1.99619e+09
1.32616e+08
6.14099e+08
3.45043e+07
4.53945e+08
5.28462e+07
5.38643e+06
3.45619e+08
1.28573e+08
1.36517e+09
8.70561e+08
2.86749e+08
5.99861e+07
5.01711e+06
9.80943e+07
1.22066e+07
6.42102e+07
1.8367e+08
1.48334e+09
4.88337e+08
1.19423e+09
5.60946e+08
1.44772e+08
140844
3.82987e+06
1.77381e+06
5.39201e+09
2.72516e+06
3.76212e+08
894760
571068
6.19358e+07
127610
1.45096e+07
4.86564e+08
1.73608e+09
9.68052e+08
112346
2.83988e+06
3.42246e+08
6.31974e+08
4.20392e+06
1.92313e+08
2.54742e+06
5.74542e+07
8.4107e+08
598178
473665
858267
929843
6.00243e+07
5.77646e+09
2.49794e+06
4.27819e+06
2.95107e+08
4.27658e+06
1.60036e+08
3.94919e+07
409762
5.08611e+07
3.07054e+06
3.44917e+08
3.99421e+06
4.4586e+06
4.93726e+07
5.64979e+07
1.97955e+08
4.80175e+06
7.89791e+07
660412
1.06635e+08
2.67112e+07
1.10994e+09
3.91249e+08
7.23227e+08
6.32776e+07
8.02901e+06
1.0562e+07
6.03186e+08
1.25573e+09
104494
3.3184e+06
2.36298e+08
5.43457e+08
138052
2.91653e+08
8.40452e+09
6.26038e+08
4.76279e+08
3.58124e+08
1.79854e+09
397303
8.05262e+07
179666
3.50216e+08
1.55861e+09
557115
3.5642e+06
8.94206e+08
2.21678e+06
6.4934e+07
4.21901e+07
4.05208e+06
3.27765e+07
1.61086e+06
366889
2.75796e+09
3.51286e+08
2.00071e+09
966809
1.05876e+09
3.01695e+06
3.00731e+08
157695
6.47515e+06
9.6027e+06
3.47731e+07
8.70044e+08
2.23702e+08
4.45805e+06
8.59966e+07
1.33588e+07
97273.6
6.06046e+07
2.11649e+09
406587
1.92905e+07
7.85658e+07
5.77107e+09
7.06822e+07
2.3773e+09
9.09633e+08
2.5388e+08
3.96239e+08
2.43823e+08
1.6974e+06
1.36124e+07
4.4137e+07
5.46695e+07
6.1812e+07
1.14947e+06
1.20767e+06
1.1877e+09
6.7232e+07
4.00626e+07
1.16966e+09
3.63743e+08
1.61244e+08
2.81654e+06
1.29485e+08
216676
2.42419e+06
1.79711e+06
631904
7.013e+08
2.74542e+06
1.49461e+07
787798
1.43217e+09
7.35539e+07
1.02827e+07
4.50105e+08
9.07748e+08
1.76457e+09
1.29424e+09
3.12298e+07
2.96479e+06
4.59032e+06
2.56664e+09
841467
2.96704e+06
4.3346e+07
1.91846e+06
2.36518e+09
695049
102909
5.28178e+08
1.12338e+09
1.71706e+07
2.40812e+06
3.58822e+07
746777
5.2952e+08
6.42838e+06
716266
90891.6
158219
1.54183e+09
8.41225e+07
6.66133e+07
680622
784252
1.23192e+09
1.1474e+07
7.71125e+08
2.47965e+09
6.13941e+06
509289
8.46243e+07
1.19691e+07
6.89025e+08
3.32618e+08
1.44574e+08
1.57872e+07
2.36505e+08
1.53517e+08
7.1862e+07
6.28594e+08
2.85696e+08
2.97856e+06
1.73844e+08
1.26153e+07
3.21253e+07
159531
4.41743e+08
8.30607e+07
3.80222e+08
6.28919e+07
1.9197e+07
1.11729e+08
6.56159e+07
2.99683e+08
2.26577e+09
2.94805e+06
188501
3.37733e+09
3.16207e+08
5.0158e+07
4.33825e+08
1.78188e+08
1.11253e+09
799703
8.42888e+07
8.11974e+08
1.48991e+08
4.44365e+06
3.90538e+06
4.5983e+09
2.51915e+06
5.7222e+07
8.30713e+07
5.24101e+08
8.01737e+08
1.42057e+08
850287
4.9151e+08
813242
9.8285e+08
8.78988e+06
3.6058e+09
3.71904e+08
1.97377e+06
6.30719e+07
1.57358e+07
2.89194e+06
2.31195e+09
4.49673e+08
171436
2.13514e+08
6.77877e+08
4.63766e+08
1.25015e+09
6.09907e+08
1.86236e+09
7.27749e+07
7.65185e+06
4.49088e+06
1.12234e+08
2.38012e+08
126413
2.37668e+06
6.15798e+07
7.39136e+08
6.31524e+08
506804
2.69819e+07
8.26112e+07
3.35589e+07
1.34188e+08
123433
1.27791e+09
1.70426e+06
6.8937e+07
8.9255e+08
1.10713e+09
4.10758e+09
1.24025e+09
2.84963e+06
6.01802e+08
1.10606e+08
4.24992e+06
1.77151e+06
200538
6.14279e+08
7.0075e+08
1.73637e+09
8.36396e+08
1.72642e+07
3.75148e+06
504732
2.82125e+08
4.68491e+08
1.08965e+09
211300
5.18401e+06
2.27017e+08
3.39853e+07
98779.1
181666
7.97505e+08
2.02246e+06
310294
191202
3.29164e+08
195786
2.97506e+07
753275
9.87987e+08
2.43763e+09
4.0386e+07
243986
6.4287e+07
2.07334e+06
6.1522e+08
3.84171e+07
1.02024e+09
1.34397e+07
5.06629e+06
2.54206e+06
833717
4.94115e+06
2.24864e+07
1.21132e+09
9.75524e+06
2.0294e+08
1.10283e+07
3.39641e+08
1.29584e+08
2.07275e+06
2.39933e+07
192247
4.90944e+07
8.64672e+07
4.73936e+08
6.24818e+08
2.43995e+06
1.43174e+07
6.26282e+09
6.66123e+06
1.05642e+08
6.13339e+08
6.04123e+08
1.7372e+06
1.94731e+07
1.23337e+07
5.70293e+08
2.50327e+07
1.64292e+09
9.3101e+07
2.56479e+08
8.3804e+08
7.41583e+08
182330
1.03567e+06
2.53729e+08
1.15776e+07
1.221e+07
2.43284e+07
1.66258e+09
1.00096e+07
3.15534e+08
3.88824e+08
5.82106e+06
549618
1.26135e+08
2.93629e+06
5.76857e+08
3.88812e+06
429892
1.56019e+08
6.26875e+06
1.60133e+09
4.26829e+06
8.39628e+06
1.1649e+09
4.30218e+08
7.91082e+07
6.95582e+07
140009
1.21304e+07
1.21795e+09
8.35769e+07
1.64445e+06
1.22689e+08
8.02682e+06
6.7808e+08
7.0497e+08
1.78861e+09
1.8152e+08
5.15331e+08
1.42817e+06
1.72475e+07
1.5509e+06
1.71325e+06
107055
987076
5.08433e+08
6.24143e+08
2.93779e+07
3.16599e+08
1.19008e+08
926651
1.06836e+09
6.3164e+06
97317.8
1.02674e+09
592552
8.45993e+07
1.67016e+07
2.71168e+08
2.4711e+09
4.57172e+07
1.10209e+06
2.02909e+07
3.17251e+08
1.98041e+07
1.39088e+09
1.40313e+09
7.28984e+07
6.5397e+08
1.16416e+08
3.15921e+06
4.95852e+07
1.23412e+08
336629
3.62675e+08
2.20281e+09
2.96053e+08
144976
1.02038e+06
2.60332e+09
2.66533e+06
3.90601e+06
1.40387e+06
1.20985e+09
3.33976e+07
5.20245e+06
4.81768e+08
7.86761e+08
8.15161e+07
5.71085e+07
1.77434e+09
6.62117e+08
1.00499e+09
7.98321e+07
3.15904e+06
5.61708e+06
107667
3.52171e+06
2.65367e+08
5.45409e+08
8.30832e+07
178659
2.27244e+08
1.71274e+07
4.8099e+07
1.1601e+08
286070
1.26706e+06
5.16899e+07
4.11882e+06
1.85538e+08
7.17447e+07
1.12322e+06
1.9976e+07
5.66999e+08
8.34096e+07
2.72603e+07
1.29754e+09
1.17947e+08
2.7222e+06
2.32037e+06
1.85408e+09
3.41488e+07
1.96658e+09
1.69121e+08
135860
1.02154e+08
3.32599e+06
1.89704e+08
3.76953e+08
5.34974e+06
4.04317e+06
2.50422e+06
1.3859e+08
6.09031e+07
108884
6.01349e+06
111037
4.33186e+07
8.92059e+06
1.07917e+08
101772
3.91825e+08
4.58909e+07
1.9331e+08
1.7423e+09
8.03414e+08
986086
2.85325e+08
784516
122035
705171
4.80322e+06
2.87387e+06
2.16055e+09
1.71735e+08
4.73674e+08
3.78236e+08
1.64389e+08
5.52524e+07
3.13936e+09
91757.3
5.04154e+08
1.19008e+08
1.83462e+08
2.49914e+09
4.91586e+07
2.35037e+08
1.29969e+09
1.68346e+06
3.26218e+09
1.0577e+08
484483
255852
5.94969e+06
2.06947e+08
1.09783e+07
8.12753e+08
4.16987e+08
5.79679e+08
4.01669e+08
1.70236e+09
3.40574e+07
3.3546e+07
7.12735e+07
9.66507e+07
1.14935e+09
5.80522e+07
9.85407e+08
1.11928e+08
3.29331e+08
272774
7.45466e+07
257838
1.67293e+09
4.81421e+08
4.9943e+08
3.36169e+08
2.37844e+07
1.35487e+07
1.00424e+08
5.08452e+07
2.25382e+08
4.40529e+06
101361
3.72101e+07
99657.1
3.85171e+06
4.35446e+07
8.8573e+06
1.08321e+09
7.1174e+08
133104
1.14724e+07
445908
847755
2.85301e+06
4.58762e+08
1.3508e+06
3.0756e+07
7.52503e+07
5.29186e+06
2.48594e+07
270056
6.39441e+07
1.35988e+06
1.56083e+06
1.90427e+08
751402
5.34388e+08
1.35811e+09
2.35946e+09
1.03752e+09
3.26487e+07
1.5164e+09
1.68874e+09
175892
3.37319e+06
6.94162e+07
5.84038e+07
9.24593e+07
126257
1.43117e+09
3.21142e+07
526473
1.58813e+07
2.60991e+06
1.74081e+06
5.23729e+08
1.29693e+07
8.78766e+08
1.77294e+09
2.49817e+06
3.49738e+07
4.58328e+06
3.53018e+08
1.85442e+06
1.24006e+07
1.18229e+09
2.56615e+09
501215
3.10574e+06
2.33853e+06
3.76148e+07
1.25726e+08
4.672e+08
1.3868e+07
6.15282e+06
1.54854e+07
896067
1.20629e+08
3.76631e+08
770744
889179
1.95395e+07
1.21856e+07
4.46636e+06
3.07494e+07
1.86492e+06
2.83363e+08
1.48176e+07
237705
7.06642e+07
1.3062e+09
147098
493681
1.41181e+08
1.55904e+09
771547
3.28465e+09
780618
9.55013e+06
6.41354e+08
8.59284e+07
4.16117e+07
4.73118e+06
2.30689e+08
3.8594e+07
3.48843e+09
4.02254e+06
399503
1.39409e+06
1.09833e+06
5.12e+08
5.47697e+08
1.2348e+09
1.07358e+07
440147
3.06402e+06
1.60186e+07
2.03185e+08
1.20859e+09
1.90888e+07
4.11266e+06
1.74557e+09
6.6411e+08
5.47838e+07
1.14569e+08
3.03062e+06
1.44756e+08
147527
1.03681e+09
2.14803e+06
3.52666e+08
4.43045e+08
2.88318e+06
143039
4.48788e+08
4.18094e+07
1.19634e+07
897029
2.41116e+06
5.02933e+07
3.14246e+07
2.48771e+09
1.84647e+08
4.64926e+07
99077.9
8.26119e+08
8.72259e+08
1.64249e+06
1.08594e+07
3.23131e+07
1.73103e+09
2.8093e+09
3.00548e+06
4.09051e+06
1.2594e+07
1.63507e+08
4.29779e+08
105265
1.08928e+09
198762
5.69933e+07
7.05911e+07
4.49211e+06
1.40957e+07
1.90145e+09
1.72181e+06
1.17156e+09
107036
1.05362e+09
1.18514e+07
5.59526e+07
2.83701e+07
1.02035e+08
4.79566e+06
1.74559e+06
2.66271e+08
2.28465e+07
3.19378e+08
2.79836e+07
825711
1.70798e+08
1.8356e+07
1.01637e+09
4.0869e+08
1.86457e+08
5.56493e+07
4.17581e+07
3.06547e+08
6.30975e+09
6.63668e+07
5.76526e+07
1.12121e+09
2.42086e+06
6.18492e+08
3.10226e+08
3.81698e+08
1.42164e+06
5.42151e+07
1.22923e+07
4.23489e+08
289032
1.22674e+08
1.98429e+09
1.16838e+06
8.92687e+07
174050
3.01818e+07
9.02761e+08
5.70764e+06
3.39323e+07
4.32823e+09
2.15755e+07
2.91967e+08
9.86692e+08
2.5787e+09
9.7172e+08
1.6011e+09
1.31721e+08
1.79618e+06
1.87139e+07
8.7757e+07
1.61202e+06
768420
3.41931e+07
2.88419e+06
2.7007e+06
4.9929e+06
1.00551e+08
5.95295e+08
6.0895e+07
3.05314e+09
1.57251e+06
1.18073e+09
3.78015e+09
6.31489e+07
4.43233e+07
3.46933e+06
4.46202e+07
5.51037e+07
3.47143e+06
5.15133e+08
7.82933e+08
3.24011e+07
4.68539e+08
4.13809e+08
326786
1.51204e+08
8.83726e+06
240219
8.84154e+07
2.82001e+06
6.78274e+07
1.07061e+06
9.26565e+06
4.39278e+07
102496
98516.9
922968
1.59726e+07
5.78678e+08
2.61432e+06
271782
173307
2.8773e+07
93796.9
4.02674e+08
4.73819e+07
8.84166e+07
1.14274e+07
1.61715e+08
1.42696e+09
1.04925e+10
4.099e+06
4.11563e+06
1.4326e+06
254039
4.03451e+08
104226
2.22356e+08
339705
1.87765e+06
6.84178e+07
3.98031e+09
3.73154e+06
159973
1.38446e+06
5.79428e+06
1.27622e+07
6.04961e+07
8.21352e+06
2.08187e+06
3.91268e+08
2.81436e+09
6.8829e+08
8.41322e+08
1.55048e+07
2.32072e+09
1.11858e+09
89014.4
541185
7.74864e+06
2.29752e+08
475001
5.44556e+07
1.22299e+07
906925
1.26862e+08
2.85591e+08
6.04346e+07
1.03345e+07
1.14371e+09
4.90147e+08
1.77009e+06
266290
1.16296e+09
1.13716e+09
6.07776e+07
2.39203e+06
2.93926e+06
2.87018e+08
98276.2
1.13553e+08
8.59694e+07
173817
1.86611e+06
3.05075e+07
5.02044e+07
3.75419e+06
2.83991e+08
7.11403e+08
1.47135e+09
3.39791e+06
5.06299e+06
5.42456e+08
5.91683e+07
1.19056e+08
2.36921e+06
1.73109e+06
1.83512e+08
372984
4.17397e+08
6.67253e+06
6.16579e+07
282294
4.98992e+06
1.06158e+09
92972.8
4.92996e+08
1.61574e+08
2.37253e+08
605580
2.68191e+08
1.57343e+09
5.33102e+07
264581
4.09981e+07
5.84718e+08
1.2786e+09
2.76895e+09
402590
4.62789e+07
2.22564e+07
5.91112e+07
3.23372e+06
1.39313e+09
7.78984e+07
5.9548e+07
214952
2.38197e+06
1.07292e+09
134061
2.85814e+07
2.28446e+08
3.80382e+08
4.44842e+07
1.54815e+06
1.54632e+09
2.09444e+07
645872
2.78359e+08
5.22397e+08
5.57975e+08
2.39965e+06
4.81561e+08
6.59061e+07
1.77298e+08
2.46208e+08
4.1441e+07
2.91023e+08
737654
3.11404e+09
3.21516e+09
1.1011e+08
192287
3.90014e+07
6.8964e+07
2.86171e+08
4.34139e+06
103998
1.53109e+07
2.54265e+09
1.2492e+09
6.30729e+07
1.81411e+08
1.17811e+08
1.1393e+09
1.05292e+08
4.70498e+07
1.69834e+07
5.26756e+07
2.91937e+08
4.82385e+06
1.4406e+06
6.6537e+08
9.59966e+08
1.02368e+09
529833
2.58765e+09
4.5023e+07
171770
4.76063e+06
1.23144e+06
1.72819e+06
6.22215e+07
2.20293e+08
5.34464e+08
1.58436e+06
4.5481e+08
6.44454e+07
2.83678e+09
3.55573e+06
1.49616e+06
9.05899e+08
148676
941438
156574
6.04246e+07
2.22671e+07
2.74368e+07
1.1815e+08
5.86072e+07
9.26486e+07
3.52024e+07
4.64942e+06
3.04352e+08
138894
9.90513e+08
1.71984e+08
2.93634e+07
8.3774e+07
1.18008e+09
1.10696e+08
9.82058e+08
104433
2.78304e+07
105689
1.59247e+09
4.36079e+08
4.4001e+08
160347
1.42697e+09
9.80019e+08
1.80132e+08
2.48818e+07
4.17123e+06
8.02043e+07
5.46606e+07
431817
1.0711e+08
186456
2.20042e+09
3.7413e+08
3.13888e+06
4.63994e+06
204603
5.39729e+08
1.31504e+06
2.77599e+06
2.69042e+06
5.81743e+07
113273
1.28524e+07
1.46728e+08
2.85165e+06
6.84858e+06
2.32965e+08
218202
2.19945e+08
1.95288e+08
1.31141e+06
2.9112e+09
6.88316e+07
4.61406e+06
1.37311e+06
3.25651e+06
1.07862e+08
600189
1.95325e+07
2.17042e+06
2.24639e+09
6.44885e+07
5.9174e+07
7.50577e+06
7.69094e+06
7.1933e+07
1.63295e+06
1.94968e+06
8.60515e+08
1.60085e+07
7.42409e+07
2.94457e+07
6.64421e+08
4.333e+06
1.48194e+09
1.16642e+07
5.04253e+08
8.73175e+08
4.38335e+07
1.08674e+07
4.80336e+06
2.08995e+08
4.38643e+07
1.74984e+09
2.553e+09
1.21797e+09
5.75065e+06
3.32625e+06
4.34495e+06
2.61129e+07
3.12253e+07
481983
110195
1.05931e+06
2.66671e+09
1.55187e+07
1.48981e+08
1.89191e+08
3.60474e+08
1.69558e+07
100253
204970
7.70467e+08
4.41993e+07
7.52381e+08
5.8695e+07
2.59549e+07
1.50507e+09
3.58835e+08
2.86504e+08
5.17553e+08
9.89486e+08
1.6316e+08
4.77835e+06
7.89617e+06
2.74302e+06
177790
7.19161e+07
477718
1.27075e+06
5.1874e+07
2.56971e+06
4.68455e+08
2.35907e+06
1.57039e+09
8.44958e+06
8.11606e+07
4.68627e+07
1.87517e+06
6.35264e+07
943591
8.20212e+07
911456
97571.2
643764
5.11708e+08
5.91893e+08
2.01322e+09
4.5939e+08
1.40702e+08
5.25782e+08
7.05189e+07
6.05798e+07
1.91715e+09
3.00622e+07
169397
4.49122e+07
3.42868e+08
4.62318e+07
1.39914e+07
2.69813e+06
3.37509e+06
759144
9.3814e+07
202285
791255
364478
7.10707e+08
1.18128e+09
9.46657e+08
7.92842e+07
3.14865e+08
751368
5.75263e+07
2.90864e+06
2.57955e+08
1.93327e+08
670313
4.79469e+08
4.47152e+08
7.09725e+08
2.74098e+06
1.23083e+08
2.04408e+09
7.2761e+08
3.86384e+08
3.63816e+07
4.31601e+06
5.32737e+06
9.2624e+07
3.33962e+07
6.80451e+08
1.61013e+06
1.84253e+09
1.55293e+06
2.44821e+06
4.84506e+06
3.69593e+07
2.92186e+08
2.88757e+07
1.18518e+08
4.45037e+07
2.24322e+06
1.22277e+08
3.18551e+06
5.02142e+06
2.09519e+08
2.43466e+09
1.82512e+08
3.33016e+07
2.18313e+09
2.43373e+07
165510
3.69292e+08
6.65229e+07
6.97885e+07
2.92362e+08
4.42528e+07
6.77929e+06
7.10718e+08
2.04599e+06
4.23738e+06
5.27681e+08
208394
3.00513e+07
908081
3.12563e+07
3.61538e+06
1.4117e+07
1.23935e+09
2.25853e+08
7.15693e+07
5.06225e+07
2.81595e+08
6.83209e+07
1.04915e+09
6.37139e+07
162895
1.23488e+07
1.72106e+07
5.68001e+07
1.06099e+08
1.11562e+07
1.72096e+07
192055
2.92492e+08
204860
4.45675e+08
8.31252e+07
3.18011e+07
8.97846e+08
1.78874e+09
412937
2.42291e+08
3.26894e+08
6.14635e+08
2.46061e+06
4.54898e+07
1.61498e+07
3.65579e+08
2.34653e+09
1.56859e+07
5.1849e+09
2.24352e+08
7.12995e+07
2.55816e+09
1.19424e+09
8.84082e+06
4.90177e+06
2.70192e+06
970199
4.32557e+08
5.50973e+08
1.10011e+09
6.60287e+08
176181
919293
7.85613e+06
3.32628e+07
1.43323e+09
176088
2.16032e+06
1.6642e+09
1.19197e+07
1.0798e+08
1.10783e+09
2.33238e+06
1.06736e+08
6.77582e+08
1.10746e+09
4.72609e+08
8.4849e+07
185322
5.19091e+08
1.02984e+09
2.21292e+07
1.16458e+07
4.64997e+08
2.51982e+08
2.88148e+07
2.83461e+07
1.99347e+09
1.62521e+08
118501
1.68403e+08
2.25538e+09
5.61277e+08
811464
2.4684e+09
4.32091e+08
1.18984e+09
1.4191e+06
4.84352e+08
2.63974e+09
3.389e+06
2.7774e+06
4.58104e+06
2.72727e+09
7.56411e+07
8.74242e+08
4.34987e+07
6.23372e+08
1.89029e+09
4.27863e+08
1.48586e+07
8.54623e+07
1.15108e+09
8.2364e+07
1.1085e+09
934556
5.53993e+08
1.0221e+08
5.34094e+07
1.84954e+06
1.39847e+09
1.24333e+09
1.51933e+07
1.09695e+09
1.55361e+06
1.01416e+08
175005
1.27719e+08
1.57037e+09
2.97986e+06
3.30698e+09
4.04542e+06
4.6898e+06
9.54573e+07
2.10364e+09
2.60887e+08
6.69639e+07
4.65449e+08
1.71404e+06
1.79349e+07
3.99628e+09
1.10263e+07
2.57991e+08
5.80152e+07
2.86295e+09
5.8817e+06
2.76341e+07
353958
9.66967e+07
9.07179e+07
1.10319e+08
9.52997e+08
4.47983e+07
1.29217e+09
1.67794e+08
1.55087e+08
7.14416e+07
7.26984e+08
5.00126e+08
2.90467e+06
6.66821e+08
1.67839e+07
5.9322e+08
1.13331e+08
2.3714e+09
2.08555e+08
740053
773996
1.32882e+08
1.0686e+06
3.34309e+08
1.81366e+09
4.23856e+06
5.57602e+07
2.96582e+08
639925
2.69529e+06
142269
413232
1.21331e+06
1.28753e+09
3.26133e+08
1.13172e+06
422243
860580
2.67829e+09
1.6571e+07
213895
2.41777e+08
3.37733e+07
6.47383e+08
7.37098e+09
1.59427e+09
6.15017e+06
5.1881e+06
7.08785e+08
3.67733e+08
4.55936e+08
1.69921e+06
94657
1.3405e+09
592880
4.5225e+07
7.50833e+08
1.69231e+07
7.90772e+07
5.58216e+06
4.77288e+08
1.53994e+07
4.08718e+06
2.47261e+08
1.00804e+09
3.78656e+07
4.1687e+07
1.29832e+07
107666
2.6967e+07
8.02779e+06
1.10332e+09
112869
3.17338e+08
409556
2.81117e+06
3.12612e+09
2.64673e+09
1.40395e+08
340097
1.65595e+09
552603
155466
3.86253e+06
2.55883e+06
5.60902e+08
9.22724e+08
135172
1.34677e+08
2.06996e+08
89823.7
2.47148e+09
2.57863e+09
1.37934e+07
5.6012e+08
117215
1.13098e+07
522876
6.70329e+06
1.40482e+09
2.88691e+08
142951
118087
5.49432e+07
1.15759e+08
5.94847e+07
5.84447e+08
1.448e+09
130243
3.47839e+06
207290
3.0583e+07
4.08465e+07
3.6756e+07
7.12608e+08
4.64518e+08
5.05406e+07
149196
1.3457e+08
2.54007e+06
1.0213e+09
2.39818e+08
100146
2.09969e+09
4.19066e+08
427325
110431
7.20146e+08
4.99464e+08
3.74492e+08
3.90774e+06
7.16178e+08
2.95243e+08
1.34438e+09
5.42594e+06
2.39911e+07
2.99772e+08
1.99071e+06
690006
1.16041e+09
4.23169e+08
214399
3.31507e+06
4.52326e+08
6.56132e+07
2.55583e+06
6.11205e+07
2.94595e+09
2.39896e+08
1.93895e+07
2.7619e+09
2.51073e+07
8.55122e+07
1.48398e+07
4.45579e+07
1.00291e+06
2.28114e+07
5.70352e+08
5.78672e+07
2.85667e+07
3.41888e+08
201786
123293
3.38589e+06
270863
105717
3.63655e+08
1.52873e+08
8.21715e+07
7.90638e+08
4.06619e+08
714018
5.82152e+07
2.37328e+08
1.03825e+08
4.30915e+06
1.18392e+06
5.82941e+06
1.12139e+07
1.42137e+08
2.41692e+06
2.77336e+07
1.12437e+07
466420
8.21065e+08
2.50663e+07
150576
4.04095e+08
5.68129e+07
2.71998e+07
1.93062e+08
1.75821e+06
1.11798e+07
1.62519e+07
157509
8.59942e+06
5.91203e+08
1.10752e+07
9.48586e+07
1.32465e+08
180545
2.08086e+09
6.19644e+06
1.44678e+07
7.72926e+07
1.25185e+08
1.41692e+09
7.868e+06
3.75873e+07
3.41797e+07
6.17689e+07
232580
2.01535e+06
101836
3.00242e+09
2.36497e+06
8.84062e+08
3.94374e+06
206362
3.35015e+07
991970
3.33918e+08
1.37951e+08
152598
1.78304e+06
1.24189e+08
4.78922e+07
2.11408e+09
3.36911e+07
1.33364e+08
145679
150727
232168
3.81536e+06
1.31631e+07
3.79518e+07
5.62005e+08
1.2052e+08
1.21806e+07
1.00677e+08
988774
4.64632e+06
4.19131e+06
1.04924e+06
1.8453e+07
6.47638e+08
6.00336e+07
4.40862e+07
1.74114e+07
1.13534e+08
2.32635e+09
7.84259e+06
7.67242e+06
7.53751e+07
2.63633e+08
6.74447e+06
3.88049e+07
4.26598e+08
4.23769e+06
6.35275e+07
6.19583e+07
2.58519e+09
1.50483e+07
2.08936e+08
4.09569e+07
2.70044e+07
5.51684e+07
6.32906e+07
7.40029e+07
99893.4
3.51693e+06
1.44738e+08
2.99454e+09
1.92537e+08
5.37665e+08
1.77492e+08
1.08726e+07
6.4041e+08
1.4806e+07
4.93023e+07
8.6989e+07
1.28832e+08
1.17408e+08
4.24811e+08
1.2335e+08
371925
2.4703e+07
3.66882e+08
6.14605e+07
1.70233e+08
5.12923e+07
761537
8.53359e+07
5.09128e+08
1.26862e+06
2.81143e+07
1.02767e+06
9.83349e+08
5.34895e+08
4.21851e+08
3.32587e+07
1.41128e+08
6.24232e+06
3.07474e+08
4.22869e+06
778444
8.02625e+08
7.54131e+08
754584
9.23367e+08
3.67889e+08
6.34742e+08
6.11201e+07
7.31714e+08
3.72468e+07
2.1622e+09
5.79359e+07
2.9854e+08
393358
1.86176e+09
1.1192e+09
5.24988e+08
2.54328e+06
122788
2.48163e+06
2.50172e+08
106372
2.04857e+09
8.55891e+08
2.10135e+07
4.40128e+08
3.6642e+06
2.17075e+09
8.57661e+07
4.08648e+06
5.84187e+07
2.11168e+09
1.88974e+07
3.53313e+09
5.14367e+06
150921
2.46273e+09
6.67233e+08
5.85382e+07
199513
1.43262e+07
5.51863e+07
111087
2.84387e+07
1.94285e+06
3.7627e+06
2.41292e+09
1.61965e+09
3.3995e+08
1.25165e+08
1.29235e+08
7.61737e+06
6.38653e+08
4.32335e+06
778164
4.02928e+08
5.66907e+08
4.32122e+06
6.20413e+08
1.58468e+08
396355
1.29938e+08
2.16894e+09
2.09043e+09
4.58127e+06
7.90052e+08
1.0723e+08
9.70489e+07
3.08264e+08
1.09856e+07
4.8652e+07
107306
685582
1.18582e+07
1.21992e+08
3.97089e+06
196130
4.87226e+07
7.84982e+08
3.0657e+08
1.75759e+07
2.2757e+07
4.63074e+06
1.26576e+08
4.30543e+08
1.72077e+07
4.0594e+07
1.44482e+09
154263
3.24082e+06
1.17898e+08
2.83802e+06
1.02873e+06
223966
146013
1.36876e+07
4.17664e+06
1.26246e+07
1.68876e+08
116235
1.29144e+08
2.66895e+08
2.15362e+09
1.47746e+08
2.28117e+07
4.22293e+08
2.2438e+09
1.28721e+06
1.73168e+07
3.14875e+09
1.33893e+09
279152
4.59817e+08
4.23285e+08
2.81109e+07
4.3447e+07
4.48611e+07
493710
4.03235e+06
8.76065e+06
2.73285e+06
5.90165e+07
4.2536e+07
2.35046e+09
3.12939e+08
2.16827e+08
5.5187e+07
1.66315e+08
2.83457e+09
5.73791e+08
493678
1.38392e+07
4.93387e+06
5.75282e+08
1.93169e+08
269247
2.50264e+06
6.51364e+08
1.12578e+08
1.92165e+08
5.75957e+08
1.73088e+06
1.73284e+08
1.02478e+08
4.09955e+07
3.49624e+08
8.15944e+07
1.48642e+06
2.17511e+08
383989
2.44131e+06
1.70075e+08
1.78528e+08
1.34453e+08
7.83651e+08
7.72046e+06
8.17863e+07
4.30318e+07
1.49105e+07
4.26528e+06
2.95396e+06
7.64685e+06
2.36525e+09
2.53784e+06
209685
3.33754e+08
2.22463e+07
5.76322e+08
1.21666e+06
1.31256e+08
2.86915e+08
5.73139e+07
6.28212e+07
93559.1
4.58869e+06
1.79679e+09
1.35575e+08
2.41503e+06
7.7361e+08
5.53557e+07
561262
150458
1.62013e+06
1.1113e+08
1.37436e+08
1.23654e+06
5.64366e+08
110880
189634
6.27886e+08
2.87297e+06
7.241e+07
2.01862e+09
262020
1.22986e+08
5.88365e+07
3.11806e+06
2.06567e+09
3.32397e+09
3.54356e+08
4.84894e+08
1.34629e+06
1.68507e+07
7.52768e+08
2.10008e+07
5.61015e+07
4.16404e+08
1.07786e+06
177573
5.9756e+07
134275
7.6134e+08
3.41267e+07
1.08825e+09
6.58958e+08
3.06671e+09
161893
3.23307e+06
114556
2.88802e+07
4.80785e+08
713889
8.22298e+06
1.90508e+07
6.34092e+06
4.18365e+07
2.08721e+07
8.18373e+08
1.42075e+09
1.085e+08
8.96646e+08
1.69906e+06
461236
6.84228e+07
4.15458e+06
2.19055e+08
1.32755e+08
2.75128e+09
4.10856e+06
5.76506e+07
6.21484e+08
1.51477e+08
1.95796e+06
4.24712e+07
796685
149986
2.61517e+08
1.80958e+06
91043.9
2.81512e+09
1.51956e+08
6.95087e+06
1.78735e+09
1.19663e+07
1.50566e+06
98182.8
1.40622e+09
2.05003e+09
2.44367e+08
1.56715e+07
2.29228e+09
1.2288e+08
2.3935e+06
7.02509e+08
1.30618e+07
1.28405e+07
201082
3.75533e+08
1.64263e+08
1.56788e+06
2.00925e+08
5.28861e+08
1.15242e+08
3.69762e+06
8.70503e+07
1.24315e+06
1.2333e+08
9.81473e+07
3.65196e+06
139230
2.05259e+09
8.97392e+07
7.79714e+08
2.11245e+07
6.63936e+08
6.40878e+08
4.62081e+08
6.1323e+08
1.01083e+09
1.11105e+08
3.71689e+07
3.11229e+07
6.57812e+08
1.39526e+08
5.12108e+08
5.56602e+07
3.25727e+06
1.65174e+08
3.19879e+08
1.16578e+06
385413
1.42129e+08
1.67021e+06
1.0152e+08
2.28973e+07
5.72524e+07
2.37891e+09
1.31428e+07
1.28123e+08
6.4301e+08
2.69354e+08
3.69483e+08
4.49468e+08
1.46201e+07
1.31506e+08
8.29681e+07
4.1862e+08
1.1487e+09
2.41671e+09
1.71059e+07
1.96858e+08
453833
6.49258e+08
2.02128e+09
3.37425e+07
1.77653e+06
111860
2.46145e+08
6.01015e+07
7.66349e+06
3.37511e+09
7.36447e+08
1.72072e+07
7.51912e+08
3.24259e+08
1.20044e+08
4.29362e+07
4.85098e+08
3.34333e+06
666078
6.67144e+06
1.70517e+08
5.65044e+08
4.25349e+08
6.21729e+08
1.94976e+09
3.9344e+08
1.65275e+07
3.52404e+08
1.52546e+07
4.11596e+08
4.00155e+08
5.39345e+07
2.31923e+09
1.82883e+08
1.41918e+09
2.84018e+06
5.65993e+07
2.01559e+08
332135
115587
8.86349e+08
2.83541e+08
2.41829e+06
6.72955e+08
1.9297e+08
2.94951e+08
1.58789e+08
1.21702e+07
1.18075e+09
3.12667e+09
263020
86745.7
2.72996e+06
168580
179124
7.16428e+08
1.06608e+09
1.37857e+07
7.69139e+08
6.26408e+08
1.27742e+08
1.08415e+09
3.01305e+08
1.6716e+06
8.49991e+08
3.94157e+07
4.89868e+07
4.03246e+06
7.91993e+08
2.64627e+09
182565
4.4948e+08
4.82002e+08
4.6126e+08
6.38318e+08
956466
7.0864e+06
1.45191e+08
7.91382e+08
107997
1.10005e+08
1.36648e+09
459163
2.51628e+09
1.67996e+06
1.062e+09
2.25284e+07
4.90699e+07
1.32123e+07
4.54041e+07
147240
9.75855e+08
2.06364e+06
3.48057e+08
3.35255e+06
173608
190647
1.88903e+08
8.02239e+08
4.04693e+09
4.65517e+07
6.71751e+06
8.96582e+06
318484
3.9865e+08
1.39444e+09
5.15493e+06
4.06517e+06
2.7443e+06
5.1198e+07
1.09867e+09
2.86911e+06
7.11298e+06
4.04688e+08
8.89741e+08
3.2325e+06
2.77297e+06
3.95254e+06
1.07619e+09
4.48714e+07
723327
2.69065e+06
3.37381e+08
145097
4.75241e+08
5.60087e+07
8.10513e+06
7.27816e+07
3.23573e+06
501410
925160
1.47234e+06
1.35947e+08
3.14043e+07
1.89675e+07
222188
4.11118e+07
3.01966e+09
6.25387e+08
1.55363e+08
1.78886e+08
2.47016e+08
8.57722e+08
699474
5.66224e+07
1.93128e+09
1.52841e+07
1.48202e+08
7.00091e+08
5.19846e+07
5.3439e+06
1.88284e+07
1.47766e+07
923272
1.25957e+08
1.78217e+07
491440
272101
3.59195e+07
2.75624e+06
6.23548e+06
1.47896e+08
8.11008e+06
4.55149e+08
4.10831e+06
3.3341e+06
3.97558e+06
5.80459e+08
1.05818e+06
1.49095e+09
165548
498901
977554
95859.8
651264
3.23275e+09
1.50177e+07
346455
1.6253e+08
5.47192e+06
165464
2.67865e+06
4.11212e+08
903532
1.61473e+08
8.32731e+08
2.32552e+06
6.89792e+08
4.87104e+08
1.23544e+09
1.15071e+09
1.76074e+08
143660
5.10832e+06
152050
1.36206e+09
9.84639e+08
2.05884e+09
108116
4.17257e+08
1.73812e+08
926584
9.18072e+08
7.60752e+07
2.10037e+06
3.43698e+07
2.66633e+09
859283
2.91261e+08
132133
3.50466e+06
2.82398e+06
1.20291e+06
792254
1.81374e+09
2.40818e+09
4.30103e+08
136145
5.81082e+08
2.45067e+08
2.153e+06
5.75536e+06
2.78694e+08
2.02241e+09
5.78113e+08
1.31177e+09
2.18907e+09
6.79674e+08
8.44867e+08
1.28902e+09
7.82494e+08
1.50202e+09
1.33575e+09
1.65919e+08
3.32655e+09
1.74803e+06
853030
2.22523e+09
8.66332e+06
3.87231e+06
1.85947e+07
550347
4.53953e+07
2.86423e+06
3.86976e+06
108758
6.14877e+07
507096
3.73327e+07
1.18573e+08
1.67563e+07
2.14094e+06
521207
2.17809e+08
2.41719e+07
3.3056e+09
4.0938e+07
8.74736e+06
1.6788e+09
7.00644e+08
4.8286e+07
3.82947e+06
1.12614e+09
6.10767e+06
90625.4
2.76973e+09
104795
1.60426e+09
1.46878e+06
9.40018e+08
2.0346e+09
3.52124e+08
122516
1.91043e+09
830946
2.49857e+06
2.21638e+08
2.4845e+06
7.34519e+08
456205
2.33324e+07
1.01759e+09
1.18584e+09
1.40926e+09
102758
2.72248e+07
146270
2.94711e+06
2.92853e+07
3.31011e+06
2.89906e+06
1.51797e+09
5.24657e+06
210076
4.54368e+07
1.94331e+09
274855
4.66129e+07
6.83515e+07
3.0544e+06
2.59494e+08
2.73983e+06
6.05228e+07
2.18109e+08
6.00318e+07
2.68877e+09
5.00221e+07
572394
1.04249e+07
162577
2.65596e+06
1.26816e+07
6.08552e+06
9.57967e+06
1.24829e+08
4.01931e+06
1.29764e+07
5.96073e+06
1.76937e+06
3.1492e+06
2.73533e+06
207953
1.55508e+08
1.59371e+06
2.17121e+08
1.45569e+06
3.66546e+07
8.80625e+08
6.01846e+07
92180.8
1.6955e+09
5.98289e+08
9.51906e+08
121021
7.45665e+07
141748
5.96616e+06
399573
8.8189e+06
6.87699e+06
1.1153e+09
5.24691e+06
1.09498e+08
1.12516e+07
9.73474e+08
3.79063e+07
1.63684e+09
3.06345e+09
2.40214e+08
6.19149e+07
7.58216e+08
5.29375e+06
6.16828e+07
2.15838e+06
8.14084e+08
1.77411e+09
3.06819e+06
6.32517e+07
2.94912e+09
3.07427e+06
2.46377e+09
4.53955e+06
3.12215e+06
3.46397e+08
4.69929e+07
5.43627e+07
8.4277e+08
1.22435e+07
2.5769e+09
4.45971e+06
5.26183e+06
4.41252e+06
3.94716e+06
1.07284e+09
6.71996e+06
1.42784e+07
338252
1.76145e+07
1.70491e+06
3.41331e+08
1.1096e+09
7.99963e+06
2.63193e+07
2.94202e+08
2.04864e+09
1.49172e+06
4.36841e+07
1.74336e+06
4.02937e+06
1.98123e+09
1.13399e+07
3.04332e+06
4.14824e+06
1.63334e+06
103816
2.16403e+08
987974
173857
3.94243e+06
8.01985e+06
1.68369e+06
4.32018e+07
2.47763e+06
2.13105e+09
2.81585e+06
2.34647e+09
890733
6.89595e+08
3.3381e+08
3.61458e+09
3.17785e+06
3.74981e+06
1.41693e+06
6.64036e+06
1.37038e+07
1.15077e+08
7.2697e+08
5.97554e+06
5.9676e+06
739679
3.62707e+06
6.85311e+08
6.14934e+06
1.70579e+06
2.84996e+06
4.03835e+07
1.57378e+06
2.41533e+06
1.24477e+07
3.22047e+08
4.07233e+06
7.3964e+07
6.36045e+07
3.43278e+06
86232.3
1.61149e+09
176488
104253
2.08455e+07
3.8231e+06
1.22377e+09
1.25997e+09
2.78678e+07
2.83226e+08
90395.9
1.60037e+09
1.33513e+06
1.91157e+08
1.90157e+07
541439
9.84037e+06
1.83144e+08
6.7962e+08
5.70018e+07
2.51199e+07
2.16015e+06
4.59381e+06
2.58212e+06
1.61125e+07
4.13096e+06
2.02434e+06
1.1619e+06
1.41059e+07
432037
1.73569e+07
223594
1.2435e+08
4.50292e+08
6.54942e+07
5.13709e+06
5.25899e+06
1.1465e+09
6.46559e+06
2.89371e+07
7.29886e+08
2.37149e+06
2.61234e+06
2.69853e+08
970929
3.10284e+07
1.17837e+07
8.74233e+08
4.90729e+07
121373
1.52628e+06
1.54129e+08
4.49187e+07
4.74518e+08
9.30522e+06
2.21846e+06
3.75588e+08
3.18126e+08
4.49549e+06
545652
275122
98337.5
1.0227e+09
3.04804e+07
2.23487e+06
4.9667e+06
2.79759e+07
5.9186e+06
171913
1.27861e+09
3.55912e+07
1.10883e+08
4.44712e+07
5.08451e+06
1.25765e+09
4.44809e+07
4.79141e+09
4.43396e+07
3.92954e+06
3.2244e+08
1.65396e+07
7.47942e+06
8.03044e+06
514336
2.63293e+06
4.11038e+06
3.73726e+09
6.46751e+06
3.92281e+06
4.3224e+07
5.92529e+06
1.2319e+07
1.21568e+07
1.75021e+09
179469
1.86651e+08
1.46323e+06
1.39506e+06
4.33689e+06
2.75169e+06
8.27806e+08
4.18901e+06
5.54239e+08
3.31733e+07
3.1544e+06
2.36812e+06
1.28341e+09
2.36469e+09
2.59412e+06
2.94832e+07
1.2954e+08
2.10273e+08
4.06881e+06
1.75537e+09
3.12793e+07
1.48613e+08
2.73948e+06
3.02992e+09
714933
5.4315e+06
473679
3.75575e+06
4.32102e+06
345114
2.37334e+06
126605
5.08514e+06
6.95682e+08
856190
5.12728e+06
5.31793e+06
1.14329e+08
3.2421e+06
1.18447e+08
4.97951e+08
4.46665e+06
1.12789e+09
612892
2.99405e+06
1.60524e+08
9.97504e+07
7.68583e+08
4.40194e+06
90415.4
6.31774e+07
3.31837e+06
4.29421e+07
6.84029e+06
4.32392e+06
6.35856e+06
1.52525e+07
5.54998e+06
2.24225e+09
5.85397e+07
2.30612e+06
3.26983e+06
3.62087e+06
1.45436e+07
3.14618e+07
2.35322e+06
1.18921e+08
3.23322e+06
5.18943e+07
3.17707e+08
7.65502e+08
1.58366e+08
1.46047e+08
6.3164e+07
6.2764e+08
6.17007e+08
1.01482e+08
1.38766e+07
1.04542e+09
4.28199e+06
8.49428e+08
3.13973e+08
1.04766e+09
1.03333e+06
1.349e+08
1.57334e+06
2.34693e+06
3.52374e+06
5.96179e+06
5.83832e+08
7.75149e+06
7.39128e+06
4.7174e+08
3.01416e+07
425058
5.9564e+06
4.03363e+08
1.96458e+09
1.04094e+06
7.89514e+06
1.38173e+09
4.91196e+08
2.7942e+06
1.08506e+07
5.59239e+08
2.07888e+09
2.85719e+06
1.13048e+08
3.30692e+07
5.33207e+08
1.36056e+06
4.20644e+06
5.79635e+07
6.00275e+06
438984
5.89555e+07
2.04847e+09
1.26812e+06
2.84094e+07
3.19008e+07
1.0232e+06
1.66497e+06
1.34166e+08
6.60981e+06
5.68072e+06
)
;

boundaryField
{
    back
    {
        type            empty;
    }
    front
    {
        type            empty;
    }
    gasjet
    {
        type            epsilonWallFunction;
        value           nonuniform List<scalar> 
614
(
5.92876e+08
1.59032e+07
9.24498e+07
2.09342e+09
1.99751e+07
1.18918e+07
1.7128e+09
1.63067e+09
137815
5.17819e+08
7.00437e+08
5.81665e+08
1.32253e+08
52656.9
4.82058e+08
1.43609e+08
1.575e+08
52065.7
51877
4.67807e+08
3.23812e+07
4.51661e+08
4.20049e+07
152955
3.0839e+07
2.70156e+07
8.94042e+07
5.45758e+07
2.0237e+07
7.40315e+08
2.10779e+08
4.76723e+08
4.64125e+06
106793
5.14184e+06
6.23378e+06
357741
645304
140425
1.32055e+09
5.48078e+07
4.78068e+08
6.29268e+08
4.26498e+08
3.03331e+08
2.52825e+08
1.96485e+08
1.56574e+08
1.70055e+08
1.4753e+08
1.48343e+08
1.10971e+08
9.95801e+07
1.03766e+08
1.03618e+08
7.95439e+07
4.52636e+07
4.83189e+09
4.35061e+09
9.26442e+06
2.47643e+07
223569
133654
3.50962e+07
291400
736924
345276
161684
191951
1.05312e+08
2.6249e+06
281566
6.06575e+06
372488
260678
191550
480972
150365
2.27299e+07
1.17408e+06
670897
407356
289605
256738
147510
133600
1.29045e+07
132120
2.60758e+07
551943
1.36476e+07
1.34939e+06
139769
6.1091e+06
630817
5.6952e+07
433740
106837
245764
2.67609e+06
1.4407e+06
9.83116e+06
195033
3.99083e+06
154573
2.51919e+06
293459
137657
1.53999e+07
197790
1.05843e+06
144588
2.35009e+06
681252
411449
867055
159304
185456
6.37245e+07
1.4459e+08
1.71182e+06
599014
470655
213532
630028
5.05656e+06
135508
5.1556e+06
466771
488239
625554
1.757e+06
98022.7
2.49929e+06
3.17849e+06
5.33294e+06
6.55985e+09
3.81259e+06
104731
121051
1.03007e+07
5.59919e+06
8.28909e+08
99225.5
112616
5.74305e+07
101408
3.87333e+09
1.31606e+07
7.28116e+06
1.43585e+07
95304.3
111169
4.60664e+08
4.36231e+09
4.24408e+08
2.97663e+07
1.19539e+07
4.91858e+08
100115
3.40107e+08
2.35017e+07
7.88174e+08
3.48194e+08
3.56638e+08
8.56885e+08
6.01974e+08
4.94881e+08
3.50903e+08
2.48656e+08
4.16435e+08
4.94789e+08
2.29157e+08
5.68746e+08
7.28598e+08
2.16877e+09
2.45359e+08
2.47121e+08
100088
2.24041e+08
3.15086e+08
1.65403e+09
7.12654e+08
1.47809e+09
4.37655e+09
2.00424e+08
2.50982e+09
1.59189e+08
1.76675e+08
1.73914e+09
2.52613e+09
1.26657e+09
1.67908e+08
9.41923e+08
1.82596e+08
1.00185e+09
8.56994e+08
3.00426e+08
1.55386e+08
2.15798e+09
1.892e+08
1.65735e+08
2.52597e+09
1.23298e+09
1.50677e+08
1.0707e+08
210055
696067
688848
298616
228493
1.3451e+06
157960
203564
1.30921e+06
285815
291616
145912
6.10421e+06
403501
145501
185709
1.6598e+08
558694
503987
1.8172e+09
2.41618e+06
82560.1
1.40786e+08
2.30022e+08
1.59008e+08
122505
5.54875e+06
1.01647e+08
4.67613e+06
87820.9
4.79559e+09
1.19865e+08
1.41849e+08
9.49357e+07
5.61521e+08
1.00767e+08
1.22043e+08
1.4475e+08
3.51093e+08
1.52057e+08
2.51577e+09
3.07489e+08
4.78223e+08
1.02135e+08
1.22881e+08
2.41272e+08
8.58984e+07
1.15099e+08
1.1439e+08
2.05152e+08
1.72577e+08
7.5611e+07
7.50659e+06
9.47646e+07
1.07991e+08
1.49221e+08
5.936e+07
6.88423e+07
7.86291e+07
7.80841e+08
5.6229e+07
1.49305e+09
6.01659e+09
5.02935e+07
1.632e+08
9.52318e+07
7.51764e+07
4.83738e+07
7.30373e+07
1.03086e+08
5.18388e+07
4.20525e+07
109682
1.0024e+08
5.6423e+07
4.3832e+07
8.08435e+07
4.47855e+07
6.76051e+07
2.51433e+07
7.49339e+07
9.96002e+07
4.48374e+07
2.43175e+09
4.80084e+07
2.39855e+07
4.73639e+07
6.26417e+06
7.55337e+07
5.29592e+07
3.97183e+07
3.15287e+07
6.93507e+07
7.889e+09
1.18859e+07
1.04354e+09
2.4756e+09
3.26037e+07
5.52976e+07
3.39514e+09
6.24317e+09
5.15528e+08
3.52781e+07
3.01049e+09
2.21922e+09
107588
1.36105e+09
2.96109e+09
4.40459e+09
2.06267e+09
3.15005e+07
3.06825e+09
3.55264e+09
93006.1
2.90703e+09
4.98194e+09
1.99254e+09
5.81399e+07
9.70733e+07
8.1107e+07
7.15248e+07
6.4336e+07
1.12702e+08
1.1765e+08
1.10733e+08
9.85269e+07
7.96467e+07
1.09993e+08
9.78258e+07
6.32167e+07
2.94256e+07
1.37253e+08
7.91378e+09
5.96245e+07
1.75348e+08
2.87807e+09
3.11264e+08
2.24687e+08
5.96374e+07
4.31553e+08
5.25101e+08
3.39079e+08
4.03243e+09
4.11504e+07
4.8541e+07
6.17232e+07
4.18632e+07
4.08618e+07
5.82481e+07
6.62761e+07
5.7477e+07
3.82698e+08
2.34354e+09
5.31939e+07
9.78846e+07
7.85662e+07
1.01358e+08
3.46735e+07
1.19107e+08
1.20513e+08
1.16519e+08
5.24839e+07
1.38359e+08
1.66329e+08
1.81405e+08
2.31815e+08
2.68267e+08
2.06847e+08
1.05978e+08
5.62863e+08
5.0392e+07
194236
234616
284380
461801
392015
707496
289049
343012
794065
136998
423103
286291
91436.8
152660
192863
476995
613026
566382
6.12755e+07
2.51646e+06
1.69496e+06
1.8506e+06
2.55097e+06
7.24938e+08
1.76239e+07
5.51653e+08
4.30766e+06
138298
1.31551e+09
5.42504e+06
3.65352e+09
1.0944e+07
1.3701e+07
9.09315e+08
1.45226e+07
4.79857e+08
122576
92917.5
6.64428e+08
5.13419e+07
8.30899e+08
2.22702e+09
2.43914e+07
5.58341e+09
2.63126e+07
2.54387e+07
1.06043e+09
4.06435e+07
9.55609e+08
1.09051e+09
5.51772e+08
5.21654e+07
1.98107e+09
1.66462e+09
5.00241e+09
2.3586e+09
4.38306e+08
219888
6.28557e+09
3.74898e+08
2.41673e+08
2.43679e+09
8.63127e+08
4.83184e+08
2.82787e+09
2.70025e+09
1.73767e+09
1.5158e+08
2.44184e+09
2.54813e+09
1.69692e+09
1.06266e+08
5.11049e+09
1.32862e+08
5.44163e+09
8.86253e+08
5.71576e+09
2.34987e+08
7.68333e+07
5.24282e+06
109523
2.80686e+09
6.97015e+09
7.81711e+09
2.65234e+07
1.03505e+08
7.53375e+07
5.97391e+09
2.89036e+07
3.99164e+07
1.98421e+09
2.17324e+08
5.06198e+08
1.56485e+09
2.4441e+09
2.53954e+06
5.54282e+09
1.65252e+09
3.31843e+09
3.94844e+09
1.70411e+08
1.16252e+09
8.94876e+07
1.50862e+08
2.60712e+09
2.82465e+07
3.33396e+08
1.06094e+07
2.98179e+08
2.77666e+07
1.27874e+09
1.36363e+08
1.93598e+08
3.71133e+09
1.47828e+08
1.39508e+08
2.46349e+08
3.436e+08
1.57057e+08
3.37133e+08
5.43573e+08
8.4752e+09
1.51257e+08
6.4752e+07
4.33523e+09
1.60103e+08
92671
1.97497e+08
2.84245e+08
6.358e+09
144137
4.84398e+09
2.5775e+08
6.09208e+08
3.32896e+06
4.43853e+09
152507
3.53901e+08
3.83696e+06
154456
1.14213e+07
9.11319e+08
142270
6.90555e+07
9.0684e+07
4.5879e+08
3.52827e+07
5.71301e+07
5.17388e+08
2.99235e+09
9.17303e+09
2.03052e+07
2.85649e+08
4.63518e+08
7.71127e+07
4.41728e+09
3.24171e+08
2.42704e+07
5.33166e+06
3.07061e+09
5.41421e+08
1.24378e+09
1.00671e+08
3.03751e+07
1.35248e+08
7.70888e+07
2.75616e+09
9.06125e+09
1.08238e+08
1.06558e+08
1.47796e+08
3.43888e+08
8.24828e+08
1.04975e+09
5.21594e+08
5.27815e+09
2.16356e+08
3.52709e+09
6.7717e+07
4.48426e+06
2.30682e+09
2.26032e+09
4.96861e+07
2.10023e+09
5.42248e+07
2.13966e+08
168349
102411
7.04437e+09
1.84652e+08
2.44919e+06
1.27912e+06
3.91492e+08
1.29131e+09
2.60757e+08
3.86231e+09
537227
5.83922e+07
2.55885e+06
5.77107e+09
7.06822e+07
1.70426e+06
6.1522e+08
2.93779e+07
3.16599e+08
6.3164e+06
2.65367e+08
1.1601e+08
7.17447e+07
2.32037e+06
5.52524e+07
1.84647e+08
4.64926e+07
3.78015e+09
1.51204e+08
1.42696e+09
1.04925e+10
3.98031e+09
4.17397e+08
2.46208e+08
4.5481e+08
5.46606e+07
1.0711e+08
7.1933e+07
7.92842e+07
2.25853e+08
1.19197e+07
2.4684e+09
2.86295e+09
9.52997e+08
7.37098e+09
3.12612e+09
1.3457e+08
9.48586e+07
1.92537e+08
2.50172e+08
1.29144e+08
)
;
    }
    inlet
    {
        type            fixedValue;
        value           uniform 825000;
    }
    outlet
    {
        type            inletOutlet;
        inletValue      uniform 825000;
        value           nonuniform List<scalar> 
110
(
1.76356e+06
1.18647e+06
776789
1.52987e+06
2.54555e+06
1.85417e+06
2.51021e+06
2.97614e+06
1.80927e+06
1.00077e+06
1.41414e+06
1.89326e+06
1.85358e+06
2.06074e+06
1.8639e+06
1.34669e+06
1.70387e+06
1.98752e+06
2.13133e+06
1.63626e+06
1.32589e+06
1.92462e+06
1.27061e+06
1.6882e+06
2.19077e+06
2.16676e+06
1.23029e+06
2.64539e+06
1.78909e+06
2.69358e+06
2.3754e+06
1.26802e+06
825000
825000
825000
1.10569e+06
1.44701e+06
1.00654e+06
1.8292e+06
1.88923e+06
2.02524e+06
1.90818e+06
1.07167e+06
1.09321e+06
825000
1.88957e+06
1.68521e+06
1.76904e+06
967827
1.70491e+06
1.89235e+06
1.64816e+06
1.00372e+06
680322
903636
733633
813239
958599
837900
887448
920423
769102
1.58398e+06
951708
963155
905456
874443
810373
878036
1.50601e+06
886705
856755
937000
1.44147e+06
1.37843e+06
821672
1.28839e+06
798454
712830
686566
1.04461e+06
2.94687e+06
2.34598e+06
2.30106e+06
825000
2.32545e+06
825000
651128
1.75763e+06
745376
777803
640142
637542
939145
918775
937054
789664
1.11779e+06
825000
825000
721731
753605
904753
922857
1.21988e+06
985193
746777
813242
2.07334e+06
1.38446e+06
)
;
    }
}


// ************************************************************************* //
