/*--------------------------------*- C++ -*----------------------------------*\
  =========                 |
  \\      /  F ield         | OpenFOAM: The Open Source CFD Toolbox
   \\    /   O peration     | Website:  https://openfoam.org
    \\  /    A nd           | Version:  8
     \\/     M anipulation  |
\*---------------------------------------------------------------------------*/
FoamFile
{
    version     2.0;
    format      ascii;
    class       volScalarField;
    location    "0.0005";
    object      p;
}
// * * * * * * * * * * * * * * * * * * * * * * * * * * * * * * * * * * * * * //

dimensions      [1 -1 -2 0 0 0 0];

internalField   nonuniform List<scalar> 
29110
(
475.514
177.765
7069.76
204.969
25312.4
21938.4
365861
36088.4
33839.4
3006.16
1.16593e+06
446.341
174.415
6789.16
39234.1
6397.9
4661.9
552.643
13403.4
5754.23
4332.54
6335.12
6150.45
1.3339e+06
1.36877e+06
1.22582e+06
1.11838e+06
882.788
22806.1
26731.3
9763.74
745132
133.781
2412.04
3504.36
1.27246e+06
11560.6
32160.9
38108.8
16697.1
93910.3
1.08825e+06
18.3853
25301.5
2882.34
443.432
14494.7
1.22619e+06
41335.2
53502.3
6882.6
3252.06
419.194
4186.28
21587.2
2871.72
11226.2
3522.65
123.172
1.36388e+06
922976
1.32245e+06
1.12728e+06
3507.34
4340.51
14437.7
4613.62
4622.04
443.949
1.13552e+06
14280.5
3223.99
420.4
1.36941e+06
5480.31
4238.83
343.378
7967.7
1.35237e+06
2473.16
1.36602e+06
6713.58
1.13293e+06
6666.83
12258.6
3131.35
4344.17
1.31196e+06
577592
1.2486e+06
186.007
1.09598e+06
6813.45
11622.4
1.1315e+06
3101.94
3790.16
6514.32
4970.43
53353.2
663.063
26928.5
19959.2
1349.44
6794.57
11912.6
1.33875e+06
548532
1.37415e+06
12917.6
1.37561e+06
3132.89
178814
1.36912e+06
21768.9
629.367
1.3526e+06
39487.2
2478.64
2969.56
28361.7
964049
33224.4
11631.1
4765.51
3247.88
7771.95
10169
1.13534e+06
37149.7
1.37063e+06
12521.4
6776.29
23385.2
14886.7
3502.6
1.31295e+06
1.20015e+06
895624
64.4063
4709.94
5736.87
18709
17462.3
9429.6
880558
3915.48
8519.11
4448.65
3533.57
340.646
2456.79
4079.8
1.12641e+06
1.10657e+06
2879.86
1.36978e+06
634.645
390.499
21334.1
4300.26
1.37355e+06
2776.67
28669.5
22567.9
1.33167e+06
1.36365e+06
3167.08
1.0866e+06
594.149
1.36291e+06
1.04962e+06
2116.77
4597.55
916679
4554.87
22.269
249.984
3366.28
2878.89
20925.8
471.296
1230.24
1.05199e+06
6628.33
6473.95
12386.1
1.27497e+06
378.546
9311.32
1.19272e+06
6943.57
54.2175
1.18767e+06
3211.54
4887.22
1.37353e+06
1320.7
10097.4
7062.16
13321
7278.27
11868.7
994053
214.125
1.36339e+06
5221.81
1.37055e+06
109149
13475.4
9463.04
573.715
907146
19796
4371.03
4206.92
9419.97
31783.8
615.787
338344
7911.48
1.0999e+06
6965.35
1.10838e+06
972337
4788.66
568645
1.01125e+06
10264.2
957258
3111.66
458.319
31875.5
4330.85
201.797
11140.1
9765.24
87173.8
899245
1.10647e+06
10609.9
31584.8
1.34275e+06
49000.5
1334.8
456.68
6356.11
1.20859e+06
1.33937e+06
35207.6
1.34644e+06
2135.26
1.37567e+06
512.722
8261.3
93258.8
1.30666e+06
396.765
6218.27
179.917
43083.1
4503.23
1.37408e+06
6885.03
192.845
1.19151e+06
413.561
1.36981e+06
1.33595e+06
333.829
2877.52
1.36436e+06
4100.85
233.191
21245.3
8537.6
2773.78
11178.4
3421.46
43932.8
401.272
156.701
375.045
10568.3
331.588
64.536
3299.38
1.19366e+06
6113.04
18577.5
35187.7
10347.5
6987.78
2127.21
8559.51
900.683
6752.07
16463.1
16032
2874.57
5977.1
1.37027e+06
1.36463e+06
12695.5
126.495
4050.34
14724.9
4816.08
1.21476e+06
9201.1
1084.09
99.4004
11526.1
3380.07
1.14773e+06
6356.3
58.1082
1.19667e+06
1.36558e+06
75.7953
381.796
1881.2
1.01884e+06
11283.2
528779
5315.2
1.1155e+06
1.37209e+06
16.491
923971
20152.2
4543.77
499.529
8431.49
1.32707e+06
4731.14
21884.5
6319.79
177571
40525.1
3322.32
726.197
177.862
1.03786e+06
1.3757e+06
59765.5
3448.41
34046.3
376.084
1.33464e+06
39.9608
572.057
1737.1
882173
12955.1
11105.2
9856.52
2253.18
2905.41
5217.5
3343.57
1.08818e+06
12053.8
1.36131e+06
17.0673
13215.2
1.10204e+06
1.36095e+06
6496.01
1.36043e+06
594.218
1.34504e+06
13960.9
1.36309e+06
1.00289e+06
10974.3
45840
32879.2
13346.8
5290.92
1.25755e+06
12244
38272
34.9701
447.351
5301.68
3215.78
61144.6
1.36494e+06
1.33652e+06
5881.59
186600
61.3521
332388
56.611
1168.5
25970.9
999636
1.35129e+06
8253.43
3197.25
216457
170.676
4627.12
542838
42901.7
137468
31655
3092.74
6939.77
10041.7
3002.02
32592.5
1.24884e+06
3913.27
2200.19
1.25946e+06
2498.24
1.14696e+06
5742.09
1.29146e+06
3244.8
1.27559e+06
119.69
63.084
2855.19
45989.2
139.883
7965.33
6739.21
12167
1.36559e+06
3218.78
21819.1
2665.68
1.31054e+06
3983.1
208372
1738.46
9679.19
1.37056e+06
14631.4
4071.43
1.3726e+06
4912.23
1.32858e+06
374.956
1.2053e+06
1.19876e+06
1.3368e+06
3714.76
24798
4051.71
256654
1.37217e+06
5253.6
2067.12
1.05943e+06
1.30478e+06
18209
105010
9012.46
794.093
1.30681e+06
1.37059e+06
20205.1
3235.03
25514.3
146.768
45407.4
5689.28
1.33069e+06
1.33183e+06
12695.9
1.31416e+06
982.765
22926.6
1.21812e+06
1.37403e+06
10668.8
651540
1.37608e+06
55126.4
286506
2450.89
5814.04
7622.27
1027.49
38870
36574.8
1.37671e+06
3230.95
1.00176e+06
3711.67
450.034
72.4158
10555.5
2751.94
2443.65
5326.34
28768.8
9768.16
1.14365e+06
18512.7
289485
1.19135e+06
286.267
726.057
7893.36
5919.88
3720.61
2040.5
1.37453e+06
9695
14457.8
4041.98
315.102
485.999
660.727
15478.5
3137.77
1.308e+06
1.12841e+06
3153.93
12864.7
338338
1044.75
5247.32
1.23574e+06
275.656
25898.4
1.25013e+06
4641.4
1.04017e+06
121298
448.47
737.808
3630.66
4475.96
926491
2850.83
551183
623.662
5175.8
407.016
1.37332e+06
643.328
5157.35
1.32426e+06
5589.4
44174.4
1.29314e+06
12949.4
449.502
1.15228e+06
291.132
1.36213e+06
4110.76
10717.6
1.3247e+06
15740
505.441
10326.9
7081.62
3752.72
9213.85
1.19501e+06
6109.69
15759.7
201.36
6751.31
2858.89
3611.37
28354.9
12291.1
10103
1.34422e+06
211.498
12607
3146.64
42988.4
317.881
10333.9
1.04595e+06
44832.1
13395.2
496.177
365.782
10146.5
4540.2
1.25174e+06
540.45
1.27171e+06
9761.18
3867.84
334.02
1172.76
21078.6
4763.09
1.37067e+06
6677.51
8374.93
6499.28
136.997
3691.79
1.34213e+06
333.308
5257.96
4557.87
1.36175e+06
2794.86
11501.4
6292.71
61.5397
1.22117e+06
1.30356e+06
8048.72
4602.12
22615.4
8857.56
13763.9
6510.97
8797.54
1.36253e+06
58682
11915.3
34492.6
6415.82
3847.53
1.35045e+06
1.36368e+06
1.37411e+06
9746.24
5580.93
233300
1.34659e+06
60.2399
5863.36
25836.5
657.08
8586.39
3297.88
1.18089e+06
6445.66
22829.9
1.36148e+06
406.545
339.664
6531.53
1.36937e+06
2759.17
45420.2
6223.91
634.831
43.1707
8020.29
39.6901
1.14212e+06
4530.03
479.791
1616.69
263678
10578.5
17363.1
949233
92548.4
620.366
14480.3
578935
147231
5102.85
1.21262e+06
496498
952492
1.29166e+06
5275.77
28.1615
1.33801e+06
870.736
17472.6
5244.72
4852.12
34.7721
10198.8
14131.4
1.2771e+06
42201.9
46627.9
33.6022
92343.2
5163.12
25704.7
292.41
6120.35
50303.4
600.193
1.25076e+06
64.6495
51.5636
46602.8
739056
3498.06
3798.34
155374
19362.1
1.10505e+06
27633.7
16.9449
15.8553
1.362e+06
1.37449e+06
9641.49
59.0777
4991.53
211.63
1.35226e+06
3903.13
1.18812e+06
1.37075e+06
6284.38
17508.7
1.37459e+06
12884.4
754.274
1.25003e+06
133987
332.476
42227.2
6195.38
1.29169e+06
1.22681e+06
23810.8
382.282
163.818
48940.9
1.29026e+06
4146.34
3812.14
5171.89
3821.95
3867.34
304.464
325201
11215.8
8047.63
1.12136e+06
504.28
5253.17
89.3664
1.35529e+06
2173.75
4087.58
34050.2
266.296
3816
1.25171e+06
1.18937e+06
423.761
18505.4
8296.09
116038
1.06896e+06
996379
1.37666e+06
2199.41
1.37574e+06
1.36158e+06
1.03631e+06
1.24855e+06
86.4263
3038.01
987154
2778.55
107210
3496.42
1.29039e+06
293.329
1.37434e+06
10971.4
17172.2
1.37438e+06
20492.4
12985.4
1.25424e+06
27150.2
46619.4
4011.49
512.931
433.718
1.03467e+06
8029.06
1.22989e+06
500057
3500.26
9642.23
1.34698e+06
298.759
1.35436e+06
1.19518e+06
948520
3851.64
758938
2787.14
20419.6
16266.9
151402
1.3236e+06
10599
257301
5681.23
1.22931e+06
21946
370.36
1388.33
8610.95
332.673
86713.6
40340.5
11624.6
408.437
1.36177e+06
14391
6445.85
147326
37566.5
668.923
1.20286e+06
1.37435e+06
8451.39
1651.18
711.775
1.2285e+06
139.802
1.14189e+06
38910.4
9622.38
2033.16
39.0563
1171.16
8927.34
1208.32
5462.26
3163.6
3407.21
10630.3
1.2572e+06
1.18313e+06
6501.66
161.564
3438.41
933865
1.2199e+06
19232.1
1067.22
13649.3
2795.96
4142.03
84.6338
1.36634e+06
8605.11
1.10335e+06
4325.62
1.16311e+06
1713.6
17375.9
401.198
488.636
1.31429e+06
11270.7
322961
4030.64
17597.6
16214.8
45899.7
341.984
1.33208e+06
5854.19
8218.57
31.8593
16885.3
1.36988e+06
4625.92
3084.04
34759.5
713.543
899333
1.14732e+06
666.945
1.23933e+06
1.32396e+06
28414.9
1671.81
8585.22
1.37577e+06
1050.87
455.212
6940.23
1.33064e+06
1.36663e+06
1.29536e+06
9481.24
7782.49
6204.25
1.30212e+06
1.308e+06
271.741
33135.2
3095.14
2273.39
1.24926e+06
1.03593e+06
2171.08
1.05324e+06
254.159
1.24966e+06
249154
3195.94
7981.44
17764.1
2243.07
1.18976e+06
2338.24
10196.7
1.27868e+06
386.802
3762.57
1.1557e+06
186.84
46.5303
8194.09
3469.65
10860.2
374.576
147.69
3906.43
11759.7
13922.5
140480
3192.77
9751.13
1.20109e+06
2905.42
3163.12
1.30131e+06
32308.6
10476.6
3183.53
1.36081e+06
4627.49
1670.15
6242.75
6379.37
3541.8
11751.9
6329.35
1.21977e+06
8136.66
15040.6
248.236
1.14012e+06
1.37616e+06
1.31013e+06
109.797
1232.72
9616.04
1.17073e+06
2021.52
1.32386e+06
3171.78
3629.03
44881.5
4822.83
1074.87
1.37498e+06
69889.1
3947.1
7299.07
1.3708e+06
4859.68
2673.01
15088.2
111483
6305.75
8154.11
242.632
73.5346
1.3747e+06
1.37526e+06
7212.67
2898.56
263.216
1.23017e+06
45138.7
4813.02
3826.2
760.933
4448.83
1.14014e+06
57178.1
921595
3086.78
1.31084e+06
8877.98
5510.74
461.808
3444.78
1230.48
17155
4744.64
554.593
10699.4
1.37057e+06
34400.3
18539.2
1.30544e+06
3145.08
118.962
13145.7
22177.4
51.0398
4033.58
40.7544
257.406
1.37468e+06
1.19351e+06
1129.8
20913.1
584003
82063.6
625.408
32789.5
7953.13
5298.22
463.731
1.37606e+06
31.7568
1.03567e+06
1.08842e+06
2979.44
1.371e+06
1.36489e+06
1.32728e+06
4009.49
15146.1
6727.62
6591.07
204120
1.30437e+06
1.13188e+06
3897.55
1.35372e+06
14793.1
1.37484e+06
11093.8
9341.94
1.33182e+06
22650.2
1.00942e+06
9926.85
1.34806e+06
3843.77
2512.53
11486.9
1.25914e+06
1.35039e+06
5048.47
3145.17
867.573
4187.17
19839.4
9843.36
463.329
8387.69
203.191
427.086
1.34065e+06
12897.6
140.292
109486
2827.6
629.703
3265.76
1.16819e+06
30603.7
32464.2
149180
1.37606e+06
13352
391.46
3176.1
1.13554e+06
7952.77
574.876
1.13626e+06
1316.36
5461.07
5920.37
1.07951e+06
4600.94
271.869
402.789
5354.91
389.999
3977.25
23.1438
4638.47
948529
14133.2
11891.8
1.18933e+06
1.27894e+06
6308.99
1.16121e+06
1.32438e+06
567.135
15068.6
41725.9
697.583
1.35129e+06
3809.07
12032.3
829.293
1.29159e+06
1.05095e+06
285.71
190326
1.33979e+06
3974.86
11381
2865.37
28092.6
3611.52
4678.8
1.05591e+06
1.06882e+06
386.874
22764.1
29241.5
38.0964
1.37495e+06
3205.25
64587.2
531.833
121.533
5425.66
8627.48
293.279
109058
39.0961
362.347
1.34054e+06
1.36487e+06
398.477
42152.7
55628
523624
444.334
1.12829e+06
45796
1.30335e+06
5615.26
11701
2609.97
6330.13
1.07057e+06
1.30801e+06
4587.02
14566.8
12563.5
491.31
1.33904e+06
142239
3913.2
237.038
2787.48
13759.2
1.35201e+06
527.427
1.37425e+06
166583
252.378
1.19115e+06
4813.54
49900.7
17242.7
363.577
46657
169.854
252.301
35972.7
13731.1
601287
3615.08
3164.36
47751.5
729717
346.663
42.8435
1476.6
3196.96
19031.6
3451.54
1.08002e+06
1.2611e+06
3724.03
4784.92
329.65
94049.9
1.26218e+06
48404.8
90376.6
1.19866e+06
30857.2
2261.67
17867.1
1.30705e+06
10468.1
61108.9
1.29697e+06
529.609
123.319
11927.1
6923.97
14891.7
12984.6
1.19192e+06
29.5347
4750.23
1.20371e+06
1.36593e+06
137.537
1.29078e+06
59.8735
2233.6
35419.6
1.37418e+06
605.176
733753
5056.75
1.37671e+06
8348.98
13736.5
4266.47
346.829
18252.9
214.354
1.37474e+06
12080
270.179
15222.7
163194
3436.58
1.35349e+06
2339.91
353.04
9421.82
21.8452
1.27056e+06
19.8239
1.07662e+06
1.36482e+06
36359.7
32204.6
1950.81
1.10929e+06
5030.93
1.16478e+06
20305.8
634.591
1.32377e+06
950.052
1965.96
3126.6
10354.7
1.37274e+06
10431.6
1.35396e+06
1.3283e+06
3142.8
450.94
136.016
34279.3
5505.67
6672.12
3174.44
599.588
147101
8747.49
3694.39
315.686
860114
316.611
1.06038e+06
17735.2
4331.2
1928.21
90.8175
20.1118
9427.13
15.8652
5044.16
38.895
44533.6
9167.57
4080.58
20139.3
8.93323
12288.6
1.33846e+06
25873.7
5113.59
3309.6
9812.26
608965
3421.21
15318.1
18032.7
2149.01
1.37252e+06
14223.2
21.7784
1.13139e+06
1.2703e+06
13941
18256
1.36663e+06
1.00337e+06
594.94
1.37482e+06
21957.2
4742.76
665.606
9907.18
3922.87
17368.7
2880.25
4116.94
3534.8
1287.71
260.057
10174.8
387.428
1.37395e+06
2852.13
3481.79
11140.1
1428.87
18318.7
23018.6
523663
14355.9
35726.1
45909.9
7529.57
9554.15
12695.3
6304.66
41475.7
13945.6
13705.3
3464.94
3145.27
4149.71
883.56
5346.69
6321.73
974569
4438.56
1.37347e+06
8487.97
48157.2
1.37774e+06
469.492
29256.5
1.31156e+06
4320.68
39.358
4549.07
1.1534e+06
8808.85
1.27994e+06
5314.76
1.20304e+06
1.2613e+06
206.223
1.05519e+06
2198.03
1.02878e+06
2823.21
1.06205e+06
1.00789e+06
3528.95
3245.98
1125.24
19486.2
8551.81
1.216e+06
14324.3
392.67
6449.97
4991.52
35.0917
20568.5
213341
2808.45
255.166
152.433
18867.6
6925.78
3562
967146
1.37001e+06
2181.87
1.12301e+06
1.26975e+06
15000.4
3676.3
32.2986
6272.92
6807.75
4279.06
33264.5
1.17223e+06
2201.76
30.4084
652.872
42392.2
13962.6
1.31499e+06
519903
262.751
3298.39
2461.68
1.20474e+06
44398.2
3238.96
28994.1
1.34719e+06
1.31235e+06
1.33957e+06
1.37438e+06
10482.5
4599.4
7364.56
1.36964e+06
41790.9
125.774
1.19245e+06
256.705
2856.64
8.80262
732.413
15167
5639.21
33713.4
13188.9
180913
4819.51
1.27045e+06
712.916
1.3743e+06
3491.12
3760.85
46301.3
4966.79
3312.34
7876.87
10221.7
1.34174e+06
543.904
3049.46
1.32185e+06
18363.2
451.325
5952.79
65.634
3954.19
1.14148e+06
5235.98
3082.48
11820.8
1.37441e+06
1.32912e+06
43739.9
4808.35
518.426
15639.1
3823.75
4403.17
3865.82
13935.9
15517.3
8096.77
1.1052e+06
2867.1
11388.5
1.35746e+06
659.039
11384.4
2750.8
8238.21
475.413
1.09878e+06
104876
43100
4909.91
1.27179e+06
30647.8
1.13173e+06
20813.3
1.37526e+06
1309.28
543851
43367.9
1.37455e+06
1.25873e+06
3726.98
769.269
12325.7
3728.92
3509.1
1.35278e+06
8.59714
677430
923364
1.3744e+06
3801.38
1.37533e+06
20463.6
1.34877e+06
1.35351e+06
1163.09
1.2414e+06
14815.9
11540.8
4571.79
3240.07
5002.42
3092.88
1606.06
998546
3372.94
2841.44
10993
4961.03
5916.3
1.24709e+06
3750.22
45338
4044.92
24725.5
7253.02
14647.3
3678.61
5260.26
34510.9
1.34e+06
1.20348e+06
15985.7
15547.4
30139.6
3403.93
5415.95
34654.5
1.32456e+06
1.37177e+06
29606
1.1925e+06
40824.3
9379.4
4415.74
1.30465e+06
18080.6
104657
2915.53
868547
10218
3469.9
1.01762e+06
10.3
48.9468
1.11951e+06
4144.84
11878.7
3555.31
13931.4
2973.34
4242.41
14238.3
3502.26
51.5966
32.0035
729462
1.37111e+06
6668.71
1.3794e+06
168.35
17228.8
22.9892
4784.66
213.716
591.167
3254.36
4424.64
1.25903e+06
4253
1.36253e+06
5798.11
20633.6
1.19325e+06
1794.27
2905.03
10496.4
12847.6
1.3514e+06
5729.06
19706.8
7755.91
494478
3065.29
5.80166
14156.2
918465
571.02
4086.84
10648.5
1.35066e+06
362.229
876576
2483.84
1.18844e+06
10862.3
2955.46
779.182
3737.43
9727.29
15707.7
551031
34468.7
16248
1.26233e+06
1508.95
1.36596e+06
3047.62
1.24514e+06
31670.9
1.36545e+06
5573.39
1.02555e+06
45202
7097.15
1.36629e+06
1.37431e+06
47372.1
3488.28
1.18542e+06
1.34529e+06
49.009
8377.07
4568.82
1.31319e+06
1329.23
5574.04
854.89
43938.5
2613.35
4395.24
6105.57
86469.4
6143.06
5676.43
1.35324e+06
2094.61
4464.39
4870.54
1.11114e+06
1721.65
3795.56
3480.63
930.788
3586.33
10879.6
11107.4
501851
1.23795e+06
1.37332e+06
28692.3
1.31246e+06
90744.2
29350.8
573815
34034.4
5300.91
3517.18
5069.22
52642.1
1.3527e+06
431.258
1.3745e+06
2019.73
1.1543e+06
4433.83
2092.17
1.3555e+06
25.4903
5359.35
43108.9
4892.07
44287
24512.8
657.118
1400.24
1.33841e+06
160264
1.37447e+06
40026.3
1.30872e+06
42189.2
1.34063e+06
1.37352e+06
1.37255e+06
673601
10628
22427.5
8760.24
2607.66
1.33906e+06
9501.93
14976.7
21487.9
3207.46
7775.62
53486.5
5584.73
2053.85
1164.42
37.2407
1.35539e+06
7852.87
3030.39
3917.43
34178
31153.1
12212.5
1.24771e+06
17230.1
40231.2
162.618
8527.89
9260.77
5212.9
13373.2
4331.54
4891.33
1.36213e+06
15443
363.646
2850.75
18.3544
28188.6
1.29345e+06
3091.44
3657.63
158.672
1.3463e+06
1.3658e+06
77965.3
2394.27
1.13429e+06
3361.07
42267.2
5231.97
79639.8
12.3455
1.36492e+06
1845.54
12722.6
3701.68
26044.4
3087.2
1.09421e+06
1745.1
4137.56
2032.27
3486.57
2072.68
1.27075e+06
17333.6
3982.22
13175.3
1.33144e+06
5733.88
16439.7
97940.2
5214.66
10140.1
508.677
1736.76
4604.27
3696.27
7603.18
4453.3
9028.36
2924.37
26058.9
4175.4
25.4317
1.27693e+06
14531.2
323.713
1.32423e+06
3484.68
1819.05
93.1696
23760.1
1.19932e+06
4054.04
265.913
5682.14
574434
37237.8
2863.87
5713.67
10655.8
1.22072e+06
41380.8
12770.5
1058.32
47036.3
5761.09
461.002
740196
1.32841e+06
3492.33
1.37111e+06
346.688
1.2759e+06
115001
1211.11
4197.21
14699.2
1.17152e+06
909414
35699
9840.61
2980.62
90.0283
25.8905
6008.98
1.37836e+06
1.37824e+06
1.34908e+06
1.37471e+06
1.32502e+06
13977.7
365.721
4547.54
4269.71
978.989
6765.23
5210.64
847680
26003.3
1.22692e+06
4872.22
11802.4
6492.62
1.36487e+06
11546.1
9501.96
1981.67
82.4345
376.137
1.19724e+06
1.26915e+06
16158.6
1.35172e+06
3221.45
1.32553e+06
20600.2
4198.53
2795.51
368.052
1241.22
3839.92
9537.22
137.876
1.16529e+06
326.615
1.33029e+06
7637.62
3025.92
14839
3247.96
1.05006e+06
1551.23
64773
4363.99
1.10745e+06
1.23747e+06
50478.8
6236.28
1579.31
14491.4
1.25891e+06
1.3359e+06
5361.33
1.37626e+06
265.472
14006.5
30644.7
23.2364
14177.5
4129.59
24615.2
1.19138e+06
24071.1
1238.8
503.492
1.30659e+06
1.24672e+06
1.37111e+06
330.492
117.028
153.186
3936.26
273.783
249.914
10571.2
48065.6
53804
26076.5
5768.98
37.8622
2530.35
30032
16310.3
46439
4687.32
7726.87
266.16
27.9055
1.37136e+06
12069.9
1.36113e+06
7743.44
1307.7
8507.5
7.81021
496.242
4391.54
86298.3
3400.49
2989.87
1.00847e+06
444284
1.31776e+06
927.825
6349.31
80528
1571.21
801.16
2126.2
1135.08
1.37515e+06
3816.93
113759
8611.66
1.13212e+06
16940.1
180.597
1.0536e+06
1192.61
38320.2
31790.4
1.37254e+06
2988.69
4118.61
1.35436e+06
37.5282
14248.8
3864.93
3158.67
63021.4
8259.85
6422.43
1155.08
1328.59
15488.4
2343.52
391.571
2774.91
5264.12
35.9786
1.30614e+06
1102.95
11236.3
9621.81
2450.16
921380
5679.39
1365.22
3600.19
42381.9
4273.05
2538.45
22.1262
10598.3
16573
488.858
4542.95
26.604
3932.64
181.297
3888.88
14738.2
4968.1
33514.4
39307.9
4278.12
8816.55
1.19818e+06
139728
8970.09
1.08577e+06
435.434
733.835
3729.15
216865
2103.77
213.758
7645.32
11771.1
1.35325e+06
6752.53
12649.2
539426
1.36331e+06
14759.2
1.32893e+06
11.7316
181.487
9041.75
163.662
1.37452e+06
4398.97
10491.4
16585.1
1252.87
19319.7
1.2633e+06
5515.01
4364.43
80748.1
4987.33
3579.58
477.542
3247.37
59342.9
166.685
954.699
2289.74
4067.58
7664.11
31227.5
4673
1.34374e+06
9400.75
2435.14
2977.47
1.37534e+06
1.25432e+06
1.36532e+06
16649.5
1.27258e+06
5307.96
1.05326e+06
8345.84
245661
3556.57
487887
1.37347e+06
1.27164e+06
4647.21
1.20426e+06
6380.54
1890.72
153.669
1.36432e+06
57868.2
8.80933
1.22004e+06
3295.23
26546.5
6173.7
302.091
3632.49
2958.97
426.687
530390
131585
204253
4331.4
1.3245e+06
445.166
89.505
45202.2
671898
4507.35
1.1909e+06
13.259
693.056
5918.07
544.945
9883.16
34591.2
237.728
1971.29
4578.3
132.548
47078
1.31182e+06
51275.8
2223.86
5247.92
1964.92
4857.35
35119.1
1.21971e+06
3657.07
18449.9
2111.98
5119.62
294.823
958264
4028.9
29634.9
369.47
5649.18
7.81731
5.93438
13.2994
100.557
19135.8
917379
101258
1427.25
3416
23484.5
1.37565e+06
6618.76
5644.23
147727
781.355
3267.14
6229.96
4200.57
29381.1
9155.38
217.533
24066
16386.9
3015.2
1571.02
4867.83
3741.74
146249
12637.7
4621.81
52.5918
18.6221
19407.7
1.37192e+06
2037.26
4377.3
677.69
3640.86
23650.9
27367.8
1.12295e+06
1.36481e+06
8118.29
1.3734e+06
1787.12
2777.01
1.233e+06
1.06594e+06
22878.8
1.16863e+06
3072.19
1.04848e+06
21362.9
30188.1
512005
534.473
8089.73
3634.6
48774.3
297.118
31395.6
24920.4
480.596
116.461
3356.13
1.18862e+06
12799.9
42.1295
5582.27
98714.9
1.35279e+06
96.3575
1174.74
243.216
3349.96
73260.5
44788.4
1130.64
899826
4158.87
1.3725e+06
516.899
82.7311
1.33008e+06
20765.5
32071.2
14751
826.654
3068.17
42408.7
4177.25
4999.33
36753.7
592331
6772.98
8393.96
12661.9
1.37196e+06
7140.21
17755.4
1.36296e+06
43107.4
1783.12
292798
4476.38
82.1167
535.494
30641.5
34081.1
9234.16
42859.9
18142.4
14919.6
1.37168e+06
81331.3
9614.7
9723.49
1.24808e+06
16286.2
1.19782e+06
5287.07
1.37142e+06
1.37017e+06
13355.3
6256.59
156.774
35586.6
5085.33
746.655
1231.16
959796
1.32331e+06
4248.74
1.23034e+06
4903.99
19512.1
1.32988e+06
4779.4
2266.15
3066.37
9282.39
1.35205e+06
26243.5
43454.8
1.36791e+06
697654
11449
53968.1
206.497
33795.1
4474.87
11346.2
1.20502e+06
709273
1.06554e+06
1967.75
852.744
25.5838
1.04098e+06
5.8407
7379.94
3851.59
29432.1
47530.6
14432.6
100031
2095.15
5234.71
20288.4
1.26355e+06
1.06051e+06
6637.35
24225.5
1.30345e+06
1.37119e+06
19475.8
4862.33
59999.7
1.3711e+06
24950.1
564411
39323.1
5755.86
3249.68
9478.73
313.648
1.36213e+06
3787.77
1.36732e+06
5510.09
1.3746e+06
34679.6
4323.12
620070
31624.4
1.37326e+06
3664.86
1.35924e+06
1.272e+06
93043.1
1.36412e+06
1.23609e+06
47412.6
14399.5
3843.62
1.2065e+06
3222.38
25382
74.7846
88656.8
1.37532e+06
177.878
10182.9
461.474
8600.41
18471
21731.3
4923.42
27.0777
1.05963e+06
5493.32
9620.4
4689.71
295.431
4108.07
1.32118e+06
2797.18
6690.78
35883.8
5790.93
27270.5
9960.22
3459.51
3796.67
758.859
3060.12
39650.8
1.34583e+06
4276.68
1.31262e+06
2979.45
1.21103e+06
852993
10185.1
1.32119e+06
1299.5
3878.13
1.32423e+06
3197.26
967478
12943.7
29184.6
5224.85
19706.3
1.23273e+06
33810
1.14901e+06
36366.4
1.3673e+06
915505
120.305
58718.1
1.07906e+06
5805.78
1.04476e+06
66.6555
11827.1
332.653
4579.87
17824
25.2755
932103
4059.18
2866.72
983.696
559.692
2332.71
98855
1558.45
15091.2
850508
45733.7
5216.2
1.30416e+06
6833.71
24529.4
1.01453e+06
13596.9
1.32527e+06
146.357
1.08797e+06
508.387
138535
1249.26
31429.4
657829
239900
1.22676e+06
12738.5
33885.6
30294.6
17536.2
1.12013e+06
1.29202e+06
527.017
1.37118e+06
3286.94
2119.01
2711.68
4094.97
3559.2
272644
744112
3576.99
1.16857e+06
1.30973e+06
2518.55
186.398
3035.02
1.3483e+06
4015.76
7268.52
1.27842e+06
489.881
1.12476e+06
979.062
1.20006e+06
53.7704
1.08388e+06
1978.02
1247.92
361.045
30.391
253280
1248.45
662.457
343.399
63701.8
69244.4
10313.1
1.36793e+06
788.912
1.32947e+06
15120.4
1.08114e+06
3526.92
3615.54
34512.6
1.01107e+06
9516.45
1487.42
691.79
9086.75
19093.8
5110.18
1205.17
1.19475e+06
2384.78
9884.81
1.37327e+06
24547.1
7705.9
1.30385e+06
3782.56
3344.97
114488
282.292
465.961
715.831
1.00736e+06
1.37252e+06
4310.51
1.29015e+06
443.72
1.1385e+06
657.475
146.592
11087.7
7111.47
4998.16
327.566
1.23523e+06
1.02303e+06
923247
1.37509e+06
3751.1
1.3267e+06
23269.2
1.20688e+06
19849.1
1110.34
11761.4
199.502
3463.44
10635.7
1.29308e+06
1.34254e+06
4140.98
19732.4
946628
74562.3
5020.07
1.34809e+06
16781.8
3891.88
78.9855
246.824
2989.6
1.37485e+06
5484.65
4354.08
4254.54
24184
1.0829e+06
4835.4
4816.73
1637.34
1.37255e+06
20.8863
11179.6
908123
11.3582
902260
26735.8
15447
9287.36
33284.4
1.11624e+06
3704.93
95.5099
1.35887e+06
1.03872e+06
23.4204
3696.57
1406.76
28261.6
5721.71
1.36508e+06
27.3335
57.1535
2922.55
5411.97
3440.14
180.627
10702.1
129155
832114
1.37009e+06
1.366e+06
1.24104e+06
1485.2
430.958
14623.5
1.07851e+06
1.31184e+06
8866.42
2862.46
10405.6
1.10686e+06
24217.5
43019.7
6103.8
1.33271e+06
108372
34633.5
1.07364e+06
421.596
4456.79
1.1983e+06
19375.9
335.562
6239.23
343.377
407.748
1.3721e+06
37133.6
35573.8
17532.6
1.2734e+06
3480.12
3697.42
1.35542e+06
3268.28
6708.25
1718.25
10588.1
17021.4
11389
7806.77
702211
13067.7
24364.8
1.1556e+06
563.62
2938.29
5768.35
123281
229.498
5579.77
16155.5
288.218
1.30792e+06
73256.6
867.596
141047
1.3265e+06
1577.51
928305
1689.68
1290.25
14.6146
1.25734e+06
2801.2
18.2263
1.18273e+06
10882.4
1.14144e+06
275.205
418.554
1906.51
416.583
3907.08
470.744
6142.46
9816.58
4599.14
3710.32
6.69896
44261.6
10.9637
4945.74
1198.8
10471.4
3604.24
1.37544e+06
6361.11
1.37519e+06
10691.7
1.37141e+06
1.31629e+06
1.37514e+06
18144.3
30109.9
6056.6
47.6644
1409.65
1.0256e+06
1.32674e+06
222105
3546.17
84303.5
2993.02
116.792
1.20045e+06
4323.94
249.619
1408.05
87.5908
452.748
4348.54
375.884
3109.79
1980.36
77378.5
5701.2
58225.1
6156.42
32.6081
848.822
10043.7
1.19586e+06
1.37372e+06
1568.85
995934
1.37543e+06
3671.02
27633
16034.7
807429
1154.02
5508.63
4250
30484.1
337.917
3030.26
1.35194e+06
1.3759e+06
4095.26
201799
1.35482e+06
5.97869
484017
1.36961e+06
9428.82
7709.93
3344.41
1.37261e+06
3126.92
1.3685e+06
2852.45
1.27079e+06
11201
303304
1.37506e+06
344.481
16528.5
1.36822e+06
3444.77
988202
207.826
3695.41
927335
4444.33
4269.74
92.734
1.37299e+06
1101.6
539152
3921.84
8633.94
47875.4
88.852
18931.8
4978.02
3243.78
5777.23
2066.96
7.48098
3183.61
5797.45
15277.4
4892.45
32.4619
1677.64
6110.29
1.32676e+06
1.3476e+06
4905.9
10976.7
102318
1.12937e+06
1.33928e+06
534552
1.37318e+06
314.685
23129.1
1.34757e+06
34178.8
2070.63
1.37268e+06
32926.4
4576.63
969.324
428.438
80.5016
739.684
17423.8
7005.17
265.433
1.36949e+06
13958.1
27113.3
877446
1.26589e+06
9501.26
18646.4
1.36496e+06
1.0109e+06
8318.13
1.09384e+06
483.353
5343.24
3069.51
972020
545.626
297749
20902.1
24880.7
1.36613e+06
71250.7
26.9821
473.745
619.169
1.25411e+06
2983.66
4019.23
10458.2
1.05373e+06
12717.9
65811.7
1.37403e+06
43100.7
298.632
4392.71
104.469
25.893
3422.2
6473.43
325.433
591.911
1.34703e+06
7520.78
5927.9
19010.3
10574
832409
2945.23
3639.55
6333.62
48982.1
22612.9
1.32972e+06
1.3589e+06
6369.21
31.7048
4336.73
46865.1
20408.3
170.52
924313
100.627
548.276
366.724
3853.71
33167.6
1.30399e+06
10191.8
5648.61
1.26286e+06
148.406
2947.03
3272.56
3469.76
67.066
4612.85
9764.47
1.35268e+06
927347
1.37559e+06
71642.3
1.31326e+06
1.19975e+06
1.30507e+06
35341
1.36556e+06
27098.4
31179
1.31223e+06
10267.6
106.746
6794.14
2116.71
1374.6
534825
301.278
311.657
9749.43
36489.4
2119.89
19539.1
41117.2
15559.7
35.285
1.02806e+06
7864.86
13266.1
3212.03
35123.5
245.922
3029.66
1.35335e+06
992583
29196.5
1.29443e+06
16827.6
4351.75
1.30923e+06
22083.5
1504.37
463.098
15513.6
5665.39
240.267
6049.21
5097.58
2998.38
3072.98
1322.62
1.25719e+06
14320.6
1.29131e+06
1.35327e+06
1.367e+06
13054.5
377.474
1.20521e+06
11500.8
1.37801e+06
3183.53
604.488
455.497
1.15007e+06
1.17478e+06
10887
1.27503e+06
988618
309.215
26256.5
20073.7
22680.3
9506.92
631587
10100.6
932219
11094.7
6153.67
5959.95
10151
1.33814e+06
1753.8
347.545
1755.32
1.36948e+06
6616.14
690.385
3470.89
34.7707
99725.3
3667.11
2730.08
4008.27
395.974
970399
1.31922e+06
1.34809e+06
3980.85
31281.3
1.30741e+06
1055.77
22.3679
4096
35259.1
4740.34
1.35241e+06
26063.1
14.36
17482.4
18195.7
815764
3658.35
1.31276e+06
196.367
10350.6
1.37568e+06
994.864
16262.2
1.3569e+06
1.33872e+06
5169.4
45663.6
1.37257e+06
1.10069e+06
8329.45
124.279
12420.5
10217.8
14631.3
79391.2
258.408
72675.4
15019.1
17789.9
10658.3
1.29454e+06
1.36731e+06
7989.23
22.8187
14084.7
1.25711e+06
456759
4266.55
5417.6
70208.8
185.539
11847.5
233.557
9529.97
516.622
10626.4
1.35921e+06
1.25046e+06
3338.12
10488.1
3033.02
12249.3
3254.86
15032.3
1.14756e+06
2264.18
4594.14
582047
3855.48
5966.84
976984
1.1877e+06
1131.87
958447
1.35172e+06
5580.99
1.10272e+06
421.83
19.7731
1.3673e+06
2084.72
83.0711
3744.96
13049.7
4172.52
923900
6103.08
3114.68
4500.9
622.051
626.838
515.868
10031.8
384.238
1.07331e+06
1.29628e+06
27105.9
4136.49
12080.1
3774.57
10185.2
16588.9
4505.11
16250.1
1.1103e+06
3420.86
12818.6
1.33261e+06
31749.1
12778.9
36.3771
1.37531e+06
3609.8
782277
52.0599
38749.5
2888.04
7016.38
1.06481e+06
59853
20309.3
18440.4
98.1362
4877.94
29.6353
1.35255e+06
17332.6
6140.99
1.09813e+06
18040.9
29786.4
7265.5
1.36966e+06
3365.88
18940.3
4459.12
4050.17
996307
1.12557e+06
2743.98
9327.97
221.686
1.36988e+06
7608.29
3598.89
350.998
743.837
21426.7
1026.84
47114.6
776.061
9895.06
12255.4
3041.95
32.0149
28219.3
1.26534e+06
6095.14
1.15553e+06
3355.19
1.37384e+06
5441.42
12.8838
12328.4
443.674
1.21242e+06
3684.12
9649.73
15808.5
1.21441e+06
9961.23
331.8
387.038
10068.8
42.6314
1.36756e+06
1.25899e+06
5452.69
1116.5
1.37074e+06
1.1576e+06
638964
3488.05
3726.29
3361.2
1.37252e+06
93.6302
21559.5
1.30017e+06
16802.1
378919
299.759
1.26619e+06
11720.1
57.0101
4888.12
2951.76
2791.08
1.37156e+06
3453.6
16474.9
406.827
25.1798
1.23736e+06
793051
3669.95
388.034
119131
2776.29
1.20718e+06
1.3434e+06
1.26754e+06
1.34576e+06
932265
13180.6
3176.7
1.26121e+06
1.34485e+06
1795.51
35257.1
1.36854e+06
50758.1
1.36127e+06
822293
1.35851e+06
8229.96
1.34328e+06
3142.88
507.297
2363.83
31262.3
6197.34
7283.76
18212.1
9899.5
1.36693e+06
19308.7
1.19097e+06
667288
1.37334e+06
4580.98
976.084
19692.3
1.36577e+06
1.37437e+06
1.22339e+06
366.307
494.826
436.377
37.4743
30706.7
5629.13
4963.79
6146.62
26345.2
132.884
3912.58
11.5601
24632.4
6796.83
4432.78
22408.9
1.37328e+06
1.26835e+06
3047.43
1.3592e+06
9985.42
11730.8
1983.32
4231.79
323.004
10760.5
76.8417
3046.73
60813.5
3479.4
771853
4756.22
1.33419e+06
3742.88
15209.6
2903.92
16433.7
3061.1
19862.1
15018.3
1.37276e+06
15114.5
4954.98
97.1246
581.315
1.21095e+06
1.30143e+06
435.288
1.34041e+06
5470.21
1.37589e+06
11370.5
923723
4026.96
150536
5086.8
28920.3
210.121
1.35857e+06
4466.53
4606.5
1.32704e+06
5022.45
7686.02
3443
3816.79
9999.3
179.33
4363.37
27879.4
798.788
559.92
9749.97
32548.9
42618.7
1.05097e+06
1.27442e+06
268.771
10622.7
1.31181e+06
12448.9
4309.51
15669
53276.5
8107.43
11244
1399.08
321.731
1000
27.0378
4983.15
41422.3
12999.2
125942
1183.41
10242.7
769.876
700.879
1718.18
771496
1.26519e+06
160798
595.451
12330.8
21811.3
676426
91.7844
101.381
4664.95
3463.56
46209.8
1.27169e+06
696.686
863023
1.35394e+06
10797.6
1200.91
467277
17544.3
16050.3
671553
1808.71
393.879
3172.57
39576.3
1176.6
43924.1
4920.13
225.71
12126.8
19.7988
4918.63
26041.2
4637.4
6265.31
55166.2
231448
42270.2
256.457
2967.45
95.7935
5855.61
808858
18200.5
1.18492e+06
112268
15200
3157.59
10285.7
189.162
863.606
12016.5
3599.68
682.677
1.35642e+06
4083.92
1.35606e+06
519.45
10068.7
6213.11
9868.72
20182.7
3593
2938.61
2892.83
1.36785e+06
1.37317e+06
584.261
196.756
283.881
28708
55.8506
70.8595
1.35408e+06
18047.2
1573.51
4075.91
26930.2
20871.8
2861.62
1563.74
11671.9
988778
9957.89
5799.93
1.08241e+06
2793.53
148.884
1031.01
1.35915e+06
539.185
10834.1
4158.49
1.25315e+06
338.068
1.31661e+06
724.167
5273.1
937867
3056.49
1.07024e+06
3041.56
13062
1207.46
306049
43567.7
304.535
1.26815e+06
43055.2
23.9739
2889.29
561.633
11243.3
12728.2
3079.44
5857.97
1.3513e+06
1.32503e+06
3986.61
1.34913e+06
1.09861e+06
972722
132.376
24637.9
9241.58
13679.5
59821.4
387.549
1.35586e+06
1.05612e+06
1326.22
13954.8
2322.48
10167.9
4931.21
1116.03
166.732
119690
19444
483.643
165.75
16333.4
908021
1481.19
960.167
18.0089
1337.35
32855.3
4004.55
58062.3
4409.49
1.34764e+06
34458.6
122371
8485.9
2036.88
10881.5
770.683
2730.1
25283.9
1.3555e+06
3878.9
29282.7
10257.3
24662.1
28015.8
1.27704e+06
59063
9719.7
1.36531e+06
1.37482e+06
9817.39
16729
1614.25
7357.9
4812.9
3801.32
19967.8
10513.9
3965.14
9771.98
1.36558e+06
218.678
5300.21
18905.9
69.5293
1.3546e+06
9346.89
1.33478e+06
22.8028
40458
1.29469e+06
8657.89
133562
3166.12
3099.59
5022.13
86457.1
9962.85
13470.6
235296
179.86
11833.8
26.1659
9245.52
5216.37
876146
1.27842e+06
10410.6
6257.6
37968.7
235207
561597
25699.1
9243.34
384.446
834.994
3907.77
38822.4
1.23566e+06
22726.8
936222
4853.29
93358.8
23947.7
336.798
36659.8
5833.47
9937.31
21672.6
20299
867628
297.639
648.434
5111.78
7939.15
74802.5
1.06536e+06
1.06188e+06
30159.9
122.04
12913.6
547519
36498.5
24086.2
4425.96
2766.42
492.285
17592.1
682182
13141.4
1.35403e+06
1.23517e+06
3432.21
15098.2
22635.8
4326.69
1.37289e+06
60841.7
2195.96
658.548
5335.32
5004.74
1.02128e+06
7245.39
6863.32
3689.28
73432.9
193.399
284.894
1132.12
1.37172e+06
11265.1
4666.44
3377.32
22671.1
4774.66
6954.59
3460.02
4761.65
4521.64
3694.19
2757.39
333.928
3516.66
13549.7
19339.5
1.36235e+06
1.36626e+06
848.283
29917.5
27171.5
526.643
2930.88
13494.7
1.33452e+06
806.881
27686.4
5792.62
443413
96085.3
360.499
238.839
4442.21
150359
1.37482e+06
12168.4
439.424
3284
12336
6321.76
44161.9
1.3452e+06
1.37217e+06
994.001
1006.33
22109.5
5665.63
8719.91
960809
113278
3850.26
15078.2
665.398
22042.4
5222.09
11481.7
1.37114e+06
494.695
28285.5
1.27122e+06
3437.9
4797.89
742.67
1.33071e+06
28476.4
18.3418
8.70556
79.9423
10.3076
757.412
18919.5
1.37524e+06
4937.83
6185.66
17757.2
4758.28
5318.34
1.35324e+06
354.303
719.27
1.37283e+06
17971.3
1.31138e+06
36636.6
418082
4416.69
1.37025e+06
545.489
505.509
47343.5
12592.3
7688.79
133.906
41457.7
1058.41
774.49
16231.4
13033.1
14410.5
1.35394e+06
1.28089e+06
593.878
77.1613
1.33382e+06
3708.22
1940.77
1.36754e+06
3172.22
8675.7
19168.2
10250.6
2870.32
8133.16
1.35393e+06
1.21943e+06
492968
4283.34
1.12766e+06
6594.22
15790.6
33813.7
591995
1429.79
1.12782e+06
5236.75
27819.6
1.37512e+06
65270.7
4526.88
1.06186e+06
1.37348e+06
3567.1
1.37051e+06
425.653
5250.06
980835
158211
77276.6
1.15917e+06
1.35744e+06
72506.3
3566.23
1115.49
8686.21
591.187
10280.8
1227.1
5280.95
1.37569e+06
18488.3
4453.19
22221
8222.44
972517
8462.17
1.2447e+06
340.961
675.721
1.37545e+06
15257.3
20333.3
440.211
3074.95
1.23639e+06
1.30221e+06
24581.7
4365.39
31247.7
1.19972e+06
105517
567.313
134074
41032.1
79021.4
7294.16
852200
2785.13
25.3261
1.36245e+06
10014.2
34.9544
1.34078e+06
3731.22
574.533
2696.08
12329.8
2972.88
3698.04
4789.86
3076.5
1.27669e+06
12439.8
11439.2
1062.13
125.265
929.162
15833.6
22216.5
1.32922e+06
30713.2
664.765
11219.6
1.35889e+06
5531.02
1.34533e+06
14315.7
4437.66
1.36999e+06
4033.81
407.901
1.17049e+06
2341.61
120.174
1.37456e+06
1.3695e+06
984198
3573.4
1.36828e+06
1.21295e+06
230.088
3100.64
148714
9144.1
845499
1.19918e+06
6004.37
421.59
1.12112e+06
1381.3
1.17558e+06
1.37443e+06
7527.02
41.9574
629091
9957.72
5682.71
7168.1
3168.86
814.927
668.805
1317.89
4528.32
8582.85
2883.22
4144.89
592637
49292.8
7255.49
1.1811e+06
1.19997e+06
454506
8399.1
11751.9
1.14991e+06
238561
617.763
50451.7
1.2729e+06
6678.75
99.5452
31881.6
4795.45
660165
1.36365e+06
1.3745e+06
80951.3
2985.54
832845
2817.03
11757.1
7714.82
10274.3
7216.57
1.34259e+06
367640
785.25
18935
23953.7
3813.39
903093
58183.9
223.098
16295.5
49327.9
3631.1
1005.98
4444.42
3547.15
3985.93
1.36619e+06
27915.6
12868.7
12063.5
1.10461e+06
14239.3
1.34014e+06
1.22774e+06
422837
6905.2
1708.04
540564
73519.8
6702.84
9278.89
31389.3
365.945
18440.4
1340.22
3716.15
1.20699e+06
1.37395e+06
1.37052e+06
3159.53
2481.61
684903
31484.4
28870.7
1.24243e+06
234.181
1.35383e+06
4519.06
163275
1618.99
4568.72
1.32333e+06
490125
11749
1.37304e+06
37935.1
1.36567e+06
4560.67
16629.9
30066.4
981413
5376.77
370.419
262.443
3719.48
4447.17
831884
10581.3
850923
1.37569e+06
1.34325e+06
8237.64
11492.7
752.089
1.25287e+06
30106.6
211.919
264679
1.1842e+06
976988
809502
989644
1.36689e+06
1.25879e+06
30113.5
590.051
1.36277e+06
27293.3
1630.77
31870.7
9837.18
36021.8
6158.41
9613.95
37328.1
94232.4
1.17739e+06
1.12296e+06
64965.7
734.424
1.36492e+06
1.36532e+06
27901.3
5278.73
3934.02
1.21739e+06
1275.41
335864
3381.65
41829.4
9480.46
526227
588.403
8864.93
435201
819102
3849.84
24.7735
192836
3044.76
113568
7401.52
666.89
9491.43
503.971
37.7837
2321.5
791.57
1.11206e+06
15745
653.154
15822.9
924386
5026.95
6641.22
7909.04
202427
2511.2
81719
226518
8431.47
909806
6902.79
290542
3664.87
1.23109e+06
981926
12188.8
895.986
149.245
983.182
1.34241e+06
4154.99
298.492
27995.8
71.8621
1.12359e+06
5027.87
1.3597e+06
9761.12
1.36745e+06
179.992
4926.31
1526.11
8125.85
74143.1
441483
184.165
9735.36
5410.27
14496.5
1243.32
1.36857e+06
3834.86
843934
143.471
317366
423.058
13601.3
6532.08
405050
1.37614e+06
1013.86
1.37281e+06
2796.87
9944.77
5310.95
1096.79
1104.61
16209.7
32126.6
1215.07
1.27195e+06
24449.9
155347
1.23564e+06
6659.68
1.00149e+06
4598.55
322.934
5766.73
12284.3
401199
993092
12964.1
1.36359e+06
8700.58
5319.79
15778.1
3094.08
52294.3
89213.4
1.35539e+06
85125.3
2822.33
1138.37
425.751
553336
11960.8
3555.16
4.51691
1085.49
1.07005e+06
184.803
1.36586e+06
3472.32
257899
51381.5
7263.23
422416
46525.6
1524.13
1.19942e+06
46848.4
6010.01
1.36288e+06
3165.13
25807.6
4115.99
97729.9
8892.92
5721.58
1.367e+06
1049.22
16744.6
1.05642e+06
285138
3902.89
1159.36
583428
1.35384e+06
610974
22453.5
30127.5
2843.2
529590
56252.5
19848.7
41163.6
1.25105e+06
1.20176e+06
3093.47
16188.3
3705.42
1070.04
2215.19
1442.99
380.056
21189.2
1070.33
1.2105e+06
9391.21
8872.58
1.2553e+06
4054.06
2727.18
961.24
479.169
23781.6
369086
1.24727e+06
29972.3
7329.05
62.1924
714901
4183.96
6234.04
338.886
632356
6242.5
904857
7384.27
1.3729e+06
1.21715e+06
2269.37
234.022
76756.4
17933
2698.12
8509.48
8289.67
5967.5
38783.6
353853
2891.55
3560.73
1.23273e+06
2113.64
352.447
852554
15203.6
1.37576e+06
38560.4
4149.47
43324.5
24552.3
53858.2
790.078
4170.75
285.368
26172.9
2950.69
4858.44
89.2887
215.864
12386.8
16537.6
4126.43
3253.19
1.31221e+06
269.894
1341.95
14206.5
1.30035e+06
646848
1.21924e+06
9465.11
1.22101e+06
27945
32395.6
29409
26939.9
111209
1.21268e+06
2383.32
450992
549818
399846
3304.45
1.36502e+06
955961
7440.82
3938.47
635481
165.593
5353.88
143049
1.37088e+06
3314.3
9478.86
528539
568.833
5506.64
2828.9
1.22728e+06
1.36954e+06
4454.03
405844
1778.97
895.033
52115.4
1.23297e+06
21423.9
1188.2
1.37315e+06
1.36722e+06
20051.5
1196.38
33971.2
10766.9
3517.4
16026.2
4304.31
19517.5
5575.93
8002.88
182.438
130.929
132.371
61.8685
102.252
31.1263
6.50359
9.40146
17.7449
28.6241
69.2683
8.11237
4.62843
18.6093
103.084
1.06395e+06
11976.9
1.23187e+06
4425.62
96592.2
16647.4
66126.3
5185.29
1.27515e+06
183.747
1.33019e+06
8431.02
30568.8
882.528
635230
5224.6
2853.26
27546.4
7040.53
3667.62
4702.2
1.35578e+06
166100
6193.99
12.705
18323.4
45582.2
1.17136e+06
19545.7
1.13603e+06
64267.3
46382.4
1452.04
7782.14
62964
12521.5
1036.85
322.999
6424.07
5672.66
15073.9
12011.9
62246.4
40756.7
950882
363189
20052.8
696.754
1593.68
32261
14374.3
3683.18
3675.83
12213
3427.37
25676.6
880805
71342.5
1.37457e+06
352.816
743.476
14064.1
50435
170.895
29688.9
155.64
1.36016e+06
1169.58
304032
1.24682e+06
18045.7
3784.56
2766.86
3942.2
5861.09
292.167
505.074
265.935
3945.09
1.35523e+06
1.27458e+06
1.28081e+06
719.525
1.37501e+06
1.33594e+06
6688.29
23050.8
12495.6
8980.25
48402.1
3647.11
6318.37
1548.21
17267.5
14632.4
40904.1
16301.4
660181
13750.7
1.2843e+06
14319.8
1.21946e+06
384.333
13586.9
889423
3092.44
611.332
1.33664e+06
105518
15638.2
9182.54
1.29823e+06
5799.12
1.06694e+06
425554
3807.6
1.27254e+06
1.37486e+06
977782
12508.3
1.27726e+06
333133
1.36784e+06
16414.9
6152.99
1869.19
3987.33
3165.44
21274.5
192.444
4193.62
29898.8
2737.47
17832.6
1.37228e+06
1.21931e+06
3699.93
4938.39
373.496
9153.32
2853.71
17086.9
8085.52
11651.7
261109
3069.09
3815.47
225.633
7580.54
1.30711e+06
405130
3118.53
910.833
179714
6638.14
46264.7
35689.6
3684.38
652662
7805.4
31125.3
3737.35
7164.09
23723.9
536.867
4001.21
911.16
21134.1
257828
279.117
3308.53
320599
4.72252
31808.6
2939.74
5914.3
1.37303e+06
25621.8
1.2866e+06
303.85
2794.77
4226.44
13886
1.25068e+06
1.24008e+06
850.366
29363.5
29779.1
735234
829337
14195.8
1.36932e+06
33414.8
7143.02
498737
9933.57
1.36777e+06
3786.08
36228.5
11101.5
61327.3
29867.4
9562.45
1.35243e+06
84.442
748153
1.37514e+06
9468.82
12516.8
12943
1.37088e+06
325808
39931.3
955.625
476776
1.13246e+06
325.935
19.9976
215.18
7260.81
30847.7
6218.07
1.27366e+06
8975.29
476080
6896.15
800.112
318838
1.37406e+06
1.21655e+06
91370.5
3310.93
2344.11
363361
288.012
2971.03
4977.8
292655
25586.7
42135.4
40209.8
163691
100508
3793.36
1.09137e+06
244518
31451.3
1594.62
26852.3
60786.1
12152.3
4756.98
297.2
1.35387e+06
52641.6
1.30103e+06
11340.5
1.22497e+06
279305
1.33177e+06
1242.05
93.1332
15156.8
1.36611e+06
862.427
8870.78
883092
22779.8
13349.9
631.787
2242.99
12675.2
9549.96
9977.56
1.22553e+06
36412.3
2914.89
1.21301e+06
1300.53
29812.7
1.09931e+06
17964.1
1.28234e+06
11360.9
21.7048
854713
4349.57
323447
38299
32978.8
415.425
1.17905e+06
9013.17
248.784
19478.2
1757.1
7991.43
1.33976e+06
4072.17
21243.4
18637.8
12853.8
16647.4
718.179
684.384
9461.95
21348.8
1.17063e+06
14972.2
22752.7
4613.99
2193.93
541.643
263256
14906
14471.6
42548.2
26852.4
17916.5
3224.66
1.3714e+06
16560.2
489912
12853.7
646495
1.03618e+06
23517.1
1.14124e+06
32675.1
12166.9
1.34994e+06
210.688
745.794
3537.12
740.377
554.958
325.379
1.27127e+06
41172.7
444.285
16922.5
15897.4
1.32516e+06
10725.6
10618.7
1.2993e+06
267832
11984.9
7691.21
308.33
55.9776
446.4
17326.2
204591
12246.2
5141.1
982387
1.35404e+06
1.07604e+06
8033.35
572.678
264783
17347.4
3287.41
27456.6
877190
19120.9
1.09524e+06
1.29783e+06
1.1752e+06
4051.8
1.2466e+06
1.37326e+06
36137.8
1.35521e+06
961381
1.36625e+06
720.289
3657.58
1.36679e+06
1.35778e+06
3142.02
7389.88
11581.6
3985.42
1.25049e+06
3867.52
867394
1.33321e+06
175163
188842
1.36268e+06
6077.5
10.7218
4756.12
1.35512e+06
1.31543e+06
2999.55
1.27247e+06
2182.8
4553.42
4155.74
60818.5
1.31157e+06
4606.18
1.33118e+06
25892.6
1.27938e+06
591.348
1.25822e+06
753.452
1.33213e+06
1.36725e+06
1.22301e+06
6638.3
1.33405e+06
122.229
2882.01
1.19819e+06
1.15609e+06
3726.77
1.37491e+06
4265.65
12402.4
52702.3
1.14201e+06
997807
1366.23
4584.12
3640.57
1049.19
10036.2
21728
2332.78
879936
9202.19
713808
24555.8
365.085
465.283
1.09929e+06
11196.2
3088.34
1.31146e+06
1116.76
10889
234.725
9412.43
5489.34
1.05285e+06
28300
1.36217e+06
2796.07
896937
501625
218.65
804826
22228.2
1.2623e+06
4564.7
1090.03
13503.7
1.13785e+06
760751
43012.6
28893.9
1.1842e+06
4313.07
30303.8
1.27754e+06
10351.9
32056.9
12027.9
7665.45
4588.6
735.301
36081.1
185502
26329.5
13547.7
12240.7
31628.8
373334
463.309
11846.3
7754.04
17462.8
10748
7233.96
1.34443e+06
4504.94
4594.98
1.34446e+06
13349.6
13273
3100.71
1.27556e+06
30628.3
3251.9
1.3749e+06
3630.09
1295.26
14645
12164.5
1398.37
1.1594e+06
8945.09
3166.6
1.2545e+06
5422.26
22118.3
359.222
16188.1
5473.91
1398.53
1197.7
2198.79
15981.8
946080
6325.53
18090.4
27989.1
3349.3
3965.56
5358.25
15652.6
1.17016e+06
1.23637e+06
1144.98
3739.23
2977.95
841924
50.1151
14127.6
12547.6
3833.42
57445.2
1068.86
983.488
942949
5535.39
4602.52
12919.8
19687.6
8005.57
1828.15
58.4096
392.598
24869.8
305042
33906.6
956990
3080.2
13129.6
3994.97
50251
1.08912e+06
692702
17881.9
1058.56
18463.4
443.297
599.03
1.36352e+06
11268.8
13045.3
9613.86
37026.6
30925.1
34460.3
1.37117e+06
47234.1
1394.31
468.154
3616.24
1.09665e+06
1.36367e+06
16807.7
5658.67
1028.64
687.533
16524.7
2279.38
861785
4361.05
1.3649e+06
90.7885
13418.7
12226.8
25102.2
3188.31
1.22201e+06
12290
116457
5707.99
1.15866e+06
3178.41
28411.2
11750.7
13055.6
16909.8
4178.14
125958
236141
18264.7
4989.24
31676.7
1196.91
6880.64
1.11088e+06
1006.7
12753.3
733.259
20910
68383.9
11420
451501
9844.39
1.22427e+06
962481
103788
1.37018e+06
6748.45
1409.3
4190.03
11494
1340.41
76784.2
368.363
4456.68
42444.6
1735.4
524.922
1.37317e+06
1.1594e+06
4040.34
1.14586e+06
2835.08
3296.44
1071.9
4479.08
12049.5
8025.77
34045
7286.52
18567.7
407301
512033
1057.19
8826.86
8.7801
661711
3464.3
11484.3
1.08346e+06
3064.23
1.36324e+06
1.22177e+06
5107.12
79865.4
1.3097e+06
1.3641e+06
88276.3
80850
13581
30050.2
1.089e+06
733.174
755.93
13466.3
3157.25
1016.26
685.982
4046.88
1212.29
3906.25
3858.08
18030
45209.8
13620.3
4526.66
1.27498e+06
3998.67
19616.4
3129
1015.49
521.706
5367.86
579.449
30224.8
10272.4
26549.9
851.084
12021.9
1.3133e+06
708.542
5331.19
38829.3
124420
2785.12
1.07276e+06
6651.52
1.18748e+06
11782.1
3148.79
39889.1
21563.9
1.35449e+06
1.17267e+06
1.36529e+06
1.2513e+06
596.624
967601
1.21063e+06
4919.52
1.10412e+06
23050.9
589.415
4560.58
1.16315e+06
5265.45
4217.35
6130.83
4359.21
23764.1
1.20802e+06
11995.4
73663.3
15266.5
16475.9
4599.03
1.36537e+06
1.36209e+06
950841
12990
32.6567
11695.2
15698.6
20156.3
1.15082e+06
82591.5
36728.4
1.14183e+06
54020.3
13335.8
393312
1.30623e+06
4310.7
1730.58
1.21802e+06
637.564
4495.34
1.31512e+06
1.16751e+06
1434.81
1433.23
1.36636e+06
1.35445e+06
621.042
1.14427e+06
27217.6
29016.5
1250.08
1.332e+06
9968.66
21728.3
997.202
103.282
1.08055e+06
13178.1
2691.33
1.14588e+06
5233.24
1.0845e+06
3283.69
523.692
13703.8
619.674
8621.88
6340.6
648934
4956.71
3901.69
14363.6
3465.81
1.26973e+06
21480.2
1.31357e+06
29493.9
9981.93
526.011
3229.59
87967.4
1.07843e+06
117047
1.36654e+06
4023.99
1540.87
8921.18
11715.4
13878.3
1.33278e+06
40383.9
1.17633e+06
9484.79
388279
13600.5
31722.1
4435.97
1.24972e+06
75635
29568
17085.7
38091.8
20774.9
108131
10752.4
902.705
2869.93
22985
4846.71
13784.1
1.37463e+06
1.21726e+06
47381.4
3266.97
6707.32
10754.6
460.11
13845.9
20566
18004.6
87644.8
1.19599e+06
88604.3
20711.2
13646.5
551.741
861902
8952.26
4151.73
4285.27
339607
845081
16549.9
19493.2
1.24808e+06
980.885
1263.05
9058.73
6121.32
2817.63
661.392
16817.9
2047.97
1.00283e+06
445.529
1.33399e+06
51326.2
1.19399e+06
4709.58
1.27669e+06
11667.8
1.24487e+06
4590.37
26883
26289.9
18601.5
47298.3
16778.7
1130.53
3613.17
4533.19
68091.5
7528.5
4391.13
93843.9
29786.5
1.31322e+06
605869
1.25251e+06
13826.4
64326.6
24927.5
15237.2
21770.6
23061.5
5892.83
1.17645e+06
12002.4
2745.6
17225
1.37654e+06
4192.11
6701.56
101259
4097.83
3420.08
50821.5
3728.28
7635.97
4292.03
8291.8
1.31455e+06
108195
10657.9
1.30467e+06
24021.3
11615.4
6175.51
20585.5
1.30468e+06
13558.8
16415.1
92699.4
6025.85
732.13
12501.6
9106.87
330797
14468.6
697.03
1.3654e+06
16469.3
23112.3
626352
3360.22
5299.81
5485.43
858792
12038.5
21144.9
38873.9
21957
8905.62
27925.1
910734
6621.84
1.06211e+06
23463.6
13919.4
6046.76
3566.84
754881
47915
15583.6
41600.3
4787.63
7786.61
1.37094e+06
4720.62
4450.61
1.37172e+06
11968.9
24649.1
16340.2
4340.59
9817.63
4544.28
23346.7
3130.52
13723.1
4378.81
13389.6
16693.6
2961.03
1372.66
447381
1.33673e+06
1778.52
1.36378e+06
3176.39
1.36254e+06
40492.5
3323.59
1.14223e+06
38915.6
1.35198e+06
9337.61
4687.53
985.432
4502.05
1950.23
2778.57
2291.49
17191.9
3497.86
25672.8
346.056
5023.63
20404.7
16632.1
12946
300347
11147.3
841163
1153.2
7572.28
23507.8
1.29575e+06
3176.46
5196.33
819.513
12769.4
973.18
6937.03
12043.9
1.10399e+06
1.10675e+06
1.26567e+06
12144.7
29190.5
4856.31
5513.22
20505.4
20150.6
21381.6
1.37298e+06
1.23815e+06
5113.02
4568.57
1071.84
3527.77
4911.98
3104.02
96647.6
11507.6
3470.45
6339.45
63721.4
1.32393e+06
3619.27
3635.96
20696.4
1.33533e+06
15818.1
11397.2
262.49
9332.64
637.003
3371.59
34637.6
18062.8
965.536
493750
46799.2
4195.12
1.07817e+06
14715.5
1.20648e+06
12476
4701.11
1.3711e+06
6119.95
9943.36
11119.3
1.36207e+06
22269.8
131293
9165.31
82.8509
11455
12997.7
1.21682e+06
1.15175e+06
40637.8
415.541
2902.3
497082
5148.65
17391.1
995553
16511.8
2674.22
6938.32
20782.1
2597.91
4356.48
11042.9
1006.43
14159.8
125894
36744.9
1.0373e+06
14694.8
977830
7.70952
6.44455
79.0877
15.0917
135426
2691.72
1.35412e+06
11034.6
1.34401e+06
511533
1.3348e+06
695175
99547.8
85947.3
620.808
4704.86
62740.7
62.8466
147590
822058
3182.66
3277.62
5984.74
1.25938e+06
776015
1.36442e+06
20871.3
9677.61
1.34412e+06
1.1604e+06
21925.9
12172.6
1.32368e+06
1.21221e+06
4593.01
22085.1
20700.7
1903.35
3474.8
929.419
237.689
1.22704e+06
20555.6
1.17598e+06
13648.8
12125.9
1.24587e+06
164987
331.581
3585.89
1.18573e+06
959.119
3410.53
1096.1
1.37572e+06
51541
14723.3
19142.5
1.00498e+06
90640.8
9752.49
4260.94
24187.1
851711
1.3711e+06
25599
3491.41
34716.6
161.092
16063
9918.89
1971.91
13314
12194
8848.75
3700.55
11354.2
17306.5
1.33226e+06
1.25011e+06
1.36658e+06
4331.64
745.174
892.252
3703.26
1287.45
2990.43
1.20029e+06
4015.16
45750.8
549.4
1.27335e+06
8016.68
5309.28
1.36811e+06
301379
511.884
22095.4
4825.22
600.663
77683.3
4349.83
1.07839e+06
532.671
359.492
1.31554e+06
1.37326e+06
4335.3
7954.46
21704.6
111482
6390.7
27952.6
818700
1.25822e+06
12187.4
794.631
2911.2
3051.65
1.33437e+06
1.07526e+06
4902.37
8826.94
26315.7
3490.4
5138.31
10934.7
5775.78
20379.3
60233.3
5099.95
1.05226e+06
11555.8
2932.26
16381.6
723.72
9132.34
1.01848e+06
77.9176
26202.9
1.34141e+06
442.2
4820.72
353123
4572.37
1.37426e+06
539.209
32084
3846.92
5522.8
27822.1
1.34768e+06
19546.6
9357.43
2069.85
243.556
52690.9
1.20615e+06
4227.25
4539.06
9901.09
422.053
29618.9
1.3576e+06
1.36268e+06
720.121
25.9924
18741
6404.44
9079.06
999628
1.06592e+06
1.04095e+06
12732.5
17520.2
17431
1.37497e+06
1.19856e+06
1.02035e+06
932.116
91916
46620.8
5276.05
35659.2
66463.9
112.32
1.23324e+06
3275.53
3155.21
608298
973692
12415.6
54059.1
6598.33
15753.3
5286.86
22289
11471
1.06506e+06
4231.73
3080.14
17749.1
1.37126e+06
84444.6
4495.44
1.26101e+06
124252
1.00576e+06
1023.32
1.15859e+06
20618.8
1.3079e+06
1.16193e+06
43440
1.22922e+06
11130.5
4507.13
2576.99
1.3716e+06
4799.06
3144.77
1.37267e+06
9076.53
35129.3
3941.66
676.744
1.3547e+06
39244.7
26780
12327.4
11904.8
35732.6
1.1482e+06
12994.3
927.443
42541.2
4718.42
9014.56
19238.6
10633.8
1.35152e+06
11185.2
11581.2
2537.44
35159.4
317.165
1415.24
13953.4
951591
19777.4
144.158
991296
20482.5
85598.8
50100.8
16886.2
4056.79
1.02269e+06
18328.9
8050.75
1.05831e+06
16233.3
592.976
9073.85
4379.06
7947.46
318.412
39334.1
1.36619e+06
1.36679e+06
1.36375e+06
1.3644e+06
1.05966e+06
1.07754e+06
1.36513e+06
1.32927e+06
11031.1
1.36358e+06
3128.97
977.919
1.13042e+06
7166.1
6526.05
5877.04
1.16094e+06
2948.47
7934.22
832373
3166.23
22291
9077.6
892869
3663.31
1206.42
1.13387e+06
1.3674e+06
1.34256e+06
1.36588e+06
4994.22
29483.5
953.08
1.26274e+06
1.3327e+06
71875.6
1.35369e+06
1.33179e+06
16712.9
1.37115e+06
1.36495e+06
1.29498e+06
1.10196e+06
1154.07
46786.8
10444.1
13855.3
4831.24
29505.5
1.36438e+06
1.15106e+06
1.23627e+06
1.31092e+06
1.36522e+06
3106.97
30020.8
1.32808e+06
3020.49
1.25508e+06
3146.62
1.02624e+06
37294.8
29592.8
1.09053e+06
812756
15439
5520.33
10889
11412.1
1107.92
29428.1
10310.5
4837.49
4616.41
9102.01
397.21
55837.1
699.6
1.36788e+06
2905.01
13745.3
3954.72
1.20601e+06
1.09382e+06
1.19188e+06
10194.2
5051.2
1.21914e+06
1739.14
15471
13293.1
6330.62
1.01381e+06
19780
100577
1.27532e+06
1118.27
1585.1
1163.05
1.2412e+06
4018.63
3938.04
3275.58
1.00414e+06
114589
1.27537e+06
26620.9
1.24638e+06
1.26459e+06
1.14308e+06
3782.25
1.20719e+06
52.3974
19.1674
18530.8
997332
1.20717e+06
2806.05
2793.67
1850.81
666.666
43450.7
1414.49
16271.7
1.26934e+06
2836.05
1.25466e+06
1.37507e+06
4492.35
4853.18
11761.8
1.15067e+06
12853.5
34062.7
18249
1.19923e+06
1.22512e+06
1.30988e+06
1.08594e+06
9864.66
1.2117e+06
12231.1
1.21251e+06
13494.4
7835.49
4561.41
3069.74
16171.8
1.33687e+06
30851.5
1.25691e+06
61010.1
258387
20933.8
4346.1
33856.6
15542.6
1.15468e+06
5071.46
19369
3009.97
20561.8
24140.8
1.31046e+06
14138.6
52223.4
9723.32
10380.7
19406.6
1.16475e+06
3071.26
16317.6
1.37455e+06
12138.7
3482.3
3934.5
1080.88
1.37472e+06
1.13752e+06
3323.68
1236.88
4451.26
7683.21
10085.5
4674.12
2295.25
14768.8
1.01325e+06
66892
9164.41
35186.3
8411.67
9966.15
29296.8
17874.3
1.11568e+06
14733.6
18864.6
8699.39
9211.91
3427.78
8967.01
1524.82
4733.86
15787.9
847.745
48307.2
856.72
18620.7
20116.7
3855.47
2872.09
1.05214e+06
19057.3
2533.27
1.37416e+06
1.37512e+06
1.22887e+06
5273.67
1.37513e+06
1.01678e+06
10157.5
2776.8
26395
1607.65
261641
17626.3
613.616
14164.7
906.64
4210.87
5104.02
1.22604e+06
1.3578e+06
30009.1
425.486
1252.86
14791.2
28249.3
53847.5
16820.6
1.14169e+06
8761.67
893291
15795.3
1.11251e+06
3087.05
4583.93
34958.7
631785
5010.51
4032.73
482.837
10314.6
4346.71
11666.4
247593
14101.2
3097.89
1.20733e+06
1.0059e+06
12628.7
5068.49
1.10226e+06
1.25973e+06
10076.9
1.3756e+06
91061.3
28360.2
668342
42655.6
1.12553e+06
1.3582e+06
1.22039e+06
8995.72
788877
14617.4
2834.25
1.17369e+06
1.33293e+06
1.22641e+06
43692.8
1.12679e+06
19827.5
7238.5
15575
3021.35
28748.2
315722
11761.6
3586.08
1.37154e+06
1.20384e+06
18539.6
2822.4
3368.85
1025.57
1.30012e+06
916660
27225.7
380.05
5248.17
5348.61
3107.62
10094.7
1.34071e+06
1.14505e+06
15179
31336.2
140933
359.116
1.30979e+06
4399.12
9008.95
1.15785e+06
4637.24
1.20053e+06
1.3715e+06
14078
5182.14
1.21396e+06
1.15123e+06
27497.7
4788.42
4662.18
1666.59
10150.3
1090.82
719941
1.18638e+06
612.868
22582.7
9844.27
2895.08
2867.85
5570.2
1.24898e+06
26279.9
419324
1.37454e+06
1.37303e+06
4816.58
5962.75
106839
1.37289e+06
566.471
478.561
1257.55
30688.6
732.998
130506
1.29506e+06
619776
1.37327e+06
1.34397e+06
11362.3
1.20515e+06
1.36648e+06
1.36796e+06
1.19364e+06
1.35547e+06
4988.53
1.28071e+06
1.04235e+06
1.35554e+06
1847.96
12406.3
5580.88
2171.7
1.34962e+06
13026.6
1.27735e+06
1.36664e+06
795413
1.37378e+06
784683
1.33364e+06
1.3627e+06
1.37099e+06
1.27336e+06
1.35447e+06
1.33488e+06
1.25991e+06
1.35505e+06
997363
1.31594e+06
544.428
1.29861e+06
1.23596e+06
11079.8
26537.8
12354.1
25445.5
12478.5
4842.4
285322
5122.62
762.367
1.07938e+06
1.33381e+06
1.27596e+06
1.11913e+06
1.21032e+06
1220.83
8362.32
19629.7
1.15989e+06
26298.7
4516.83
920098
8893.37
1.375e+06
1.37394e+06
248.963
640.545
13250.1
1.2513e+06
1.34414e+06
15226.1
611.751
38633.6
3398.07
27718.6
1.27431e+06
16176.1
34538.9
821733
1.36649e+06
25750.5
28276.9
13589.8
1754.14
11175.6
1.2186e+06
1.36384e+06
25110.4
8466.89
15572.3
139824
1.36707e+06
9092.22
1.14548e+06
1.37367e+06
1.36605e+06
19184.3
12668
142.87
6011.47
1.36468e+06
86613.4
1.37458e+06
1735.13
5278.07
1.37124e+06
1.101e+06
12349.1
1.37214e+06
1.35232e+06
618.214
1.3633e+06
1.36416e+06
8890.06
1.36484e+06
1.37538e+06
33754.8
13763.7
1.27991e+06
1.36215e+06
1.22277e+06
1.32861e+06
1.36323e+06
1.29883e+06
1.36276e+06
1.36557e+06
657185
23076.8
4201.87
1.33073e+06
13818.2
1.33066e+06
26035.8
2257.82
1.26003e+06
49838.9
1.23948e+06
13450.2
1.34586e+06
34106.2
1.15438e+06
1.37187e+06
8687.72
1.36297e+06
8117.72
14724
1.36507e+06
3231.06
1.3319e+06
25700.9
1270.43
1.35328e+06
4361.87
24979.8
1.14512e+06
28113
27035.2
1.09e+06
3006.04
20388.6
1.07495e+06
1.17845e+06
4611.17
23349.3
4326.61
14989.3
866.52
1.17989e+06
44347.7
14852.2
1.36511e+06
1.06948e+06
1.36559e+06
975335
1.26938e+06
43968.2
14028.2
1.24462e+06
14934.2
37597.1
1.36226e+06
43330.3
712459
21889.4
1.34025e+06
1.26176e+06
3623.59
560.596
1119.17
14006.2
1.36393e+06
1.12908e+06
1.2165e+06
1.21385e+06
1.20477e+06
641.764
43399.4
388013
9963.59
1.27919e+06
28496
1.37137e+06
1.36766e+06
10064.6
745.793
1.35501e+06
1.35439e+06
1.0897e+06
796.861
11703.3
21747.2
15461.8
1.18374e+06
19460
1.34886e+06
1.23396e+06
9641.33
4397.34
1.37279e+06
988776
28648.4
6187.12
1.34333e+06
1.163e+06
501747
412273
632.387
3117.08
1.00388e+06
1.24098e+06
1.36623e+06
701.162
1.23056e+06
1.3665e+06
1.19121e+06
1.26322e+06
13085.8
74260.7
4518.97
1.33285e+06
5817.92
1.25289e+06
26115.3
25580.2
1.31775e+06
4329.2
1.19799e+06
1.32712e+06
1.23625e+06
1.36538e+06
8879.04
1.27292e+06
3777.57
1.23251e+06
1.27195e+06
1.23058e+06
1.36847e+06
1.31485e+06
2565.27
1.22219e+06
8315.71
377937
1.08226e+06
1.35383e+06
1.29727e+06
1.35446e+06
3363.32
1.33384e+06
13786.6
21264.8
2863.1
5483.98
1.17374e+06
25998.4
1.21138e+06
2130.07
1.24947e+06
1.11333e+06
2829.75
1.22855e+06
296875
5231.88
2775.26
23178.9
399.658
5027.41
1.17728e+06
4898.3
9916.93
1.21109e+06
15897.7
25164.9
16219.2
27404.9
646087
1.13329e+06
22768.6
1608.8
1.37253e+06
1.34895e+06
1.06975e+06
14080.5
3081.25
3306.19
5141.11
21009.2
177198
716.053
1161.21
12355.8
465.424
3116.94
42839.1
38786.6
3447.05
351267
1.32032e+06
1.36285e+06
15418.8
1.36881e+06
1.36244e+06
7944.85
1.05655e+06
8654.97
1.34652e+06
323.094
2989.17
1.36473e+06
23148
1.37025e+06
1.37526e+06
1.20119e+06
11193.2
1.35191e+06
27979.4
1547.78
22266
3869.82
1.21349e+06
3668.86
10103.8
37947.3
11313.9
752.128
2779.85
1.35272e+06
1.22429e+06
233.428
709452
1.21791e+06
9953.27
1.25131e+06
31460.4
35418.8
1.03649e+06
1.23139e+06
67703.8
1.25795e+06
19692.3
1.09415e+06
15886.9
1.32955e+06
1.08243e+06
1.26743e+06
1.10046e+06
27072.4
36278.9
40658
3237.69
11323.6
88897.1
731725
1.36545e+06
1.36267e+06
3943.6
12065.4
1.2777e+06
411109
781.812
11207.6
27582.6
1.02538e+06
3016.6
1.34921e+06
7990.72
1219.25
1.23134e+06
1.3752e+06
21897.6
12331.1
1.26136e+06
33859.6
1.36841e+06
1.32034e+06
54970.3
3722.75
35260.4
1.25999e+06
1.37288e+06
1.37053e+06
27.2858
909426
3825.71
959732
4212.35
1.08277e+06
67221.4
1.32902e+06
16798.8
2727.56
1810.28
11467.2
28499.4
11884.1
1.01929e+06
9809.86
18940.4
25810
12625.5
276.444
643.046
7686.54
72682.4
3396.22
11358.2
13176.1
148.753
47976.8
10743.7
791.55
485.731
999638
35079.5
1731.86
1.12122e+06
41941.4
4056.32
728.495
46403.4
2009.79
1.23027e+06
1.1648e+06
110790
1.27447e+06
1.278e+06
69256.8
17950.9
13066.2
1.3583e+06
1.36836e+06
19901.1
22777.8
1.27564e+06
3912.27
1.23152e+06
13431.6
19730
1.27216e+06
1.37134e+06
1.09478e+06
4603.54
27240.8
1.21333e+06
14424.3
28203.5
3020.65
13603
5203.22
1.06574e+06
171.805
1.10918e+06
12414.3
1156.54
8486.26
17732.3
1.34618e+06
6833.24
677500
13946.9
12750.1
720.776
1.37417e+06
15375.7
2770.8
3638.33
228433
1.31089e+06
9999.39
34110.4
1.16835e+06
29381.7
29993.4
1.20154e+06
10742.9
80321.8
12771
5053.95
27471
1.15458e+06
975220
4892.96
2770.72
896.086
1.22309e+06
4239.31
230.73
289076
5301.58
8512.99
17239.6
1.2847e+06
15185.7
10962.8
5046.05
1.37301e+06
3083.18
1.00026e+06
23152.3
3805.4
6187.4
687598
1.26959e+06
15454.1
3405.52
3566.15
8363.92
8324.32
11620.7
1557.69
12123.8
1168.29
30111.3
28431.1
408.129
1.37344e+06
2944.68
4586.21
238326
1.08324e+06
4316.13
1.36857e+06
15876.5
243250
18194.9
19964.1
1.27705e+06
28532.7
39115.4
1.27874e+06
1.22968e+06
3442.58
1241.16
82634.6
5349.48
7998.5
1921.74
1.33441e+06
8182.91
3183.12
3984.97
17312.9
33245.1
79456.5
40674.2
36685.5
1.13121e+06
12191.9
15037.8
1.35873e+06
9976.23
1.35535e+06
6501.97
25596.2
39919.1
18429
1.36283e+06
1.21909e+06
964595
1.37337e+06
3962.49
1.37143e+06
1.31616e+06
10044
1.27373e+06
1.33337e+06
1.1506e+06
1.14051e+06
1.33383e+06
1.36691e+06
2822.68
47314.2
1.36643e+06
1.28104e+06
1.3751e+06
1.37153e+06
1.17708e+06
1.28275e+06
1.00291e+06
36284.8
3938.35
4578.61
12733.1
23803.9
1.31465e+06
1.31478e+06
3572.34
5696.85
14466.3
5337.96
1368.54
96024.1
1.26026e+06
1.31366e+06
1.28045e+06
701.772
188.179
25929.5
1.35558e+06
4315.26
22392.1
5141.9
13858.8
16374.2
29010.6
627676
1.3403e+06
1.33217e+06
1.35009e+06
22617.1
679166
13139.9
1.35881e+06
268259
43.1855
16435.6
1.34678e+06
504.821
657314
18150.7
1.37235e+06
3345.18
27469
966310
12798.3
1.37053e+06
1.06271e+06
4987.59
1.3542e+06
1.25866e+06
1677.05
1011.48
8691.59
12541.3
3135.64
4526.25
1.1063e+06
1.31559e+06
1.19962e+06
35199.4
4325.02
1.29545e+06
1.31513e+06
1.36558e+06
17176.4
6503.59
40609.9
4043.23
505.637
4697.17
13191.7
1.32641e+06
1.37062e+06
868.559
1.252e+06
490172
1.36846e+06
13544.9
1.23752e+06
1.28283e+06
1.22508e+06
2850.7
2674.71
1.3416e+06
1.34814e+06
11553.2
1.23949e+06
32378.3
5334.1
495770
1.22641e+06
15590.2
3103.75
21653.5
15113.4
3523.37
1.34018e+06
5550.1
3550.21
16481.1
795.991
12221.4
3074.79
30895.4
471.463
13450.4
924.089
384.747
34189.2
1.37469e+06
1.21878e+06
1.36291e+06
826101
13085.4
3582.97
11506.3
4589.53
3478.7
862.059
10722.8
16848.3
26492.2
2782.72
18599.1
3938.84
33340
1.2581e+06
3016.11
1.27518e+06
18731.7
16953.2
4511.41
1.15127e+06
1.00487e+06
2710.95
3856.37
1.32268e+06
10842.8
1138.02
886.41
1.25156e+06
3379.81
2784.45
1.02772e+06
2112.13
1.04075e+06
28067.4
13344.3
10247.8
10603
1.05606e+06
2936.19
42331.5
4643.27
56230.8
981810
10548.2
39100.9
18367.9
69940.7
16056.2
2899.1
18005.3
1.26782e+06
13564.7
84783.9
1.35939e+06
750403
20140.6
18066.7
3329.98
93018.1
1.22507e+06
1.36949e+06
32300.9
1405.73
462.786
11473
1.368e+06
1342.72
622121
1224.38
31786.8
3495.35
11665.5
14735.9
1146.25
26549.5
706.329
894.208
33490.2
23449
14128.4
32315.1
329.838
1.00354e+06
1162.35
23855.7
19.5872
1.07481e+06
5004.11
13810.8
29842.2
11031.9
11320.3
3323.49
8597.03
5863.3
5388.64
15490.2
19700.8
5296.44
35758.8
23948.5
35207.3
38452.2
26262.9
729680
5054.56
1606.88
1674.45
1.35828e+06
623.036
8469.46
4036.12
4420.37
3995.15
31453.5
1.23181e+06
7041.44
4873.43
594.537
39055
4654.39
4031.17
11232.8
21740.6
10142.5
12816.6
15719.6
304.005
48427.2
15105
14385.1
12874
18310.8
20871.2
4588.46
3148.3
5337.64
5459.63
799.664
866.605
14965.6
1.05658e+06
5038.87
32341.5
18638.5
3516.83
32430.1
709.993
4986.54
1.36891e+06
472.705
9397.45
15475.3
14028.8
1.34993e+06
4987.83
19978.6
2696.22
12781.4
3159.84
4116.2
27444.9
22116.7
9365.12
2397.9
6377.95
1.18672e+06
44893.6
2713.64
1.17196e+06
4332.07
5755.56
18101.8
2904.88
7.96115
6.79117
1.21858e+06
1319.02
10928.9
33794.5
29776.4
1.08136e+06
14160.1
6131.7
19585.2
1.16344e+06
966066
9371.17
10050.6
2753.27
371.022
21679.4
410.949
4904.38
7246.12
17210.4
579.595
14793.7
11205.1
9052.79
9477.42
4736.99
52882.4
540.66
8246.04
1.37263e+06
6113.3
104.045
8246.58
3506.84
32678.4
1.09386e+06
16489.5
1485.13
44599.4
10647.6
1.36252e+06
4508.04
337.946
1.17105e+06
2644.09
1.20283e+06
1.33999e+06
44387.3
13005.8
57005.1
1.0863e+06
1.20213e+06
2705.59
10000.9
127079
7585.97
14622.1
1.13523e+06
1.32324e+06
32004.8
10952.2
3859.87
1063.26
876697
13977.2
16149.4
94219.4
8949.24
1.15689e+06
3343.31
1.37519e+06
11754.9
2944.71
2921.44
1.02698e+06
1.3624e+06
12260.8
38009.7
3235.3
4012.46
1.36686e+06
7080.41
7631.61
5202.32
11617.2
27514.8
1.29751e+06
4093.94
870889
11792.6
4640.47
1.37527e+06
1298.49
1.01951e+06
12578.3
15175
1.36865e+06
2420.99
1.25038e+06
656204
1.13669e+06
17479.6
1322.13
1.37482e+06
1.15065e+06
1514.8
1.2876e+06
1.34691e+06
1.34344e+06
664064
14532.9
5465.6
9934.28
1.16042e+06
12487.3
595.365
5385.21
1610.91
1.31631e+06
624.192
1.22502e+06
2770.68
1.02951e+06
1.31024e+06
1.36977e+06
15188.8
1.35846e+06
352.314
1668.47
19677.1
100867
1.15061e+06
12087.8
899597
9950.79
12940.5
7417.9
1.26089e+06
2293.58
1.23477e+06
6455.13
4491.76
1.35875e+06
5110.75
3748.1
3834.63
1.37226e+06
80177.1
1.23354e+06
7871.24
3329.2
4894.55
1.00696e+06
1.21116e+06
951659
3021.98
1.37638e+06
3324.07
1.15086e+06
11352.1
12222
7883.88
30671.7
58329.1
3134.37
11096.5
1.35855e+06
3321.33
1.0564e+06
313.67
12770.7
27636.7
17966
1.025e+06
31878
1.02821e+06
1.13589e+06
1.28557e+06
85887.1
16349.8
3930.05
1.25416e+06
608926
1.34034e+06
1.15427e+06
1.02344e+06
1852.06
43185.2
16212.3
10389.1
8904.93
3045.82
3885.01
20249.8
1.26101e+06
9749.33
15952.8
23949.4
1.1526e+06
1484.99
9409.96
6078.19
30927.1
16534.2
14969
1.1699e+06
3158.3
1.32106e+06
10.8968
1.34773e+06
31579.6
29018.8
1.32399e+06
945093
31259.2
1.12967e+06
3032.03
14362.3
7068.6
2935.59
1.1109e+06
23881.9
31636.3
13223.1
1.30769e+06
30544.1
1.37229e+06
4541.24
41616.3
883.248
31148.6
769031
1.35485e+06
23062.9
211.103
2855.5
2810.7
10201.1
904791
853390
3686.7
1.26918e+06
1.37531e+06
5798.08
3072.93
3284
1460.58
1.37432e+06
9908.37
26.5486
1578.4
1.34237e+06
17206.6
10272.8
341.843
10935.8
3044.11
2918.84
491558
2843.54
13231.2
4139.8
6515.08
1.35858e+06
1557.61
1.37262e+06
28368.5
5355.96
433.685
5075.17
3019.22
19061.3
1.02103e+06
45468.4
1.14092e+06
506.193
37015.8
5269.27
12129.3
10177.9
31086.1
9626.27
10347.5
159.729
27719
257.132
1738.88
1.33926e+06
6128.57
4727.46
37802.2
3547.59
980.547
151541
6165.23
1.32795e+06
18509.1
9698.15
832470
1681.21
27792.5
23433.6
19885.7
31648.3
3328.87
4722.7
3744.25
1.37537e+06
30693.5
79050.2
9500.56
5886.53
1.10099e+06
1.20105e+06
1.27671e+06
995.26
345.184
11257.9
63666.6
1.24158e+06
22613.4
1656.49
50.7671
10156.6
32473.9
12535
19644.1
3604.51
3987.4
3150.05
41416.5
5738.96
1.06552e+06
1352.47
12435.1
9721.82
5463.97
2149.62
1.16797e+06
2068.71
6193.78
2677.67
627.87
1.34597e+06
11635.4
1.3776e+06
584.642
9985.52
1627.61
1.17235e+06
3253.84
13549.2
870988
955959
11397.9
16258.4
1.27949e+06
1717.28
71755.3
2091.5
5816.46
4724.84
3367.2
117159
1.31465e+06
12775.7
41620.2
1.36424e+06
18253.2
10381.2
35179.1
1.13317e+06
10822.2
2626.24
2919.38
5821.97
5639.15
7204.08
1.16708e+06
435.394
254.763
955598
11553.3
4827.95
1.06556e+06
1894.89
1.37121e+06
11683.6
13799.6
8044.71
987131
4775.87
33387.5
12279.9
5679.03
15372.3
13433.7
1.28147e+06
3566.46
298.641
2812.58
7561.35
2452.93
1.21346e+06
5229
1.37706e+06
3021.58
2629.52
1.20641e+06
1.20418e+06
30028.8
1.12605e+06
1515.58
10572.6
19194.7
275.577
1.37318e+06
1.30055e+06
12193
4494.52
1.37293e+06
14738.5
1.14476e+06
2909.4
27185.2
12508.6
8494.28
22644.3
4737.69
19099.6
29328.4
1664.32
521.992
462.569
3007.78
5420.04
7194.21
382.785
1.11724e+06
5352.06
1.01436e+06
1.2939e+06
5637.18
7623.24
31622
1.37444e+06
1.36338e+06
1.33057e+06
8865.49
300770
49871.5
28119.9
2705.07
1.2043e+06
10249.7
1.36347e+06
4860.73
19122.7
1.27862e+06
1507.48
22943.7
1.36578e+06
6063
1.33865e+06
1.34269e+06
343.443
28.8963
6683.63
25721.9
2533.27
7259.37
618.828
1.34156e+06
4302.14
5031.2
10973.7
663.3
3256.98
1.08448e+06
8133.36
39713.6
1.26012e+06
12159.7
1.24925e+06
259.831
442.067
3985.61
4450.23
55274.4
1.36931e+06
1.35306e+06
1.37637e+06
17414.9
1.256e+06
850509
99868.7
1.36389e+06
1581.16
5012.43
181.324
1716.32
1.36594e+06
9809.09
592.33
3325.33
11590.3
1.09561e+06
1.3633e+06
1.36277e+06
9822.71
1.09427e+06
1.21462e+06
19136
1.36718e+06
3935.34
1.35766e+06
6435.27
2857.56
24961.1
7335
503.754
1.33359e+06
1.37295e+06
1.12199e+06
376915
17881.2
5332.75
8771.65
1.37307e+06
30764
6673.56
1.23415e+06
305470
1200.06
4962.05
24182.7
3973.22
1.27836e+06
18646.1
310.199
1.25697e+06
4859.65
1.24471e+06
1.28218e+06
4776.82
1.02428e+06
3380.44
923863
1.11794e+06
1.27958e+06
7360.26
40728.2
4590.54
2332.71
1.06626e+06
4896.78
824524
1.19898e+06
291.865
7602.3
1.35473e+06
1.36636e+06
11666.9
3531.98
9051.93
405.169
1.18375e+06
1.22347e+06
5562.16
6915.19
1291.27
15716.7
1.3734e+06
1.37631e+06
9079.1
14241.9
3331.15
4216.15
31192.4
7704.34
7677.6
1.31514e+06
1.27922e+06
1.14418e+06
9382.07
1.36254e+06
1.2249e+06
776862
6915.06
4498.56
1.27219e+06
8178.35
8.8994
9891.51
278.138
1.10667e+06
6457.55
6044.14
1.33299e+06
1.37406e+06
9091.89
10519.1
831.425
12278.7
9319.12
1.36666e+06
3456.73
9627.53
1.37432e+06
6236.74
30117.2
1673.67
4480
5147.69
1175.18
1.2791e+06
3224.19
3323.54
1.25108e+06
9955.78
4505.19
1.34212e+06
37823.5
1.33201e+06
12159.5
1693.03
8366.68
4031.09
21953.1
39245
1.28389e+06
1.25764e+06
4969.47
3364.59
16800.1
1.36278e+06
1.31277e+06
19141.6
12933.9
192.839
778.69
6714.13
1.36485e+06
1.37491e+06
4324.34
3126.06
1.34662e+06
1460.6
42923.3
10628.4
1.23509e+06
1.35512e+06
3049.45
576.954
2189.56
1.21729e+06
4236.7
1.28414e+06
1.37582e+06
5177.63
5006.37
1.37382e+06
11293.2
1.09308e+06
6434.33
1.37532e+06
309.71
4296.43
1476.72
1.35399e+06
3257.01
4313.32
96715.1
27389.1
1.08224e+06
1.36159e+06
8779.51
14238.8
6054.74
1.37134e+06
1557.27
1.13871e+06
7002.23
1111.09
3403.46
3474.69
2641.94
1.35466e+06
12778.5
457.883
5938.52
26138
20504.2
19111.7
1.2817e+06
3598.54
5419.03
8441.28
27453.5
4061.25
285.111
1.26686e+06
1.20873e+06
1.16045e+06
1.37549e+06
31031.2
6121.26
1.32587e+06
30735.9
223691
8873.42
1.3655e+06
1.33504e+06
4840.59
5719.3
1.36659e+06
883.42
3008.23
1.3695e+06
4298.72
4609.97
294.053
1.3753e+06
1.2223e+06
1859.73
4772.71
519.769
17096.6
1.28755e+06
1126.55
2795.56
1.37265e+06
3864.22
1.2394e+06
1491.97
870567
25334.9
3729.2
4797.83
1198.57
5245.28
1.2287e+06
1.15725e+06
9342.88
1.2347e+06
5738.55
29512.2
30283.3
1.34116e+06
1.34909e+06
1.36841e+06
7043.59
3702.27
1.37224e+06
2749.17
70246.8
1.37171e+06
13456.1
4581.9
1352.57
1.32302e+06
21756.3
8681.92
5065.74
2883.89
10109.8
3483.99
3096.89
1.13666e+06
3754.74
1.20513e+06
5388.29
720.753
8646.6
13547.1
15321.5
15627.5
5682.12
9559.63
4001.19
4.47003
969345
1.37238e+06
4600.86
1.26433e+06
14962.4
5578.05
1.04953e+06
1.29422e+06
16622.8
1.29708e+06
2797.1
740.26
7112.96
126952
8024.1
10324.2
163827
7423.55
2817.78
1.20821e+06
40070
26695
5467.4
5658.55
2795.55
43985.2
3693.59
3329.94
3156.81
266.733
4659.57
5117.72
3501.24
3104.96
24623.8
979646
1.35717e+06
582.613
20557.9
9500.39
1.37464e+06
154.764
5128.29
18376.4
994.491
1567.61
1.10002e+06
3371.06
505.744
9731.04
2434.23
1322.04
1480.58
8567.93
1.21871e+06
8240.99
5681.79
5031.92
658.477
4033.34
255.208
1.36073e+06
1.35876e+06
1.3458e+06
1.36423e+06
1.31487e+06
1.3566e+06
1.30899e+06
1.33875e+06
1.37198e+06
1.35169e+06
1.35428e+06
1.34241e+06
1.36921e+06
1.371e+06
1.36574e+06
9904.05
5609.44
1.33463e+06
5227.05
1.2011e+06
1.33022e+06
1966.02
1.32544e+06
2525.36
25174.8
1.21027e+06
4708.22
37930.4
15006.7
1.37218e+06
1.37547e+06
1.07293e+06
1.36961e+06
869.16
1.36363e+06
1.2913e+06
15486
3467.36
11646.5
1.28335e+06
5315.66
5537.16
1.34502e+06
26970.8
3213.44
3293.27
1508.47
29754.6
5946.67
4189.51
10028.3
1.35974e+06
21826.4
1.37028e+06
5390.44
1.27484e+06
18970.2
10606.9
3686.88
1.37313e+06
34499.2
5658.77
52249.3
4860.8
1.36826e+06
4256.42
19080.9
3084.25
1.3739e+06
1.23016e+06
13554.1
4877.18
1.29697e+06
1.34475e+06
1.35603e+06
11754.9
18543.4
13536.9
1.16031e+06
928774
4132.9
4127.31
4592.8
1.31734e+06
1.31703e+06
4439.33
39414.1
4578.97
36188.4
5075.48
1.36683e+06
8072.87
535.968
961985
1.36702e+06
23588.5
5270.55
4884.48
3953.24
19839.8
31758.4
5425.56
360.763
1.35028e+06
4344.56
26194.7
12424.5
4222.92
3594.28
2912.29
1.13874e+06
12890
3337.79
16633.3
1524.89
991.89
1.2588e+06
1.25426e+06
8321.31
1.34485e+06
27941.3
6729.82
1.2771e+06
1.36931e+06
6046.22
1.28307e+06
13596.1
1.37613e+06
1.26355e+06
27353.3
1.09593e+06
1.22328e+06
6245.68
9697.6
1.31683e+06
1.30617e+06
1.08661e+06
19232.6
1.35978e+06
1.31744e+06
1.36708e+06
1.00467e+06
4583.54
3407.75
1.0693e+06
9887.54
1.06264e+06
1.23615e+06
4175.82
8213.4
1.20544e+06
3230.64
2623.72
1.23684e+06
1.19853e+06
11810.2
4685.06
16600.4
10448.5
25350
256.852
1.3348e+06
3109.05
23747.9
845115
1.25081e+06
1.23769e+06
11198.8
1.25465e+06
3167.53
1.27455e+06
3009.38
1.1082e+06
4934.32
909.618
4265.23
17902.1
1.36318e+06
19198.5
5161.16
4675.21
591.053
1646.95
12028.6
5836.29
3864.91
9013.55
4780.8
1.27612e+06
1.36731e+06
4144.18
3189.15
21940.3
4402.32
1.35985e+06
15516
1.31756e+06
1346.06
1.2386e+06
1.03216e+06
10507.1
1.126e+06
1.30059e+06
1.37265e+06
1.35538e+06
1.37523e+06
1.08605e+06
3529.86
1.33576e+06
7336
1.3557e+06
3190.38
1.33133e+06
951489
4093.73
1.1754e+06
10768
963919
1.36585e+06
152.433
1242.36
5363.78
2615.37
13.6476
386.984
2662.92
27975.3
177.94
1.18151e+06
4201.15
35421.2
1.09381e+06
3527.68
803536
12994.3
6827.32
1571.12
1.28821e+06
1.20604e+06
32926.6
5669.27
10891.3
4895.79
1.3261e+06
80.4273
12271.9
1370.24
11161.7
4470.16
1236.33
11086.2
1.26259e+06
37596.8
4546.76
2756.42
16982.9
3537.09
9135.46
3744.45
1.33546e+06
4724.76
18834.4
4038.5
10361.4
3869.19
2653.39
4525.67
396.82
1.20056e+06
1609.7
2738.04
9009.77
3821.13
833.92
7272.07
1.02583e+06
19078.6
939.739
223.725
1.20389e+06
3618.97
96334
2703.58
1.26416e+06
2495.76
929616
27612.9
2193.15
2736.45
11449
5202.28
1.294e+06
10863.2
499319
686.883
2664.39
4300.59
9376.38
1.37507e+06
41288.5
15282.1
3220.67
15628.9
21290.7
3817.53
19497.2
1.14387e+06
1.07007e+06
3079.18
1.07073e+06
1.32948e+06
10086.2
227.482
1.23966e+06
3162.83
921.709
33513.8
10522.9
1053.15
40436.5
992322
3863.47
10282.2
3224.05
44087.4
5848.75
3459.2
35141.2
2920.65
10977.7
8774.35
38104.8
2736.87
68565.1
1.18471e+06
15321
42324.8
10486.9
8967.53
200.323
1680.71
10069.3
3309.91
12592.7
5058.05
1.20634e+06
814681
5234.77
11732.5
26836.5
6882.66
10417.1
1.12672e+06
5052.45
4210.85
1.26433e+06
1.373e+06
1.37311e+06
63933.9
1145.28
12954.1
17419.2
2981.38
1.35362e+06
6221.04
1187.24
6860.16
3085.67
4309.62
3740.29
12574.8
3562.68
1.36894e+06
4292.8
2986.37
12451.4
4242
4761.2
7140.62
2073.41
5571.3
3716.28
3017.48
10139.1
25233.3
19955.3
497.58
803338
1.36584e+06
15637.3
1242.11
1.18511e+06
22597.4
2282.68
1.28122e+06
588.75
4020.96
70366.8
19461.1
3126.01
3453.19
60927.3
1.19154e+06
2515.06
1.2383e+06
5573.79
4175.19
18365.8
1.16177e+06
284.267
14903
16971.8
433635
5400.88
3219.22
5796.06
36232.7
11356.9
5383.57
6143.24
1.36465e+06
11449.8
1.33139e+06
56935.3
3625.14
3634.25
17937.1
1.17627e+06
3854.42
3320.34
13106.6
4916.4
231.756
15961.8
5522.78
4437.51
1.10672e+06
4850.54
1.35928e+06
2873.05
1.13484e+06
2556.8
11447.4
526.308
1.37542e+06
3453.8
1.37241e+06
4914.42
13677.9
53403
17253.7
1.36603e+06
1112.18
14429.6
1361.82
1.23744e+06
1.37335e+06
688.551
5014.01
1.20043e+06
11843.3
4379.03
5479.73
1.28794e+06
2738.98
1.11477e+06
37471.9
793352
3118.93
963.101
597.281
11253.8
37.5387
894248
3208.98
1.08786e+06
4604.86
4828.36
4024.71
8303.71
3010.75
12642.8
1142.79
5716.3
1.06154e+06
2605.32
13909.2
2245.59
12611.7
6078.8
12285.9
20538
7069.87
130630
2062.78
3194.79
20400.2
11070.3
1918.07
997.944
1.13099e+06
4937.06
11962.7
7235.19
3106.92
353.861
1.3414e+06
22536.1
7840.84
13907.3
7614.79
12458.7
7153.55
4550.79
34699.1
10887.5
11492.5
2972.9
10294.9
28609.1
8807.25
1.1105e+06
491.182
387.43
5325.76
1.02308e+06
965055
1.08949e+06
1.3242e+06
5024.07
1.3743e+06
518.503
1.373e+06
29.3459
3465.71
2685.19
704.008
10480.8
1.25006e+06
712.041
1.37525e+06
3503.08
1.34919e+06
12237.8
1188.52
4154.13
11592.5
10678.8
1.15818e+06
4110.83
3444.82
2587.74
13828
5347.33
23576.3
12986.8
9240.52
2864.03
3660.11
15011.7
201793
1862.34
883.821
1.11711e+06
882.873
20388.1
9218.12
3247.69
1.37368e+06
3496.77
1.08097e+06
1479.03
2609.57
561.621
13167.5
5147.26
864.645
1.10862e+06
20373.3
6022.89
17259.7
1.22775e+06
10180.3
1.15036e+06
19837.1
9811.84
34176.1
2572.87
310.604
13071.6
2351.89
2595.05
9517.73
9283.93
8300.2
1.03389e+06
489.276
2793.05
1.06817e+06
4394.98
1.37489e+06
39422.9
11131.3
8973.77
1415.63
1.16579e+06
496.226
5589.89
5431.16
16815
8877.27
12679.1
11078.7
1572.89
12471.2
1525.67
194.45
26643.3
1372.93
4003.99
15492.6
18998.9
1583.71
1173.63
8263.42
11592.7
10868
2275.32
1.22259e+06
1.32932e+06
12211.1
39802.9
13373.4
45671.5
3724.63
1728.83
829178
10552.1
724.816
1.32548e+06
12283.3
35884.3
12016.8
1559.63
7610.25
128155
3732.89
1.37173e+06
3159.97
1508.33
1.37387e+06
33805.6
7315.83
10534.1
1.137e+06
9567.7
576.319
6481.5
14738.2
2280.21
12482.7
2654.85
29942.2
357.921
8437.75
4864.54
6596.71
8170.41
2993.42
850.067
1361.64
10655.3
12261.7
10311.3
11255.5
1.35917e+06
3729.33
55.2471
92.7122
2625.77
19110.9
54494.4
10550.3
34015.1
4549.77
12546.4
5335.93
1238.11
1.10035e+06
574.724
14886.9
52728.8
2834.25
9105.82
4391.21
1993
985291
3148.05
8535.5
7101.19
23560.1
31224.5
1109.64
45494.3
560.072
30333.5
3167.33
3073.5
5426.98
13577
6412.38
11310.6
12152.1
7635.53
1.01236e+06
9723.38
1.24138e+06
3141.89
8200.28
4054.18
5071.69
4829.5
169.492
1.14276e+06
1978.61
848462
8506.07
4178.77
1061.46
1859.16
5486.44
3362.69
15122.1
599.398
3106.64
1.21683e+06
3186.86
7848.88
40599.5
1889.46
571808
1838.79
3793.59
1.26246e+06
1.0497e+06
19897.5
70.8831
11118.1
84439.4
1.16879e+06
1.24442e+06
5323.05
8230.09
7913.85
3557.55
3866.08
2687.5
25960.4
4067.16
4200.35
3143.16
1.33638e+06
183.649
1.36975e+06
9783.95
49.8789
4048.29
4813.69
2748.46
1647.26
1835.65
4959.59
571.243
3084.45
1127.49
3253.77
11237.6
4289.91
2824.9
438.118
9903.59
4602.73
96178.8
11226.9
1.37472e+06
1.35992e+06
1.25421e+06
31819.3
1.35909e+06
610.072
25378.7
1.36784e+06
1.36832e+06
4501.31
64.3371
1.35281e+06
3392.96
1.37465e+06
52.797
1367.15
10426.5
5559.55
2624.25
29415.3
3400.39
3537.39
1.35615e+06
31193.5
13910.8
12744.6
1.2587e+06
13135.6
2675.55
3924.31
1.28952e+06
2120.02
10672.8
2791.93
118882
1.35706e+06
1.14269e+06
9094.37
1.11373e+06
11289.9
338.72
3395.5
3074.24
1280.79
3055.22
238.342
7.08555
13469.3
11741.9
2170.75
8580.52
6821.59
126287
39.9062
1.35043e+06
33194.8
288.227
5245.55
11759.1
8223.98
1.36929e+06
1085.54
279.377
509.828
23.904
6066.12
486.107
52381
1.35579e+06
507.975
1.2831e+06
12935
9144.8
1.34503e+06
6908.24
1.33691e+06
4827.73
1.26236e+06
17071.7
2704.32
1.30703e+06
12269
122868
8870.46
9535.46
33438.4
2802.92
1.30641e+06
12827.7
1.34877e+06
8689.46
1.09226e+06
3877
10163.7
3495.25
513.007
1.34037e+06
7525.39
1.36724e+06
1.21638e+06
1963.21
5305.16
2910.77
1718.71
6994.23
23884.6
18550.2
1.33498e+06
19990.6
19581.2
1.00315e+06
4398.24
4825.92
11155.6
16200.1
6633.93
819.484
12707.7
1931.83
660.264
10028.1
3779.76
475.247
1747.38
9803.02
822679
1.36333e+06
3542.06
943322
5214.69
6905.87
1.12846e+06
1.3247e+06
1.25505e+06
37799.4
5259.14
6636.6
1463.95
8980.67
1.03181e+06
12034.1
3605.86
3723.79
12532.6
3015.12
1903.98
14710
10575.7
36047.4
1.11385e+06
376.709
1.36456e+06
1.36009e+06
13973.4
174330
540.22
1.31777e+06
1.27635e+06
2731.92
1.21715e+06
1596.11
856.997
40980
2944.75
7049.67
2052.47
952.803
6902.47
5102.28
3161.86
672.164
5200.57
9603.62
3180.95
1.30084e+06
1.12881e+06
2874.29
882.788
4838.7
1.35602e+06
768.271
6339.75
1.24581e+06
5713.77
6729.96
1728.44
5808.13
1.29129e+06
11212.5
13685.6
1.16619e+06
15175.2
11457.3
11400.9
3378.72
7127.93
5383.16
14534
27231.8
10482.7
594.55
501.988
29474.1
2210.78
3017.78
4243.61
5875.55
4452.51
1.09382e+06
439.457
534.734
19114
1.18442e+06
1.05856e+06
7312.61
4137.58
4237.27
1547.86
2342.76
5469.43
2138.85
1618.03
622.893
18996.1
1.07614e+06
17532.9
1.37536e+06
1.34278e+06
262.797
5607.58
5520.93
3199.98
3168.5
1506.23
1300.65
97.1445
4417.12
3466.97
5477.3
9215.8
676.777
3681.67
1.32706e+06
32040
1.33567e+06
3271.15
4266.68
2257.69
11747.5
10995.2
3707.36
2959.01
3727.95
7004.96
6066.24
34893.5
11878.2
12777.5
7569.43
4993.26
1.17728e+06
1.32739e+06
4069.42
1.06489e+06
10730
778.725
4122.3
9689.07
1.36376e+06
10475.1
1.0701e+06
1502.34
3697.45
1431.45
1728.67
10133.5
4785.05
9301.52
4504.3
11201.8
4548.56
1206.21
10786
962476
29544.7
3336.77
10569.5
4973.14
13516.1
1.17797e+06
6814.84
2737.68
5250.75
10868.9
3379.82
3413.1
5001
12902.8
6848.57
1.28985e+06
3495.02
7042.82
3934.12
6751.39
14674.7
5.31547
5553.61
5452.71
1878.6
1497.72
10817.1
5380.62
1247.08
10308.3
42213.9
4618.3
16626.8
4608.34
1.28687e+06
12225.6
2095.53
630.566
1.1167e+06
1.15643e+06
4408.77
1824.64
877673
5446.41
9433.34
1.26633e+06
8604.1
138437
1.20722e+06
5874.5
1.13818e+06
37486.2
1336.28
10292
3100.48
6897.63
12083
4186.51
5404.17
4346.19
1.23432e+06
1.25572e+06
7861.27
3381.58
1109.3
5851.63
5384.25
3114.72
5172.8
1.24101e+06
8264.58
900949
3006
8903.7
6388.25
28581.5
3018.92
8204.37
9361.73
830.301
771187
438.314
1.04361e+06
833.541
3482.09
4999
10354.7
5649.97
1.25486e+06
1.04332e+06
199490
19434.3
16051.1
16338.9
1.11461e+06
2976.14
1.35984e+06
1018.37
1.35878e+06
1472.1
11948.1
4186.02
819513
1250.28
40034.5
5490.3
5118.28
1.23616e+06
11222.1
1510.22
1477.43
3090.21
1876.67
17175.5
1.1539e+06
9788.92
4680.2
2853.28
778364
119678
10379.3
3056.23
4380.87
4502.21
5108.32
4769.9
7056.97
1.09688e+06
1355.98
4749.02
1126.62
1407.86
1.10713e+06
3418.62
4351.44
7644.9
3051.6
3232.1
7335.48
51415.6
1887.52
7914.89
3877.47
929.41
2095.09
7138.74
3310.64
1.11546e+06
1164.37
4280.63
1.3345e+06
13873.5
3940.61
3810.04
3461.64
3598.37
642.634
6167.35
8810.73
60817.7
20359.7
5526.63
3445.98
1.35173e+06
503.626
150.743
1.36778e+06
8718.35
1355.28
14756.9
242132
3665.23
580.438
12676.9
3427.72
7081.9
4156.02
3868.13
3417.79
25189.8
4381.72
3574.2
4032.5
3018.9
11592.4
3690.23
10562.9
1332.58
3390.51
5113.43
2185.31
4748.63
2530.06
14092.9
1322.56
7788.46
6709.47
7602.19
4733.73
1.14096e+06
3002.31
1457.83
6498.64
3155.8
7597.6
5196.49
4893.44
2776.87
17984.9
16085.6
3531.79
3560.13
4045.12
4955.77
12715.8
11969.1
6651.13
1125.24
956.645
9618.65
485.478
9195.75
17107.8
3112.99
43088.7
7198.34
10675.5
4278.51
5421.13
7366.09
22523.8
7668.68
5144.39
3329.24
16873.1
5331.98
614.302
11690.2
7262.07
3534.93
3864.16
3235.34
16546.5
1.35069e+06
6945.96
419.585
20.4277
6233.62
11525.8
15868.9
7523.86
14360.9
6962.86
4228.05
1.07019e+06
12195.3
4349.87
6667.1
3415.09
12566.2
6162.37
11627.7
14567.1
477.302
253.745
3594.1
8445.38
3950.63
1630.09
15195
16986.3
50088.6
4203.44
878953
2186.33
6539.22
24955.3
410.438
3330.21
5734.66
2945.36
8894.88
14416.2
48897.7
12265.5
49959.6
20746
970181
7602.61
9744.87
8720.78
4311.51
677.609
4324.18
851690
3077.9
1.22373e+06
3271.79
1469.3
6644.44
1.00789e+06
3068.57
13212.1
6545.18
6304.98
1490.11
29044.5
3831.53
243.352
5419.4
50413.7
1.01136e+06
3488.27
13830.3
6936.88
5571.46
983116
4491.15
1.03503e+06
4874.35
11563.2
3276.94
2994.06
3068.35
7489.3
11942.9
1818.11
2806.04
3452.08
8956.88
4725.09
8434.89
990838
1.04263e+06
4507.05
3937.42
5097.03
1.33099e+06
6698.69
3115.89
2784.73
5061.74
22255.2
5969.04
1.05826e+06
5343.01
5865.97
6990.33
1835.63
36428.9
4461.87
5723.41
15822.9
2816.58
3220.89
2465.55
5255.85
6469.39
1.12391e+06
1.32169e+06
2955.35
7001.92
15255
5698.08
1340.33
1.21262e+06
1.09962e+06
1.36199e+06
1.37103e+06
1.06211e+06
1.35805e+06
1.31172e+06
1.35065e+06
1.37097e+06
1.36215e+06
988257
1.29061e+06
1.35804e+06
1.2134e+06
1.34767e+06
1.36028e+06
1.36527e+06
1.3508e+06
1.36906e+06
1.12354e+06
1.31185e+06
1.31759e+06
1.34438e+06
1.35581e+06
1.3559e+06
1.36907e+06
1.37262e+06
1.13194e+06
1.37224e+06
1.08745e+06
1.34437e+06
1.17463e+06
1.31761e+06
1.37194e+06
1.22696e+06
1.34088e+06
1.04294e+06
1.34087e+06
1.37327e+06
1.36001e+06
1.26959e+06
1.30573e+06
1.17565e+06
1.36516e+06
1.26911e+06
1.36668e+06
1.28727e+06
1.35332e+06
1.36997e+06
1.15036e+06
1.3666e+06
1.32293e+06
1.3701e+06
1.29808e+06
1.337e+06
1.35329e+06
1.32802e+06
1.36787e+06
1.36794e+06
898877
895617
1.30523e+06
1.32802e+06
1.33683e+06
1.36364e+06
1.33293e+06
1.24425e+06
1.36379e+06
1.24364e+06
3085.34
1.34747e+06
12769.3
3034.16
10388.7
1.3326e+06
5381.27
3713.14
9862.04
6356.89
3868.08
5211.05
1.32297e+06
4920.16
11029.4
11509.1
3748.72
41073.9
1299.02
11435.5
4154.7
8030.14
480.605
6098.7
1.29449e+06
39593.6
805274
2375.19
12113.6
794.026
12238.1
4908.46
1.37188e+06
5729.52
1.36905e+06
3534.85
1.19967e+06
5888.86
13649.4
10422.3
693948
12106.6
3184.62
4529.62
6975.47
897.8
1.27862e+06
11972.5
40342.5
19515.5
3324.32
3396.07
1.27868e+06
3094.85
1441.94
8081.56
10780.7
901.004
76631
4074.54
1449.84
4803.87
6370.52
7072.89
10364.1
453.659
12705.3
34565.8
5582.31
5201.31
3088.51
4146.06
10740.6
1.25486e+06
6048.33
5381.87
1.0675e+06
7453.5
3543.96
5163.17
3061.91
33095.7
16984.2
724.475
524.163
3212.11
2998.2
862.617
2111.13
5695.83
13667.7
8905.5
4131.98
3098.1
3008.22
3055.88
3001.89
3181.69
4343.96
4038.91
5972.42
1733.62
4554.33
6325.25
4380.05
5001.38
5249.18
7676.4
4256.17
2882.1
3546.39
21186.4
273.366
3522.04
5431.69
23370.7
4219.37
3121.38
8019.1
560.153
6708.99
2388.24
2804.78
5447.87
26724.8
1105.51
9505.79
3766.13
23218.2
198.949
4069.82
1.25527e+06
3965
2172.32
17387.4
6804.35
6883.08
5031.04
8664.25
4159.25
998.474
984727
9052.52
3831.87
463.65
9956.77
1.14342e+06
1.02075e+06
3549.76
202.651
1970.01
5530.52
1983.48
1.37395e+06
3470.83
4170.96
1.34851e+06
8875.58
1.37329e+06
3989.38
3986.79
5544.65
3049.98
8422.16
996071
3632.07
1395.24
21147.9
4963.88
749.933
3029.91
4526.43
6389.35
3577.31
7042.54
4101.37
1.35945e+06
1.3212e+06
1723.69
4313.1
2777.23
35.5577
3126.76
755.696
16661.9
4469.32
5123.42
10725.4
3186.79
4559.19
3838.62
453.182
5680.93
4766.88
10327.7
22303.2
1.28896e+06
5130.95
27774.2
1502.8
2223.96
3109.55
1.20664e+06
13386.3
1796.03
3325.11
3338.5
1.22704e+06
4296.44
18724.7
5487.93
56.5514
13631.4
288.931
431.638
3332.19
1058.88
786.405
4485.9
1.13789e+06
32083.1
34.9109
4526.6
3365.09
9247.74
2446.38
11158.5
3692.38
4112.47
1190.56
14818.6
3268.65
1836.57
1987.9
12641.3
735.258
11604
2088.38
1.13863e+06
2833.37
3073.73
1858.68
4757.01
1618.74
7131.85
4134.09
5669.64
1.13936e+06
5405.91
1.20032e+06
592.988
842.425
3213.77
1.37458e+06
3249.7
1.37451e+06
29528.9
3257.55
10562.1
3748.47
5145.84
3363.11
6111.39
5285.81
3115.26
1549.67
1837.04
23613.9
2222.96
4337.5
323.708
4575.02
25152.7
4183.35
13520.2
2278.64
1.34168e+06
7366
4244.27
24.4817
322.134
1.37393e+06
2952.57
1.01655e+06
2924.51
8655.35
6552.97
3182.93
17871
1755.19
3667.55
882355
4625.85
10394.9
4856.93
985767
2719.02
1.24014e+06
1.1969e+06
4175.25
3060.97
5349.87
1838.48
5203.75
9852.13
1.19169e+06
567.834
3103.93
1.19173e+06
5508.49
112181
2767.81
6449.03
21506.7
3981.92
26763.2
19137.8
1.16783e+06
394.034
1.37482e+06
1677.84
1.37497e+06
3070.99
516.807
4107.04
6342.21
8877
5774.84
6878.01
4202.73
3585.5
697652
5286.87
285.255
26002
10757.1
5463.19
353.853
1.37174e+06
1.20487e+06
10898.6
4178.58
10141
1.28955e+06
3219.66
1810.61
5634.35
7090.7
1.36079e+06
1535.68
4128.99
3071.81
12346.8
1.36357e+06
2948.43
3014.64
3972.57
3418.17
17393.4
2709.89
3698.27
568.997
1.18699e+06
3888.81
3600.58
5525.22
1008.53
442.087
2510.52
4054.8
4883.52
1.36985e+06
1294.48
23973.9
2473.2
94812.5
2785.3
1319.71
18308.8
3190.61
50.1438
4221.72
1.37532e+06
8375.48
3437.08
6792.73
855.595
2611.96
4902.87
2843.19
63641.2
28328.6
2877.43
1311.82
3087.02
459609
831.719
23084.7
5282.83
1211.46
761.273
3962.41
3464.49
3743.83
3359.44
945.715
692.872
472.297
1539.53
6043.87
3051.66
423.94
20077.9
15.1028
2939.16
3196.78
14024.3
17024.9
1762.81
292.314
22580.1
3363.29
8293.12
3484.62
3924.46
3516.21
1.03486e+06
24853.6
2619.48
7101.06
37203.5
1.33276e+06
6296.26
9036.04
2789.38
707.887
1766.79
3698.48
3650.99
15915.5
1.37312e+06
6100.34
1.10758e+06
3623.45
1965.07
6740.93
4799.71
1.19618e+06
9906.85
4626.32
5498.24
3705.27
9036.83
21173.8
40041.4
17154.7
530.586
6627.31
8658.54
21219.3
13569.1
10884.6
3224.18
32075.7
5235.66
3563
1.10716e+06
489.441
2576.14
19561.1
1.19888e+06
2851.75
14559.9
1.23429e+06
675.738
11508.3
24460.7
6327.44
6415.54
3929.19
20128.6
4118.19
5146.79
4263.21
3689.36
37.0736
1142.42
3724.55
37210.7
4192.32
24777.5
11577.9
3940.22
43624.6
961.299
26667
10166.1
3856.35
11198.1
59773
1.29946e+06
5899.06
6917.14
466.516
1.16919e+06
3829.84
7925.74
1.31098e+06
6599.32
5594.05
1.15069e+06
897.456
9383.3
3913.32
3857.09
4268.16
5101.28
38786.2
3239.02
2480.94
4220.96
242.746
23094
461.816
25549.1
1.15365e+06
1.21287e+06
1.15387e+06
4721.08
1.01261e+06
1.17634e+06
65233.6
3076.73
19414.7
30181.1
13095.1
1158.2
50734.3
11018.9
46785.3
4115.42
1.37571e+06
11511.9
3649.09
2560.88
5368.84
4207.27
269.503
23230.3
10310.9
3332.45
19282.1
624.668
953115
5483.73
982510
1.10305e+06
5173.02
1.18609e+06
8495.19
1.35925e+06
3477.23
8710.85
4421.56
1.3699e+06
11424
632.737
858.085
2120.5
1.10935e+06
1.33424e+06
2160.58
249896
4131.57
135655
2336.71
4991.13
8653.42
5541.79
4899.5
23214.1
3292.31
63769.2
497.507
58750.6
611.485
6198.33
520.122
4257.69
4412.74
4715.81
33010.3
1.20728e+06
1.36756e+06
4828.96
4107.16
5635.42
7952.97
1.32582e+06
109.088
1.22293e+06
5215.53
5300.62
1.01686e+06
77743.2
2569.24
4571.73
20714.1
6953.34
2573.07
13647.4
2129.45
1.20685e+06
4188.81
1974.99
21336.4
1696.87
24147.9
929.205
3373.07
1.15433e+06
12785.4
10341.8
2208.41
1565.53
481.172
3045.02
24144.4
242.756
4848.97
9196.58
2273.05
14609.5
4166.84
2626.76
6883.84
2549.98
288.542
21198.7
1703.24
3928.51
1.17936e+06
6213.87
3781.54
4627.61
752.967
55071.7
30161
5201.55
36830.7
1726.87
4497.37
80747.4
427.721
100194
4749.84
9435.13
9707.94
7668.68
47430.7
7951.87
1.07904e+06
20388.5
34372.2
3369.7
997421
3080.54
83.2218
6981.65
19135.9
3342.3
356.241
1120.99
18500.8
5327.99
3230.42
871.419
1.0321e+06
4360.06
3636.06
4882.94
9036.9
10247.9
3128.39
429.516
3145.59
971858
17477.3
1.37376e+06
16438.1
584.113
8180.25
726.204
25238.2
10642.7
5101.56
26998.8
9653.98
3574.84
3185.68
7615.4
21198.9
34506.4
3390.09
2330.33
35610
3870.28
27195.3
4373.63
13488
3704.51
9349.23
2918.04
3394.07
6256.58
4833.41
38382
3458.85
2206.07
11656.8
145111
6500.12
438.819
3121.42
8672.34
8517.56
608150
346.55
2625.62
40984.6
6505.12
1710.18
7444.93
289.842
6701.59
1485.58
33704.1
3282.51
6238.73
8757.13
11389.5
18537.9
4052.25
12483.2
4533.36
4521.26
16740.7
1.37613e+06
4186.3
3598.36
15401.9
3182.58
17042.7
3620.2
3003.5
1.11418e+06
16040.9
1.36943e+06
8447.21
5300.59
753.299
23207.6
3203.03
845.024
1026.01
50901.6
2964.27
29228.3
33589.4
13448.1
27833.2
5130.3
3250.8
3022.25
17174.4
18355.2
1340.18
4376.64
4404.27
7670.25
14441.9
4242.35
49097.6
3277.51
4742.08
1.37128e+06
526.519
42420.6
24018.2
1.22568e+06
13194.8
3456.01
1451.29
51322.9
16001.5
2531.59
3104.83
177.587
5920.33
2032.27
563887
1.2557e+06
47005.6
51640.4
4555.94
14694.7
11024.9
4246.3
1.35004e+06
293465
6261.35
1900.48
4273.97
6744.08
5116.07
11749.3
3362.14
15387
12324.4
40032
9589
3461.78
1798.64
2980.94
4030.66
4335.81
513051
26.4082
7118.71
3548.25
3293.83
2679.26
46869.6
47946.8
3466.1
153.133
8289.06
13739.8
8011.31
1.35596e+06
27061.6
3085.37
369.992
13355.4
42193.3
7351.36
22.5113
53022.4
3331.36
8199.18
13907.7
1457.55
3183.44
604.706
1.06705e+06
5140.44
4611.04
5564.51
1.0237e+06
6085.45
835.076
1.03964e+06
10050.8
1.12306e+06
3079.88
40400.9
328.703
7289.74
19712.1
1.37144e+06
10700.9
89849.8
1256.15
43265
171765
24729.5
1129.67
2412.93
991.299
8180.96
32947.1
10088.8
11834.5
15463.9
4038.75
2733.93
2498.03
8027.4
3432.92
8774.82
4047.51
41100.3
7464.01
3341.83
1.37156e+06
921809
1250.14
1089.96
8791.12
3618.96
11764.9
5264.09
280.941
5001.71
1910.59
351.021
10311.1
2804.85
11921.5
1.034e+06
1.35023e+06
1.00714e+06
604.196
931.388
3854.17
6290.33
2379.28
6266.52
11739.6
46551.5
47606.7
3057.36
12123
10935.7
5206.35
21352.4
9630.21
1.36301e+06
1.33488e+06
1.33885e+06
1.35915e+06
1.3612e+06
1.31485e+06
1.36848e+06
1.36726e+06
1.32044e+06
1.35691e+06
1.35227e+06
1.36956e+06
1.21945e+06
1.34275e+06
1.37052e+06
1.36452e+06
11900.4
1033.57
1.34607e+06
1.34906e+06
4712.04
1445.15
969.019
2692.64
1004.3
11802.7
3036.08
15485
4810.81
563.791
4027.9
2935.15
3147.27
12254.4
5474.96
9755.26
1.29469e+06
3776.51
184318
1.15597e+06
3162.32
4370.25
1.37651e+06
8938.99
3158.92
2993.11
4974.27
2260.72
4079.36
3449.65
4044.06
1659.41
14827.6
10153.1
14897.9
3177.63
3482.79
26583.9
10905.2
9540.28
12663.7
28643.3
4059.28
4992.52
1.10957e+06
1.37258e+06
1.23201e+06
8591.23
1.2785e+06
3858.63
6515.82
13825.9
3190.37
5167.25
4355.02
2252.46
11209.8
3714.58
1.36734e+06
346.416
1.0384e+06
12653.6
1.26066e+06
3972.06
3587.99
3034.53
5990.06
4541.07
21091.2
16613.9
1.32288e+06
48061.6
3068.94
977.162
3261.24
599.503
1.37785e+06
4796.75
2730.41
832164
1.33473e+06
3421.98
50981.1
8814.33
1998.72
3296.52
1.17768e+06
8630.27
16880.7
5124.21
553.28
2564.59
3430.12
499.067
3304.27
942406
1991.67
9606.01
4410.79
3101.24
283.433
5853.81
7615.23
3421.1
6192.73
10825.7
496.446
3333
18114.1
6793.97
5487.64
3840.43
8639.21
27162.6
7946.1
9413.78
9944.57
1539.42
9491.05
1804.05
27447.9
23379.6
10531.7
2096.85
46017.2
1319.98
4900.57
1957.94
287.338
996.568
3578.46
3328
1.35553e+06
3067.08
692.344
25887.9
371519
19508.3
2821.27
31547.2
3313.71
5481.14
4756.9
67785.7
4870.79
1.35054e+06
9523.44
7468.46
8666.45
6677.43
5264.51
302.425
6140.19
1.226e+06
3068.1
1781.37
1.37196e+06
3380.85
16866.9
7292.33
4176.23
7123.54
7926.61
35653.1
4635.37
4210.56
12222.7
1742.45
5201.7
2836.38
5384.95
8533.91
33927.4
4736.32
1.3644e+06
39197
224.234
1.20907e+06
7032.58
779.809
14219.1
1.36571e+06
2848.33
1.36551e+06
4914.49
289.538
4771.88
1.09137e+06
5306.09
4366.99
1.15983e+06
1.3292e+06
4003.43
1.10321e+06
1.36524e+06
1648.71
6221.88
1.34951e+06
7555.56
60992.7
981.253
1335.03
93882.5
284.813
194203
4143.33
770.136
5086.66
1.24582e+06
13096.6
6658.77
1382.48
2304.91
1458.8
1.03043e+06
2964.52
4266.14
1.18387e+06
6871.9
1380.83
1295.63
1.25423e+06
40860.2
7095.97
19983.8
2628.6
5362.64
1317.08
6342.23
10966
5583.01
4706.96
7132.29
22676.3
1.36765e+06
7144.06
38939.6
22261.2
1087.77
5013.28
13175.6
6322.64
38468.4
1.09671e+06
3208.57
3862.51
1.31223e+06
30202.5
44461
5619.97
854.665
9697.18
9652.33
3039.78
9384.68
30897.8
208.347
1.02086e+06
4390.99
5650.09
3904.18
5227.11
1.37073e+06
4777.27
5177.67
3631.89
5499.81
17613.4
8633.1
13229.8
5366.83
255777
1.33354e+06
26126.6
1915.44
4162.58
4695.32
1410.94
2948.54
3267.58
1.37429e+06
4414.24
599.364
2187.96
2357.88
7543.52
4146.88
12717.8
6147.21
4330.17
627.485
4357.65
6219.34
4860.73
5019.94
4443.46
118801
54064.5
2165.38
5569.15
6572.01
3025.55
979571
3826.28
7831.08
3172.39
1515.59
4718.24
7007.54
1188.95
883.43
28620.8
674.592
3228.75
6132.97
3260.77
3412.84
5197.22
304593
1725.44
3816.1
28295.8
4801.21
7978.06
3654.23
3434.42
15821.1
7645.51
1.27794e+06
3551.97
5819.32
4575.9
2992.08
3406.67
346.221
1.30037e+06
1390.01
4120.52
1332.27
1.19943e+06
4895.38
3393.31
1294.83
5463.32
4867.82
4763.17
3974.3
4894.35
1946.89
4389.15
3692.88
96349.8
39132.1
822.906
1.29848e+06
11937.9
6622.33
46243.2
1.15922e+06
4008.23
555.3
11178.9
1349.9
1.14143e+06
1593.71
3527.03
1453.23
481.321
1.30331e+06
1.16892e+06
1.35477e+06
315.681
15756.1
514243
2643.15
4381.81
13260.8
27191.5
3627
337.505
23714.9
4798.11
2314.42
740.349
419.029
4788.12
3394.94
17022
1108.09
7085.04
6483.62
618.361
1380.02
4142.1
4740.51
4462.9
3310.83
17134.4
1790.94
12648.9
956.223
3215.46
992161
14956.9
2630.01
7370.69
795.272
15981.6
1299.4
3358.89
3492.88
1441.14
4560.54
3574.91
4346.1
46232.6
45618.4
4366.39
2639.28
142651
943.337
17004.1
3614.55
2156.73
9145.5
1.02951e+06
4213.53
4014.45
239.879
973.071
11127.8
3966.07
1313.02
4812.12
1.36413e+06
123.516
31261.9
1.17714e+06
2449.97
1.34562e+06
1.28742e+06
22449
6590.65
14026.8
4168.33
1.1986e+06
2944.42
40202.3
5082.75
1.36082e+06
1.35645e+06
362646
1.3587e+06
1.33836e+06
1.31512e+06
1.36817e+06
1.33461e+06
1.22156e+06
1.34244e+06
1.32118e+06
1.35216e+06
1.37013e+06
1.3692e+06
1.36707e+06
1.36265e+06
1.36416e+06
3243.51
1.34885e+06
876.379
1.34586e+06
1.24983e+06
8061.02
3422.89
5653.35
4293.39
841.882
1.11902e+06
165.981
3905.45
4845.79
1422.45
1.29479e+06
9340.58
15798.1
462779
415.561
13484
24290.3
964682
27324
13433.2
5230.46
10711.8
3392.37
23043.7
4301.65
3256.97
3584.13
9221.54
11784.7
708.056
20746.4
1.01041e+06
4570.36
419.933
413.308
4508.99
4075.72
2289.52
3344.03
3077.83
4810.17
8253.13
27592.3
3715.78
1.37287e+06
3737.54
5467.88
38831
1.37537e+06
16702.2
12197.6
3999.33
8871.82
3063.39
3478.75
3860.26
2686.94
6256.51
2909.83
6535.34
460.437
5345.68
3947.98
30682.1
970.002
408.541
1790.16
295.144
5444.66
1.01852e+06
1.37525e+06
4496.7
4614.56
6326.97
5175.19
2391.23
4895.04
41532.7
4711.3
9751.2
14335.7
665.002
2883.57
4550.16
4348.53
6.10761
4.49056
53473.8
1276.07
5122.54
345.26
47725.6
564.47
2912.38
1314.43
496.229
10729.1
32.9986
5048.1
11536.9
1.36164e+06
1.33711e+06
1.33281e+06
1.35783e+06
1.36616e+06
1.35953e+06
1.31186e+06
1.31742e+06
1.36867e+06
1.3556e+06
1.36751e+06
1.34083e+06
1.35051e+06
1.21452e+06
1.36977e+06
1.36337e+06
3386.31
1.34428e+06
1.34722e+06
895.319
13173.5
1395.1
3840.89
4148.97
3248.41
1.33961e+06
29468.2
16224.6
2025.04
844.724
16182
898.697
1.29151e+06
1431.79
1635.11
5117.43
1.36985e+06
6398.35
7425.83
1481.67
3444.71
417.818
2345.24
28870.4
869.069
64.1479
11611.9
937732
3102.32
26874.5
3568.33
850400
371.177
3285.42
1159.1
2405.2
1.1028e+06
1.37185e+06
1.22753e+06
1.35296e+06
1326.05
1.2786e+06
9734.18
1.1368e+06
34160.5
1033.3
7047
790.767
782.967
2969.58
1.34785e+06
3352.86
35995.7
1006.54
1.27933e+06
1.29109e+06
25296.8
4547.42
5968.39
826.651
4305.13
1774.07
2155.31
1290.78
3684.49
2955.25
1483.43
4208.83
2230.48
1.28119e+06
913082
999855
4245.41
5228.66
7400.73
1103.93
6140.95
3336.45
1.3682e+06
3896.92
3077.92
3030.95
3893.91
1.35609e+06
1.13064e+06
2116.91
807890
756.364
9640.37
1.36927e+06
1.31886e+06
359.3
1.37204e+06
2303.86
10672.1
6121.6
1.22915e+06
1.31334e+06
2693.4
3237.31
1994.69
7505.23
4039.38
3852.75
28833.3
1.37311e+06
2440.44
2882.64
9034.47
1.11826e+06
446.601
2802.14
1.01401e+06
949036
2267.6
939551
1090.05
985.195
4177.94
287.934
4916.78
1601.07
1.25574e+06
2171.4
1.27902e+06
2853.01
97394.4
1787.25
1.15018e+06
1.26298e+06
1537.73
1.20851e+06
3241.19
828041
293.113
601.104
950.477
1.33005e+06
1352.48
3757.63
7956.58
1.37415e+06
2065.84
2203.26
2302.8
1786.77
48697.8
1957.2
18546.4
2504.82
1859.03
10593.8
24217.3
37136.2
6232.19
1.36885e+06
1670.92
3945.48
1361.68
1.26959e+06
4396.82
1894.52
413.22
744.18
3731.03
1.37574e+06
3714.04
1436.45
3584.09
3956.83
12901.4
48764.9
52050.2
1492.88
1.37262e+06
5576.18
1.29776e+06
3708.33
860.957
4235.66
1.17732e+06
1.26188e+06
41233.7
2334.49
43616.8
7227.46
1.28384e+06
525.737
364.337
1626.75
1.18255e+06
531.464
3517.05
1268.22
986371
5790.64
8927.74
1809.24
4097.34
5055.14
18986.1
1.2851e+06
17361
1.26132e+06
331.739
3794.33
7092.94
1.35e+06
1.34423e+06
1.3657e+06
1955.55
1.1776e+06
2646.53
1.28276e+06
322.191
1791.77
2040.09
1485.67
2232.69
7794.56
3381.06
1662.9
13419
652.796
1649.15
3483.7
804.603
38283
4399.35
1471.28
3684.19
814027
1662.92
1987.94
11396.4
453.808
41607.3
3332.99
25444.1
1294.14
2950.39
9025.3
1.22421e+06
1874.59
5485.76
8510.7
4013.89
786.864
8370.35
589.961
1018.55
5633.98
291.24
1.35924e+06
12220.7
3836.86
799.073
697.052
2077.05
9934.03
8618.89
395.117
704.277
4146.09
28816.8
299.863
427.41
887316
3159.88
4403.52
3697.01
11439.9
249.409
967016
3720.1
373442
3880.49
366.251
3567.19
1.27288e+06
3494.91
35693.7
409.717
1.10131e+06
3458.15
351.722
357.921
3861.71
2310.64
2831.87
1.35353e+06
3693.09
1.1318e+06
9746.73
5312.94
3812.74
1557.28
1.08432e+06
3029.33
385.293
10306.9
3363.02
8752.03
9439.83
4210.75
25346.7
5235.85
1331.28
1.31628e+06
1802.27
10619.3
835.076
17215.2
753.229
1.29643e+06
723.191
832.16
1.22883e+06
9500.4
11113.5
4973.47
5102.45
2985.06
926651
4271.65
695.775
3660.32
6967.77
778.691
1767.76
28548
4740.94
2608.57
946.836
1291.43
5758.52
6565.66
1.11128e+06
3522.92
1748.09
9145.88
2071.79
1.36253e+06
8898.27
943161
1.36673e+06
583.79
3863.45
1.23813e+06
13628.2
419859
1152.11
1976.3
4317.8
2348.31
4750.55
4704.71
1415.78
357.446
1.31536e+06
985.18
20769.8
4807.13
21295.9
4121.85
7342.5
5456.64
551.892
41119.9
387.879
5088.96
834.605
1.16923e+06
3803.78
7158.1
896.595
11109.5
37536
403.713
1.02168e+06
2707.99
600.14
5546.12
1112.49
1024.27
335.522
858306
105.266
1.37176e+06
298.922
1045.67
1364.63
1.03341e+06
1.37356e+06
1636.16
530.111
14503.7
9682.45
1115.54
14108
35541.6
24308.3
2912.49
4252.22
892659
21.979
3710.28
16424.5
4715.2
3182.33
4303.67
1015.13
2486.42
3687.23
827.797
1493.3
3420.17
2940.58
4625.88
2647.57
3069.94
301.78
756.964
6368.47
1.34134e+06
1.30247e+06
4330.76
388.375
1.2292e+06
2778.69
24.5595
1063.7
51558.4
1848.35
11875.7
1173.55
534.591
19988.7
1880.54
2624.44
4581.19
16550.4
8547.91
4958.73
1.14418e+06
1.3336e+06
962.239
2708.69
965.569
2747.65
2988.68
1.36012e+06
282510
4506.09
876.205
1.34757e+06
1.01727e+06
3420.86
7403.93
610.663
1.37409e+06
2655.44
14242.6
1.22452e+06
274.889
4497.88
1.37439e+06
7802.8
291.975
5070.03
1.36847e+06
2675.98
4150.15
738.127
1.18632e+06
3577.43
2817.9
2278.53
27282.3
2593.54
3090.53
2805.71
1.22871e+06
3986.52
459.959
61213.9
904.493
5611.03
2212.5
296.211
1.341e+06
3556.72
2583.69
1.35642e+06
22514.3
1.37359e+06
4002.29
42085
694.26
4229.72
5334.13
4397.11
1517.78
1.37656e+06
4729.77
2716.94
1702.63
1054.8
934.723
3310.88
7215.1
424.223
1.37524e+06
1617.86
2693.74
1.18636e+06
5991.07
1.33968e+06
1.34356e+06
1.34729e+06
3143.09
3092.85
401.473
3825.11
396.836
598.695
4441.35
6190.63
3826.17
4257.19
1341.67
1833.83
2497.59
1.31719e+06
14609.8
3869.4
5849.82
3322.68
1.3586e+06
807.169
4016.7
1762.99
1.29838e+06
750.484
1.15686e+06
1749.87
2819.99
1605.15
3020.23
53348.3
712.099
1039.84
2191.39
34984.2
1.31678e+06
1315.2
7449.34
4081.37
900.551
2033.44
1718.48
981045
10484.9
1.37188e+06
3839.32
25702.4
812885
295.251
1719.81
1918.9
1069.33
1720.02
1183.25
4862.18
685.198
6269.47
1.35082e+06
6697.7
1.32007e+06
791.248
1524.37
562.127
10085.4
4060.36
777.559
4350.48
933.722
26656.5
1.37347e+06
1.34525e+06
3411.63
4010.09
5396.5
48859
1824.05
28338.8
1.28531e+06
556.686
1591.51
8928.14
1.37471e+06
2179
2266.35
2936.21
5682.55
2390.58
13017.2
15174.6
2385.74
476.389
4786.24
917.147
1683.63
177126
1903.66
752.867
86192.2
1541.93
1.35487e+06
1303.69
1.34536e+06
9847.1
7463.07
80.1309
4289.71
3853.18
5457.31
2748.14
902.929
180.301
3441.24
1868.98
1693.76
6338.85
1.36711e+06
5099.97
10360.8
6667.17
843.021
1.31636e+06
3649.28
8372.83
1124.18
270.523
4649.67
1.36924e+06
928.032
1065.63
2129.94
3199.82
598.284
520.981
6012.27
39818.1
805.189
748.24
2207.41
692.989
1.28474e+06
975943
1666.58
1.35906e+06
1588.88
2923.97
1.36596e+06
4072.19
1079.22
1.36717e+06
1.30698e+06
723.891
1.36573e+06
4120.27
18270.4
1.24e+06
3851.85
4205.85
5801.37
457.155
947.856
2304.77
7151.96
4905.64
1612.76
940.004
827583
998.838
19524.8
5040.95
3270.99
992.765
898.533
7990.2
5414.41
826.393
4114.15
6426.13
1370.74
8940.72
2732.17
11014.8
8368.96
4258.56
4524.19
1.33545e+06
3281.14
853.082
1743.74
8307.59
914.704
478.674
5414.69
1.32774e+06
1961.81
5118.97
1.37455e+06
6066.24
2428.01
697.508
2140.47
2342.97
624.292
5737.02
1478.17
6360.39
9955.57
1.23911e+06
20577.3
7671.98
2872.6
82323.7
747.811
5549.24
1725.12
3493.13
6491.76
1029.01
4428.43
920.302
1.24091e+06
7129.35
5708.89
301.271
666.263
3260
1.36549e+06
485.992
8759.93
2057.01
1617.24
9947.91
3071.86
164.456
1.34736e+06
3635.56
6884.35
1.31763e+06
17279.8
1.08924e+06
3033.32
1.3696e+06
433.513
3845.23
4049.25
2641.61
4187.13
3940.89
3779.32
3848.71
3076.25
9201.17
3975.13
1674.73
832.94
3618.07
2155.69
1.23825e+06
1.25591e+06
2007.77
1.25609e+06
1.31831e+06
3783.03
1089.6
808.765
4619.63
589.687
2672.61
2123.32
4236.98
1.07093e+06
1535.25
1.1944e+06
1458.16
616792
64846.1
849.631
2846.98
7327.51
1033.28
2105.85
2120.02
442.801
393.08
4286.84
9588.72
12932.6
5094.48
10985.1
10005.4
969.903
3742.82
1.05232e+06
936.279
5165.51
948572
867.679
13665.9
430.618
3075.67
6457.33
1.19785e+06
2974.39
1.05433e+06
1.34893e+06
1120.54
2170.06
3385.03
496.733
909461
1178.73
1.35997e+06
2292.33
1925.61
14454.6
970493
839.595
10576.3
1.27782e+06
9765.95
3629.62
3950.99
1.31845e+06
1541.1
1979.81
2575.87
1021.78
3768.67
2211.34
3270.93
1053.96
12632.4
38433.4
10044.3
1830.69
1071.05
1.33502e+06
3344.91
2005.46
40416.5
4265.12
1.36387e+06
1633.64
3125.23
1780.81
165.106
2445.36
3847.41
1075.06
19382.7
1986.69
11188.9
1362.05
2004.57
2226.11
1.34268e+06
231012
2358.68
14562.5
7607.44
1860.67
770.325
5765.76
1.21497e+06
1892.83
2881.11
3272.61
3549.88
1617.65
892.721
1926.45
2010.95
395.323
1.32579e+06
2084.63
3916.98
1.33595e+06
1.36993e+06
26069.2
5012.76
2945.01
3058.72
3476.74
2676.1
10838.7
3037.05
2400.21
5156.43
1.37079e+06
3046.65
303.573
1658.48
1.20052e+06
4731.91
4164.94
2082.62
4300.77
5089.42
25750
20752.3
3136.23
2200.56
1.11207e+06
1857.24
4956.75
569.359
705.813
740.702
2032.03
6179.71
3297.93
3791.98
1932.82
1970.5
8533.84
1783.22
672.554
1786.34
3981.92
1790.11
1.34859e+06
5074.44
6305.7
3151.82
4416.82
3220.41
1.23536e+06
4836.74
9845.03
3003.25
5650.34
4649.93
2713.66
106662
115598
1985.54
2839.26
2910.84
14670
1.05107e+06
5924.99
1328.64
24870.7
5524.58
3714.65
680.809
6068.42
2505
4117.36
6369.28
3070.87
7175.49
1979.88
1.36879e+06
1912.64
690.183
5996.81
3769.82
1.36024e+06
3163.99
1866.37
2818.35
2777.43
12218.7
2446.96
1810.21
1408.35
444.296
5440.56
5294.18
12640.7
5406.92
2490.6
2089.1
4539.6
1935.65
2175.53
26785.6
5175.59
2149.73
3098.58
1875.09
1336.53
5153.91
1273.65
2021.42
810.766
1414.67
42616.5
1.34969e+06
12972.2
1376.14
1258.98
5017.97
6645.02
6915.71
2345.34
1858.96
1855.79
2096.5
3121.77
5546.28
6310.57
2809.99
1880.9
1461.37
1340.31
1357.71
1.36848e+06
1410.51
9355.37
1421.29
7169.64
300.36
3597
3734.97
2981.33
4422.5
1341.77
1241.59
1402.22
1355.18
1733.55
2359.72
1449.94
4814.56
1349.08
1444.55
1343.65
1425.02
1476.13
1446.27
24432
766.964
20488.9
12723.5
2488.75
92433.2
2742.52
1968.65
2169.85
761.319
25663.5
1434.14
822.692
5133.2
2221.23
7828.91
1936.72
21498.8
2897.6
2586.23
3538.35
867.516
1.35653e+06
701.459
2100.03
8666.57
3233.69
3189.08
2960.99
1958.84
830.049
2898.54
1.31496e+06
3932.05
3891.24
4481.42
3145.6
1463.99
730.978
6082.3
6471.27
1.33886e+06
4913.35
1.20807e+06
10849.9
577.586
1.16431e+06
3571.39
1491.33
2211.78
9721.38
5215.42
1.20763e+06
378.114
9300.89
1433.89
1397.92
1493.21
5378.19
4443.01
5043.23
3500.79
3782.14
2057.99
23527.7
3543.3
8924.98
2388.75
11355.7
3549.22
3880.19
4414.12
229523
2284.03
730.993
1405.1
1411.66
1499.33
5155.69
6379.35
2514.04
1.18156e+06
21379.9
2222.47
2557.74
2741.59
1.26358e+06
3489.9
3190.43
3299.88
3274.59
1796.05
4825.77
13289
2962.24
2959.85
1563.08
9945.69
11864.4
838750
7546.63
7076.9
2687.49
7654.82
3050.78
2405.59
1583.31
10275.3
24502.4
3342.94
990.393
2738.58
297.474
1.33548e+06
14072.1
1291.66
2458.86
3554.44
1522.5
388.196
3662.13
26128.6
1.18318e+06
3087.15
8530.7
1.33333e+06
7265.23
1213.72
4442.11
1.26518e+06
4192.12
964.934
2491.47
12921.1
3307.58
3853.56
2072.15
4022.5
308518
4932.19
784.09
8425.53
1459.33
28386.7
778.699
2699.11
13276.7
3972.43
13499
3549.11
7754
1292.85
5782.85
904.889
1939.01
3452.73
1.20695e+06
7288.05
2116.08
10685.4
3195.67
1515.55
6633.47
783.156
1.35089e+06
3907.18
4257.75
1.1275e+06
14248.8
732.526
2893.7
2350.08
1193.24
9412.42
2874.33
76226.5
4171.19
2419.99
4816.04
786.462
7736.43
479.348
3319.22
1.02207e+06
1.25417e+06
4392.72
1.14902e+06
13650.5
3404.35
3856.16
21056.5
923.543
30776.4
3110.4
4385.38
9180.3
3242.22
4202.04
2397.29
777.281
12126
4224.86
1311.97
3230.94
1.26037e+06
1201.8
22502.3
300.529
1.30356e+06
7622.48
1.37069e+06
1097.77
4722.39
5306.53
1.2063e+06
505.299
461.768
1.19528e+06
2897.35
46308.9
4789.61
2505.94
4956.98
1.26438e+06
279492
3397.21
4404.31
5227.13
11416.4
5181.81
9052.31
1418.83
1914.67
752.741
3518.27
25030.8
1.37545e+06
2580.65
698.583
3928.15
7204.44
2483.79
1419.33
1069.22
2214.06
389.42
3033.73
1.34551e+06
3430.35
1254.67
3867.82
1.27714e+06
4089.86
2013.82
1.00325e+06
938.384
3455.81
2065.84
4707.12
5304.8
291.403
1.28469e+06
3286.85
5274.35
11838.4
5349.34
5060.65
5916.01
4997.67
1432.63
2146.75
5056.67
969.841
3214.01
933.682
50977.6
6267.35
3434.12
2845.19
2956.09
3442.56
2475.91
1.3705e+06
1.35655e+06
856.056
4202.19
2455.85
3944.08
5296.05
5383.95
3869.66
1.30753e+06
1.36737e+06
1.26522e+06
8293.66
4982.61
1.16367e+06
20080.4
3542.43
1.36943e+06
2972.88
1.30135e+06
2343.73
4815.94
7431.7
5912.62
7261.99
1747.05
1.34431e+06
3642.36
1280.85
3196.39
3244.98
1.37319e+06
995.637
1370.28
1863.6
1703.54
13143.2
13981.5
4705.91
5129.84
1565.97
5271.45
2012.92
4049.14
4044.66
2492.87
793.462
1704.18
19029.2
4928.99
4915.47
9231.48
1692.84
3142.95
1.33564e+06
6273.8
4372.98
1749.39
1072.67
1692.58
1795.84
3102.97
4187.34
10184.6
2348.11
2514.31
2767.56
1.24112e+06
2674.42
1407.12
749.285
3962.22
4402.74
3190.8
2564.85
3409.38
1.37706e+06
4919.28
1268.58
5999.9
1.17287e+06
2403.43
5537.77
1.36975e+06
1.2275e+06
2121.84
13279.3
5335.97
3685.21
5656.92
4831.13
1872.78
26450.1
6786.38
1.28937e+06
3089.63
4538.57
44514.2
1549.02
860.112
1.25643e+06
4679.15
2536.23
1311.81
1339.94
3478.71
84531.6
5876.43
9522.01
1779.19
5198.44
3468.43
2376.22
13087.3
907.832
1.09807e+06
4918.46
2329.08
1.36349e+06
3328.46
20625.5
3490.55
3830.59
7059.69
2252.44
4313.56
1220.64
22659.8
3976.77
876703
3383.88
3635.92
4521.9
5769.12
1466
1.37478e+06
3653.71
2038.07
1.21663e+06
4122.74
30006.1
1.29947e+06
1084.17
13330.7
5205.94
3354.67
1.32538e+06
1.3687e+06
1.22851e+06
3854.57
3866.07
24714.4
7707.64
1847.88
4223.39
3030.28
3202.28
3856.52
1342.85
2632.48
1636.94
2227.12
2775.34
11987.2
15386.7
502.399
4653.8
37663.8
32169.7
1904
2040.7
12502.7
4180.13
1.21034e+06
3137.83
3287.31
1876.69
27125.9
1135.94
1.35586e+06
4955.82
11543.9
366.172
8552.65
1675.72
363.142
1.36022e+06
1418.16
3265.95
2196.35
14195.6
1642.47
1.3752e+06
2198.14
1.31861e+06
1686.49
1856.41
699.604
1414.21
1.2777e+06
1420.95
14063.4
1.33679e+06
2705.29
4124.35
4124.04
23410.5
2288.89
1635.83
7790.98
964.852
5418.4
3323.03
3551.09
4982.3
1578.22
3093.23
5034.72
1432.76
605.656
5065.37
1577.82
802.667
1766.61
5435.07
644.654
1.30181e+06
2844.97
5477.92
1198.79
3206.13
718.516
3030.65
885.4
3456.81
5385.31
50627.7
5899.59
1369.57
994.413
5291.63
4318.43
6681.52
2512.56
2682.11
18308.5
1550.39
1.25981e+06
1533.48
123906
1752.25
4417.15
1126.11
3232.16
1.35625e+06
2936.11
4845.6
3259.78
1565.29
4072.85
2008.81
3392.16
4040.37
6686.24
1797.92
1558.26
6543.47
4282.23
4057.16
3219.47
2633.56
2618.74
4627.13
629.236
5304.16
1727.19
5335.15
4159.99
1.00891e+06
3221.06
1.34521e+06
72108.4
3960.26
103430
3556.36
9957.49
4952.26
27707.1
2680.11
2532.04
1.30637e+06
1508.71
5172.38
15238.8
2513.49
1.3726e+06
1.24904e+06
3598.23
2063.64
6426.77
9895.01
632.786
1729.69
3459.76
5769.94
5310.73
1868.82
1354.63
28942.7
11294.1
1.31512e+06
1414.6
1599.4
18225.7
1913.44
402.594
16265.4
1100.37
1.28652e+06
2863.88
5445.97
3539.78
4095.1
322449
5744.92
3843.01
25.8529
1504.44
1.36674e+06
1234.41
300.101
3322.71
6082.33
8189.85
8221.48
17634.8
1336.14
11134.7
1.29434e+06
8412.12
2369.84
4344.32
23596.3
4110.8
1827.33
698.712
6067.56
7698.31
10101.8
2708.89
5538.12
9648.72
1.27026e+06
1444.7
2146.37
3148.79
1434.77
1667.68
19886.3
1634.65
1.32569e+06
3358.54
9774.57
2088.16
7663.84
494491
1800.92
5204.96
1.33038e+06
4610.76
6802.53
4647.91
3455.82
19398.3
5271.77
9777.18
351.267
1.34296e+06
3043.93
1.24206e+06
3869.21
1155.34
33191.7
1247.12
4443.86
15578.5
11828.8
915217
8071.36
6880.76
552.295
2703.16
3232.02
1028.36
1449.38
2155.8
359.594
1242.92
7239.9
552.867
1336.8
1.33804e+06
2502.25
6921.76
8364.93
1.34223e+06
2465.35
1.33613e+06
1643.72
1.3452e+06
9645.69
1.17218e+06
3964.69
1967.78
1311.2
2130.25
6889.22
1254.73
1784.23
2521.42
1903.37
2064.47
2861.86
3856.27
2117.78
1.28171e+06
1814.76
2102.81
1.32778e+06
9907.06
1.27298e+06
13369.3
8458.21
3206.02
1.35232e+06
1888.72
65490.2
2356.59
1663.51
1.36647e+06
7880.52
2762.7
3053.02
1373.87
1.37421e+06
1881.6
458.477
3342.65
873070
4200.55
1753.14
2234.74
3590.67
6705.67
11202
2752.78
1.26135e+06
8587.97
5808.89
1047.25
26294.1
12533.9
1925.44
1.35667e+06
1.36697e+06
5456.6
4148.76
429.408
1.18202e+06
25484.6
4047.15
1.35886e+06
11716.4
1717.66
2480.81
20536
964451
874680
2146.51
9317.45
4300.38
41519.6
299.238
1.32128e+06
297.468
1655.65
1749.21
8857.06
7619.94
4866.92
2534.95
1098.31
5730.76
14070.5
81351.4
2371.26
1567.63
2602.92
1.3513e+06
1.26675e+06
9262.03
4103.29
1.08768e+06
17554.9
4137.57
1.37501e+06
3223.59
23833.7
1.29048e+06
6489.54
9437.8
11085.2
28355.2
3269.16
2709.25
1.29024e+06
479.48
4253.66
1163.85
1688.59
734.628
16378.1
1.14095e+06
1.08338e+06
3022.84
9144.67
15406.1
14618.5
9535.76
1732.38
1.34933e+06
536.013
1.27654e+06
1.32539e+06
1247.69
1.29556e+06
2786.9
1891.77
438.764
3827.6
15089.9
14531.3
11530.6
22617
1.32249e+06
213.436
4560.59
1.37362e+06
3558.4
12634.6
1.00943e+06
27719.1
2293.97
125.038
4347.49
5181.7
1.0367e+06
1.05639e+06
9365.33
5157.94
2798.69
13411.3
5145.4
1.16971e+06
953471
30098.1
3995.37
1.37085e+06
8017.95
12252.2
1785.07
1.30836e+06
239.269
4893.64
16427.4
1610.37
3186.77
2832.51
892742
5483.95
974990
886.898
1818.09
1421.61
6964.34
218104
3214.08
1.31446e+06
339035
1556.57
1692.58
3517.91
14607.5
22961.5
7334.53
6081.11
9769.89
39310.1
1.04843e+06
1057.54
294.033
606.899
517.827
5345.29
9600.31
13501.3
1.28964e+06
3540.62
1123.74
12502.3
40387.9
1161.77
15911.1
9143.92
6921.98
1500.41
15165.5
3855.85
6394.46
21677.2
14677.9
2669.74
1746.54
4344.4
13243.6
1156.54
17778.9
1035.47
35593.5
1732.99
10170.3
1.3716e+06
5314.18
7913.81
8009.43
2627.75
655.558
1.37481e+06
105900
8029.92
4587.1
557.981
1001.07
4644.65
9375.1
16771.9
1.14516e+06
1327.31
1.0345e+06
21180.5
764.093
1.31903e+06
4404.51
929.297
44757.5
803786
1.2968e+06
8943.88
3060.21
15388.6
1587.16
22203.2
5289.82
940702
806.72
1.24355e+06
3364.96
1664.71
22006.5
1.21675e+06
629.793
8495.55
4299.88
1.33298e+06
6932.94
8357.19
1509.34
292.084
9522.63
6943.79
1.36769e+06
1.37344e+06
20708.4
22844.1
1229.85
1.37429e+06
4690.72
6114.81
224493
19746.3
7703.6
23483.1
1.34051e+06
1139.03
25200.5
5263.36
1.35649e+06
1948.43
2262.8
1.20332e+06
4782.49
15435.1
557.745
104262
1271.22
5613.6
1696.35
17414.9
3197.54
16867.1
1.07658e+06
8087.71
7580.65
2850.96
4750.31
1.36686e+06
3757.28
6826.51
1612.34
10897.4
18545.3
1.34699e+06
1262.56
2714.38
11036.5
2164.14
18437.5
1.03142e+06
3966.77
1.37024e+06
2470.01
227555
2966
2215.19
4012.45
16339.8
1.33487e+06
7593.9
6000.2
1.37552e+06
529.802
20916.2
7462.57
4250.14
936.273
615.772
21385.8
2262.27
8878.42
26953.2
98433.9
3050.04
12274.5
5463.52
105874
12140.4
9729.27
1455.23
23559.5
6606.78
3075.39
19931.7
3009.28
14906.8
9921.76
1.36925e+06
495.534
4373.75
1777.43
3949.83
1.30457e+06
20211.4
19583.2
1.3681e+06
1277.99
1.28484e+06
5252.45
74393.3
1.35455e+06
9762.45
4058.38
1.10558e+06
21229.9
8824.87
2402.39
384.198
4205.11
12841.4
605979
4143.43
1.31592e+06
1.35319e+06
36001.9
5231.61
4152.78
8383.06
1595.24
950616
5510.04
10800.7
1073.74
33862.5
6416.61
20853.3
12061
1.09338e+06
1836.02
4216.17
1.18147e+06
5974.11
1895.99
4576.74
5969.06
1.35882e+06
10395.1
844.412
1.37337e+06
1530.59
7130.39
39467.7
1.24626e+06
4208.08
21035.2
16455.5
23862.9
4972.92
351.031
459.868
935604
1.12463e+06
4540.8
9659.68
575.255
1748.8
1782.01
5003.72
7935.28
1.32747e+06
4363.62
1.36207e+06
4876.07
8325.5
1539.99
1.32818e+06
6154.73
16179.2
345.346
2146.51
2944.77
994.212
117851
4234.06
1177.68
6701.11
1197.32
160.314
2989.31
1.36655e+06
10307.3
22161.5
18159.9
34345.4
5998.35
1.37546e+06
1.36521e+06
1.03827e+06
3136.54
9416.06
21717.6
1664.96
1583.44
14253.9
5214.65
345.379
8562.86
1.19482e+06
24895.1
16202.6
363.824
11584.9
6168.11
105205
302.788
1.04419e+06
1708.83
3805.38
5149.09
5340.38
23936.1
4034.93
1.31286e+06
1.3374e+06
4478.09
403.116
1.23493e+06
1.29186e+06
1696.46
34241
19905.9
4022.73
1606.31
14624.8
3144.11
1.33907e+06
116029
5220.29
7279.56
2992.95
1.18768e+06
6789.68
4691.64
1.35991e+06
1.34237e+06
5479.09
5100.94
5142.02
5758.22
988081
9298.29
1.36875e+06
233.875
19075.4
541.177
1.37215e+06
8573.36
42842.1
995798
1.37328e+06
7063.88
6525.84
914.43
3696.46
3272.9
1.37062e+06
3383.22
5157.96
22752.7
1.34843e+06
7681.99
3757.76
12611
23543.1
330.702
6790.43
4421.58
9906.16
1.24379e+06
19787.1
2180.92
525.772
363.362
7719.31
5081.96
1.05789e+06
20602.3
6018.86
5924.78
9782.72
499813
3469.12
1.35213e+06
1802.96
81691.9
8191.98
9875.96
2911.32
7108.09
1.06736e+06
15776.3
255.436
560.394
37464.2
1768.44
322.203
9785.2
8897.92
323950
1427.14
3214.93
4162.62
1002.75
347.706
3318.84
6677.26
25222.8
2731.15
14858.6
2832.14
3408.09
4483.25
14899
1.34137e+06
72.9605
934.395
6835.53
21282.6
24603.1
4094.42
9331.64
7938.25
21305.7
1.30154e+06
1900.79
10761.2
428121
2369.71
8263.31
1.31284e+06
1233.87
1.24111e+06
1.18203e+06
1.20569e+06
1.35753e+06
24879.8
5245.32
1.36621e+06
9546.65
11428.1
8723.96
1745.66
1151.74
7636.07
17084.9
3198.49
3368.6
8744.32
4769.11
5655.63
1.36286e+06
16779.5
1846.61
143313
1566.58
1.37442e+06
135761
1.23632e+06
3704.78
1.14692e+06
6578.31
264.061
6190.8
10049
5967.61
6530.99
1.30412e+06
170948
10941.1
429.928
74749.8
3187.86
1.10879e+06
42298.9
1.21096e+06
802.251
10206
15432.8
632.528
422.725
11933.4
979413
4165.06
35297.1
1.37034e+06
7541.11
9592.37
15090.5
2391.66
23970.4
20296.8
693.594
9081.91
44.0513
4812.08
73092.8
4520.39
5186
11740.3
1.16477e+06
23080.3
1.02237e+06
4155.57
924184
7187.78
1728.91
957403
1673.18
422.176
4072.7
5328.69
6548.02
973981
3987.95
19466
2729.25
1.07819e+06
806.607
3361.04
3683.52
7735.7
1.02563e+06
1922.96
3116.6
16206.1
39661.8
1.33543e+06
3774.6
7500.26
1368.5
10876.8
4120.8
353.651
4598.34
9898.48
8596.64
1.17148e+06
2805.43
32576.7
9490.36
6508.39
10657.1
8171.46
2598.24
5479.57
699.805
22661.2
10841.2
7125.16
1295.72
10304.6
4208.36
1811.81
13019.9
4174.94
451.852
23379.6
5150.94
7174.21
432.356
8548.68
362320
1.05122e+06
1.18256e+06
1.07994e+06
8745.07
28781.2
972416
33225.1
10294
1642.97
607.113
1.21335e+06
1811.26
3898.86
12789.9
1811.4
776.681
2012.26
9356.19
220050
932606
8788.18
25304.5
4234.77
10603.9
504.064
290.561
2996.02
341.778
1749.38
1.08689e+06
42660.5
5184.12
9475.26
468.165
984486
451.861
10826.9
19419
12825.9
3029.74
3077.94
181.409
3723.05
3889.48
4210.41
64887.4
4138.84
13799.5
24551.1
494.871
3831.82
350.322
989003
1745.97
702.014
725.271
4057.69
859.474
64275.3
1.37253e+06
1802.79
4417.72
3640.21
56.9446
345.693
36045.8
5816.16
252.38
707.418
2772.31
894.354
1.20118e+06
60945
18788.8
4011.33
607.714
822713
1.11721e+06
2379.83
10426.5
9534.34
4783.38
1336.36
481.948
8864.05
680.639
958015
13028.4
2731.08
3109.87
1.26356e+06
937.071
4046.81
194.337
3089.96
754.856
1326.11
1.02158e+06
1.02546e+06
16060
4238.31
1.37616e+06
62585.8
1089.59
4263.37
9879.85
414.4
3545.6
746.629
4486.17
11767.8
4663.51
3569.48
1.37568e+06
364.931
948038
18922.2
3379.85
2717.02
23008
372.581
1.37587e+06
24038.8
3180.07
4099.5
4654.9
2997.26
6694.5
2951.76
3870.31
6955.25
3254.51
924.497
2782.14
1651.1
380.548
14713.2
8649.57
3733.28
4095.94
3854.73
3009.65
5625.06
340.405
1728.74
30978.7
29681.1
399.071
6004.47
4831.13
4101.81
2071.27
1.13727e+06
8016.6
3251.49
8567.16
37943.6
947978
3124.86
1.11605e+06
1415.75
1672.48
5312.67
2727.11
5097.79
4626.68
3108.08
23314.3
5391.52
2931.31
1225.87
3905.01
1561.03
6291.44
17150.4
1.22376e+06
15823.3
1.36502e+06
61547.7
911882
25978.4
1.07787e+06
1.3409e+06
5027.87
2914.23
125.286
6436.75
11069.1
855185
4660.59
6496.86
5222.9
5680.91
5422.82
18069.3
231.23
4436.44
4422.87
7002.07
3333.98
3785.89
53929.2
5902.79
1.36979e+06
3929.86
3346.49
333.417
5707.42
383737
4517.68
5412.23
15334
5430.66
4300.17
4802.74
3491.53
1.32892e+06
3559.75
1403.21
3169.05
17154.2
263.945
2860.56
2733.02
1354.14
1.11498e+06
14798.7
19706
943718
3528.2
2831.27
128.958
4622.74
4351.39
3085.16
1047.39
4783.93
4216.17
3957.46
4180.49
19794.7
1.09029e+06
351.578
3136.11
10286.4
1.12949e+06
4508.01
355.107
4691.53
17242.3
1.37549e+06
4767.23
59036.8
5880.14
4460.86
1.36949e+06
3636.66
1541.29
39386.8
4430.08
6775.74
1162.83
437.937
10595.1
4749.83
4020.38
672623
1545.11
3767.64
2675.58
1.37609e+06
7478.4
2204.83
2917.39
13705.1
771394
1237.97
4798.38
3712.42
612802
5151.64
5849.34
5565.32
3906.55
13970.2
5051.11
3181.79
2889.35
1736.99
4779.39
4142.19
456.009
2669.96
2232.25
3991.45
6045.46
7068.87
27910.1
43174.6
88711.8
23103.4
3071.83
4835.44
5334.6
2966.62
3188.77
967908
3909.92
535.885
6031.37
11641.9
4495.1
3682.15
6360.33
4848.55
2087.09
4685.23
18777
1138.54
6664.26
3369.53
768.66
3029.75
4182.43
1776.85
5913.77
5451.59
432.646
3389.84
4973.29
362082
2020.78
5459.4
3077.38
382.511
3604.15
4393.38
14154.5
959026
1823.29
5772.8
3070.79
10764.5
4833.65
4158.79
5289.52
9367.07
745.408
11516.9
37857.9
271.525
4264.14
443.069
68211.7
11110.8
1.37612e+06
20723.5
5532.7
52875.7
3775.28
28945.3
4810.23
13494.6
38275.3
4885.64
3624.16
3078.33
6817.95
5507.04
4969.52
3541.94
4385.67
4251.02
1789.79
4489.56
14351.8
6020.54
2189.2
5280.1
5775.32
1.20307e+06
1717.39
5546.47
3833.68
4257.35
4274.28
3150.67
5418
1.35015e+06
10963.3
4565.06
4091.84
1.27731e+06
395.038
766.763
1.36278e+06
8924.43
3492.42
3593.25
4784.13
5472.38
1862.39
1318.98
3439.84
5090.49
4218.21
1.19455e+06
1472.41
4776.18
3448.12
4144.59
6085.7
343.935
3073.24
3610.61
7671.19
2090.48
5553.76
3322.31
3125.6
342.923
3825.98
3137.72
854434
1.37255e+06
1794.06
838.721
3728.31
3906.84
5496.44
3095.31
1.01708e+06
3714.83
4925.4
7233.57
8300.69
390.248
2101.71
4042.38
3622.65
5350.97
1775.02
3537.53
1.10468e+06
341.218
4712.21
4256.26
4274.42
5057.84
1376.95
5346.99
3025.63
5063.33
4425.84
1811.7
3830.99
1691.95
10738.9
2540.06
3492.11
5480.46
3476.2
11359.1
4509.8
1.33307e+06
3325
3253.75
4899.44
16089.1
5003.24
4069.46
5933.78
4099.57
5576.52
5198.81
4103.87
5020.95
274.337
1.11977e+06
4328.54
437.464
2638.9
1945.69
1690.1
3882.22
5607.6
8136.41
737619
4641.26
445764
4033.27
389.159
4781.87
8959.75
4604.25
1308.48
3561.04
917613
280298
5365.3
7251.97
4713.87
3655.24
42162.5
1.3276e+06
2349.79
6251.67
4260.96
7772.72
5462.03
1550.18
4915.47
7319.96
345134
490.919
2076.34
20338.2
626.851
73.2682
435551
992703
928578
1301.88
2088.66
1.19741e+06
3736.41
6849.34
10611.5
9397.05
809098
356.22
11522.7
5241.51
6528.56
5621.29
5827.76
8982.96
3965.21
4413.21
344.916
25376.4
3716.39
4113.09
4424.08
4021.32
4925.66
5100.2
4653.99
4709.92
1.16398e+06
6141.98
6922.79
1872.47
23908.2
4228.42
3088.87
41566.1
7005.78
2531.67
8383.98
12165.7
2179.67
5171.26
6285.45
4192.82
3823.43
51659.8
11957.8
4181.11
865.281
11062.9
6313.72
2558.09
3321.52
1.18885e+06
915290
3796.91
2197.04
15793.6
463.308
2889.61
3310
2350.98
1417.32
4950.43
27515.5
12884.3
7693.75
367461
4965.13
2582.77
3791.26
9806.8
5275.52
14024.6
383.087
3308.56
26275.3
4278.41
914983
21935
5571.29
3976.58
2604.93
3849.03
6202.85
1712.85
4671.53
4222.41
336780
1.10672e+06
3304.42
6340.68
1.36394e+06
419.922
1.16224e+06
452.733
1658.83
3446.01
3732.75
1.30448e+06
6462.51
2394.25
1248.8
9783.6
3203.81
598.117
5167.55
3299.29
6142.9
332.685
2509.82
3339.27
4315.37
3552.24
7448.78
1.36899e+06
1107.16
356.899
7822.07
1.36422e+06
438.761
7566.33
3300.91
2553.12
509.653
2527.4
1239.24
519.735
1.15022e+06
5093.45
50832.7
392.618
4368.03
4436.01
8140.11
3241.83
3308.71
4069.31
5468.31
921137
4085.43
1261.57
1398.38
6067.4
11257.7
776.323
4596.58
4106.1
4565.81
3745.58
2408.23
1604.57
5516.29
5481.99
4405.37
2968.44
2974.67
806.47
13465.7
38157.8
1.36119e+06
1.36452e+06
1.35915e+06
1.33888e+06
1.34604e+06
1.31467e+06
1.35693e+06
1.35202e+06
1.30888e+06
1.36961e+06
1.34269e+06
1.3546e+06
1.37238e+06
1.37138e+06
1.36597e+06
1.33481e+06
2781.04
1.32553e+06
1.33048e+06
5263.33
3020.91
6218.16
4524.91
1258.53
5809.76
1.28308e+06
12310.4
21186.2
4519.97
13384.9
1.29094e+06
8673.84
1.29802e+06
8452.64
1.37414e+06
2011.1
4309.15
3828.87
3270.71
6019.28
3349.83
1.27404e+06
4179.41
533.446
1250.82
727.696
1821.32
6260.96
5615.1
7355.73
1.27194e+06
1.34439e+06
1.34102e+06
14406.4
4252.4
1.23957e+06
1.14077e+06
673.664
36550.7
1399.21
1260.51
397.135
2895
1.374e+06
983823
16736.5
1.1393e+06
1900.27
3232.35
6139.29
1.00859e+06
26946.4
8426.08
4943
6142.18
20805.1
4089.16
8264.93
960935
6963.81
698.153
14558
9890.94
8791.03
6262.93
1.24974e+06
12060.3
861625
2518.64
1.25015e+06
1.21124e+06
1432.65
5495.35
189972
1909.2
872.916
1552.33
6272.37
1.17568e+06
370.516
1406.8
1.37292e+06
4268.24
12649.5
17072.5
1142.24
5101.46
1035.06
9523.16
8160.22
8023.44
1181.14
2157.04
4024.45
171.6
421.125
5165.83
3193.59
4371.09
337.013
1644.82
8485.44
13930.4
8970.28
1.23217e+06
5763.47
9355.88
6580.04
2074.35
2150.67
5141.62
125.328
719937
2898.04
1696.08
5289.15
8051.39
1400.38
628.367
11727.9
1223.19
12194
1920.65
13137.3
1.10573e+06
1811.13
20437.9
1466.98
4354.18
2273.24
10883
19134.5
11231.6
692928
6992.72
555.74
2311.9
3634.16
41740.5
1.37452e+06
9971.29
2540.24
963274
5421.61
1965.37
2944.36
7257.55
5094.97
15431.6
4752.25
1284.08
28742.6
11820.1
7011.55
756.952
7419.68
2654.48
9278.96
21958.3
1.20064e+06
446.399
1756.55
1.18378e+06
972243
6031.15
9433.17
41249.2
7568.69
1716.27
991627
7912.71
43873.5
1.15887e+06
3637.27
1282.25
5068.93
14898.8
2408.03
8035.52
3686.57
20131
1.37336e+06
29030.6
1948.13
5070.55
8138.55
372.113
1.03975e+06
8650.29
1.01156e+06
3802.97
1.37367e+06
1.37187e+06
3548.53
1624.1
5124.81
614604
3343.73
5421.44
7614.84
1.32757e+06
6938.24
4671.05
3885.19
4039.4
4908.21
3100.13
487.87
2441.9
10478.3
4495.25
5641.21
1669.24
8530.43
11825.9
1213.69
475.888
57417.4
15358.1
8901.17
342.029
3154.96
2766.52
1339.28
1022.05
1954.02
8114.49
10431.1
12710
4871.72
1680.22
36900.8
1.37512e+06
30400
868.208
18745.5
5039.19
6814.83
305.6
7987.44
1886.1
4311.42
22086.1
3758.8
3197.58
4045.82
1.16907e+06
27342.2
1.01216e+06
419.888
3705.54
561.199
3082.65
8850.3
4206.69
3869.79
951505
4936.68
5661.84
339.378
539.765
1727.71
18243.5
3818.47
1485.78
3851.42
4181.36
2031.96
11470
3789.63
2228.21
4105.76
520.149
3281.52
7383.82
40226.6
3150.54
8881.91
13519.8
3165.47
35969.1
3699.62
5838.14
1.3739e+06
1758.22
14.3969
447.82
3552.83
9042.61
1140.56
5866.4
6669.24
410.578
4729.06
12351.4
1.07565e+06
2696.35
4483.54
890.748
7820.27
39388
589.712
12572.5
1999.25
6310.38
3480.43
23131.3
4235.97
5979.76
359.985
9602.83
784036
2228.99
1.04267e+06
4093.27
121.382
1745.74
18968.2
1.36901e+06
1.11104e+06
12935.8
1513.3
6052.98
838.002
1.33135e+06
5035.56
2451.62
2374.38
4191.17
5947.57
908433
2984.31
5391.56
2403.47
290.771
1.37477e+06
1.09845e+06
4572.41
13377.3
7724.93
1605.14
24154.6
10135.8
67091.7
4173.88
3071.18
2954.26
5428.34
8730.54
395.939
337921
2804.17
13297
16134.5
3276.28
4355
8084.81
3546.63
4324.14
6393.7
14333.7
1989.49
973765
3300.55
1746.42
1.23474e+06
4385.78
1773.9
9784.44
3479.02
36446.5
3740.32
6678.35
444.224
1.34843e+06
3261.84
2132.45
4972.5
1.2128e+06
1.00763e+06
3080.26
1843.69
3732.95
14083.6
6898.79
5557.89
1782.05
4474.35
4761.59
4511.92
29896.1
4758.37
3520.17
426.826
5787.13
1.25892e+06
4552.13
7816.7
7027.75
9192.64
4416.48
3138.31
5230.66
1.14021e+06
1.10264e+06
8122.87
2540.51
4866.36
1.05363e+06
8572.79
18051.2
4417.81
5566.29
15739.7
3639.42
4221.18
1.27436e+06
5598.61
496.099
2132.78
321.117
5584.12
320688
11256.2
4322.94
5330.25
3722.58
5303.34
11902.5
4713.8
3248.35
5136.37
5387.54
2777.05
448.76
31685.3
3456.5
2211.3
12248.9
374.52
4946.47
1.05921e+06
1.01004e+06
4024.6
3849.06
3343.16
3359.79
5408.54
2097.43
3742.96
3114.57
469.652
1.16639e+06
39669.5
4097.95
4474.7
15058.4
10835.1
5030.55
1359.58
3760.3
2955.49
3013.85
1.27493e+06
1330.79
3433.85
5167.36
4394.47
3733.36
3731.37
5455.16
2410.34
3287.09
730.735
3271.59
673937
1586.24
5571.38
9959.62
8584.12
7812.56
3874.61
2653.82
9108.85
6783.39
14167.5
4009.53
3143.2
4044.54
5414.53
1.14623e+06
6049.13
423.365
13538.9
6612.11
5618.92
417.566
4619.95
14911.3
3079.54
416.825
4541.68
3458.44
1311.14
5488.5
4698.41
3881.35
4256.02
4374.06
1.01442e+06
6512.51
6744.5
5517.85
3177.42
501.868
11296.5
4446.29
10289.6
3434.36
38702.8
5541.39
2326.75
2178.78
1672.7
5238.88
3873.01
3636.31
4804.45
3594.31
9650.9
1.11109e+06
5334.78
2484.77
230.396
3110
556.777
1.00391e+06
3391.34
3001.12
5494.17
3570.74
4728.6
3432.87
4449.58
3129.1
5138.04
3687.99
15247
4040.2
3068.54
4782.68
4693.32
7598.14
3127.95
5592.9
4882.68
4936.45
4305.7
17257.2
3323.02
4899.62
1.20309e+06
4943.32
3115.65
3722.42
4198.37
3610.43
9406.59
4110.9
16276.4
12800.2
4495.67
4870.46
3180.96
3287.24
3092
5885.4
24091.6
5957.89
5220.1
3306.65
3740.87
4239.63
5173.72
1223.77
4456.32
1.08361e+06
3127.26
5214.84
2085.8
985722
5324.43
7135.05
2414.23
4003.21
4242.42
6403.02
4531.16
4231.15
4270.95
2291.06
1.11439e+06
4412.12
1.18429e+06
464.837
8214.38
3109.75
4246.12
1.0252e+06
1074.75
4040.68
16652.8
3116.63
3859.11
5582.45
4287.67
4250.45
3567.26
4645.1
4934.07
13599.9
12702
5424.33
6210.51
689086
434.299
4045.54
5013.97
5970.48
4238.99
11950.4
1.26639e+06
4674.12
3826.8
6081.93
3082
2778.37
5602.61
3659.38
3673.54
1.28363e+06
416.984
3571.47
1754.19
1.36999e+06
4238.6
5557.24
4180.77
2451.35
5538.35
5660.57
4041.6
832.416
4448.22
4078.51
3047.09
1.00031e+06
7258.52
3083.31
4918.13
6800.79
1737.98
28924.3
442.282
5260.46
451132
4311.03
4177.84
2566.07
4463.71
2862.74
4071.53
1.36902e+06
6222.62
3724.42
8598.71
3097.56
5403.45
1.24498e+06
4829.05
985878
557.647
5019.01
14718
4424.49
4740.35
416.725
4946.94
407.425
3000.2
870052
4920.96
4260.82
8111.5
5610.49
3337.47
4108.75
3139.65
387.578
16656.5
1.25453e+06
3888.1
1.28065e+06
1.37289e+06
11236.5
4209.4
5225.15
4423.18
377.339
43653.2
6067.62
3776.27
2334.58
3107.6
4028.83
2949.28
5808.58
5752.82
7492.83
4043.77
3327.85
3979.1
3103.16
2568.17
3993.08
12959.2
1.27847e+06
6991.69
4173.81
6101.15
469.293
4152.43
5316.44
3108.99
3367.68
1199.55
460.053
6115.45
3091.39
5244.79
1.35267e+06
43280.6
5185.96
1269.54
1.18224e+06
4967.54
1.12071e+06
5271.95
4936.65
4621.74
6552.29
4749.32
534280
3102.02
5039.39
1.07907e+06
5828
25040.5
3798.56
1479.96
46694.2
5745.16
923.146
4831.23
3165.71
6317.02
4413.87
4939.23
4160.6
2875.89
3250.46
4643.76
5382.77
3140.84
2714.38
12246.9
1.16208e+06
3730.55
1459.92
1.37246e+06
4262.66
2573.02
1.0057e+06
1419.03
1411.64
443.327
566.222
4459.71
3353.13
3427.99
22852.6
4188.29
8395.54
3499.59
1.11142e+06
4942.57
5192.57
4438.54
4420.94
453.804
29994.5
2736.7
7933.3
5186.77
3132.67
219.327
4598.43
10519.3
5196.46
3384.92
5207.47
3027.47
2924.92
2825.67
3309.98
5360.53
8080.04
5898.2
4139.99
4199.94
45262.2
1.04157e+06
8149.32
2975.12
5451.81
1037.54
6218.39
5843.28
3562.75
2658.9
12922.8
10936.2
2519.01
3992.2
3540.33
2537.86
3982.49
7045.85
3073.8
1.29864e+06
6611.75
5211.26
4952.1
5027.67
1.35081e+06
1791.44
4330.09
13415.6
5375.84
2412.37
1.16162e+06
2850.96
3141.63
6216.21
6574.85
5172.8
5640.4
44618.9
3573.66
3877.84
11486.9
1.0128e+06
5145.49
1.14672e+06
600.986
5122.65
3698.7
4169.13
40093.8
12033.9
2014.48
6340.68
1154.67
5329.8
1733.99
3226.09
1.02217e+06
3594.32
1.36723e+06
5062.47
3585.21
3036.59
5387.61
3134.53
5289.66
4382.14
5431.46
5414.22
7866.54
432.79
4600.68
4763.23
3267.34
3407.22
4529.13
1167.73
3469.85
3898.89
3842.24
436.087
7883.59
3721.36
6152.97
7215.18
2140.42
3129.77
11573.6
2013.6
6237.51
6405.96
3162.62
4355.21
4020.93
3701.77
7781.33
3338.75
6837.35
5798.1
5235
14816.1
17336.5
2428.81
4248.93
24509.7
1330.01
3861.04
3183.7
20484.6
3724.14
531.617
981249
6793.96
4376.44
3196.77
3508.3
16350
6127.68
3516.88
403.927
4362.75
3264.4
4411.64
4653.81
3726.95
3450.71
4582.01
9294.6
1769.1
669.978
4407
854.062
3954.37
491.239
2775.98
6055.17
3148.83
8412.1
3722.72
24665
4015.05
5517.08
3263.31
4780.57
1.37515e+06
3725.01
1780.47
5517.15
3708.01
626779
4094.19
3924.92
3876.36
3865.32
5572.58
5474.25
3115.2
3875.2
1.34833e+06
1.37382e+06
941.961
2973.13
7316.86
8029.46
3789.44
4421.42
5548.48
4547.3
5085.18
5164.85
4185.14
7945.37
7443.71
7832.03
3186.13
1.37076e+06
15579.4
889740
25904
21887.9
1802.93
4777.3
3775.39
3339.17
1214.82
1.11098e+06
1264.06
7670.73
5598.62
565.373
6119.67
3000.01
466.934
938507
4896.21
77.4481
3867.02
7945.68
3846.28
4006.25
4878.1
4952.11
18956.5
5510.76
4642.61
4874.81
7361.44
1.01815e+06
3124.32
5465.23
1388.15
1353.43
1.03541e+06
7916.49
3660.5
5755.56
3119.74
4925.92
6911.31
4096.27
5032.25
5615.7
3918.5
8523.76
1254.09
5684.23
7490.58
1252.3
4375.17
2553.76
5773.68
1406.58
6985.54
5061.37
3940.25
3122.39
1.35227e+06
15516.1
1230.65
2610.81
3907.41
8716.26
4845.46
5787.62
3321.07
3436.18
4507.26
5778.38
4823.23
14936.1
2891.07
3559.62
26369.8
1.12129e+06
3351.17
1849.87
3696.81
5199.1
18455.1
4656.87
3100.62
4295.2
1819.6
3106.76
5286.07
678.994
9479.73
5143.18
3792.06
3112.82
5996.47
4197.36
5181.21
7237.68
1.32237e+06
3790.07
7931.59
5532.35
953379
3135.2
1.06007e+06
4923.94
8381
405.09
8337.32
3107.61
1.05375e+06
4255.2
4243.88
2399.06
6602.65
10193.2
4246.93
3339.03
6042
5606.3
4249.97
19411.1
1178.82
3558.67
23991.1
2851.07
5183.65
5590.99
926.735
5811.23
44409.7
4015.8
1.13712e+06
1.28006e+06
1.1461e+06
1.06361e+06
4255.75
4036.62
1305.54
4868.32
1486.36
2934.67
7169.05
5149.72
3093.89
8022.68
6774.35
3480.17
11798.8
310.498
3578.43
18641.6
3873.56
564.615
8301.02
1.10205e+06
12463.2
1.23414e+06
5693.55
4943.92
5273.25
6359.45
28085.5
88.6687
10615.3
1.3016e+06
2431.84
1.15291e+06
8646.42
4046.3
4348.49
1125.22
3630.29
1369.15
4373.81
1.34223e+06
4414.97
5119.04
6533.29
4620.55
15415.1
3028.82
1.35372e+06
3381.81
448.983
1.35064e+06
4339.48
3857.2
11216.1
5448.75
1179.55
1430.39
3473.92
480.458
1201.93
5494.52
23883.7
416.54
4871.78
6137.46
2509.3
1.0312e+06
6455.65
4714.23
3460.91
39622.6
276.067
3191.26
4413.42
4920.77
1.08405e+06
5572.35
699.611
2702.27
3838.05
2695.38
1.07347e+06
4407.6
4641.74
420.761
4079.69
7604.12
7641.55
8876.26
2166.41
1.36419e+06
7633.67
4221.27
1218.5
6999.67
9706.4
1.14798e+06
7965.35
9269.03
16859.2
15063.2
453.915
2586.18
3540.61
486.122
2022.37
6459.46
3750.02
70528.5
486.7
40446.2
8133.21
1221.28
4280.33
676.774
903.242
5316.55
4189.57
4925.19
3110.52
942254
37251
4088.88
1.03519e+06
1730.1
38983.8
1.37321e+06
5342.13
3604.08
1310.08
847.121
4932.92
1632.66
2380.47
1464.92
6799.05
4948.3
899328
9433.22
4531.05
8147.62
430.645
7401.16
2146.52
1.13137e+06
1.086e+06
1686.11
628.511
5366.54
8412.69
3142.96
1346.51
14757.8
14587.8
8137.21
248.322
13490
7622.07
4833.06
3886.5
13951.2
3437.07
6248.97
6467.93
864.061
17402.9
5693.84
974819
6053.13
3645.04
52445.7
6492.83
1893.27
431.803
1284.52
3030.83
1.11111e+06
5037.97
38455.6
4561.97
2007.08
37816.5
15159.9
8694.9
7008.37
1632.72
3469.1
3650.39
1373.71
4127.93
16780.8
10854.2
9251.71
1676.72
4448.95
26320.6
1.1612e+06
7846.69
4920.11
5196.78
1401.13
6524.9
8098.11
10146.5
6567.25
42665.8
3500.83
24959.3
3667.43
9371.54
7362.01
2654.27
43526.1
5202.87
4290.48
6108.52
468.342
2557.14
5473.12
7002.56
5843.46
2129.44
16822.6
2375.72
12058.9
9584.85
5731.83
1592.99
3908.6
3980.69
8921.38
4440.6
1.0243e+06
8129.81
6556.53
5039.97
435.56
6285.27
4605.2
21502.9
13415.4
19085.3
1022.18
4642.73
10574.1
7964.82
2032.6
83871.9
1465.81
3974.54
12587.8
11489.5
1728.89
1436.26
9018.59
439.57
17648.3
3635.99
5679.67
797157
6871.5
27764
12542.7
12513.5
4744.75
5335.28
3282.43
6164.36
1803.21
19414.8
1740.12
2428.41
8714.62
8972.54
7008.67
6836.94
5252.51
11251.7
4302.77
28649.1
9125.46
4425.59
1.04508e+06
5198.5
44590.4
26804.8
3760.01
4685
3113.93
3735.37
2433.16
1.36282e+06
16145.8
16789.3
6460.04
3245.4
9301.85
5179.29
4268.36
7335.9
7342.69
1914.02
600.245
1444.85
477.221
5377.86
1487.61
17893.6
4548.74
6078.58
3444.72
19491.4
1.21723e+06
9672.36
2865.57
427.042
1834.97
5948.1
7991.07
9098.79
7383.44
9177.17
2513.73
3111.21
3414.19
5999
866986
5870.48
5447.19
8557.43
1508.47
12816.1
14532.9
12053.4
5576.18
10826.8
4497.04
4993.24
403.13
610.654
10378.1
9644.77
1.17165e+06
1.01418e+06
16350
2047.99
732.705
1.04571e+06
20590.9
1.09428e+06
1.29226e+06
7658.66
5979.97
1481.97
4868.46
7696.81
4559.55
5444.71
14486.4
8272.32
25277.2
927.931
1.37386e+06
1.37187e+06
3949.15
1585.9
4241.23
2028.92
3257.23
14423.3
8028.04
2793.07
8769.16
21212.5
1668.42
4778.94
3232.32
6537.16
4441.42
485.788
1.2306e+06
8377.89
1420.76
4068.35
249.652
4930.28
10914.4
2679.15
1.36308e+06
17723.4
3228.07
3516.12
14062.3
3107.1
7842.82
18270.2
6670.38
1659.21
8021.46
1.37551e+06
8983.59
13055.9
3991.74
5846.5
3299.72
12638.9
6318.06
1411.58
1151.44
9483.64
16060.4
1308.4
7832.11
32569.1
2037.33
5991.08
5754.04
29603.6
4261.86
1234.81
1070.78
8788.37
3742.11
452.645
9580.72
6355.11
506.622
5801.49
469.091
1.0313e+06
15109
7936.99
5774.73
8240.36
1713.59
426.842
2858.84
8526.52
529805
2120.09
14587.9
7916.26
5790.81
10525.9
14886.3
11539.8
881642
4985.27
2778.76
461.753
4971.79
14311.6
1812.92
1941.45
1161.89
5005
3262.74
10937.2
2486.34
5515.31
4512.15
8008.87
1.32437e+06
5415.25
2183.3
5133.3
12238.4
4716.35
401.257
4503.64
8814.79
1.13186e+06
3953.76
3788.05
577.271
3922.48
12858.2
6116.86
14437.8
8094.43
6352.71
2878.4
1.34521e+06
2071.19
1963.81
1597.18
1179.01
5075.2
5305.68
7541.42
409.002
3304.87
5832.57
1672.91
5376.65
4403.62
1.31327e+06
1759.07
2197.34
1676.8
3086.94
1768.1
9711.9
4276.78
504.989
4262.31
986639
5039.28
450.944
1831.98
1679.09
4118.08
3389.62
26242.8
4654.56
1.15478e+06
7806.95
14495.2
613.899
7620.37
1.25604e+06
17808.3
3472.47
3005.69
1072.62
4937.63
1607.5
5553.05
1863.36
7905.6
3425.61
20832
5586.41
1748.92
5245.83
21214
7923.02
1796.92
3345.07
3159.17
1203.49
5941.11
2068.2
22254.3
1.04003e+06
6695.68
5078.07
3077.86
2229.42
5171.45
7836.81
44677.4
11131.4
1.28224e+06
1848.73
4016.1
433.582
7390.01
3069.96
1942.97
8358.95
9333.09
833.783
449.435
4685.91
6758.92
5481.32
1.37476e+06
22110.5
1921
11374.5
7776.46
3076.2
6457.84
3535.19
3597.84
906108
4836.58
11884.8
6293.39
1.0815e+06
1350.56
1.3203e+06
7957.37
1055.45
3776.98
3826.14
16473.4
2535.09
3599.47
2305.61
1.21391e+06
2485.44
2156.05
6468.23
5075.39
1.19997e+06
1219.45
16789.8
1516.03
3112.01
377.227
31923.2
11245.2
10129.3
5273.62
86.2586
7788.51
1305.01
3871.69
5058.4
32579.3
1253.34
12201.3
2770.32
12157.2
4776
3244.15
524.451
3090.88
3275.12
1708.28
1.35808e+06
8339.11
42399.2
825362
4407.63
3624.45
2937.45
4320.1
9262.95
4738.48
930794
2973.65
19234.8
9233.38
4248.75
8976.54
10025.7
3997.22
5187.17
2283.53
1.19237e+06
3085.46
2902.73
9261.3
363.444
1488.26
3844.08
37688.6
1.13392e+06
6522.85
308.978
6477.73
1.04958e+06
5208.54
1.01379e+06
8891.29
1387.53
5566.7
3608.9
13188.1
1310.74
2863.87
1.23392e+06
11725.6
33612.3
2525.14
5642.63
1346.34
4682.46
6493.52
6209.54
1966.67
1556.31
3997.71
1.06099e+06
5498.4
5649.33
9919.7
2894.6
4624.05
6899.97
24237.2
4669.06
1.3017e+06
9183.22
1974.59
591.901
13536.1
3817.43
1.24571e+06
5755.15
2345.07
4617.68
2476.25
4821.81
7856.84
26738.8
2404.7
5849.32
29563.8
2081.39
1.0441e+06
3432.76
1.356e+06
7572.01
24194
407.493
9605.94
913.083
646.002
1.21318e+06
4702.62
10143
8834.28
8139.81
4002.09
2609.57
2881.26
3786.2
2087.62
773.202
6783.77
8785.18
1.00349e+06
6874.05
1373.72
1.3716e+06
3441.97
8555.4
12123.4
3465.55
6725.98
13740.5
4151.87
4414.88
7003.65
1.08385e+06
4583.25
6715.47
2806.35
3584.78
1.358e+06
7260.36
5480.28
1.26528e+06
1.0475e+06
12217.8
3984.91
7188
5251.46
2617.3
1.15993e+06
447.728
1.36923e+06
8173.84
3265.04
3036.25
4697.61
9269.15
2794.59
6235.35
389.303
13734.3
6697.21
14190
2118.24
945421
965125
2894.64
4952.06
580.022
5546.84
2761.98
3228.8
9112.9
13925.6
2148.43
8836.57
3635.79
5556.63
2022.57
13901.3
2799.82
5723.55
4391.76
10133.1
4777.76
642.943
5187.51
7365.54
5810.95
1574.98
2339.54
3878.06
2407.7
3818.59
1889.63
2180.71
21525.6
4152.87
27573.9
1.23245e+06
2216.62
2282.17
3144.41
9499.32
8893.13
3926.28
2416.38
7353.07
2985.45
4781.06
1712.98
8097.4
6353.16
2235.1
787.478
365.07
3350.18
2990.27
5148.1
782.606
7354.37
3199.81
2676.39
2558.85
10348.1
5603.5
47489.7
326.164
33210.2
4883.83
5193.7
3841.61
19944
3850.39
2273.16
14251.7
5771.77
2584.35
2436.49
10641.3
1.16293e+06
886980
524.471
1775.38
1500.17
3376.72
435.924
1.15709e+06
2942.58
6105.23
10698.8
53008.6
1562.6
1626.2
13420
1706.81
14521.9
1.09698e+06
14116.1
4960.31
8578.37
8776.84
3323.38
3750.4
8137.49
4377.52
4956.48
4150.3
15292.5
1.13984e+06
401.113
11012.2
6761.85
8026.81
12812.2
2690.49
6134.91
9797.3
5287.57
50525.8
2578.56
1481.4
2372.3
1675.55
1.21617e+06
3610.51
1648.37
3097.29
994.687
7723
7474.43
4480.51
46117.2
3527.47
1262.38
4018.03
1.05723e+06
5080.12
2365.89
468.212
2484.3
5474.69
4156.34
8633.91
10839.2
5153.18
11324.5
91221.3
14654.9
24076.3
1705.05
19366.7
3512.84
14246.8
18658.6
3035.35
3197.94
4415.63
3327.61
5396.21
1898.4
435.732
9053.14
10607
5182.28
8029.45
5513.94
13208
9736.98
28618.9
4663.02
662.545
7420.29
4067.66
14073.8
953938
2679.97
3920.21
512.664
968551
15196.5
6971.19
2949.11
2577.01
20357.7
597.979
1.27974e+06
1089.01
949.751
3461.45
5110.12
46017.3
3914.3
4322.72
2165.55
4672.69
1.12329e+06
1.23319e+06
4312.77
1.18016e+06
13728.1
1803.17
18588.7
3236.55
2881.94
10929.4
4136.51
6375.42
10983.7
5156.28
3589.6
15349.8
76692.8
9208.86
1761.65
1.26603e+06
4156.53
9058.13
2559.88
7523.38
35475.5
4425.19
4956.22
5134.69
1811.96
1.16981e+06
2856.51
1.08695e+06
5361.52
14771.8
2079.45
2605.45
17573.8
227.711
2947.01
7949.11
5481.79
5464.24
540.2
4539.68
461.476
3344.44
1237.64
3529.46
4114.59
7274.95
3482.32
3672.03
6262.78
1.29344e+06
3734.35
16105.7
4086.13
4400.4
2880.75
1.24267e+06
577.283
17724.2
4144.68
930371
46736.4
1651.81
2405.17
1.23048e+06
20916.5
3344.53
1.26407e+06
1252.8
546.543
1236.85
4938.98
521.235
1.2814e+06
2780.76
5361.18
900027
5174.77
1.14169e+06
948357
4972.81
7532.6
2939.39
7834.68
1909.25
1.30267e+06
1867.29
4516.55
356.065
6415.13
5183.61
4255.41
1.36842e+06
440.966
2725.73
1.31412e+06
1934.64
11093
1.3765e+06
9471.5
479.629
4518.98
2013.94
9223.98
16396.4
15516.5
5728.83
69426.4
2870.64
5750.58
7717.04
1.26295e+06
3195.01
2852.93
3770.81
11259.7
7769.09
2946.9
911158
8926.53
6292.07
23382.7
11265.1
4989.8
15365.2
6217.03
44813.1
405.415
1.1727e+06
4322.39
5982.46
4954.06
12529.1
4282.55
1909.14
5179.63
13954.6
3918.89
3035.51
15851.8
4126.12
3220.61
3134.47
4407.92
1.36442e+06
15986.4
5507.22
6228.17
12126.6
3354.25
2653.71
1.12987e+06
1.14788e+06
9049.66
2108.41
3055.82
3129.7
5277.05
5460.98
995008
376.114
5007.21
12030.7
6295.11
18504.1
3071.38
1.28467e+06
377.943
3090.21
5578.03
10261.1
16476.9
461.483
4279.7
4373.1
11412.8
8560.95
5920.11
1702.45
4680.61
1.36051e+06
6916
16072.9
1.18572e+06
5361.32
7945.14
5099.22
1358.16
218.809
3822.33
15723.1
945.734
443.76
5139.99
14884.9
1.28568e+06
17145
64.905
402.601
10736.5
3116.28
10001.8
12940.4
14587.4
5543.7
7180.14
3489.7
4348.14
1.35976e+06
6156.48
4921.23
13083.8
488.6
1.28699e+06
942626
8675.33
489.959
4693.39
12134.8
4822.48
15576.3
2122.59
996192
5586.07
2228.83
3483.38
1175.76
3096.91
15561.2
689.036
3036.45
917570
8635.04
3465
13222.3
410.458
5188.17
7242.35
1.35969e+06
1.13107e+06
5445.84
7118.44
1.26187e+06
1.11986e+06
2297.39
2768.8
8492.29
3299.38
3071.96
4669.68
7488.86
1.33857e+06
3273.91
3305.56
27705.4
17146.4
4660.72
5106.82
1.29116e+06
4905.84
5376.94
4717.79
1.28038e+06
8630.21
1.17771e+06
3431.19
13417
1.29758e+06
1.33627e+06
3290.87
7888.34
4417.17
1987.38
4480.3
1.33183e+06
4155.3
466.724
21512.7
1.07398e+06
3543.92
13472.7
4276.03
2138.16
4481.26
4623.8
5173.63
4613.99
2010.96
2195.43
3021.65
20768.1
3654.27
11213
18394.1
7569
4971.97
3111.23
5372.04
4.82797
5911.48
4223.14
7762.8
6897.02
3143.18
3713.36
4179.93
17248.7
495.797
13462.9
10730.7
5198.39
3022.97
6454.03
1315.89
9675.71
15.1215
4413.67
4826.63
4991.51
3951.36
8822.09
2388.25
6477.91
1.1659e+06
2999.56
2418.13
1.34748e+06
1133.16
1.03241e+06
4618.03
13547.2
5191.76
878943
1.36702e+06
10628.6
1.31666e+06
15160.6
3425.89
2119.74
23682.4
4136.38
1497.59
239.751
2943.97
3701.48
1096.79
2497.77
3425.85
4515.75
15983.8
1.17601e+06
29855.1
826307
3464.64
3412.16
2322.01
548.032
13765.4
1.31741e+06
1074.1
3814.3
1.18351e+06
7533.79
17541.1
13843.3
62191.6
6849.18
550.306
939.652
578.475
8686.04
7587.76
2411.74
248.455
1.16873e+06
1.29617e+06
5090.87
2981.55
2772.53
10358.4
3180.07
11077.6
4126.6
4115.49
35136.1
3576.26
1671.84
2730.02
718.806
4201.3
1346.81
2895.18
1.37547e+06
4845.21
1285.21
8776.19
39373.5
2536.13
5509.62
4203.64
3756.24
1.28344e+06
601.406
1095.26
43927.6
2646.56
7036.05
1.05054e+06
3897.92
2474.46
2309.32
4905.57
2240.85
16650.1
3931.84
999522
3254.47
3253.12
3339.47
5045.38
3715.14
3867
3477.93
3447.73
599.173
1.118e+06
3580.22
2209.12
25677.7
21476.7
14875.3
440.56
1.33422e+06
5369.85
3725.51
1301.43
1.16824e+06
30423
8341.81
3557.22
3433.87
1.06794e+06
76690.1
1.20932e+06
4281.85
7636.96
17706.3
3592.29
3432
1.34224e+06
4175.75
2335.24
1.37333e+06
2695.36
1.37202e+06
8646.9
889229
2635.86
14009
4909.4
4857.69
78472.9
3118.84
1.34179e+06
7396.09
4894.81
1.28685e+06
1500.35
1.22963e+06
5546.09
10972.3
1.11893e+06
1.35936e+06
5024.92
1.00998e+06
14610.5
3042.09
1.1751e+06
3097.98
346.738
1.34853e+06
1842.76
8166.67
5388.01
1.21036e+06
533.823
1.37558e+06
4124.22
1.29716e+06
4047.71
1.20873e+06
14613.6
1.18901e+06
1.34818e+06
2560.89
1.36963e+06
1.23443e+06
1.24676e+06
2444.09
42244.6
1.18738e+06
2998.17
1507.76
1.09188e+06
1.0668e+06
4182.71
5619.64
387.312
29353.6
4617.34
4381.48
14943.2
1.01725e+06
3073.72
888121
7828.81
13484.6
1521.18
4332.13
5049.15
1.31835e+06
2589.56
8125.47
1.02737e+06
1.31781e+06
980559
1.17608e+06
936013
2885.14
3293.82
47.8636
37192.1
1.36676e+06
3766.37
8484.35
2949.54
3453.93
1.31738e+06
4374.92
1.35543e+06
819.59
2926.55
5533.43
5412.52
18754.2
8732.47
4771.48
6400.71
2460.58
1.03373e+06
1.04718e+06
3454.56
2614.46
1.3158e+06
807972
6104.5
47798.2
38549.1
21454.9
1.37617e+06
1261.09
14074.3
4065.96
3826.31
169.683
179.85
4278.01
9455.15
1.23072e+06
1.35957e+06
4295.85
1.19429e+06
3138.38
442.7
7636.25
1.18471e+06
5626.35
1.37008e+06
1236.44
436.153
5250.9
7381.12
5550.52
5195.22
16195.5
19334.3
18173
4279.46
4685.36
50681.5
3351.42
35022.8
7434.56
5065.72
1.32862e+06
3709.66
74579.9
6880.2
14484.2
1.37372e+06
5533.29
4258.7
4674.21
3099.46
12554.4
4227.95
1.07095e+06
4628.42
3123.98
4850.81
3692.1
1.36629e+06
3290.93
1.36603e+06
16057.2
3141.96
258.249
1.37219e+06
5389.08
1.18521e+06
15267.7
4753.51
9142.66
3378.05
447.898
1.36579e+06
2764.46
3464.97
4097.36
4622.59
2789.16
3716.66
15530.7
16853.8
1.37366e+06
419.556
517.161
15000.3
38094.9
5851.67
7746.55
2993.55
4260.83
7824.83
10045.4
2886.34
50755.8
2808.96
10015.3
3628.23
1.33391e+06
724.995
1.37462e+06
1.37176e+06
4082.14
39260.4
673.864
3516.89
5072.62
1.17399e+06
1411.69
3580.29
8443.55
615.29
2691.7
7738.82
3100.11
1.34315e+06
4932.95
1398.53
17426.7
5477.93
1.04835e+06
496.701
2565.4
4591.44
9160.05
2786.05
5354.12
9199.62
4144.49
2802.19
2313.26
1.34135e+06
687.595
4099.05
1.20801e+06
1.00382e+06
3135.02
1.34958e+06
1010.17
8178.04
949828
2815.84
1694.46
6519.06
15735.6
1.1007e+06
1.00665e+06
9534.84
6393.1
2925.91
635.535
1.06243e+06
8929.13
1.34917e+06
5787.48
1.28632e+06
1371.87
1.03965e+06
4968.32
5471.55
19261.4
10706.2
16148.1
1.34752e+06
223.566
14058
4960.2
1.27695e+06
1.237e+06
5412.1
2948.11
5756.87
2944.78
6646.73
15950.7
849831
615.725
1.37542e+06
1.35313e+06
14012.9
3849.44
18379.3
1.34264e+06
5817.13
10263.9
4335.81
5527.76
1.36917e+06
1.22449e+06
1.37028e+06
332.558
1.36118e+06
5500.61
1.35727e+06
1.21909e+06
20185.5
1.10396e+06
5943.77
4310.98
31837.3
10241.2
4368.66
454.77
12428.8
5415.6
13017.6
54345.9
6586.86
5780.69
5016.77
1.35508e+06
4200.27
1.31698e+06
13036.7
9484.61
8367.02
7314.63
3809.08
1.13384e+06
40596.6
16148.8
4791.71
4584.67
458.762
16838.3
2341.65
21207.9
1.05767e+06
11260.7
18449.5
59.3194
8543.47
3036.4
3905.64
12975.9
1.35918e+06
1701.08
10044.8
14245.3
1660.51
986.25
6028.21
1.35575e+06
4122.27
3255.95
26792.8
3387.02
14151.7
8965.63
1432.7
1.35201e+06
1.17423e+06
5570.08
3782.51
12788.4
1.37432e+06
2464.78
19038.6
5054.25
1.22488e+06
1.04415e+06
1.32834e+06
4829.46
8908.34
5870.79
1.24307e+06
1.36284e+06
12881.8
39575.2
3409.88
7420.64
17041
1.08709e+06
11751.1
19901
3237.43
6817.12
11034.7
3456.2
1.37497e+06
990083
345.233
3089.06
5746.74
709.458
4844.31
3856.86
751.495
6375.55
3135.22
16036.4
1.36561e+06
2224.78
4234.3
3078.97
1332.75
1.26459e+06
10409.9
5208.88
3745.14
15715.1
12528.9
3449.85
4420.62
3426.84
4768.85
1.36761e+06
5784.56
3182.14
19711.4
4733.71
4786.99
1.3381e+06
1.04615e+06
13469.7
4449.16
1315.66
1.37532e+06
7073.22
3903.89
21092.9
11360.9
12164.9
1.33716e+06
17230.7
1226.97
1.18995e+06
3176.16
11651.1
15020.6
15088.8
469.584
5116.18
2258.03
5006.02
1.3737e+06
6616.35
1.34308e+06
7973.55
1.35645e+06
1821.85
1.35138e+06
1.33795e+06
20438.9
5550.11
35782.7
3016.12
1.37097e+06
3336.69
5229.07
1.18598e+06
1.24113e+06
3191.39
7235.62
1.34197e+06
4039.81
6834.81
25207.1
3056.38
406.009
1.2811e+06
12672.8
36706.5
1.34901e+06
335.53
1.37344e+06
5697.19
4699.27
4590.48
4220.63
17411.9
5816.67
1.36409e+06
1.36071e+06
1.26045e+06
1.32055e+06
3265.94
4719.57
1.37354e+06
26457.5
1.37317e+06
1.37164e+06
3884.52
273.377
5532.38
6436.34
5593.36
7972.68
2393.34
3285.59
1.36894e+06
5063.67
3452.62
20736.6
1.3525e+06
1086.66
12142.9
3896.26
49722.6
5160.14
4372.09
1158.4
16116.2
1.05443e+06
1.24587e+06
5039.02
1.30473e+06
4959.86
4074.78
477.785
4844.85
1.37291e+06
9430.73
47435.3
1.31898e+06
444.408
6336.88
1.12081e+06
2516.07
4173.06
1238.32
36546.5
13028.4
12996
3235.12
3845.46
2880.27
4954.39
15358.2
2182.35
502.56
20246.7
5146.85
3078.52
1.35716e+06
10024.4
472.466
1.05567e+06
447.005
7274.52
4287.53
21082.5
179230
316.022
442.29
4133.99
8938.39
1.37452e+06
1.03816e+06
11668.4
27382.5
1.36749e+06
5239.63
3579.86
3557.66
20347.4
7692.15
3520.31
1086.5
6996.95
3720.99
4963.36
17584.4
4656.37
1.2133e+06
15822.4
1.04266e+06
6438.9
4460.14
3202.01
12393.9
2006.75
4692.58
1.24156e+06
5211.9
7791.01
20427.9
3761.92
27088.7
20790
6004.53
6763.82
28641.7
1.32679e+06
5058.43
6280.9
9764.72
1.25105e+06
1280.72
8460.17
49622
12499.9
2980.99
1.14854e+06
1.37187e+06
17443.2
19182.7
7286.72
467.039
1.204e+06
10265.6
6952.6
901712
1061.85
4817.11
4770.19
8057.33
13649.8
5733.47
2001.73
2735.98
3725.4
26814.3
21989
38775
9347.54
3108.16
6284.38
5601.14
12073.1
12464.5
1.06226e+06
457.746
4641.95
1.08943e+06
18441.4
6087.13
4028.84
1473.17
1.2083e+06
20236
1.07971e+06
1155.21
1.25595e+06
7768.25
828918
28099.1
8471.59
307.881
16673.8
278.087
1.36237e+06
2475.13
1.29869e+06
5105.35
4319.02
1.37081e+06
7983.69
6515.33
596.015
3088.88
10793.8
707.755
2243.72
6.83488
1.10514e+06
1278.2
38584.7
3212.51
6820.85
1.37485e+06
14100.9
664.434
4251.31
13314.5
8400.45
6285.89
1.21734e+06
4817.91
1992.43
1.37059e+06
1.36025e+06
1.36813e+06
8513.37
1.1182e+06
4146.74
10059.1
18133.5
1.36994e+06
6553.15
22657.3
5968.96
3409.22
3191.7
1.36857e+06
1.35946e+06
1.26016e+06
2634.54
850716
3712.17
24491.3
20443.3
1741.22
1.10914e+06
18296.7
11513.9
1.37268e+06
7500.93
4635.2
2070.11
883064
1.37399e+06
5422.78
9689.65
1.24897e+06
11913
4513.57
1.37377e+06
1.32705e+06
18017.9
1.35662e+06
16203.3
35990
4842.12
7654.13
1.06272e+06
5650.98
1.08725e+06
1936.52
4316.65
8595.65
2954.36
1004.14
19299.8
9149.86
16645.4
12380
3498.35
1.24787e+06
220277
5143.64
7340.45
3241.66
441.046
20769.2
1.07035e+06
4350.21
7065.19
1.37364e+06
5782.7
1.26397e+06
2318.05
15452.2
15540.7
19127
1.35099e+06
3741.34
1.28476e+06
4959.19
1369.09
1928.81
42969.4
4411.12
6098.01
1.37398e+06
7570.8
10998.4
1.34981e+06
1.37357e+06
780.369
1381.6
7393.34
1.37421e+06
5643.81
1.30745e+06
12639
7345.88
4165.59
193674
4781.1
1.37441e+06
2231.68
724.191
443.463
1.25089e+06
21006.8
859.621
2296.8
4566.66
2393.08
1.34566e+06
5060.46
749.686
24692.9
1.23619e+06
45426
4649.94
3639.78
1.25246e+06
16648.2
3344.07
1.36978e+06
5487.65
7922.83
5297.61
4911.31
2227.07
1.341e+06
3303.57
1.36753e+06
408.645
6710.88
2504.44
15498.8
13637
18015.3
14546.3
1751.88
3106.34
1.10043e+06
820.58
654369
1.23878e+06
15032.6
16409.7
1.33582e+06
1500.46
9348.77
5272.1
6273.27
3148.17
2153.69
452.493
7677.02
1.37503e+06
1.36953e+06
6900.12
1.25689e+06
49159.3
477.643
18218.9
14284.2
20299.1
17927.9
650.737
6918.38
2547.8
458.904
1.36378e+06
1.36271e+06
7098.59
3104.49
8827.94
7331.82
1.32565e+06
11428.5
8924.67
1.24332e+06
2193.01
3632.51
12755.3
469.763
1.31879e+06
2923.45
4659.31
970472
5835.78
42808.5
3883.47
1.27791e+06
1.36042e+06
1.11154e+06
4347.32
1.37291e+06
364.496
1.30209e+06
1.15409e+06
22685.9
4927.79
12070.2
560.648
28174.4
38.7477
34071.8
1376.2
18962
1.29252e+06
14240.1
22472.2
1.3726e+06
1.26974e+06
1.17584e+06
21116.3
4345.1
4900.75
1.37256e+06
1.03147e+06
1.02786e+06
20641.4
1.35651e+06
1.35299e+06
499.914
7203.67
10513.6
1.06258e+06
6989.33
1.07599e+06
4846.97
26495.1
2073.51
17019.1
4140.95
969673
5488.87
4611.87
1.0888e+06
40597
5632.96
4080.63
5173.11
1.24399e+06
1.35173e+06
39975.8
7247.49
32312.7
19487.3
1106.19
1.36674e+06
12793.2
14146.4
2886.78
3536.67
1392.11
3101.28
1.37496e+06
430.531
456.232
2546.08
1042.19
3333.7
10374.3
570.016
1.00206e+06
1.37529e+06
4873.88
1.36064e+06
1.26817e+06
3776.99
4945.02
11631.3
314039
9552.47
2383.78
1.36998e+06
1114.79
3077.88
1.3751e+06
1533.57
5127.57
1.34344e+06
3333.61
25148.7
5513.74
1.37153e+06
5216.92
4244.08
1.22177e+06
1.23414e+06
3776.62
2453.49
1.16684e+06
7113.53
6656.99
563.364
65802.2
25715.2
3192.59
1.11877e+06
1.33651e+06
25909.9
19633.6
5837.77
1.35861e+06
1.25189e+06
1.36957e+06
7114.88
1.35569e+06
672.03
5971.04
1.29174e+06
361.827
2613.54
1.32829e+06
1.1943e+06
31059.6
1.30664e+06
3802.86
1.37082e+06
3149.94
2831.09
3401.14
24472.3
6946.27
5959.05
12212.1
3839.38
1.12391e+06
8903.2
2459.32
3716.37
1.25586e+06
1.28857e+06
1.27635e+06
1.37545e+06
3543.1
10288.4
5254.49
49515.7
4576.93
1.36717e+06
6743.24
48490.9
12338.2
1.15915e+06
8542.53
7205.22
8938.81
179.96
1.35349e+06
3720.83
6323.64
7367.96
209.845
20452.2
4507.64
246035
423.226
4476.99
1.28054e+06
3444.15
3944.11
2748.57
1.34859e+06
23408.8
2968.52
6016.37
7456.16
1.06598e+06
1.23542e+06
3391.31
9283.92
51028
4031.44
1.10118e+06
2129.09
3165.54
3804.64
2624.99
3837.82
8332.43
3102.02
4186.41
1.3443e+06
1.3692e+06
3609.64
4141.43
1.36703e+06
17722.1
1.37244e+06
5114.4
1817.13
594.562
2713.38
6028.88
1.37172e+06
1.26576e+06
1.04878e+06
4518.3
19825.4
1.31397e+06
20268.6
1.33942e+06
1.334e+06
6046.59
7430.21
1462.77
26628.1
7349.78
27327.3
1.37193e+06
12504.6
7879.85
4371.32
5786
1067.33
3549.06
7002.79
6891.56
1.09938e+06
21080.2
1397.62
2503.98
11613.2
1.36591e+06
518.263
7808.34
6095.05
1798.39
33205.6
27287.3
1.27409e+06
1.3235e+06
3946.8
7663.36
20168.3
1.28926e+06
5726.66
4561.68
1.3164e+06
1.3301e+06
19897.1
2744.73
5514.64
28201.9
9879.63
11076.1
30172.2
1.0954e+06
5138.16
1.29909e+06
1.36296e+06
11033.9
5535.06
26247.1
5392.13
6786.52
8154.72
5174.43
3004.64
8770.83
1.26435e+06
16971.1
1.36191e+06
6006.03
1.02092e+06
636.044
4537.6
13733.4
36667.8
7366.89
637.68
5124.73
1.35972e+06
1.07655e+06
29319.4
1.07576e+06
9667.74
1.31127e+06
28877.1
1.36128e+06
1.36085e+06
2901.55
11879.4
1.11318e+06
3596.86
1.29418e+06
621.18
20166.6
1808.86
15133.4
1.35563e+06
1.36038e+06
2944.35
1.36732e+06
4759.49
930196
1.35065e+06
8122.57
10059.1
5386.81
6627.26
1.13292e+06
573.27
1428.66
1.36191e+06
213400
67222.6
4366.4
34677.3
3982.83
3637.21
4424.85
1.3686e+06
23391.7
4542
2247.75
1.34749e+06
1.34422e+06
7776.98
22046.3
4664.73
617.698
1.37334e+06
2582.79
2850.3
11987.7
1.15232e+06
11599.4
7831.73
5865.48
1.34831e+06
1.27732e+06
843526
6172.89
3252.56
11158.5
31185.5
4088.13
12924.3
1.3176e+06
73.0721
1.31143e+06
3036.35
8053.45
33216.3
1.29384e+06
8941.03
19454.2
68594.4
15741.4
8057.47
1.34217e+06
25081
1.30502e+06
10647.3
12768.4
831488
5235.72
1.28559e+06
1.27203e+06
2937.9
2449.08
1437.83
6721.22
1.29734e+06
1.1701e+06
1.3355e+06
1.32641e+06
6349.62
1.3719e+06
4177.31
1229.97
8779.24
1.36961e+06
4152.79
2137.67
1.33492e+06
19952.7
48829
1.37005e+06
543.467
1.30399e+06
3313.35
1.32203e+06
1.37489e+06
1.37008e+06
22799.7
1.37283e+06
1.29893e+06
8550.48
6599.47
6006.53
4551.47
4460.24
40591.2
3436.66
8623.54
3113.75
3626.69
4679.43
4834.18
809490
1.31134e+06
815.449
3933.26
5543.92
32366.3
1.31716e+06
3081.81
6443.97
16717.1
27489.3
440713
6606.7
17416.1
178999
7312.22
2908.51
20768
12165.4
8264.63
3775.85
1094.55
1.07143e+06
1.08734e+06
6938.55
13424.3
79519.4
46193
1.3748e+06
902429
746.576
5661.22
6140.87
2063.45
20056.3
2933.72
18683.2
2672.91
1.37391e+06
19316.5
3046.35
5639.91
8200.05
13126.2
1.37094e+06
31565.9
4917.47
3144.89
9040.61
17577.7
1.27631e+06
5349.97
462.701
1.12037e+06
1.37147e+06
6449.74
1.26821e+06
15704.2
588.354
702.315
5234.35
1.21984e+06
37368.4
17427.8
6395.6
5819.05
1.14386e+06
7582.48
1358.2
3884.55
6496.4
542.749
5365.27
1.24665e+06
2204.96
9664.86
4991.79
4519.5
5788.9
5239.08
15412.1
3038.11
5522.31
8501.51
7380.34
42312.3
1.35641e+06
12234.3
1.32643e+06
20137.2
1.2936e+06
1.30943e+06
32408.4
8595.48
17426.2
1.37401e+06
6078.82
5266.4
1.22293e+06
16812.5
18912.6
1.35964e+06
6463.12
1149.49
7464.9
5081.67
28081
6783.04
5949.31
2677.13
5082.4
6491.46
16822.4
292.63
3133.23
7604.55
27134
10741.3
587.19
1.35196e+06
1.35451e+06
5834.95
1.37508e+06
5078.49
6283.93
4256.36
20379.9
121.868
4335
25875.7
8042.66
1.05123e+06
1.34818e+06
1.34333e+06
1.11786e+06
1.33948e+06
10391.3
1197.3
2126.08
2228.74
621.184
19795.9
778343
624.434
14765.5
2167.16
1.32478e+06
8446.94
1.3297e+06
1.33416e+06
1.30211e+06
4324.36
1.0999e+06
2908.21
855.392
3287.04
1.37349e+06
4626.59
5423.28
6283.85
1.32064e+06
1.31171e+06
1147.65
4318.92
8685.1
4296.76
14113
2056.71
1.17417e+06
23466.6
8986.56
1.37382e+06
4649.22
22248.1
3982.07
7217.11
6504.82
1.14326e+06
1.14609e+06
31112.3
26586.7
16863.3
44469.9
5041.35
3220.24
11880.6
7703.86
3729.03
31188.7
6793.17
1.13762e+06
6914.59
3366.63
22294.2
1645.23
10509.2
3243.16
16515
690.842
1.18605e+06
1.2881e+06
4237.83
3457.53
8853.8
8070.96
777.052
1.12238e+06
2251.57
1734.07
22197.6
37098.3
677677
10055.7
5673.35
638918
12307.9
4177.82
3925.8
15597.6
9175.01
1179.02
3033.85
1.25079e+06
1.12228e+06
801277
1762.26
3260.92
3365.14
7663.83
1437.79
27837.5
1717.08
31096.2
2466.06
8966.92
2195.62
893.753
967755
5500.71
893.011
4966.97
2770.77
1.28309e+06
149.479
1.29717e+06
1.30775e+06
46921.5
12862.4
9550.5
7784.87
8941.14
4226.28
1428.12
561.365
167218
1.30099e+06
16865.6
1.35078e+06
6423.32
4151.36
7355.09
1.3742e+06
1.15886e+06
7966.11
4320.01
8339.2
2957.61
2490.13
2999.46
2749.02
11545.8
5955.18
10855.7
27156.7
12056.8
2160.43
15414.8
15153.7
1.37246e+06
1.22793e+06
1994.85
869110
4323.94
6055.21
44699.3
7548.01
987.571
9434.79
6583.77
7475.1
1.06047e+06
4289.13
1.16912e+06
4237.23
1062.45
917833
31368.2
3358.96
365.758
8069.05
1.16136e+06
14922.4
4276.99
38877.3
4955.64
4271.57
3221.3
1.37468e+06
860841
3493.98
3049.98
1.12473e+06
518.099
43164.2
22201.9
1.28589e+06
5024.61
3797.19
4024.52
5353.42
6198.26
1.03242e+06
1643.69
1.18457e+06
28193.5
11332.9
6541.97
23057.9
38464.2
6627.19
14342.3
3834.57
28859.7
1.37547e+06
3649.86
3127.02
3429.66
3126.84
6321.58
1.08175e+06
4248.82
1.03805e+06
11155.6
4001.35
3511.09
1.09804e+06
566.97
8510.3
8740.26
6051.99
16183.3
32136.2
1056.33
8013.86
6813.28
4857.64
10182.6
11825.6
1.35528e+06
29691.8
1051.99
21872.4
28591.3
44090.2
2583.53
2624.84
44017
2024.85
2658.93
5609.14
6609.87
1.05617e+06
3892.45
3229.22
4865.93
202.741
11989.9
555.218
23466
25260.4
116231
3988.36
8128.84
14551.9
8845.91
1.32925e+06
4952.07
2360.03
1.28298e+06
15203
5681.21
14868.6
4099.37
1.37527e+06
10639.8
12704
590.585
21454
9789
9258.47
36672.8
3370.55
1474.45
18220.5
7122.79
3330.91
16435
4835.24
47744.5
3963.92
85362.5
30779.6
6633.79
33098.6
17412.8
11269.8
1.0609e+06
15474.3
1.23177e+06
4289.07
4415.87
388.121
48975.1
16271.4
5893.81
7130.34
6443.77
8289.13
31853.2
16080.2
3595.04
904997
9241.04
556.187
11295.9
6993.34
6470.01
9558.33
1776.19
16831.3
2684.07
17845.4
1666.51
13133.6
349.14
6859.98
6314.15
3174.18
5650.36
3220.35
23121.3
4226.63
1.0014e+06
1.08563e+06
890739
3049.06
1003.48
8241.02
1.35633e+06
11299.8
8781.34
7639.2
1.28122e+06
13746.8
59298.2
1.36041e+06
5868.53
1069.43
893609
3772.33
11917
8251.27
4161.43
22043.6
2569.1
9875.54
1.37379e+06
84512.5
8160.57
9776.1
6533.67
4273.48
1.24446e+06
4774.4
945589
9300.71
8610.85
717103
17218.2
755.228
9055.25
2420.18
3034.22
22758.6
32798.7
11594.2
2015.5
1708.73
6808.56
15835.5
15062.9
2244.28
9532.26
8118.27
3131.04
9999.04
239144
1.35064e+06
1.15378e+06
12976.1
8725.66
6823.33
26839.8
7445.13
37892.5
1.0149e+06
6589.34
19458.5
10289.6
6202.56
19411.1
1898.22
14247.3
4454.01
2411.23
8891.06
5862.69
8792.6
11690.9
16701.7
2479.57
1706.99
4579.41
6817.3
19693.3
12294.6
3095.57
12243.1
11643
3588.19
20753.4
1.07551e+06
13399.1
3084.99
7024.04
183342
382.679
6508.1
404.327
1.16173e+06
1.11137e+06
14030.2
3411.73
12996.1
14516.6
4759.27
125095
1.36806e+06
1958.23
33615.9
805.531
4231.38
20349
1.04624e+06
406.831
3295.14
11437.2
1.04249e+06
428.378
7013.72
965614
517.129
5865.63
9557.52
26677.5
3241.88
25643.3
964016
8930.18
1.15395e+06
4535.93
7420.33
440.079
14272.1
3756.66
12061.6
1.17072e+06
3076.99
890703
1.20274e+06
5124.34
16976
19536
1.15371e+06
3320.88
3046.75
1.10815e+06
2817.38
1519.95
2952.39
7186.39
3580.53
5852.95
959934
5024.58
7664.84
7572.52
7750.65
2151.99
4794.23
13125.3
1.07445e+06
1.2833e+06
4298.96
7206.81
2461.43
3750.32
1206.77
10036.3
10032.4
8764.72
14072.9
129.666
1.3599e+06
1.36333e+06
1.35775e+06
1.33669e+06
1.34073e+06
1.30536e+06
1.31176e+06
1.35032e+06
1.35546e+06
1.36871e+06
1.34411e+06
1.35297e+06
1.37062e+06
1.37159e+06
1.36472e+06
4804.02
1.3282e+06
1.33252e+06
11794.5
1.26518e+06
826.815
1.3754e+06
1.32299e+06
957704
10619.9
34467.5
1.37414e+06
10871.5
17393.1
1.28795e+06
899.236
1.09665e+06
5707.67
1.34333e+06
2913.4
3921.52
1.36485e+06
9337.12
2039.96
1.27043e+06
1.29562e+06
1349.42
1541.83
10302
1.27905e+06
1.03456e+06
1.17931e+06
37896.9
1.12624e+06
3477.13
8467.74
1020.91
2356.59
813.726
4611.96
16458.3
7819.95
1.35456e+06
12276.6
9318.21
7733.4
627.299
8719.32
7297.05
1539.83
1.24528e+06
1.10752e+06
3310.75
1.08377e+06
8123.67
17808.6
7965.23
2402.24
2635.64
15672.3
20710.8
1.37225e+06
5974.73
1.3065e+06
57133.7
4832.46
3413.02
1.3646e+06
1161.83
7430.74
8685.21
4870.35
1.04777e+06
3333.41
16670.6
1.36991e+06
1.37165e+06
3085.95
4354.97
6280.62
14624.1
1.04942e+06
7887.52
10533.3
3247.2
547.677
11304.4
24284.6
50176.3
36402.2
39342.2
40805.1
3127.03
639.145
810591
4.95166
1280.72
678.222
16000.1
3654.71
1.11844e+06
7259.5
8170.08
1.33993e+06
959297
91600
12114.5
11763.1
6369.34
1.29603e+06
17279.5
2958.21
3611.07
6198.22
65358
4393.68
6444.24
547.555
941.099
22097.2
9534.85
74287.9
4773.79
5051.79
12445
1.33996e+06
13432.8
1.14928e+06
1.04341e+06
8738.11
8825.22
3207.5
1.18016e+06
3514.27
1.13009e+06
1599
10600.7
1.37059e+06
2946.9
1.15185e+06
33661.3
1.20542e+06
3461.62
661.318
1.33064e+06
147472
12446.7
1.15202e+06
1.15309e+06
1.09863e+06
2129.04
16700.6
13049
2494.72
3418.26
1.24426e+06
21231.3
1.18736e+06
9006.89
4872.87
6571.37
4064.42
1.22775e+06
3567.75
15740.8
1.30037e+06
4151.44
3286.05
6185.85
1.23428e+06
8228.23
4992.14
1.228e+06
1.3554e+06
8827.2
3276.22
1.36642e+06
37347
14399.4
1.10802e+06
7008.68
1.12956e+06
19154.2
38576.4
24245.3
24168.9
5453.24
6370.99
8033.64
3740.21
1217.72
5851.71
8801.74
5439.5
1.34588e+06
1.14935e+06
1.37294e+06
4673.96
2175.88
22286.3
3925.9
8938.37
7968.81
9461.72
5892.39
6030.21
1.23983e+06
3410.43
1.11631e+06
1.12887e+06
6627.98
2949.2
3958.46
8465.73
17708.6
1.33946e+06
1.36688e+06
16133.6
1906.66
32085.8
1.35926e+06
5210.97
2358.66
1.09017e+06
8571.7
10451.4
33511.2
9566.76
81787.1
1.15174e+06
8115.76
21120.1
17754.8
1.15967e+06
5840.49
5612.19
349.299
2515.08
3823.83
1.13977e+06
88598.4
12971.8
1.34596e+06
20337.9
3552.07
830.97
1.24193e+06
2727.92
525.709
6547.83
2494.66
17968.3
1.35697e+06
6779.91
555.891
28749.3
6766.22
1.19661e+06
1.15837e+06
3872.34
1.19539e+06
10059.5
11187.3
1.16247e+06
856.22
1.20119e+06
1.13895e+06
11961.4
3404.26
5683.94
3192.93
50937.8
1.16707e+06
1.13241e+06
1.1382e+06
13614.7
6836.15
3682.24
32187.8
1.35149e+06
3851.3
7966.93
10.7983
826.077
545.489
1.11849e+06
1.09209e+06
17616
1909.21
1.09456e+06
1.37207e+06
2757.51
112.743
4690.82
1.36067e+06
10703.4
21248.8
4391.78
7021.59
8077.45
2053.62
1.36746e+06
11831.4
1.26881e+06
19559.9
1.16707e+06
45876.9
17541.4
4514.08
1.33652e+06
1.37011e+06
1.3745e+06
1.36876e+06
13195.6
980657
3215.59
1.27995e+06
5159.45
1.17783e+06
32867.3
1.3196e+06
1.36787e+06
18529.4
602.006
1.36054e+06
1.26274e+06
138.498
12731.9
1.25872e+06
1.10406e+06
6980.22
1.34635e+06
1.17525e+06
1.35815e+06
20358.6
1.28676e+06
47663.6
1.36931e+06
10582.7
1.2709e+06
1.37356e+06
8656.73
5877.17
1.03703e+06
1.3092e+06
458.266
1.25941e+06
1.36413e+06
8337.74
8824.78
1.36766e+06
4201.98
337.534
2964.8
1996.57
1.20275e+06
1.16622e+06
5462.69
7095.66
25848.2
86691.6
13429.9
1.36392e+06
3744.64
1.32681e+06
5392.82
17836.4
1.36166e+06
10830.5
377.604
1.30374e+06
6464.54
1.32011e+06
921561
1.20954e+06
2887.38
8953.78
1.35635e+06
9385.37
1.33832e+06
3812.43
1.35688e+06
2943.13
1.18327e+06
21339.8
24726
14230.3
13024.9
864.927
1.05916e+06
1.28521e+06
9181.9
14222.7
9356.47
2940.57
1.36978e+06
7178.4
3516.2
3221.17
1291.98
7088.67
20117
1.15976e+06
1.01161e+06
32175.4
1.16306e+06
720.854
1.21658e+06
1.3443e+06
1510.58
2499.2
584.14
4398.68
1.33722e+06
13042.3
4945.18
31002.8
1.19077e+06
853744
668.091
11998.6
24938.8
901954
1.37558e+06
3569.56
22266.8
9629.25
149.344
19698.4
1.11935e+06
1.12849e+06
170750
4067.38
1.19793e+06
3119.64
11203.1
777751
67665.6
11310
6177.28
90551.3
6282.89
15069.2
50416.1
4810.65
974528
6036.37
1205.27
105155
1.20507e+06
544.386
1.22318e+06
15007.6
1258.52
8891.91
7204.39
88.0522
9995.66
4192.19
928.025
814.153
1.25198e+06
1.00895e+06
1.04148e+06
7524.17
18574.1
3589
7437.4
33805.7
70173.3
1.28072e+06
4402.13
536.318
6233.03
4829.91
454.277
1.25751e+06
1937.1
11141.2
14738.1
223.644
24439
317.134
1376.06
21417.1
1.18398e+06
20365.4
952175
48003.4
1.29928e+06
1.37453e+06
8285.55
5970.11
1.16542e+06
734.623
5961.58
1.34758e+06
14383.8
3114.53
1.24364e+06
5059.93
5681.99
2878.11
7514.54
1.09861e+06
11503.5
3169.73
86858
941.944
153595
6493.1
1.33251e+06
23658.6
9319.65
6775.89
537.766
4724.07
3950.24
14252.2
898921
24064.9
1.26408e+06
1.33587e+06
10388.8
2358.97
5099.59
670.57
5708.11
4888.36
1.37037e+06
3556.86
14621.2
1.16755e+06
483.508
1.37331e+06
11503.4
3244.65
1.23363e+06
4262.76
12756
1.2119e+06
1.22961e+06
46454.1
978.965
1331.08
1.17359e+06
43001.9
7357.98
3831.98
1.32258e+06
7869.32
11701.1
934562
3191.85
3145.59
1.28765e+06
123222
1.37477e+06
7057.8
36409.5
1.21842e+06
57956.7
51747.4
1.34837e+06
589.77
1.31908e+06
1.21819e+06
9955.6
1.02902e+06
1.3702e+06
4918.69
12252.3
3437.92
745204
4952.81
3741.87
13119.6
654.669
664.322
3727.55
1.05092e+06
93.6936
4004.16
8300.37
5194.42
5015
4053.43
40778.7
1.30094e+06
4298.95
7450
11413.7
10719.2
14744.1
12313.4
1.28244e+06
1286.15
259.86
4995.16
5221.02
8504.67
3444.63
18040.5
42877.9
3512.64
21009.9
3130.68
1.14883e+06
46657.2
27704.2
11651.7
702.411
4841.25
5024.31
12503.9
4769.34
12982.3
45941.9
14017.5
1.24461e+06
9259.43
22428.7
1.01764e+06
16938.9
1.37187e+06
2621.21
7956.8
2865.21
1.14503e+06
5066.86
1.17462e+06
1.04117e+06
323.859
7321.63
24523.1
2462.95
1.25006e+06
47656.6
22248.3
880263
491.312
8341.82
1111.04
1.29503e+06
650.912
4424.11
56075
1.3268e+06
3339.45
17179
1.28575e+06
1.35444e+06
1.18052e+06
1.13665e+06
43421
1.17352e+06
3145.16
716.222
5291.6
1.18498e+06
1.26923e+06
1.13629e+06
1.24298e+06
13981.3
948.878
321.496
639.277
50893.3
1.31069e+06
1.30001e+06
35535
1.25541e+06
1.31422e+06
13411.4
4195.14
1.3742e+06
215238
6864.33
7746.57
6174.25
1.1456e+06
16207.2
903.664
1.291e+06
1.36879e+06
9128.25
348.632
94135.2
4871.4
2747.85
1.29547e+06
10499.9
1.22511e+06
138035
565.079
1.29078e+06
1.30127e+06
123347
1.30085e+06
1.15486e+06
1678.72
14904.8
11736.3
855837
10293.3
582.917
8550.04
1610.78
1228.69
1.24263e+06
6539.63
8113.56
1.32305e+06
859985
1.36091e+06
4034.49
1.2012e+06
7393.07
4289.03
1.36428e+06
8417.9
1.29257e+06
29622.9
1.33623e+06
3568.88
934471
1.18089e+06
6489.82
1.26062e+06
1.20766e+06
1.3496e+06
872484
1.3195e+06
1.36164e+06
1.35565e+06
1.21726e+06
6787.63
1.30244e+06
11302.2
904609
1.36059e+06
1.1875e+06
1.1274e+06
838058
1.08725e+06
16570.7
10877.3
34599.3
27339.3
3170.84
1.27382e+06
23343.8
6331.68
1.18227e+06
11481.8
5549.61
8380.8
63368.7
1.29855e+06
446334
440.737
1.30712e+06
1.25077e+06
17898.7
1.31996e+06
3912.42
25102.7
1.19002e+06
5035.76
17814
1.30217e+06
1.19449e+06
11461.7
1.29067e+06
44938.1
500.562
1.15935e+06
7593.42
7641.44
1.26175e+06
4436.66
19096.2
13613.9
1.32462e+06
1.30589e+06
4065.16
1.04701e+06
1.33624e+06
1.15493e+06
15641.9
4227.57
1.26038e+06
31318.6
178.258
1.27021e+06
3142.89
7.32363
4622.26
1.32886e+06
1.28969e+06
1.2782e+06
1.25318e+06
1.27811e+06
376479
89822
422.048
1.23717e+06
5172.28
20331.8
909657
4669.51
1.29607e+06
1.22302e+06
559.894
1.303e+06
1148.87
1.33698e+06
894142
10081.7
1.16711e+06
541.341
1396.87
911.203
1.28671e+06
1.30235e+06
413.044
464518
1.34398e+06
8415.63
5188.83
25866.3
1.3139e+06
1.29483e+06
50415.5
41.9354
1.30653e+06
1.34971e+06
978.976
204701
427.142
1.32125e+06
1.2847e+06
1.32667e+06
4604.7
1.28243e+06
32445.5
1.3101e+06
8870.04
1.37507e+06
9205.14
1.35234e+06
4894.47
1.31284e+06
1.35654e+06
1.24776e+06
1.31546e+06
1.35746e+06
4930.96
1.3078e+06
1.19207e+06
436.925
1.3568e+06
3254.12
1.32582e+06
1.31838e+06
36094.3
9142.27
1607.94
1753.07
4704.55
1.36072e+06
1.32558e+06
1.3308e+06
1.34837e+06
6582.88
1.33216e+06
1.2526e+06
1.24448e+06
1.29633e+06
1.36376e+06
928.61
1.17908e+06
5030.62
3090.75
8066.7
1.33598e+06
1.32823e+06
1.37395e+06
4896.24
1.32827e+06
12662
1.31893e+06
1.33041e+06
1.33264e+06
42557
1.17595e+06
1.11542e+06
1.36654e+06
1.33826e+06
4810.3
1.16378e+06
1.36488e+06
1.36694e+06
23571.1
451.487
3196.28
1.34118e+06
11603.8
1.36769e+06
348693
13697.9
1.23949e+06
7998.74
1.34012e+06
1.35114e+06
24087.3
1.34216e+06
1.34389e+06
1.3454e+06
1.34702e+06
1.34585e+06
1.35104e+06
1.23644e+06
4200.95
1.32213e+06
1.23093e+06
1.34482e+06
4196.98
7206.69
1.35238e+06
1.35377e+06
3169.19
1.35683e+06
1.30459e+06
1607.52
1.30575e+06
37056.4
4048.67
1.24933e+06
1.36815e+06
1.01048e+06
1.16904e+06
1.35467e+06
1.35792e+06
42429.6
23385.1
1.35899e+06
1.24659e+06
1.36035e+06
7771.08
5532.05
1.35674e+06
1.30895e+06
9168.16
1.22418e+06
897816
37174
1.31203e+06
7673.98
417.26
1.36902e+06
3352.25
4147.17
21925.8
1.29467e+06
8657.39
1.36193e+06
1.23996e+06
278.081
22091.5
982.192
32947.1
1.31501e+06
6972.14
1.36749e+06
3555.16
1.29781e+06
424.325
573.799
3445.64
1.30129e+06
1.23897e+06
678.682
8924.24
1.36149e+06
747.2
4978.43
1.18445e+06
4828.08
1.25412e+06
1.32178e+06
1679.09
21195.7
1.36974e+06
2447.52
4750.34
473672
1.2332e+06
579.652
9183.65
1410.79
9215.25
1.28207e+06
1.17214e+06
10186.9
12337.2
1.36319e+06
1.16279e+06
1.25877e+06
1.21346e+06
1.2859e+06
1.33115e+06
1.32071e+06
1291.01
1.09071e+06
6643.79
1829.68
3289.25
560.041
3595.88
1.33334e+06
2952.64
1.23663e+06
1.36997e+06
1.37363e+06
1.26699e+06
1.33894e+06
575510
1.30545e+06
34228.2
1.16787e+06
28741.2
1.3408e+06
1.23769e+06
1.34563e+06
1.36791e+06
405.667
1.37138e+06
3249.1
22992.4
12437.7
1.30809e+06
1.28329e+06
1.34726e+06
1.31666e+06
15511
26047.9
6581.08
1.36449e+06
51.6329
36.1863
1.35351e+06
1.25107e+06
6576.6
1.36122e+06
1.26264e+06
774.485
23321.3
1.30657e+06
3631.74
1.32175e+06
1.36756e+06
924357
756.745
1.35475e+06
4864.13
1.36322e+06
1.35794e+06
1.14767e+06
1.05783e+06
1.3281e+06
3509.98
1.09817e+06
1.36004e+06
4427.2
1.12285e+06
9246.73
1.36841e+06
1.36817e+06
1.35899e+06
3086.18
1.36168e+06
1.36929e+06
30141.1
35648.6
1.36879e+06
20312.1
3162.73
4820.69
32659.8
1.18346e+06
1.36253e+06
764624
1.18041e+06
1.36461e+06
42760.4
31057.5
1.2826e+06
355.648
464.371
912.656
1.33788e+06
10709.9
1.36887e+06
1019.97
4714.01
1.0277e+06
2453.87
1.36541e+06
1.25548e+06
8721.37
1.37119e+06
1.28697e+06
1.34124e+06
4606.14
1.35061e+06
1.34289e+06
1229.79
1.36982e+06
29470.6
1.37419e+06
1.36827e+06
1.37158e+06
1.37431e+06
1.24218e+06
4902.93
9697.93
1.34738e+06
1.37362e+06
21325.3
1.3703e+06
1.37072e+06
1.36882e+06
4698.7
915363
1.35923e+06
1.27304e+06
1.37588e+06
1.25983e+06
1.3731e+06
1.35243e+06
1.34879e+06
4293.97
1.35631e+06
3574.16
1.37124e+06
1.37396e+06
1.37459e+06
1.37334e+06
7464.42
1.37401e+06
1.21879e+06
310.275
1.37413e+06
1.37305e+06
1.37191e+06
1.36982e+06
448.248
1.26717e+06
1.35421e+06
3205.64
8233.77
1.34727e+06
3128.35
32657.1
3108.89
1.35774e+06
1.26864e+06
4242.32
1.32038e+06
1.34945e+06
13446.6
1012.69
686.217
4672.93
1.18803e+06
1.35885e+06
22617.6
1.34525e+06
3341.17
1.19209e+06
5102.88
1.29481e+06
29172.7
45709.8
4668.32
1.36738e+06
1.34053e+06
876698
1.33521e+06
7306.93
3800.39
1.3247e+06
1.27667e+06
1.29155e+06
1.36626e+06
1.1705e+06
4056.3
1.30116e+06
1.31804e+06
1.26708e+06
1.37019e+06
1.37176e+06
1.33136e+06
1.32496e+06
1.3088e+06
151460
4032.6
1.36365e+06
50745
181457
1.23984e+06
445014
1.29518e+06
1.37277e+06
1.37104e+06
1.31302e+06
7517.56
44424.1
5447.1
1.36026e+06
1.291e+06
1.3707e+06
4590.65
1.24049e+06
21694.6
165179
32232.9
36231.5
1.28791e+06
1.35631e+06
1.32405e+06
1.19519e+06
1.36942e+06
22266.8
1.35182e+06
23220.1
1.32673e+06
4391.43
1.34925e+06
3187.27
1807.08
1.30596e+06
1.36918e+06
17754.5
13380.8
1.06666e+06
1.34314e+06
1.30088e+06
1.37523e+06
1.37319e+06
3171.86
1.33614e+06
1.32792e+06
1.36988e+06
1.32355e+06
1.20238e+06
1.37041e+06
19126
1.31883e+06
6822.54
1.37476e+06
1.24675e+06
1.18466e+06
22809.5
17912.8
2743.58
15877.2
5273.7
3121.41
3277.78
5775.91
8969.44
24088.2
1.36145e+06
1.28689e+06
1.36084e+06
285.098
1.37372e+06
1973.06
10723.5
3358.31
14940.3
1.37393e+06
49230.4
4266.87
1.3e+06
1.2959e+06
1.28382e+06
1.19977e+06
14626
1.28932e+06
1.11488e+06
433334
8277.49
4732.5
11182.5
3186.24
1.2892e+06
579.118
1.36822e+06
7324.91
3560.99
21640.5
20194.3
1.36024e+06
35606.8
1571.23
21252.4
3302.28
9974.85
8629.67
1.37344e+06
707.181
35526.7
246.67
13165.1
1.37392e+06
1.35511e+06
1.31805e+06
3297.52
1.37367e+06
23814.3
1.37508e+06
1.36023e+06
22576.3
1.3746e+06
1.29832e+06
1.34896e+06
1.20924e+06
10377.8
1.37014e+06
1.37397e+06
80682.7
38091.3
3603.67
1.29334e+06
9405.01
1.3353e+06
776.467
1.3718e+06
19360.5
1.32221e+06
166.795
1.37202e+06
1.37428e+06
931022
18551.6
1.31984e+06
17964.2
6511.84
1.33555e+06
12244.7
1.31897e+06
1.0907e+06
4286.59
13714.6
1.37165e+06
1.34288e+06
8985.84
8595.48
7705.98
1.34899e+06
1.37123e+06
1.37222e+06
1.37266e+06
1.37515e+06
11158.3
167.401
1381.33
1.32992e+06
1.375e+06
1.35609e+06
1.37231e+06
1.29047e+06
455.886
1.36011e+06
1.37587e+06
446.081
1.20682e+06
3521.83
1.37409e+06
1.36662e+06
4489.34
1.3662e+06
12129
1.36709e+06
1.34418e+06
1.37551e+06
6817.53
7204.62
59623.5
1.35006e+06
1701.41
589593
467.697
1.21365e+06
12225.8
755337
1.37354e+06
24538.3
1.30923e+06
20134.5
11030.8
126483
15589.7
801.948
1.37442e+06
4218.22
1584.22
1.37431e+06
11760.4
1.37299e+06
1.21592e+06
6714.99
8511.27
1.22862e+06
4091.77
1.35757e+06
18223.4
1.37489e+06
46694
1254.49
523.79
36609.5
11682.1
1.37226e+06
12850.7
1.2205e+06
1.36947e+06
45879.3
6399.55
1.3748e+06
2385.49
985.69
2948.19
11723.3
1519.58
425.042
4633.49
3266.08
6226.82
1.37258e+06
13781
36560.7
1234.05
440.046
11063.8
11120.6
4064.79
37846.2
723.239
1.22235e+06
4665.36
5212.48
466.043
16166.1
7646.4
1.37501e+06
1.16952e+06
1.31492e+06
1.22697e+06
1.18255e+06
1.37209e+06
855.042
6357.29
6519.18
59600
2942.78
1.37513e+06
15426.4
54428
7093.22
3051.01
976315
4620.98
9418.68
1.19151e+06
12135.6
1.12162e+06
3038.26
149139
18323.7
4270.16
1.37482e+06
39868.7
4082.85
1197.36
5032.51
1.37463e+06
1.1745e+06
2049.47
1.37347e+06
7169.36
84367.2
1.33735e+06
690.529
137.023
1.09287e+06
1.19905e+06
8989.5
1.20537e+06
4522.32
12079.6
1338.23
3193.16
696961
5168.47
1.36941e+06
6515.28
10590.7
1.3711e+06
2540.47
3228.2
3336.74
12943
989235
139179
3502.31
919345
1387.54
179751
3310.95
1.1015e+06
1.11568e+06
8600.69
8887.06
1.3589e+06
1.36238e+06
1.37493e+06
1.37387e+06
1.12048e+06
10285.9
504.658
1.05172e+06
1.23308e+06
6028.55
10514.5
4824.15
1.37483e+06
7460.14
8709.14
203450
3282.63
9455.85
14650.5
62114.5
3232.98
13845.7
3685.94
34703.8
3337.32
3408.77
376.261
49491.9
1.18751e+06
12711.7
1.15947e+06
800.054
25502.1
2761.97
9534.7
9818.5
1.37242e+06
317.092
13522.4
21317.8
1.37291e+06
10883.7
1.37362e+06
1.11064e+06
4159.8
213847
23267.3
7614.15
151359
1.24785e+06
4656.59
16981.1
8815.23
1.37476e+06
99012.5
1615.33
427.067
40253.6
47287.8
6872.12
8892.02
3133.09
1.21159e+06
9555.31
930.171
25198.4
13783.7
1844.11
1.28259e+06
1.37543e+06
4678.04
1.25322e+06
200906
1.20702e+06
1.35724e+06
567.034
725.754
13402
1.00216e+06
1.36077e+06
1.2289e+06
7436.41
4259.8
14200
1.37337e+06
5174.16
36579.1
870.156
708.833
38125.3
1.37016e+06
5124.33
3058.83
9401.56
43802.4
4672.39
370.852
1.14437e+06
1654.23
6621.26
13958.7
1.12301e+06
13715.6
28161
1.37206e+06
1.34653e+06
1.20186e+06
133.874
38352.8
8941.5
1.35568e+06
6090.9
1.375e+06
895075
1.2459e+06
1.33692e+06
1.36784e+06
870319
1.28036e+06
15208.6
1.17378e+06
36046.1
1.27091e+06
33831.8
16715.8
1.36842e+06
381.051
1.25841e+06
3568.9
14344.6
497.277
4583.11
1.30402e+06
1.32708e+06
484.393
9702.55
1.36418e+06
5761.78
443.685
1.37332e+06
7111.04
4744.81
3807.31
37310.4
1.05373e+06
4698.61
1.3636e+06
2834.77
1.3518e+06
3414.62
1.27188e+06
1.37504e+06
7421.55
16044.1
39981.7
11138.7
1.26352e+06
553.51
14369
42814.7
1.25081e+06
853052
1.35715e+06
5189.32
4510.61
630.398
268285
7430.77
1.23454e+06
4390.47
5648.56
12782.2
7993.68
1.3758e+06
31437
149.261
12534.4
1.37528e+06
14251.1
1391.32
1.2983e+06
1.27641e+06
332845
9657.96
8149.03
54750.1
841508
15514
7100.06
1.33759e+06
5501.91
4772.48
15647.7
15991.4
6136.34
3866.41
12743.7
184.874
1.28415e+06
7688.43
7198.38
12258.5
455.16
145922
1.20134e+06
14766
3569.41
1539.34
1.35824e+06
1.29498e+06
9235.86
3252.38
1.2807e+06
4855.04
6505.4
14641.1
11022.7
1692.08
25151.9
48205.7
45295.4
4407.66
16651.1
43199
1.26464e+06
1.28487e+06
567.632
1.29322e+06
10531.5
3866.36
1.3581e+06
1.28059e+06
1.30424e+06
1.30171e+06
1.27293e+06
2767.02
872.602
56612.5
2826.34
1.01382e+06
1.24308e+06
1.33404e+06
1.29294e+06
6052.19
5139.75
962.553
4222.68
7957.2
1.29691e+06
1.28777e+06
34055
1.2982e+06
614.377
11762.9
1.30427e+06
1.29831e+06
1.3215e+06
173426
1.32157e+06
14926.4
4285.97
1.32139e+06
582.022
10751
2973.87
3924.68
1.32427e+06
1.31564e+06
1.28451e+06
16956.7
1.32609e+06
10184
48800.2
1.30759e+06
1.33015e+06
1.28825e+06
1.33733e+06
1.32279e+06
1.30489e+06
1.29679e+06
1.32723e+06
1.35033e+06
1.31065e+06
1.35619e+06
1.3381e+06
1.36229e+06
1.32282e+06
751.871
1.33341e+06
1.33714e+06
1.30003e+06
1.12686e+06
1.34495e+06
4693.06
1.35192e+06
1.36084e+06
1.35073e+06
1.34222e+06
1.353e+06
1.34674e+06
1.30857e+06
1.33212e+06
1.30056e+06
1.3574e+06
1.35738e+06
1.36116e+06
1.35538e+06
1.30333e+06
1.36426e+06
1.36798e+06
1.36694e+06
1.31162e+06
56877.5
1.30384e+06
1.31369e+06
1.31435e+06
1.3074e+06
1.31721e+06
1.31664e+06
7125.26
4797.92
1.05924e+06
1.32034e+06
1.36157e+06
1.36725e+06
1.30733e+06
14227.8
11783
1.32739e+06
16071.9
6400.64
79413.8
1.33956e+06
1.32935e+06
120406
1.33174e+06
1.33392e+06
1.3103e+06
1.33932e+06
40300.7
1.34093e+06
3447.39
1.34335e+06
1.3324e+06
1.34625e+06
1.35175e+06
1.34458e+06
1.34793e+06
36331.6
1.3574e+06
1.3531e+06
1.35442e+06
9653.48
1.35849e+06
1.35955e+06
1.33457e+06
57.7932
3924.27
1.34002e+06
1.32947e+06
1.34186e+06
1.34658e+06
1.36945e+06
1.34806e+06
1.35422e+06
2803.76
1.33897e+06
1.35852e+06
1.34386e+06
1.35544e+06
1.36206e+06
1.36502e+06
1.32529e+06
4719.69
1.34825e+06
1.35951e+06
9918.37
1.35319e+06
1.36854e+06
1.32553e+06
1.36303e+06
807677
6815.65
1.36578e+06
1.35835e+06
1.37564e+06
1.3691e+06
917.39
38932.3
13418.6
1.36789e+06
1.15528e+06
1.37024e+06
77137.2
10707
176416
5103.28
1.18902e+06
12370.3
5126.36
1.36852e+06
2958.24
1.36904e+06
4419.81
6521.4
799.701
1.36702e+06
652.976
36148.5
41370.7
90543.9
1.37452e+06
5415.6
1.2148e+06
110.539
14882.5
12407.4
21.326
9699.57
785327
1.3696e+06
1.37015e+06
26722.9
4156.36
12283.9
620.759
31952.4
47802.8
8508.22
1.3739e+06
4508.77
22034.9
2796.71
6329.36
35118.4
26079
221.34
25479.8
4649.48
4345.28
1.11787e+06
8916.3
1.37004e+06
582.977
4355.24
938.916
1.08078e+06
291485
1.37069e+06
2833.31
1.35958e+06
2807.98
3100.05
11258.3
38545.9
1.37045e+06
1.37052e+06
11852.2
452.109
1493.86
1.20449e+06
904756
2623.68
25854.1
8915.31
1.37105e+06
84301.9
1.37209e+06
4507.01
3086.18
7970.89
1.37149e+06
16476.1
1.3714e+06
53056.3
1.20663e+06
6849.35
3969.7
1.23545e+06
11686.3
5712.68
33395.5
2560.68
4765.24
7157.81
574.467
1.28401e+06
987892
1056.44
1.15866e+06
1.03548e+06
4745.77
1.30279e+06
4981.15
22402.5
1.37176e+06
1.37385e+06
1.11008e+06
1.37379e+06
78.7718
3165.3
38886.9
2618.49
23750.8
1.37409e+06
1.19443e+06
5974.3
291254
4824.86
21266.7
2033.15
40393.6
872700
2552.89
1273.82
1.37438e+06
1.37088e+06
1.37246e+06
55092.3
1.37328e+06
11936.2
16538.1
5074.71
387.072
1.0243e+06
31800.8
1398.65
1.09981e+06
1.36796e+06
1.10649e+06
16224.9
1.37461e+06
1.36903e+06
21939
3363.41
3909.47
39759.9
5772.51
12919.5
20311
53539.9
73179.6
7001.28
9040.46
12767.8
4729.04
4378.23
1.28824e+06
1.32431e+06
1.16912e+06
36153.6
76467.2
1.26117e+06
3499.9
3337.73
422198
5432.32
7748.35
1.37276e+06
3082.04
1.30331e+06
11145.8
18369.2
3601.58
812.329
62785.7
165479
35373.1
380.671
1496.51
763.193
1.37063e+06
1.32103e+06
42943.4
1.37202e+06
1.37233e+06
28209.6
687.884
8724.57
38565.8
42476.1
5949.53
1.37281e+06
21716
5978.5
1.28628e+06
38194
59194.6
7522.1
1.37414e+06
19364.6
1.35747e+06
1.2317e+06
1.37452e+06
228080
1.21103e+06
326.048
1.36099e+06
7586.84
13669
7369.95
40251.9
12477.5
1109.59
22149
3202.42
8277.05
2404.09
30716.2
1.01588e+06
11785.9
3925.85
39911.7
1.11314e+06
5750.26
3227.87
5334.71
3335.03
3546.75
2181.23
7395.15
1.29189e+06
4146.29
4476.06
6463.78
7235.97
2336.76
99743.7
1.2081e+06
33942.9
30478.3
1918.4
1.37492e+06
804516
1.37468e+06
1.37442e+06
3038.54
2808.71
1.37507e+06
141763
8577.72
5877.79
435.716
16499.8
840085
64075.6
6643.02
869793
4956.39
1.33716e+06
15675.2
3606.76
3124.03
7255.42
3194.19
14355
8336.09
41330.1
4441.33
5942.72
1.37524e+06
6899.67
378.603
551.758
7616.14
11343.7
206987
12206.6
134.209
13946
71518.6
1.02035e+06
5121.17
16152.4
648.183
2678.95
115987
1.34416e+06
1.37596e+06
478.571
34706.6
12128.7
1.32288e+06
1168.91
5100.9
1.2343e+06
1.37529e+06
1.37403e+06
406.146
1.00198e+06
3447.69
1.37546e+06
1.10541e+06
2974.93
10791.7
13232.3
758.3
2883.21
1.36197e+06
4511.05
4200.4
1.30658e+06
41327.2
1022.35
954024
33432
8731.95
29998.5
10166.9
5025.21
3684.42
103.081
104.304
12573.7
4726.76
1.33567e+06
29.1715
41504.1
912.061
1.22808e+06
279.511
4765.62
1.37557e+06
1.33752e+06
11374.1
12129.6
17261.4
8779.58
3107.66
47107.8
39411.8
11129.7
8378.81
6401.73
12131.5
20927.2
39728.7
48741.1
8158.17
7523.26
14098.9
1.26475e+06
45073.3
9264.37
30631.1
7275.44
4525.26
7597.09
3825.34
1496.82
1.34432e+06
3162.11
2767.16
1.00202e+06
1846.02
46667.9
1.36835e+06
4894.3
1.35693e+06
12728.4
6252.79
1.35775e+06
1.15214e+06
86506.2
722.141
1.36939e+06
1894.06
1.35709e+06
1.37608e+06
356.809
2518.34
64144.2
4371.45
3086.74
1.28381e+06
898.105
9391.72
31381.4
420.268
618.314
1.13185e+06
4496.67
378.98
1.30281e+06
5601.42
1.35301e+06
945869
1300.18
691.011
45305
8625.93
3157.94
49382
21578.1
15264.9
1.33667e+06
3889.04
1.3609e+06
9468.94
1.28003e+06
3887.59
787.445
2344.01
1.37242e+06
1.31011e+06
4506.89
4323.66
1.34364e+06
5134.71
1.08306e+06
12054.1
4400.28
1.21933e+06
3335.04
473.06
4897.42
295193
5622.16
4397.85
412.911
4830.54
665.79
1.0361e+06
4448.38
43561.5
4529.07
10494.4
360738
68362.5
23537.7
1.29578e+06
1.37063e+06
42999.4
1.35827e+06
4039.75
823.813
1.33552e+06
51172.3
9183.56
1.36753e+06
1.08259e+06
3293.29
1302.45
45064.8
1.29235e+06
2874.38
787816
1.22558e+06
1.35708e+06
4898.22
544814
4620.01
1643.93
1.31982e+06
1575.07
10595
1.34802e+06
44112.7
456459
152.299
30433
308.861
4040.74
1.2738e+06
1.09221e+06
1.18228e+06
7199.59
3562.13
54293
4676.62
1.36099e+06
1.34572e+06
2748.55
1.33877e+06
14902.7
653.832
347.367
8031.17
1.29806e+06
191.398
1.32926e+06
1.34458e+06
1766.47
13279.6
27761.6
8343.74
1023.78
19560.7
9193.62
1.23405e+06
46490.7
1153.66
16419.2
25144.6
4803.79
1.33306e+06
731.277
131.437
3109.75
312.223
6224.35
1.32888e+06
1.12522e+06
5170.48
1.3682e+06
25423.2
4710.94
5944.44
1.27536e+06
3457.15
5477.12
129.789
245697
540.007
21090.5
4330.88
20443.1
2739.39
887.858
5421.38
1.36977e+06
445.634
15524.2
7557.85
1.2719e+06
1.3461e+06
308.513
4952.05
5005.55
6789.3
3314.41
14883.2
784.81
9305.06
4079.33
4276.96
4563.85
60828.2
1.13618e+06
3511.33
6215.74
24394
419.903
9248.56
9463.19
2983.92
9568.79
1.28868e+06
9704.62
46033.2
1.14716e+06
4200.46
74837.8
41055.1
5.60599
4892.08
15914.2
548.007
849087
1.33865e+06
336.706
3157.01
17783.7
5516.1
4655.93
1918.24
1.37483e+06
3251.19
8729.35
651.703
1.36984e+06
1384.18
1752.8
13497
1.29904e+06
1122.54
601989
3214.14
9182.43
1358.09
11456.2
3174.99
1.32685e+06
584022
4970.48
23463
424.2
33704.7
969248
14111.1
2342.98
5212.6
3331.9
16714.2
1.31747e+06
88897.6
1.35528e+06
1.32971e+06
50493.7
12535.3
7437.77
1.35977e+06
1.34458e+06
1.27966e+06
8105.38
1.35572e+06
90592.7
1.34241e+06
1.34845e+06
1.33509e+06
3439.87
1.23913e+06
3064.63
4653.22
1.36882e+06
16023.1
8566.3
26988.8
13404
1.37453e+06
1.3676e+06
77.91
1921.65
9400.38
1.36597e+06
1.35988e+06
42369.8
55374.3
16624.1
1.29937e+06
25404.4
54128.9
2866.11
1.33918e+06
7680.22
6019.18
752334
943467
458.535
13854.2
14576.7
48123.5
44537.2
4537.86
104255
1.28588e+06
864369
3709.15
29350.5
33565.7
107597
4813.67
1342.33
5164.67
1.30702e+06
1.34403e+06
405.761
76094.6
5918.73
2647.84
4239.82
203709
29225.2
178.205
68605.4
309.192
4602.82
22519.6
886.475
6456.17
4810.57
3457.4
1.27629e+06
4486.88
1.37142e+06
3170.21
3087.96
1532.36
1.04098e+06
1.12342e+06
4615.66
2717.5
1.35328e+06
1.30753e+06
15147.8
1.36924e+06
121243
2512.38
144100
11422
1.37256e+06
9562.51
1.37507e+06
12900.2
1.36187e+06
1.3689e+06
19612.8
47.3041
25410
5069.54
1.25546e+06
135706
8407.9
326.508
13194.4
1.25408e+06
4421.05
61383.6
1.37155e+06
1.33879e+06
5584.2
24653.9
2696.4
1.32842e+06
1.10495e+06
8876.29
1.3676e+06
645.407
1.36108e+06
837638
5568.54
750235
860.171
1.3722e+06
406710
213951
767.748
964141
1.37036e+06
2973.71
1.16145e+06
999472
5026.73
31987.4
1.16168e+06
3059.37
25403.1
9071.35
42380.4
235146
4404.92
1.35695e+06
16745.2
2917.04
1.35397e+06
3139.19
18453
18497.9
4426.55
105
4937.13
1.34699e+06
3995.04
15298.1
1.3443e+06
4887.12
418.894
101.285
5224.54
1287.11
4268.78
1.32713e+06
3251.62
9292.66
5648.09
1.28889e+06
682891
62955.7
1.33082e+06
1.36798e+06
3859.46
165218
1.27193e+06
4698.15
4647.06
3233.7
1.3258e+06
246662
1.3643e+06
44337.3
1.32771e+06
1.30493e+06
9260.06
1.33906e+06
319.02
1.27548e+06
7286.19
1.3754e+06
2924.92
22952.8
721.205
1.28758e+06
12901.3
9.13149
18982.4
44429
875.731
1.35174e+06
1.35736e+06
1.34212e+06
92.7515
120.555
35625.2
1.37368e+06
1.37099e+06
7476.13
37232.5
1.32595e+06
1942.51
10777.2
1.37101e+06
5005.56
27487.9
15924.3
2526.23
818568
20537
1.37373e+06
253963
36092.6
1.26468e+06
31536
1.33799e+06
6168.45
30089.6
1.37621e+06
3521.07
3081.66
43901.7
2346.2
4889.76
852.248
17708.4
3369.98
1.30719e+06
1.08475e+06
3187.36
1.3493e+06
5989.27
3301.43
229682
1.33189e+06
995098
6024.31
1.22984e+06
526.819
190430
6131.13
36404.3
1225.75
1909.6
5187.59
1.14697e+06
8953.88
1.35681e+06
4951.02
10681.5
199364
1.29375e+06
1.21897e+06
19726.9
276294
3688.14
2736.68
1.23068e+06
1.36052e+06
354712
4111.62
46724.2
4738.35
4831.67
3606.68
5728.58
1.33677e+06
6437.75
5416.54
4617.98
1.17777e+06
899.747
9739.9
1.36138e+06
988450
1.26834e+06
10868.1
278727
150332
4618.06
12933.8
10568.2
9542.3
647511
1.19071e+06
6306.79
1.37461e+06
5404.84
911.041
56877.2
7476.05
4548.27
3260.29
7886.89
6834.08
1.36047e+06
893.324
620813
10164.5
1.11419e+06
1.05043e+06
460.952
7731.82
16377.9
5196.55
16797.8
35141.8
1.37399e+06
1.37431e+06
778998
1687.37
1.36893e+06
76897.4
104147
1.2729e+06
1.3018e+06
16135
7307.29
4687.05
22385
14293.4
12975.3
769484
3127.95
1.33648e+06
2933.48
67628.2
5611.51
2890.5
5787.79
87198
1.3737e+06
15448.3
785334
2760.49
371.904
10766.7
22858.4
3780.74
8462.94
18901.8
415.336
9251.61
167.728
10610.1
14243.7
7070.36
53243.3
7948.17
1223.42
1.16643e+06
6640.26
1267.2
1.31952e+06
46454
5071.22
1239.68
1.28181e+06
984130
5428.89
432.394
3778.46
258235
306055
1.23836e+06
1.37496e+06
666344
3378.21
1964.1
4986.76
533.217
114626
2368.68
804529
3547.58
1.35765e+06
15988
1.30519e+06
1409.36
3307.71
1.37352e+06
551.139
4428.86
1.33768e+06
1.36115e+06
7520.61
1.34717e+06
2416.31
1.32786e+06
1.3681e+06
3518.17
12973.7
1.36441e+06
442.182
10880.9
945770
1.35766e+06
15614.2
2017.76
1.33849e+06
133374
7918.23
295.58
14498.2
4451.21
46820.9
423.453
2810.29
1.36226e+06
1.26547e+06
885.615
1.37039e+06
223.725
48611.9
6010.66
202994
1.33662e+06
1.37099e+06
39035.9
209.323
941515
7347.62
464.135
1.13868e+06
978.355
1.24711e+06
1839.58
4407.44
3944.35
1054.47
1.37556e+06
230.837
1.34369e+06
2150.22
1699.05
1.26786e+06
1.37545e+06
2354.16
6291.2
1.32312e+06
112847
1211.71
1.23566e+06
16206.3
68988.8
1.34961e+06
149033
4792.86
543.943
1063.74
5185.76
1.2299e+06
1065.77
7151.28
7367.06
3373.1
37237.3
250.403
24585.8
1739.72
45403.6
130371
1.37011e+06
4036.55
497.725
867.95
20866.3
3168.32
1.34678e+06
1218.22
887.498
4172.48
2906.67
4858.79
540.203
1.22124e+06
1.35659e+06
4081.23
17335.4
6774.83
577.955
2170.44
12673.9
1.19698e+06
71882
447.028
1.14114e+06
35461.8
1.37226e+06
2919.7
24754.4
1.36046e+06
5264.25
18919.8
2512.51
96634.1
5432.91
4749.93
741780
3597.75
1.2124e+06
10399.8
1105.72
3961.15
12492.4
1.32954e+06
171746
9259.19
9072.94
1.33159e+06
4884.71
14259.8
192274
6237.1
3056.84
1.3707e+06
34624.6
1.36645e+06
6500.2
22150.5
175430
338.144
29032.7
1.3407e+06
1.23037e+06
1001.42
6209.41
4626.27
1.16816e+06
15673.1
1.34543e+06
35654.1
3749.28
17243.3
881.961
1.34682e+06
43724.7
23775.1
138941
30.8248
3999.44
4361.59
46964.2
2415.83
3138.66
1112.31
4166.25
5111.47
68836.1
1.35434e+06
1.37433e+06
7191.12
3168.57
1.35746e+06
2435.91
2973.49
2024.44
4063.36
1.36966e+06
1211.5
328.706
46233.7
4853.95
4787.15
1.31043e+06
3969.45
7917.92
1.24505e+06
7181.65
1.21529e+06
12346
54623.8
1.18117e+06
1833.35
1.26446e+06
14029.4
1257.23
5195.24
4415
11211.8
1.28118e+06
6913.59
1.33734e+06
20596.6
11209.6
2949.26
71569.3
6019.25
1134.39
1.36782e+06
7283.24
30638.2
1982.19
593792
7559.37
11210.8
3161.97
43604.3
3905.21
1.36607e+06
123130
53555.1
12254.8
1055.57
1.28967e+06
24521.7
1.32086e+06
24613.1
1957.43
43559.1
682.484
296.893
1.29976e+06
610.928
74.8335
1.28646e+06
1.21081e+06
4311.38
635.962
112354
1891.25
3742.25
5321.66
4803.49
3890.24
341.598
26363
9046.35
23388.6
64.7428
1.31789e+06
5014.2
4300.65
1.30677e+06
340.754
4867.49
11563.5
76389.9
1.31171e+06
2738
7709.86
4261.58
1.1786e+06
1.33543e+06
1.36003e+06
1.34265e+06
6928.76
1.34874e+06
1.36426e+06
3317.46
1.33028e+06
1.35591e+06
1.35997e+06
54633.1
3185.38
8363.33
4412.52
1.36766e+06
4028.74
1.36472e+06
319.239
3684.8
1.36607e+06
1.37493e+06
1.21803e+06
4716.17
1.33962e+06
4891.29
22953.4
1.32066e+06
844.371
1145.66
1.34448e+06
1915.33
1.36148e+06
2868.73
4218.36
15450.4
1.27343e+06
1.35098e+06
59933.9
1.37123e+06
1.28793e+06
7240.61
1.36935e+06
1.37508e+06
1.35362e+06
1.37462e+06
4579.08
22819.6
1.36202e+06
5566.34
745935
1.24227e+06
5198.67
6447.14
2457.41
1.16618e+06
1.35752e+06
4796.75
4433.27
1.34622e+06
17.1576
42.6701
3171.3
4719.5
3134.93
1.03071e+06
1064.79
24.2529
802.106
15609.2
3675.44
1.19588e+06
989276
7303.45
4875.72
18202.4
4647.73
1.34613e+06
1.37138e+06
2613.06
11237
23204.4
616.678
1.29954e+06
6829.93
39080.4
4023.02
6.60367
52407.6
1369.88
9105.75
4926.21
4714.94
438.609
2736.92
1.26951e+06
7968.17
1.33751e+06
1.28151e+06
32720.9
28612.9
344.179
1544.39
5714.75
341.629
6856.16
1160.45
4217.06
20616.8
26267.4
1154.19
913.165
7901.53
13291.9
3682.38
1.37578e+06
1.21941e+06
4604.16
980431
2981.71
6997.08
3307.93
509.884
1.31371e+06
85.324
779.068
75804.1
4564.83
39798
126064
302.64
47684.2
232.882
535.664
3110.96
790.335
41800.1
82111.7
1975.17
8505.41
761643
3314.39
68133.7
1.23683e+06
6159.41
700897
6298.96
16395
30661.2
1.26665e+06
1.37096e+06
684739
1.31939e+06
5224.18
1.10826e+06
339.602
1.37181e+06
21.6665
837311
53696.8
25078
1087.92
2890.17
228.288
3119.87
187193
1.28356e+06
1.24171e+06
1.26826e+06
10907.7
1.37553e+06
1.22813e+06
4908.14
3776.18
201439
4429.25
386.43
7811.78
4845.92
915773
42040.9
1138.96
23865
200751
1.3711e+06
1.3664e+06
2230.52
9256.1
1287.14
1253.83
34082.3
12975.6
9915.4
13639.9
3908.62
215961
423.708
4205.73
4173.42
7105.07
4389.66
466.246
1.37491e+06
1.37652e+06
1.37109e+06
1.35033e+06
1.19332e+06
436.469
5378.8
26768.1
1395.79
1.03826e+06
2971.51
1.18553e+06
2890.51
580.077
4685.51
508.446
3920.51
14863.4
8968.23
1.30856e+06
11015.1
3305.6
1.07548e+06
1.36799e+06
4886.2
5447.39
336.875
8482.06
1.36288e+06
1.28207e+06
1168.05
109.976
1.36595e+06
14790.6
1.37376e+06
1.20088e+06
236.142
5482.12
1.23974e+06
816.755
12061.2
28190.8
12138
55082.6
15195.9
48.0768
7065.99
86150.8
4634.36
25631.4
74952.8
5695.95
17.7435
200.078
6785.87
1.24988e+06
907.37
5748.34
1.3763e+06
140.104
7815.38
1.29845e+06
13.1137
449208
1588.37
1.3302e+06
4442.95
5145.33
1.29012e+06
42.0869
1.10909e+06
1.29382e+06
1.18064e+06
779649
43361.8
4795.06
1220.67
683390
7183.17
92936.8
1.28276e+06
101138
2302.74
4434.29
14815.5
1.31429e+06
3133.51
1.30076e+06
28516.8
143518
4521.95
4620.28
1.37472e+06
1129.39
1.30949e+06
28501.2
1.24029e+06
164825
5586.32
595.8
117025
1388.28
69150.3
7724.53
5015.71
1.36556e+06
1.28751e+06
1.31841e+06
1233.26
15164.7
1.33055e+06
10470.7
9870.21
1.36007e+06
11449.2
1.33596e+06
1.35627e+06
1.34318e+06
1.34885e+06
1.34683e+06
1.36628e+06
1.30999e+06
3295.01
1.36093e+06
1.36038e+06
1.07985e+06
162879
33960.1
1.34478e+06
359.894
3027.25
3034.57
26554.8
19695.3
35211.3
590.295
1.36771e+06
4434.78
1.12166e+06
1.32055e+06
233228
49.5197
573.963
551.956
1.29646e+06
1.05128e+06
1733.81
1.0715e+06
235995
4670.89
1.34854e+06
1.35779e+06
915.377
1.10593e+06
1.29187e+06
884382
709045
37375.2
1.24348e+06
8204.05
1.35079e+06
1.37472e+06
10609.6
4787.03
1.3528e+06
5371
1.36951e+06
2039.77
39578.3
395.218
10174.8
4921.86
84438.9
956.673
897.742
5687.39
1.11143e+06
1.36014e+06
29238.6
1.36175e+06
239311
4482.11
338.244
2674.09
1.37219e+06
1.31008e+06
1.26294e+06
1.31207e+06
1.36203e+06
1855.73
893.57
1.36846e+06
4.90871
1.37561e+06
65051.4
33853.9
3671.08
1.28151e+06
91452.3
2176.44
718.068
1.31825e+06
1.37437e+06
8997.47
15633.6
47224.8
24182.6
1469.28
5281.85
938529
1.34963e+06
985.56
182199
1.33747e+06
15287.1
1.25882e+06
861.988
1.35944e+06
4679.24
7771.76
4466.98
3168.45
18608.9
5086.1
3703.53
104069
1.26043e+06
49480.5
7668.97
20671.5
1.30089e+06
9113.71
716.341
1.12897e+06
646.291
7268.81
566.038
205367
9972.91
4242.24
1.30828e+06
36.4214
1.32963e+06
43849.5
5014.14
1.36794e+06
74354.6
1.36905e+06
4182.95
799.232
109.632
1.03443e+06
906.028
1.21596e+06
150297
50906.1
227086
1942.58
4842.56
1.37593e+06
73407
328.893
1.37175e+06
4732.19
13738.7
11192.6
486.151
293.184
341.73
4681.08
1.2959e+06
578257
633.65
47090.3
1.2098e+06
7038.84
2828.14
1.29468e+06
81912
1.37549e+06
1239.77
1.37288e+06
740.93
3636.8
5366.08
4427.33
13748.3
32376.7
4409.18
4606.01
2335.96
14240.4
499.991
538.077
2327.32
1.35755e+06
1.34469e+06
4051.93
740188
1.37493e+06
1.33198e+06
2812.75
1151.27
3734.17
3392.27
2307.06
1.36896e+06
81.0361
5282.86
12124.6
15497
481.533
1.32726e+06
1.35393e+06
1.3159e+06
1.35412e+06
1.37122e+06
3359.54
1.37372e+06
1.36896e+06
34252.7
8673.2
2754.65
1844.26
12540.3
41090.3
129804
20794.2
102689
1291.83
1849.23
5248.06
1.36701e+06
18109.3
6100.09
7314.07
4789.64
23516.1
13926.8
4761.92
492.887
106.815
74.4747
1.28681e+06
18439.7
1.36113e+06
39153.9
4996.56
1.37521e+06
1.24128e+06
289413
1372.7
243.094
3534.68
4444.89
6103.82
4845.24
273826
1.2541e+06
85061.2
1.37308e+06
396800
5228.99
7293.52
18949.3
1.06907e+06
1.37283e+06
47906
3284.92
11364.2
112523
1083.14
1292.11
1740.05
37992.2
3014.48
3113.62
4520.36
6.94293
53677.4
1.28991e+06
7181.41
378.692
340.74
1.37056e+06
1.36283e+06
12579.2
37199
14901.2
2723.31
9800.1
7282.23
238.165
4241.3
1.25618e+06
12389.5
1.33186e+06
1331.56
9009.93
2555.46
2861.4
7672.44
3511.15
10734.2
30.8779
110021
4032.22
781260
194543
513081
10267.8
1.34269e+06
2139.19
523400
1.36604e+06
433.743
1931.69
1483.62
1558.13
1696.69
13031.8
1.35228e+06
3335.27
1.28978e+06
1.36515e+06
1278.34
820.726
4989.91
328584
8283.27
137251
1.2955e+06
15409.9
905.633
4945.64
1.37356e+06
1.28874e+06
12199.1
7234.71
545337
275914
17945.6
1.21128e+06
3819.17
2835.29
1.37504e+06
14608
1.31382e+06
1.26756e+06
1724.96
20078.3
1183.62
1.12598e+06
351812
8614.91
6219.98
1456.92
16987.1
1.2607e+06
15110.5
2730.63
6706.26
5019.25
42471.4
1129.69
1.375e+06
1498.34
70.2001
1.3505e+06
226041
20975
1.35684e+06
1.32045e+06
115.229
380751
261064
388.301
1.37562e+06
401.014
224174
2118.26
3352.47
1.33754e+06
4491.22
1519.11
8965.84
1.36843e+06
852254
200685
3061.9
23372.2
38027.3
1.22502e+06
1.14328e+06
1027.45
89277
1.3667e+06
4643.69
18650.2
1.32011e+06
992.866
1.35961e+06
29968
8773.48
48515.8
797739
1.30269e+06
1.28264e+06
1.35798e+06
1.35e+06
6733.76
12202
313588
118926
802.649
10057.4
7578.65
803578
27762.9
54173.3
3210.8
1.36645e+06
1.35825e+06
1.28407e+06
1.31896e+06
1.24975e+06
30396.5
1.36096e+06
1.37206e+06
10804.6
45050.2
1.3505e+06
293.025
1.37488e+06
680.44
6161.44
63.3122
1.28391e+06
16812.7
4777.92
1.14449e+06
1.31258e+06
1.29687e+06
282.813
7431.19
11289.5
35005.7
1.37514e+06
1.37482e+06
2551.79
14845.4
295435
5213.21
4011.17
11243.4
4152.53
1.32159e+06
1.26055e+06
1.35716e+06
51499.3
3767.6
3017.88
441.629
5430.43
3470.33
547.41
38391.1
5887.53
1.37098e+06
508.602
1.29216e+06
505.732
4419.24
1.24535e+06
4231.99
103868
4160.02
37618.2
7525.83
1.359e+06
6554.4
73728.8
1.31728e+06
32730.3
4431.31
1.37377e+06
1.37217e+06
4067.44
1.37055e+06
1.37447e+06
2935.75
1.37048e+06
64.8835
133223
91326
2431.58
2330.57
1.25904e+06
3875.6
983889
741698
1.3757e+06
3133.54
2437.29
2836.24
307.5
3120.7
20291.3
618855
1.35689e+06
892.875
1.1025e+06
224071
333399
1.26588e+06
5491.39
1.19267e+06
1.37297e+06
30919.4
1.36073e+06
12388.9
230172
1.37435e+06
3002.25
426.184
8440.39
1.37187e+06
19162.9
187020
48897.3
23194.9
33213.7
44163.1
530.078
1.26018e+06
125.54
1003.9
3551.17
3340.33
1611.68
12414.8
17497.3
2350.27
55991
1.37389e+06
1.37383e+06
456.5
4920.52
172.56
175984
1.26965e+06
1.21289e+06
2021.22
76877.8
23992.2
9273.15
1.25592e+06
224.113
1044.64
1.31624e+06
27206.9
4286.63
553925
119855
6681.45
3291.07
1.36845e+06
282.762
5076.7
3239.41
497.523
56164.7
5658.64
28583.7
1.18964e+06
215904
532.673
1.25177e+06
1372.21
4271.47
9937.62
192652
4799.96
790.855
106957
382255
1486.72
6647.01
1.22339e+06
10408.1
240758
7412.09
3358.94
391.245
3935.79
3819.26
10893.6
9554.08
338.129
1.28723e+06
1.25741e+06
7376.82
919405
166.693
3821.32
1.26756e+06
1366.93
2587.85
571.787
13.687
1210.68
222.69
11786
9974.57
27993.5
4677.83
141837
41631.8
10198.3
2515.57
3285.68
1.35266e+06
11283.5
5976.66
1.25906e+06
1.36134e+06
333.926
1.37088e+06
1.3613e+06
5304.67
9504.44
27274.5
906209
4436.91
4649.59
1.24536e+06
366459
457530
11889.3
4511.62
6560.21
1.35327e+06
1176.98
1.13488e+06
6752.13
1.12823e+06
1.29245e+06
9632.22
5595.48
7917.95
581.5
525.698
15297.1
134006
2778.73
344.153
1.3742e+06
1.3687e+06
1.37363e+06
81.0655
39190
1.3306e+06
4803.74
18796.4
3333.2
48301.9
1.36377e+06
1.32231e+06
3584.17
3168.31
1.15884e+06
8485.83
1.3291e+06
2979.24
18578.4
5819.77
20309.9
17060.9
94233.3
11360
5478.27
310.601
205743
1.35206e+06
1128.71
39439.2
174.812
274.138
1.31303e+06
4707.92
4923.22
415622
3169.99
1.18379e+06
1.37502e+06
3074.43
10689.7
115177
142950
1.32583e+06
34009.5
10434.1
754.598
252188
32424.2
118293
47301.4
1.27047e+06
1.34252e+06
20249.8
282551
74540.7
4426.63
1899.55
35468.4
720.056
9092.5
38134.1
8989.18
676.815
38651.9
608792
8784.87
1042.54
292.543
1794.73
1759.89
1425.52
4596.42
38620.3
1.35216e+06
30495.9
1.30028e+06
1323.4
499956
4416.17
8828.98
1.12534e+06
5486.83
1.28935e+06
904632
3241.09
729.408
920218
285.073
4509.86
11002.2
964809
12487.7
5591.61
4712.66
1.35076e+06
52902
33842.8
1.37493e+06
1154.63
1.06489e+06
561.009
49519.6
580936
1.35213e+06
1601.67
23911.4
35206.9
7709.57
7941.45
1368.03
1049.34
151.436
98.3466
5378.68
864272
1971.75
1.36667e+06
34434
15430.9
561.94
1.18902e+06
1.37273e+06
2956.72
1.37002e+06
7396.35
33726.8
10669.8
31.1891
72785.5
25366.1
1.37422e+06
4452.07
2957.13
3164.11
255.415
1.3568e+06
13657.9
1.37291e+06
1071.82
35717.9
1810.01
1.18654e+06
1.30135e+06
3360.21
198316
32050.9
232235
456607
11773.7
5934.32
244286
1.34652e+06
3059.25
1713.19
35428.2
1.0377e+06
2329.61
1.32032e+06
80541.1
1.27709e+06
2801.14
485.728
1.24267e+06
5567.99
1378.91
231636
1.36114e+06
633.548
4816.98
51271.3
47260.9
15462.6
47.9913
2938.31
7066.4
994.681
124579
16547.9
1476.74
5121.74
8706.76
42931.4
1.31772e+06
1.28628e+06
97144.3
8663.68
61894.8
5222.12
17581.9
6912.62
3462.69
881.001
225949
4851.26
4836.84
1.08016e+06
1.26936e+06
3137.82
34330.5
1.27207e+06
2573.79
41807
9174.95
1.24114e+06
1.28798e+06
1.30208e+06
26.3774
4401
370.773
732150
3190.99
1.37589e+06
15029.5
1.3707e+06
438702
670755
31378.5
12002.5
3205.42
114757
1801.88
47483.3
294.24
10.791
2489.98
497280
1.26675e+06
5936.42
1.04693e+06
1.06541e+06
3073.22
1.35053e+06
4034.8
751.369
1.34456e+06
158227
18140
3025.06
226.983
14064.3
1.12487e+06
1.37337e+06
3729.3
3441.59
780.462
21383.5
1.37426e+06
604.447
1430.34
18534.9
541.096
354441
336167
822423
577.497
1.35337e+06
20564.9
5537.84
36227.9
3006.06
3819.09
2760.44
3081.45
136348
275618
3036.89
28963
1.37481e+06
4722.89
50485.2
9234.19
2074.74
20203.5
881056
3365.48
1286.02
3992.58
10759.9
1.30539e+06
11183.1
3630.62
858.415
920234
6483.8
282954
170064
33201.5
3484.34
100850
53097.4
9195.19
158028
5051.69
1.3301e+06
4827.76
4667.83
1.33785e+06
298.382
1.34665e+06
1.30872e+06
404.97
1.37354e+06
19293.9
350.791
1.3751e+06
1.34777e+06
25504.9
1224.41
209.462
4935.34
310.816
1.06774e+06
91542.8
1.34101e+06
9470.03
1.32795e+06
3222.48
1202.3
2766.02
6975.78
24327.5
29157.5
1.20366e+06
9268.1
3551.88
1.24976e+06
11211.6
9722.22
363.588
1012.22
26886.5
44071.1
9881.8
8570.84
4202.11
322292
598413
1.37131e+06
1734.87
1.24665e+06
10090.1
7577.59
2945.83
1.35045e+06
3568.94
1.22465e+06
192.886
1.2951e+06
1.36354e+06
99.0946
2947.55
43643.3
11143.4
1.33371e+06
1346.27
3564.7
302.052
371686
2989.36
149701
4682.46
4516.95
103.043
6980.33
1.07724e+06
6889.15
1.32793e+06
3885.98
259614
7289.83
21568.8
6043.45
375.076
6623.87
8701.64
490.414
1662.35
940502
4670.19
1.21769e+06
2937.6
43591.3
1.20683e+06
37966.7
2432.27
8539.54
8816.7
363470
473.264
3029.28
3583.92
19819.2
6257.12
281.697
15152.3
1.16955e+06
25370.5
30652.9
292.031
1.32033e+06
3314.43
1.37401e+06
246895
730.285
3218.03
230.768
646746
1011.71
411.847
828730
207141
6386.75
571.867
148627
1.35159e+06
3245.78
51505.6
244062
7715.09
1029.37
3584.56
2384.35
4858.36
37534.8
3385.74
21142.2
699064
4925.76
1.29044e+06
784411
4222.74
18352.8
1.33343e+06
1.33725e+06
948191
2284.02
2238.02
5285.01
11178.5
4893.31
3912.61
2379.99
415.15
3046.66
3609.08
210554
988.281
323013
1.37131e+06
27176
17263.2
4987.08
276170
3155.55
2392.45
501210
9043.91
14.1263
761429
56769
832.697
358.283
1.07442e+06
60.4392
1213.09
4052.66
29181.7
188216
978204
272.354
201688
4884.45
644595
4454.69
724487
70320.1
1.3653e+06
1336.22
320.762
1.13526e+06
8910.93
1734.41
489.315
785431
410.754
43231.3
3594.65
6643.22
539.293
1.37538e+06
947.429
386.884
3136.23
646.586
1769.51
1.22414e+06
15223.4
3555.05
25715.1
3332.56
1.17784e+06
158873
46169.2
2948.07
1.0266e+06
958.598
1.34135e+06
170063
657.44
398.371
220789
28143.1
228941
2496.91
152972
58077.4
9134.76
17794.1
3606.86
1095.56
3829.52
101359
4465.73
420.225
1.37323e+06
4412.96
1942.58
6372.55
18130.6
1.0315e+06
204.278
815.071
1.29865e+06
63838.1
1.24506e+06
1.30522e+06
5959.22
592477
9232.02
1014.33
254.467
119095
2613.47
3534.12
1.24695e+06
1.36793e+06
9569.98
222.521
15159.9
943674
510442
1.21505e+06
8206.89
10290.2
1.30959e+06
1.30538e+06
9288.88
1.10947e+06
5102.17
2084.26
814.216
12722.1
1392.52
970552
30111.8
1.35284e+06
1.35765e+06
3324.77
11718.4
867.99
774768
417576
1.30361e+06
20921.5
12141.4
32165.3
191242
130826
1.34124e+06
7366.79
5127.61
47325.7
414.037
3585.89
14845.1
923214
1.14785e+06
196360
2083.57
107637
8448.29
3468.15
1120.95
1.35586e+06
939.791
3192.7
1453.68
11503.5
243614
616990
1.36282e+06
281.173
52623.2
642897
1.33864e+06
4365.34
5090.06
5729.39
9171.49
8288.67
994.935
1.34539e+06
53203.8
1.37504e+06
6258.71
2390.6
6206.28
4593.99
30519.3
1.36768e+06
3530.17
6635.65
151677
1.12843e+06
6722.69
23101.9
3141.38
70332.4
1.24888e+06
10638.5
1.11309e+06
1.22243e+06
778591
2984.06
7948.94
1.37748e+06
3970.35
10642.1
3975.63
502.872
7808.9
1.25249e+06
3064.12
1.36868e+06
2728.84
11455.8
1.35775e+06
12214.2
6079.23
1775.96
3126.92
301.877
294.997
10926.1
3451.12
13756
1.36151e+06
305.903
8492.66
4628.44
1.34978e+06
4752.61
1449.22
4847.4
1.37502e+06
138.513
557.149
1.1873e+06
8755.21
7563
13653.6
3445.61
3206.39
3533
410.949
103.482
5423.33
22743.1
49549.3
43087
1.21367e+06
1.24429e+06
350.468
4476.35
36638.5
12770.3
21840.1
349.785
11461.1
45149.4
40792.8
1.34701e+06
7257.15
4313.57
5462.06
6701.29
37289.9
4789.5
3992.38
1.37113e+06
3032.99
7223.5
15388.1
1.35434e+06
22622
4503.24
28367.8
4627.48
1.35019e+06
333.267
1044.3
21126.8
244504
593539
6153.61
308.524
7308.35
427.076
1.26635e+06
1.33764e+06
1.37282e+06
1021.01
4381.36
300936
1389.41
593.91
220264
1.37572e+06
1.36543e+06
507.524
1.29885e+06
9904.89
499.474
525863
1.30878e+06
9419.5
131.947
20558.2
6754.21
11505.3
1.32809e+06
3194.59
1713.83
1.37013e+06
7012.56
398.073
7650.43
1.37215e+06
1.24586e+06
486443
5699.55
6698.45
3768.04
29769.8
330.675
375.744
4660.55
33966.4
25393.7
283967
975.815
1.37522e+06
7302.4
4548.12
49.9909
15.321
596.623
1.37585e+06
10628.3
476072
333.856
1.03507e+06
1.12042e+06
926416
1.29085e+06
48266.8
1374.34
8119.02
2838.06
1.33849e+06
1026.66
12532
5296.66
5214.48
18933.8
4985.88
721943
6821.74
7986.31
863.917
773485
155.049
157.094
3545.27
736200
119190
3029.34
3980.52
4862.14
1.37144e+06
19234.8
4484.7
317.396
1768.4
5089.55
5236.93
8293.67
405.079
44786.8
1.20719e+06
3464.99
1912.7
1363.49
8049.65
664555
1.37534e+06
3879.02
3544.06
4.7149
620.458
383.813
3921.41
8204.5
5229.62
2439.46
1.35716e+06
4403.92
8670.96
255823
3041.18
97352
1.06266e+06
2074.83
7686.37
11957.9
62197.7
2061.84
2994.75
1749.44
1.37533e+06
1.13429e+06
3133.94
1759.23
1973.69
12812.7
494.595
3755.69
1.16036e+06
1.37177e+06
12130.4
1.35688e+06
1.37237e+06
398.803
3602.41
11563.6
24699.4
21998.2
4515.58
38859.8
3358.25
280617
963984
21164.2
3739.63
866507
2929.18
4891.81
2487.75
1.08567e+06
411.346
1.31652e+06
35231.2
26993.8
4402.2
7076.96
8186.13
5152.58
29497.5
434.998
5219.97
1.37354e+06
3040.82
426.216
4460.84
1.0897e+06
1.15181e+06
5135.28
43.9797
3559.88
4580.4
9196.13
9379.94
13843.9
1.21332e+06
24059.9
1.17989e+06
895531
5157.16
4593.19
2246.85
1.27561e+06
3140.78
7269.65
5914.26
6237.32
14113.6
3550.16
26660
1.34527e+06
6201.66
2762.96
272.22
1.01805e+06
16061.8
5259.55
17193.1
1.37368e+06
3194.87
5043.46
62.8161
15741.5
2863.39
14539.3
1.37395e+06
313826
214006
4873.28
55831
3803.49
612.232
4686.02
6855.71
138.334
6659.95
1.37419e+06
5164.25
6487.68
13740.5
657.408
324759
4642.49
2372.17
752613
4474.3
12601.1
178919
5217.23
160750
169601
14295.2
1.34613e+06
4925.18
172910
1.32534e+06
12407.2
299126
1.32961e+06
1.08643e+06
3224.75
13819.2
1.27244e+06
7743.02
1979.43
542.427
1.30701e+06
9510.89
1849.92
2127.81
1.36733e+06
1.36483e+06
5398.52
776980
870971
209285
1.13767e+06
1.32427e+06
200970
16046.7
357.392
67948.6
16064.8
6116.57
5103.54
6257.6
9837.84
1.29461e+06
3922.91
1.36876e+06
759.635
8448.59
176668
3369.96
93428.2
285.126
1.29193e+06
1115.46
23737.6
3946.87
1.23843e+06
27591
1244.59
232729
3873.98
1.34568e+06
1.0332e+06
1.26307e+06
1.3227e+06
2866.13
374.382
3708.21
1.37389e+06
73.1711
11304.6
11312.8
61.5517
110556
28025.1
52202.9
3376.23
31213.4
19598.7
3072.44
2330.1
18271.9
4487.77
3455.15
1.33177e+06
37371.1
4709.23
1.24651e+06
45782.3
9468.99
2277.43
13768
3105.09
1.32074e+06
10937.5
12028
2061.31
1.37058e+06
1.33228e+06
5042.74
1.3749e+06
1.28039e+06
1.04426e+06
586.084
1.32011e+06
1.30949e+06
321.095
2948.82
23864.2
7476.3
26815.5
298034
24025.2
51410.3
178269
6033.47
126710
1.15432e+06
2088.84
7887.18
1.37239e+06
394.017
2434.98
87913.3
256943
4266.56
2815.98
5478.87
327.401
5569.75
3731.77
1.37218e+06
3375.21
2482.92
16605.9
13472.6
23723.9
5788.41
193.454
1.36764e+06
1.36437e+06
1.25388e+06
27820.9
604640
5027.77
1.37498e+06
673287
121378
255792
23379.4
314.479
203903
318023
3937.69
8102.78
8438.2
11281.2
180.836
1.24561e+06
367.04
25997.2
622.568
1.36381e+06
4078.41
5313.69
3980.02
27.2134
6795.3
4275.21
5427.83
1.06254e+06
4742.89
13955.4
1.05128e+06
712.759
1.28849e+06
61226.4
156423
1.17685e+06
6827.12
4234.98
3358.35
104.006
4962.43
1.268e+06
4561.92
88685.6
18054.3
591.942
11051.9
1.34596e+06
1.18501e+06
49.8427
15718.8
1011.94
1736.25
8827.07
1087.3
127185
3579.65
1.37237e+06
16387
13180.5
3560.46
1.19751e+06
147187
11848.6
1.37512e+06
7164.2
30.9177
4196.72
40888.7
4804.99
1.35805e+06
57995.4
1.34206e+06
201626
3686.48
1.3362e+06
11146.6
1.07337e+06
5657.56
524.593
16902
631713
1794.51
13805.3
1.05592e+06
320730
287134
9093.76
37956.4
427.013
4705.83
5199.4
829.442
722.465
14741.7
4258.25
12086.2
4746.89
1.18103e+06
681.824
28327.5
43802.3
2917.97
3396.44
9612.39
868.528
3659.57
19619.4
13210.4
607.312
1.14756e+06
1.36309e+06
8046.26
754.549
1.1417e+06
4050.91
1.31025e+06
16677.7
776.37
3109.82
5211.8
10072.6
11700.9
10764.6
133.497
16552
1.3537e+06
8448.33
1.00871e+06
3761.7
1.33981e+06
3201.6
1.30783e+06
5837.08
1.365e+06
23477.4
978416
8149.41
1.29365e+06
384.872
4046.08
39506.7
43.9083
5966.95
7073.21
368813
1.30855e+06
1.2933e+06
362.02
21467
5966.46
1.32085e+06
18587.5
4143.65
3356.67
1.31408e+06
7314.59
5001.43
1.24431e+06
309972
1.37362e+06
11830.9
1.10267e+06
1.32925e+06
711775
3519.65
12134.4
1.36997e+06
23225.6
3157.13
1371.91
36392.9
308.651
8097.8
1.09685e+06
366.728
7791.7
41178.5
557.469
515.277
3720.9
850948
2347.88
807.386
1.14809e+06
3075.39
14671.2
1336.22
758.364
12503.5
1033.5
2765.05
3147.44
27726
202.714
4983.85
12028.5
6756.74
4853.54
323.522
4298.14
4279.72
1.31956e+06
50994.3
2929.69
17909.9
35239.1
6392.5
341.563
1.31031e+06
3931.92
901.797
12613.4
4842.66
1.33587e+06
48700.2
2010.77
3063.28
3740.28
1.26533e+06
1.36152e+06
557.25
8176.36
71019.9
184341
388263
1553.26
469.924
4518.75
14.111
9977.65
27482.8
1113.25
3809.36
60553.2
1023.8
46014
1.33694e+06
611.615
2976.43
9863.37
1.31501e+06
1.37366e+06
1.37413e+06
21611.6
1289.82
1463.12
107280
14504.7
19382.2
25690
77700.2
1.24437e+06
1.24911e+06
2449.92
7690.31
1.25544e+06
601.471
1.35363e+06
80333.6
3408.93
94346.8
7137.75
11660
560.435
7714.18
7097.5
60389.1
1.12857e+06
332134
12650.3
1.16642e+06
6935.38
11668.9
5681.95
1.32643e+06
1.36301e+06
29591.8
392.677
3148.72
3454.71
34651.2
12838.3
1111.35
11754.7
10151.7
3583.41
21676.7
1301.39
788097
3261.52
5077.46
1.24759e+06
60762.2
1.22341e+06
585.014
1862.93
1.37033e+06
4625.4
14032.9
2201.57
3854.88
6523.94
5911.93
1.21512e+06
2791.83
13602.5
21142.4
1348.46
4643.57
9050.76
4313.78
4517.26
6674.32
4160
14837.6
1.36797e+06
1.30399e+06
13561.2
4974
4487
366.592
1.10542e+06
10814.1
1.24908e+06
18504.2
214064
21605
28764.3
4191.68
1.28065e+06
102.641
4823.37
289.586
751755
2948.1
1.31614e+06
22813.3
11391.7
1.34361e+06
16868.6
2108.55
34104.7
1.37434e+06
3833.56
8598.68
559.374
10284.8
13190.8
4910.98
5980.18
42004.9
2085.4
16974.7
21883.3
10090.3
11528.8
373143
1355.6
5115.21
315.884
1.15271e+06
1.22949e+06
1.3495e+06
1.23573e+06
7616.5
4996.28
5755.32
10661.6
61880.8
3694.39
3492.24
8841.31
551.731
5343.01
1.16679e+06
1.07257e+06
3169.99
9491.37
1040.62
1.30591e+06
16039.2
4226.88
1.08475e+06
8113.54
37611.6
8421
5997.1
1.37519e+06
7119.06
13035.5
423.188
1.29699e+06
5176.34
1060.89
1371.63
10657.9
1.16269e+06
435.393
4867.52
263.77
1.33275e+06
1.37077e+06
3243.16
3478.1
12296
107489
2760.34
7161.68
202293
2592.19
5431.37
1792
1.37243e+06
23306
1.11402e+06
10430.9
17537
883961
4.57696
374.155
1.37578e+06
11620.6
1.28658e+06
4001.37
4345.4
11271
1.37563e+06
481.731
5945.98
5772.1
17897.7
3992
3706.67
1.34758e+06
360372
11.4757
377.857
7986.99
1.37693e+06
17535
1.37257e+06
1369.17
22021.2
485.769
1063.48
583189
3324.1
1.24613e+06
1.37245e+06
1.30817e+06
14788.6
1.34407e+06
4722.93
1.22041e+06
11639.2
3583.72
1.3652e+06
1.3751e+06
2944.94
23432.9
1.29849e+06
18971.3
10239.3
1.37336e+06
1.37284e+06
2996.58
1.31233e+06
4506.44
6044.06
261398
3075.09
1.37439e+06
1.36134e+06
13546.6
32320.5
3432.84
35197.4
205583
1.33915e+06
19776.9
3632.3
4521.72
118203
1140.21
284199
2322.52
1.3443e+06
1116.36
1326.01
1052.73
1.33805e+06
1.37058e+06
6321.54
1.31363e+06
3253.05
9141.23
9671.48
11096.8
361854
265.099
1.35781e+06
310.728
7300.9
1142.88
13655.4
1.29292e+06
1.36151e+06
1.32951e+06
6959.19
5081.11
175878
225.41
4871.26
7594.76
13356.2
8683.15
42941.2
1.15618e+06
6023.94
14785.7
241228
4110.82
1128.38
32125.4
6794.52
8115.55
3221.3
5826.98
25360.6
621.391
3435.93
3174.39
179874
1.35803e+06
2152.62
3166.18
1975.58
94660.2
22559.6
8649.32
3224.45
52801.2
3391.53
4677.37
248181
321.345
1.35033e+06
1.03811e+06
3854.82
1.37163e+06
4648.92
16688.3
8.51628
12180.4
6.3251
4.84114
3647.61
1.36053e+06
6910.5
17489.2
171688
5818.25
4556.61
1.35803e+06
783972
4420.1
14180.5
43879.5
6166.96
7102.21
12764.6
13390.3
1.16459e+06
479.871
3272.54
7639.3
454.056
8312.92
1.06615e+06
13072.1
4571.92
2820.6
8642.75
889.734
83965.9
1.37495e+06
5181.54
1.32124e+06
820.724
1.21329e+06
267.687
3622.44
40178.9
135307
26811.5
269709
3728.85
1.31927e+06
1.35738e+06
1.34728e+06
3525.07
5952.56
4128.53
952472
420.083
1.06449e+06
2269.34
1.33276e+06
1.36115e+06
3758.69
10665.2
15796.5
4492.38
2800.41
27342.7
554491
382153
4349.41
4325.9
5710.57
129269
8722.49
4739.15
1.11932e+06
27624.6
195139
5556.17
251.845
17515.2
1280.56
7866.47
346629
558973
1.15939e+06
373.911
3458.71
17163.2
1516.6
1.2786e+06
7768.8
3557.42
1.3696e+06
261459
3605.03
5166.85
1.21383e+06
2010.44
2291.89
12048.2
3671.06
23437.1
290621
391.718
8295.78
144.069
1.31427e+06
56651.5
3668.08
6.20051
4.63786
1.35575e+06
573152
4645.41
208.542
7660.52
1096.64
3702.37
23161.3
1.24906e+06
1077.29
1.36716e+06
3454.24
1.32889e+06
1.05346e+06
190087
1.21187e+06
352.48
10129.7
38602.4
213.563
723476
3719.99
463.342
40438
2939.77
1.37396e+06
1.16932e+06
11701.6
3064.58
4621.73
1.22854e+06
13104.4
1.36315e+06
1.31851e+06
310919
1.18511e+06
69510.1
11590
162384
1.31095e+06
5393.17
261178
244.525
1.3607e+06
1.31537e+06
4354.28
3189.82
989377
1.14154e+06
13030.5
956466
25120.9
277793
1.16052e+06
30592.8
282618
3375.59
3175.37
2529.22
30.2948
1.10413e+06
21876.5
1.34638e+06
3785.71
344961
918.944
7661.14
1.37559e+06
20736
24822.6
4719.1
1.16315e+06
31376.9
341.714
5673.57
9693.43
561.929
5088.49
7418.64
3202.17
1256.64
105879
3067.89
1211.49
714249
4807.15
4736.27
1279.99
3977.93
3555.57
3659.71
385.215
2901.06
2931.68
1.27151e+06
55512.7
1.15415e+06
966830
1.01906e+06
6156.39
17052.1
11534.4
15334
1075.82
26358
31836.7
179798
448.283
23396.8
1105.69
6243.82
16057.6
21976.9
15498.9
33173.8
3925.79
2534.27
1523.37
281895
1.31777e+06
13205.8
295.288
10232
1.36934e+06
3028.06
1.32141e+06
165926
6378.49
11570.7
2892.9
4662.43
1.17825e+06
3401.82
3387.72
389074
4901.26
598098
199061
3745.1
7668.65
3827.71
3880.19
1.37509e+06
38563.8
9863.26
4151.68
8552
4128.42
132110
773.003
503.028
7566.3
6829.48
1760.71
73540.4
3683.33
1.0888e+06
43003.5
1.32134e+06
615.63
4644.95
15397.8
1.14181e+06
483.383
1.36887e+06
138373
21638.9
6972.3
1008.84
1.34619e+06
628.425
357.974
6111.12
18979.1
676.815
3776.3
431.862
1114.59
6218.3
6783.13
998284
8720.59
20893.5
6335.65
2850.68
6946.36
1.00829e+06
1986.42
3500.39
1.21787e+06
6351.73
1.29832e+06
3257.34
1.17086e+06
3783.47
3914.79
1.37499e+06
6754.22
5688.98
21597.2
1.18318e+06
694.376
11378.2
153212
6496.53
4659.09
4049.34
6665.48
3073.29
4269.05
3024.8
12690.1
49119.5
1.27033e+06
1.37557e+06
1.32762e+06
16141.1
1.15564e+06
1.18602e+06
1.17079e+06
3763.37
334094
888422
51.0093
5.57252
9223.56
4511.62
4508.83
222034
66224.9
620170
4390.58
2314.65
1.30329e+06
7345.79
7448.84
3332.38
30082.5
321.139
1766.21
937770
2057.96
756320
20281.4
14391.5
3640.06
1969.7
18153.7
1.29144e+06
49719.5
329.063
7697.24
3262.42
1.29182e+06
1.32192e+06
13091.7
6.62737
24.8314
15424.6
3169.41
5328.32
10852.9
20700.8
693.045
4190.87
650824
1.18184e+06
8817.46
1.15673e+06
4276.33
19647.6
30347.7
2677.82
1.24466e+06
7770.08
15387.7
77565.6
1112.49
1564.69
24.5583
707049
385.091
275.088
7.25083
6028.07
6833.85
1.34727e+06
133838
1.28469e+06
17987.7
7063.91
2550.62
4961.05
5835.87
8031.73
300844
2662.58
4564.59
391.999
11502.4
1.27391e+06
11207.2
1.14606e+06
960.119
4237.16
32664.4
1567.5
12624.8
4397.61
1.07418e+06
8056.42
965.534
10250.3
1.11102e+06
782.56
781874
1.35278e+06
1.37549e+06
1.10896e+06
13740.2
422.327
19936
8460.26
1.35956e+06
1.35799e+06
1.33657e+06
400965
374040
1.37074e+06
1.18181e+06
1.23327e+06
6153.11
1.37038e+06
789.623
18624.1
8733.63
2373.75
2040.91
29760.7
4654.8
12168.4
1.24081e+06
1.0308e+06
3130.32
10359.8
40125.5
6366.2
10373.7
516023
3559.77
4062.36
1.34201e+06
3977.6
1.33825e+06
2905.44
4814.46
342.424
3334.85
5313.37
1.3761e+06
1.21933e+06
1.09209e+06
504.755
6.98824
1.37252e+06
6767.05
5608.15
1.36171e+06
1915.59
274.86
1.31085e+06
7314.57
4235.08
8618.48
22700
1.37094e+06
16273.4
6021.44
39977
46611.1
1.35869e+06
2294.37
347840
1.36574e+06
2884.85
5535.27
1.23527e+06
14363.7
324197
469676
4524.86
7824.4
29611.4
1.07271e+06
31970.2
2787.21
1624.65
962776
12761.3
8259.81
20387.7
3147.58
115.224
2671.47
1148.85
5910.37
6237.73
12290.5
1.08242e+06
40431.5
9010.13
2748.41
3552.43
4396.82
42650.4
1.34105e+06
26622.9
59.7747
12812.4
3313.15
282.072
22608.9
3838.87
7688.04
2726.43
3051.21
1168.53
1.30536e+06
6062.25
47.1875
1.29277e+06
23164.2
110273
1.37011e+06
29686.8
1.34925e+06
18410.4
3568.65
5287.82
10856.4
26086.6
1.33212e+06
71829.1
318.98
16748.7
1.37677e+06
1.02777e+06
386.936
18488.2
39844.7
108.924
1.07495e+06
3034.97
3899.17
4157.73
10967.5
10540.4
27.5968
9697.86
31661.1
8728.79
265547
8511.31
5650.11
50953.5
611.864
1.36539e+06
1.16965e+06
525.248
324.038
20935.1
2685.21
233.872
146413
658.968
4964.49
1.37539e+06
402552
1046.31
2755.81
1.3745e+06
2561.91
10563.3
11390.3
527.522
1.06939e+06
12952.1
10792.9
443.677
1.36651e+06
5212.78
203.642
3792.59
1294.37
744756
295.465
435.451
504.749
1.15307e+06
6503.07
1.15521e+06
10645.6
1.2435e+06
23789
740.843
1385.65
1295.21
3984.51
145.082
13939.4
500.531
25078.1
8397.41
1.32316e+06
45280.1
1.05482e+06
40483.2
15584.7
4386.94
15097.5
7129.73
41219
1.16749e+06
7916.22
166.707
30205.8
853685
601.801
179770
27025.2
48.2754
1.36834e+06
20296.9
1.37515e+06
55261.8
18192.4
272.771
4731.77
185648
27402.9
107369
1.17481e+06
11468.7
1.30494e+06
5133.38
1.32077e+06
1.37057e+06
46730.8
365.772
50381
25030.6
2900.93
3481.56
719103
4893.39
766.31
65246.5
48448.7
2888.9
307179
3094.33
5171.87
181.949
1033.39
15604.5
188105
1.35271e+06
643.651
11539.5
1.31331e+06
7555.88
3559.39
22495.1
1.37405e+06
1.26422e+06
3231.91
23.1025
1.36714e+06
1.34034e+06
1.36145e+06
5950.98
4233.33
5875.51
1.33093e+06
1.32292e+06
8051.78
503822
9993.02
5079.73
4033.61
3667.3
712357
118881
6724.55
583.246
4832.6
6573.11
3313.63
1.35678e+06
382.582
5178.75
7838.22
3542.99
155790
158507
26848
2041.9
1.37514e+06
265.537
139.658
4925.28
15135.4
4889.81
1763.59
1.28337e+06
17221.3
3514.59
1.28838e+06
513.688
687.912
3688.57
1.34953e+06
374.278
1.32269e+06
23651.5
41262.1
1423.43
4762.99
10457.8
1.02231e+06
2846.95
979185
717.998
54.7589
34937.6
626.375
1.30748e+06
15162.8
5126.68
2683.69
1.36415e+06
38.3708
3184.84
9973.96
13989.6
4610.42
74754
1.37519e+06
892.821
1.2964e+06
10383.5
1.36396e+06
1.30978e+06
1.26003e+06
2947.8
767479
191.836
3323.7
2609.84
1.36868e+06
51688.2
1849.78
281.448
18061
52627.5
212.39
8497.34
1.33019e+06
567.044
4484.78
4665.18
162503
18378
1.18448e+06
2249.28
42701.9
26021.1
714070
3156.23
23068
3403.48
1.34775e+06
9.38169
709.984
6085.64
50.7905
1.34397e+06
1.32086e+06
1.26338e+06
20308.1
395082
34234.8
1.34228e+06
3963.89
1082.01
834522
9246.23
1.27619e+06
20080.3
3286.25
1.36337e+06
7427.23
41317.1
45.037
12839.8
192.704
6454.29
7567.36
1.17528e+06
433.344
1.04032e+06
1.36333e+06
143.608
89.7381
1.35846e+06
33808
200.37
19787.7
4085.36
1.3056e+06
1.35667e+06
228.318
15236.7
718.446
1.31831e+06
1067.31
3176.9
3057.38
4385.04
247.481
68.9418
29982.9
1301.65
10088.5
2012.23
8414.77
7742.33
1.19432e+06
147.222
312073
8136.81
9099.19
1909.91
11957.2
5532.32
7.02255
4380.42
4673.5
7776.69
1.37604e+06
6932.39
714348
173.605
7716.07
57069.5
47913.5
25153.1
347738
786.905
35471.5
933335
341.851
21085.5
244.393
5202.87
76865
5357.15
7320.22
846032
675082
8337.48
15.2116
2931.66
1.37512e+06
220.989
12381.5
7822.36
556.692
256934
4483.18
2295.71
4206.84
2702.88
62729.8
4642.3
19269.2
386.742
6300.8
348.92
1.22137e+06
4697.24
11804.4
2268.84
21962.4
1.3363e+06
1.36445e+06
7363.15
1.35101e+06
2685.9
290726
58798.9
17396.8
1484.7
559.925
1.29219e+06
23.2383
1.31877e+06
1.36991e+06
19774.4
5756.37
1.11962e+06
31.4219
1.34898e+06
1454.53
1.35639e+06
11818.6
5577.94
2807.06
6546.16
368564
1.3186e+06
211570
8308.49
49706.5
1035.86
1.18813e+06
5562.24
8012.38
1.0557e+06
8301.91
8912.1
528469
1.35716e+06
3786.31
9045.69
65046.3
3650.99
25763.9
555120
4155.84
6345.72
4075.62
262722
5158.89
1.27218e+06
175777
348.962
1.37535e+06
427.496
3491.18
178006
29136.1
3665.4
1.13858e+06
1.37242e+06
19452
167.774
284947
1.1015e+06
152.903
15897.7
337219
1.30348e+06
6622.51
7196.39
14792.2
330044
1.37125e+06
6459.18
966.799
1680.65
1.34348e+06
13724.5
1.30602e+06
8119.15
4005.36
185.357
403.952
15.7569
4865.78
517.179
8555.33
1.12206e+06
64343.2
4238.55
6966.21
3217.91
4655.09
2936.14
6257.19
3038.11
57.1261
2852.75
3110.49
1855.04
1.36737e+06
400146
215.637
10136.6
52446.3
3605.64
141705
1.16731e+06
248302
269.244
1.22572e+06
166231
2769.99
1.37412e+06
7254.58
18533.1
395.981
1.18752e+06
8421.1
302.314
6982.63
27983.2
8868.91
6838.58
1290.68
8349.05
9083.68
535.995
6972.49
5567.54
3535.01
123077
3464.27
19011.7
61.7181
24009.1
2108.66
1292.23
1.21654e+06
1.2233e+06
3491.05
5636.07
987893
640858
478300
23.6112
1.31738e+06
8460.98
1.36399e+06
1.2868e+06
1.29406e+06
28490.2
1.27884e+06
1.35126e+06
10008.1
1.37268e+06
28211.6
29424.5
1.21532e+06
1.35843e+06
228.36
10.6729
16184.6
3764.93
321.968
1.23803e+06
4452.76
7.33852
4610.39
1.34217e+06
826.108
53.4457
1.09687e+06
1.36748e+06
6640.54
9220.59
1.31367e+06
210.96
621488
34648.1
287.239
578734
3687.94
3197.36
1.30869e+06
1.34769e+06
161.343
5475.86
1.36288e+06
547438
23.1354
1.09355e+06
35876.4
10822.7
12661.2
161.212
438.462
5063.72
94.3251
399967
1.32446e+06
27713.1
1.30962e+06
240.302
7982.49
3503.27
72448.1
1.21227e+06
26753.3
1.33907e+06
268701
695.928
8.89216
1.21719e+06
1.33606e+06
1.36825e+06
5684.65
496.256
1.36538e+06
5529.96
4381.97
1.34026e+06
95.2764
15868.7
4224.95
3977.28
1.2687e+06
2035.04
4945.03
2951.68
403.23
16108.7
25785.1
743315
1.36914e+06
285975
3085.85
1042.94
1.26662e+06
810.716
6744.01
1.36939e+06
1.3106e+06
1.10059e+06
883208
1.13071e+06
88.2388
4447.69
28384.5
18120.6
1.37343e+06
2366.02
8985
4296.09
7270.52
1.3704e+06
1502.54
1.21412e+06
625.323
1728.92
1.18791e+06
1.35838e+06
2373.36
4112.5
9185.52
1.02776e+06
2692.59
1.37463e+06
364.965
66872.4
1.34594e+06
8216.73
936842
859699
21706.4
3759.36
1.28528e+06
519737
1.36899e+06
3868.17
1.36449e+06
1.22662e+06
14661.8
20199.2
1.37106e+06
2091.57
770.017
1.37418e+06
1.23563e+06
1.22005e+06
30720
31652.2
63677
2616.67
1.32137e+06
20926.7
2777.46
32228.4
4075.68
1.24174e+06
10642.7
7602.86
1.26199e+06
728978
789010
1.05045e+06
5126.28
2076.2
674.393
1382.53
3578.58
21679.7
257976
1.21277e+06
4655.79
1.3736e+06
3935.12
294.733
42.9164
421.321
1.27105e+06
9.71113
63359
19243.4
938258
57.8229
4132.53
1.30071e+06
1305.83
1.37036e+06
10690.5
8129.34
4200.2
26878.8
12204.3
1.25951e+06
6406.02
664338
27033.6
3937.8
1.29472e+06
21850.8
6.00295
5436.16
18.7739
5357.28
5358.35
464.483
3073.7
1.32283e+06
11074.7
92.5338
6342.44
1.35824e+06
1.37411e+06
2398.7
67012
1.34869e+06
101916
6678.95
3010.71
1635.64
434619
6308.33
3250.67
1272.57
11881.2
1932.55
232.831
6341.39
382.719
4585.12
16084.3
1.25794e+06
4165.29
1.2202e+06
4385.51
29702.5
1.37342e+06
20157.3
1.36104e+06
3239.48
12822.2
16197.5
431.321
3798.37
9851.18
251108
1.26912e+06
989930
1.32907e+06
7947.29
6452.88
2324.33
22532.7
338.06
3034.6
3926.33
65.3857
64.7209
1.37147e+06
1.1606e+06
1.2848e+06
13330.5
4792.6
925800
135955
1458.87
1.27383e+06
42.5413
2126.1
908746
20562.4
34.0659
5380.18
600636
1134.88
1.36283e+06
1.0465e+06
609236
3632.37
3237.24
315060
4892.35
402018
1.36461e+06
15026.2
1629.06
37951.8
2987.29
1.34171e+06
1.22648e+06
3452.23
6553.96
1668.52
2771.5
1.36301e+06
775.913
6406.05
28568.8
7745.64
6133.49
3115.78
45466.5
316.638
6630.55
3677.68
6315.16
845.814
1.09317e+06
6880.74
3689.69
17068.8
3339.04
1.34669e+06
21311.2
1.16202e+06
1.37463e+06
13237.7
295.245
3085.23
12253.2
209400
4130.24
4134.2
1194.98
75635.3
4919.51
1894.55
1.35044e+06
1.2696e+06
3824.07
1.32488e+06
63798.4
72.1137
1.35144e+06
599.371
4211.2
1.33349e+06
1.26738e+06
26925.7
284.554
27639.8
4108.87
12.9051
1.23055e+06
37336.9
1.35059e+06
3227.9
1.36296e+06
42024.4
4170.49
10904.1
13548
3315.8
4623.06
13537.1
3449.34
385.794
3567.48
404.537
1.29544e+06
1.28383e+06
416.417
3373
4352.94
1619.43
8767.32
1129.93
9488.18
376384
1.17635e+06
393323
3577.33
11337.3
1901.8
1900.01
62197.8
27077.3
3596.23
6589.45
789327
10760.5
3052.87
240.985
1.07394e+06
529930
4387.9
7149.19
1.30143e+06
4955.1
1.29969e+06
1.3667e+06
8772.7
3259.03
1.15354e+06
56.3012
1.33405e+06
1.31262e+06
2029.07
1.18283e+06
14176.7
1.13492e+06
1.36177e+06
561.114
5751.86
1.37506e+06
11540.1
82297.6
2492.68
1.04399e+06
1069.84
4017.74
1.22897e+06
3678.82
18301
31049.4
7213.63
1.34781e+06
16071.2
10.4746
1.1095e+06
1.36663e+06
1122.58
46515.1
24130.3
3691.74
19027.1
6184.86
110.006
8524.47
705435
3195.92
6156.66
696044
4482.25
6903.28
1.23526e+06
3705.54
8.23229
13360.8
1.3651e+06
3768.94
9994.47
27.0377
14317.8
11371.5
1.19282e+06
202437
462.532
21616.4
7714.27
4642.06
28477
3470.13
2226.13
378.634
13261.2
1.34684e+06
333.786
66779.1
1.14428e+06
31531
431.403
12670.8
292.598
21977.5
110833
3114.67
445.697
29293.8
5124.22
4670.52
5134.07
5305.04
2446.58
1.16392e+06
3294.41
1.37598e+06
4713.27
2551.76
3996.57
19979.8
1.35842e+06
1606.5
14251
9867.64
563.695
40.7389
17705.4
293.169
7603.76
569035
3904.87
275.031
1.37458e+06
1.32016e+06
2365.99
1.37415e+06
5698.94
1726.51
396.436
3187.26
17230.5
1.31117e+06
1647.91
119.514
6096.14
1.28225e+06
1.09869e+06
229927
2100.86
5047.89
1.34701e+06
1.07597e+06
34225.5
1.17354e+06
645.536
20.1668
1.18251e+06
6041.58
1.37207e+06
1.2953e+06
3663.12
1.11686e+06
5766.97
810495
134.69
5283.69
312.433
439.886
7903.23
4577.12
6793.17
683312
360855
14973.1
1.37152e+06
1.22317e+06
1781.3
4211.2
375.928
13381.7
6225.16
1.28902e+06
1.28656e+06
382.512
5.02019
5093.43
175548
1.37288e+06
1.35022e+06
791151
624.027
8209.44
652.286
1025.81
132.58
25436.1
1.36261e+06
9018.68
126816
1701.57
1.37473e+06
3036.26
3850.44
269.982
5189.15
93736.1
291.519
5847.56
15928.8
186.086
417.82
766885
5472.78
11429.8
5423.73
377.079
9031.57
1.35868e+06
3309.47
4617.45
1.32505e+06
14518.4
7.50447
1.25533e+06
5059.73
336.149
1.11098e+06
1567.36
15232.2
940.475
727890
7089.11
15228.8
1499.33
7663.6
810853
3003.51
3976.3
3706.89
1.29263e+06
1.20513e+06
702.859
847.974
42078.9
9532.36
17092.7
281.072
3252.71
497.905
12166.4
8188.66
1.36181e+06
4742.29
2994.22
26319.8
1.3644e+06
1985.23
15426.6
1767.56
1.3715e+06
1.17215e+06
1.31605e+06
1.376e+06
3816.72
531.759
4405.69
701.143
239591
3729.86
9856.32
5433.73
9568.49
3200.54
3689.38
344149
20780.2
10558.9
32289.1
5057.73
1.37597e+06
7402.55
5621.03
138650
33455.5
703628
803868
16758.1
2820.62
24026.1
1.37155e+06
1.34822e+06
1.37534e+06
1.14014e+06
1853.93
4043.69
79.3327
1748.98
45095.4
704.901
748.718
327077
784.708
1113.46
5410.89
1024.27
112261
819334
6760.63
1498.91
11261.8
1.2552e+06
6273.78
676.003
23322.1
17086.4
1520.14
10966.4
326.29
416755
11826.2
1.19452e+06
909.568
1.36383e+06
1014.24
1.26494e+06
1.14628e+06
1.36708e+06
17491.8
3065.98
23523.4
8286.76
445.784
2975.05
1.30875e+06
1.37537e+06
2844.66
122799
7598.3
1.36556e+06
1.15605e+06
9225.22
13197.6
2856.18
515.598
18761.8
23485.6
910037
1.02962e+06
1.26865e+06
5060.36
24138.3
38992.8
41130.5
3331.09
5117.43
2823.5
451492
1.31046e+06
758.486
10824.1
1.36744e+06
1.35327e+06
1.29821e+06
3237.02
4636.8
53104.2
1.26453e+06
1.37525e+06
978204
16129.5
40296.5
49.3634
568458
33789.1
3356.72
1.33052e+06
1.29732e+06
4386.66
7486.3
116.745
1.37426e+06
1.25145e+06
3059.06
3656.83
10385.4
1.07311e+06
1.37496e+06
1.33461e+06
4251.07
2886.68
4097.68
2180.78
1.25913e+06
1.14718e+06
1.37465e+06
8414.42
1.3669e+06
20947.8
42330
154335
427.946
21870.1
2923.91
1.36001e+06
6700.51
26179.6
7966.99
4011.71
4203.7
3842.82
4256.7
12560.6
10494.9
34188.9
1.23051e+06
4555.25
1.37525e+06
1.32589e+06
1856.65
18006.9
21214.9
1705.79
563.723
1.28502e+06
4090.78
1.1681e+06
1.37519e+06
3157.12
709.474
1.33518e+06
3772.81
1.07099e+06
5487.83
337.407
155.253
2990.05
559.494
1.37271e+06
490047
157286
1.36884e+06
25182
1.3463e+06
17.2657
1.29082e+06
4516.32
629.923
4358.54
7421.09
181043
16905.1
3874.14
5041.98
4.72553
1.36203e+06
3129.15
1.29077e+06
15918.2
1.37249e+06
8720.19
1.31469e+06
5871.48
15215.4
376606
1.21189e+06
2726.42
5172.24
92826.3
3960.44
1.08152e+06
305.518
10150
10603.1
3997.38
1.0143e+06
7550.33
8317.08
20982.9
177.425
5034.11
1.37449e+06
8423.73
4550.41
5578.11
111.953
30.2851
15296.4
22360
1.35005e+06
1.26389e+06
3054.24
1.37312e+06
4531.97
828.597
30627.7
4576.12
8741.97
12605.9
3928.3
169958
9354.58
1.35218e+06
1.29822e+06
5453.55
73.869
368.923
129542
6795.51
23454.1
275.187
4790.44
13146.6
568.666
8679.78
4015.91
11201.7
414.12
1.36855e+06
2679.11
31393.9
51624
6266.06
232.514
1.37254e+06
8338.76
31578
1.35188e+06
1.29687e+06
26801.5
7408.64
1.23856e+06
5743.16
1.29471e+06
818244
318.829
7569.05
6463.73
2134.82
688.892
732.84
354.909
6672.24
6685.46
1.28526e+06
1.33887e+06
1211.09
4575.38
379.403
665696
1721.7
79849.8
6413.25
2720.57
352.682
3840.36
1.21119e+06
1694.76
1.08734e+06
4388.01
47382.2
15864.7
1.28716e+06
156459
1.19634e+06
1803.98
22053.4
741003
11871.4
101613
25850.9
4146.82
13670.6
4858.64
15085.4
6741.88
1.16417e+06
510.54
4089.42
15707.3
10.5559
2568.89
330.714
3220.29
4996.24
1.0803e+06
1.36862e+06
3994.26
4215.93
20001.4
38548.7
792520
23223.9
4835.84
17618.9
9249.04
1.16355e+06
74408.4
27843.8
194036
949284
4642.61
1.27809e+06
4752.8
934674
989.132
25488
3157.08
4877.7
791.676
807376
2478.7
997831
1.30166e+06
1.37233e+06
9475.55
12414.3
720790
1130.44
30750.2
1.28976e+06
1.19065e+06
6117.64
20877.8
55831.5
7832.06
20683.4
1.19416e+06
29524.1
45088.8
6320.73
4477.93
5344.04
1.34029e+06
10925.8
2224.5
1.11453e+06
506.38
23177.3
1.32775e+06
2168.03
4464.98
1649.19
14758.9
4659.45
1.26749e+06
3459.23
1.35451e+06
19308.7
5523.75
1.35858e+06
1.32647e+06
5135.5
8046.52
3792.09
1.26893e+06
140324
3787.39
4100.65
483.153
6009.02
338.539
859603
739556
2301.64
1116.47
42704.8
35783.2
9070.1
632214
5625.89
3733.14
11722.6
11.6096
25374.7
1.25525e+06
1.32029e+06
23064.5
1.33749e+06
788.388
1745.48
152425
370.738
359.437
487019
14920.1
477.255
1.25424e+06
13.1959
10459.2
6709.87
551.578
6388.63
7964.85
33564.4
27889
3950.79
7439.47
462.172
432.716
357.1
307.64
16677.3
380.862
1.17521e+06
417.462
9973.95
10289.3
3464.14
1.28579e+06
167.275
1.36761e+06
1.01281e+06
4193.13
191.086
767579
5780.15
4932.28
443.613
6315.21
3468.82
1.36359e+06
2105.24
1719.91
692501
7451.84
8327.47
6230.96
2622.18
7938.58
13786.9
930436
85528.4
4352.34
38956.7
1611.46
270717
1.21963e+06
659.147
726.023
816.026
2379.24
4139.77
898828
11210.6
1147.24
4276.88
1.36679e+06
1.06454e+06
15386.2
998.058
1.22552e+06
61329.6
553.585
26455
4153.65
424.901
344.641
803.566
1.3684e+06
13240.7
12649.9
1.17613e+06
1.37005e+06
1.25987e+06
1.15103e+06
9717.82
1.29891e+06
1.18022e+06
9369.15
10691.1
6176.88
46420.5
359.138
1841.71
225.321
1.37244e+06
10055.2
9.13454
1.37245e+06
345.65
1.36096e+06
1.36788e+06
3792.02
735948
1.36221e+06
1.05457e+06
4029.7
8344.37
8070.62
3308.54
3699.2
15153.6
133.228
1.09741e+06
11570.6
4768.7
1.24605e+06
1.36811e+06
165687
955039
488.702
49557.5
3921.88
1749.98
4885.59
483.651
1.26856e+06
1201.91
858216
1.3717e+06
4868.15
25341.4
177.947
144.144
156256
8117.71
3663.92
1.20526e+06
3332.15
6895.22
1.30372e+06
1.35646e+06
1.35473e+06
10828.2
2314.09
5048.68
703.986
532.628
1.30213e+06
720.07
15794.6
1.28407e+06
18495.2
1.28077e+06
1.35246e+06
58500.3
1578.29
1.33986e+06
1.37612e+06
1967.67
1.29143e+06
1.33881e+06
29844.8
1.19002e+06
215.888
119197
650.776
444.865
408.842
107487
1092.22
1.3718e+06
3991.1
53194.2
538.462
1197.35
1.36385e+06
4259.23
367.335
1.30224e+06
3847.67
5024.89
47415.7
3806.08
1.30754e+06
3456.32
25601.7
37748.2
48565.7
763274
46.626
1.31496e+06
3796.66
40556.8
59886.8
1.37295e+06
290.318
4177.78
3044.47
4717.62
2952.28
18726.8
1.30927e+06
1308.57
423.234
1.33757e+06
9199.54
37083.1
3006.49
11458.1
1.21005e+06
4895.82
894101
10878.4
3590.58
1.31331e+06
1.2557e+06
969.669
1.30106e+06
1.31646e+06
735489
12467.5
3338.69
4190.48
810696
5249.38
1195.15
3239.41
3802.23
544.891
1.36135e+06
38332.8
1.34582e+06
1.25223e+06
1.29681e+06
3631.14
1917.01
1.19605e+06
1.37106e+06
1.37516e+06
149.022
8114.34
7164.05
935463
6485.73
1.37424e+06
16388.4
51425.6
6600.69
4565.89
1.34665e+06
26719.5
4723.98
12371.5
396.236
248.452
1.32388e+06
15108.8
335.502
41610
11040.2
9064.27
293.989
1.13652e+06
1.03265e+06
3285.27
80650.1
5122.53
50660.3
5079.66
6622.96
1860.99
517.878
6513.48
118944
14761.8
187777
8164.34
1589.94
562.895
2129.34
1.14197e+06
2376.67
6224.59
17858.7
8274.19
14945.7
17116
3613.62
1.36246e+06
16.7933
321.064
15005.5
304.284
5616.95
1.3006e+06
1.31936e+06
941691
1.35959e+06
3303.54
7322.18
87952.2
12128.7
1.3628e+06
297.199
7240.66
9403.49
1.22099e+06
7278.37
885.042
4619.02
42162.7
1.37516e+06
1.3233e+06
397.956
351.114
6649.23
30982.1
1.2129e+06
823.003
566116
1366.75
5654.13
4073.05
1.37523e+06
4234.85
368.904
11695.8
1090.98
545.813
3733.08
4923.04
749663
388.248
2904.03
1.37581e+06
3710.77
3829.16
12376.8
5019.18
8065.62
1650.9
236.061
1.15132e+06
25873.2
35859
1.36415e+06
17.426
4928.54
7155.14
1.37032e+06
14358.5
46418.5
9425.07
8044.52
182695
26939.7
1.31923e+06
3115.41
1.37201e+06
5875.46
143485
1.31574e+06
1.19323e+06
144169
606.447
929113
4494.09
1175.68
3075.26
14.3202
1.37637e+06
95883.7
5858.92
94234.1
402.708
478047
999.989
5684.08
1.36166e+06
1939.36
1.16185e+06
4061.88
27782
6394.49
1.14348e+06
8067.19
1.13092e+06
1.37017e+06
2310.3
49090.6
1.37548e+06
3556.59
1732.85
27610.6
3838.44
38219.9
13048.9
648770
160199
12351.6
1.2418e+06
32.914
866204
4597.32
1647.83
1.28775e+06
338.629
32386.6
3214.61
4564.74
11382.2
5037.56
7614.86
599.355
2069.01
1.34903e+06
8.45267
629.532
1.31126e+06
45619.1
31.3738
3434.64
343.603
24383.6
6242.39
593.609
8019.58
12112.8
78398
36581.6
4178.76
1.19924e+06
835.72
25686.8
362.727
816.542
4276.46
459.808
58728.1
1.31009e+06
1.37314e+06
23513.3
12479.6
3780.76
69.7458
4610.95
315.475
9293.41
48.528
1.30906e+06
1.37172e+06
1.35644e+06
35557.4
881436
2576.76
1.31224e+06
329.061
17376.2
92.5643
33508.5
24976.8
1708.79
1.37524e+06
3743.25
3146.82
9856.6
22530.9
834721
3527.81
7425.72
2273.57
5225.38
11746.6
398761
242.883
7070.49
59.1949
3221.96
1.37495e+06
7415.24
3214.12
25881.1
4968.83
3020.5
8318.09
2524.1
14365.3
113391
1.24247e+06
1.35432e+06
26194.8
6356.77
5099.91
6716.83
742213
12178.8
332.016
1612.57
30372.5
1894.67
1417.97
423.104
16645.1
793.992
944423
7050.8
68824.6
10495.8
8478.62
1.29089e+06
12672.8
6.36754
21317.5
1.11635e+06
14201.3
180604
1.23188e+06
6054.42
3702.91
420.446
37752.4
10254.7
1.37064e+06
10495
11204
7457
12620.8
9013.03
382778
3137.21
1.16157e+06
1.21721e+06
4660.81
607911
1.35904e+06
18.4461
2318.4
75898.6
8017.52
1.32157e+06
3256.19
5079.98
967622
5611.89
1.36156e+06
65334.3
1.32538e+06
4784.49
40992.7
18557.5
21571.5
25812.2
634.612
8036.48
9347.91
1429.63
629.769
1.34048e+06
21895.4
13291.8
27122.5
9279.49
68.9245
1167.7
1.32336e+06
6900.49
8067.1
32977.2
1.37294e+06
303.337
15070.2
4042.4
1.37272e+06
1.37528e+06
11090.2
1.23857e+06
1.33941e+06
1.3737e+06
6472.24
1.34177e+06
3341.71
1.2943e+06
18948.2
98940.4
4421.1
1.34886e+06
2522.9
184.934
7132.82
4274.57
9174.54
1.13187e+06
1.16382e+06
662.783
1.28413e+06
1091
938739
513915
1.15562e+06
2880.04
3121.02
543543
5540.8
1.25742e+06
1.07374e+06
1.37258e+06
4861.81
3321.22
130843
37746
209.894
3633.11
28510.9
394.676
3632.65
20899.7
304250
1.26609e+06
2877.71
3639.23
31736.6
3170.58
38640.8
8013.55
32792.4
19370.9
92820.3
1.37216e+06
372.515
15043.2
3124.22
3456.48
4268.2
23900.8
2991.44
6223.91
172411
566.895
1.32272e+06
2958.24
1.21191e+06
7789.22
1.19707e+06
1.31671e+06
594080
1.19037e+06
22580.5
860.634
1.12566e+06
162816
17941.9
3020.63
2685.07
1.37412e+06
3212.48
15255.9
2826.1
585.917
4679.66
1.11734e+06
24406.2
13161.9
7342.63
5602.66
22079.4
532.518
3685.62
322.951
609.034
1.36017e+06
1.2981e+06
17037.8
22514
1.1194e+06
14452
5101.62
1.27793e+06
17612.4
1.27315e+06
1.36619e+06
77177.7
1.3181e+06
8179.86
4160.39
12764.4
41406.6
4528.49
386.733
2859.23
5963.46
2878.57
26549.4
117445
3094.16
11042.8
3661.48
222.651
4556.45
3020.22
1.33391e+06
5264.01
113764
8128.94
1.35026e+06
347.987
33146.7
796.955
432.673
10.2309
14280.1
3898.16
25.6747
8292.52
26354.1
4042.39
4605.79
18492.4
159478
12947.9
3749.29
191.844
1737.81
1.35961e+06
1106.62
7325.64
74976.9
3559.04
1.35474e+06
6725.8
3248.89
4045.3
6637.92
1.33839e+06
1.26488e+06
4547.26
176.582
7655.67
3417.85
304.321
3042.59
8490.9
3217.94
3957.17
16339.9
4164.86
300.233
1.30194e+06
9269.12
3817.19
131868
2258.21
1.35892e+06
5049.86
193.317
717977
21104.7
1487.52
752.862
1.22342e+06
4464.47
5919.48
1.35911e+06
372.986
1.36174e+06
3777.63
1.14366e+06
768953
1.37285e+06
8034.54
1659.91
3530.38
84900.5
19187
1.29306e+06
8359.83
6.48081
1.36006e+06
1.31053e+06
118.972
1.19597e+06
78276.1
6432.07
6845.38
15593.6
11646.2
1.07188e+06
32970.3
1.37142e+06
198666
2869.48
2375.38
48592.6
907166
14118.6
76073.9
268.526
45870
8240.72
1.37514e+06
1.3738e+06
1728.6
5179.39
34.2636
38485
22553.8
17727.7
8396.17
17397.9
4241.03
3804.42
5097.11
8547.44
10617.6
5088.57
16845.7
9685.14
11015.4
1.34319e+06
5821.88
1.34687e+06
26516
21409.1
498985
5856.25
4117.05
3902.93
857537
1734.99
4956.45
1540.73
1.36138e+06
895068
1.37242e+06
142.676
1649.04
1.08934e+06
9351.96
11651.5
1.3613e+06
1.14643e+06
1.3248e+06
1.28804e+06
631.387
5115.33
332.742
4102.31
3470.16
148.509
3952.92
1.37613e+06
2443.41
8.02733
579.411
2715.6
343.789
262083
33706.9
32203.8
21519.9
3302.62
16703.6
52482.4
1.35542e+06
1090.54
1719.64
2249.29
872509
1.37394e+06
18323.3
3725.61
1.37512e+06
3684.41
53.1724
1.24105e+06
197645
3082.96
16158.7
22850.7
31.5904
3766.77
955.273
5355.52
12.41
1.13512e+06
84906.5
35621.2
1.31472e+06
674.356
65.3181
3078.78
2977.34
12108.3
3224.77
27.9992
3522.39
290.651
3616.98
181824
1.29492e+06
397.379
4206.38
3549.36
571.364
3774.74
1.24e+06
15253
1.12237e+06
1.34944e+06
6438.23
33371.7
1.36824e+06
1.31767e+06
10634.4
18027.8
1.30262e+06
44988.9
345.127
1.16062e+06
114796
7734.39
4348.37
1029.04
398749
1040.56
29003.5
1.19689e+06
1.32933e+06
1.26627e+06
1.26823e+06
195039
13105.2
119953
3067.07
1.31973e+06
213.135
986810
2208.25
28526.7
1636.32
601.147
71526.2
12320.5
3363.58
9733.04
1030.81
6271.95
1.36851e+06
31356.9
735.006
639871
6432.47
233.016
1.3532e+06
7157.3
3083.67
3124.09
1.30154e+06
204.795
5971.23
3580.15
40204.1
9483.31
3924.57
1.36653e+06
9856.21
11661.4
1.27007e+06
1.15446e+06
3290.93
13792.7
134682
1.24185e+06
22.9206
694.095
2871.38
7873.05
1.37309e+06
101469
1.37447e+06
6538.34
4809.65
735.78
3247.6
69121.3
421.117
23650
1.37216e+06
20219.8
3091.95
3041.52
1.0494e+06
8304.13
235.71
498.739
4846.21
3158.06
4019.84
4081.38
1.30017e+06
6171.63
1.09443e+06
10505.4
19811.3
2738.49
3459.14
3334.02
5948.77
48119
1729.34
6650.2
10072.5
736.724
11572.4
5417.41
8035.41
535.639
3117.08
3269.77
7327.16
1.3392e+06
6492.84
56221.4
1.28924e+06
3808.47
1.35685e+06
3777.65
18573.6
127.158
3894.63
22773.2
4036.69
7958.26
19145.3
40565.8
61624.8
26712.7
3807.29
1.24286e+06
1.12122e+06
8028.05
583.526
4.68515
4117.17
1.19426e+06
630.941
1.17027e+06
8136.54
20352.5
2214.49
35227.4
587.153
22797.1
51934.3
4938.24
1564.31
1130.46
1594.86
3041.79
1081.69
94081.3
9150.6
4189.42
5410.67
11694.4
1.37598e+06
5910.11
33.1439
1.34277e+06
875958
1.22543e+06
2629.15
301.693
2746.58
4313.37
1.37296e+06
1.36849e+06
351.103
3700.33
15481.3
677.34
1.34138e+06
1.37085e+06
4436.8
1.36388e+06
5782.67
4524.43
8161.76
3325.83
5999.57
10395.2
18434.5
1.18085e+06
182.785
402.003
1.34294e+06
343970
1.36517e+06
3168.02
1.32523e+06
16.5831
3818.92
50968.1
538.33
1.37212e+06
192.017
744.198
3453.07
5213.01
239.802
12.0257
496123
15756.2
8909.79
17575
3420.25
38682.8
233558
1.37091e+06
1.32102e+06
2390.03
7055.21
1.37642e+06
3814.12
1.13785e+06
324.009
769127
5617.81
2157.79
3127.33
140646
16513
1.26889e+06
1.34463e+06
16199.2
14701.7
2245.81
808.063
126.208
535293
1.36584e+06
865798
1692.14
1.37163e+06
1.25517e+06
955939
4784.07
640.857
4778.67
11376.1
127758
1025.9
1.12839e+06
12658.6
4649.11
3425.23
8.28158
1.25559e+06
7656.3
1.33215e+06
13419.3
266.565
5852.66
1.33897e+06
1.1666e+06
68048.4
1.36455e+06
13497.9
12433.9
321200
1.37522e+06
3983.09
15237.7
4299.7
1.37401e+06
3715.5
26106.2
15009.2
32204.9
1.33065e+06
1795.54
1.00159e+06
4809.55
1041.42
18146
3749.1
2148.42
1.3384e+06
1.22968e+06
21656.9
1.35865e+06
3564.31
10406.2
22506.2
1612.02
1.25068e+06
26241.4
3102.36
1.37529e+06
315699
7040.71
55619.7
146.66
11307.1
4999.02
3218.13
9616.46
4423.52
4118.78
1.37711e+06
43624.3
43665
5101.55
1.34104e+06
4682.47
3806.26
15810.4
1402.66
1.36074e+06
3503.91
44983.9
15847
2455.18
2719.27
5406.12
167603
3079.96
4442.21
3759.79
5160.38
667189
42.9211
1.26668e+06
45456.4
9516.25
18504.8
1.37557e+06
136921
1619.82
1.35728e+06
1.13585e+06
1.28735e+06
468.483
4923.52
13733.1
201619
582.297
15613.7
2157.58
407877
1070.08
1.27614e+06
135452
1.36438e+06
313.826
1.34854e+06
2149.37
3173.19
4526.79
2946.72
5088.35
3032.47
3746.48
759.066
3881.24
1.35107e+06
10292.6
5741.03
4154.29
3146.24
19173.4
4572.44
19963.9
1.37324e+06
2988.33
1.36472e+06
404452
4599.88
7662.54
1.35993e+06
38751.7
11910
12284.1
2937.74
1367.89
3843.13
1.07073e+06
1.37618e+06
5649.97
1.37208e+06
69647
7652.5
1.18971e+06
1288.34
1.37268e+06
10682.3
530.07
10.774
634.354
4782.79
1.37411e+06
1.03962e+06
5679.85
306.964
830.862
3955.92
1.3732e+06
3804.79
2803.58
1.28393e+06
68166.1
1675.9
1282.35
522.694
1.23187e+06
2971.17
1.37725e+06
939700
1.2415e+06
39285.7
5031.45
4689.79
135.137
1.17528e+06
4227.23
1.24435e+06
706.887
9299.99
1328.63
6219.79
4273.73
7475.65
1202.39
26513.3
3240.95
13514.9
19058.2
3208.28
1.09643e+06
1.18706e+06
13821.5
1542.06
35712.4
425560
15010.4
1753.16
162.311
1220.17
3754.91
3150.91
1.32186e+06
1.37357e+06
1.27016e+06
46777.2
3623.98
6607.43
709458
15407.2
3146.99
1.36492e+06
1.3516e+06
12032.2
1567.5
9412.18
875981
3245.92
34800.9
3709.67
14239
11561.7
18357.8
2745.93
1.13343e+06
1.17475e+06
11.0782
1.37491e+06
1792.95
1.32264e+06
1.28625e+06
4569.01
57.5774
109350
618.741
21529.8
1.15702e+06
3848.8
4506.88
694.012
4691.53
324.666
3355.72
291.62
1.37141e+06
1.3752e+06
11217.3
11727.4
123614
18796.9
866335
6812.44
2745.47
5342.07
42483.3
3601.92
1.37482e+06
4618.13
6371.36
4321.9
1.13e+06
387.653
364.42
325.555
3773.92
1.34509e+06
6.49347
1.37616e+06
14335.3
12945.6
16916.8
3437.82
659444
1.30295e+06
4663.67
424.037
15912.8
2748.82
315.034
14503.2
7739.76
7587.7
386.147
3155.42
235347
9135.93
10228.8
1250.12
664.349
29.3161
3200.31
3120.66
15426.7
507.589
136569
394.362
53.5846
1355.26
3078.8
14247.2
3308.99
5068.57
4803.69
1.25859e+06
3366.62
967.974
22.9448
12528.5
39060.2
7410.25
4186.3
40157.9
918996
1.3696e+06
178779
1663.62
5059.85
15723.1
1587.8
193.233
12524.6
177.287
1315.25
11797.3
1.37453e+06
3496.72
314.354
3687.98
1079.27
440.346
25673
8473.45
3094.47
3060.01
4042.25
3735.28
13069.3
4982.18
1.3723e+06
299.448
3640.81
4693.43
8512.37
235.669
3308.33
1.37203e+06
3960.25
1.35111e+06
14038
8076.68
4584.26
10716.6
56290.1
1.3274e+06
14739
16783.6
11045.4
18.0327
1625.72
3155.87
18737.8
40687.6
995400
28901.9
6982.41
1713.39
15836.3
15672
357.756
1359.13
819.277
1.29652e+06
7535.4
7255.54
12820.8
26702.2
1.37232e+06
7.63196
19.7244
3112.91
26224.6
1.37168e+06
47.0638
36649.3
1.21813e+06
3694.11
27017.7
579.959
4748.18
12053.7
306998
14092.6
3252.81
1.37247e+06
7963.13
67467.9
4117
2652.53
103124
7344.28
4686.59
3193.23
40819.1
1845.13
1.3737e+06
5519.7
41383.1
10703.7
6.51837
12897.7
16148
10865.5
543.57
5608.38
15917.3
554.514
130.871
1.19288e+06
143063
1540.06
16749.1
5895.31
26996.7
36082.3
23873.3
1362.78
1721.68
25306.4
3877.37
12929.3
391.822
7591.8
5159.86
4624.65
319.093
16746.6
15198.1
3139.71
181949
324.988
848633
1.35764e+06
3116.59
35233.5
622.506
46847
1123
1426.72
8610.21
223786
4814.61
1607.34
21723.2
1.26735e+06
3596.71
16542.1
2132.14
6161.15
3046.99
7284.51
1795.71
4463.1
1.33265e+06
7698.15
4324.68
2955.87
23070.1
1583.14
15765.9
2771.73
1941.38
1777.22
19702.8
10841.8
15.4858
10430.9
3284.29
72976.2
3468.63
41927.3
12500.6
6.19744
4.57405
743141
1.26813e+06
7476.27
36254.8
1323.85
3365.5
17352
275.253
834.161
1.37453e+06
1.31654e+06
500.758
341651
3949.91
1.28972e+06
1.37618e+06
1.28214e+06
47079.8
3692.88
1.37306e+06
3589.44
945632
11056
51897.6
19933.3
174.864
1401.11
7829.05
6985.61
7383.66
409.81
1.36878e+06
26477.9
1.37514e+06
4556.88
21243.4
1.09719e+06
1542.73
1074.41
16199.4
1.12556e+06
1004.82
592851
17041.4
3075.53
4850.13
3498.72
1.37328e+06
1.00209e+06
1.1624e+06
11535.9
1.37358e+06
7792.46
1.32368e+06
13.6824
49744.9
42577.8
1986.17
1.32505e+06
269698
1.37512e+06
1.35941e+06
1.22472e+06
58.2441
7877.6
16204.8
1.37394e+06
5472.09
12860.7
1.37115e+06
43327.7
29532.8
1.1253e+06
10326.5
1.36391e+06
2137.8
1.32244e+06
1.13784e+06
33269.1
5257.16
1.36865e+06
1.37304e+06
4654.43
4696.4
3025.79
7776.97
33287.9
1.37382e+06
1098.42
1.37279e+06
3588.55
4371.83
4442.69
14276
7832.66
6059.85
1.34905e+06
1.02496e+06
45.1239
11928.8
3534.4
1.37137e+06
259173
19151.2
1.32263e+06
1.3748e+06
12003.1
6519.67
7351.97
1070.25
15024.9
11434.3
32201.7
1463.86
3477.96
9149.79
8.08097
1.30572e+06
26178.7
159058
1.37467e+06
789.057
144526
3063.52
1.28767e+06
6790.87
15527.3
4322.04
1.09808e+06
15680.7
3654.75
1643.2
276.161
1587.22
1.28967e+06
1.07659e+06
8219.49
2143.81
3852.75
7417.64
1.3749e+06
1.36146e+06
189.696
1.34292e+06
1.36108e+06
5170.2
6059.8
901952
15794.4
15000
1.29575e+06
2278.57
3425.87
3603.98
1387.74
1.28955e+06
243.118
3212.64
5685.45
163.227
3164
2006.09
1.32373e+06
10501.5
3403.81
1.36462e+06
19498.5
4768.04
4476.09
11260
678.389
1.14916e+06
1.10223e+06
1.35892e+06
26.0765
17059
1987.5
5709.11
10142.8
1.3719e+06
185414
756.471
1.11681e+06
7523.11
9927.17
20789.9
2343.55
3091.51
4216.23
5791.48
1.34108e+06
1.25089e+06
1.37024e+06
29806.9
1.2251e+06
185070
1.22217e+06
1.35019e+06
4174.1
1.29842e+06
6282.24
5879.64
1.34841e+06
1.2655e+06
9362.35
4479.94
40759.2
1.02067e+06
9857.22
1.35289e+06
1.34917e+06
1.34566e+06
1038.96
3975.64
4090.64
53903.1
3447.98
110.042
7748.1
330.813
1560.71
742.538
1.2942e+06
4215.02
11375.9
2244.86
1565.25
3430.09
7860.78
41915.4
1.16591e+06
208.718
3102.26
5193.98
1.17164e+06
3332.77
4686.26
1214.99
5029.68
2792.81
23961.6
3701.3
361259
974760
3540.6
4140.95
3008.97
1576.27
1.36786e+06
1126.78
718879
46921
7935.72
7532.93
6576.1
1916.5
15626.6
3616.12
3515.97
2988.2
5961.29
3751
206277
3092.18
1.32062e+06
3642.18
7602.57
4750.89
759609
5575.42
6.19782
3320.79
7835.47
10.6642
3750.17
295.391
281748
6567.61
19663.6
3066.33
8406.17
1.19119e+06
5060.14
1126.48
1.30355e+06
10746.5
26515.5
5.87786
284882
178872
11145.3
4919.14
10348
3175.79
13456.6
2127.16
15365.2
1.33178e+06
15162.1
13877.2
19087.8
506.835
1.3612e+06
860.866
9245.45
1.36439e+06
101426
17335.9
3399.42
6590.79
621.982
165822
7631.36
699.351
2230.06
45810.1
3877.27
21491
1.17044e+06
1.35995e+06
42362.9
7452.8
3236.81
1.35004e+06
1.00998e+06
4668.58
1.36161e+06
3736.08
1.25241e+06
1234.24
15782.6
37767.2
18196.3
5111.55
2699.5
1.12927e+06
11439.5
1125.15
1.28979e+06
6195
7669.34
1.18949e+06
9917.8
12222.9
1.31775e+06
3570.12
216035
51575.4
1.18357e+06
68111.9
3292.32
858785
7793.99
3232.44
6180.78
1.37344e+06
1.29728e+06
3219.69
10117.6
508.831
1.35139e+06
4647.82
9970.21
11093.2
3659.68
3798.54
91.6416
6003.22
3985.27
1.03273e+06
4378.25
38325.6
1.37423e+06
683.997
3705.75
1.23079e+06
1.27279e+06
1.35141e+06
1.36765e+06
1.13023e+06
1100.94
2243.21
6094.07
1.37393e+06
4047.01
11110.9
11732.5
6010.44
1.07701e+06
21596.6
10812.6
449.849
4243.81
45637.2
100022
1.34237e+06
7906.62
18573.1
3628.57
991031
4571.21
1.30638e+06
40.9999
2595.95
613.496
2076.39
4414.5
83757
19324.1
13734.5
4418.38
7218.28
16004.9
7838.41
1.32033e+06
1.12238e+06
1.17896e+06
18047.3
3651.55
1.34385e+06
333.136
16237.3
3754.23
2378.95
16004.4
655.214
11489.9
5391.89
4195.96
10025.5
3015.58
533.112
13354.5
1.33117e+06
847.433
11333.9
3381.87
5818
6508
1.17889e+06
3009.44
4529.82
184.117
792.066
1.18944e+06
1.12635e+06
15630.5
22.3185
1.35091e+06
6039.34
3048.39
9888.36
1.26585e+06
2662.54
13754.2
4979.57
2749.59
1.37217e+06
1042.09
60326.9
5835.11
112.894
77187.4
4749.98
1.31361e+06
1.36815e+06
573.891
3243.16
4800.64
383.486
9430.74
1.37342e+06
1.37343e+06
9209.02
155.852
5941.02
502974
1.34507e+06
9060.42
5439.42
14.2378
122730
12758.6
13767.2
5949.6
515.564
1.05191e+06
12517.3
3400.01
4215
10540.2
301.853
1.37275e+06
3022.11
1.35386e+06
9903.05
3082.78
12905.7
500314
48114.1
1.37461e+06
1.18275e+06
1.36206e+06
3125.85
276260
316.142
29.1172
1.08922e+06
100.963
4494.82
3961.96
16159.5
23792.4
3305.37
33717.6
646.177
1.31322e+06
7023.46
684.531
2322.2
2076.25
36610.5
568.84
2073.29
10247.1
4706.51
1.2394e+06
946286
1.30206e+06
1.36489e+06
6357.46
1.26703e+06
1.36924e+06
10997.7
5909.09
1.1293e+06
153707
3156.85
404.354
1.37001e+06
22020.3
39954
5210.18
3520.28
40569.1
3022.94
840.075
9897.38
69.4536
1.13566e+06
1.37286e+06
6748.69
5290.77
486.155
3266.8
7136.58
2323.86
1161.17
3385.27
7.25856
848984
2998.67
595.072
1.36918e+06
52683.4
3850.57
257209
4229.96
12029.1
27752.5
9553.26
36268.6
25503.9
3550.42
3187.78
1.01805e+06
21108.8
4255.99
7145.53
4859.73
501.194
2957.22
5677.35
1.26973e+06
1.31861e+06
2563.62
459.867
3026.17
4044.42
5512.11
39546.8
3616.68
617914
11110.7
677515
4764.11
6459.13
1.12475e+06
5340.07
3121.99
153354
26076.3
41150.9
3426.77
3657.92
1.37611e+06
15623.4
36011.2
4183.33
1.26849e+06
1.36269e+06
338521
3896.73
237.763
22504.7
7350.79
3908.04
13949.4
6334.01
4761.82
3303.78
5920.43
1098.51
1.30928e+06
173.827
11436.1
21737.3
7454.51
10028.1
23990.5
327930
1686.5
4443.94
1.12101e+06
10125.3
542247
5620.93
25795.4
4622.09
35065
1.22763e+06
4948.4
724440
1.37617e+06
1.36179e+06
436727
12684.9
306.458
14905.9
646957
5728.3
5322.73
35.5596
28558.1
49062.6
1.37389e+06
1.36859e+06
25.1848
1.3586e+06
1.37171e+06
13358.3
13799.9
37.4154
67879.7
10008.2
737023
25450.9
17301
451.769
66734
3406.27
4348.72
627.519
13418.3
73687.4
1.37248e+06
6506.9
5639.54
8617.9
14622
5.30887
1.16824e+06
743541
27588.3
1.36251e+06
3434.81
32560
1.32341e+06
46125.2
423.734
9779.18
4044.99
3555.1
3164.42
4584.33
1.35026e+06
66276.4
530.085
4156.82
1.18962e+06
1.35806e+06
1.37511e+06
728016
14261.3
32288.4
6066.4
1.13418e+06
31.2618
1.33862e+06
22593.1
24013.8
927.422
658.872
282.78
4855.13
28102.3
14.2837
69.3343
5971.18
16375.1
128.858
604.79
1194.65
58873.6
1606.21
1.3047e+06
384.521
18741.3
1.3684e+06
7455.4
4708.77
33.6059
1765.93
1.18242e+06
1.32227e+06
287.938
1.26899e+06
1867.11
4353.09
1.09242e+06
1.35086e+06
4519.1
32032.1
10261.9
6996.79
3313.03
6283.23
11289.5
314.462
5536.83
26467.1
1.11748e+06
7642.67
9672.63
4547.97
1.12721e+06
4216.13
1.12235e+06
357.255
751878
3563.69
1.31102e+06
1.37392e+06
5167.66
16.6079
1.13865e+06
578343
54.0952
5591.71
1159.97
757.352
1108.34
69872.7
1.2945e+06
21135.8
1.36049e+06
1.37563e+06
9.72911
1.368e+06
1.29952e+06
41501.7
3430.99
1.32365e+06
7178.62
43.7399
1.36331e+06
76.2029
6831.32
363.165
2687.83
587800
381.844
14017.9
9360.01
130719
27343.9
6452.62
1.36878e+06
305.539
1.36544e+06
20273.9
19272.3
192566
1.36377e+06
8902.98
7149.92
275.529
9852.16
5683.63
556.55
3128.74
34383.5
1.29799e+06
6237.46
1.36208e+06
163.555
74.3626
1.28753e+06
334.557
123220
99950.3
22677.4
1.37214e+06
8821.17
5143.61
10.1128
39.8972
13059.7
13056.7
47427.3
69874.3
67745.3
26903.9
65062.5
13813.5
260134
51735.8
95657
2364.31
39336.8
263.251
383.823
15866.6
339.214
1.18324e+06
3556.76
1.37506e+06
4565.87
1.19385e+06
473.596
1.37213e+06
2254.37
1.32288e+06
4497.06
4732.27
1.04261e+06
1.23826e+06
1.37626e+06
342393
1.07395e+06
34933.3
3707.52
2468.51
36486.2
12142
4860.37
32.7182
16002.8
498.638
1.36868e+06
34185.5
1.36387e+06
12873.4
394.18
17503.8
119839
577175
1.36176e+06
148274
6.27067
188.374
6897.51
365.908
8826.24
1.37663e+06
4248.5
12940.3
27419.4
23997.4
1.36428e+06
4275.38
1.36789e+06
21.5235
3972.23
577.236
606.4
134983
138.5
1.34995e+06
3914.68
37487.9
1.3741e+06
4161.2
923998
199.728
702516
259.299
4725.44
6541.64
4631.23
360793
4680.16
1.37572e+06
28.2283
1.35836e+06
21.5049
298.084
516.912
476.336
4048.94
38.6239
3506.61
1.19578e+06
300.063
148.628
564.511
1.37317e+06
6345.14
1.27308e+06
5833.95
7.25965
3281.74
11835.7
4698.48
1.37164e+06
27828.2
20520.6
10188.3
1.36236e+06
7521.4
1.34988e+06
486.368
1.37654e+06
72.3369
27.8977
16375.8
31.05
4615.05
390.934
13622.8
5252.71
160746
48757.9
7966.51
5822.25
30065.7
952.278
5922.02
8.07345
6915.97
23592
369.393
2994.61
157898
1.19349e+06
43742.1
903.718
426.266
6357.07
4359.18
4890.12
61222.3
582.81
42134.7
907.259
173.29
928.627
668.211
22422.9
47.1256
81.679
1.33464e+06
53.1164
243.997
189256
197445
1.17295e+06
3447.39
643825
203954
9.53531
895084
292.749
472.058
13229.7
45.4673
1.19518e+06
597.157
1.25116e+06
1.36369e+06
777537
342.748
1.37065e+06
532.815
1.12041e+06
7.93594
3137.65
47.2825
56969.1
613.792
24426.6
1.2994e+06
310069
4045.22
45026.7
93.5793
1.18537e+06
6.90591
1.08871e+06
1.04235e+06
741999
11058.4
1720.96
570.199
1.30416e+06
1.18857e+06
9422.07
71.4631
424.053
288.62
5185.87
572.558
53.2521
60.7483
6781.27
564.24
5322.55
6096.47
586.608
1.36914e+06
18234.2
1.37181e+06
1.37221e+06
3972.95
655.211
149542
15928.3
3198.47
694810
1.37133e+06
9032.98
524.465
5843.97
3698.02
1.31533e+06
395.214
3461.13
13301.6
4651.58
3244.32
1.24797e+06
160.259
366.823
1.11752e+06
801.069
47.3081
344.531
1.12814e+06
1.3267e+06
3755.4
1.34415e+06
3913.06
6847.58
6893.38
390.671
1.13114e+06
16067
1.09098e+06
3853.32
31440.1
50.8542
16.5748
333224
307.773
952028
3343.22
9806.12
4686.18
1.37291e+06
1.25164e+06
6083.8
4176.26
96474.5
328.197
57.2909
91667.2
9886.71
755.589
1.37515e+06
1.3393e+06
1.3711e+06
10099.7
3659.29
351.382
265.861
3742
1703.05
1.3709e+06
399291
3726.1
9492.13
1564.43
1.1372e+06
19609.7
1602.14
17181.9
1562.87
19.2925
19359.7
1.03822e+06
43.3412
2483.66
1.31319e+06
800.812
561.332
44212.7
19.2848
627.492
4175.84
695.602
2752.37
2771.74
9210.98
1.37242e+06
11025.9
550.687
545.189
1453.85
621.238
12485.6
1.17975e+06
19558.7
4185.63
83.6341
54.8018
66970.9
30166.9
506.427
3577.93
826237
5973.44
1152.29
131264
4122.55
5881.37
13.4212
69776
1.30563e+06
18.3162
1.32017e+06
164.559
1206.2
1.33334e+06
39.0416
1.37312e+06
320.298
12846.6
1.30152e+06
347.015
232.998
3662.54
165.055
3491.68
198261
1244.44
17552.1
1.37586e+06
122.84
2204.81
8164.57
11574.8
1244.32
1.37132e+06
876515
1094.03
3125.72
220.766
1271.24
40.7914
1088.42
221.97
24581.6
3064.55
41.8807
1.19357e+06
1139.9
1.04608e+06
3087.68
12.2728
3341.95
118.104
4338.92
6727.09
11499.3
706192
6010.96
3010.3
10287
62827
8318.37
1.05483e+06
12761.1
1003.71
10027.2
28921
22372.6
1.29543e+06
5656.33
1.24598e+06
51.8636
1056.51
1737.71
19933.6
1.17655e+06
21.1432
5436.1
3233.69
1.32516e+06
1730.18
7147.11
82621.8
1.26927e+06
33.5358
18578.8
6141.57
634.652
3193.89
18447.8
56812.5
631.107
3561.15
1.01565e+06
101175
528.394
1.19277e+06
4602.97
516.784
1.32366e+06
4622.98
60300.1
512.88
4037.04
1.02399e+06
1.29471e+06
7.36968
5465.44
26.7652
18.0403
)
;

boundaryField
{
    back
    {
        type            empty;
    }
    front
    {
        type            empty;
    }
    gasjet
    {
        type            zeroGradient;
    }
    inlet
    {
        type            uniformTotalPressure;
        rho             none;
        psi             thermo:psi;
        gamma           1.4;
        p0              constant 1.379e+06;
        value           nonuniform List<scalar> 
20
(
1.3769e+06
1.37723e+06
1.37724e+06
1.37679e+06
1.37668e+06
1.37602e+06
1.37603e+06
1.37557e+06
1.37522e+06
1.37535e+06
1.37522e+06
1.37526e+06
1.37577e+06
1.37527e+06
1.3754e+06
1.37576e+06
1.37681e+06
1.37555e+06
1.37646e+06
1.37658e+06
)
;
    }
    outlet
    {
        type            waveTransmissive;
        gamma           1.4;
        fieldInf        1;
        lInf            0.5;
        value           nonuniform List<scalar> 
110
(
12.5966
249.182
324.076
182.939
127.407
137.007
62.448
102.626
30.3184
6.49693
9.26378
18.7868
27.8715
67.5867
8.30212
4.79768
18.5631
101.507
184.342
170.56
222.199
213.319
7.71431
6.69622
83.4279
15.7909
237.683
164.978
111.239
145.35
173.861
230.935
7.81528
6.34849
10.634
257.554
191.536
4.45233
258.53
225.47
204.231
233.851
283.719
263.379
5.17443
246.103
272.108
270.785
288.535
26.4207
23.4027
284.971
285.214
302.194
286.059
6.06328
4.50998
345.805
286.478
294.521
329.998
323.599
293.116
366.734
352.515
387.433
403.737
334.367
295.819
296.341
401.301
395.891
295.545
301.36
301.643
291.32
300.869
297.492
294.261
292.767
301.414
129.235
76.7133
48.7928
6.71534
38.933
10.6823
283.677
150.307
296.306
293.627
282.423
273.281
281.72
357.638
367.341
315.634
310.423
6.27199
4.77469
6.18613
4.6426
275.357
274.512
295.309
289.842
316.653
6.2488
185.722
190.943
)
;
    }
}


// ************************************************************************* //
