/*--------------------------------*- C++ -*----------------------------------*\
  =========                 |
  \\      /  F ield         | OpenFOAM: The Open Source CFD Toolbox
   \\    /   O peration     | Website:  https://openfoam.org
    \\  /    A nd           | Version:  8
     \\/     M anipulation  |
\*---------------------------------------------------------------------------*/
FoamFile
{
    version     2.0;
    format      ascii;
    class       volScalarField;
    location    "0.0005";
    object      T;
}
// * * * * * * * * * * * * * * * * * * * * * * * * * * * * * * * * * * * * * //

dimensions      [0 0 0 1 0 0 0];

internalField   nonuniform List<scalar> 
29110
(
65.2958
66.2392
102.909
66.2442
133.495
120.035
223.68
184.293
131.727
84.1145
289.658
90.6625
65.9127
126.773
168.392
91.8174
85.6495
72.6842
111.982
128.569
90.5236
91.995
91.0538
297.93
299.65
292.743
286.389
66.337
146.432
135.916
108.228
261.864
76.7112
74.2271
123.285
295.116
111.763
155.172
158.325
121.096
165.161
284.665
396.483
127.431
80.0521
57.9729
119.547
292.691
138.432
146.653
137.54
83.2727
67.4272
110.445
119.803
80.2939
103.81
98.2296
76.689
299.438
274.336
297.358
287.825
80.4702
90.1161
120.255
91.3293
91.7789
58.3087
288.333
110.205
83.1077
64.3038
299.685
89.435
89.8435
69.3952
99.2074
298.869
74.5204
299.517
98.2772
287.532
117.615
127.235
99.7502
90.0839
296.882
247.562
293.554
75.229
285.117
93.2049
105.701
288.065
115.163
143.918
97.0793
86.3019
146.61
67.6057
134.571
125.098
70.9024
100.31
104.898
298.197
244.622
299.925
109.103
299.991
82.4425
190.963
299.667
122.713
60.6523
298.88
167.528
74.5652
83.3871
131.152
276.974
131.703
111.902
91.8813
83.2074
96.0552
101.391
287.604
158.508
299.751
111.124
92.8201
155.435
130.125
80.3454
296.935
291.246
272.533
96.9105
85.7969
89.8351
146.308
122.669
99.9914
271.503
88.2684
118.792
84.4141
124.106
58.2571
74.4211
89.0186
287.874
285.728
77.6819
299.706
68.7813
77.3376
119.171
90.2372
299.893
82.0104
126.699
121.513
297.928
299.424
85.9298
284.546
59.9798
299.358
282.949
74.2267
91.1646
273.861
92.1179
68.6659
61.0905
84.2855
77.6349
118.949
67.1034
91.6829
282.916
128.91
92.223
110.886
294.948
59.5701
104.661
290.522
132.364
70.9636
290.3
87.4351
86.9888
299.891
70.7302
124
102.863
109.528
95.2512
105.209
278.98
67.5197
299.395
94.505
299.749
170.548
116.71
130.157
69.6708
273.241
124.159
84.2971
129.868
169.991
130.588
67.6307
219.455
131.32
286.437
99.3259
285.899
277.831
86.6586
246.719
280.076
116.791
277.331
110.037
90.9947
155.442
90.0703
66.045
103.532
108.342
162.201
272.818
286.827
152.752
129.946
298.446
142.672
70.7228
77.7176
96.8367
291.451
298.221
133.562
298.551
75.0731
299.993
58.1662
96.7579
173.595
296.724
57.7663
95.1379
70.3232
167.932
87.6026
299.917
98.6316
65.3898
290.514
67.744
299.702
298.039
53.4275
82.6721
299.465
123.901
62.1163
122
97.646
81.9099
133.509
80.8408
139.443
58.2668
67.9452
68.1473
154.593
71.4105
79.023
80.2156
290.628
90.6459
124.517
181.37
102.422
135.656
77.7027
100.582
91.2925
92.9969
112.694
173.85
82.5942
90.9017
299.729
299.462
111.768
70.2868
89.4147
127.227
113.695
291.687
99.3393
69.4912
69.9011
145.196
113.135
288.911
112.876
71.2496
290.967
299.492
77.4206
69.3529
70.8055
280.993
182.331
241.876
94.0705
286.314
299.82
66.7986
276.013
132.239
90.5974
57.8683
134.823
297.626
85.7691
120.872
125.358
190.443
137.818
149.022
74.333
69.9233
281.538
299.982
149.975
81.0131
164.499
71.8742
297.976
81.2457
67.4236
69.9913
271.632
225.235
104.538
148.711
73.1436
83.0917
88.472
84.5226
284.652
173.011
299.301
414.219
109.316
285.469
299.266
92.5736
299.263
69.0513
298.489
117.753
299.37
279.403
118.203
166.449
131.586
109.891
94.5757
294.312
108.939
158.586
84.7944
67.3011
93.9771
83.7929
151.651
299.458
298.074
93.8021
197.497
73.9798
218.526
71.5779
68.6239
135.4
281.012
298.803
96.9821
83.2849
200.962
64.8891
91.2839
243.841
139.986
181.54
130.146
89.5937
93.3846
113.337
81.5098
161.861
293.784
146.807
72.6689
294.168
77.1404
288.447
89.2568
295.996
137.707
294.983
78.8607
76.0427
77.6526
170.386
78.0442
95.8559
100.031
105.736
299.504
83.5048
119.143
79.2084
296.928
89.2634
200.197
69.9969
112.519
299.747
110.782
88.9802
299.838
90.4777
297.694
59.4051
291.322
291.281
298.093
86.6167
139.647
89.6444
206.947
299.824
94.4994
72.7341
282.997
296.432
125.537
169.109
117.449
66.168
296.543
299.744
136.672
85.5202
134.743
65.0268
174.004
89.1069
297.802
297.946
106.359
297.022
69.0901
125.243
291.902
299.909
102.917
254.095
300.001
147.051
211.804
74.2574
89.8733
95.6772
69.0683
170.92
142.325
300.022
91.6509
279.466
85.6948
65.1761
77.6548
102.683
82.8754
80.535
94.136
127.409
108.309
288.722
132.787
211.826
290.492
60.6988
74.3635
120.838
89.9616
115.03
72.3529
299.933
100.276
110.552
126.357
80.7515
71.0414
63.4531
120.897
82.2752
296.762
286.993
120.885
108.905
220.013
69.1322
94.356
292.887
61.4327
135.826
293.853
85.3843
282.027
175.028
56.624
68.2605
132.967
92.0368
275.719
77.6529
244.46
107.146
91.2734
58.2853
299.878
125.633
92.1995
297.461
88.7824
175.875
296.097
108.287
56.6312
288.754
77.1081
299.33
89.136
104.519
297.578
121.326
71.7415
108.506
93.7511
84.173
100.528
290.712
97.4153
111.583
81.4764
98.6834
84.5336
81.2087
127.005
105.631
126.956
298.447
66.9468
114.624
82.3265
140.048
77.1063
102.342
282.131
176.362
108.941
65.0665
58.9378
112.571
91.8676
293.719
69.6825
294.986
101.785
84.6732
55.0638
68.6948
146.577
85.7663
299.749
126.91
122.921
98.3662
128.311
114.964
298.424
76.9978
93.0462
92.194
299.326
82.2025
104.044
91.4208
71.5242
292.1
296.415
130.503
91.9716
125.123
98.4922
116.973
92.6496
108.712
299.338
150.327
123.59
131.925
91.9416
87.7144
298.762
299.414
299.913
108.234
88.8062
202.116
298.559
70.6871
126.137
148.145
64.2504
115.853
80.2003
289.842
92.2462
120.773
299.297
57.4854
55.6825
98.5999
299.677
79.1562
142.051
101.075
110.183
75.2593
96.6055
74.873
287.779
85.1587
66.0113
73.4187
206.395
103.999
132.882
277.099
173.181
71.0464
110.486
247.417
183.673
131.36
291.571
238.6
276.414
295.877
94.5569
105.231
298.126
66.3107
157.365
94.4084
91.7729
72.5255
102.509
110.01
295.396
138.75
142.586
71.6986
164.702
94.2012
158.963
74.8153
97.3917
144.08
69.1221
293.59
132.371
194.687
141.086
261.473
84.7477
88.0471
185.027
135.308
285.783
130.973
524.497
450.821
299.323
299.931
135.418
71.296
93.4566
63.0661
298.861
82.1055
290.293
299.744
94.8982
140.372
299.95
130.992
65.5464
293.588
182.301
53.378
139.468
95.1463
295.947
292.395
136.918
57.0539
79.4716
199.831
295.849
111.657
87.8809
93.8535
87.4471
86.8283
71.0483
217.638
117.565
121.726
286.558
70.2524
93.7711
81.0665
299.047
72.5973
89.02
134.616
77.6916
86.1167
293.713
290.381
67.6137
139.217
121.716
176.517
284.226
279.114
300.015
78.286
299.989
299.295
282.112
293.533
79.3499
81.5429
278.509
79.5682
169.143
84.9453
295.786
73.0929
299.935
103.341
113.728
299.919
134.278
113.204
293.85
131.025
168.17
89.6295
66.3003
62.4372
281.805
96.9728
292.524
238.558
98.3927
118.412
298.594
77.4145
298.963
290.714
276.606
132.785
261.836
82.082
132.954
164.999
186.014
297.419
130.36
207.12
89.2456
292.548
119.686
58.5062
71.3286
97.8057
69.5731
162.045
149.191
137.589
64.7097
299.313
110.382
125.868
182.264
144.195
63.1809
291.727
299.919
118.663
73.7705
64.8501
292.514
73.6678
287.705
161.51
108.364
72.0717
68.0663
111.365
98.5484
92.7951
88.432
86.8134
114.269
121.427
294.002
290.049
129.455
80.7932
80.8976
274.979
292.028
126.528
67.5235
130.508
82.1493
91.6002
79.9414
299.532
146.495
286.667
89.9775
289.8
69.48
147.759
67.2588
123.799
297.016
105.877
217.65
144.382
117.619
122.903
141.955
55.799
297.87
94.2184
98.3865
70.8451
113.594
299.712
92.2645
84.062
133.189
68.6493
272.698
288.049
69.0588
293.079
297.433
127.039
69.3562
120.815
299.978
69.3972
65.6403
116.957
297.769
299.546
296.169
107.942
95.4045
100.537
296.363
296.668
82.441
131.29
86.6839
73.056
293.578
281.557
78.0401
282.595
73.586
293.611
205.116
78.8711
96.0637
142.002
73.0743
290.84
73.8298
114.956
295.411
67.6259
86.0594
288.526
66.8328
71.4194
97.5663
117.614
126.73
59.4113
95.7654
88.2976
113.695
151.467
181.244
129.013
165.317
291.035
82.8801
96.6176
296.428
130.554
108.869
78.8179
299.298
85.9989
69.1011
97.6079
92.1623
81.0969
143.34
92.0362
292.526
103.554
115.062
73.6243
287.642
300.007
296.771
75.0073
64.7555
107.72
289.388
73.2731
297.426
82.577
130.565
141.185
113.907
67.6216
299.952
168.87
90.7386
138.225
299.762
92.9032
86.972
122.973
171.701
98.0308
103.609
59.5045
91.6968
299.941
299.958
94.6673
88.2681
72.7393
292.603
141.325
130.415
91.5456
68.6971
90.6404
287.635
148.168
274.533
88.4523
296.969
123.319
94.8799
56.9314
84.0808
64.7182
131.073
132.183
68.7804
114.369
299.74
133.136
116.028
296.671
96.5762
72.0399
116.584
120.277
77.9345
89.6671
70.0815
61.3191
299.953
290.618
69.9993
146.417
248.062
159.914
70.5474
131.022
137.665
94.0376
79.1178
299.992
93.7999
281.457
284.63
80.7746
299.771
299.47
297.718
107.83
134.093
93.2387
99.1863
199.103
296.611
287.321
88.2577
298.925
118.507
299.947
104.597
129.22
297.816
130.987
280.57
124.482
298.636
144.654
86.6505
104.233
294.37
298.793
94.211
82.3682
86.3507
125.033
117.672
108.008
56.9719
140.299
77.8907
65.9464
298.274
113.265
77.2143
170.764
84.4232
68.5262
85.2629
289.763
154.711
157.257
184.438
299.988
109.755
67.7708
91.7179
287.466
134.073
65.4587
288.669
107.653
88.5623
90.1925
284.129
92.0085
117.723
70.719
94.2533
57.7959
82.464
66.7705
91.3758
276.026
117.879
123.409
290.395
295.156
91.345
289.384
297.54
62.5456
122.537
163.168
67.7764
298.831
87.8395
108.456
64.9836
295.822
282.683
68.3115
196.036
298.29
129.436
104.251
85.2984
135.741
107.576
91.4819
282.899
283.576
62.4667
120.686
132.245
67.0641
299.953
82.8858
151.829
70.6452
93.7884
122.744
112.701
68.5998
170.949
90.0487
56.5923
298.311
299.459
62.4353
174.934
147.503
241.941
63.3344
286.953
166.641
296.526
144.212
113.257
75.3744
91.6238
283.685
296.675
85.8808
162.655
114.538
61.3982
298.251
180.05
125.217
60.4334
82.1331
130.698
298.875
69.5921
299.913
186.353
63.223
290.485
91.7515
198.185
113.77
66.9338
172.07
75.372
61.9004
155.443
141.402
249.702
133.196
122.394
168.266
260.388
55.455
77.6617
93.4621
79.0241
126.671
85.0696
285.369
294.243
87.3543
86.6362
54.688
165.401
294.261
176.265
163.997
290.97
158.259
80.6509
114.702
296.74
103.126
150.168
296.282
69.1803
68.2359
143.996
144.309
112.453
113.899
290.902
84.7335
86.5533
291.179
299.526
67.2967
295.797
91.1047
80.5763
180.311
299.927
60.2212
260.842
94.3391
300.019
126.49
114.021
96.1868
59.8859
115.617
88.6229
299.952
214.7
64.979
120.027
186.094
80.9408
298.957
74.4831
60.002
112.243
417.849
295.082
128.151
284.696
299.459
134.002
163.757
71.4562
285.992
93.9468
289.829
135.47
71.0961
297.56
68.8823
71.4899
82.7099
132.091
299.848
110.837
298.99
297.766
78.6954
66.9367
91.6334
182.729
123.34
137.285
79.2366
60.114
181.065
106.654
87.2785
53.0517
270.135
53.1324
283.017
116.786
90.073
71.2095
79.8946
71.2529
134.448
68.3036
87.8165
68.1912
140.893
109.187
87.6355
117.719
391.379
105.914
298.178
138.024
94.1296
83.3684
101.911
250.535
87.5842
119.739
118.203
72.4206
299.834
111.452
70.3124
287.138
294.699
117.635
152.261
299.558
279.539
69.0961
299.957
136.288
126.041
61.2932
108.676
86.5142
113.997
77.8511
89.1496
86.5976
65.2496
92.9918
101.462
55.2263
299.911
80.3469
84.5743
103.281
71.4772
115.455
121.364
242.08
109.587
180.832
169.786
112.804
101.375
113.864
91.4541
165.648
160.046
109.771
86.22
82.8185
124.355
66.4197
88.6967
126.671
277.738
88.8801
299.884
105.162
193.944
300.072
67.1232
127.769
296.775
90.347
68.4876
89.2901
288.401
122.886
295.204
94.0812
291.704
294.219
101.061
283.94
73.6505
281.142
77.4219
284.228
281.086
81.392
90.3409
92.3209
117.256
105.342
292.408
109.765
57.7802
117.418
135.526
71.7785
118.137
200.173
87.172
61.1009
78.3591
126.679
99.8669
86.5491
277.271
299.717
73.5248
287.377
294.651
119.606
103.233
67.4802
91.7961
139.53
100.96
178.014
289.463
73.0624
67.0827
74.4077
166.583
153.067
297.108
241.673
71.9879
79.3407
75.8253
291.249
139.821
137.996
154.059
298.588
296.837
298.245
299.918
103.812
91.1831
94.6518
299.692
137.976
68.4284
290.567
73.5348
80.3018
87.0791
72.0167
111.109
93.0756
157.748
123.88
190.725
86.2056
294.702
68.1557
299.934
80.9858
90.1035
177.538
92.686
87.0512
133.484
126.078
298.324
64.4313
81.8186
297.317
117.715
66.9164
105.806
95.7657
95.3343
287.719
93.7249
79.0553
104.597
299.943
297.773
166.275
92.5013
67.1519
116.373
88.7658
104.168
96.7257
109.323
110.196
110.072
285.727
82.767
104.252
299.134
61.1483
104.085
80.9515
128.253
60.6188
286.399
169.367
139.453
93.5011
294.793
129.222
287.151
149.817
299.987
70.5557
243.632
174.553
299.926
294.16
82.7583
68.6542
107.473
138.877
86.2259
298.932
321.565
256.029
274.418
299.918
88.5698
299.982
118.586
298.659
298.915
63.8716
293.183
139.552
114.168
86.0444
90.4526
93.5955
95.4153
68.8007
279.27
84.4132
83.9488
104.276
92.9339
97.5765
293.468
134.595
168.694
90.5041
154.805
101.642
109.539
102.236
93.7652
164.606
298.314
291.232
132.017
120.551
128.687
80.0424
94.6697
179.158
297.608
299.803
135.095
290.56
170.222
132.689
92.0667
296.47
115.34
168.383
83.0156
270.677
102.533
86.2488
280.449
68.1688
79.75
286.532
86.0396
111.854
128.377
118.01
82.5963
113.933
113.923
80.2892
77.1577
97.3349
262.189
299.77
134.016
300.151
90.9341
114.304
215.682
92.3352
62.6625
74.0512
79.347
91.4949
294.133
136.369
299.353
90.2345
128.466
290.59
75.1745
77.8947
137.377
118.616
298.85
90.3363
128.896
95.6661
239.522
83.2794
89.3341
109.465
274.368
65.1432
86.3383
136.965
298.787
54.7155
271.276
76.3947
290.337
103.25
83.2327
64.0318
87.4561
100.96
147.935
244.631
132.378
112.64
294.274
67.2817
299.524
84.0175
293.38
130.288
299.481
89.5094
281.305
174.727
130.502
299.54
299.933
141.603
95.8305
290.136
298.5
76.4935
151.656
85.839
296.934
70.8518
98.8149
64.5409
166.899
75.1761
90.2479
95.1374
163.3
97.668
90.1487
298.885
80.393
92.133
92.6348
285.97
74.6369
87.275
84.9589
66.5801
86.6244
124.308
103.458
239.275
292.908
299.874
134.483
296.905
171.809
128.188
246.517
137.772
94.0952
80.4053
93.0742
148.63
298.879
65.0705
299.924
72.067
289.269
90.5122
83.8193
299.06
362.1
132.209
139.922
93.195
167.001
136.64
67.6385
71.1877
298.191
186.722
299.923
166.282
296.753
138.761
298.34
299.889
299.836
255.723
136.875
120.662
106.163
81.0384
298.256
136.543
119.564
130.804
81.0969
142.613
146.875
99.1852
83.6852
68.5853
91.7629
299.021
120.444
81.7809
94.4577
158.816
129.747
109.007
293.509
114.042
163.293
77.2692
97.6127
99.3018
93.6628
116.724
91.7823
116.066
299.332
160.212
77.5447
77.5352
69.9521
127.033
295.886
81.996
87.1127
69.8063
298.544
299.514
158.731
74.8328
288.401
84.535
172.319
88.524
163.258
68.7404
299.462
70.545
139.957
86.4481
135.05
82.0738
285.114
70.0131
88.8713
72.2977
86.3496
72.6501
294.746
114.196
107.04
119.172
297.905
89.5109
121.602
167.233
87.6129
102.353
109.287
69.9314
126.531
82.6253
122.321
92.0301
123.392
83.0644
128.273
91.871
88.7312
295.032
110.566
67.2924
297.429
86.6642
70.3522
78.0778
127.636
290.915
104.763
106.889
125.991
246.954
142.268
81.6584
89.3933
102.568
292.057
150.928
153.323
69.5791
177.428
96.1362
81.3988
261.334
297.663
81.0979
299.772
76.6411
295.263
172.432
68.9972
83.5952
145.982
289.437
273.528
133.721
100.347
88.1692
79.6016
71.5085
90.6635
300.098
300.09
298.68
299.949
297.451
113.068
57.2087
88.9935
96.1669
68.5062
110.083
93.6417
269.485
128.189
292.356
117.903
105.107
91.9011
299.467
138.152
101.141
71.7455
79.576
58.0481
290.825
294.681
134.5
298.842
83.9573
297.547
121.45
112.598
85.7021
58.3289
65.0203
81.8607
101.171
84.6727
289.069
57.7679
297.82
100.731
78.073
148.975
127.393
282.409
67.6489
152.244
92.5347
286.04
292.92
147.648
91.8111
69.0144
111.409
294.093
298.106
88.2598
300.002
58.746
170.402
176.342
121.425
109.499
126.942
140.764
290.913
122.476
69.3671
69.6858
296.57
293.65
299.773
60.4472
80.2763
84.695
88.6488
62.8346
61.8887
102.368
178.566
146.084
155.698
95.6776
91.368
81.3751
129.873
124.96
192.617
89.76
95.4159
72.0137
256.73
299.78
106.757
299.28
131.843
70.33
97.5993
119.252
61.2853
91.809
159.916
85.1152
81.8618
279.914
233.193
297.265
65.2464
98.1656
160.126
67.8232
65.3811
72.4652
68.4472
299.984
87.9133
172.589
105.648
287.173
122.266
76.9314
282.667
64.2177
147.87
164.659
299.836
88.5868
110.934
298.986
69.9024
119.035
117.74
109.913
153.413
96.9411
116.755
72.1304
82.9341
120.226
73.6791
55.2203
77.0828
93.8549
252.524
296.572
71.9705
105.904
100.746
75.701
273.931
95.8417
93.4553
81.2346
139.569
95.4387
81.4683
131.813
127.558
121.574
79.9268
91.5518
69.2492
88.6051
75.3852
88.4431
141.251
93.6718
163.696
168.87
94.25
98.2384
290.878
182.785
122.325
284.521
60.0191
64.7423
110.457
198.679
80.4725
74.1074
102.663
141.031
298.942
132.082
110.238
243.928
299.399
151.197
297.701
275.713
64.6705
98.8196
69.2145
299.946
91.8883
103.69
124.669
69.6555
150.306
294.32
127.024
108.623
159.347
118.522
84.7946
70.8664
79.3167
148.83
88.7963
67.1568
78.8891
83.0743
95.533
161.31
92.3316
298.505
161.521
75.6029
78.171
299.99
294.127
299.485
122.976
294.806
97.2737
282.632
102.703
204.658
85.6987
237.882
299.892
295.176
86.1582
291.213
112.337
75.8962
85.2733
299.448
148.523
109.299
292.452
85.1338
150.807
90.9324
98.6387
88.0789
78.0746
69.8054
242.539
177.327
195.733
90.5325
297.444
66.4965
74.8976
177.183
255.688
91.6796
290.48
173.133
110.339
97.6258
73.5505
109.036
143.997
79.0375
71.5911
91.9269
65.2293
171.253
296.884
144.122
83.3218
93.8322
71.5421
92.3257
133.465
292.011
85.2356
131.727
83.7119
93.6417
54.4684
276.687
88.1387
160.532
57.2882
95.4165
89.3988
99.5168
70.8034
67.9438
116.728
274.405
167.999
66.6588
86.0097
122.146
299.977
92.4798
95.844
185.121
63.613
85.2397
91.8027
90.3911
127.936
101.874
74.4581
136.203
121.798
81.679
67.8194
93.2018
88.8016
182.367
222.389
92.1607
180.036
473.381
117.142
299.811
73.3559
91.2794
64.5337
118.998
122.251
135.186
287.73
299.471
96.351
299.889
70.0926
77.3143
292.712
283.475
123.738
289.173
81.8744
282.73
121.358
173.145
240.707
58.7653
120.877
85.31
180.461
52.8982
132.911
123.448
64.9196
81.7354
85.4814
290.338
136.207
87.9566
88.9385
167.484
298.868
80.4077
64.0842
65.4948
94.5591
157.052
170.175
69.9829
273.929
131.695
299.839
67.6159
70.7822
297.756
118.52
161.766
129.742
65.3001
116.053
138.378
89.4422
93.2763
154.677
248.628
92.7276
97.2316
145.124
299.814
133.098
114.843
299.376
138.755
75.0386
212.636
113.644
89.0443
58.7722
175.46
146.534
111.539
143.471
115.294
111.686
299.801
159.669
100.765
104.811
293.493
121.905
290.781
118.576
299.781
299.726
136.075
91.8685
78.9952
166.535
93.1559
63.2333
69.2924
277.859
297.403
103.771
292.605
93.3941
149.906
297.742
86.7248
73.0548
87.9763
107.108
298.846
135.191
154.645
299.614
258.002
138.808
147.185
64.4153
164.485
137.061
111.785
291.256
258.973
284.092
71.6551
63.8692
434.993
282.307
242.568
99.4275
88.6202
127.908
195.95
109.522
169.293
77.458
116.774
117.7
294.624
284.275
92.5581
131.57
296.61
299.782
119.211
92.3399
149.065
299.763
123.518
247.917
146.745
95.304
85.0627
114.984
76.7066
299.308
97.411
299.586
94.9325
299.928
176.843
84.346
251.177
129.892
299.881
85.1529
299.203
294.787
164.863
299.427
293.106
141.977
109.952
88.5616
291.768
79.0591
124.164
80.1678
178.816
299.982
78.5073
111.372
60.728
114.767
115.782
129.959
92.9378
67.1888
283.01
117.559
107.443
92.1648
52.8875
89.1096
297.282
77.4256
100.771
134.051
94.2109
125.368
119.599
84.1933
114.631
65.2463
81.909
140.931
298.506
93.3881
296.874
81.4196
291.571
271.367
108.556
297.341
70.396
88.7104
297.431
89.4037
278.21
107.708
128.13
93.7105
117.292
293.117
179.99
288.765
161.251
299.595
274.908
81.2849
148.744
285.463
96.4005
282.137
78.3625
111.808
55.3732
86.098
126.05
307.728
275
91.4317
76.9976
68.4217
67.7629
79.1233
166.341
72.8069
110.593
269.252
167.382
88.4051
296.465
117.336
126.749
280.257
107.795
297.504
76.2956
284.755
69.9138
181.311
69.4878
165.614
254.459
203.566
292.414
116.306
163.796
130.005
123.122
286.56
295.819
61.2847
299.776
91.1369
85.9712
86.8792
152.575
86.04
209.214
262.9
85.913
289.293
296.743
74.812
68.1222
81.7783
298.65
112.784
101.459
295.11
60.6694
287.378
66.0626
290.971
98.4448
284.406
71.8352
92.6134
73.3088
88.6555
205.636
69.4648
67.3508
55.4671
152.157
156.097
152.336
299.613
64.1621
297.714
161.765
285.348
86.131
98.4192
176.791
280.026
101.14
72.7152
66.6308
176.249
127.186
93.9444
64.4333
290.66
79.4837
108.612
299.877
123.146
101.248
296.491
105.842
80.3795
172.972
84.8636
67.3068
67.4077
279.801
299.833
93.5173
295.898
64.0176
287.533
67.2512
64.0998
111.835
119.64
92.5396
59.5842
293.075
281.11
276.229
299.974
97.788
297.576
132.87
291.348
119.833
68.4134
110.119
61.7997
96.9885
103.016
295.87
298.408
89.8426
119.707
275.984
156.608
92.5622
298.668
113.489
108.65
68.9576
79.5532
100.34
299.941
117.622
90.3964
96.4331
129.115
284.415
92.0856
92.1994
74.1176
299.841
67.7511
109.484
274.188
75.8776
272.802
135.425
146.328
100.029
175.805
286.34
87.469
68.3872
299.162
281.756
80.2124
87.3085
85.9751
135.883
90.0395
299.479
75.4544
79.688
79.9384
94.6321
85.5303
63.0831
102.322
176.869
267.696
299.713
299.52
293.156
72.0107
75.7717
128.82
285.442
296.949
198.319
94.5784
112.34
285.71
128.107
139.09
91.0447
297.951
170.291
133.066
283.804
69.3459
91.11
290.89
125.343
58.1028
131.666
77.1339
71.6097
299.819
139.595
151.369
129.178
294.84
84.1938
82.2732
298.996
83.2195
137.948
74.7276
109.785
126.523
104.292
96.0506
258.162
112.916
123.009
288.529
59.406
77.9703
93.164
181.605
62.0981
89.4731
135.064
59.821
296.637
161.087
64.7044
180.782
297.649
68.4754
274.72
74.1139
66.7506
348.024
294.061
83.0212
88.6768
290.016
103.315
287.707
76.8689
69.7569
75.9718
67.8649
88.3507
81.0969
97.5098
101.198
92.1474
82.0967
92.6732
161.955
69.8893
92.3552
64.3317
103.113
81.7401
299.965
98.1908
299.987
104.81
299.791
297.055
299.958
124.151
160.834
91.3128
77.7969
71.3818
280.951
297.602
199.791
86.0884
167.348
81.4829
78.4047
291.006
93.5803
59.0841
71.282
75.5029
73.9831
84.4031
68.9911
79.923
72.8937
160.484
90.2901
148.235
91.5693
181.226
65.6804
109.291
290.742
299.906
68.3878
279.071
299.984
83.9408
129.498
160.077
268.184
64.2189
89.3931
131.777
128.889
70.7785
87.6876
298.883
299.992
105.311
196.889
298.989
109.423
237.709
299.697
139.859
187.136
87.8171
299.839
83.0401
299.648
77.7268
294.707
105.824
214.354
299.955
70.793
113.048
299.636
84.039
278.587
77.1584
87.3843
275.197
130.383
126.695
80.2006
299.864
67.8822
243.472
83.0782
124.441
178.414
70.3814
116.345
87.7236
84.8465
95.6608
71.9509
234.07
79.39
96.4769
111.031
92.6242
72.4605
69.392
90.6943
297.629
298.66
93.0298
126.702
167.967
287.1
298.172
240.4
299.878
91.6504
132.701
298.6
176.472
77.2698
299.843
131.556
139.526
68.8604
67.0891
74.9578
68.3739
114.266
122.414
72.1984
299.69
157.836
128.046
270.525
294.447
107.329
115.522
299.469
280.029
104.6
285.683
64.1255
97.9565
86.9177
277.573
59.0037
213.323
118.167
132.513
299.522
155.153
333.865
69.0101
68.0268
293.854
81.1623
82.9284
112.643
282.926
110.437
153.014
299.904
169.222
71.5083
90.1377
79.8009
308.169
88.6696
107.397
73.0988
68.0866
298.565
108.228
103.481
116.432
130.054
268.145
78.1249
139.237
98.1014
178.525
132.469
297.748
299.191
128.541
69.5115
90.4361
171.108
128.165
62.8306
274.294
93.3486
65.1668
67.3984
82.75
179.446
296.596
102.011
93.604
294.698
78.0931
85.9462
82.2678
89.1924
80.3784
85.4604
141.078
298.864
274.535
299.993
157.825
296.896
290.944
296.449
134.158
299.508
142.795
133.473
296.863
102.941
76.7279
129.789
72.1923
71.0815
242.731
66.6811
72.2713
134.48
140.719
75.1968
148.83
158.331
111.203
76.3527
281.1
103.037
117.863
128.742
141.123
75.1318
78.0228
298.895
278.858
127.705
295.944
113.115
92.4741
296.688
132.345
89.6708
69.2553
120.067
89.8622
59.5283
97.0898
93.1954
81.5122
82.3635
70.4342
294.016
109.539
295.95
298.937
299.57
113.133
65.3659
291.298
108.814
300.081
84.0342
71.2604
120.929
288.96
290.374
102.901
294.95
280.026
66.9173
157.322
153.824
122.521
168.043
252.064
109.465
276.844
120.851
97.6304
96.966
109.614
298.123
74.7012
68.8329
74.7057
299.69
111.105
63.5739
84.9076
96.2362
169.78
87.2516
81.8544
82.7075
70.5668
277.851
297.338
298.697
88.7317
173.831
296.582
67.3852
117.424
83.4001
177.822
93.1637
298.877
133.373
66.88
123.006
115.431
267.074
87.1178
296.873
76.1122
128.121
299.986
66.3513
122.566
299.105
298.192
87.4735
142.143
299.839
285.326
104.633
77.0137
149.811
101.984
129.011
158.894
75.2886
161.999
111.049
119.324
103.587
295.934
299.594
101.146
249.877
141.207
294.042
234.535
95.0738
87.9907
154.566
62.602
113.522
92.7593
130.606
62.0257
102.363
299.197
293.624
87.8959
103.188
84.7738
109.457
79.3593
110.315
288.049
73.4773
85.859
247.64
88.9542
97.102
277.876
290.298
68.2064
277.972
298.856
89.4747
286.188
55.9057
330.86
299.594
72.2082
80.2674
87.5809
107.901
86.8283
274.087
91.2391
83.0152
85.4813
64.3913
60.9634
62.0862
127.141
71.1694
283.778
296.233
125.872
100.304
119.776
93.7245
109.61
134.569
85.4549
114.927
286.151
79.9669
136.868
297.85
174.049
126.245
207.067
299.965
85.4221
264.3
79.9623
151.2
82.6875
102.932
283.301
152.454
143.413
115.447
93.4128
93.3061
80.0962
298.866
114.172
90.8975
285.247
114.887
130.303
101.394
299.703
85.5586
115.772
85.3574
95.9278
278.959
286.814
77.0388
100.114
75.8143
299.71
110.714
83.5525
59.9462
63.1316
142.949
84.9261
141.702
63.2124
100.941
113.932
78.5935
74.1693
155.095
294.447
91.215
289.003
79.7268
299.911
88.5691
71.4078
107.328
64.5128
291.598
81.1025
141.924
111.757
292.245
109.317
54.9926
66.4769
107.938
75.7545
299.602
294.156
103.21
68.4375
299.748
288.628
252.52
84.1579
87.4849
79.7291
299.838
75.5088
161.486
296.24
140.528
224.873
67.7938
294.419
112.766
88.9721
92.6129
83.3325
77.3831
299.796
82.3985
139.805
64.2951
139.835
292.962
265.159
81.9447
65.167
176.373
82.1721
291.365
298.401
294.617
298.53
275.31
111.54
83.8021
294.55
298.477
69.6994
150.753
299.642
144.217
299.279
267.425
299.149
96.7668
298.443
119.639
62.285
75.2292
130.234
102.122
101.059
115.219
107.521
299.563
140.494
290.923
255.151
299.876
95.092
79.0688
127.101
299.507
299.92
292.237
66.6585
62.0401
89.7456
87.7956
128.096
95.6433
93.336
97.7075
134.875
70.4957
88.2067
78.6484
135.075
92.7554
91.2035
122.379
299.882
294.649
78.3673
299.183
110.15
105.892
71.8744
117.715
66.4726
125.618
81.6807
81.9124
154.669
85.0702
263.649
86.0916
297.931
82.2322
123.551
88.7607
121.771
83.7234
155.243
127.683
299.845
119.226
86.5834
74.3334
64.4683
291.568
296.306
66.6972
298.245
103.612
299.996
129.52
274.443
83.5762
183.208
93.7255
131.854
71.849
299.156
91.8654
92.0077
297.594
94.0374
102.283
86.57
141.777
118.15
73.9826
93.9344
126.484
67.3204
68.1152
108.243
130.759
170.63
282.548
294.901
70.8697
110.745
296.765
106.794
120.77
111.406
145.778
142.039
112.11
67.844
66.9934
68.043
203.52
122.838
137.926
106.69
176.4
82.7627
102.021
63.3138
62.858
74.4148
263.568
294.749
186.249
67.9358
149.955
162.101
257.502
69.8896
68.9521
92.0108
80.0964
182.934
294.881
61.8364
270.232
298.976
104.274
69.009
236.43
114.081
134.671
255.867
70.2553
55.2995
100.486
146.797
68.6506
161.975
86.4516
73.4633
113.751
195.534
86.9429
152.693
90.7737
116.973
146.799
201.698
153.887
70.07
77.6121
70.5832
114.769
267.183
124.225
290.113
180.362
120.337
83.9914
135.14
85.9278
66.6265
126.844
80.6743
61.5831
299.064
89.046
299.045
73.4655
110.611
127.695
101.019
132.236
94.8648
88.8354
77.0368
299.618
299.876
90.3913
79.6978
67.3479
127.2
76.6395
74.458
298.932
145.652
73.4807
97.8342
131.494
120.392
82.6945
75.1059
111.387
278.644
101.939
96.2978
284.402
83.073
66.5387
84.6371
299.19
65.5809
103.334
89.3811
293.972
60.8111
297.07
78.7573
93.9171
275.378
78.8289
283.628
80.465
113.963
69.0238
214.51
161.56
60.6754
294.595
140.012
68.8043
77.7502
59.3925
111.775
110.368
79.0143
135.861
298.813
297.49
87.4628
298.688
285.404
278.756
76.2243
139.782
107.149
126.574
150.004
68.2031
299.043
282.796
71.8727
129.453
73.6627
102.446
92.9856
68.0049
74.8802
174.072
116.945
71.1278
65.4113
115.075
273.407
69.1772
69.1713
70.6087
70.6827
181.208
86.3916
150.099
91.2269
298.675
146.983
181.858
128.017
74.1333
104.347
67.8281
79.6429
132.207
299.019
88.1315
132.64
102.081
140.053
126.696
295.056
149.5
126.599
299.476
299.948
114.275
131.081
68.8616
122.423
92.1895
85.6427
124.765
125.752
82.4876
101.063
299.514
79.722
93.9505
154.898
79.5266
298.998
133.562
298.048
69.2592
150.244
295.955
97.9597
182.153
82.6146
78.2576
87.0096
169.933
138.067
107.577
202.342
78.8929
112.015
233.359
100.347
87.5586
272.09
295.117
134.23
117.657
136.259
202.746
245.753
127.589
107.37
55.0838
65.0589
88.3465
140.488
293.285
141.39
275.25
86.3313
168.88
143.103
71.5284
148.857
90.444
100.923
120.973
145.91
270.422
69.6673
64.7093
94.4696
96.7039
165.069
283.465
283.61
128.757
85.0083
112.343
244.323
160.725
151.512
89.9914
76.3933
64.4806
119.077
256.159
128.625
298.941
292.854
85.3169
116.286
121.007
92.7703
299.851
150.554
75.0717
61.4876
88.7558
90.7987
280.5
103.801
93.3016
82.1246
157.514
76.0034
69.3472
63.5994
299.795
105.579
86.2132
79.6684
168.197
129.214
101.499
87.584
92.2548
89.9867
89.5384
86.6684
55.4186
85.0323
107.367
117.097
299.341
299.541
68.1011
128.568
129.978
71.5678
82.9049
117.435
298.042
68.124
126.956
94.1719
231.05
177.003
111.516
78.5453
91.1067
182.889
299.955
110.696
74.7619
130.776
116.889
91.3602
140.742
298.53
299.826
66.4059
67.5475
129.276
96.0253
103.587
276.857
172.055
121.201
120.335
66.4872
120.323
87.7347
110.621
299.768
78.7118
160.974
294.716
79.991
92.0737
72.2406
297.777
135.436
66.8363
68.9917
68.4541
77.2543
64.4835
115.974
299.982
92.732
97.4382
114.833
93.1713
91.8031
298.899
55.5936
65.9372
299.853
116.895
296.823
146.068
230.042
117.821
299.721
58.9053
107.122
173.065
107.287
102.52
84.4002
144.377
67.5927
63.1803
121.163
123.06
114.864
298.968
295.235
64.5561
74.6814
298.017
87.3687
77.5819
299.595
84.4424
111.421
132.834
101.086
80.189
135.115
298.932
292.023
238.408
93.4313
286.986
130.568
111.467
135.285
248.6
71.5471
287.983
93.7337
126.361
299.975
152.992
91.7942
283.138
299.893
86.8616
299.74
56.0498
93.8419
278.987
184.771
160.509
288.754
299.098
155.659
80.5214
68.0116
120.943
65.0634
102.963
100.472
101.241
299.998
132.301
91.861
120.336
131.053
277.601
105.465
293.504
75.9392
79.6631
299.992
120.633
118.045
70.9173
85.2451
292.914
296.376
134.302
91.0777
140.277
291.551
169.868
79.0445
178.335
161.303
158.409
138.484
269.972
79.9995
175.094
299.346
109.563
72.1443
298.268
90.1369
71.5654
83.2083
109.473
78.1578
81.0686
124.511
101.596
295.044
106.396
112.204
67.4667
80.2604
66.8377
111.211
120.402
297.715
132.065
71.4973
105.957
299.185
88.7215
298.502
123.991
140.757
299.707
90.8147
72.0411
290.165
79.2114
66.4127
299.928
299.689
278.683
115.961
299.629
291.684
62.118
109.888
182.964
116.043
268.733
291.416
91.0296
66.0134
286.614
71.0635
289.659
299.943
95.4097
77.4649
251.767
101.57
110.712
116.304
86.0454
68.072
61.3976
101.118
91.7744
121.718
81.5911
83.3427
248.481
152.89
101.455
289.879
290.981
234.391
123.326
132.265
288.214
203.198
64.979
144.076
294.849
92.439
76.9984
130.234
133.021
254.585
299.412
299.932
170.657
81.1706
268.323
90.2124
116.778
102.92
118.649
94.749
298.356
223.341
66.7405
116.152
131.134
88.6712
272.446
148.513
65.0436
126.72
149.331
80.9311
66.5526
91.834
86.136
95.6427
299.533
126.471
123.97
106.677
286.158
109.802
298.249
292.401
230.31
135.148
69.7037
243.894
156.442
92.7869
99.8282
156.017
70.5022
115.496
70.7375
85.1746
291.36
299.915
299.735
78.8898
74.5514
257.079
139.062
127.229
293.231
58.0937
298.975
95.4845
186.76
68.8849
91.8864
297.39
237.627
117.732
299.86
136.287
299.507
91.8458
127.026
128.627
278.459
93.1232
65.9797
78.0268
86.4842
85.2858
268.141
121.055
269.345
299.986
298.401
135.997
143.863
63.7455
293.796
128.559
64.741
210.339
290.118
279.358
266.273
278.697
299.577
294.107
141.004
65.1126
299.344
129.134
69.2246
138.888
108.16
134.144
97.4125
106.502
138.628
164.888
289.715
286.75
152.404
66.5627
299.475
299.489
126.441
125.694
82.9443
291.929
69.8186
218.537
85.0344
141.715
139.365
242.534
64.0236
106.328
232.482
267.288
93.4106
86.3406
193.673
83.9108
176.621
105.459
61.341
121.784
67.5773
69.2437
79.1236
63.4689
285.998
185.179
61.0276
123.717
275.033
92.9921
92.6535
134.062
197.008
80.4954
162.079
200.687
118.474
274.674
93.3229
212.072
89.6861
292.622
278.215
114.014
79.2422
79.4775
67.6091
298.374
89.6391
73.1108
126.624
74.5137
286.696
92.9153
299.206
126.115
299.587
75.0041
90.7177
67.7507
102.724
162.707
232.16
61.2201
108.216
94.6904
119.92
69.39
299.65
94.5997
268.966
77.9608
216.314
69.8357
108.863
121.528
225.702
300.001
67.4704
299.848
79.0745
101.896
101.662
69.3095
68.607
113.097
129.866
72.5439
294.864
123.041
184.511
293.354
108.348
279.433
92.1328
52.9993
95.8959
116.48
227.911
278.91
107.525
299.418
105.91
90.5036
123.616
85.2944
145.277
165.91
299.027
167.602
85.5927
68.8311
55.9782
244.9
108.149
122.821
286.409
68.3688
283.685
79.4031
299.516
137.881
205.779
148.679
94.6034
230.614
144.619
67.7514
290.919
145.367
90.7101
299.373
82.5132
124.647
96.3949
166.849
122.567
95.0898
299.576
67.6002
126.67
282.811
211.39
83.2368
72.0559
247.577
298.973
249.637
137.257
128.906
88.2725
242.664
147.304
129.22
137.713
293.729
291.059
92.781
124.661
87.1817
68.435
75.6634
67.0345
66.541
176.273
67.661
291.834
100.706
130.274
294.044
83.3718
79.9098
85.5768
59.6384
122.103
223.632
293.489
173.88
94.9837
72.7358
258.86
89.4729
103.005
69.2771
252.142
132.984
272.682
94.3716
299.856
291.894
79.111
60.0432
160.063
114.838
79.772
118.14
104.553
93.6008
139.51
222.718
81.5854
80.4909
292.729
78.1295
81.5941
269.523
124.888
299.991
140.321
86.8075
142.75
140.779
146.114
66.7006
118.215
60.9578
169.181
94.561
92.5374
79.8334
63.659
108.883
125.028
90.619
83.0427
296.86
71.315
70.7635
119.926
296.264
253.339
292.048
118.619
292.093
129.795
137.325
140.281
126.316
170.03
291.706
75.2212
234.022
244.487
228.004
130.971
299.476
276.557
119.514
88.6545
252.535
75.8902
92.4936
185.699
299.758
79.3504
114.977
242.612
70.7249
88.5226
89.7188
292.425
299.697
85.3161
228.137
70.0368
68.191
144.814
293.084
143.026
113.489
299.866
299.584
149.589
71.7719
157.093
111.09
91.2038
113.449
88.2159
126.938
103.238
137.379
63.1211
65.9782
65.5716
71.0483
68.8944
67.703
110.87
73.1815
68.0594
66.0762
69.5917
69.9599
135.551
66.2081
67.8798
283.258
114.837
293.123
89.4577
165.86
123.39
152.36
93.4419
295.088
61.0739
297.835
115.827
134.081
68.3905
250.827
88.4309
82.4459
127.799
100.187
81.9544
86.265
299.015
187.799
96.0001
69.5888
116.47
144.452
289.393
117.194
287.458
152.12
144.901
71.8196
103.035
151.456
122.817
67.2666
67.162
91.7671
88.9015
110.712
105.942
151.873
137.818
276.224
223.213
122.091
67.0707
73.1432
134.139
113.157
86.9967
135.265
113.986
87.653
134.274
272.373
155.307
299.948
59.9231
65.351
108.377
144.013
64.2484
128.074
63.3491
299.235
68.6621
214.051
293.474
116.123
120.996
77.3092
89.0619
96.5409
61.2512
58.4339
71.2563
97.5934
299.029
294.949
295.237
64.6637
299.95
298.114
110.223
122.954
107.216
120.896
182.764
135.833
97.693
68.1854
123.844
128.672
142.285
159.549
254.909
117.498
295.56
127.025
292.018
71.981
112.39
272.515
88.6323
64.6376
298.083
169.829
120.42
114.117
296.141
90.2414
283.831
231.024
87.3157
294.829
299.942
278.175
109.151
295.163
219.433
299.615
157.541
97.531
73.22
94.6967
136.782
125.521
62.1407
91.0572
131.462
79.9032
123.991
299.831
292.111
81.141
92.7366
65.1334
117.932
94.7227
113.395
139.679
115.012
207.127
78.6192
87.8771
60.894
95.1469
296.781
228.312
86.299
82.4811
191.341
108.377
171.673
133.944
86.5462
254.07
96.1392
130.16
101.049
116.109
133.274
63.1527
91.9142
86.5711
129.474
206.81
67.7524
84.53
217.254
166.256
144.83
77.4611
98.559
299.869
134.813
295.607
68.214
84.919
90.2934
115.116
293.674
293.11
68.0103
130.889
128.897
259.839
267.872
109.179
299.685
134.326
104.458
239.208
101.04
299.603
82.6676
139.105
103.624
150.13
128.03
112.545
298.899
71.1503
262.183
299.985
101.152
113.806
119.414
299.763
217.327
139.793
68.2667
236.071
287.264
59.6598
76.2977
59.1179
128.267
132.21
132.499
294.88
114.016
236.817
112.651
68.0566
216.4
299.914
291.914
164.084
79.3518
98.2752
221.683
59.4469
91.7499
119.056
212.657
153.137
141.867
139.496
186.703
166.849
81.6886
284.876
203.33
132.125
73.1503
140.772
150.044
119.93
92.1423
59.786
298.932
145.342
296.433
110.407
292.302
210.965
297.826
73.8237
69.5549
110.945
299.525
68.3496
106.242
271.975
124.869
108.099
73.4423
82.7881
109.614
113.277
175.556
292.351
143.613
82.9479
292.037
70.0996
133.314
286.241
123.876
295.311
115.854
69.8537
270.797
84.799
216.951
151.121
131.625
71.0923
289.749
115.806
59.0239
118.207
71.302
104.622
298.204
91.3087
123.786
116.011
114.965
119.922
63.2126
64.0903
116.823
125.635
289.378
119.981
131.241
91.8066
72.6357
65.4245
207.434
119.223
111.41
142.129
125.641
123.205
104.091
299.784
120.064
238.275
138.9
252.995
282.966
136.109
288.143
178.658
105.907
298.752
95.8587
108.829
81.1202
66.3811
72.8073
54.1739
294.77
149.526
74.8163
122.009
111.888
297.491
103.38
104.56
296.372
208.384
108.779
130.738
58.1044
77.4068
91.9346
120.834
196.358
131.506
93.9391
278.248
298.939
284.883
130.502
62.895
207.51
121.889
79.3555
125.73
271.373
116.532
285.078
296.113
289.612
83.3406
293.476
299.874
136.286
298.987
276.889
299.533
106.152
87.141
299.566
299.116
92.2471
106.376
105.228
83.3584
293.658
131.846
271.216
297.899
190.102
193.097
299.358
97.3286
272.337
86.5138
298.993
297
77.6821
294.811
73.013
91.6594
91.9913
150.617
296.804
91.4934
297.809
124.446
295.268
60.2228
294.2
67.1175
297.934
299.579
292.311
98.3316
297.946
77.1224
88.2389
291.572
288.544
81.3898
299.949
87.8408
108.916
146.533
287.679
279.207
70.862
91.9558
91.5018
68.1727
102.101
121.153
74.5923
271.783
107.321
259.117
163.253
59.3548
59.9079
285.311
125.067
105.345
296.803
68.7498
105.243
58.8401
115.292
94.7203
282.566
126.661
299.313
76.6633
272.622
239.211
58.9974
266.133
121.047
294.28
92.037
68.3542
116.234
287.697
262.845
138.406
128.931
290.062
90.3378
131.709
295.077
124.264
132.922
115.746
111.331
91.6668
62.7664
135.162
190.755
133.165
117.208
108.893
144.188
224.438
65.7773
109.619
119.33
118.554
113.018
94.8215
298.451
90.4463
91.8774
298.47
108.103
108.769
105.139
295.059
158.468
86.4816
299.966
91.7861
70.2605
113.948
108.316
71.2426
288.728
106.758
87.1906
293.869
89.0789
123.322
118.148
140.701
88.6314
72.2493
69.4211
104.15
114.373
276.476
97.8244
115.347
126.46
87.6374
97.479
94.219
112.301
289.344
292.923
68.9233
89.1311
78.2592
268.765
77.1733
112.719
106.591
89.4333
147.8
67.6732
66.8049
275.719
94.9347
91.7375
141.596
117.135
103.489
70.1701
85.4267
63.2777
124.218
214.757
133.855
276.99
104.573
106.793
94.3514
151.537
285.198
257.439
119.639
68.3141
121.171
59.1454
88.4874
299.403
144.535
109.783
108.379
136.476
132.538
134.534
299.773
177.851
72.1901
69.4358
105.545
285.168
299.428
121.966
89.2656
66.9879
61.7549
112.983
74.2204
270.24
84.8522
299.466
82.4937
126.718
110.866
134.194
83.8628
292.16
114.769
173.271
106.302
288.691
98.6828
126.677
113.995
109.668
123.048
83.5043
177.039
202.235
115.634
86.8783
129.984
69.3841
99.7163
286.933
66.7606
106.717
66.8109
123.579
154.702
109.916
234.581
102.584
292.509
277.193
168.694
299.723
93.3032
71.3342
91.8803
112.95
70.705
158.669
54.5095
90.5753
168.084
69.6709
64.7762
299.879
289.468
89.4694
287.986
80.3508
86.1105
68.7017
91.387
108.561
114.86
132.438
122.455
121.507
228.335
240.743
67.3109
98.1728
96.6887
254.661
89.2706
113.072
284.414
84.0638
299.376
292.42
93.3259
159.782
296.716
299.441
162.557
160.471
108.664
128.792
284.704
62.6834
63.3888
112.129
93.9104
67.0477
68.3077
95.7532
71.8678
86.473
82.548
118.488
172.059
114.576
89.5538
294.946
83.4131
130.36
97.2159
68.3777
58.3556
94.3172
63.14
130.432
103.332
159.722
68.3999
113.419
296.936
100.369
88.7427
145.071
176.113
77.1488
283.786
92.5905
290.288
111.808
88.8096
137.083
120.186
298.951
289.981
299.5
293.707
60.5094
279.251
291.574
90.0766
285.591
123.297
60.1356
91.2292
288.949
93.806
84.2718
90.556
92.6925
131.779
291.394
105.915
156.337
110.674
131.138
91.5042
299.482
299.334
276.503
107.58
72.3541
111.247
129.826
130.986
288.218
160.609
139.089
287.828
146.492
107.806
226.972
296.609
92.6253
75.9696
291.934
61.5484
91.4946
297.054
289.208
71.6431
66.942
299.545
298.959
83.4381
288.205
126.798
128.343
73.9323
297.84
101.579
121.934
66.7197
77.0151
284.972
111.363
79.6747
288.182
90.0212
284.457
79.2109
66.6634
117.46
67.3591
97.7311
98.2784
253.043
92.9385
87.2725
114.412
84.8598
294.669
121.341
296.904
129.714
117.576
58.4992
111.429
163.326
284.098
173.11
299.546
86.5912
67.8858
115.709
111.843
111.842
297.884
137.397
290.118
119.297
225.854
110.416
133.066
84.6148
293.643
156.226
176.137
113.973
143.572
118.163
170.321
111.954
67.9288
77.0905
151.226
93.1177
108.275
299.93
291.971
192.438
113.24
110.486
103.086
68.6187
111.131
126.664
118.969
162.634
290.736
163.038
125.026
109.484
64.5343
270.256
114.359
89.5513
94.73
219.844
268.996
113.503
120.971
293.564
86.0658
65.0797
123.965
91.3786
86.4642
61.6093
122.171
78.1628
279.807
70.9444
297.925
145.143
290.634
85.6844
295.048
111.955
293.377
85.9003
131.302
137.299
127.202
141.934
119.959
68.1733
82.2383
91.2754
153.578
139.676
90.4554
165.58
127.797
296.889
249.752
293.786
117.458
152.304
132.316
111.564
129.174
125.833
90.0133
290.291
105.15
77.1371
120.548
300.019
84.5291
92.7099
167.748
90.471
87.3252
144.962
86.556
102.108
94.7445
118.62
296.972
170.742
102.906
296.525
123.277
115.3
90.9878
120.437
296.574
132.202
119.991
164.189
119.123
62.652
117.948
115.879
217.5
113.26
66.9033
299.492
116.01
123.408
251.795
106.739
88.5483
94.7638
270.151
118.348
120.449
163.596
121.203
106.595
127.197
274.321
99.2983
283.956
122.905
112.099
90.3632
111.062
262.355
151.864
121.184
153.123
93.0714
114.455
299.756
85.9464
113.552
299.803
111.427
122.764
120.623
93.6008
108.89
91.4717
122.833
83.9757
113.098
90.7415
113.343
129.066
90.3534
70.9336
233.486
298.089
76.4871
299.417
89.6348
299.343
143.593
114.727
287.811
148.573
298.84
100.802
89.5715
66.2811
90.4401
71.5646
77.1077
73.3372
122.572
85.3698
138.557
89.0088
93.5593
127.474
119.544
112.51
213.629
124.222
268.78
63.7814
119.977
121.855
296.006
101.873
93.4386
63.9973
115.033
99.0057
127.958
108.869
285.593
285.78
294.899
109.281
173.061
92.306
95.3838
126.557
128.104
120.421
299.855
293.569
93.1635
91.3884
67.4924
88.1459
93.3004
79.7486
167.679
108.885
85.9093
133.646
154.233
297.425
89.9812
80.7373
119.511
298.057
119.747
107.023
57.9511
100.52
63.7193
116.107
150.075
115.239
65.9521
238.576
144.833
99.7806
284.279
118.662
292.03
114.692
91.967
299.77
90.9187
119.659
119.251
299.327
120.01
177.897
108.143
70.8211
107.029
115.317
292.301
288.316
147.797
88.3027
77.081
239.545
99.6277
117.988
279.596
119.688
76.4715
100.167
136.22
77.8014
93.6652
105.673
68.1978
113.74
176.333
145.561
282.543
112.461
278.178
86.0265
92.9301
69.8804
72.9085
179.618
76.714
298.943
105.873
298.438
240.624
297.97
256.805
166.932
165.794
66.0459
91.9718
156.085
78.576
182.846
267.35
113.528
84.4526
97.385
294.13
264.407
299.443
118.171
138.911
298.451
288.796
120.969
113.883
297.416
291.619
129.461
121.337
118.585
71.3832
80.0731
100.832
59.5715
292.738
119.311
289.679
113.971
109.022
293.483
187.499
80.2948
80.8281
290.146
65.8653
113.256
67.8044
299.984
144.654
109.728
118.323
280.578
163.848
101.064
103.226
122.744
269.552
299.767
124.216
99.2571
132.761
64.1376
113.681
114.095
71.836
134.832
109.75
113.668
87.7392
107.013
127.184
297.844
293.832
299.553
84.8389
62.784
67.6123
81.946
70.5523
91.3865
290.969
83.17
141.911
79.8265
294.922
96.4343
94.2592
299.628
215.439
58.1395
133.145
93.0254
60.5495
158.735
92.485
284.177
58.7085
60.5189
297.05
299.872
84.8852
103.627
120.797
171.581
97.7174
126.923
267.106
294.057
114.474
67.4811
80.8607
95.0386
297.956
284.552
92.6521
112.302
134.784
104.715
93.4557
105.639
89.721
126.796
148.944
91.1448
283.192
107.629
82.9866
112.495
63.8926
136.627
280.572
78.4652
125.096
298.32
85.6005
93.3557
221.228
85.8374
299.934
66.6913
178.482
87.4806
89.2723
126.322
298.632
118.065
99.8157
74.505
57.5771
145.056
291.297
85.4477
92.4017
100.703
73.1315
127.823
299.11
299.355
65.6808
94.5041
116.652
92.0116
122.871
279.278
284.007
281.935
110.289
114.911
114.016
299.947
290.88
280.642
68.0572
163.899
141.337
130.356
143.919
152.543
66.3525
292.728
84.6183
100.87
249.448
278.371
121.551
146.191
99.2217
129.615
93.8981
120.419
123.935
283.864
90.4507
85.9391
114.49
299.781
161.116
85.4757
294.225
175.593
279.767
67.0276
289.068
119.229
296.599
288.88
139.656
292.561
105.808
93.5131
75.0958
299.797
92.082
96.2738
299.844
99.5456
143.252
88.2308
63.285
298.98
136.85
125.154
113.417
111.744
136.336
288.063
111.826
66.7131
138.983
91.9748
113.394
117.202
102.899
298.816
119.256
117.582
86.8156
157.181
59.8288
71.416
124.745
276.589
125.49
64.2392
279.593
119.187
161.678
146.504
113.891
94.8152
280.767
115.21
99.0493
282.923
117.71
100.396
99.5751
91.4161
104.374
53.4911
148.037
299.541
299.562
299.405
299.44
282.979
284.472
299.473
297.748
105.674
299.4
78.3853
66.8806
287.141
94.1518
108.378
96.6183
289.334
83.0549
96.5303
268.117
84.0528
131.296
99.1501
272.133
88.8533
69.8199
287.151
299.586
298.424
299.516
92.7871
127.725
65.8265
294.591
297.928
155.084
298.921
297.878
113.229
299.77
299.474
296.009
286.26
68.8388
142.762
104.163
112.309
92.139
127.969
299.432
288.264
293.037
296.752
299.478
96.1772
128.957
297.639
84.9875
293.917
78.4779
281.91
144.623
158.367
284.855
266.675
112.96
89.2627
105.051
104.351
71.045
127.902
102.112
92.7124
91.4577
119.428
66.0059
147.146
65.4306
299.621
91.9552
108.577
87.1617
291.438
284.938
290.522
103.413
87.7129
292.169
74.6874
110.935
108.699
91.2792
281.171
117.15
166.605
294.977
68.8511
73.6728
69.1202
293.26
89.4256
100.304
87.3305
279.624
171.81
295.03
125.242
293.495
294.428
287.825
91.2301
291.359
88.0468
92.5865
122.258
279.508
291.518
83.1284
87.5076
72.8329
65.8066
162.062
95.5503
115.926
294.699
82.3849
293.878
299.951
91.2459
92.2849
110.734
288.241
107.443
132.382
117.036
290.928
292.455
296.703
285.234
147.934
291.945
113.857
291.766
107.948
95.916
91.2405
88.1496
112.686
298.131
138.925
294.013
151.065
206.819
118.876
92.4646
142.788
111.723
288.475
93.2713
116.62
99.5191
118.4
123.675
296.745
109.084
145.026
102.1
103.945
117.853
289.028
89.184
114.921
299.948
106.362
115.578
86.926
96.4465
299.935
288.387
85.031
74.4569
91.4499
117.393
108.446
92.9491
74.3047
112.685
280.167
152.793
100.567
141.983
109.716
101.214
136.769
117.849
286.378
109.714
115.58
135.087
108.087
88.8254
99.9349
72.3965
92.0446
111.888
64.9572
202.182
64.328
116.05
127.242
86.8568
77.0967
283.389
117.587
74.9017
299.913
299.953
292.711
94.5843
299.959
280.609
103.232
82.2482
125.337
74.8131
206.986
115.064
65.0571
122.088
65.1133
94.0566
94.8402
292.358
299.119
128.554
56.0483
74.0048
110.536
135.719
145.662
113.815
287.955
99.4369
272.155
113.721
286.118
83.8391
91.2117
133.349
252.169
92.9049
89.5964
60.4908
102.121
92.8373
105.474
204.278
120.958
97.0884
291.357
279.633
115.819
87.1188
285.513
294.135
102.751
299.978
166.116
126.569
255.024
141.757
286.903
299.138
292.059
98.676
264.963
111.204
82.36
289.562
297.871
292.38
141.293
286.919
117.963
97.717
111.328
79.0022
126.984
216.082
122.054
130.875
299.788
291.401
122.162
86.3929
85.6467
68.3088
296.447
274.357
134.614
104.27
87.7674
129.096
85.5754
102.979
298.264
288.054
116.649
134.264
180.577
60.5632
296.733
90.4744
99.4198
288.658
85.6214
290.989
299.792
109.314
100.095
291.714
288.302
125.88
86.099
91.9073
71.0876
103.118
71.4725
259.481
290.228
61.8336
126.968
102.5
80.5854
82.5737
88.9216
293.716
127.947
231.188
299.949
299.855
92.0959
91.1254
168.649
299.857
102.429
67.2398
70.1524
165.166
87.3573
184.989
296.129
251.339
299.87
298.453
180.922
291.449
299.546
299.613
290.618
299.019
89.9978
295.463
282.639
299.042
71.1942
114.572
89.4173
73.0033
298.723
108.24
295.111
299.56
264.632
299.9
264.012
297.953
299.355
299.768
294.894
298.989
298.032
294.401
298.988
280.011
297.048
58.862
296.179
292.941
105.66
125.214
114.443
123.699
106.889
86.3007
211.296
88.0404
63.0645
284.686
297.896
295.144
286.541
291.688
70.1202
98.3953
122.463
288.775
124.764
85.4722
276.362
125.239
299.97
299.911
64.1811
73.9422
108.622
293.738
298.439
110.91
86.2746
135.769
101.768
126.44
294.916
112.709
140.891
267.311
299.554
124.469
146.109
118.035
75.7129
105.383
292.054
299.408
132.474
110.043
111.681
180.797
299.571
100.448
287.981
299.899
299.517
119.52
114.964
71.5357
97.4568
299.465
162.163
299.951
74.7821
94.5897
299.772
286.221
106.587
299.823
298.853
61.8921
299.381
299.425
99.7126
299.457
299.982
134.848
108.648
295.238
299.331
292.363
297.718
299.381
296.171
299.352
299.496
254.571
128.746
84.1811
297.842
122.669
297.768
124.636
78.752
294.165
143.45
293.199
108.211
298.532
140.464
288.468
299.81
99.258
299.37
107.958
116.903
299.476
108.705
297.875
124.315
70.2659
298.895
92.763
123.579
287.99
126.697
126.21
284.894
106.47
128.703
284.315
289.804
92.0001
133.056
91.3315
110.764
88.6421
289.852
177.958
110.586
299.471
283.602
299.505
278.225
294.67
139.606
108.604
293.441
112.993
149.745
299.336
157.971
259.031
130.658
298.232
294.259
133.823
59.2611
68.865
108.713
299.413
287.085
291.982
291.966
291.22
63.9103
158.075
226.296
119.26
295.144
153.308
299.78
299.599
108.755
63.6818
299.015
298.954
285.036
63.6412
105.512
126.977
111.488
290.096
117.225
298.703
292.769
107.726
93.1639
299.846
278.594
160.556
91.7177
298.43
288.942
239.154
229.541
61.482
85.4544
280.644
293.206
299.533
62.1657
292.71
299.549
290.49
294.323
107.48
156.646
85.5958
297.928
96.6376
293.785
124.382
123.596
297.258
87.2888
290.854
297.599
292.925
299.498
141.202
294.802
95.8175
292.704
294.831
292.778
299.641
297.019
80.7887
292.341
98.2777
223.656
284.606
298.936
296.126
298.957
91.5078
297.974
109.829
119.747
82.6209
89.3919
289.893
124.245
291.577
103.964
293.658
286.141
80.8645
292.639
213.475
93.7827
83.5307
121.566
60.5215
86.9425
289.769
92.5818
100.666
291.758
116.472
127.113
123.422
136.485
253.18
287.293
120.924
68.6624
299.834
298.744
284.011
109.306
83.5165
79.2717
93.9464
126.149
189.655
84.244
69.8638
106.029
64.013
86.4445
156.659
144.597
99.3322
221.554
297.402
299.365
112.893
299.669
299.341
104.3
283.357
105.584
298.569
58.8707
83.6183
299.452
153.875
299.731
299.963
291.145
112.09
298.848
126.441
67.9513
120.502
87.0559
291.83
88.8259
102.81
143.598
104.759
87.8316
82.2714
298.87
292.268
77.1749
258.542
291.927
128.987
293.784
131.867
134.991
281.631
292.665
153.747
294.056
117.358
285.012
119.974
297.706
284.455
294.591
285.903
134.34
142.327
152.52
102.78
104.783
163.637
260.33
299.477
299.355
91.8236
112.306
295.097
228.981
63.4026
103.537
126.486
280.923
85.0438
298.761
104.645
70.3177
292.672
299.977
122.206
129.359
294.238
138.326
299.634
297.418
147.437
129.749
141.381
294.172
299.853
299.743
97.3317
273.755
96.5691
277.22
90.3695
284.402
154.271
297.701
113.234
77.1025
96.8739
104.034
126.74
107.966
280.608
127.947
126.844
158.854
106.659
56.8968
64.9138
95.2689
156.662
92.8439
212.873
108.866
77.0052
142.294
104.584
67.3152
57.5259
279.465
140.911
74.5576
287.289
138.836
86.5551
67.1058
152.033
77.6742
292.587
289.036
174.511
295.009
295.14
154.255
114.432
138.309
299.147
299.64
124.528
131.157
294.955
103.051
292.61
108.166
117.328
294.837
299.779
285.081
85.8919
125.554
291.709
112.107
126.63
90.2277
111.168
93.6692
283.399
62.6485
286.67
115.644
63.8708
105.147
120.726
298.551
110.238
256.316
113.645
106.964
64.9849
299.918
114.879
82.0498
81.5461
199.927
296.785
101.592
140.023
289.241
137.166
128.51
291.047
114.254
159.857
107.118
93.0401
135.173
288.804
277.776
93.1403
79.5078
111.632
292.253
94.0543
60.0008
212.086
88.8035
105.206
114.005
295.441
110.629
103.38
87.0502
299.859
88.2005
279.51
158.679
81.6154
91.7203
257.006
294.755
124.067
110.5
85.8807
98.3436
121.223
108.389
68.2156
105.732
69.9133
129.006
130.161
67.3493
299.881
81.1424
91.2306
201.903
284.417
89.1426
299.649
112.041
204.066
115.015
117.533
295.034
172.693
136.483
295.199
292.563
88.1302
73.9403
160.588
88.7043
103.896
71.4987
297.962
97.6371
88.1625
90.2257
113.663
138.659
160.29
138.271
141.976
287.14
104.967
118.637
299.174
116.979
299.005
108.121
124.388
146.294
115.476
299.358
292.318
277.873
299.886
87.704
299.781
297.041
119.265
294.884
297.917
288.227
288.261
297.94
299.568
82.5156
142.863
299.543
295.39
299.955
299.789
289.7
295.354
280.157
141.546
82.3347
91.9478
115.566
122.707
296.966
297.022
81.4457
92.846
109.848
88.6246
70.8364
165.347
294.345
296.911
295.232
68.8019
64.332
129.451
299.007
90.0924
166.957
91.9185
108.425
113.771
128.298
251.836
298.271
297.819
298.753
131.053
255.861
117.434
299.168
209.926
78.8141
112.95
298.581
57.9442
254.408
117.755
299.834
89.9001
125.988
280.181
107.056
299.735
283.465
93.2327
298.95
294.106
74.3617
70.2367
105.72
107.407
80.4899
85.5088
285.736
297.027
290.939
140.625
89.1871
296.006
296.993
299.5
114.159
92.2973
140.674
89.6909
78.9264
85.9848
107.636
297.553
299.749
66.2706
293.741
238.481
299.637
108.466
292.988
295.336
292.388
77.4691
76.477
298.312
298.634
104.023
293.127
138.002
87.7921
238.622
292.37
112.965
87.9473
142.618
110.586
84.6869
298.27
88.9746
121.596
112.786
63.6181
106.141
84.8155
129.083
60.2739
107.668
69.5156
58.4702
140.189
299.953
292.014
299.367
267.458
115.784
86.5153
104.377
91.6745
127.228
64.5964
102.42
113.578
124.784
83.7221
123.16
86.8112
138.919
294.067
81.7495
294.952
115.772
124.534
85.7624
288.49
279.872
79.7283
82.9687
297.374
103.38
86.5706
73.1752
293.732
105.813
82.5531
281.063
74.2439
282.779
135.466
106.837
102.159
102.213
283.398
81.0312
156.182
91.5581
148.092
278.741
102.151
145.436
125.729
155.282
121.746
80.62
116.283
294.657
117.382
161.409
299.203
262.208
117.875
150.494
90.6616
164.89
292.336
299.689
138.155
71.3594
60.8422
104.065
299.615
97.911
251.032
70.2694
137.66
81.7047
117.837
110.119
63.8428
134.453
101.204
68.5816
139.332
122.882
108.709
138.001
70.0368
279.994
86.2103
123.361
66.2939
283.916
92.8292
107.948
161.951
104.588
117.879
80.7453
109.079
90.5764
89.1422
110.886
121.16
94.2479
134.43
122.001
159.803
147.42
124.841
260.456
93.0141
68.8479
74.0572
299.164
60.6065
98.6212
83.8105
85.2101
88.5441
137.703
292.668
94.0892
92.6575
99.3139
136.425
91.5064
83.6783
112.232
154.979
101.814
110.032
111.595
85.271
181.023
116.117
114.817
107.304
116.508
118.954
90.23
82.7613
88.6285
94.6467
88.2764
97.0716
110.48
282.849
87.6744
138.416
116.917
86.5665
137.83
63.2504
92.8263
299.668
61.3005
100.177
116.312
114.566
298.75
92.7653
120.176
76.0209
106.124
109.02
83.9205
130.678
120.624
100.574
85.009
97.2159
290.227
165.789
76.9054
289.419
92.5727
89.7134
115.322
83.7317
358.848
354.378
292.143
94.413
103.909
132.082
128.799
284.257
108.365
98.4615
119.264
288.964
277.25
100.084
101.135
77.1903
63.331
119.713
67.7261
86.6542
101.297
113.577
61.3902
109.962
104.057
99.4136
100.518
92.8884
146.834
58.882
97.7967
299.837
98.3997
76.1383
118.526
112.948
141.07
285.055
112.707
67.3921
140.348
104.338
299.364
91.8978
56.9816
289.385
76.4695
291.099
298.252
161.093
107.04
147.601
285.07
291.07
79.7105
115.223
177.399
96.1125
152.32
287.434
297.417
138.15
103.005
99.2434
93.2644
270.919
145.967
122.681
165.248
99.177
288.592
103.004
299.988
118.235
81.1107
102.425
281.037
299.326
105.493
145.782
82.8951
89.069
299.559
94.1488
138.26
93.6499
105.002
129.984
296.112
88.353
270.426
104.244
86.0514
299.988
75.4021
281.78
106.7
147.19
299.647
75.8184
293.671
254.087
287.477
116.31
70.943
299.94
288.371
67.6467
295.59
298.635
298.48
255.04
118.856
94.6585
109.451
288.796
106.088
61.0746
88.3802
68.1969
297.195
60.8902
292.295
81.886
281.179
296.868
299.705
110.994
299.158
88.3556
73.966
117.597
166.847
288.563
114.659
272.84
102.749
110.689
94.5284
294.639
74.2899
292.831
104.079
85.391
299.169
93.4868
92.5984
101.243
299.821
158.732
293.298
95.8097
101.394
87.0572
279.856
291.585
277.049
85.7195
300.012
107.87
288.313
103.557
109.723
104.011
137.233
148.259
87.3832
114.986
299.155
83.6053
283.107
68.9327
145.787
173.686
114.759
280.943
140.58
281.093
287.453
295.479
161.504
112.601
83.1345
293.816
250.043
298.248
288.528
280.924
70.9539
139.458
122.579
112.559
98.6991
95.2948
83.1121
117.828
294.218
101.108
117.524
123.145
288.354
67.3812
106.994
90.8987
137.055
118.606
110.773
289.314
103.997
297.299
427.74
298.615
138.027
138.885
297.425
275.756
137.974
287.103
83.8186
113.249
93.5779
82.9631
286.507
131.08
155.495
119.061
296.598
137.776
299.824
88.3978
137.771
68.5851
141.027
263.296
298.988
121.16
100.091
82.426
82.7091
134.053
273.106
269.934
87.2505
294.693
299.965
90.0402
84.7841
91.9454
67.101
299.939
100.737
69.8947
85.8258
298.375
114.213
101.467
62.1323
112.902
82.0818
84.341
238.106
77.4488
119.481
88.7138
92.0146
299.176
74.8446
299.841
129.685
88.6962
102.701
93.1434
85.5785
115.971
280.661
141.343
287.668
58.4321
135.43
88.6641
124.863
103.081
142.516
121.484
101.601
76.8588
136.322
99.4544
74.7191
298.196
90.8727
91.9764
135.46
85.7708
66.8957
181.799
90.6018
297.647
115.96
100.41
268.15
93.9694
135.979
122.622
126.027
136.095
94.8417
93.059
92.1738
299.966
137.704
159.418
108.802
90.0248
285.796
291.694
295.047
66.6544
57.399
103.652
151.653
293.203
146.22
90.6738
77.1408
101.917
139.502
107.333
127.947
87.109
88.1724
87.4291
138.118
89.4721
283.648
70.8773
114.174
101.779
89.2141
96.7239
289.208
91.8653
91.3912
81.5373
61.0542
298.587
105.154
300.066
66.9744
122.856
73.4899
289.504
90.6257
108.476
271.526
276.542
112.631
112.404
295.22
84.7682
156.594
94.5589
96.5709
92.2882
79.5488
173.457
297.084
107.137
138.104
299.425
125.404
101.896
138.667
287.684
103.375
76.1851
84.2625
90.2709
89.2989
94.3904
289.159
59.509
57.1505
276.666
104.837
92.1478
284.698
86.6101
299.779
104.709
118.976
114.478
278.481
92.9339
141.157
108.515
89.3361
111.787
107.7
295.278
81.3936
85.204
82.7285
94.8319
75.978
292.134
93.7329
300.045
83.4116
76.3479
291.628
291.219
155.06
287.406
67.6845
102.173
117.799
92.3056
299.861
296.279
106.096
85.4463
299.851
120.827
287.896
82.8734
135.272
106.676
98.2111
126.633
91.8628
125.408
137.72
74.1878
62.0601
57.1457
81.6878
89.0793
100.591
70.6508
286.364
87.6162
280.241
295.938
117.483
126.275
138.683
299.934
299.392
297.774
98.9143
213.864
143.119
142.425
80.0436
291.637
102.168
299.394
92.6244
117.583
295.251
72.6721
129.214
299.512
91.1665
298.19
298.377
57.5185
71.5376
100.552
124.36
84.6927
101.623
65.4275
298.366
90.2543
86.5855
104.465
70.538
93.2931
284.486
104.031
145.805
294.455
105.825
293.67
58.3499
56.3988
87.7258
94.2576
146.973
299.673
298.882
300.018
122.906
293.962
269.379
167.839
299.413
94.2558
90.9582
64.4125
74.4797
299.524
101.422
90.1936
85.0798
107.537
285.115
299.384
299.359
101.057
285.097
291.75
117.248
299.573
87.3479
299.106
91.7143
82.4762
133.691
94.2947
89.3905
297.905
299.858
286.599
224.953
116.362
92.6358
97.9288
299.86
137.998
93.1002
292.896
214.169
74.5924
87.4683
133.557
82.7494
295.091
121.171
72.6553
293.995
87.0843
293.387
295.342
85.8644
280.972
110.071
274.659
287.396
295.185
94.3308
148.977
85.2379
75.1759
284.224
93.4788
268.615
290.905
86.0812
95.1727
298.973
299.542
104.547
94.5128
99.2271
61.2149
290.142
292.516
89.7462
99.5396
70.2181
120.244
299.879
300.017
99.4846
116.577
80.4269
84.4017
136.495
96.4356
103.333
296.995
295.166
288.066
100.11
299.349
292.315
264.063
93.9364
91.5689
294.819
108.1
160.333
114.95
57.456
286.532
92.5619
94.1826
297.909
299.911
106.905
111.642
67.3618
108.716
129.387
299.554
85.4213
100.752
299.921
91.2136
138.264
75.3631
84.7739
94.0128
64.0892
295.336
92.3805
80.428
293.798
101.647
85.594
298.411
167.655
297.816
114.58
74.3625
103.424
91.8589
119.712
145.166
295.701
294.259
91.8926
84.1056
113.276
299.362
296.869
116.748
115.174
62.2824
63.3212
92.6032
299.471
299.944
84.8115
82.3176
298.569
67.1064
187.328
104.502
292.862
298.99
83.6156
59.8216
73.2094
292.031
83.7606
295.438
300.006
87.1042
92.8337
299.907
105.658
286.144
91.4814
299.995
94.2469
84.6491
67.3059
298.939
121.776
91.4286
166.059
135.312
284.884
299.303
113.833
113.701
90.5234
299.778
73.0176
287.539
93.404
70.407
102.237
119.373
76.4481
299.026
116.122
86.5089
89.7263
134.207
139.582
125.286
295.274
80.7211
94.6869
121.082
174.341
82.9981
86.8544
294.889
291.441
289.413
299.997
130.71
105.855
297.522
143.201
199.736
99.0798
299.493
297.978
92.7223
89.517
299.557
67.6604
77.654
299.685
84.7112
90.0855
56.4293
299.995
292.255
70.5252
91.4509
58.2683
113.839
295.573
63.5143
80.7573
299.837
82.0151
293.581
73.5823
270.739
124.081
82.9209
124.432
70.4492
88.4084
292.58
289.267
108.833
293.053
89.5715
128.012
139.744
298.288
298.744
299.639
93.4682
81.1694
299.827
79.8504
154.309
299.796
114
92.0124
70.8397
297.38
119.955
110.09
93.4244
77.7261
119.357
80.2258
98.8383
287.491
81.6773
291.365
94.3273
63.8716
122.107
111.001
117.399
112.232
106.126
99.5391
87.9001
235.784
277.406
299.835
92.1377
294.684
111.124
116.077
283.151
296.061
115.533
296.18
81.8077
62.6496
97.9912
177.188
126.942
101.536
186.658
94.7836
81.3535
292.043
150.588
125.156
88.5451
89.1549
81.339
144.993
86.9115
79.4859
105.322
57.1052
92.0555
87.9368
85.8283
86.5804
123.311
278.059
299.087
59.9517
127.321
100.025
299.953
70.3991
87.8948
115.966
73.4975
68.1386
285.347
79.6707
57.9314
100.933
75.762
70.3641
73.6705
98.3898
291.968
107.709
92.0238
86.5457
66.1435
123.897
57.2668
299.279
299.182
298.596
299.443
297.146
299.09
296.83
298.258
299.814
298.876
298.987
298.44
299.678
299.77
299.522
101.216
89.0663
298.066
88.2452
291.018
297.862
71.1072
297.643
74.9176
123.255
291.608
92.0145
147.646
112.996
299.826
299.971
283.79
299.701
68.2819
299.399
296.045
111.462
100.552
105.434
295.684
88.3868
93.0954
298.504
125.796
78.8558
99.1543
67.6308
128.045
90.3819
83.411
102.522
299.23
149.186
299.73
88.8194
295.261
128.538
102.626
90.1237
299.863
143.251
89.5271
145.87
86.2587
299.626
95.213
130.599
81.9558
299.905
292.565
108.468
94.9555
296.227
298.511
299.043
117.89
116.035
118.247
289.139
274.812
88.9822
89.856
85.8956
297.103
297.091
84.1643
147.09
86.4775
144.892
86.9965
299.562
113.992
59.1943
277.159
299.572
132.54
94.1897
88.2706
92.7347
124.679
138.686
105.138
86.7909
298.755
84.8384
140.941
111.092
84.5979
130.365
77.703
288.367
107.34
95.2077
137.112
67.7693
69.6285
294.318
293.896
136.386
298.495
126.48
99.8984
295.121
299.676
98.4278
295.584
108.673
300.002
294.587
125.919
285.144
292.228
107.529
124.112
297.186
296.659
284.617
117.191
299.215
297.137
299.577
279.615
85.2111
96.2148
284.465
116.896
283.162
292.899
84.2513
110.053
291.254
95.5645
77.2862
292.932
290.945
104.902
92.5229
131.577
110.172
123.673
102.025
298.011
88.028
134.338
269.073
294.003
292.975
104.05
293.894
106.092
294.93
97.6393
285.833
92.6816
69.0599
92.2625
114.955
299.377
128.071
88.2905
84.9598
60.0112
74.1836
108.431
89.6227
87.3425
112.528
92.3501
295.039
299.583
84.0975
83.0252
168.227
84.4473
299.226
115.576
297.124
70.7639
293.038
281.336
102.79
286.901
296.281
299.844
299.035
299.965
284.532
80.3408
298.048
114.302
299.02
85.5497
297.799
276.297
83.3289
290.081
104.729
277.065
299.511
66.7022
71.2585
88.8023
88.5729
468.444
55.1809
76.4321
126.561
84.564
290.384
83.6132
143.436
285.173
102.084
265.989
110.39
110.366
68.1784
295.624
291.304
156.896
90.0967
105.614
86.2301
297.538
76.3314
108.703
71.1732
105.995
85.4418
71.2405
111.93
294.293
142.815
85.0713
80.3522
113.468
87.1262
99.0547
82.512
298.007
85.6895
165.933
82.8689
141.971
82.2722
85.7363
96.4375
87.3101
290.938
68.2727
81.834
106.549
81.8005
68.704
141.889
280.973
125.916
68.3909
85.7328
291.135
80.8605
168.903
103.303
294.387
74.5881
275.104
155.232
84.1702
81.7771
113.548
94.2635
295.988
104.477
238.906
79.3313
75.6398
96.9559
99.8842
299.952
151.063
112.231
78.9332
121.742
122.153
82.0375
126.606
288.382
283.811
83.6389
283.676
297.767
101.743
58.8838
293.106
85.9702
73.4224
141.891
109.767
68.1121
148.731
278.881
88.7129
103.354
79.8525
161.183
90.466
80.1101
144.191
83.8659
110.456
112.194
145.987
81.802
153.871
290.11
110.997
154.702
109.807
113.545
59.3624
74.0037
102.659
79.3846
110.171
86.9127
291.782
267.639
88.6213
113.568
136.337
93.5947
102.014
286.934
98.6741
89.9473
294.382
299.856
299.862
151.611
70.252
115.563
122.954
89.3875
298.919
91.3034
71.1644
99.3748
86.0662
84.8095
81.5059
114.799
80.8396
299.661
84.7032
81.8744
106.564
84.6506
87.8304
112.476
93.6286
95.785
87.5212
77.7274
101.859
132.318
129.782
57.8173
266.658
299.526
162.264
74.5164
290.951
128.962
87.9964
295.255
70.7013
85.543
155.591
126.549
78.7129
100.012
151.824
290.502
77.8537
293.436
89.7758
84.1009
127.443
289.78
56.2895
109.866
125.257
231.772
94.5994
90.5029
94.2641
143.8
112.519
89.1109
91.2521
299.449
112.865
297.802
146.448
81.082
85.5495
114.774
289.673
90.7166
79.4539
107.515
90.535
58.1406
120.258
88.7133
88.7588
285.755
94.9964
299.193
82.6372
287.466
74.9857
112.403
58.6733
299.991
85.4481
299.837
86.4751
111.499
145.464
114.01
299.523
70.4568
126.918
72.126
292.962
299.876
64.3575
92.871
291.717
104.211
85.2257
106.12
295.6
76.1571
286.201
142.58
265.241
78.3296
70.6256
60.1535
112.269
179.727
272.657
84.5626
284.686
85.9436
92.1798
83.6738
108.24
93.0741
115.186
63.7049
89.9452
283.11
75.2424
108.433
74.1669
115.325
91.1932
114.972
126.876
103.822
177.869
72.636
86.2267
125.201
112.754
71.4462
69.7057
287.917
92.6862
113.56
94.5162
82.2548
87.1968
298.301
129.253
100.303
117.288
99.2565
114.664
101.861
85.0719
141.478
111.645
112.488
83.2938
101.571
140.958
104.477
285.957
58.312
64.2307
88.0178
280.773
277.139
284.755
297.452
98.2716
299.927
58.1863
299.857
70.5468
94.0875
76.5039
62.1023
111.173
293.645
62.1641
299.981
87.3195
298.736
122.701
70.4395
87.9157
156.098
102.472
288.679
89.2648
119.001
75.9815
161.109
88.9239
134.208
115.639
99.9712
88.1675
109.041
110.277
195.421
86.1072
68.9975
286.387
69.1721
138.326
105.97
95.7069
299.905
92.1686
284.253
67.0427
76.177
81.4079
117.666
93.3918
64.5968
285.854
133.41
97.2924
122.869
292.704
110.161
288.231
117.077
139.201
140.484
75.1589
85.728
106.515
74.6739
75.3568
108.043
100.942
97.408
281.564
73.1776
76.981
283.485
84.5592
299.967
149.45
158.491
99.3331
74.933
289.094
58.1082
91.8248
95.343
130.961
106.298
106.708
111.785
68.3947
115.079
67.7877
61.6023
125.28
66.2328
86.5324
127.08
126.795
74.391
70.4622
104.611
114.739
118.461
74.2038
292.224
297.826
105.941
136.395
121.946
140.644
81.6785
69.4324
268.374
110.394
62.5346
297.493
106.228
133.68
105.733
73.4213
95.3717
176.894
82.451
299.798
82.5283
67.6405
299.896
140.985
101.715
115.748
287.44
115.384
59.8188
104.181
134.435
89.3591
116.183
76.6745
143.936
58.0741
105.556
92.5635
96.705
104.162
81.4272
67.794
70.9168
103.304
105.622
110.267
111.982
299.199
88.7167
168.171
80.4456
76.2034
131.003
149.296
119.186
134.628
91.0882
105.586
92.5135
64.7322
286.688
62.7503
112.986
145.374
77.0733
107.064
93.2389
89.8415
278.448
87.2186
98.5494
135.319
133.578
138.622
70.9579
143.817
59.2405
144.188
83.9201
82.5782
94.4809
116.788
98.7563
112.721
112.124
103.063
280.805
157.594
293.213
82.4655
97.1293
90.6654
86.9591
92.6232
90.0606
287.82
71.9721
268.917
153.118
96.737
69.7687
71.0291
102.55
84.5381
113.125
87.7564
84.1719
291.895
85.396
96.8484
155.295
70.9113
246.642
70.6575
118.39
294.525
282.409
125.205
90.3475
111.529
160.717
289.262
293.386
94.3232
104.238
152.039
80.9585
90.6644
76.8213
124.423
83.2025
87.5853
86.9416
298.093
60.2298
299.703
100.092
85.1128
88.4272
92.2404
77.2317
88.6846
70.8731
91.9401
59.7677
78.172
63.6552
84.7666
112.211
84.6416
81.387
56.2273
107.985
85.2181
166.081
103.873
299.957
299.23
293.956
149.971
299.183
70.4165
123.613
299.609
299.629
90.2257
77.6827
298.871
79.7521
299.951
73.1289
66.3707
122.28
93.5605
76.4624
137.03
79.4828
96.4734
299.037
140.109
136.625
106.358
294.197
107.56
76.7897
88.2997
295.845
93.6544
114.985
81.2935
174.751
299.09
287.776
105.595
286.154
112.899
56.9958
83.6032
81.9234
65.372
82.3598
79.0862
122.668
116.7
113.591
86.0789
98.1892
92.8554
176.246
78.1836
298.747
140.002
57.4354
94.1244
120.3
156.22
299.678
74.2543
57.5682
58.2072
68.7536
91.0421
57.6451
144.889
299.041
58.0237
295.498
115.635
99.897
298.488
102.163
298.143
91.7825
294.446
123.313
76.6731
296.576
113.821
178.349
117.846
124.397
131.394
97.2373
296.618
115.297
298.721
105.871
284.917
90.5458
101.121
97.7555
58.0456
298.251
101.961
299.578
292.423
71.8015
88.8409
83.7113
92.0888
103.288
122.089
121.491
297.997
117.672
121.82
279.547
90.9348
90.9992
111.196
123.979
92.4063
68.2662
115.704
71.4372
77.6081
109.444
127.796
89.9234
70.1862
112.425
267.423
299.379
87.9988
275.712
93.5433
100.115
286.97
297.493
293.902
137.123
94.1266
101.311
67.2451
98.6544
281.339
113.188
90.6574
87.7574
116.947
77.7913
71.3755
109.559
107.555
141.412
286.898
54.7676
299.451
299.231
124.892
191.979
64.2661
297.125
295.02
76.4341
292.133
73.1057
69.5469
137.996
81.0452
112.44
72.5336
69.3579
99.4511
87.7666
79.2415
68.3403
93.6339
100.668
82.552
296.275
287.121
79.955
76.8396
88.0802
299.037
63.2166
100.176
293.41
96.2478
155.714
74.6252
89.8521
295.776
112.221
108.211
289.111
138.696
113.508
112.549
83.4631
101.081
115.442
109.423
125.401
110.75
59.8687
57.9374
139.383
73.7233
80.8489
89.9958
97.2907
85.3528
284.999
56.2664
64.826
127.811
290.19
282.909
114.899
84.2563
89.9208
68.0718
76.1912
88.4991
73.4111
68.8559
64.0516
126.288
283.99
119.041
299.996
298.369
57.8903
94.3288
92.819
84.7832
90.7285
67.6164
85.2465
79.4316
88.9656
102.974
89.4549
108.928
84.0351
110.848
297.581
139.237
298.027
80.746
90.0524
76.9735
104.619
111.467
82.2339
81.0895
97.2483
117.022
91.061
147.972
104.926
126.653
94.9878
91.6138
289.713
297.585
109.761
283.287
111.236
67.2458
89.0242
117.542
299.41
111.184
283.579
84.0859
114.903
66.5724
69.3209
110.068
91.4644
107.175
85.7656
121.503
89.8965
64.5746
111.368
276.895
144.71
97.0566
116.696
155.727
108.199
289.763
114.338
81.8453
87.7455
118.532
89.2248
98.9366
86.6174
107.315
101.954
295.704
92.8542
112.337
86.176
101.208
111.128
354.273
99.8246
94.6439
71.0419
67.5507
102.779
108.065
65.0293
112.272
152.333
92.8251
112.974
87.885
295.553
123.072
72.47
61.2137
286.315
288.578
85.1044
70.662
271.493
114.974
107.683
294.449
115.846
179.605
291.451
90.6825
287.518
143.929
65.8427
101.736
83.9307
99.7641
108.679
113.953
98.4506
84.2773
292.978
294.026
103.189
112.836
63.2744
90.5047
88.1995
83.5999
97.0138
293.173
104.916
273.054
81.6084
106.496
117.003
137.574
81.7266
103.778
122.182
66.8603
265.162
57.0653
282.008
78.163
103.368
96.0499
115.435
112.191
294.108
282.034
195.135
137.621
115.514
122.623
286.859
81.7892
299.209
71.0755
299.185
66.9187
104.902
87.6433
266.411
64.8483
172.642
109.686
93.292
292.971
106.349
67.7122
67.9632
82.9275
71.2892
114.131
288.462
109.366
91.8258
77.7848
264.142
178.873
102.323
82.6323
90.7416
95.9517
91.5692
91.2276
100.538
285.243
66.2944
92.8975
70.9503
71.3614
285.778
83.9106
90.9625
95.7686
82.5614
95.9
101.798
148.887
75.8228
134.095
83.0967
67.885
72.5902
100.242
80.0891
286.317
69.158
96.6605
297.974
113.587
96.9502
81.7038
85.3982
81.4713
63.4582
99.0116
116.897
149.696
143.783
95.5372
90.0157
298.836
57.8774
74.7226
299.612
121.945
65.9906
110.201
203.521
90.6309
59.827
107.161
86.4937
103.415
91.0195
82.2829
93.5059
123.061
88.4526
105.91
98.4673
81.383
104.96
92.3294
110.379
66.1107
83.8475
112.946
74.2963
85.8073
78.4878
108.921
65.7188
118.422
106.102
106.094
92.1352
287.683
81.5285
67.1776
96.8746
103.562
110.881
91.3417
93.4393
79.9456
118.106
121.172
86.2328
80.3235
86.3938
87.3439
115.3
117.074
97.3529
63.5572
70.3637
100.66
57.4896
119.921
114.007
83.4589
196.382
104.739
102.585
154.869
98.0134
115.915
120.665
118.915
94.8769
79.3795
113.618
96.5326
73.8348
106.704
101.479
86.8719
87.5631
83.2009
113.073
298.774
102.253
60.3267
67.4983
95.6156
112.762
112.023
108.317
113.733
103.225
95.0679
283.6
113.842
90.3879
101.087
87.6839
106.687
111.765
108.474
124.994
57.1737
85.9557
85.3331
98.3156
82.5348
69.1637
110.332
213.309
143.812
118.935
271.121
73.5573
100.992
152.809
55.5795
83.1481
95.8487
81.5481
118.349
123.026
145.895
114.842
146.665
118.359
277.381
100.988
101.019
111.665
89.1645
63.2237
91.4613
269.707
82.1234
292.708
83.6546
67.2767
111.709
279.906
83.0342
119.36
110.067
104.684
67.2484
140.522
95.2141
57.6825
94.412
144.046
280.053
91.0418
122.099
93.7434
107.058
279.632
84.6228
281.506
95.1467
104.846
87.3111
81.4691
81.9566
102.117
120.038
70.2174
77.2696
91.737
106.183
89.8181
105.361
278.582
281.985
89.9017
105.366
93.275
297.822
99.8557
78.2446
80.3348
93.1078
130.143
99.7223
282.924
107.218
94.1511
102.96
70.1378
142.871
90.3321
93.4022
214.024
83.4985
84.2351
77.6994
88.3015
106.862
286.749
297.446
81.0729
117.129
110.995
96.225
65.8078
292.335
286.904
299.34
299.768
285.012
299.161
296.989
298.823
299.762
299.361
281.561
296.045
299.165
292.392
298.689
299.257
299.494
298.827
299.675
288.004
297.016
297.29
298.538
299.058
299.071
299.678
299.845
288.315
299.822
286.15
298.537
290.684
297.286
299.814
293.017
298.373
284.05
298.368
299.87
299.251
295.061
296.713
290.691
299.496
295.044
299.563
295.909
298.951
299.714
289.286
299.565
297.551
299.725
296.367
298.175
298.945
297.778
299.624
299.62
276.227
276.339
296.713
297.772
298.175
299.419
297.997
293.742
299.437
293.829
81.9465
298.687
130.94
83.4312
103.75
297.982
93.6677
81.5672
110.919
100.289
86.5004
93.6732
297.536
92.6636
111.623
106.774
113.422
138.976
70.3244
110.729
90.5719
96.7795
57.594
97.7782
296.229
136.042
266.139
81.8195
109.001
68.1237
126.392
92.8258
299.804
101.924
299.666
86.7711
291.459
97.9816
108.252
110.03
257.196
119.815
83.6206
89.6489
93.8848
69.9243
295.465
107.703
137.161
154.149
84.6121
85.54
295.534
83.8552
66.9922
101.609
103.133
70.0164
160.87
87.9913
67.5417
91.9095
98.5521
101.48
110.438
60.1655
116.239
133.69
99.8489
93.4452
82.749
88.0712
111.214
294.35
91.1843
98.3624
283.485
94.6205
88.4491
97.2507
81.9092
143.155
128.056
62.4781
61.297
83.7166
83.417
68.095
72.67
113.143
119.693
98.6653
87.299
83.0603
81.7069
82.6715
81.5618
83.3759
105.075
108.672
90.1045
84.7764
91.6303
116.297
90.3734
93.0108
94.0063
102.063
88.7137
81.4331
88.8156
119.113
56.6827
85.0305
111.512
227.405
89.6369
79.1678
96.4616
59.4595
93.4796
74.6601
81.8295
94.6216
171.099
63.217
107.814
97.2671
121.696
59.1795
99.4059
294.264
97.6552
86.7427
144.439
97.4045
115.201
96.3545
111.272
90.443
81.0792
278.376
106.533
85.7786
57.4829
109.054
288.173
280.626
84.5465
75.7439
71.9065
110.388
72.6479
299.902
80.2961
101.053
298.683
98.6803
299.873
88.0706
87.6223
95.3369
82.5568
98.0037
279.09
84.8956
72.8146
150.328
92.6873
72.7197
82.3698
85.7628
98.6649
82.2867
104.678
89.7534
299.201
297.331
69.6208
90.2801
81.4681
73.2932
98.5741
85.0187
113.197
85.9699
87.9543
115.334
83.9065
90.0803
87.7394
85.3144
89.8878
92.3746
112.495
132.312
295.656
87.9021
135.584
90.4947
73.8186
83.8136
292.077
110.403
69.6023
83.6475
109.181
292.972
85.346
122.817
117.8
78.0722
109.69
52.3958
56.0935
83.6121
67.3304
66.4913
86.9785
287.601
180.769
72.1766
120.513
89.0211
128.987
75.2014
103.628
86.0883
89.4694
71.1361
141.19
83.2733
70.46
72.0006
139.959
62.549
107.728
72.1034
287.612
76.8807
82.0128
71.0359
93.9871
85.6962
100.936
93.0886
96.9391
287.641
94.3976
290.985
60.7575
85.1044
83.2532
299.936
84.3829
299.925
128.293
89.8406
103.827
156.085
101.475
89.448
109.003
103.335
78.439
68.0344
75.4049
123.011
78.4812
84.1659
73.2828
91.5171
132.687
99.2539
116.456
78.9283
298.314
101.276
90.233
316.103
54.1865
299.904
77.4097
280.307
77.0498
105.175
92.8181
78.9568
234.057
70.6946
86.0242
271.946
93.1176
132.64
95.6085
278.626
80.3261
293.115
291.445
84.245
82.152
99.341
70.6916
93.551
102.146
291.513
59.5602
83.0529
291.336
105.394
174.169
76.4919
92.381
128.685
93.5234
125.96
119.386
290.208
58.6934
299.945
74.4405
299.946
82.9188
60.3777
83.9403
106.103
114.873
114.87
100.069
91.9108
86.5464
257.822
94.1365
61.5173
134.077
102.572
94.6974
54.2276
299.797
291.299
104.392
84.2908
101.264
295.692
86.3989
70.6705
124.989
98.9301
299.275
73.7571
112.424
88.1139
114.588
299.402
81.209
81.8255
91.3909
105.682
149.486
76.7892
81.7313
59.6556
290.245
82.5749
86.545
89.4117
83.8334
56.4045
74.7264
88.9179
92.8247
299.7
70.6177
167.665
74.4606
167.241
81.436
65.6971
162.781
84.314
77.2216
84.5831
299.958
129.414
85.3928
101.914
69.4573
75.6224
107.262
82.4452
151.047
175.222
82.6699
75.1366
83.8601
234.891
67.0384
121.405
93.8055
64.5821
78.0422
94.0583
88.8185
94.9403
97.7613
69.3814
85.7888
56.9862
73.6305
95.0922
86.8174
55.937
125.989
65.2049
83.0216
86.3754
117.756
128.409
70.5415
56.7927
121.416
99.9528
97.4157
93.6126
88.948
81.1401
281.623
132.499
76.3919
101.002
144.917
297.948
99.3682
99.8904
84.5622
69.9849
70.5787
92.1276
99.7517
160.336
299.863
97.75
285.784
81.8308
71.9391
101.138
92.6676
290.754
133.064
90.199
95.4841
82.2928
99.7787
118.997
136.93
114.065
58.546
99.5373
150.99
164.648
107.799
155.373
95.385
142.471
88.3867
84.1303
285.812
57.4168
82.9857
120.722
290.908
79.0936
112.301
292.848
65.4132
154.054
213.422
98.5466
92.3394
110.714
125.014
116.674
93.3968
89.8203
89.4371
76.8696
71.6345
82.3713
143.517
89.2395
123.512
104.133
88.3707
139.238
70.5164
173.088
101.121
145.597
111.86
149.382
296.186
95.7263
113.025
57.7618
289.646
107.338
149.288
296.77
99.5457
94.1228
289.432
68.4173
152.936
83.3434
82.8592
87.8597
92.9851
137.295
98.2036
74.3823
93.8429
90.023
133.302
57.9757
137.317
288.492
291.883
288.619
91.0892
280.126
289.658
152.809
83.4836
117.1
176.418
113.39
78.1296
148.265
122.763
141.483
89.7605
299.982
104.401
85.2403
78.7251
97.699
87.6705
57.2346
168.473
109.898
80.4332
126.366
61.0242
276.365
94.6814
278.152
285.546
132.447
290.235
105.682
299.199
85.9259
107.325
88.6887
299.703
106.933
82.7222
70.0631
72.9496
287.513
297.938
77.9909
205.034
83.9655
179.154
79.2974
95.5792
105.305
93.8476
91.7169
130.602
87.2036
151.359
81.8109
151.341
60.2563
95.6695
58.4404
90.0539
90.9314
91.819
181.23
291.674
299.599
86.7294
89.4105
108.163
96.554
297.487
75.4606
292.214
95.4746
96.5851
280.588
162.079
75.1709
86.3626
169.914
97.8711
75.8294
117.66
77.8372
291.334
88.1507
72.036
119.885
70.1706
126.856
97.0137
93.9014
288.848
135.577
114.927
84.1158
74.7335
57.6004
81.813
169.284
61.3926
92.223
99.0353
73.8333
110.026
90.4932
75.7427
93.5928
78.0104
56.7045
119.001
69.6752
83.4058
289.834
94.7794
86.2058
150.353
68.9439
147.44
179.747
93.6275
181.892
69.5154
90.856
160.382
86.0954
172.573
94.0477
100.392
100.778
115.726
143.007
125.876
284.168
127.108
179.359
83.728
279.177
82.5115
75.9327
99.4747
157.432
81.652
54.2288
63.3919
116.104
104.076
79.88
72.668
281.648
88.6002
87.2765
92.5429
104.662
109.043
82.6139
56.488
83.8479
277.638
116.151
299.895
159.903
61.5058
104.134
62.4422
172.497
109.927
87.7619
174.734
100.261
80.8216
82.6322
151.598
167.059
179.104
85.943
74.7803
184.347
94.1051
126.218
90.7863
157.805
85.7524
106.084
78.1884
86.4395
150.993
88.8356
145.971
85.4222
78.4043
106.808
183.734
108.71
56.2576
83.5251
104.92
98.2495
250.07
57.4085
89.1167
189.891
114.426
74.5464
109.124
56.0408
115.433
67.4001
136.609
87.7332
103.381
115.108
106.699
165.774
87.0326
116.893
103.161
90.3313
159.99
299.993
83.8207
81.4712
165.377
83.1303
159.127
109.132
81.5691
286.185
112.356
299.687
97.2495
93.085
62.9771
125.92
78.8748
70.0258
66.9298
199.509
83.3658
178.061
132.774
116.679
141.309
93.2085
84.1544
77.9396
123.068
127.63
75.0861
89.647
111.586
102.713
120.34
147.067
197.319
86.7947
90.9759
299.779
88.5851
141.149
122.092
292.56
135.688
90.6581
67.1008
198.494
158.752
82.3566
93.5417
87.8751
99.0866
72.3328
245.651
293.926
147.068
202.095
89.4033
134.213
114.727
88.2527
298.79
215.184
114.882
71.3112
103.585
92.5142
93.4552
114.906
83.4403
161.101
151.102
189.939
100.39
98.7466
69.6288
82.9946
87.6854
85.0629
240.253
68.8426
94.5646
86.2343
87.0228
101.624
194.08
193.321
83.6988
67.031
104.543
159.378
103.369
299.052
171.679
82.7781
70.3621
122.074
187.789
101.906
67.4254
145.243
80.4241
96.8281
160.635
67.1294
83.6613
79.9349
283.417
91.7431
91.4312
109.031
280.714
91.2782
84.7655
281.864
210.102
286.708
81.9786
186.513
84.9794
94.6409
161.836
299.781
154.767
163.864
65.0449
191.804
189.192
124.041
63.5365
76.77
76.7691
105.961
140.742
102.729
148.602
126.761
150.602
79.9891
74.6072
103.67
86.2655
106.1
113.574
138.554
101.751
83.7178
299.789
274.381
72.9842
63.008
98.458
91.0397
107.546
88.3137
60.377
92.9977
76.0821
54.1152
118.436
81.8377
151.415
281.46
298.776
279.797
60.2873
72.9556
95.8636
99.3058
74.6143
94.7912
120.141
192.382
193.393
82.2772
159.394
154.89
93.6513
119.316
147.201
299.4
298.081
298.267
299.215
299.313
297.158
299.647
299.591
297.431
299.115
298.896
299.7
292.746
298.461
299.744
299.469
151.125
70.9506
298.619
298.753
92.9713
72.6514
91.328
95.3882
84.6273
112.699
81.602
121.368
91.3762
79.386
89.6423
81.0398
83.4528
218.699
89.4187
112.529
296.193
86.9151
193.164
288.526
79.2429
87.5305
300.015
151.603
82.4603
81.4285
87.4045
78.7904
83.7602
84.1567
89.2501
68.6491
119.743
153.903
155.619
82.9317
80.9297
134.053
110.689
101.27
150.517
159.627
89.2624
110.886
285.812
299.838
293.296
154.156
295.132
87.9941
100.487
122.052
83.8963
88.2806
109.371
78.795
105.844
82.3157
299.582
66.8777
281.615
114.933
294.658
90.201
85.3889
83.4415
106.427
90.394
118.914
122.963
297.471
143.334
82.1206
66.1888
83.6247
69.3935
300.075
85.9456
79.304
268.183
298.032
84.3728
200.756
152.914
71.9482
85.404
289.779
115.972
131.044
93.8391
87.2059
75.0671
85.1319
57.8452
83.5058
275.643
78.3825
115.797
89.4425
83.5541
56.2896
97.2486
95.7192
87.8804
99.2937
151.493
57.7427
80.4319
161.725
98.8141
95.2155
91.1981
155.84
174.56
148.002
147.975
148.585
74.3825
99.8802
69.7345
161.66
170.593
147.142
72.5881
195.027
65.6981
92.3574
83.0515
57.3541
83.5752
107.984
85.1373
299.051
78.9863
70.3818
132.812
223.965
161.898
82.5101
176.497
84.5387
115.373
90.9205
153.449
95.3101
298.757
100.594
144.693
146.342
112.233
93.8408
53.0865
112.058
292.361
89.6565
75.9423
299.814
89.446
163.584
94.7507
90.7886
145.65
151.383
133.198
93.2943
89.5905
109.939
69.2061
93.8523
77.078
107.9
149.603
131.847
86.4898
299.434
137.66
61.1218
292.072
152.77
64.289
154.556
299.498
82.3701
299.51
150.524
55.5858
86.0878
284.862
88.6717
84.9935
288.813
297.789
88.1984
285.585
299.484
68.4271
148.965
298.747
140.697
152.048
69.1374
73.4661
164.111
52.4141
195.884
89.4264
69.3793
113.914
293.552
158.534
148.767
74.1306
74.1485
74.236
281.23
83.2318
90.0769
291.054
152.847
73.2068
72.4846
293.889
137.755
98.8572
117.547
76.2
114.983
85.873
159.629
150.243
142.227
92.5235
151.652
123.329
299.611
146.8
185.442
132.608
73.8123
95.75
156.859
142.777
188.962
285.125
82.8422
103.838
296.839
128.468
207.965
148.263
65.0509
117.66
154.284
87.5426
145.234
128.658
71.0576
280.627
94.4853
153.484
104.689
96.6663
299.751
155.926
145.987
88.3509
147.713
146.068
148.416
117.963
143.444
207.68
297.973
132.679
75.9969
94.8371
148.071
66.7811
81.5675
85.0317
299.916
90.929
60.0595
73.5638
79.4227
154.108
156.763
106.498
97.7551
143.51
85.2168
154.549
143.898
146.04
152.288
152.684
173.97
146.526
78.1923
95.6618
143.491
92.6882
278.03
86.1284
100.776
83.9882
67.6599
91.8183
101.021
85.4947
76.3809
136.275
70.6323
86.6212
153.071
86.661
84.3323
143.633
215.363
70.094
158.031
210.941
88.797
144.924
87.5435
159.361
159.638
100.731
295.088
146.244
145.18
91.9375
85.8296
86.6249
65.2419
296.379
71.8657
88.9092
73.2629
291.682
149.248
149.402
65.4279
94.5518
91.6527
144.397
142.25
92.7647
76.3099
155.943
82.1336
166.006
153.015
64.0344
296.212
105.037
140.613
205.276
288.709
92.2733
59.2529
128.297
73.6365
289.086
73.8409
87.0863
74.0999
59.7489
296.478
290.203
298.971
52.9633
120.706
241.881
101.257
91.7658
107.21
133.5
85.4798
55.9614
133.946
144.403
79.0836
79.3296
56.672
155.452
96.1783
127.292
63.2609
100.126
99.7614
82.2365
73.079
95.4765
92.3626
90.8278
83.8124
158.387
78.5449
149.603
76.2076
82.8201
278.849
110.194
83.6014
99.9752
71.987
121.084
72.2408
80.2686
84.25
66.9659
103.72
84.6245
137.466
192.438
192.551
90.758
81.8676
181.458
72.7652
123.184
87.2367
75.5861
111.175
281.163
90.0851
88.8611
65.7585
87.3237
147.377
88.1395
74.0544
95.2644
299.425
76.0694
131.628
289.788
83.8701
298.578
295.653
136.267
119.166
108.531
96.7897
290.947
85.0546
138.603
107.363
299.298
299.088
224.619
299.189
298.246
297.154
299.632
298.057
292.718
298.442
297.457
298.889
299.723
299.682
299.576
299.38
299.448
87.2654
298.73
83.4108
298.606
293.747
144.832
99.127
95.5263
146.711
78.6028
286.44
79.1058
154.638
92.3693
78.8972
296.186
108.973
120.81
235.304
55.7607
128.512
132.608
277.125
137.426
107.418
94.4059
134.346
87.5282
168.44
153.023
87.8497
86.3923
111.863
104.57
83.6152
118.837
281.652
91.4622
100.087
55.6851
90.2516
88.1011
78.9946
80.4079
83.4408
92.2382
110.535
137.383
88.0879
299.848
90.0148
94.717
153.207
299.971
158.063
148.913
88.518
114.001
78.9668
87.2581
87.1988
76.8107
91.8083
88.8782
104.894
57.2162
94.446
89.1555
137.547
71.0528
55.8543
78.3631
55.9596
94.5786
281.244
299.961
91.4302
109.052
105.876
101.933
80.2693
106.797
138.845
92.2408
120.935
151.654
81.6092
90.114
116.781
93.002
284.654
321.885
209.043
76.7509
108.459
53.9183
199.832
59.4158
77.6981
70.3207
82.6179
148.881
76.4303
92.4013
111.969
299.333
298.167
297.982
299.151
299.542
299.223
296.998
297.269
299.655
299.052
299.599
298.366
298.808
292.449
299.708
299.415
83.167
298.526
298.672
70.3587
155.687
76.6781
88.0951
95.5871
86.5327
298.301
151.331
123.919
79.541
65.7007
111.915
70.1564
296.028
66.9783
77.3876
95.1907
299.711
98.6769
142.361
79.8807
84.2348
84.6141
79.3916
135.592
72.0809
74.4762
148.404
275.494
83.6924
127.3
88.0269
268.89
54.5747
83.4597
68.4665
82.1925
285.356
299.802
293.005
298.884
65.7221
295.128
208.658
287.507
132.647
71.8356
98.997
70.0867
70.1929
83.2479
298.622
83.4702
133.551
73.4148
295.173
295.92
130.266
90.9818
102.375
67.1625
151.453
69.4682
73.2185
78.0328
87.6348
83.2831
74.9613
139.337
78.6284
295.273
273.9
279.336
90.1522
87.9009
94.4113
67.8607
97.58
86.5488
299.63
81.811
83.0978
87.5213
109.463
299.047
287.097
78.7177
267.38
80.8872
100.303
299.683
297.317
90.2605
299.812
79.6442
111.718
91.3839
292.514
297.055
81.8633
84.4514
83.6547
95.3539
145.284
103.243
136.709
299.858
80.3343
82.7077
144.268
287.717
82.3883
82.4802
280.217
276.027
78.8734
275.488
72.8077
72.0687
88.3305
55.5445
92.6564
76.9297
294.393
78.9727
295.155
76.6335
168.331
78.3183
288.214
294.323
76.114
291.448
78.9315
267.909
52.3801
60.134
70.6645
297.736
75.611
96.3042
96.5702
299.914
72.5213
82.9584
79.0281
75.0901
209.995
77.9351
125.789
80.3421
75.5502
148.984
213.905
135.168
90.8773
299.656
76.7372
86.6147
66.1966
294.646
92.3327
78.5828
58.2351
69.212
87.6529
299.976
140.503
78.5071
87.4224
86.7266
116.058
195.547
202.609
76.8621
299.838
93.9296
296.275
88.0918
70.7963
88.0999
289.709
294.272
149.557
73.3872
211.168
145.162
295.405
83.8143
55.5387
75.9175
290.941
65.8347
96.8763
65.0824
278.628
89.5822
130.509
77.2355
89.2792
86.9345
208.291
295.468
135.391
294.251
53.4957
89.9995
93.9722
298.755
298.489
299.496
77.8177
289.929
82.5735
295.351
53.1967
75.0403
79.9004
74.9023
79.4047
96.3045
91.4767
74.3208
128.455
61.2695
76.2326
80.9567
72.2069
135.231
84.271
79.7663
104.006
267.176
70.3623
73.445
111.502
87.7682
184.359
79.4052
135.066
65.4209
83.3876
105.919
292.398
78.1339
110.145
105.737
147.496
71.1353
97.2474
63.8518
71.0524
136.627
56.0978
299.203
110.396
81.881
71.9172
82.9573
78.4659
109.256
140.05
55.6326
81.845
84.0653
158.591
56.273
56.8157
271.905
85.7943
91.3346
81.7175
107.021
84.2482
277.222
88.1756
223.878
88.5362
54.4255
87.7249
294.811
87.1658
224.594
55.5417
285.439
87.1113
54.0637
55.1036
88.0612
74.1585
82.5594
298.905
88.0272
288.267
120.884
88.8715
87.885
77.8467
284.453
85.4613
54.67
144.56
86.6867
105.714
108.837
89.3277
168.908
88.6197
79.4943
297.05
78.3524
110.811
77.3581
114.804
84.2654
296.041
67.1014
70.7384
292.99
129.555
105.788
136.114
87.2739
83.8393
274.619
90.3848
81.301
91.4208
100.884
86.2559
77.1498
133.14
93.1947
78.9261
76.2206
71.46
96.2798
98.6349
286.01
87.5002
70.8939
139.247
79.171
299.374
132.77
275.666
299.551
83.4057
88.2809
293.291
126.743
231.173
72.7387
79.0967
88.3313
79.3465
85.9021
105.644
84.7862
87.6584
297
73.4765
118.826
92.1849
119.313
143.393
101.34
94.7184
73.4397
138.089
54.898
93.214
70.2595
289.307
87.836
94.3271
76.1221
137.598
144.222
55.4254
281.353
83.1879
100.58
119.754
77.2586
74.238
53.0845
269.929
80.8365
299.798
56.2454
73.5265
83.2013
283.079
299.882
76.3289
83.4694
124.739
110.114
82.2697
152.099
134.347
141.63
83.2372
90.2944
272.777
66.8167
87.4204
147.795
90.1501
82.4867
87.9704
74.9591
82.0065
87.924
70.7729
67.1776
85.8911
82.9739
109.216
76.4024
84.0147
55.7546
75.4589
98.5634
298.317
296.387
84.9317
55.1021
292.839
82.5741
67.8922
77.8127
144.526
70.9212
114.65
74.4313
81.5126
117.985
70.8096
76.4659
91.4537
135.598
112.723
93.6049
287.85
297.894
72.183
83.1042
76.0833
81.8952
81.4298
299.25
212.387
89.5355
76.5138
298.62
280.417
86.5173
119.437
80.6563
299.905
76.6807
110.856
292.345
83.5717
91.4096
299.929
96.2289
55.2857
93.2187
299.638
76.7947
89.4322
69.7499
291.015
86.7142
83.3252
78.8483
137.37
76.0438
84.2561
83.2657
292.532
101.102
57.4221
150.38
71.4057
95.4134
73.7386
56.0145
298.297
84.8946
82.0782
299.069
129.55
299.89
88.6251
216.756
74.6291
105.394
94.7899
90.0428
67.8171
300.014
86.4719
76.7405
78.9668
72.7863
73.926
86.6942
101.305
55.9491
299.98
68.8731
76.8679
290.198
96.8629
298.236
298.417
298.607
84.579
83.2124
55.3449
87.9284
55.1439
61.1761
110.503
131.105
87.9293
84.5156
79.1421
78.7754
77.9411
297.105
110.011
88.3108
90.4712
84.5759
299.152
70.1582
101.885
74.8905
296.281
62.8236
288.557
75.8831
82.624
79.9767
81.8938
147.536
70.113
73.7015
80.4821
148.573
297.072
78.0861
95.4338
88.3954
71.4347
84.6849
78.92
278.133
137.081
299.804
96.293
124.193
266.72
56.4938
80.1853
71.3443
72.7146
80.4492
74.7731
92.523
76.1889
98.418
298.791
99.7816
297.246
77.2854
77.3413
80.489
140.022
83.8475
76.5464
84.472
77.0327
132.98
299.885
298.549
86.5788
87.8806
149.03
142.56
70.6529
216.93
295.468
74.6962
80.3866
111.784
299.955
78.3124
79.9953
83.303
151.083
75.9567
106.718
148.344
75.4152
57.1699
90.3611
74.2586
74.0724
191.617
71.3163
70.0778
161.167
78.2912
298.982
75.4952
298.535
101.393
100.476
74.2655
88.002
89.4982
100.242
82.0411
73.5274
72.1322
86.3385
71.2304
78.8857
145.788
299.575
97.5541
151.134
147.402
72.2912
297.045
85.8344
104.361
76.1573
80.4379
89.4463
299.673
73.1254
77.6222
78.0663
85.0694
75.611
75.3193
95.3752
210.464
73.1682
69.5764
78.2742
69.9919
295.7
277.811
78.5166
299.184
79.4812
85.2979
299.521
121.09
73.9842
299.576
296.727
62.6019
299.511
89.6896
212.295
293.101
88.1196
87.9103
104.287
57.5077
71.683
80.3272
123.47
149.6
80.645
75.6291
267.634
72.4851
160.252
149.164
85.7125
73.1756
72.1202
151.039
94.6354
73.8381
98.5544
101.613
82.1621
150.514
82.7236
111.58
97.4098
88.867
89.5772
298.052
85.1955
71.9975
80.2119
115.081
71.0861
83.8554
93.8891
297.622
77.2352
97.7958
299.942
97.6344
80.689
76.9911
77.7151
79.6823
77.5202
94.4455
81.5555
148.281
100.929
293.049
118.588
95.3767
82.5522
160.202
70.7502
95.4391
79.9173
84.9399
116.804
74.7158
154.617
76.3892
293.169
104.818
147.846
55.7627
80.6404
83.0882
299.498
57.5038
98.6089
84.7287
80.9263
101.563
84.0046
74.4869
298.67
85.8484
100.582
297.282
149.921
284.763
85.662
299.694
56.1486
89.3997
87.6915
81.6928
91.8375
109.035
87.6996
88.1044
82.0277
124.523
91.4139
82.4135
73.2099
85.2967
79.0702
293.01
293.998
79.5562
293.979
297.229
87.7426
62.8696
76.4502
85.1501
82.0978
84.8526
74.9384
83.7435
283.683
82.5816
291.367
80.8498
250.838
151.764
76.5837
85.1759
117.91
72.0876
82.0528
78.1084
85.0065
79.3979
160.394
99.8608
116.048
148.278
103.754
120.506
73.7554
87.8294
282.575
83.2507
93.3931
276.046
73.5503
117.64
56.8231
82.9679
101.984
290.846
83.6216
282.796
298.67
81.7331
78.7129
85.9034
81.3888
273.449
78.0404
299.233
79.3357
80.6635
121.954
277.459
83.5846
112.608
295.144
109.142
87.1466
92.2935
297.177
82.6815
77.0908
88.9005
82.2121
88.031
79.1034
85.1331
71.3731
146.13
136.15
100.777
84.1198
73.1788
298.06
85.6752
76.6577
151.949
89.4137
299.418
84.7618
83.6266
83.0414
99.3714
75.2321
88.113
74.4379
116.433
77.1148
124.365
82.4265
76.8985
79.1718
298.364
201.532
83.0584
119.38
152.004
76.7424
73.0752
94.5475
291.779
76.0181
76.756
83.1375
86.3076
74.2562
73.6789
76.3769
76.8803
80.8161
297.516
77.3207
89.9347
298.052
299.714
124.629
148.541
82.9575
83.7467
84.4153
82.2029
125.033
78.1396
79.811
88.2713
299.756
77.9672
68.1937
77.7527
290.984
89.4637
151.073
77.4401
84.1343
127.462
170.316
132.944
85.6615
78.3867
286.081
71.0169
153.631
82.2354
78.8574
82.5697
77.4232
150.42
99.0305
87.9163
76.2314
76.4802
105.11
75.1361
71.982
75.1629
86.5422
75.0757
298.658
94.2311
148.038
78.785
116.128
84.8472
292.867
92.2214
101.316
83.4939
96.7728
90.8509
80.0697
169.892
172.505
71.491
81.2777
83.5831
111.184
282.916
98.5311
65.7018
158.661
122.411
93.5491
61.7338
96.8838
77.4171
89.5656
98.2606
82.9617
119.565
76.5859
299.649
76.019
81.9151
107.297
87.7811
299.253
82.9042
75.6125
82.7849
81.2331
157.073
74.2737
75.2063
72.9463
57.9538
104.33
98.5122
115.172
94.7377
74.7318
77.2411
91.3141
76.142
77.9984
170.682
93.8893
77.9237
82.0749
75.6961
72.4605
87.5214
71.1483
77.3365
71.2454
74.3131
138.42
298.71
131.552
72.1387
70.6807
86.7724
100.714
103.73
79.3246
75.5409
70.474
72.4593
79.169
155.162
151.878
84.62
75.7284
73.9398
73.3362
73.0151
299.637
72.9344
155.838
73.4026
94.0378
55.3585
86.7902
86.9225
81.0182
90.5905
72.3356
70.8232
74.0389
71.7657
69.8154
73.9553
72.8877
91.8146
73.2855
73.8618
72.781
73.2725
66.9337
67.3337
131.809
72.7461
117.847
140.656
84.6048
164.681
76.3822
76.3745
78.8854
77.5784
123.975
72.6203
75.7589
93.3406
78.3758
153.486
76.1256
128.171
80.4487
80.7797
85.3172
73.794
299.06
84.9353
77.4343
105.099
83.0663
84.0105
77.4853
76.3162
83.169
83.0195
296.996
90.7155
87.8293
90.4172
83.0374
74.1905
82.086
97.7164
155.485
298.201
160.741
291.373
155.936
78.644
289.017
87.0797
74.489
78.2349
109.942
88.1819
291.347
98.4526
106.982
75.0099
74.6223
74.8186
94.632
91.0338
92.9714
86.6037
86.6065
78.9423
122.822
108.642
106.156
80.8331
111.986
86.5444
98.9064
89.8876
201.172
78.9943
74.394
74.8267
74.6478
74.897
90.6924
96.294
80.4969
289.995
119.962
81.4836
80.8732
81.86
294.338
89.3523
82.938
83.5917
83.416
78.1378
92.4779
124.344
81.2194
81.1725
75.741
120.021
114.562
268.61
151.442
115.194
81.5479
101.907
78.8354
79.9751
75.9423
109.689
122.896
84.4336
80.6695
76.4913
55.1399
298.033
129.29
73.4409
82.2317
85.9883
76.4528
55.8594
87.3035
134.101
290.044
82.0432
109.842
297.889
101.24
82.3399
84.7903
294.434
84.2404
73.4696
80.2459
123.47
83.3335
143.449
77.2374
88.5577
216.42
93.8537
78.7137
105.309
79.9317
129.651
69.3643
81.5757
156.996
89.5486
137.055
80.9533
156.06
73.48
89.5462
71.5084
80.7673
86.0501
291.333
94.7848
78.62
115.318
79.4701
76.1843
99.1574
79.0933
298.775
149.799
91.4094
286.947
129.766
74.9427
83.3765
79.9778
78.3234
100.187
82.717
157.441
84.1784
79.6207
86.8824
75.4468
102.977
79.1274
85.4323
280.714
293.922
90.7858
289.363
117.932
85.7674
88.029
155.267
81.2962
137.635
78.2867
92.3915
99.3374
94.6936
149.765
79.9505
66.1637
105.936
83.6988
79.6632
83.3252
294.33
64.3881
121.887
55.3803
296.45
149.27
299.75
63.2196
92.0035
88.8387
291.294
80.0491
79.7201
290.703
85.4525
140.993
92.6092
75.436
96.364
294.598
210.506
93.8083
86.3872
94.227
126.596
119.477
97.8857
66.8226
78.0341
75.4463
84.4749
132.804
299.984
80.9893
75.6488
89.3602
101.326
84.5498
66.7794
92.4113
73.4378
85.8838
83.3886
298.519
85.5318
73.1699
147.27
295.465
89.54
71.9623
279.54
78.7603
84.4318
72.3306
94.127
111.5
55.283
295.626
84.3835
93.7198
157.973
94.1267
93.4747
109.13
109.359
77.7928
79.075
93.17
80.1962
78.8357
79.748
206.722
91.6296
80.7634
82.9819
83.3613
85.9887
80.5488
299.742
299.061
75.6212
89.2264
81.2929
93.5792
88.6165
119.155
91.6216
296.699
299.583
294.441
104.709
92.4061
288.992
166.423
87.8916
299.683
83.343
296.355
80.3461
90.6884
102.037
98.5505
94.6794
76.879
298.455
86.0718
70.3987
79.5655
85.0412
299.866
72.2028
78.4685
76.9419
69.3635
115.92
117.346
113.557
91.6582
72.8773
94.1804
78.2554
89.8636
88.1699
75.7841
75.3331
68.9023
135.129
87.2046
92.5841
107.762
69.2923
84.4407
298.042
100.615
89.3293
74.762
62.8067
77.6265
75.7672
85.2339
95.319
101.058
74.5805
75.7347
82.2909
293.614
85.0387
75.5122
70.6295
150.324
94.8056
84.3294
75.989
85.7714
300.041
109.599
65.1469
98.1336
289.476
105.345
92.842
299.705
292.415
73.2694
107.335
92.7448
85.2529
96.1442
91.379
75.719
125.008
117.035
295.766
78.8826
90.4348
141.007
78.2928
73.6902
293.98
92.369
75.819
65.6124
76.9819
86.1261
160.668
90.689
100.596
76.3959
112.57
86.1252
76.5684
116.298
73.6687
285.293
87.1035
79.3636
299.39
84.1754
144.797
85.2709
91.0419
100.975
75.9725
89.387
78.2437
137.027
88.0369
271.22
85.6725
86.7937
92.2741
95.1522
79.1326
299.96
139.927
81.5898
292.085
148.247
128.437
296.174
75.6298
159.513
104.931
85.0146
297.54
299.653
292.5
89.6249
88.059
123.101
96.1394
75.9993
89.5858
81.4958
84.573
89.2852
78.7318
94.3297
74.6885
73.5554
79.1223
107.869
111.269
58.1359
108.972
135.407
139.249
76.6848
72.2976
106.252
89.0623
291.534
86.951
85.2033
77.6693
141.53
79.2242
299.046
93.0742
113.348
75.0183
105.373
74.7818
55.5638
299.238
78.7641
85.0854
80.8983
109.217
75.5772
299.967
78.4415
297.174
77.7258
75.5715
84.6304
66.668
295.101
66.7715
129.13
298.107
82.2153
89.6498
89.7595
121.402
79.4488
75.1771
96.3204
77.2766
94.6497
87.1526
86.5612
87.4969
79.7639
83.8492
112.133
77.2457
80.0458
107.923
74.0732
76.4074
77.4713
94.678
77.1301
296.334
82.5052
94.8714
64.334
84.3056
76.4007
78.6391
76.9914
86.0665
110.332
206.709
101.75
66.2146
66.5534
94.0537
84.9525
93.0142
81.0952
82.0006
114.859
77.1677
294.156
76.8004
175.396
75.1536
90.5774
78.0705
79.7841
299.048
81.393
92.1967
85.0244
74.5535
89.0266
78.1677
80.5129
83.6554
92.9846
75.088
78.0489
92.8547
89.0703
83.7704
84.8515
79.1421
76.3698
91.5059
70.8155
94.5995
69.5139
94.3835
89.5216
279.931
84.8059
298.491
155.527
87.2852
171.555
81.5545
117.402
90.8456
172.33
79.5068
81.2927
296.58
74.0553
93.674
110.671
75.4409
299.847
293.587
81.7837
73.8385
108.424
117.444
84.0357
78.8327
86.0994
96.1867
94.1938
76.8634
80.8227
127.608
104.348
296.997
75.536
79.5018
124.73
77.0209
56.4394
112.497
82.1941
295.542
80.6415
94.8064
86.8213
154.656
216.662
96.1212
88.2816
81.1405
73.6367
299.564
81.7806
55.0765
80.049
97.7348
113.625
112.17
114.283
65.8428
116.341
295.91
104.958
80.578
93.0194
132.229
92.9815
78.8795
66.5929
97.6356
102.583
119.411
79.3791
93.8383
107.204
294.699
67.0812
78.1854
84.3378
66.6403
77.8943
168.291
69.7831
297.526
82.1713
114.785
77.9198
95.8258
239.229
75.1799
94.0564
297.782
104.093
106.665
90.4868
86.0611
116.861
93.0393
108.349
66.043
298.377
84.0219
293.232
91.3285
63.8453
131.171
64.8676
89.596
113.578
123.013
273.865
104.987
100.282
59.0994
76.8597
84.7899
77.5469
79.8754
73.207
88.3136
77.3407
100.888
59.4549
65.9202
298.147
80.8886
100.754
113.74
298.357
75.154
298.051
75.8595
298.512
111.435
289.442
83.3008
77.2298
75.245
73.1921
100.556
78.1341
70.0423
81.1678
76.9698
72.1308
82.4639
87.1294
71.8877
295.294
75.4243
78.68
297.632
107.649
294.839
112.524
104.911
78.9655
298.863
79.7746
153.158
76.6991
75.6534
299.539
103.935
84.877
84.0968
66.2413
299.92
70.7829
57.9463
80.389
271.03
119.135
74.8607
72.8159
81.7434
133.647
111.911
76.0207
294.216
105.742
90.3739
78.5667
170.163
117.132
76.9913
299.059
299.576
94.7229
84.2629
90.02
290.029
130.247
89.2165
299.184
113.98
70.0473
75.6829
118.827
277.075
270.749
72.8972
113.716
85.3393
152.623
55.0481
297.305
55.129
68.9602
70.8951
104.288
101.752
87.2139
75.1139
81.1828
96.2355
120.899
159.87
74.4018
81.5998
78.7505
298.791
294.449
99.9049
136.086
284.627
114.076
89.012
299.942
79.8743
123.149
295.727
100.397
110.819
116.137
136.843
85.1349
80.0829
295.723
70.8126
90.2294
77.8739
69.5155
68.8449
163.333
288.464
284.394
81.2933
107.08
110.95
111.525
99.9775
75.5957
298.725
78.1603
295.027
297.501
75.2862
295.996
82.4907
76.4169
59.739
153.873
110.27
120.559
115.24
156.01
297.389
98.1118
111.148
299.881
86.9222
118.846
279.925
174.521
73.977
82.2034
90.946
96.3809
282.043
282.753
100.223
93.9272
77.0261
125.063
109.254
289.298
279.183
128.141
88.5087
299.751
96.9499
106.184
76.3136
296.648
88.2885
92.2806
121.536
74.4531
82.7567
85.099
272.424
94.9245
278.287
71.8686
76.0962
81.4848
100.9
198.415
79.3532
296.955
219.612
74.312
74.9671
81.174
123.038
133.736
99.6482
126.992
107.813
148.409
282.512
73.7633
54.1793
60.6094
59.7783
87.7416
108.813
107.477
295.68
81.0544
63.452
106.49
138.774
72.7629
122.793
99.5341
94.1753
73.7745
112.037
89.2193
98.7007
128.951
118.621
79.4169
75.0834
84.3765
107.325
79.1245
123.775
67.5366
140.597
79.8218
109.439
299.789
94.1935
170.205
96.8839
75.752
70.8557
299.952
169.839
96.7715
116.548
64.1838
73.839
90.6471
107.273
179.128
287.962
79.5542
281.459
129.829
68.9778
297.184
90.9613
73.6436
140.6
265.893
296.089
125.782
83.7643
111.278
74.0704
139.852
88.1853
275.544
94.566
293.291
85.044
74.4775
131.275
291.885
83.3216
104.898
84.2716
297.886
107.649
113.868
73.6124
53.9424
100.286
93.5367
299.606
299.875
118.894
133.703
74.4459
299.923
86.095
94.9562
198.919
125.427
101.527
131.331
298.263
63.7964
123.792
99.0482
299.049
76.3374
72.8175
291.148
90.5711
111.202
59.3863
169.523
83.2875
130.367
74.5298
124.739
84.8984
134.071
283.985
97.1797
128.035
76.6086
90.7613
299.567
82.2985
93.2571
82.8993
110.403
131.881
298.589
81.626
76.7988
103.861
72.3244
123.949
281.283
114.721
299.718
86.3569
200.665
81.23
81.2598
89.6295
160.536
297.991
96.0171
140.261
299.967
87.1231
127.479
94.8887
85.1144
70.8858
98.3976
128.756
82.0259
99.0519
132.548
167.634
83.5993
126.47
100.513
169.349
105.707
213.703
82.5983
171.954
93.0664
87.1735
125.765
81.9153
114.484
106.693
299.672
97.0592
91.5929
69.9733
82.5539
296.445
118.297
125.073
299.625
75.2353
295.441
98.7367
157.028
298.965
112.867
89.1392
285.718
130.779
98.5987
76.8412
55.0252
84.4442
118.608
249.694
84.0587
297.021
298.931
163.564
87.5193
83.8982
97.4678
83.2293
276.189
91.4724
110.491
93.7887
222.393
98.7328
128.358
115.583
285.367
75.4024
83.643
289.939
90.2739
85.6458
144.985
90.4473
299.172
102.498
70.1011
299.882
75.1754
94.568
153.366
293.41
83.5105
118.9
121.747
132.17
143.239
55.3143
85.0859
278.815
286.779
141.444
117.215
60.0387
80.5103
76.3037
145.756
96.0718
297.608
88.8046
299.315
158.136
97.4772
80.7477
297.744
90.7902
126.626
54.5226
72.9235
78.3424
71.8179
176.957
131.696
79.0037
102.633
75.0047
75.7104
83.74
299.546
109.849
121.134
125.703
139.765
145.16
299.961
299.49
281.711
85.7613
100.46
130.784
74.4894
73.9727
109.212
93.6056
59.3
112.436
290.688
133.265
112.716
54.8679
104.792
145.967
175.244
54.4147
282.051
74.6464
99.0765
93.4833
94.7622
170.927
82.9027
296.887
298.097
118.227
55.4609
292.876
295.808
81.2924
133.312
117.934
83.6218
80.0995
194.804
85.7309
298.168
173.252
87.5658
94.1261
83.3138
290.3
93.3312
85.5626
299.23
298.347
88.4258
95.1916
88.0172
89.3488
281.555
100.148
299.646
72.848
127.082
58.8936
299.825
97.9907
163.161
279.082
299.866
146.281
99.7697
87.1149
91.4308
129.013
299.745
84.3113
93.5034
131.118
298.651
145.964
89.072
106.303
167.531
54.6346
102.698
89.7952
101.023
293.386
126.373
75.6421
58.6981
68.5493
145.588
114.1
282.873
118.965
95.3646
90.147
109.959
241.07
84.4258
298.832
69.9722
159.283
97.1932
108.389
80.9988
104.702
283.638
113.062
68.3414
59.7191
147.31
82.9
53.714
108.752
104.057
217.42
75.0276
79.3706
145.385
73.7068
64.4316
85.4354
92.6012
133.22
80.1823
118.095
82.2657
107.112
85.6863
119.696
298.298
86.0666
71.1373
92.7864
127.773
132.794
89.6767
135.069
146.137
118.694
296.292
76.2363
102.651
230.52
74.7021
133.097
296.866
74.1575
293.155
289.963
291.269
299.1
133.382
87.5466
299.53
147.592
103.872
98.4786
74.6974
71.5196
95.4247
123.21
83.9143
89.2039
98.041
91.8825
113.981
299.366
113.111
75.4811
179.996
73.6516
299.938
179.557
292.933
85.7876
288.021
111.847
71.0539
118.965
149.74
100.766
91.9536
296.618
188.073
104.293
56.5847
157.443
96.0434
285.841
149.821
291.582
70.297
109.96
113.76
74.6065
55.9154
107.647
278.029
89.0246
132.463
299.74
94.8706
100.089
110.974
74.9697
132.597
117.757
62.1057
106.448
77.0851
115.487
157.464
85.1927
93.2098
113.549
289.021
121.223
283.358
84.2265
274.513
93.7641
74.6703
276.627
69.3459
60.0845
129.144
88.3858
97.0586
277.682
88.6963
116.629
79.5828
284.074
70.8681
111.135
93.2065
120.762
280.846
76.1122
90.0373
112.722
136.524
297.996
110.267
112.511
66.1239
151.118
104.234
80.0422
91.4063
108.972
97.7055
289.403
110.717
131.011
99.8251
92.8372
102.395
96.9296
89.7208
89.3449
116.403
167.305
148.27
95.7383
70.3264
111.29
90.1615
70.6455
107.357
155.043
87.4527
168.03
92.8824
101.349
79.455
98.1227
222.676
282.456
290.066
284.489
109.089
127.591
277.556
145.561
111.404
74.1429
62.4894
291.758
70.2492
83.0014
152.077
75.6056
69.7174
77.3921
107.621
200.126
275.021
119.126
124.179
90.5542
112.799
59.3286
53.915
81.5615
54.6838
74.6692
284.597
184.69
93.8417
106.626
57.0249
278.352
56.5902
103.109
137.183
107.738
78.6339
85.095
75.5257
86.1504
90.8337
106.427
153.397
102.031
107.77
123.048
59.9757
115.323
55.244
278.632
74.8326
62.0875
62.3911
90.9706
90.4062
152.17
299.843
75.1521
88.4777
80.9806
94.03
54.2231
145.066
95.3901
68.0461
62.1948
78.2413
64.914
291.517
149.585
116.261
87.8707
63.4461
266.724
286.343
86.098
118.223
100.766
91.4472
79.3961
57.3153
98.5818
68.8378
276.668
112.539
79.7153
83.1117
294.363
68.5414
93.2182
74.3498
83.2081
69.6548
78.8158
280.665
280.913
112.471
89.9196
300.015
150.98
72.3356
93.0438
101.799
56.3574
85.2004
62.824
107.739
110.223
109.516
85.5345
299.97
54.7664
276.219
151.412
84.0497
76.7411
121.759
55.166
299.996
122.289
82.6951
89.6457
112.268
83.4377
93.4567
81.7459
87.7738
94.2773
84.2301
71.6252
81.4824
73.8562
55.2072
155.454
105.562
151.213
90.0423
106.258
82.7733
95.3908
54.6179
74.738
129.546
127.955
55.2103
91.0461
92.2956
92.8123
77.523
287.479
97.2022
84.5656
105.962
135.46
276.012
84.0218
286.281
66.6838
69.0528
100.543
80.3966
95.6526
91.4959
83.4756
124.558
94.566
82.0857
80.4952
86.8075
86.7246
99.8211
160.469
292.241
112.046
299.465
150.029
276.718
124.008
284.084
298.327
116.633
83.0021
93.6278
121.577
111.278
269.786
91.4086
99.1311
93.8461
102.734
114.998
118.249
69.8862
89.8201
89.9664
100.706
83.3556
86.8997
145.838
110.204
299.706
95.0993
83.7524
54.104
98.1323
226.971
89.0426
95.3032
111.248
94.6592
84.0626
91.7668
84.7368
297.684
85.1124
71.618
82.4864
146.403
87.7207
80.9396
80.3267
71.1715
286.223
110.34
117.916
275.739
88.3841
82.2371
68.8899
91.4405
88.9838
83.595
62.4878
91.9407
90.2643
113.987
88.5171
117.297
285.211
54.7025
84.0443
102.217
287.066
89.2519
54.7773
90.4914
114.761
299.992
143.154
148.121
103.539
89.7581
299.694
89.0241
73.4035
186.335
89.8883
100.001
72.468
56.7942
103.367
120.734
89.1989
256.761
75.7827
101.13
79.5425
299.993
102.19
78.1421
80.7031
117.727
263.62
72.2608
153.205
87.2456
250.368
93.4461
105.001
144.989
99.6348
108.912
109.908
83.9288
80.7154
71.1319
140.45
90.2449
56.9917
79.4039
97.2878
88.5809
96.6946
120.302
135.398
138.9
163.204
120.984
82.3036
141.796
92.7487
81.3136
85.8194
277.3
88.0085
82.6223
116.806
106.845
112.765
88.1511
98.8994
90.3383
74.3761
90.5653
160.05
63.7329
101.698
84.3549
65.427
82.8539
88.1181
75.0997
100.31
94.6328
66.8147
86.4629
92.7974
222.604
72.8117
94.6566
83.4508
54.832
86.7001
105.565
138.483
276.735
71.9451
96.145
83.3284
152.936
96.6388
90.1878
94.4467
107.479
98.6589
144.147
135.022
76.7493
84.4737
59.3839
154.703
170.73
299.991
125.133
95.0803
145.43
97.0095
145.301
95.1893
117.068
135.64
131.948
87.6031
82.4823
108.841
94.8892
96.5861
86.4889
89.7355
89.9271
70.5476
106.376
111.137
142.363
74.0044
93.9473
95.9473
291.566
70.8812
137.978
92.1535
94.2673
89.7463
84.6859
94.5293
298.748
115.453
98.8194
89.2212
295.055
86.7542
63.2072
299.359
148.399
103.474
87.1795
105.145
94.3105
76.2225
65.6739
84.0877
93.4842
89.3172
290.667
89.4027
101.703
85.4652
89.4202
113.947
54.4409
83.3128
86.913
102.461
74.3859
95.0506
85.9096
84.0272
54.6764
88.3131
84.91
269.64
299.847
70.4489
64.2452
87.9976
85.579
94.8315
83.3186
280.396
87.5319
105.2
100.905
103.888
58.5811
77.8262
141.608
87.3706
91.968
70.2014
87.5854
285.879
54.2998
98.2849
90.1932
101.1
100.27
66.2202
94.4915
82.9255
97.6138
101.173
71.5357
88.0186
69.6113
110.304
75.8285
85.2099
94.9216
80.3586
138.57
100.51
297.916
152.11
85.047
96.9837
113.5
99.5821
83.7365
97.0548
89.187
95.1851
93.2434
89.197
93.4877
62.7246
286.523
90.5557
56.4909
78.5494
76.3177
69.2438
107.225
95.306
106.385
260.973
101.176
233.013
88.9326
55.0563
92.2543
105.981
90.0649
65.6975
86.5772
274.029
211.007
96.3041
144.994
91.3705
84.7019
188.982
297.62
76.9687
122.109
90.0041
144.491
94.4795
68.0182
100.682
99.6044
217.88
57.6336
72.767
121.068
75.3125
90.8024
231.935
278.642
274.758
65.474
72.6801
290.837
87.5105
100.091
206.968
107.797
266.033
54.0086
104.112
105.625
98.5699
95.3786
90.3048
106.016
87.8226
90.8306
54.2363
130.851
86.4043
87.2935
90.8812
88.9807
92.9438
93.5269
91.776
92.5383
288.987
99.7834
100.771
75.6988
170.596
107.307
85.7338
137.621
101.684
75.8293
105.031
113.761
75.0677
93.8839
100.696
89.9225
88.7691
144.699
107.796
89.7728
70.388
162.008
101.013
76.0737
85.1208
290.458
273.974
86.0009
86.182
111.907
57.2966
82.6228
83.9634
74.776
66.3888
93.1389
171.48
107.274
143.211
224.362
93.2498
76.2336
87.2829
115.546
91.917
109.035
55.5538
83.2009
147.223
88.3889
273.88
139.337
95.8706
87.0957
76.3473
87.9171
100.833
70.8888
91.5364
89.6841
218.893
285.818
86.2944
103.18
299.427
56.3329
288.914
56.6765
71.0254
84.0576
161.253
296.48
106.242
74.9648
64.9139
145.966
91.2003
60.0588
94.0215
82.8486
104.416
54.0488
78.2824
83.7365
90.1323
84.4887
104.436
299.669
63.3057
54.5973
103.663
299.433
57.0178
103.529
85.5592
75.8331
58.0316
75.7828
65.3304
58.4092
288.203
93.769
144.073
55.1649
90.2752
88.8335
103.747
82.8209
80.04
120.941
95.2303
274.121
89.7246
84.6665
66.5747
101.79
119.881
64.5993
91.2066
89.3322
91.3808
85.9717
82.9561
68.3
95.5991
107.63
92.2181
87.7441
82.379
64.5042
115.106
185.374
299.302
299.459
299.207
298.271
298.614
297.148
299.107
298.891
296.843
299.699
298.458
299.006
299.834
299.788
299.535
298.083
81.8928
297.654
297.882
87.8079
81.9536
143.878
84.9711
65.6021
96.6818
295.688
148.337
128.981
86.8265
128.727
296.059
105.437
296.373
145.342
299.908
71.7775
87.8241
88.6202
84.5544
97.019
83.244
295.257
83.2376
69.6931
65.2699
62.5909
70.2686
96.5937
95.3483
100.884
294.882
298.461
298.295
135.387
92.1464
293.146
287.666
68.4752
182.326
66.5552
65.0535
57.0273
82.7931
299.908
278.324
122.757
288.869
71.3915
79.7888
97.7444
279.844
174.981
115.41
92.9735
97.5827
118.565
103.103
105.341
276.882
99.9809
61.8482
115.796
145.824
105.329
99.2844
294.002
105.553
270.54
75.1641
294.089
291.672
66.8774
94.9206
192.736
71.7639
70.5095
68.2277
98.1099
289.617
55.5761
66.5791
299.858
111.039
119.325
123.012
63.7214
93.4575
86.7238
205.573
124.644
118.2
64.151
73.0543
89.2486
89.8645
56.0889
93.4058
79.6483
116.101
53.9923
74.1124
97.8523
123.163
172.207
293.227
95.6124
115.163
99.4053
72.334
77.8921
93.3986
81.2282
259.886
77.8526
88.3255
93.7226
108.535
66.9192
75.1717
113.136
88.098
106.561
76.0813
110.688
285.716
70.2812
118.344
67.1952
109.163
73.0718
110.616
116.475
147.141
257.775
100.612
74.9311
74.0078
85.2013
225.597
299.945
108.244
75.1495
276.998
93.5988
76.4309
83.0413
99.8429
93.1665
123.217
107.649
65.3086
136.22
112.465
106.094
63.0539
103.295
75.9765
107.419
128.935
291.836
56.3879
69.3569
291.022
279.975
96.5389
118.141
187.209
103.061
69.0209
278.802
106.693
156.717
289.766
88.0383
70.4761
88.0521
111.318
74.0336
106.398
85.7485
126.098
299.873
175.822
90.8393
93.1565
115.391
54.5467
281.807
105.651
281.22
91.0935
299.89
299.809
87.8916
68.291
93.4905
249.285
85.032
95.2178
118.519
297.746
107.882
114.108
88.8482
89.1695
87.3447
78.4634
57.8992
75.0069
108.854
89.5094
94.6781
69.101
112.364
125.808
69.4074
57.3124
150.867
119.531
109.738
54.2301
83.8815
78.1267
88.273
90.9001
70.9896
105.724
146.583
115.518
110.145
74.3742
167.449
299.957
139.9
64.9748
116.228
87.8977
99.0322
67.6081
103.48
70.5014
83.8797
155.824
110.621
82.9914
89.9292
289.276
175.102
282.677
55.783
85.5612
59.5977
85.177
98.8135
89.5631
107.607
276.268
92.1167
102.277
54.6717
58.9148
68.9462
124.829
103.923
67.3571
87.9977
87.8923
72.0869
111.492
101.168
72.7918
83.1536
58.3909
91.9375
101.78
186.985
82.9177
106.784
116.52
83.2684
178.667
105.446
94.4083
299.894
70.2037
70.229
56.7624
86.1273
107.518
63.7578
95.8361
98.2116
55.509
94.2559
113.875
283.814
76.388
85.046
68.2507
102.987
138.415
78.4895
148.649
77.1777
105.959
85.1158
121.623
93.1545
95.1625
55.0534
182.553
264.554
73.6425
281.928
89.396
79.3338
90.5333
139.154
299.668
286.033
114.22
72.7966
95.652
64.2273
297.827
93.2651
74.3069
74.5537
88.5274
109.617
273.559
77.6261
94.4366
74.0458
66.9838
299.953
286.733
85.8482
115.881
101.777
93.0883
122.171
102.99
153.145
99.2654
78.5373
81.1752
94.57
107.216
55.155
219.196
76.309
116.196
125.157
79.8657
90.8102
103.781
86.8451
99.2798
96.3656
118.318
71.3171
277.666
83.1628
69.9152
292.839
98.4378
69.97
111.94
86.8161
220.182
94.2248
105.546
56.6405
298.647
85.4036
72.344
92.5579
291.673
279.8
83.3569
70.5493
88.2132
117.214
93.6706
95.0682
74.9883
99.7599
103.759
99.1082
137.242
98.8411
88.3169
55.9493
107.212
294.159
91.6457
103.043
98.9226
99.6397
92.0592
83.3793
93.7869
287.689
285.888
104.48
75.6395
97.7713
282.621
106.002
126.843
90.4708
95.1365
156.539
87.1425
97.6596
294.921
89.7186
57.8267
73.1518
54.0488
95.058
216.896
106.984
84.9261
94.1948
89.5846
94.1292
114.773
94.1677
85.0784
94.1882
94.4812
81.5084
56.732
139.299
84.5745
72.7161
105.497
54.4936
93.0914
282.95
279.972
83.7103
88.2535
85.8303
87.9762
94.5329
86.0465
89.4767
85.2993
57.1266
289.603
151.54
89.2835
102.77
113.548
110.776
101.489
70.8415
82.3489
91.4795
81.9573
294.916
65.8107
86.5221
93.4799
97.2439
88.7784
88.5063
94.6507
74.4962
84.1885
68.5581
79.6023
255.587
86.4064
89.5031
108.608
105.882
101.557
88.7688
81.4278
107.252
124.13
116.687
88.9992
84.6342
88.9393
94.502
287.976
98.4443
57.6734
141.475
98.8618
95.2923
55.8781
97.2712
118.51
78.1555
56.0559
91.8227
80.5428
71.6214
94.8967
91.2217
88.7255
89.9515
106.303
280.225
95.7025
97.8302
94.9503
84.6352
57.9915
117.394
117.047
101.786
147.349
166.911
95.0668
74.544
73.4607
75.5004
101.549
88.5321
87.5616
92.05
88.6979
99.7611
287.381
94.8048
78.0233
69.8928
83.7379
59.5541
279.472
84.7623
81.2726
94.8264
86.674
91.6652
85.6703
97.1836
84.0094
92.5867
87.1422
119.462
89.0241
83.2818
91.2901
100.355
165.792
84.0664
95.2694
92.8347
106.949
101.747
157.223
85.7788
104.614
291.136
102.951
83.9632
87.785
89.426
87.4401
110.655
115.932
120.886
121.824
154.033
93.4376
83.0311
156.728
83.264
102.319
131.921
95.2611
104.951
85.8913
87.5437
89.8036
92.4847
64.7631
101.727
285.291
84.3803
102.912
72.5418
278.425
96.6497
98.6146
79.7242
86.6129
89.775
102.407
100.805
90.4284
89.7805
74.0127
286.548
90.7358
290.107
56.919
105.333
83.9505
89.8197
280.895
62.844
88.9505
121.924
84.1789
88.002
95.196
91.3621
89.8867
86.7973
91.6835
86.6115
117.743
112.5
94.3392
102.068
257.252
56.2945
90.8264
99.3963
98.6102
89.8245
112.886
294.888
101.819
87.9713
114.38
82.3556
81.2398
95.2947
83.0409
87.0793
295.426
56.1969
86.6328
85.5866
299.714
91.121
112.185
90.256
75.3627
94.8957
99.1407
88.8886
69.3752
90.2223
89.935
78.604
279.344
94.6832
83.0145
101.121
93.3812
84.8718
126.889
58.8729
91.4663
234.342
89.9059
83.3916
80.6177
90.596
76.8387
87.2942
299.668
104.572
87.4733
106.053
84.1099
106.127
293.842
95.405
278.418
91.0345
99.8393
125.598
90.638
92.7629
56.1742
93.102
55.4034
83.4551
270.732
97.2984
90
102.263
95.3314
84.2401
88.9194
79.4095
55.4283
122.456
293.868
83.0542
295.39
299.853
154.337
83.8602
93.7803
90.6737
54.6372
189.062
100.529
88.0927
76.9789
84.4226
83.6591
82.9819
96.3092
98.6916
95.4927
89.05
87.1073
89.1477
82.5643
78.6151
88.1707
124.875
295.136
148.893
89.4901
114.945
57.1406
89.8042
95.5747
83.7144
80.3323
71.4655
57.1033
121.622
84.6358
99.5025
298.868
189.165
92.5534
65.1587
290.178
92.546
286.549
110.607
92.8575
89.2289
110.772
91.9086
242.925
83.4103
87.2135
284.127
90.3066
132.559
97.6416
68.413
192.614
89.4405
70.5605
92.3245
83.1873
91.3901
90.822
93.0188
90.0791
82.6112
82.7672
91.7793
112.74
88.1654
79.9435
111.9
289.399
86.3516
68.0408
299.836
89.47
75.8314
279.689
66.7953
66.6481
57.7122
90.4935
89.3376
83.9212
84.1125
124.337
86.2979
113.62
91.071
286.029
92.5771
93.6523
90.3823
90.7136
56.7724
137.902
76.787
116.244
93.9505
82.2115
86.062
90.9641
104.226
93.9959
84.1736
94.0775
78.7873
78.2395
77.6565
82.3692
94.2295
96.5544
96.6642
88.0049
89.5238
188.172
281.908
112.917
81.3486
95.1416
71.0719
96.3906
108.888
85.4033
79.1581
106.659
103.91
78.1593
88.5818
80.3075
78.0938
87.4146
93.408
84.6169
296.167
102.379
94.0165
93.1602
93.6414
298.781
70.5154
90.2582
125.215
94.3484
76.938
288.877
77.7146
82.1333
99.6482
103.692
93.5407
97.7966
174.777
85.2257
82.5834
104.03
280.08
126.734
288.125
77.0491
92.9193
86.6322
89.0297
183.407
105.155
73.5261
96.3732
63.85
94.1955
71.1052
79.8681
281.042
86.3728
299.576
92.2323
81.697
78.8096
94.4717
82.2823
130.794
90.3224
94.5819
94.5459
105.353
57.5178
89.9334
91.5956
85.3352
86.6424
106.97
63.991
84.3386
87.5477
83.6889
56.1054
104.505
82.3498
99.8434
95.0222
77.5618
84.7593
104.9
90.4394
101.24
103.914
91.1633
99.9025
82.7332
88.9345
110.357
85.8193
93.0385
96.7126
94.0377
113.314
123.898
74.81
98.2638
140.109
74.5345
88.8207
82.4598
118.084
88.9858
58.7048
278.153
100.055
88.2292
84.7008
86.7122
122.604
104.385
87.168
55.7355
97.9903
85.235
98.8328
102.422
88.0136
86.5996
91.1594
113.742
97.7734
65.5969
101.072
70.4858
83.2638
81.1868
81.3718
102.005
83.4507
105.253
88.4601
131.364
88.0018
94.9709
85.3834
104.82
299.962
88.2416
70.2033
94.9448
97.4687
252.034
89.802
87.1728
88.8441
88.929
95.1482
95.1158
78.933
88.691
298.721
299.893
65.6153
82.3258
110.778
106.986
85.5909
97.6729
95.0511
99.7518
103.308
94.0419
84.4059
96.3627
103.27
110.161
82.468
299.753
121.523
272.18
134.384
129.767
70.0262
99.3435
81.5728
80.4305
64.5513
286.574
65.6682
102.882
95.2283
59.578
97.7549
78.55
57.0741
275.339
105.433
70.8282
88.5096
109.164
88.2125
88.7943
86.9068
92.1383
126.783
93.9104
97.7635
98.0713
103.93
280.455
83.8614
95.1784
66.4219
66.1115
281.581
107.904
87.2566
96.4312
83.8751
100.166
105.191
89.2053
93.5191
95.3308
95.2117
105.647
64.9635
94.6705
163.873
65.334
91.6267
78.0156
96.5859
67.2146
116.96
102.714
83.1501
84.094
298.85
120.537
64.9491
78.1137
86.8461
117.213
103.528
96.6861
83.1851
85.5142
89.4727
94.5278
101.48
119.027
80.6313
86.625
136.176
286.578
83.372
70.9283
87.2257
104.021
157.437
105.236
84.1579
89.9806
70.3585
83.6502
92.7327
68.1323
113.921
101.543
86.2183
83.9592
93.9525
88.1785
100.42
98.6555
297.38
87.8867
103.868
94.8849
276.378
84.3599
284.945
92.8644
97.6472
57.5115
104.73
83.8411
282.628
89.9498
89.8186
74.7081
101.144
109.536
89.8378
85.7598
96.6492
95.2565
89.8837
127.706
64.1658
86.3788
122.271
80.3731
93.4529
95.1968
71.5061
96.7281
188.796
88.9125
287.488
295.195
287.943
283.228
90.1466
89.0362
65.6377
93.413
72.852
82.0939
100.787
93.6489
84.5693
103.81
92.6768
80.9021
122.523
54.839
81.6534
135.259
88.139
59.8426
110.533
285.478
112.528
292.811
89.5158
92.4973
94.0657
96.6512
136.71
78.5159
117.347
296.398
76.5434
289.042
108.121
88.972
84.2058
63.5023
85.1006
66.7095
89.873
298.365
90.6373
93.2949
99.2698
85.42
120.202
78.3925
298.919
79.7482
57.0156
298.788
88.975
88.4096
106.126
94.7878
64.1095
66.8465
81.2007
57.2968
64.4061
93.8325
167.562
55.6422
91.7079
97.7752
78.1588
281.224
98.87
92.141
84.6756
189.353
88.5833
82.9951
90.7362
92.6227
284.391
98.4374
62.1924
80.0735
87.8685
77.7473
283.844
90.6793
91.6836
57.6149
83.6649
101.858
95.1668
99.022
73.5954
299.435
102.038
89.629
64.5832
100.852
116.852
288.058
105.295
107.85
144.478
119.328
57.1166
78.7566
102.945
73.7605
72.0003
98.9234
97.6832
155.168
57.5684
183.199
118.985
64.5918
89.8281
61.6739
65.419
94.1201
90.2968
92.834
85.117
275.279
180.825
88.8519
281.51
70.8788
189.14
299.861
93.3762
86.655
65.5832
92.5008
93.0084
68.7251
76.9795
67.1769
100.144
93.1152
272.863
100.044
89.2273
103.797
56.4734
103.036
73.013
287.192
284.566
69.347
73.1153
88.1095
114.809
84.5371
65.9799
119.637
118.699
115.671
66.8731
117.552
117.74
92.4668
87.9665
108.85
85.5917
102.41
99.0087
71.1127
217.606
119.37
277.865
100.626
84.6043
146.393
99.1416
71.7769
57.92
65.3112
78.6366
285.981
95.8722
181.926
91.1199
72.3793
181.422
120.117
105.032
100.731
74.3833
87.0139
86.0615
66.3165
90.3448
159.942
102.82
108.323
68.8481
90.5048
133.407
289.097
106.454
86.7201
94.0249
66.588
103.045
106.883
116.269
99.3004
192.061
81.0233
171.079
90.1975
115.473
99.0677
79.2204
146.585
94.0482
89.7114
95.4248
57.534
78.349
94.7145
93.6809
94.3163
73.1146
122.298
76.9198
114.047
99.5541
94.815
68.4016
87.8322
88.4786
97.7136
90.3797
280.836
105.662
101.937
88.1195
57.2201
98.7244
91.2133
134.78
116.979
117.61
69.786
86.0511
109.677
96.4941
73.6137
161.527
67.8637
89.1152
113.408
113.164
70.5244
66.8159
106.366
56.974
128.029
81.7203
94.9172
265.531
93.4909
134.687
115.072
106.002
91.7267
94.1591
85.7833
95.5719
70.2062
117.151
98.7492
74.1531
144.342
106.301
100.726
93.0912
94.0041
119.428
84.5918
136.314
107.234
87.5969
282.119
94.0649
188.314
133.769
87.0388
91.0594
82.0923
97.2982
92.5158
299.379
121.875
113.063
95.9105
82.6365
107.415
94.0918
88.1441
102.076
102.193
76.8009
60.5929
67.9815
57.3499
95.4483
72.7912
114.647
92.5362
94.3379
85.4943
117.257
292.34
110.676
77.3534
56.5324
70.0047
90.1468
95.9195
99.091
102.669
106.826
75.4464
84.4396
86.1412
118.277
270.57
95.706
95.1045
105.084
67.5127
109.986
119.617
123.491
95.908
113.457
84.8902
92.9286
55.3072
60.4525
102.509
113.823
289.417
280.839
121.608
72.8172
72.7326
282.114
131.563
285.069
295.813
95.5921
95.4886
67.3212
92.5449
100.325
89.0232
95.089
145.831
97.0839
124.226
67.3335
299.903
299.803
87.1939
68.2786
89.8637
72.036
82.6941
117.446
117.348
79.754
107.332
131.691
74.2239
91.8492
82.4466
92.5463
153.7
58.0665
292.652
104.981
66.4103
93.6879
88.2813
92.565
112.658
95.3078
299.378
116.173
82.8395
85.7795
132.201
85.21
108.083
216.758
98.1369
69.0733
104.745
299.987
107.459
116.121
82.5519
134.461
84.3454
118.841
94.9373
67.2427
63.8656
101.101
122.024
90.7174
106.69
143.108
72.189
91.0762
96.3857
164.621
84.5524
64.99
62.7885
106.454
87.9393
57.0207
107.156
196.668
58.0132
96.7406
57.1385
281.263
120.756
106.087
96.5578
103.873
69.438
56.2827
82.4276
105.241
242.629
72.9868
109.964
103.439
96.6866
109.601
119.134
112.04
271.58
92.8339
81.9277
57.963
92.4171
109.741
70.6571
70.8387
63.9149
87.3486
80.4637
111.895
75.2615
94.8805
85.5733
104.553
297.469
94.6814
73.9925
93.0927
113.946
99.3954
56.2234
92.1558
99.161
287.157
83.2203
86.587
61.0948
86.0788
114.431
97.7852
117.671
112.509
96.0616
76.7481
298.562
72.5726
71.3409
68.0236
64.1615
92.422
94.1346
95.4763
56.3157
99.7254
90.6705
69.0819
94.5055
90.6486
297.034
69.3327
73.3437
74.0869
84.447
69.8938
100.047
93.2817
57.9882
90.1024
278.488
98.143
56.7235
69.9352
68.6916
89.1418
92.2617
125.161
91.794
288.609
105.282
122.925
60.3789
102.351
293.958
163.964
85.38
77.8143
71.1047
87.1677
73.9159
95.0284
70.6888
104.064
85.7926
129.247
95.2777
69.9549
92.5016
129.684
104.582
70.0799
84.5604
92.3891
64.4269
91.5083
72.5614
130.257
281.807
93.0598
116.341
84.6731
73.7918
112.038
95.7563
192.688
112.008
295.643
70.5899
88.7799
56.681
94.6291
83.195
71.3374
104.498
112.831
69.8434
88.4533
97.8384
93.3935
93.8793
299.938
149.608
70.7115
111.309
103.068
83.2706
98.8763
87.402
86.696
273.327
86.9026
105.413
92.0146
284.27
66.1247
297.255
104.177
68.1702
99.9584
87.3867
121.755
75.877
86.4816
74.3245
291.73
75.2501
72.4198
98.9263
93.3077
291.016
64.6011
134.291
68.0968
93.342
54.5458
180.97
111.836
108.015
112.406
75.8961
103.484
65.6477
83.0777
97.1551
140.91
64.955
113.13
81.9892
114.338
93.4601
85.7866
59.2622
78.8885
81.5949
74.4707
299.135
105.383
154.245
267.614
103.889
85.2968
85.6291
86.717
100.894
96.7994
274.76
79.6567
147.456
107.451
89.771
99.3157
101.647
88.6849
93.9691
99.8595
290.558
84.5084
82.6992
106.953
54.5826
72.219
88.2038
142.768
287.314
99.2061
59.5852
98.9973
282.468
109.441
280.21
106.02
66.4065
95.1626
81.5802
107.23
65.5882
82.6557
292.838
116.509
148.701
76.3415
94.3896
65.9739
86.2985
99.0968
91.3765
71.0512
67.8726
89.1321
283.033
93.6964
89.6595
101.254
78.4003
91.4681
99.424
122.382
103.108
296.353
107.042
71.086
59.9348
117.708
102.973
293.398
94.687
73.5498
91.4492
75.4506
104.248
119.871
172.186
75.0063
90.6635
175.729
71.6609
282.042
80.7313
299.034
102.634
138.612
63.5783
100.679
65.7416
73.5136
291.679
86.287
101.609
105.739
103.827
88.7425
90.2054
80.7527
105.718
72.5193
64.5828
157.836
105.494
279.51
93.9195
93.1449
299.797
85.4359
105.803
116.89
87.3175
97.5518
117.51
83.343
90.5961
100.926
284.409
110.454
97.1513
77.2784
106.994
299.158
94.8674
94.7379
294.428
282.249
114.108
88.8295
94.7993
94.0182
76.0784
288.719
71.7404
299.675
103.288
95.3017
95.2869
86.7183
107.131
80.1965
92.0141
55.1441
116.898
92.9747
118.696
72.7409
275.569
277.117
82.6826
93.18
75.3913
95.1105
81.9603
79.9025
98.7856
199.03
72.3786
106.103
85.4383
95.1672
71.8577
116.569
77.3459
93.058
84.2083
109.658
107.2
68.9621
88.2395
102.351
94.1372
73.2819
74.1846
87.7557
74.0143
86.7447
70.8494
73.4674
123.592
89.6701
173.159
292.684
72.7902
73.9537
146.818
113.604
105.634
89.2688
74.7683
102.089
78.3219
96.0147
68.9747
96.9898
96.7118
72.8362
68.1132
62.2168
89.95
78.2309
93.4085
63.3706
102.133
96.1282
79.5202
74.9565
109.92
95.9334
193.869
89.3332
131.22
92.523
93.4969
87.9668
117.779
88.6406
73.3713
116.747
102.296
75.5629
74.206
112.362
289.151
272.131
58.5101
74.9662
67.4664
100.65
57.5962
288.619
78.3505
95.402
111.547
201.276
68.0266
68.6999
117.127
68.9414
121.598
285.217
116.524
93.247
98.3867
105.719
85.2209
84.1147
97.2876
103.418
106.107
84.191
111.05
288.242
55.3216
155.247
93.0804
104.826
121.693
76.8295
95.5155
115.351
93.9742
199.385
76.065
68.6122
74.0207
69.1783
292.202
86.828
68.8927
97.7354
71.2989
99.8562
95.5176
85.4401
192.518
84.6148
71.3856
83.581
282.834
92.7563
74.5341
57.0375
74.872
94.8721
88.2589
104.93
111.106
93.4418
103.66
164.509
116.328
152.111
69.3818
118.021
87.9636
118.833
125.971
83.4165
84.1877
89.7152
85.9554
94.6929
76.631
57.0159
108.787
109.766
93.9676
104.747
89.3616
116.873
198.89
134.216
103.179
61.6557
103.314
89.2205
116.803
276.403
76.6347
83.0724
58.1768
277.336
120.364
100.306
77.3368
75.8533
128.866
60.0559
295.219
63.0073
92.7779
81.0388
91.7438
188.24
86.1494
90.6321
75.3246
91.463
286.714
292.745
95.8909
289.884
119.591
69.7716
132.116
79.8749
82.632
110.753
96.6189
95.4148
103.757
93.0923
86.4429
120.972
160.895
99.9208
69.8749
294.497
84.2744
108.825
76.0878
120.539
133.881
91.7172
93.2731
93.4019
70.2814
289.583
77.744
285.533
94.3756
110.216
72.3334
76.3476
136.063
85.593
78.2223
104.338
95.3153
94.8199
60.3159
84.7977
57.729
80.005
72.3472
85.6472
96.1269
94.668
80.9535
86.3633
99.4342
295.889
82.3356
120.278
89.1637
90.8649
82.574
293.208
59.6599
137.052
84.4918
274.886
189.896
74.1603
106.69
292.604
128.252
80.0986
294.384
65.5478
59.0543
64.7966
92.7432
58.4604
295.26
77.0107
94.418
273.078
93.9494
287.762
276.044
109.489
103.033
81.1707
96.2795
70.7058
296.349
70.7194
90.722
54.2197
95.4914
93.5462
89.7873
299.648
57.6859
76.7637
296.927
71.2776
111.116
300.016
107.845
82.7869
92.0219
71.9133
99.6441
111.866
119.825
95.7207
155.077
77.5465
95.9041
102.923
294.322
87.2507
76.7872
82.3229
111.253
103.712
77.3392
273.628
106.259
104.035
122.075
103.55
90.0647
119.877
95.2526
187.945
57.3596
289.477
84.9763
96.2837
92.6294
106.584
95.4584
70.5625
93.9722
118.538
82.9408
78.7429
119.572
84.1777
83.8792
79.3073
90.3502
299.445
120.504
95.5103
98.4626
113.218
83.4759
76.0044
287.538
288.091
106.383
74.1255
77.9964
84.0552
94.0489
94.8667
279.013
88.4821
110.381
113.384
98.3109
115.218
84.3447
295.447
54.734
85.4566
95.2181
101.577
112.797
58.6644
90.1243
87.9813
112.597
104.865
90.5898
74.5516
90.7828
299.283
93.8057
120.088
290.124
94.2418
96.5539
105.284
66.1024
94.4963
89.4013
113.227
67.6901
67.2863
93.4182
109.904
295.495
209.81
84.4704
57.8871
110.166
78.939
101.196
106.799
109.526
95.7378
131.63
85.0054
93.7358
299.222
91.5414
87.1124
116.27
59.0648
295.558
275.67
105.146
64.6998
92.8102
105.947
92.4293
121.407
72.9921
279.089
95.2503
73.781
87.5843
95.3388
78.9251
120.44
61.768
83.5568
274.002
105.927
84.0033
107.292
60.6248
106.994
94.7097
299.226
287.125
94.7088
103.96
294.27
286.497
74.2989
81.4695
104.799
86.1827
84.3675
91.3724
108.043
298.176
85.4424
84.8555
137.088
121.857
105.563
93.2536
295.876
93.0006
94.116
92.0646
295.233
104.852
290.117
82.3727
116.292
296.069
298.037
84.1998
96.1752
90.634
71.16
85.4065
297.915
84.1219
58.9739
119.23
283.806
81.216
116.505
89.0371
72.2601
108.757
91.6228
93.8778
90.8542
71.2747
73.3242
83.5993
118.695
85.5189
111.879
135.67
95.6533
92.8841
84.4941
94.2916
179.587
93.8572
86.8466
103.401
93.1422
79.433
87.3871
87.2351
121.744
58.2322
115.846
102.929
94.0665
78.7781
92.4713
65.7556
100.687
70.09
90.6091
90.6342
87.5248
90.6961
106.217
74.9237
106.179
289.051
78.5426
91.2351
298.645
90.081
281.391
93.2207
115.744
93.5818
271.353
299.571
109.471
297.068
119.361
84.438
72.7536
122.617
88.5143
68.0854
82.2696
82.996
111.821
63.0958
75.3286
83.9228
90.9638
113.719
289.641
136.445
267.742
81.6766
87.1945
74.1684
59.0758
116.143
297.181
62.8638
87.8193
290.405
102.376
122.084
117.296
151.56
100.088
59.5592
68.6586
59.6999
105.851
95.5644
74.7455
63.8478
289.238
295.997
93.6839
78.2522
97.5994
103.518
79.2356
111.386
83.8148
91.5964
184.918
81.6164
68.7885
79.7567
62.4333
89.5303
66.2826
78.4226
299.968
87.0891
70.1042
98.2975
136.434
75.881
98.8798
84.4231
86.8434
295.384
60.8932
63.1233
187.157
79.2313
93.8467
282.449
88.2237
75.4776
73.3442
92.6386
73.0902
122.898
88.2702
279.297
84.5502
83.715
80.4303
93.2896
82.2751
82.9469
80.8362
85.2837
60.0873
286.399
81.3514
72.651
124.113
134.865
119.252
57.3314
297.942
94.2968
82.0929
65.459
289.214
137.273
103.727
84.4679
85.6145
283.472
158.341
291.458
89.4511
103.262
122.479
85.9647
87.3276
298.376
92.043
73.8258
299.866
97.545
299.815
105.488
272.252
79.1784
116.626
92.6545
86.7421
158.672
83.3415
298.338
102.792
87.3332
295.546
72.1972
292.742
99.4841
103.624
286.447
299.205
109.554
279.949
109.801
78.6983
289.602
84.0964
56.5605
298.667
69.904
97.1059
94.6725
291.479
59.1554
299.984
83.2458
296.076
83.5829
291.424
118.599
290.807
298.65
75.417
299.691
293.172
293.495
74.5072
138.831
290.276
83.4384
89.3656
284.876
283.433
89.4792
94.8276
54.9663
133.71
93.2307
91.485
119.656
280.4
83.1727
272.266
102.686
107.801
67.7086
90.6229
94.9365
297.167
76.0876
97.4478
280.968
297.129
278.22
289.928
278.339
81.7911
84.2285
71.6609
143.632
299.555
85.7072
124.37
78.0602
81.0452
297.095
90.9316
299.01
73.3385
83.0608
94.9682
92.5246
115.947
137.488
86.6199
112.739
74.8821
281.444
282.243
86.8977
76.0542
297.022
266.344
96.1954
194.799
135.865
127.921
300.006
65.0596
109.16
83.7277
91.9724
66.1295
70.0208
90.3699
107.076
292.624
299.207
89.5522
290.659
83.5804
56.3541
102.475
290.575
95.5471
299.724
64.7928
56.7058
93.9338
102.089
95.7951
93.6566
129.549
209.861
123.208
85.595
86.3229
145.352
85.1846
140.588
102.662
93.1035
297.666
87.3578
157.509
98.0991
119.318
299.898
95.0414
91.6187
91.7081
84.1272
114.513
92.2427
283.644
90.9697
102.848
91.9426
89.3725
299.538
85.8706
299.527
112.474
82.1157
77.3475
299.819
94.9173
290.16
119.001
100.258
106.456
83.9478
57.4883
299.514
79.9312
80.9112
83.0908
91.5415
77.0612
89.9978
119.133
113.5
299.894
57.2602
77.7423
118.651
137.742
95.7826
103.282
78.2539
94.2703
103.627
101.739
77.6458
143.5
80.3912
154.39
81.6761
297.926
62.4539
299.935
299.795
83.3721
216.511
61.4369
85.6432
98.7757
289.485
66.6765
81.6666
107.092
60.4094
76.5706
96.2456
83.505
298.386
87.2618
66.5246
114.09
94.9898
282.301
65.4909
77.6645
90.704
99.926
77.244
88.8388
99.5912
86.765
77.3377
90.0548
298.308
61.946
89.1685
291.386
279.564
82.1412
298.703
71.7072
104.222
276.144
76.5847
70.5669
97.8555
119.781
285.569
279.742
100.168
102.115
77.2345
60.7876
283.144
98.9749
298.685
90.2116
295.519
66.2461
281.75
87.4554
94.7087
116.431
102.726
121.758
298.617
61.1905
109.141
91.6407
295.235
292.977
95.409
78.2304
95.805
78.0433
99.3458
120.247
269.561
63.4005
299.977
298.894
118.374
88.2402
123.761
298.434
97.0345
101.64
84.6823
97.2998
299.67
292.263
299.724
68.4532
299.312
95.0118
299.122
292.01
117.694
285.587
90.7402
84.625
130.436
101.913
90.5095
56.7502
113.449
88.8179
107.332
148.842
97.5938
104.543
93.027
298.991
90.415
297.074
114.108
99.9361
97.5727
102.38
81.8417
287.302
137.041
121.544
95.9116
85.7006
57.4359
121.342
74.7135
131.739
282.903
112.218
124.115
74.2368
202.897
78.7481
82.9895
124.929
299.186
70.508
101.353
109.517
73.839
70.9933
96.5523
299.017
90.8273
83.0231
137.38
86.5337
118.708
111.776
67.4124
298.85
289.554
95.1812
92.1795
114.484
299.917
75.1701
125.47
92.8279
292.339
282.062
297.653
91.8561
109.752
95.7497
293.262
299.351
110.867
154.099
86.2448
101.634
121.614
284.6
104.997
126.722
79.8782
100.192
103.66
80.9946
299.957
278.707
79.7364
92.8402
90.2773
63.1661
92.0561
82.092
63.3027
91.9644
79.3108
112.343
299.506
73.571
84.4386
84.9469
70.6398
294.59
109.173
93.7735
87.8458
121.345
113.343
81.0044
90.8863
85.8997
103
299.6
96.8495
79.2416
127.087
94.3648
97.4624
298.133
282.173
117.626
85.3275
71.5897
299.976
100.218
83.2047
129.176
111.358
105.183
298.132
121.938
64.7445
290.417
83.6047
113.938
120.177
120.611
90.3659
87.9546
99.1145
87.3523
299.893
93.1161
298.383
103.243
299.071
70.2833
298.838
298.205
128.476
95.1302
143.616
81.6371
299.766
80.0708
88.3799
290.216
293.213
109.208
101.608
298.403
87.9437
93.837
123.379
85.679
55.3658
295.32
114.013
135.149
298.681
55.1755
299.883
98.3934
86.2127
85.274
83.4218
122.336
100.335
299.429
299.266
294.262
297.379
86.6989
86.5595
299.889
143.728
299.867
299.8
82.1727
88.9496
95.1454
98.8156
93.6621
96.8248
74.9454
86.1728
299.655
87.9719
81.0282
128.873
298.852
94.5437
105.842
88.2482
200.61
93.4807
84.4705
63.9571
207.772
282.634
293.446
91.8683
296.498
92.7776
83.0368
57.3225
86.4815
299.856
112.793
179.273
297.235
56.7275
98.5196
286.544
75.8008
89.6806
64.8673
134.553
115.221
107.286
79.5986
82.6818
82.6502
93.1745
120.898
109.032
77.1799
128.41
87.7225
78.744
299.091
126.819
57.2274
282.747
88.9836
94.6826
83.9619
139.698
189.935
88.9011
56.3345
90.3422
98.6423
299.92
281.683
104.937
142.974
299.6
94.5961
81.3116
124.972
128.908
103.019
81.1436
72.0114
100.286
82.0289
86.7377
207.949
86.1429
291.687
113.717
281.978
98.801
84.8325
85.1846
105.699
71.4267
92.0217
293.454
93.4941
96.3442
128.935
82.2895
125.664
124.237
91.189
98.8874
136.553
297.57
96.4008
91.911
100.737
293.742
65.2433
107.228
195.957
117.954
82.5546
288.148
299.805
122.535
116.757
100.335
57.8611
291.173
109.33
99.8731
272.954
62.7595
92.5652
92.1326
96.3223
121.507
95.7376
71.6737
80.3772
87.7376
142.76
129.866
185.315
100.128
100.144
92.1109
93.7166
108.861
113.137
283.136
57.8549
85.6226
285.29
117.931
99.8943
83.7451
68.4324
291.422
129.042
284.177
63.8336
294.028
102.065
268.549
143.599
98.3748
59.3665
122.888
82.3688
299.339
78.2135
296.178
91.2067
90.1107
299.755
96.7743
92.8711
60.6723
94.5042
104.681
69.3522
73.9467
325.397
285.704
65.225
185.682
79.7596
93.457
299.959
116.815
61.3268
85.3722
116.045
97.7405
154.772
291.881
91.4706
71.694
299.754
299.24
299.624
98.1573
286.444
83.9078
101.362
115.263
299.71
92.8739
122.658
98.5843
86.7469
85.9937
299.643
299.199
294.274
75.4564
272.77
81.4647
122.361
129.38
95.4434
285.89
116.537
111.787
299.852
95.5753
85.6141
72.3063
271.679
299.919
96.0126
108.304
294.078
105.221
89.8913
299.911
297.598
123.573
299.058
126.598
147.132
86.89
101.794
283.302
89.6563
284.735
70.7898
84.2281
110.086
82.9894
66.6835
126.917
99.5267
121.621
106.538
85.819
293.517
200.178
93.4285
94.8084
81.9303
56.4106
127.99
283.586
84.6713
99.3294
299.888
90.0123
294.49
74.4852
120.032
111.852
126.224
298.773
82.1326
295.537
86.7631
71.2005
90.8608
138.484
91.0113
91.0733
299.899
104.143
103.243
298.714
299.9
63.3759
66.3942
100.971
299.925
93.8119
296.653
113.015
102.076
90.2363
193.686
95.697
299.935
72.6796
69.67
58.2688
293.812
131.274
65.4401
73.9251
91.0245
75.0011
298.515
87.1569
62.924
135.242
292.957
171.135
91.8596
81.0954
293.759
123.085
85.2465
299.706
95.3948
96.5903
94.6503
87.075
73.5897
298.273
83.6093
299.594
58.9116
93.0128
75.68
120.246
111.034
123.992
118.064
98.0762
82.2481
285.377
64.1327
253.983
293.048
113.096
119.758
298.028
68.212
99.8157
87.7796
103.908
83.8171
73.0319
56.6496
96.1874
299.957
299.691
101.153
293.993
194.891
57.343
124.598
116.643
117.935
124.006
61.4162
93.7684
75.6888
76.8279
299.407
299.367
99.2851
84.4477
128.968
102.036
297.529
104.088
99.1888
293.291
96.0001
80.8978
106.845
58.3557
297.174
91.8083
89.9343
277.461
100.053
189.392
90.7815
295.093
299.246
286.011
93.3203
299.851
54.5836
296.33
288.452
158.334
93.1474
107.892
59.9443
143.287
68.1187
131.603
66.3038
125.72
295.836
148.977
132.465
299.845
294.692
289.693
129.346
84.729
92.6755
299.844
282.428
281.821
120.346
299.061
298.891
59.5554
102.504
109.343
283.152
93.8668
283.943
86.7299
124.867
71.9697
161.403
84.0351
277.448
88.5949
85.8063
284.7
136.923
93.6595
83.7739
93.9277
293.632
298.834
150.606
101.395
221.103
126.924
89.8222
299.555
114.975
110.653
82.6304
155.337
66.505
107.167
299.972
58.1487
67.5972
80.6312
71.2157
83.3584
102.498
60.276
279.459
299.985
87.1916
299.262
294.575
81.6484
87.3069
112.363
215.695
99.6834
76.8589
299.713
63.3534
84.9478
299.978
67.8168
93.3142
298.403
104.308
132.992
89.374
299.793
93.7434
88.4803
292.142
292.8
95.9443
75.382
289.746
94.5464
96.3678
73.1195
169.942
139.609
96.556
286.449
298.057
125.902
127.558
89.7154
299.154
293.746
299.693
94.6366
299.009
61.496
90.4635
295.805
54.3184
75.281
297.648
290.636
129.914
296.56
83.2246
299.758
97.0556
77.7096
86.5654
132.401
107.375
91.0146
105.958
93.4188
286.74
105.978
75.099
82.0528
294.176
295.642
295.014
299.964
81.2281
102.115
87.9572
204.395
92.5052
299.583
92.7182
212.523
106.153
288.752
97.9846
104.445
128.486
111.593
298.899
151.754
99.2499
94.3973
80.2512
128.566
91.6023
205.696
57.3312
84.8015
295.547
83.8588
82.3903
97.2389
298.655
135.061
79.2594
96.5945
95.4301
283.368
292.86
80.4864
99.9561
147.436
92.1895
285.457
74.949
82.5845
87.1324
91.15
88.3523
97.2667
85.2764
83.5558
298.444
299.674
87.0123
88.0387
299.577
114.654
299.839
87.6454
70.3034
73.6364
76.5038
90.3619
299.795
294.456
282.346
89.468
128.398
296.942
160.265
298.193
297.931
99.6662
95.4822
72.5896
139.192
101.578
125.944
299.806
105.797
103.356
84.4073
110.14
67.3584
86.91
151.823
93.6897
285.319
127.306
66.3534
75.6285
104.98
299.523
61.1029
103.183
95.5937
75.0975
132.021
139.777
294.889
297.413
116.318
95.5084
128.746
295.667
90.251
91.3927
297.048
297.741
124.593
81.9426
88.7463
153.596
108.079
103.686
144.061
285.13
93.3491
296.171
299.365
103.863
100.678
139.708
88.6868
93.0262
96.9421
91.3671
82.1911
103.98
294.385
125.578
299.319
91.0063
280.626
60.8011
85.2233
121.114
134.663
98.2713
73.5608
87.9772
299.215
284.898
143.751
284.139
108.688
296.786
143.957
299.272
299.248
82.7777
113.652
286.156
86.4794
295.933
61.0259
129.057
70.2301
110.992
299.019
299.23
78.2741
299.592
86.5913
274.913
298.777
97.2393
119.628
94.4046
92.6925
287.252
60.866
66.7832
299.317
197.972
154.295
155.945
162.662
92.3121
92.2592
92.4414
299.642
135.843
92.6157
78.6699
298.653
298.504
103.391
120.009
91.9074
60.9315
299.89
78.1742
78.5521
113.915
288.859
104.83
96.1966
90.1154
298.646
295.059
268.964
90.8004
84.8727
111.38
145.98
92.7548
107.261
297.233
81.1553
296.901
83.4036
96.5693
148.405
295.909
99.2152
124.088
170.622
123.055
96.2297
298.341
133.87
296.485
104.192
116.463
268.164
93.8068
295.489
294.793
81.2363
74.2314
66.8226
92.8752
296.088
289.809
298.023
297.559
92.7736
299.813
84.4077
64.7081
98.0041
299.698
91.7931
74.9705
297.984
129.102
142.828
299.72
59.8993
296.431
91.8099
297.336
299.966
299.715
134.098
299.857
296.173
98.2991
98.0924
91.1943
91.5211
91.0626
136.93
93.1612
98.0736
89.4074
86.7821
92.1765
86.2851
266.468
296.8
63.8674
88.3207
95.0311
147.149
297.091
78.5939
92.255
115.902
139.922
232.613
103.481
124.879
189.686
94.8665
102.13
130.562
114.919
104.575
111.602
63.3983
283.678
284.92
100.239
116.319
159.544
188.988
299.958
272.967
62.8976
95.8928
91.1048
72.3183
129.836
83.2183
116.113
76.9796
299.902
129.16
90.0576
94.9084
104.137
117.744
299.763
139.761
86.5831
81.2938
99.3675
124.701
295.208
88.7997
57.5394
287.082
299.787
92.6827
294.671
123.928
60.7629
62.0124
88.3879
292.023
134.481
125.775
92.0375
90.3582
287.935
95.3301
66.1092
88.1606
91.9544
59.5499
93.1183
293.873
78.3359
100.601
86.9187
91.0506
90.0408
92.1267
123.313
78.818
94.9458
107.58
103.849
211.654
299.059
106.657
297.618
131.619
295.899
296.729
144.681
153.972
123.101
299.908
91.0267
94.2425
292.732
122.327
125.226
299.217
92.5011
71.5364
103.389
87.1762
129.553
92.8138
93.6959
77.0084
87.2641
92.2239
124.981
84.5924
79.356
95.7422
137.342
102.794
63.4151
298.857
298.97
95.5874
299.952
93.6991
92.1071
89.9564
118.067
74.665
90.0876
169.815
103.932
282.487
298.645
298.422
286.369
298.208
108.922
64.3464
72.7868
73.5135
60.4954
159.24
264.141
60.6222
112.299
72.3669
297.499
137.254
297.738
297.948
296.349
88.7401
285.39
90.7834
64.4211
84.7729
299.885
91.4843
88.3605
91.7561
297.265
296.829
91.6527
90.7911
97.5476
91.0672
115.387
72.3335
289.547
130.773
98.6137
299.896
92.789
129.076
83.3933
93.9916
92.8322
287.84
288.015
141.213
125.173
123.572
189.047
92.9819
80.8554
116.609
102.536
86.3903
130.891
93.7144
287.543
93.5069
80.2997
120.286
73.8088
102.833
79.6297
112.863
62.0114
290.293
295.644
84.6371
81.0697
133.222
96.8774
63.3113
286.678
73.6473
74.6324
134.268
134.709
255.833
101.379
89.1756
252.947
105.707
93.3974
88.1894
116.901
125.241
64.2308
77.875
293.685
286.714
266.147
70.5481
83.2789
80.0378
95.2143
66.5784
139.696
69.8911
138.207
75.4573
105.814
72.4579
64.8937
277.162
88.6316
67.9613
92.6858
82.1066
295.405
98.0025
296.106
296.678
191.374
111.988
108.405
96.3584
98.53
90.0479
66.7787
60.5554
187.139
296.301
113.025
298.793
91.8728
90.9182
94.8567
299.92
288.885
96.5913
90.4416
104.787
83.023
75.597
78.3608
81.9048
112.423
90.1421
111.503
126.734
104.432
73.1267
133.927
110.945
299.836
292.716
71.5928
273.168
91.5169
90.4886
187.853
102.656
66.3735
103.982
92.5272
95.1503
283.044
90.355
289.281
89.8097
62.7606
274.011
177.857
149.507
54.535
96.3842
288.842
124.738
90.3579
135.961
86.8845
90.7078
84.5704
299.956
270.202
95.5324
78.6217
286.907
60.5637
138.84
135.626
295.49
87.6056
88.5034
88.9311
88.1784
91.5581
281.335
70.0208
290.211
139.497
104.353
97.881
121.141
135.712
98.9268
110.194
87.9558
139.704
299.991
94.0154
85.2286
93.4797
79.3586
92.0276
284.274
92.2295
281.683
103.417
83.6385
163.107
285.617
60.1771
97.3515
98.605
90.3953
112.673
130.585
71.2216
96.8362
93.3531
144.689
101.553
104.994
299.006
140.541
62.5621
136.115
127.386
140.747
76.2392
93.518
146.918
71.9124
76.27
88.9428
103.178
282.765
82.9013
79.8839
92.375
83.4882
107.792
59.219
132.072
124.189
173.067
88.704
100.943
109.792
98.8171
297.735
92.6573
73.6203
295.353
120.924
92.1643
118.66
96.0369
299.982
102.61
113.719
60.5953
133.722
100.467
99.2417
134.427
89.3359
67.3807
115.075
94.2849
83.3841
143.263
92.4959
194.363
94.3026
161.627
142.358
92.993
132.071
127.008
106.95
283.056
120.581
292.666
88.7228
90.5761
84.7137
142.823
130.042
90.3569
94.2063
113.897
97.2277
143.684
112.428
94.8287
273.166
99.8326
59.2447
103.887
100.767
91.8077
100.453
74.9198
113.48
76.3724
123.643
74.3307
115.057
61.8038
93.6439
98.3181
79.4325
105.396
83.519
214.504
90.0783
281.887
284.571
272.18
78.4927
66.5713
97.0858
299.057
109.899
98.4859
95.5993
295.309
117.581
149.046
299.258
90.5022
70.7991
272.397
82.3853
105.139
104.668
83.6389
129.06
75.1095
117.584
299.892
161.764
97.0514
100.21
190.562
89.117
293.388
92.1674
275.863
99.9259
97.4512
259.03
113.879
62.8899
105.363
74.0676
119.242
121.518
138.93
113.28
71.6696
74.3722
93.7143
112.082
119.739
73.9562
100.337
104.26
95.0015
102.028
203.495
298.79
288.414
107.068
208.623
93.5805
128.456
94.9988
134.574
282.483
92.2747
212.766
101.934
91.3489
116.687
70.4575
109.323
91.0603
79.6962
99.1192
90.4033
98.783
113.437
121.258
75.5771
70.9259
89.6557
97.4181
117.894
105.687
84.7787
105.847
111.933
102.281
126.393
283.918
107.894
124.744
93.5353
191.664
60.1164
92.2719
56.5186
288.877
286.267
109.028
80.5581
106.89
117.873
92.3315
176.115
299.633
91.7248
139.582
63.554
89.9287
118.494
282.197
57.2252
93.895
104.39
281.949
80.4164
94.2906
277.243
59.3582
115.917
100.378
215.918
84.7237
124.096
277.076
105.859
288.434
88.9202
98.1382
69.3121
109.431
82.4832
104.85
289.383
87.5924
272.398
291.065
120.296
122.079
126.171
288.394
85.9396
78.4838
285.862
80.4286
67.7194
94.4592
94.8184
121.645
90.2345
276.843
87.1641
95.8208
94.9907
95.7728
73.0327
86.1938
118.435
283.874
295.358
90.4527
123.03
75.133
92.4112
97.3346
101.035
101.311
98.4169
116.772
71.1603
299.237
299.402
299.143
298.162
298.359
296.669
296.989
298.801
299.033
299.655
298.52
298.927
299.748
299.795
299.473
92.1787
297.765
297.97
104.604
294.834
63.9331
299.997
297.524
276.647
102.308
140.013
299.917
110.377
114.982
295.903
65.0247
285.223
90.2742
298.428
77.1032
110.168
299.463
99.0888
72.3283
295.043
296.248
91.8709
67.5392
109.267
295.466
281.466
289.872
135.295
286.862
81.1238
104.724
66.8131
74.4934
63.8347
85.5419
121.517
95.8337
298.97
106.101
99.7824
95.2618
62.6117
102.49
121.225
90.7908
293.741
285.786
80.0987
284.406
96.813
162.594
102.287
75.0289
75.9774
113.676
118.717
299.826
90.5366
296.539
147.772
92.269
80.4317
299.458
63.8773
95.5152
106.267
92.3694
282.273
103.06
122.72
299.712
299.791
117.722
90.7156
119.486
117.803
282.362
96.4064
107.758
86.1302
60.8218
103.817
125.829
200.145
218.048
136.137
137.399
85.0785
60.8613
266.5
219.103
97.7602
73.5329
113.224
81.8397
286.429
110.379
96.5975
298.222
276.742
163.849
112.108
104.957
92.08
296.018
201.77
77.3901
92.1998
94.9235
152.248
92.2195
92.3852
59.9768
65.6603
130.015
106.27
157.562
86.5399
93.2248
119.261
298.297
123.15
288.191
282.034
98.1129
98.6479
84.5708
290.791
88.9243
287.079
68.4385
102.556
299.734
77.3946
289.278
215.242
291.272
99.4655
61.2495
297.874
181.713
105.608
288.417
288.401
285.32
74.2662
150.897
107.412
75.6619
80.5229
293.344
119.069
290.243
98.5108
86.8986
92.5779
89.4999
292.588
98.4714
113.343
296.306
89.6574
83.1654
106.135
293.115
102.358
93.0298
292.959
299.002
106.496
79.8734
299.54
213.452
109.215
286.233
102.966
287.062
116.762
136.895
207.552
122.209
94.8584
93.55
108.547
89.6138
71.7555
90.0866
99.0933
92.8551
298.583
288.158
299.853
91.9536
109.325
120.617
88.3078
111.931
96.3448
99.7637
111.526
91.3292
293.118
86.7773
286.318
287.046
93.1186
83.0229
90.347
97.721
127.776
298.213
299.574
112.239
70.6982
139.365
299.196
93.7246
74.3064
286.121
98.4846
112.724
139.1
100.225
159.664
288.296
97.3898
119.029
128.157
288.762
108.019
89.595
54.1478
75.7963
82.6546
287.625
163.799
107.21
298.54
118.188
98.2004
64.53
293.203
77.1035
66.8921
92.5801
75.6811
122.964
299.098
93.2556
73.4498
135.784
93.2758
291.662
288.654
82.9211
290.709
101.402
103.739
288.913
64.4349
291.041
287.607
112.099
88.3507
89.5103
93.1103
144.187
289.137
287.238
287.548
117.736
93.8788
87.087
138.856
298.818
82.8159
96.3852
386.66
64.4854
59.6305
286.982
284.899
113.824
71.0556
285.045
299.814
81.9343
85.0051
91.7608
299.277
113.994
127.264
84.3771
100.439
97.1249
72.2689
299.59
105.003
294.623
116.754
289.178
142.04
151.823
85.0697
298.099
299.714
299.928
299.651
116.822
278.21
84.9882
295.242
93.4627
289.758
138.957
297.302
299.62
125.191
60.1784
299.257
294.452
67.0362
106.663
294.148
286.873
94.1965
298.559
289.609
299.14
120.738
295.729
193.603
299.68
109.893
294.705
299.886
98.1371
95.7103
281.654
296.78
56.7808
294.137
299.436
97.3408
99.1355
299.597
84.0557
55.9536
93.4589
72.4348
291.111
289.383
88.1742
94.0692
123.983
161.987
107.953
299.419
90.5873
297.611
93.0967
197.56
299.301
102.93
60.331
296.435
91.7616
297.254
273.779
291.486
98.6772
98.8504
299.06
100.173
298.18
102.202
299.078
78.2657
290.046
119.871
133.26
109.242
107.442
65.0015
283.003
295.529
99.5049
109.349
99.8182
78.0023
299.704
94.7938
146.641
84.7904
65.6506
94.1461
117.663
288.892
280.08
130.525
289.386
62.9067
291.863
298.445
72.3575
75.1328
94.4596
91.1864
298.096
115.817
92.7986
129.3
290.459
269.597
61.7581
105.391
123.504
272.772
299.976
100.718
173.434
100.7
88.119
117.297
286.817
286.984
190.514
87.3122
290.843
83.8291
103.505
266.193
153.107
136.886
91.027
163.79
91.5806
114.379
144.503
92.2926
277.744
90.8027
64.4369
171.747
291.232
60.021
292.218
110.672
71.4047
98.7682
100.726
79.3778
109.128
84.0179
96.1911
64.5541
293.747
279.91
281.937
95.3887
115.954
81.627
94.9511
131.933
154.491
295.282
90.9537
89.2314
92.0006
86.5221
56.7535
294.064
71.7663
103.418
118.345
89.0734
158.417
78.7664
91.3523
119.213
290.053
126.724
276.286
142.862
296.204
299.936
102.647
96.3034
289.076
96.6231
91.0994
298.608
120.794
85.1178
293.704
93.0801
90.1629
100.86
95.4712
286.143
104.216
94.4723
162.681
65.6724
184.775
92.8176
297.879
121.743
99.7989
93.3797
60.3328
86.5493
88.8359
116.461
272.77
122.294
294.374
298.041
102.83
74.4844
93.249
61.473
148.854
116.189
299.73
91.7897
119.739
289.396
58.2354
299.877
110.364
79.6415
293.224
90.7334
109.355
291.606
292.559
141.171
66.2157
65.813
289.519
173.749
95.1893
105.982
297.374
96.0084
117.304
275.174
84.9945
131.082
295.612
175.56
299.954
94.2494
133.858
291.968
148.182
153.972
298.711
60.7117
297.334
292.227
101.504
281.124
299.729
92.6095
110.456
95.5007
262.276
87.0002
82.2042
147.486
93.7629
62.5599
82.2701
284.22
90.7874
89.2935
102.821
88.2545
87.6076
83.6694
137.326
296.262
91.4055
95.4962
112.451
135.794
112.819
106.938
295.323
65.2697
92.5696
94.4399
123.096
98.3288
85.8497
124.354
152.844
88.6501
118.723
79.3429
288.153
141.504
209.878
104.63
71.8503
92.3445
93.0553
106.26
87.623
125.841
141.178
132.441
293.355
99.8478
139.919
280.423
123.192
299.815
100.462
96.3425
82.9153
288.392
93.1152
289.852
281.916
81.0246
102.021
150.154
74.9665
293.642
141.582
120.099
271.536
58.4093
97.4334
63.3124
296.016
63.9906
92.0792
147.481
297.593
85.7247
147.112
295.557
298.965
290.174
287.894
141.564
289.514
84.4745
62.859
94.0092
290.151
294.642
287.432
293.255
118.621
65.7868
81.7908
60.8695
144.146
296.782
296.232
141.13
293.92
296.943
108.015
90.3961
299.928
198.35
104.705
96.2403
109.138
287.956
117.463
65.09
295.755
299.654
100.149
84.3179
164.405
92.413
81.8557
296.012
109.601
292.34
179.776
60.651
295.765
296.322
175.196
296.274
288.497
98.7475
112.359
113.108
269.789
102.311
68.7862
109.51
73.3227
64.6951
293.266
92.673
96.4091
297.409
270.149
299.273
86.9966
291.039
95.0448
84.668
299.443
98.385
295.846
128.306
298.058
87.7036
275.145
289.897
92.7618
294.196
291.38
298.738
270.857
297.21
299.29
299.03
291.903
93.6911
296.349
119.174
273.183
299.241
290.621
286.922
268.587
284.623
139.061
109.062
133.099
134.743
79.3861
294.88
121.374
98.1196
290.362
126.289
89.2054
97.6754
151.845
296.232
233.362
90.8386
296.587
293.69
125.355
297.233
88.0252
123.429
290.441
93.0127
114.351
296.379
290.676
103.964
295.744
191.989
72.9541
288.74
95.5278
169.26
294.244
85.2653
116.09
117.826
297.472
296.664
83.6731
282.266
298.047
288.47
120.748
94.5148
294.249
178.116
124.983
294.684
93.1872
339.472
85.9961
297.687
295.743
295.109
293.795
295.094
224.068
163.426
58.4364
293.28
93.5667
126.647
273.556
91.9096
296.015
292.229
61.7631
296.41
87.3234
298.083
272.6
101.745
289.166
77.5886
71.2112
67.2336
295.548
296.333
59.0666
235.075
298.432
97.5526
115.812
124.462
296.92
295.948
146.65
108.764
296.581
298.699
66.0427
196.28
57.7687
297.295
295.487
297.684
86.0484
295.329
135.714
296.745
111.398
299.973
99.5752
298.862
92.8316
296.882
299.064
293.521
297.006
299.117
92.5706
296.646
290.539
56.2608
299.075
100.332
297.526
297.207
169.927
98.9349
68.5219
74.7758
86.3862
299.261
297.522
297.769
298.692
92.4688
297.838
293.769
293.38
296.036
299.409
65.5093
289.82
93.5475
85.8101
110.708
298.024
297.661
299.904
92.4363
297.714
120.619
297.257
297.782
297.868
138.546
289.678
286.329
299.554
298.152
86.3109
288.953
299.47
299.574
126.764
57.5599
79.4709
298.285
113.144
299.608
221.493
124.807
293.135
97.2348
298.247
298.78
126.551
298.355
298.447
298.518
298.58
298.521
298.804
292.97
94.109
297.343
292.665
298.47
92.3005
100.694
298.864
298.921
85.3684
299.07
296.466
113.547
296.515
201.407
83.9767
293.627
299.627
279.98
289.452
298.959
299.131
138.398
121.882
299.191
293.448
299.242
96.2128
89.1539
299.061
296.679
113.832
292.612
272.736
184.188
296.832
108.094
55.6877
299.666
85.1806
89.8873
119.528
295.961
98.1056
299.321
293.362
62.9555
120.063
68.9725
213.228
296.982
99.9609
299.604
88.6178
296.127
55.8956
60.9806
93.6757
296.294
293.113
65.2318
98.7872
299.306
62.9217
92.7571
290.119
92.491
293.913
297.353
74.0696
119.04
299.701
75.356
92.0057
236.778
292.927
59.7119
99.5637
71.3903
99.9365
295.296
289.414
101.833
106.03
299.392
289.014
294.182
291.68
295.494
297.802
297.323
65.3263
284.836
116.834
79.3316
85.2171
83.079
81.6973
297.908
83.1873
292.962
299.714
299.88
294.721
298.182
246.337
296.49
133.294
289.708
203.998
298.275
292.988
298.515
299.616
84.2637
299.793
88.1554
132.519
105.863
296.624
295.432
298.598
297.058
112.988
124.222
92.879
299.45
136.756
205.99
298.912
293.685
92.4033
299.285
294.404
91.5278
130.627
296.594
85.4213
297.424
299.603
274.679
85.8
298.975
92.5094
299.391
299.13
288.103
282.895
297.639
89.8543
285.273
299.227
90.674
286.651
203.396
299.637
299.628
299.18
85.7869
299.303
299.674
176.89
133.591
299.653
123.422
86.0416
92.7282
158.09
290.272
299.34
263.074
289.894
299.463
139.479
129.739
295.446
72.5435
57.0415
65.7096
298.118
103.235
299.658
66.8354
92.2187
281.04
74.3947
299.504
293.918
98.4767
299.783
295.651
298.303
91.1708
298.754
298.372
64.8122
299.707
127.705
299.922
299.633
299.787
299.913
293.229
92.4929
100.898
298.597
299.889
121.534
299.721
299.747
299.652
86.2071
273.897
299.186
294.866
300.001
294.147
299.873
298.846
298.668
84.2541
299.04
86.7032
299.774
299.905
299.94
299.877
95.1601
299.91
291.98
54.8066
299.909
299.863
299.809
299.705
57.2718
294.529
298.936
84.7444
131.512
298.587
91.7327
131.859
82.1062
299.11
294.606
91.4087
297.255
298.697
146.555
66.6878
62.3707
91.4971
290.31
299.163
120.57
298.492
83.604
290.519
93.2182
295.954
138.459
140.677
92.7298
299.592
298.249
271.17
297.99
94.8442
87.7131
297.512
295.023
295.784
299.541
289.354
88.8791
296.276
297.132
294.501
299.722
299.801
297.802
297.487
296.66
183.047
83.6106
299.401
144.091
190.921
293.484
233.3
296.081
299.852
299.769
296.875
125.703
213.613
94.7928
299.239
295.767
299.749
92.6319
293.17
119.814
186.368
130.053
160.916
295.608
299.051
297.484
290.695
299.686
120.068
298.843
122.91
297.607
90.6213
298.687
84.9245
76.227
296.529
299.67
124.411
108.138
283.497
298.389
296.273
299.972
299.872
85.3493
298.04
297.638
299.708
297.411
291.084
299.742
116.41
297.175
93.3947
299.94
293.731
290.401
121.451
114.785
81.9446
194.608
94.1857
90.1769
86.951
96.0151
98.758
122.13
299.282
295.555
299.244
53.469
299.891
71.5116
102.944
90.0566
117.762
299.897
201.89
89.8528
296.201
296.021
295.433
290.955
119.777
295.67
286.393
232.135
97.1111
91.7292
104.306
147.043
295.67
60.6852
299.628
94.4688
86.7806
123.484
118.047
299.232
132.927
72.9665
119.197
86.2352
101.66
99.1724
299.887
62.1208
133.4
105.719
115.546
299.916
299.004
297.138
90.1952
299.909
131.847
299.975
299.24
120.332
299.944
296.112
298.695
291.455
123.393
299.713
299.917
158.958
135.399
81.446
295.917
183.962
298.011
63.1156
299.809
126.923
297.343
98.8881
299.81
299.922
274.996
117.538
297.241
121.808
92.5915
298.015
106.594
297.172
284.983
84.6539
117.2
299.794
298.394
98.43
106.023
96.1332
298.691
299.78
299.826
299.839
299.969
115.698
85.5404
66.1997
297.73
299.974
299.04
299.825
295.752
72.4207
299.227
299.987
56.537
291.339
144.692
299.921
299.558
90.3711
299.537
117.514
299.577
298.438
299.991
99.8883
94.3177
149.539
298.733
74.2571
248.374
57.0924
291.704
114.881
262.223
299.898
123.463
296.704
117.461
117.28
176.486
118.467
65.5497
299.937
91.0048
73.1426
299.931
112.201
299.867
291.82
142.792
134.878
292.545
88.4729
299.111
124.698
299.967
205.377
64.9773
62.3639
133.789
105.379
299.83
115.055
292.074
299.684
141.274
156.382
299.955
74.6627
70.7211
77.3074
115.017
72.5998
58.4443
91.5818
85.0263
91.571
299.842
108.572
133.938
70.2629
56.4226
111.914
138.541
92.933
135.016
62.5186
292.177
86.2862
93.7743
58.2378
112.624
95.5363
299.975
290.201
297.072
292.418
290.034
299.816
64.8457
91.1524
194.878
149.25
100.7
299.98
111.398
146.174
94.559
83.927
277.854
91.6769
99.9257
290.687
114.338
287.014
78.8767
182.472
159.521
90.7123
299.947
137.526
130.711
64.3457
87.6284
299.95
289.527
72.6955
299.872
94.6926
160.705
298.099
99.2487
91.5116
286.466
290.925
113.029
291.264
93.2945
106.26
65.7735
85.1935
257.838
93.5567
299.69
91.8029
109.94
299.766
76.344
84.4774
80.9437
114.843
278.695
180.324
151.581
277.02
71.2834
192.539
86.1061
285.515
286.277
106.107
99.009
299.182
299.36
299.967
299.905
286.716
102.282
90.5989
284.01
292.747
91.3263
110.353
94.2495
299.963
95.5233
99.1008
195.92
84.9755
99.8571
127.999
152.209
102.915
140.422
94.4145
136.605
83.7861
85.1019
54.8653
143.371
290.754
134.979
289.497
73.0811
129.926
79.8106
107.137
123.407
299.829
57.767
108.266
119.558
299.861
104.518
299.889
285.977
155.67
199.284
121.616
95.7352
182.748
293.529
92.0605
116.476
98.7718
299.956
167.892
68.9284
56.0264
137.15
197.985
100.288
99.0372
79.3926
291.59
106.045
65.9385
123.336
116.521
75.4827
295.342
299.98
90.8714
293.807
195.352
291.391
299.089
60.6359
62.556
108.569
279.509
299.264
292.553
94.7399
90.6493
114.479
299.871
93.7176
134.675
65.9848
62.3748
136.625
299.717
88.0172
90.4737
99.8691
140.06
92.1463
56.1689
287.931
68.9517
92.9207
111.534
287.117
138.088
126.51
299.814
298.556
291.366
108.742
135.622
98.3788
299.026
92.2369
299.965
272.544
293.442
298.082
299.61
272.032
295.219
111.122
289.717
133.185
294.744
132.03
126.162
299.637
56.6087
294.08
87.0592
111.427
78.7449
95.4155
296.428
297.6
62.2792
101.195
299.434
95.0903
56.5301
299.864
94.2326
91.8232
86.2051
208.448
282.642
91.0517
299.41
80.6962
298.866
93.9092
294.78
299.963
102.077
113.646
137.287
116.395
294.345
60.9193
110.04
198.472
293.685
269.559
299.091
93.6973
89.784
65.0954
208.484
102.117
292.867
90.8039
96.298
111.944
96.7644
299.986
129.631
65.2132
111.988
299.981
109.936
71.3107
296.148
295.014
219.271
100.877
97.2659
146.907
268.987
118.217
100.426
298.103
88.9259
91.8941
112.071
113.562
91.2964
84.6919
106.914
79.1941
295.409
102.22
101.367
106.268
58.5103
182.04
291.035
124.654
84.5971
72.6276
299.144
295.969
99.4113
91.8567
295.238
91.2719
142.047
122.574
109.252
101.196
126.946
142.642
140.527
90.9795
142.233
139.186
294.394
295.454
70.9653
295.872
102.649
82.7282
299.153
295.222
296.442
296.342
294.826
81.8616
67.4704
147.802
77.687
280.186
293.497
297.966
295.868
90.8324
93.3952
66.1074
91.0602
96.0959
296.121
295.641
131.621
296.123
62.0594
104.909
296.431
296.137
297.303
188.841
297.315
111.11
92.1788
297.306
64.9003
103.273
105.641
86.225
297.474
297.008
295.423
125.447
297.547
109.459
142.721
296.611
297.752
295.615
298.11
297.373
296.497
296.069
297.598
298.778
296.763
299.045
298.136
299.34
297.383
68.7542
297.899
298.082
296.229
287.303
298.479
132.577
298.82
299.265
298.77
298.337
298.889
298.565
296.667
297.834
296.283
299.104
299.093
299.28
298.994
296.399
299.436
299.62
299.572
296.82
148.407
296.522
296.915
296.96
296.692
297.1
297.064
94.287
90.9007
282.966
297.28
299.316
299.589
296.585
109.496
105.552
297.611
112.918
108.576
159.167
298.206
297.728
175.286
297.842
297.925
296.736
298.2
137.197
298.288
84.5251
298.421
297.864
298.534
298.846
298.487
298.631
136.257
299.105
298.879
298.965
108.187
299.167
299.214
297.969
74.4388
88.5378
298.234
297.708
298.328
298.561
299.688
298.636
298.948
76.5413
298.172
299.158
298.421
299.009
299.323
299.491
297.601
90.2814
298.64
299.204
108.121
298.884
299.641
297.554
299.371
266.314
99.9102
299.517
299.139
299.992
299.667
66.2796
135.753
116.881
299.614
288.491
299.729
161.716
215.522
188.817
93.2203
290.643
111.965
93.3566
299.642
77.8409
299.66
92.4722
92.9131
68.9199
299.578
63.8719
134.122
150.347
163.909
299.941
97.1901
291.748
94.3441
110.485
112.284
177.314
100.473
264.629
299.696
299.72
136.449
89.1245
118.968
60.4872
130.367
184.276
98.1372
299.918
91.3484
119.919
84.6625
97.6866
133.802
153.717
83.9224
124.934
91.5368
90.5808
286.448
98.858
299.712
60.7373
91.3419
70.6859
284.241
212.304
299.756
82.5429
299.2
80.4332
84.3742
104.49
205.69
299.736
299.731
105.734
57.3618
67.479
291.212
273.18
75.8806
143.813
98.9095
299.766
161.758
299.82
91.0691
85.3376
103.417
299.797
121.099
299.78
145.691
291.709
100.354
117.134
293.102
131.699
95.6114
132.023
75.6026
91.8313
94.717
88.9296
295.409
278.595
67.2678
288.768
282.094
92.8272
296.364
92.8675
121.429
299.81
299.893
285.982
299.892
74.4155
86.0305
135.881
76.2318
133.766
299.916
290.661
90.8429
211.987
92.1877
118.983
72.3131
203.687
270.999
80.6848
110.789
299.935
299.759
299.84
146.906
299.884
119.87
115.328
93.206
59.6849
280.833
130.902
66.3681
285.355
299.617
285.729
113.085
299.939
299.665
119.972
79.9983
96.9235
166.971
117.874
107.585
118.009
145.284
156.136
93.9875
130.639
107.467
92.0598
143.591
295.755
297.569
289.279
166.588
157.787
294.222
85.7935
85.8394
229.008
95.1826
195.152
299.846
86.64
296.387
103.758
158.148
92.5766
65.6183
153.816
187.224
132.905
54.8105
72.2608
89.6767
299.739
297.295
200.693
299.818
299.825
128.085
61.9258
98.5799
147.2
138.675
96.1003
299.851
121.398
90.8398
295.587
135.132
149.221
94.8949
299.917
149.957
299.125
292.672
299.944
200.697
291.56
97.3005
299.274
95.6844
108.912
134.488
150.166
111.594
67.8727
128.483
103.039
137.334
92.4671
169.179
280.75
125.84
88.6132
137.126
286.113
150.788
130.712
119.774
85.8608
83.9383
73.5489
128.518
295.809
89.9672
85.4662
112.229
100.925
73.6103
167.66
291.395
210.365
130.077
70.8399
299.955
266.148
299.953
299.932
78.8658
81.8598
299.976
181.554
97.9793
102.17
56.3904
120.258
268.809
151.813
93.0347
271.185
92.6421
298.097
112.299
81.5616
85.6515
101.23
84.2614
110.152
97.2962
137.622
90.7608
96.5762
299.983
104.452
62.5463
61.5041
116.277
116.479
195.494
105.916
94.2671
108.996
155.61
281.106
93.3919
113.837
61.8918
75.7062
172.744
298.446
299.999
99.2404
133.375
116.69
297.423
69.8241
121.533
292.853
299.98
299.911
97.8985
279.919
88.2176
299.988
285.67
77.8811
116.135
107.17
66.3515
82.6033
299.337
85.7742
90.2963
296.566
158.347
97.7155
276.201
132.163
106.335
218.858
101.777
93.2201
87.3112
138.474
144.776
122.794
91.9395
298.003
71.0092
159.379
65.546
292.537
75.2406
89.9563
299.979
298.115
112.178
105.934
163.88
129.368
90.7134
142.255
136.611
117.602
119.305
92.1393
105.75
128.38
152.207
152.025
97.29
95.3788
130.18
294.416
167.176
107.235
130.217
106.188
91.3532
94.9178
93.1164
67.1615
298.455
84.4915
77.3147
279.519
79.2142
171.091
299.629
92.4186
299.08
115.2
143.528
299.145
288.33
162.017
64.9538
299.678
70.6192
299.089
300
56.7037
75.4207
152.32
90.126
83.5215
295.396
70.4004
112.675
129.797
55.8205
60.9008
287.188
92.4014
55.0111
296.368
89.7282
298.876
275.878
70.1614
74.6674
140.632
97.6505
120.116
146.423
125.803
111.267
298.094
93.7721
299.273
107.054
295.219
92.4944
63.3721
80.3317
299.834
296.741
91.5518
90.8061
298.412
93.3247
284.292
115.957
91.0126
292.007
85.2296
62.357
92.4879
211.022
89.0251
91.254
55.6807
91.7002
70.0442
281.571
91.4153
142.128
92.1023
103.85
223.453
156.914
121.365
295.983
299.745
138.854
299.139
88.8353
75.1913
298.018
144.379
116.841
299.588
284.34
88.2958
65.5138
140.429
295.83
76.8599
264.803
292.347
299.088
92.4868
247.615
92.2321
73.7014
297.259
73.1008
109.925
298.627
139.713
234.274
74.411
129.894
61.9515
130.736
295.07
285.745
290.48
94.241
81.4021
146.463
92.1113
299.273
298.515
77.2295
298.164
110.63
61.4957
57.6844
102.127
296.13
84.2482
297.704
298.523
75.7202
121.198
128.125
167.208
62.1892
117.208
102.474
292.805
142.713
63.8266
122.08
123.314
93.1538
297.9
92.7918
71.9278
84.8255
84.1554
98.529
297.696
286.873
93.8093
299.637
208.124
91.7786
89.9529
294.958
84.6119
94.0078
74.7132
203.483
60.6977
203.879
84.7495
162.264
80.1951
69.4987
94.6922
299.698
57.9297
110.836
106.309
295.064
298.534
61.509
92.6777
91.63
99.7395
79.3108
133.251
63.3796
114.718
86.988
91.5391
85.42
149.878
287.406
110.037
96.6233
122.829
56.7878
98.9908
122.719
81.4351
210.705
295.64
107.434
140.676
288.1
90.3087
157.225
138.139
363.908
92.5044
111.995
61.1541
269.296
298.178
57.6226
82.5785
114.311
88.9231
92.6911
71.0558
299.96
83.0796
104.256
61.3623
299.703
66.3131
69.716
108.217
296.168
63.5303
250.305
84.588
129.595
70.8195
200.517
86.7716
297.599
247.493
92.6988
121.424
57.0552
131.843
280.12
109.11
76.4366
93.8549
84.4566
113.357
297.107
163.821
299.009
297.722
213.083
114.987
95.3699
299.211
298.457
295.181
110.962
299.022
163.713
298.36
298.662
297.995
84.5673
293.064
78.2618
91.7882
299.651
113.643
98.3702
126.42
107.387
299.948
299.603
70.2506
71.3535
209.35
299.525
299.223
138.814
147.188
113.022
296.189
139.624
146.323
82.4838
298.18
125.534
148.37
262.142
275.77
56.7974
108.822
109.345
142.018
139.624
91.6128
168.905
295.507
270.432
90.7783
136.442
132.412
169.703
92.5899
65.9551
93.823
296.588
298.43
55.3408
157.592
90.5856
75.495
89.7066
195.809
165.292
82.5993
154.168
61.4959
92.1593
121.327
64.9078
92.6974
90.1998
85.8887
295.311
90.834
299.786
83.6534
83.8307
72.5718
281.851
286.941
91.8865
79.7703
298.89
296.617
113.201
299.672
174.751
75.1875
180.473
104.607
299.851
100.763
299.975
189.677
299.317
299.658
207.046
82.7616
124.235
124.955
294.138
179.289
98.0301
53.8742
107.704
294.19
90.7381
151.929
299.797
298.227
146.962
133.05
75.7009
297.674
285.755
114.246
299.599
71.4953
299.284
268.493
95.0092
262.023
64.3567
299.82
228.936
198.24
63.2882
277.157
299.725
83.2848
288.964
281.79
87.6026
213.822
288.904
78.9932
137.251
98.6394
157.004
202.095
90.6283
299.089
132.716
78.2044
298.935
84.3084
115.417
141.648
93.0568
95.3853
92.5941
298.582
89.0276
142.616
298.464
92.4885
57.1648
66.2305
94.5801
69.9653
100.63
297.643
83.2085
107.474
146.952
295.661
255.854
151.255
297.792
299.615
88.0527
186.944
294.802
92.5483
92.7734
84.7387
297.546
204.551
299.441
208.215
297.641
296.484
99.4886
298.219
130.954
294.987
193.586
299.969
77.0944
132.041
65.2696
295.592
106.754
352.556
116.391
139.756
68.3154
298.811
299.101
298.329
80.3393
96.8432
169.77
299.888
299.774
120.829
165.476
297.547
71.0035
137.838
299.764
92.8618
205.72
112.025
80.4768
267.1
118.316
299.9
205.935
209.295
294.445
133.808
298.119
97.2598
129.573
300.002
147.575
101.153
139.762
101.946
87.1072
64.314
131.789
92.5851
296.555
285.566
85.6533
298.689
96.6987
117.509
202.613
297.834
279.042
97.0595
292.566
65.4053
192.702
96.558
133.834
70.0048
71.0581
94.1264
288.059
99.262
299.067
90.8595
102.579
195.923
295.91
291.994
117.133
209.646
85.431
80.9342
292.654
299.251
222.23
87.7439
204.165
91.8166
92.5085
80.5516
101.051
298.088
138.087
94.6488
91.649
289.757
65.2246
100.521
299.293
278.628
294.599
104.443
211.209
183.048
91.9384
106.408
102.828
99.6422
253.511
290.46
91.652
299.942
95.2756
65.5267
147.809
95.1038
92.484
83.7262
118.296
100.219
299.246
111.693
249.839
109.085
286.107
282.423
56.9432
101.643
212.024
94.2457
142.852
133.063
299.918
299.93
264.171
74.1913
299.658
159.128
172.992
294.836
296.313
111.749
94.3311
92.0767
149.891
108.953
107.668
263.97
89.4733
298.073
77.1357
154.151
130.12
96.9794
141.47
162.511
299.889
110.606
264.1
79.9486
54.7694
103.157
121.014
87.7029
98.1086
115.819
55.7576
136.751
75.4031
102.628
108.932
100.693
150.76
103.08
64.6925
289.821
132.187
65.1219
297.211
181.364
93.1284
69.3489
295.288
278.374
94.7593
63.0234
92.8148
206.625
215.463
293.221
299.967
254.106
80.0373
71.5206
92.9812
62.0062
172.716
81.4675
266.345
147.338
299.108
111.683
296.48
71.3773
95.2513
299.875
61.4587
88.6063
298.111
299.28
117.432
298.586
75.1015
297.633
299.624
89.5213
106.985
299.449
57.969
103.174
275.99
299.116
111.365
72.6222
298.152
178.272
102.875
54.4927
109.923
90.5626
141.849
60.1675
77.3005
299.335
294.45
64.8967
299.732
86.5168
149.92
96.5218
196.429
298.069
299.761
211.536
70.4075
278.228
106.087
61.0639
287.59
66.2434
293.494
70.4859
91.6462
87.4663
67.2409
299.999
96.1023
298.422
73.2826
74.262
294.6
299.985
80.5944
91.6676
297.492
171.657
69.4274
292.886
194.608
153.225
298.708
183.218
92.0639
71.0522
68.3854
93.706
292.657
62.6869
154.969
94.9569
88.4853
165.138
67.5393
122.555
69.6986
214.445
177.944
299.722
90.3708
62.0046
89.0473
165.425
84.2252
298.644
69.9085
64.7844
94.9068
89.9516
92.4344
68.4864
292.553
299.064
83.8106
114.721
93.6136
59.6637
80.0153
115.744
290.796
156.504
56.5818
287.734
133.898
299.827
83.1421
123.821
299.249
93.9241
118.603
80.3724
165.681
94.7637
86.4946
261.292
93.9759
291.643
102.463
67.7832
83.1847
107.274
297.797
188.443
120.08
98.6342
297.813
92.7479
111.466
193.543
92.0196
96.1016
299.751
133.165
299.549
91.9255
129.666
189.226
61.611
138.365
298.263
292.647
66.4613
144.973
91.5082
289.229
112.326
298.5
133.802
85.3347
128.673
65.4892
298.604
157.028
122.219
179.925
70.4589
87.598
90.6231
142.691
74.5381
84.3633
67.9661
84.3292
87.9444
156.967
298.942
299.924
106.711
87.1918
299.115
75.2728
110.384
72.3073
87.5593
299.696
69.043
54.5159
141.055
86.972
92.5243
296.762
97.661
142.817
293.586
106.978
291.735
119.311
204.562
289.931
113.932
294.513
117.518
69.6086
93.9515
90.5546
124.533
295.289
93.8003
298.14
119.098
113.945
82.5209
156.113
97.3044
63.6713
299.603
101.885
138.261
71.9536
248.727
121.273
113.594
89.3927
139.085
88.0898
299.519
175.22
145.678
114.668
62.5651
295.689
122.899
297.302
122.691
71.3256
177.271
67.9743
61.5977
296.208
70.1514
75.4016
295.537
291.534
92.2323
66.1157
175.033
70.7854
115.6
95.8379
93.179
88.2176
72.5198
137.658
134.98
129.569
73.9246
297.128
92.9974
88.6465
296.579
66.4326
92.1027
153.073
158.244
296.818
79.665
95.8005
90.9851
289.793
298.012
299.23
298.37
93.3155
298.669
299.437
85.6279
297.749
299.031
299.224
146.083
84.9238
97.5784
90.7072
299.597
90.6442
299.464
95.8138
95.2113
299.53
299.953
291.915
92.7775
298.206
92.4104
120.812
297.324
64.3453
102.314
298.452
78.9599
299.295
92.6682
90.1073
132.624
294.871
298.778
151.697
299.785
295.603
94.5628
299.679
299.95
298.906
299.947
85.3047
120.979
299.322
94.0595
261.599
293.214
147.884
95.8387
74.9428
289.224
299.106
138.31
90.696
298.576
69.1686
76.3115
116.913
117.945
78.5375
281.736
67.2567
69.6439
63.4884
121.55
86.7053
290.712
278.715
109.905
92.4359
116.337
91.5266
298.584
299.79
76.2123
122.837
121.551
66.2024
296.327
98.8524
136.1
83.6973
229.334
198.62
66.6603
127.799
92.5426
91.6897
58.363
79.6758
294.663
123.235
298.123
295.287
142.904
127.097
54.6213
67.9752
95.6062
63.7964
119.758
69.3558
90.1186
118.772
143.41
63.8341
86.017
113.448
112.368
90.0991
299.987
292.02
127.792
278.109
81.3377
100.806
85.5157
74.1616
296.926
85.5838
66.0734
156.875
89.4459
136.618
176.411
67.6089
142.039
72.2577
62.1832
83.7545
67.7626
155.716
161.487
71.2694
97.8825
262.959
86.1206
154.087
293
91.3647
257.647
91.7024
122.316
138.792
294.5
299.772
255.993
297.205
92.5736
286.788
64.3405
299.799
70.4753
269.152
147.328
132.282
67.6217
78.0252
64.4169
84.8465
191.593
295.414
293.247
294.961
122.349
299.989
292.48
92.5141
89.8158
195.645
91.7432
59.9173
96.1565
92.3718
273.883
138.338
63.8488
122.142
195.679
299.765
299.548
87.5205
117.569
70.1321
70.036
132.939
113.274
109.155
117.444
88.3913
198.623
60.556
90.2417
117.492
100.592
85.0231
61.1322
299.963
300.021
299.77
298.745
290.642
57.24
94.3673
137.02
66.8037
281.899
83.4079
290.178
83.5653
62.2734
92.7667
62.2036
86.3045
116.937
98.3602
296.857
109.371
79.4649
283.912
299.617
92.0814
95.511
53.5769
98.1834
299.369
295.37
68.5031
76.0337
299.521
114.195
299.897
291.422
99.3901
94.7074
293.15
65.4866
114.118
127.702
105.99
147.563
118.173
71.3284
93.8874
162.814
91.5791
123.969
156.351
89.752
64.9064
118.097
99.7699
293.784
66.0023
97.2313
300.013
79.4937
110.644
296.098
226.066
233.072
73.1201
297.866
91.9883
94.2825
295.716
76.4953
285.928
295.931
289.909
263.728
205.443
92.3501
69.0783
256.487
104.292
165.213
295.356
168.592
74.1352
145.008
204.348
296.952
82.0738
296.252
127.268
180.693
90.9767
86.1579
299.948
70.7624
296.697
135.311
293.146
187.065
96.2569
63.5565
173.398
66.3601
154.847
103.145
93.324
299.504
295.589
297.156
69.3227
119.086
297.763
110.613
101.124
299.232
111.009
298.038
299.048
298.401
298.685
298.592
299.541
296.72
86.6047
299.27
299.246
284.197
185.709
131.744
298.467
67.9467
81.401
83.3861
154.434
117.338
209.87
62.8402
299.61
91.5803
286.599
297.256
202.364
76.6885
62.6941
59.0239
296.033
284.213
74.5448
283.703
202.365
91.9575
298.667
299.121
65.3299
285.744
295.827
272.105
258.672
135.118
293.285
151.331
298.764
299.944
110.508
86.6958
298.883
124.327
299.686
71.6372
136.343
55.2364
102.637
92.5101
162.011
65.9034
114.959
95.4307
286.131
299.231
141.07
299.293
202.759
91.0537
57.5457
76.6028
299.824
296.797
294.395
296.868
299.362
75.5856
70.5103
299.645
296.968
299.98
152.332
132.845
84.8102
295.278
172.511
79.9189
62.532
297.138
299.926
99.1152
121.693
178.766
122.274
67.4186
88.573
275.43
298.709
67.5889
190.828
298.159
118.694
294.154
65.8071
299.192
92.1727
103.352
91.8468
85.8177
115.859
88.0271
109.614
169.498
294.175
196.971
95.7549
126.875
296.27
107.09
88.3124
287.02
69.1928
134.237
67.0315
195.933
117.175
84.4675
296.649
73.7758
297.722
139.458
87.5695
299.614
158.365
299.658
89.5543
65.2901
73.8967
281.453
89.6035
291.807
183.529
197.219
202.963
71.0961
92.3018
299.992
155.41
56.5726
299.8
96.6924
108.396
111.84
95.1199
61.9267
65.6478
92.4679
296.148
247.113
62.1356
190.978
291.496
123.173
110.513
296.048
159.962
299.989
69.3986
299.858
64.1314
92.8945
94.3205
92.0985
130.777
131.487
91.2218
145.945
79.1393
111.473
96.7275
62.0999
79.194
299.119
298.482
87.1985
261.201
299.969
297.851
77.5958
68.8086
85.584
85.0767
73.4702
299.662
75.3995
94.6276
117.049
123.401
62.0583
297.607
298.945
297.029
298.987
299.773
86.9941
299.896
299.667
132.069
134.026
77.343
71.397
114.766
137.2
177.599
175.468
167.768
87.5598
86.7542
95.507
299.563
124.422
91.6547
101.983
92.6992
141.151
109.045
85.8138
97.5578
114.958
148.414
295.867
124.539
299.261
139.946
87.5626
299.989
293.231
211.125
96.933
95.4309
86.47
93.9512
91.2373
92.2266
209.492
293.874
162.144
299.868
226.748
126.696
94.8206
125.39
284.973
299.853
142.24
85.2563
104.347
171.917
70.6208
142.618
144.787
146.85
83.6508
84.4104
91.0598
200.964
145.918
295.713
100.61
60.7966
57.2341
299.743
299.351
114.461
143.22
130.618
79.697
151.808
93.672
79.452
83.6998
293.952
115.815
297.854
82.8605
98.9572
82.8508
80.8652
95.3142
148.552
103.084
70.7737
172.077
83.7854
264.421
192.471
239.585
101.693
298.36
77.6433
241.436
299.524
57.1901
71.1454
124.936
119.957
74.2357
127.134
298.838
85.3592
295.696
299.481
70.0048
63.8836
92.977
216.42
165.838
179.831
295.999
145.783
93.9933
86.5125
299.891
295.647
139.247
94.203
246.116
209.82
120.888
291.621
116.388
76.8764
299.967
111.593
296.897
294.743
69.0408
120.402
64.1885
286.889
220.758
97.3503
91.5701
71.8151
220.045
294.212
112.718
75.91
154.329
92.976
153.733
68.8351
299.972
72.1792
75.6337
298.762
200.799
157.045
299.085
297.266
89.6692
225.577
206.886
81.8859
299.973
55.6049
198.725
72.1836
83.4763
298.124
89.302
67.6057
98.6598
299.641
269.798
196.107
87.3012
122.209
172.166
292.311
287.831
62.1771
164.401
299.563
119.674
122.349
297.231
69.3565
299.204
139.346
98.647
201.184
265.794
296.564
295.39
299.144
298.725
148.734
107.323
215.754
174.246
65.499
108.133
113.095
266.206
134.279
146.189
82.8267
299.551
299.153
295.478
297.176
293.795
129.257
299.273
299.817
111.141
219.209
298.756
54.683
299.96
69.9249
91.3584
74.1805
295.406
147.786
92.2019
287.901
296.854
296.065
52.9003
94.8335
111.358
132.93
299.952
299.952
75.5898
112.383
212.451
93.6244
87.1588
104.109
88.5527
297.355
294.226
299.117
145.956
81.5097
82.5898
73.7784
136.526
93.3141
62.4638
167.875
90.1895
299.757
69.4874
295.817
73.9201
85.1694
293.387
89.9283
169.608
120.218
134.541
102.287
299.181
190.101
156.566
297.227
131.005
85.2653
299.909
299.824
83.7395
299.737
299.938
81.0784
299.747
70.8629
178.901
164.936
123.414
130.677
294.134
85.7121
278.361
261.247
299.996
84.4393
74.8642
76.527
54.0975
84.4617
166.185
250.939
299.084
114.771
285.43
199.914
218.667
294.46
96.5326
291.189
299.861
130.388
299.261
129.496
200.631
299.933
105.314
73.098
104.958
299.806
132.739
192.389
142.817
126.503
131.554
186.513
58.4838
294.555
86.5322
66.6393
87.7172
80.3271
84.5278
113.293
114.969
102.97
147.33
299.904
299.9
77.0848
92.2863
70.8074
189.071
294.718
291.665
71.4538
157.649
122.912
100.59
293.997
66.6148
62.4596
297.097
126.993
91.5595
244.942
174.358
99.6395
95.4946
299.652
79.4671
93.0957
83.3612
63.878
152.183
95.3567
127.264
290.403
200.809
62.4057
294.151
66.2535
84.098
108.942
193.496
88.9875
106.302
171.477
225.323
116.836
99.6797
292.223
103.58
205.092
134.533
132.946
54.9859
86.3686
88.6744
111.335
107.854
62.0189
295.811
294.017
94.9749
274.134
74.4465
89.1136
294.501
71.7324
89.8813
87.9538
79.3306
69.6966
81.3205
105.023
109.033
137.071
86.4735
183.264
150.817
109.701
75.4084
88.6905
298.893
129.467
96.4745
294.131
299.289
54.3572
299.753
299.266
96.2407
108.059
134.358
273.236
92.3805
91.3572
293.491
224.714
234.881
153.631
91.6052
92.5292
298.903
69.8091
287.356
99.5755
286.98
295.986
137.434
89.6644
103.039
59.772
58.6785
125.002
177.819
77.3285
56.4941
299.928
299.652
299.899
72.931
141.874
297.772
92.4742
148.59
79.6402
142.253
299.413
297.355
91.1164
84.1432
289.784
97.6548
297.7
87.3813
117.15
141.917
123.349
117.22
164.298
119.571
89.3745
66.9424
196.262
298.841
103.022
136.298
79.4795
52.8173
296.887
91.6366
89.7409
229.445
117.986
290.538
299.978
83.9786
110.616
173.705
179.891
297.665
132.27
125.954
84.3831
205.335
130.519
173.614
177.495
294.668
298.446
137.028
209.511
161.047
90.6421
71.0082
144.465
62.3256
130.129
135.507
121.125
67.6959
136.523
249.703
98.9619
62.3953
52.9829
102.998
101.951
66.588
85.2968
135.357
298.84
173.928
296.413
65.7527
240.231
92.1483
117.018
286.814
94.8673
295.693
273.129
79.3011
62.4512
274.232
53.5477
90.9603
103.474
277.072
122.17
96.2722
91.8984
298.788
203.036
131.651
299.963
69.2803
283.264
69.9768
149.3
247.039
298.834
105.634
123.969
132.767
101.729
97.1533
96.2136
68.7164
74.8422
71.6487
94.3606
271.581
71.2609
299.565
132.288
120.348
59.408
291.088
299.859
83.0214
299.721
95.1009
131.705
134.381
70.3236
155.764
128.299
299.914
91.7965
83.0518
84.1484
68.0575
299.063
134.27
299.861
70.9428
132.864
113.005
290.229
296.299
83.6289
194.558
131.32
201.594
234.313
117.068
112.323
204.1
298.544
81.7626
69.4834
133.343
281.651
73.9463
297.377
159.281
295.486
77.5206
77.0805
293.239
101.214
66.1726
201.473
299.28
67.4807
92.3175
143.972
192.579
134.18
79.7595
83.0282
94.1105
67.8041
176.051
151.339
67.3151
93.3126
174.008
149.474
297.134
295.569
165.735
125.873
150.235
92.1274
123.367
93.257
80.9683
65.4518
201.102
93.9389
93.7187
284.162
294.877
88.0262
171.799
294.917
90.0607
147.866
109.349
293.129
295.67
296.541
75.8402
92.0048
59.8693
260.39
120.363
300.004
112.34
299.745
232.541
255.105
180.824
185.717
83.6384
172.363
79.149
142.766
53.8675
107.011
122.905
240.273
294.518
90.6452
282.212
283.321
83.2551
298.771
88.7717
62.9825
298.458
185.116
125.242
94.6968
68.5144
108.756
287.867
299.882
128.769
148.111
64.4142
130.901
299.93
60.0772
103.21
125.28
73.5818
222.49
220.658
267.103
65.7024
298.899
131.437
96.1795
153.741
83.6024
91.6253
81.441
83.8438
179.608
210.877
83.4456
138.487
299.939
92.2014
198.75
100.166
72.001
127.3
273.211
85.7783
65.3367
83.623
185.513
296.714
112.921
136.445
65.4993
274.17
104.563
210.457
187.439
155.845
151.264
167.515
145.215
106.864
184.85
148.497
297.744
93.3718
91.3848
298.177
77.7583
298.609
296.717
97.7711
299.887
125.393
63.0385
299.981
298.611
126.283
69.4757
74.7196
87.224
53.1348
283.475
164.689
298.28
107.778
297.769
88.2976
69.612
82.0702
102.811
132.571
127.709
291.198
99.8386
81.7272
293.642
124.485
114.78
56.5531
62.0439
160.625
152.26
126.827
98.5571
120.248
216.803
248.955
299.779
69.6466
293.466
108.209
134.317
78.3253
298.756
96.388
292.769
97.8698
295.965
299.393
85.3054
78.3584
158.933
118.862
297.914
66.0048
81.4466
67.3037
222.787
83.2179
183.228
92.7005
85.7807
71.1082
93.3067
285.476
135.618
297.646
88.8596
206.869
101.914
129.897
97.472
54.6883
98.8805
105.692
72.8932
69.0052
275.487
91.9343
291.913
82.9765
146.92
291.358
140.717
75.2705
105.842
99.0017
222.98
63.9765
83.4418
84.8988
127.639
91.2368
53.1428
159.584
289.328
126.115
129.94
61.5409
297.341
85.2922
299.91
205.943
93.0124
143.885
68.61
253.663
62.0289
55.6767
267.616
198.416
153.665
77.8449
184.893
298.809
84.0991
146.055
203.994
103.103
66.8857
139.989
79.4756
91.8663
135.036
84.0547
120.546
257.794
92.5432
295.741
264.129
83.6271
123.629
297.931
298.118
276.047
129.194
121.381
94.4654
124.17
92.3819
82.2429
119.677
55.6347
85.6964
86.5342
197.122
69.7391
218.968
299.783
126.545
124.318
94.7001
208.627
130.856
74.427
239.007
99.9132
68.5951
262.421
152.721
81.7703
60.3335
283.857
69.595
69.4181
82.9627
128.697
190.338
277.991
79.388
194.371
132.415
254.12
92.2542
260.051
154.217
299.49
65.8748
53.2659
287.299
132.43
69.9085
58.304
264.643
55.8263
138.939
85.4095
93.0091
71.0117
299.965
67.6136
57.7676
84.0878
69.4697
69.9665
292.277
111.211
85.1486
136.256
85.5266
289.83
186.434
189.432
85.443
280.94
85.8165
298.323
190.987
66.7008
62.656
200.5
128.337
201.122
75.6957
186.115
148.142
151.6
124.466
147.054
67.6541
115.787
166.789
90.745
59.6588
299.875
90.5874
71.4512
91.6849
118.595
283.16
66.9037
65.7007
296.389
152.137
293.52
296.48
149.621
248.513
107.494
66.7479
66.491
173.872
75.3997
86.5923
293.8
299.62
107.191
61.6661
111.092
276.713
241.136
291.782
97.2123
110.006
296.739
296.494
99.9184
285.886
142.983
82.2546
69.5338
106.9
66.4553
278.441
137.12
298.919
299.131
137.584
104.941
67.1343
264.072
229.754
296.409
164.938
190.453
131.244
193.166
177.687
298.292
105.013
93.5112
146.709
56.9325
124.891
110.547
274.394
288.058
194.467
72.6979
170.357
136.103
106.159
63.729
299.035
70.0086
114.576
71.7872
112.189
203.001
250.591
299.351
78.9194
148.007
252.815
298.17
90.5977
87.8318
109.06
106.004
98.5017
68.3375
298.509
212.398
299.976
121.538
74.4355
90.9916
91.1625
129.801
299.601
148.754
187.901
184.623
288.346
99.309
129.864
84.1202
155.48
293.584
111.399
287.355
292.735
263.748
81.4054
96.1365
300.065
88.4167
144.252
83.3045
72.6325
130.087
294.062
101.522
299.647
79.832
112.409
299.121
105.827
96.5157
70.3633
92.4694
61.4009
62.8987
191.971
82.8241
151.642
299.294
102.63
97.4314
91.7558
298.721
91.767
67.337
94.6225
299.972
95.7244
61.8079
290.244
135.493
102.374
117.14
79.9279
83.4747
91.0868
55.5751
80.6282
94.7345
156.358
149.467
156.201
291.695
293.316
56.2668
121.618
134.289
106.815
120.011
54.0825
118.317
172.248
203.671
298.579
101.748
84.741
93.7599
98.9462
171.854
86.7107
83.4366
299.762
81.7049
94.7534
119.491
298.944
139.357
92.0566
127.197
92.5254
298.74
128.351
62.4689
162.791
205.823
248.153
105.908
75.9207
94.6571
56.0305
294.48
298.121
299.857
69.526
103.255
214.525
66.3526
59.9811
199.665
299.975
299.506
63.7083
296.366
118.957
66.0766
242.005
296.67
122.454
73.8517
146.887
145.767
190.434
297.641
86.9723
82.1603
299.718
161.517
55.1726
109.826
299.821
293.457
238.094
101.341
92.4029
81.577
128.856
61.8979
63.4327
92.1379
210.822
124.127
212.194
78.8223
299.986
94.3266
91.0776
93.706
93.4287
92.3382
299.977
136.657
237.109
56.7532
282.458
287.439
274.556
295.745
179.864
66.4181
103.183
80.6582
298.238
62.2087
139.069
94.3715
93.6921
162.503
119.609
260.504
93.4324
96.6996
68.5949
263.743
82.6306
82.2359
106.472
260.506
173.434
81.8268
88.7474
92.0303
299.79
116.858
91.0302
59.5526
70.2586
93.1606
87.8926
152.736
55.2864
147.773
291.78
88.196
70.7085
71.0746
103.464
254.579
299.989
130.452
89.545
309.556
70.6153
54.8852
88.4138
96.8772
115.44
75.2994
299.094
90.7559
104.55
207.356
87.1751
166.19
284.824
72.6664
96.0923
105.314
158.973
79.4174
81.4504
69.841
299.985
287.325
78.4211
138.517
129.262
113.344
79.8053
87.5465
288.855
299.808
114.18
299.092
299.833
59.6361
86.8177
104.624
123.338
141.865
91.3758
150.828
92.6118
210.401
277.121
124.789
155.592
270.572
83.0542
93.6611
75.401
284.523
64.6242
297.064
170.587
137.904
90.7341
93.4189
96.644
91.6717
128.362
62.3413
93.7158
299.889
78.8724
63.3267
92.208
284.76
288.994
129.816
84.7008
86.566
90.8441
105.206
99.5931
152.052
291.682
122.431
290.528
272.496
88.0973
93.0784
74.003
294.977
90.4451
101.774
153.117
91.6697
158.354
101.691
131.675
298.494
91.334
80.1682
80.2694
282.189
157.853
129.885
124.313
299.892
85.2125
86.8279
75.5008
146.857
76.6491
126.484
299.908
220.442
199.574
87.0226
156.755
82.5589
71.5434
92.0707
100.328
82.3624
148.687
299.93
93.8179
92.086
108.155
70.4891
218.273
91.3336
74.8645
262.105
91.4597
106.705
193.169
93.3756
188.315
189.014
109.348
298.535
92.5273
188.028
297.575
106.392
214.281
297.823
286.313
94.0547
114.379
294.924
96.5886
71.1339
117.256
296.573
144.497
141.985
132.872
299.589
299.477
96.5826
263.986
270.856
196.913
287.514
297.509
195.56
157.88
54.0525
153.791
145.22
91.1066
94.1936
142.534
108.7
295.97
82.306
299.65
71.5122
97.9204
192.403
79.85
167.63
99.6629
295.804
82.8445
121.491
82.4733
293.49
161.397
69.5057
208.285
83.1211
298.508
283.545
294.386
297.535
77.4878
56.232
82.156
299.897
84.4264
111.264
104.794
81.1515
170.389
134.698
207.134
85.499
212.306
149.547
82.4853
73.9622
136.783
91.5511
85.4339
297.822
161.562
91.671
293.459
140.84
143.402
73.6471
132.256
83.9783
297.274
116.71
107.685
71.9285
299.738
297.847
92.6717
299.961
295.497
282.056
67.6095
297.241
296.689
55.064
83.0227
193.817
95.3509
131.302
217.47
152.638
145.606
190.344
96.6767
186.816
288.459
72.772
95.8489
299.828
79.3761
75.2886
166.262
206.466
89.7862
76.6597
141.868
100.434
91.5206
81.42
299.819
85.3795
75.3971
219.547
126.474
122.158
146.876
85.9
299.604
299.452
294.256
134.403
249.477
91.0503
299.971
256.042
174.57
205.596
168.032
66.0256
196.485
217.014
89.4356
115.069
97.9667
112.254
101.68
293.419
54.3918
135.626
68.9244
299.417
101.161
88.3349
86.8004
71.8081
186.321
89.9386
94.5367
283.224
121.863
108.95
282.53
62.1966
295.647
149.835
184.935
290.178
145.385
84.4269
85.5968
120.362
92.4037
294.986
97.2777
162.617
135.828
70.4491
111.574
298.575
290.822
74.1659
135.266
100.432
70.0167
98.2761
71.2514
177.294
86.7387
299.828
118.86
129.615
108.018
291.363
181.768
133.973
299.977
100.52
99.6566
83.6109
156.89
86.953
299.136
159.35
298.335
194.089
136.135
298.042
112.861
283.795
95.4116
70.9296
186.813
252.327
75.1556
115.52
282.8
218.439
211.833
106.97
162.495
61.6687
92.7343
94.4165
75.9287
77.8856
121.787
83.989
107.687
112.108
290.076
69.0994
134.574
140.421
81.0533
85.2918
152.589
64.7176
81.8822
117.119
107.524
68.1372
288.075
299.383
96.8652
69.5795
288.746
83.0106
296.847
234.96
86.0782
83.4023
94.9248
102.679
128.823
144.223
74.5066
146.345
298.918
144.773
282.477
85.5787
298.209
83.1966
296.621
133.161
299.481
157.156
278.011
150.733
295.901
57.3197
87.8459
136.849
120.856
145.125
142.923
222.562
296.644
295.875
56.4046
129.235
97.0062
297.278
124.356
84.6139
79.469
297.088
101.486
93.5641
293.382
215.987
299.887
106.038
285.485
297.769
258.954
85.5019
105.715
299.715
124.506
106.798
71.0537
151.3
62.2352
103.624
285.171
54.8656
124.06
137.772
63.6712
75.2194
87.9349
270.008
80.4319
69.0772
288.121
92.599
110.444
65.8743
79.9773
113.279
66.8841
81.9172
89.7485
127.429
70.8281
144.641
127.793
99.5577
132.09
53.467
144.843
89.8038
297.201
197.881
81.3494
117.587
132.6
92.126
54.6777
296.791
161.974
65.4072
106.282
115.514
298.043
194.129
83.7394
87.0011
89.6438
294.707
299.332
69.3601
129.176
155.407
191.345
226.582
68.0419
62.9957
90.9044
66.0789
110.329
126.199
67.8713
85.6921
151.994
66.8089
168.43
298.114
60.3278
85.0436
148.325
297.008
299.892
299.921
127.491
72.9834
67.3242
177.323
109.949
125.865
134.78
158.101
293.594
293.959
74.5664
108.269
293.927
60.3762
298.909
160.069
90.6361
165.17
94.0667
112.976
83.3435
95.7938
100.646
151.9
286.968
219.318
106.795
289.134
93.578
116.456
143.592
297.582
299.371
131.341
55.1214
79.6385
80.9007
168.767
130.061
69.2598
104.74
101.722
146.043
129.003
72.6161
264.887
79.0171
88.0031
293.515
149.883
292.216
75.0021
79.8846
299.72
92.4154
118.643
72.5411
111.843
92.3181
90.3455
291.766
81.8989
108.454
119.896
74.4651
92.3473
99.8009
93.6307
85.1489
96.7203
89.7813
120.091
299.616
296.399
108.393
87.0845
91.0664
57.2117
285.707
111.305
293.902
123.74
198.55
130.98
164.564
144.896
295.233
73.4919
87.0277
58.4327
263.685
130.23
297.086
121.013
104.147
298.417
114.368
72.5001
132.1
299.921
87.9394
117.065
63.2736
108.298
130.013
92.4691
138.587
139.25
72.7645
116.911
136.125
101.209
127.503
225.421
74.6441
93.2896
52.56
288.408
292.554
298.752
292.856
95.2781
117.001
104.355
102.452
150.924
82.1518
85.997
147.551
78.8337
95.0341
289.184
283.743
84.3548
107.985
72.0667
296.492
131.729
89.6397
285.37
97.1121
144.689
152.897
89.9386
299.98
100.506
112.241
79.4756
296.017
151.933
75.5886
75.0656
102.802
288.924
56.3343
87.236
59.4473
297.877
299.75
148.494
84.2157
129.947
169.588
83.3983
100.877
195.385
111.809
94.7219
75.0496
299.835
121.036
287.188
110.652
114.512
271.786
270.037
54.5519
299.998
104.775
295.822
94.5732
120.957
103.932
299.989
65.2289
90.5319
97.3096
115.161
138.743
87.0011
298.606
222.53
67.8063
60.1564
121.095
300.037
115.592
299.838
75.5871
139.294
57.5446
62.7318
247.726
143.961
293.465
299.83
296.628
117.99
298.443
91.4354
292.076
111.961
84.7319
299.496
299.978
78.3244
137.786
296.138
125.115
103.255
299.878
299.859
90.2549
296.877
91.0415
139.923
212.177
83.4942
299.932
299.279
108.454
131.04
86.6671
147.874
196.856
298.202
125.635
104.047
91.0746
173.049
72.9415
210.967
73.8683
298.446
74.0452
76.5355
67.1217
298.141
299.742
120.125
296.946
84.3516
172.233
107.695
140.496
223.448
67.1136
299.139
54.8599
155.747
73.4877
110.9
295.854
299.305
297.719
93.3182
145.998
189.585
86.8384
88.1038
145.056
107.799
97.6221
161.553
288.542
113.497
119.876
207.672
89.3174
69.577
130.512
99.6367
96.6608
79.0434
107.388
124.32
72.5865
85.9519
82.6532
190.445
299.135
72.1966
84.4894
71.8544
167.179
171.96
98.4094
83.0003
145.311
80.8609
85.5648
210.12
67.002
298.745
281.702
157.99
299.804
86.1511
119.971
135.48
119.345
313.595
334.846
86.8603
299.23
99.8404
115.201
193.8
102.344
91.122
299.133
264.561
90.7233
109.099
204.773
108.686
94.8109
165.062
142.708
289.017
76.3316
82.9312
123.431
64.6392
97.2926
283.39
109.258
91.8184
80.5013
98.012
86.1379
164.259
299.969
127.051
297.297
65.2442
292.362
64.3401
80.9616
136.708
178.977
125.179
208.959
82.0736
297.188
299.103
298.593
87.4025
90.68
125.961
278.238
55.8571
285.008
80.2452
297.867
299.318
88.165
102.374
125.502
91.8166
80.4079
133.68
244.629
225.677
90.6283
120.442
95.6835
177.189
99.1279
92.6071
286.626
137.94
202.201
95.0375
97.6842
114.485
71.7571
113.097
222.143
245.023
289.337
54.5425
80.2481
113.62
67.7304
295.129
102.925
81.2995
299.694
207.184
80.8737
87.9264
291.715
79.9737
74.1703
202.508
84.9187
168.94
212.063
72.2651
97.5482
99.6306
296.947
214.776
80.8241
310.886
333.917
299.012
246.597
92.0399
116.623
102.826
76.6266
82.105
123.225
293.859
62.8735
299.574
85.85
297.684
283.848
192.885
291.59
83.3559
125.007
136.568
67.1314
259.698
146.442
62.5201
183.357
81.1051
299.911
289.346
114.899
83.8261
91.9482
292.834
116.483
299.382
297.215
215.402
290.117
154.902
123.645
186.443
296.808
148.216
206.992
77.0065
299.24
297.01
92.323
88.6475
279.662
287.702
126.315
279.817
132.631
209.913
288.795
156.959
211.751
97.0353
82.486
80.5059
98.2524
285.595
123.01
298.548
87.7497
221.425
67.0931
95.3299
299.997
124.228
204.879
92.811
288.992
130.349
63.5123
96.3889
123.623
59.3366
130.605
184.586
84.6856
126.071
172.786
84.7052
132.347
259.411
132.726
92.8074
70.359
83.4946
85.2085
81.2974
55.1376
83.1481
78.2774
294.896
150.826
289.295
277.354
282.103
139.073
114.573
104.148
129.066
62.8653
134.843
130.177
189.948
56.7239
133.643
67.7796
91.6968
112.469
128.134
121.014
131.689
126.045
75.0211
67.9559
212.692
297.132
115.171
53.5454
108.256
299.677
82.154
297.308
187.616
92.1008
109.779
81.1109
94.4489
289.751
90.6366
80.6021
225.26
92.2712
249.554
196.976
86.6218
102.857
90.6867
87.0331
299.971
173.745
108.2
89.6756
186.068
87.3746
178.457
63.5244
63.5575
122.233
96.7277
70.1103
156.119
85.3495
284.82
169.496
297.345
67.4212
91.6978
144.893
287.755
73.3943
299.662
179.503
128.818
94.0034
66.5707
298.54
67.3056
56.2114
131.879
139.172
64.8879
86.1103
81.4372
67.9998
128.079
92.8475
279.196
139.723
118.665
130.518
80.7389
93.5032
279.851
108.263
86.6562
291.943
98.3149
296.295
101.662
289.346
116.728
86.2228
299.972
99.8107
95.5013
118.771
290.029
66.1258
114.098
184.635
125.895
94.1879
82.9077
92.4306
95.7502
94.4586
84.4342
106.231
179.444
294.677
299.969
297.683
113.382
288.554
290.197
289.435
85.2174
220.407
272.088
103.445
317.271
204.673
91.2652
90.8817
199.495
151.631
251.396
90.9747
74.4971
296.537
123.373
122.003
83.9701
138.33
65.519
70.2445
276.36
71.5766
262.407
117.75
111.327
92.5582
71.132
118.238
295.771
197.865
77.4458
102.216
83.4992
295.803
297.385
115.275
265.103
66.6771
111.165
82.7471
140.652
111.561
167.597
66.3638
92.8827
253.664
289.957
98.7695
288.613
89.8098
126.016
129.041
76.6266
293.324
163.556
139.592
158.262
137.941
139.287
97.7433
258.229
64.3067
52.4869
76.3602
118.452
93.3348
298.596
184.657
295.703
148.89
93.9936
115.115
111.651
95.3841
96.7546
213.342
81.3665
92.7868
57.7937
185.645
295.154
115.329
288.936
66.1092
83.7419
130.878
68.7862
106.473
90.2645
283.946
130.429
66.1449
101.868
286.311
90.6395
264.71
298.877
299.991
285.891
108.331
56.0019
151.668
97.9427
299.23
299.14
298.081
227.485
224.799
299.746
289.972
292.833
193.918
299.735
68.1176
115.491
122.67
74.8792
80.3382
157.47
93.46
122.088
293.228
281.231
82.4896
113.328
136.771
98.253
152.015
240.995
85.9025
87.2116
298.354
88.8185
298.192
82.7438
117.663
54.5969
80.3224
94.2926
300.008
292.025
284.891
63.4156
262.662
299.839
99.5531
136.849
299.305
71.0642
52.7835
296.766
106.471
91.5854
97.909
120.297
299.765
189.379
97.2769
155.875
165.794
299.16
75.7749
220.763
299.511
81.3116
94.9548
292.863
109.927
221.464
236.27
91.3589
134.106
137.304
283.763
217.538
79.3607
68.8618
278.497
106.881
104.357
209.127
116.101
70.9809
75.7513
63.9919
95.8851
122.2
114.729
284.376
137.085
131.957
81.7976
84.9118
90.6686
163.562
298.3
125.916
73.1017
141.134
83.3597
53.1498
129.279
93.2462
102.66
80.5007
82.3268
70.2917
296.502
96.9117
117.458
295.86
123.082
195.754
299.721
128.893
298.707
115.734
90.3267
94.4727
129.716
133.459
297.854
159.124
66.1622
113.405
300.032
282.335
66.1383
124.604
136.552
74.8531
283.714
82.159
125.464
90.069
103.414
103.886
72.9447
112.777
140.566
104.932
207.817
98.2794
95.3816
195.198
71.83
299.493
289.243
66.7289
62.6415
151.906
79.5629
66.2407
181.493
61.4397
92.7703
299.965
227.728
62.4842
81.4308
299.924
74.9352
102.245
111.618
67.0214
283.563
107.55
110.662
66.2643
299.558
94.9384
64.1345
82.7047
70.6023
260.549
54.2189
56.3169
111.95
288.383
99.0836
288.568
111.095
293.612
122.42
63.2827
71.0759
65.4369
117.805
74.2926
109.063
62.6196
123.829
97.7027
297.432
175.708
282.758
148.867
124.491
91.5547
110.411
101.214
137.78
289.551
115.053
106.275
134.308
273.651
70.3619
191.656
145.362
71.6881
299.635
122.725
299.953
146.463
123.784
67.0707
96.2953
192.766
142.174
173.885
289.716
112.822
296.463
94.0892
297.401
299.733
176.612
55.9527
202.666
139.106
81.7625
85.4172
259.442
87.1953
65.1685
162.482
194.141
80.9853
218.389
80.2758
93.9125
69.9243
79.138
123.406
196.069
298.88
64.0753
104.564
296.913
95.6247
94.7858
140.171
299.907
294.471
97.6775
90.5934
299.574
298.279
299.295
122.685
129.745
144.851
297.797
297.382
101.844
239.963
108.679
93.2017
120.175
114.335
258.538
174.538
99.0676
74.8099
120.611
98.8623
79.4517
299.108
58.4267
93.9297
95.8196
118.897
201.545
206.575
126.604
71.6367
299.977
66.4465
77.7031
93.6167
111.045
92.3988
69.9394
295.733
114.033
101.206
295.822
68.8805
61.7597
95.2477
298.717
54.5813
297.376
156.132
138.367
86.5374
90.0402
110.33
281.852
77.7816
277.83
64.677
129.206
142.692
68.1332
296.591
120.233
94.1378
117.41
299.442
73.2756
93.6878
206.337
108.906
92.8286
157.439
299.967
65.0084
296.031
122.606
299.423
296.699
294.164
83.1991
263.322
66.9495
112.669
79.0121
299.653
146.893
70.2237
67.0712
115.165
202.856
72.1921
135.073
297.738
59.3708
91.3356
91.1157
188.451
126.258
290.589
74.0388
138.711
124.556
259.408
154.395
121.545
80.6341
298.653
119.965
62.1533
95.211
74.7813
298.477
297.268
294.374
157.269
227.6
148.333
298.364
88.6114
104.713
270.709
99.2292
295.015
118.169
82.4643
299.398
108.925
166.77
76.0435
108.422
87.9097
91.774
167.507
289.683
56.2452
281.811
299.389
74.6126
74.2415
299.154
143.06
68.3813
120.001
91.7884
296.505
299.077
68.1881
120.24
73.7742
297.156
62.9037
86.2851
107.916
90.3129
66.0499
72.4067
129.216
65.5045
101.357
88.9548
103.75
96.1074
290.707
74.0352
215.331
120.093
113.376
72.7645
105.327
119.368
158.22
91.3239
91.0178
96.1532
299.996
93.4722
259.045
91.4277
96.1327
147.244
207.899
132.853
220.411
63.3894
133.315
275.173
53.7443
152.1
94.6486
92.0244
157.949
133.53
94.8467
271.783
254.866
97.6478
64.2941
91.0136
299.985
80.126
113.811
115.447
59.2436
206.367
91.0402
76.5208
83.75
82.2506
153.369
86.247
168.467
58.6882
98.1212
56.27
292.129
86.2795
214.485
73.4708
131.219
298.046
299.459
94.5754
298.798
76.7528
213.713
160.094
122.59
72.1565
59.287
295.827
78.3361
297.182
299.711
122.692
94.6894
286.482
91.0611
298.73
71.8022
299.049
105.168
120.61
85.5843
99.198
224.038
297.154
198.157
97.9125
198.405
68.8084
290.316
89.553
102.616
282.741
181.207
122.533
241.944
299.103
87.2761
106.013
151.632
143.946
124.449
244.904
132.106
136.983
90.4622
207.448
93.7487
294.803
188.842
61.4271
299.986
56.063
85.0034
190.451
138.22
84.949
287.566
299.83
125.588
64.2375
211.92
285.401
82.9179
128.654
218.614
296.409
98.2794
94.4384
142.166
218.366
299.781
91.7644
68.5701
69.2898
298.423
110.446
296.52
118.104
92.9609
71.4208
58.2226
87.5753
92.3158
61.0227
97.5165
286.619
152.647
84.2882
101.385
79.649
91.771
89.4899
97.5554
82.9516
78.5425
77.7785
85.1297
70.2918
299.593
228.148
66.7678
139.254
146.919
92.8703
181.111
289.268
206.342
66.0407
292.35
186.707
81.4314
299.925
94.1988
135.576
55.1761
290.249
103.583
63.6782
120.278
130.207
108.254
100.18
65.3847
128.856
110.668
66.183
93.4204
132.431
158.905
175.145
86.5344
123.866
116.585
129.987
72.956
65.4075
291.851
292.239
106.361
97.1461
279.13
253.58
238.423
76.1061
297.132
97.943
299.422
295.598
296.105
136.565
295.503
298.814
101.325
299.848
138.371
128.033
291.801
299.157
66.9273
100.056
129.979
85.5743
108.246
293.206
90.5673
337.601
93.7447
298.339
73.213
74.7652
285.205
299.586
93.0774
144.158
296.927
78.2979
251.552
138.801
74.358
247.993
96.0304
78.8775
296.808
298.693
69.8025
94.7181
299.368
243.846
311.736
284.984
140.479
103.191
115.284
116.39
56.3062
93.1016
73.8649
227.645
297.444
142.381
296.713
78.8094
96.172
86.8934
155.522
292.141
133.087
298.218
213.28
62.0681
143.387
291.891
298.033
299.636
89.5105
71.3471
299.495
89.0509
92.1126
298.244
71.3444
111.912
125.816
86.0004
294.614
73.1462
87.4814
82.6184
55.4564
135.457
132.307
260.844
299.67
212.158
81.711
62.4297
294.643
106.524
160.437
299.688
296.779
285.649
271.867
287.097
67.837
85.8851
158.572
126.091
299.88
90.0282
125.065
86.883
99.9605
299.725
86.1736
291.705
63.4646
74.4889
290.519
299.176
74.8724
133.701
107.786
281.046
76.8592
299.939
80.358
156.508
298.551
96.762
275.459
270.224
119.793
82.3684
295.508
241.689
299.665
86.9705
299.462
292.376
138.996
127.11
299.765
79.657
65.2589
299.926
292.938
292.022
134.212
163.456
150.995
113.036
297.311
118.977
81.4378
130.712
126.78
293.131
130.41
108.183
294.265
260.307
265.019
282.425
93.3425
80.2949
85.9939
71.2417
90.0292
120.926
211.627
291.636
150.541
299.888
89.9698
54.6757
74.5865
77.7271
294.736
70.2289
151.278
117.153
275.427
107.759
90.8161
296.283
70.5003
299.731
102.713
129.045
83.5271
126.148
140.209
294.547
95.4244
255.186
129.485
92.0672
296.114
136.265
92.5806
89.104
66.9406
88.1769
88.4223
62.7475
83.9682
297.45
104.613
73.4979
97.4036
299.142
299.919
79.6982
153.039
298.68
168.58
107.516
82.5751
73.5803
231.563
126.261
79.1884
65.2739
113.831
70.9309
68.126
98.3867
54.6624
91.1084
141.704
294.058
90.6401
292.048
91.2556
128.894
299.879
117.464
299.263
89.0379
122.14
134.193
62.5872
86.1777
100.777
207.061
294.623
278.62
297.712
96.0562
122.96
89.9534
136.623
77.3279
83.7889
89.8819
104.676
107.135
299.791
288.829
295.495
127.705
92.2657
274.341
179.27
67.1131
294.913
68.1598
110.806
273.497
165.842
144.851
88.4077
249.267
68.6979
299.384
282.188
249.769
86.9793
83.8647
217.156
92.1944
227.83
299.454
151.648
85.2006
153.721
82.9421
298.318
292.361
80.8611
99.1552
103.125
80.0838
299.37
67.8978
121.222
136.393
96.1269
91.1515
83.9639
191.578
63.7517
99.4146
82.1595
98.3465
118.018
286.163
118.842
87.2678
116.216
80.3059
298.566
119.359
288.89
299.93
118.449
54.6948
83.8265
136.603
195.394
83.1958
91.8894
83.0522
164.42
88.8355
71.0268
298.793
294.666
85.9901
297.459
161.305
71.9848
298.823
73.7236
97.221
297.989
294.573
125.907
66.0154
146.932
117.447
385.278
292.819
152.548
298.773
89.6371
299.372
209.003
88.7422
103.464
108.416
82.6357
86.1538
108.397
88.0637
62.5961
88.474
63.024
295.984
295.408
57.8718
85.0122
140.416
68.6431
104.495
68.3451
107.475
224.666
289.794
227.013
87.5197
104.354
71.0243
70.8247
151.894
133.965
81.642
110.69
268.206
114.631
83.2309
68.1285
283.828
242.229
90.9561
121.047
296.297
132.495
296.199
299.554
177.001
94.8967
288.913
71.3005
298.041
296.874
72.0935
290.638
111.651
287.583
299.3
59.2926
89.897
299.981
104.639
160.028
84.3688
284.262
83.6325
119.138
292.539
96.1204
125.23
151.816
94.6699
298.659
112.207
121.191
285.904
299.557
69.0641
186.423
142.074
99.3591
116.046
134.77
82.1998
98.2963
258.554
84.2242
131.636
258.458
91.7522
97.4105
292.969
86.8293
72.4617
107.901
299.492
88.2752
132.166
107.644
121.622
122.96
290.574
203.504
61.555
119.823
108.811
91.5415
154.723
120.502
78.31
56.493
116.131
298.592
58.4535
152.482
288.188
133.965
95.0066
159.098
62.4135
131.196
171.176
79.0668
77.0108
138.596
91.4326
91.2412
93.3827
88.7637
76.0633
288.994
119.163
300.004
86.3412
80.6604
90.0759
134.873
299.167
68.5172
135.13
133.594
120.209
74.3566
123.744
54.6895
131.161
246.734
88.1539
62.3415
299.927
297.379
74.759
299.912
90.3097
69.609
59.1841
82.102
124.781
296.792
68.6667
96.9422
123.999
295.546
285.286
202.835
72.4602
93.0841
298.583
285.516
132.544
289.582
60.959
141.457
290.002
97.488
299.817
295.981
119.585
286.314
89.9653
267.187
69.1164
87.4012
79.4454
56.4212
102.612
85.7957
97.9789
257.652
222.324
114.255
299.789
292.213
69.8054
90.8501
62.6393
107.718
91.9673
295.689
295.773
63.3739
353.63
94.2933
190.833
299.861
298.753
264.871
126.107
146.262
65.9686
62.2167
82.372
124.881
299.341
135.053
178.267
69.1867
299.95
82.9938
88.3597
76.8407
93.2002
164.797
53.773
121.313
111.746
66.743
76.4217
263.294
94.8731
105.705
95.7474
56.4624
187.149
299.17
120.488
89.6619
297.49
109.885
75.3707
294.234
93.0521
64.0285
286.881
68.1963
119.938
65.6838
259.959
122.102
126.081
72.1976
95.8178
266.558
81.8047
90.7206
134.277
295.848
291.226
110.872
64.4586
153.231
124.294
113.65
101.361
83.9375
64.6198
113.112
96.4108
299.312
126.544
83.3641
132.555
299.435
71.9973
118.648
74.8868
299.785
289.453
297.049
299.993
139.569
72.9386
90.9643
64.9384
207.581
116.35
100.764
89.1023
124.338
98.2685
89.7337
219.907
134.262
133.187
130.518
93.0716
299.99
94.8404
92.6192
185.546
131.589
258.132
265.805
113.818
86.1296
123.461
299.788
298.647
299.985
287.656
75.5864
139.7
100.488
69.6462
219.83
113.023
65.0298
218.45
63.341
121.925
94.5208
122.557
173.971
267.276
92.8391
67.12
105.815
293.927
148.003
61.6022
123.186
114.201
72.3745
103.042
61.0459
229.829
106.624
290.665
65.1957
299.426
68.8744
294.445
288
299.578
123.843
83.2598
135.768
97.4106
80.2217
84.8818
296.886
299.988
77.7778
175.203
112.61
299.503
288.551
125.173
107.719
76.6294
59.2708
116.439
121.925
273.623
282.224
294.735
93.087
137.495
135.907
137.578
83.3455
123.183
76.5464
234.58
296.769
63.7152
120.97
299.59
298.904
296.248
82.5704
116.321
146.298
294.361
299.99
279.802
115.708
137.143
76.331
246.219
170.008
90.316
297.895
296.082
92.3369
109.624
73.2612
299.93
293.711
83.9445
85.8796
127.539
283.748
299.953
297.971
133.972
82.9641
83.0678
73.555
294.501
288.051
299.931
126.638
299.57
128.718
140.36
187.233
56.0746
120.203
109.601
299.236
135.131
124.976
130.878
95.6673
88.4662
86.7247
91.5596
106.453
103.761
132.021
292.606
91.0635
299.986
297.532
70.6433
125.373
118.868
74.2725
68.3507
295.481
91.3869
290.098
299.974
83.9472
66.263
298.013
89.1689
283.657
148.393
72.3519
115.689
83.1532
70.8086
299.843
241.019
184.848
299.661
131.991
298.586
181.601
295.755
90.8758
60.6629
92.5162
99.6911
206.245
113.211
88.5098
87.7862
151.784
299.325
84.2917
295.961
149.833
299.836
121.26
296.962
90.8262
111.178
224.578
292.073
80.4001
93.6476
169.926
115.893
284.277
53.9669
209.821
138.582
90.0524
280.216
95.5844
97.7943
169.919
80.23
93.0359
299.939
175.996
93.8159
91.7253
76.5066
70.9153
120.553
121.449
298.744
294.407
91.1517
299.866
110.123
86.4287
129.134
93.1327
121.45
128.531
86.506
199.872
108.221
298.853
296.145
94.5565
77.071
57.1043
176.889
100.017
122.259
61.3614
92.6993
140.749
66.8436
105.999
92.6979
138.973
72.5124
299.646
83.3434
130.288
144.439
90.8468
66.2431
299.835
97.6124
144.871
298.864
296.058
126.481
127.886
293.028
143.046
295.955
267.136
64.8265
102.065
92.4657
73.1307
130.619
140.245
61.3302
92.9881
99.2826
295.472
298.236
116.482
94.307
55.9635
255.51
69.8479
159.312
97.7676
79.0521
53.7534
87.9697
292.084
74.1762
284.616
90.0297
143.195
171.701
295.593
184.172
290.688
75.1562
130.073
261.05
118.378
171.184
132.016
84.0619
112.732
92.3854
117.98
132.024
289.006
69.4983
120.695
163.709
211.973
80.7182
60.3466
139.678
87.3534
284.33
299.645
86.9579
89.6203
117.864
135.287
265.273
121.96
86.7644
151.032
107.693
288.964
156.628
143.217
194.368
276.142
92.3898
295.373
92.631
274.888
83.2918
131.934
84.0863
92.3622
83.9194
266.136
82.8486
281.076
296.299
299.829
147.638
105.931
259.519
68.5989
141.085
295.957
290.536
91.1609
151.322
218.173
133.946
118.414
291.112
136.82
140.314
97.8398
92.5016
87.9055
298.331
111.9
73.5746
287.3
62.6935
131.257
297.696
74.7801
92.803
68.9009
120.497
123.104
294.568
101.013
299.006
126.482
89.0696
299.179
297.584
87.6334
96.8678
140.226
294.723
179.871
85.9511
91.7421
73.0796
96.4449
61.3295
269.627
261.094
74.2669
63.6447
138.733
133.212
105.978
251.933
127.443
89.6044
115.061
116.251
132.632
294.296
297.257
129.839
298.128
63.3997
71.2603
183.773
68.4456
57.9525
237.563
116.585
67.8295
293.985
75.4307
127.775
129.463
66.6676
92.1755
118.201
131.626
134.837
90.3059
95.3915
63.4019
116.183
54.4039
72.2643
113.096
54.8994
290.17
70.6192
109.696
101.783
85.4176
295.516
114.397
299.595
282.282
92.79
76.6104
263.547
94.8597
92.7842
67.6784
91.7978
81.0231
299.404
74.0357
69.0776
256.801
95.0002
97.9433
97.4814
85.8376
101.959
110.842
274.966
162.234
84.3931
158.24
68.5635
210.847
292.021
61.2603
62.4342
65.3622
74.7302
93.9903
273.944
111.586
71.6669
89.8102
299.567
283.265
119.689
66.3792
292.354
158.885
59.1322
178.208
89.3179
58.1126
61.3339
66.4233
299.634
107.159
158.856
290.18
299.718
294.166
288.296
113.386
296.162
289.88
99.5751
140.899
97.9756
167.875
78.4776
97.8984
76.3639
299.836
102.783
72.5656
299.832
53.3676
299.27
299.614
143.302
261.468
299.319
283.641
89.6755
103.171
97.0275
85.9647
153.712
122.45
82.5128
285.213
128.531
92.3366
293.457
299.62
191.597
278.06
65.3004
195.844
88.4041
69.486
92.421
70.9129
294.931
74.343
269.897
299.801
92.3061
123.994
121.572
126.278
184.729
96.8684
107.052
291.221
108.381
138.307
296.42
299.081
298.962
134.093
74.4862
87.0511
126.159
58.7095
296.555
124.946
136.106
295.719
115.41
295.436
298.863
152.422
68.2496
298.248
299.998
71.0314
295.787
298.145
128.514
290.929
69.2088
174.105
72.777
56.5676
61.2384
171.207
76.6164
299.799
88.5733
146.389
58.8434
73.8763
299.417
139.737
82.3295
296.325
89.7002
87.8104
141.736
145.394
296.595
86.4094
131.946
156.647
142.622
262.893
105.721
296.992
87.6628
155.765
148.949
299.859
101.488
90.2791
82.1283
128.343
83.137
177.147
296.705
70.5018
71.0839
298.116
99.4785
153.532
81.7182
117.515
292.054
87.3056
272.733
103.411
81.5791
296.908
294.276
110.619
296.274
297.212
260.841
106.275
89.8591
90.8072
266.448
91.6967
73.2177
108.58
85.9356
74.6114
299.293
135.637
298.548
293.775
296.041
85.7537
82.269
291.477
299.772
299.983
82.5213
97.1153
120.377
274.989
92.367
299.931
112.167
151.119
97.4164
95.4352
298.596
125.379
92.0924
110.865
73.8395
119.401
297.437
110.259
62.7848
153.762
103.542
106.737
78.2009
287.951
281.377
82.6321
160.446
93.1308
143.986
128.804
92.4688
70.684
73.6816
92.3142
193.116
114.102
197.198
97.0925
68.0995
70.2166
72.5024
287.751
74.9047
97.6807
117.496
97.5908
112.867
113.436
84.7424
299.33
175.822
57.315
117.355
63.9767
89.2942
296.425
297.203
275.625
299.216
106.337
94.6113
171.413
114.115
299.389
62.286
136.087
152.11
292.067
149.695
64.7321
91.4695
138.292
299.981
297.412
55.1191
55.8507
124.378
140.752
292.094
79.1222
244.852
71.0422
90.0468
120.098
299.973
90.8973
73.1095
105.073
72.3459
68.1166
87.2472
92.772
262.367
78.2598
77.8086
299.996
85.6945
89.3664
109.788
86.9233
97.1338
68.709
91.9828
289.295
154.498
133.819
299.44
138.387
87.0337
123.521
299.721
109.808
200.826
107.829
96.9098
191.413
133.597
297.246
79.0695
299.809
89.8596
181.401
297.026
290.665
181.216
66.4085
274.782
90.7995
68.7394
83.5172
110.65
300.01
167.495
89.7491
165.377
56.8294
237.635
66.4527
89.4486
299.306
82.9577
288.868
90.0301
126.715
118.029
288.512
127.843
287.203
299.724
74.4599
144.101
299.985
131.091
69.3793
221.996
162.059
154.31
108.894
253.545
185.085
121.404
293.423
249.972
272.438
91.4054
68.652
295.874
55.2869
130.47
143.68
91.0995
112.987
87.3158
147.289
70.097
72.509
298.693
158.251
60.6677
296.781
141.038
71.5441
118.64
53.5841
124.065
133.271
90.1538
96.0553
116.841
158.38
143.141
89.4759
291.104
81.0872
132.448
54.1938
69.8933
125.85
64.354
152.366
296.738
299.868
152.065
110.262
87.7055
73.3514
91.8443
53.1865
99.7316
74.2357
296.679
299.802
299.046
138.675
271.285
76.0351
296.86
53.0175
125.025
94.7195
146.13
131.974
82.2071
299.984
86.2743
109.044
101.088
165.352
268.279
89.2348
150.411
73.0661
137.945
116.626
227.781
65.5127
94.1952
105.862
86.9749
299.945
94.893
84.9398
129.795
92.9319
98.9419
117.37
75.6536
109.822
176.226
293.264
298.947
132.823
91.928
121.967
130.879
260.811
108.854
52.8809
68.1971
128.768
72.0331
71.3405
71.8259
174.114
63.5965
275.802
122.73
154.056
110.273
166.499
295.774
106.662
172.262
119.413
286.512
116.724
190.483
293.003
126.444
87.3612
62.256
153.632
108.658
299.746
114.756
103.683
95.1109
157.533
98.7291
225.979
84.0968
288.859
291.852
92.447
249.902
299.19
105.058
74.5123
166.56
96.0787
297.301
121.401
146.507
277.303
89.8928
299.299
152.561
297.675
92.4299
137.307
116.868
129.763
124.456
69.8448
97.0638
121.651
71.5169
60.6806
298.274
120.123
120.484
134.381
107.714
165.127
71.4862
297.409
151.844
96.9726
131.052
299.865
71.6853
146.724
89.8318
299.849
299.958
129.144
293.133
298.176
299.891
91.5792
298.339
121.991
295.919
125.189
170.025
121.489
298.661
75.6546
60.3596
165.226
89.9106
107.019
287.159
289.76
62.0507
295.626
81.5073
277.104
240.682
288.56
76.9186
84.2529
243.651
94.961
294.459
283.793
299.837
92.3956
80.1793
177.572
134.82
68.7464
86.9773
137.071
80.0046
85.168
135.345
214.402
294.465
88.203
92.6687
129.81
88.0384
136.973
142.052
153.809
126.673
165.264
299.819
54.6737
160.218
108.499
88.3474
91.5699
130.827
83.4317
91.1109
188.227
73.7204
297.519
81.464
292.006
96.3293
290.912
297.101
250.314
290.395
128.906
78.1923
286.989
186.285
131.374
78.5986
76.7622
299.906
84.7451
117.651
80.9276
59.8474
86.4748
286.688
142.22
106.986
165.874
89.8172
144.724
58.68
108.46
60.7434
60.2721
299.245
296.134
113.494
139.256
287.839
156.514
93.9187
295.307
115.388
295.329
299.543
157.898
297.144
125.081
91.1018
106.943
169.029
96.4016
55.0752
96.1942
90.3034
102.161
126.228
173.244
83.8222
103.571
86.8752
66.285
96.4213
82.006
297.942
88.1712
177.287
97.0622
298.764
54.2629
175.021
63.9957
72.8353
72.4217
111.303
89.1755
105.119
97.6196
143.293
88.1718
91.7956
174.75
191.805
119.167
86.453
66.6082
74.5737
299.221
70.1716
172.751
156.417
85.2161
298.965
122.107
134.519
90.0535
147.193
298.21
294.471
94.8888
74.4407
95.8146
164.894
58.7912
98.7543
97.4466
79.6526
90.2278
118.204
88.2116
63.3628
296.561
156.618
120.491
178.071
75.0809
299.203
93.7322
67.4391
259.444
119.175
71.7798
65.9812
292.779
85.5403
122.863
299.194
78.7908
299.336
134.227
287.852
263.422
299.856
101.633
69.0075
80.6011
162.099
116.324
296.087
97.6312
320.044
299.24
296.773
79.8684
291.144
160.302
98.5331
93.1589
126.057
127.817
285.538
140.217
299.786
203.19
80.8095
76.0788
144.315
273.263
132.174
157.535
62.5272
164.081
135.712
299.978
299.906
74.5316
88.1651
153.734
135.716
120.81
114.593
103.218
132.379
89.7306
88.4608
93.2793
129.435
111.35
140.111
112.992
123.811
103.664
298.39
134.009
298.573
133.074
136.503
240.357
89.8052
131.518
99.2993
269.644
69.9854
90.7855
72.6161
299.29
274.267
299.836
74.579
69.1354
285.496
137.202
104.532
299.289
287.945
297.5
295.653
69.5226
91.7482
55.7975
89.1528
84.7313
80.1479
89.0926
299.993
75.1407
74.0756
59.6496
75.8497
54.0071
207.323
131.861
158.365
130.268
86.6908
116.531
145.847
298.999
68.3096
69.2852
74.026
271.016
299.901
120.703
88.1417
299.981
87.2423
75.0092
293.313
195.998
91.1069
112.278
123.371
72.6842
122.179
79.9207
88.361
69.141
287.422
161.089
171.427
296.977
69.299
70.3203
83.4053
81.6584
131.458
97.031
110.099
90.173
52.4955
86.4357
191.599
295.95
55.2442
90.2315
101.287
67.7348
88.9955
293.239
130.867
286.653
298.693
122.267
138.242
299.628
297.124
145.389
125.987
296.357
159.605
54.7326
288.817
172.876
127.037
91.7456
79.0138
228.606
62.4765
137.897
290.875
297.719
294.554
294.84
194.441
116.099
174.114
84.349
297.234
64.9222
279.38
75.5343
127.843
116.66
66.9023
155.224
105.767
84.6596
132.403
66.8512
98.3449
299.641
129.701
62.5309
251.989
91.8918
64.6766
298.919
93.9161
83.3589
93.5886
296.331
68.0505
104.246
91.039
162.273
155.369
152.603
299.56
109.329
114.4
294.671
288.467
86.4881
113.149
180.166
293.211
69.723
99.8275
80.4305
96.0283
299.861
167.415
299.944
120.339
92.5039
67.0469
122.694
154.808
58.1776
122.368
299.817
118.645
101.72
83.5378
282.365
123.679
77.2798
63.1927
86.1113
92.4828
82.8162
91.1931
296.228
97.3248
285.026
110.948
154.68
76.023
85.36
85.1267
90.1819
205.701
69.4527
129.604
108.873
62.7713
125.948
88.0947
101.518
59.1992
83.7608
98.6506
94.8739
298.222
98.8912
148.308
295.682
87.8143
299.074
88.985
116.078
82.2463
88.9499
130.648
120.653
96.6035
116.839
159.611
150.392
133.883
86.0151
293.388
287.744
140.663
59.9231
333.393
89.5995
291.109
67.0762
289.474
129.081
118.169
73.7679
149.315
60.126
121.299
203
92.7723
68.1266
68.8795
68.4243
83.5417
70.48
165.62
107.435
89.819
93.6483
104.873
299.994
156.272
102.969
298.384
271.043
292.336
76.3875
53.8384
85.4593
93.6551
299.859
299.642
55.8873
87.3465
111.18
62.4283
298.322
299.758
136.758
299.43
95.3134
90.8901
120.862
85.8242
96.6298
212.777
205.434
290.716
73.5614
60.2343
298.391
220.224
299.487
78.4495
297.547
82.7486
87.3453
202.671
74.213
299.819
61.4625
70.8246
87.3728
95.1683
86.9795
67.2852
238.79
121.579
99.7822
114.605
114.526
158.824
203.515
299.764
297.298
85.9858
166.14
300.009
87.6197
287.512
53.2553
263.45
88.9748
73.3343
86.9472
183.619
112.794
294.952
298.461
113.497
116.363
73.7869
63.49
66.7804
244.911
299.526
270.505
68.9486
299.793
293.901
276.714
92.2535
77.5868
85.844
104.135
176.131
69.4879
287.574
115.611
92.0619
85.173
210.979
293.955
95.8257
297.83
158.174
79.6306
120.087
298.202
289.797
153.879
299.456
116.15
142.108
216.653
299.988
82.6507
144.885
137.387
299.918
128.12
161.741
122.481
163.131
297.763
70.4599
280.847
139.791
67.7585
120.442
86.4151
73.0512
298.172
292.998
126.928
299.187
94.1328
112.778
120.823
68.6765
293.852
132.813
111.232
299.989
216.058
93.7659
147.347
73.5968
132.123
136.635
82.4247
150.557
91.7066
83.36
300.049
182.442
158.107
92.9226
298.31
91.644
159.968
132.786
71.4508
299.258
125.609
173.61
136.001
75.2264
75.9862
94.3166
187.496
82.0038
91.0336
87.5989
121.915
255.211
86.4994
294.595
140.315
106.571
115.769
299.99
183.446
68.7115
299.096
287.953
295.587
62.1396
92.7438
143.688
201.681
59.9046
160.368
73.3314
228.592
69.0602
294.992
178.8
299.444
53.2613
298.688
73.1179
102.046
120.42
81.1229
120.581
83.1278
120.458
68.1447
82.0882
298.803
109.169
90.4043
89.9085
79.1897
124.498
91.9078
117.97
299.868
86.4643
299.457
227.125
88.8461
95.799
299.202
136.635
113.759
128.863
85.222
70.8581
87.0231
285.613
300.002
147.505
299.814
155.08
99.8709
290.654
73.1098
299.851
102.697
58.959
131.234
61.9877
135.959
299.913
282.861
90.1502
62.6934
73.5131
82.5683
299.878
81.7384
76.433
295.418
155.984
68.8331
72.4997
59.1917
292.648
81.3754
300.051
276.793
293.531
159.325
93.0503
91.6454
90.2986
289.539
147.983
293.511
62.0079
107.882
105.737
138.986
89.8398
123.801
72.6414
133.898
84.876
116.283
125.445
83.9681
285.332
290.939
131.771
67.9357
150.403
230.899
112.004
74.7388
66.8195
73.0127
88.2592
84.1599
297.31
299.887
294.91
170.895
90.566
99.3699
258.36
111.19
85.6921
299.48
298.82
105.279
68.2792
108.07
271.414
115.546
151.683
85.2789
109.568
104.456
115.545
76.2384
287.97
289.573
108.127
299.95
69.9193
297.506
295.525
133.022
72.7917
170.744
67.0401
137.523
288.597
87.1261
90.8685
61.8415
91.8176
53.4727
84.0231
52.7685
299.776
299.985
103.705
104.967
175.817
155.854
273.337
93.3226
77.0488
95.9711
140.309
93.0214
299.947
120.914
91.7531
92.0131
287.109
61.8828
75.4548
53.8542
87.6691
298.556
155.673
300.001
109.302
113.347
112.916
162.722
254.697
296.365
140.848
62.3552
142.692
76.0071
53.7162
118.316
96.022
95.7032
61.5806
82.4564
204.003
107.346
101.81
64.8393
79.7203
96.7246
82.6315
83.8663
111.056
62.297
180.025
62.1201
72.8354
74.558
83.4028
109.582
121.271
93.8237
92.2238
294.082
80.3348
68.5749
133.304
127.107
157.069
95.1457
90.1305
168.607
276.247
299.694
190.286
68.7629
93.1515
132.08
68.4885
79.641
106.315
64.8163
70.4024
104.951
299.942
91.0284
53.0082
99.8257
69.5703
108.821
132.955
157.012
83.8487
154.253
82.9745
86.9206
114.219
92.9091
299.824
100.893
133.48
134.344
123.739
124.604
85.9416
299.817
82.548
298.791
117.463
136.116
131.57
111.004
147.685
297.629
133.148
136.79
104.319
76.1601
68.747
85.4977
139.649
169.186
279.735
138.23
94.0531
69.2435
121.844
112.687
95.0761
74.7092
64.1897
296.053
95.3515
94.6727
114.557
160.255
299.825
82.6226
308.159
85.3045
133.076
299.801
72.193
154.468
292.679
85.5737
135.231
67.1855
91.1305
106.305
214.802
108.72
79.8131
299.833
96.3298
153.307
98.2663
82.0069
168.346
94.9124
109.306
84.6151
176.892
71.5008
299.892
89.5535
175.503
102.771
287.501
223.205
112.306
112.277
59.1295
94.4038
122.037
73.047
67.0677
290.59
182.061
68.1739
113.821
120.79
125.692
151.457
122.198
98.4432
69.2185
132.199
87.6652
116.136
56.2098
95.1163
93.5782
91.2835
64.5516
115.45
112.638
124.859
190.978
56.339
269.275
299.122
82.0519
149.669
68.9466
171.587
72.8341
75.6671
117.414
201.128
85.9534
68.1606
140.18
294.526
87.0139
162.004
79.3102
136.82
82.4806
181.002
75.0907
132.861
297.858
136.23
89.5003
81.232
171.765
68.3479
118.1
79.6954
72.7476
69.7882
128.989
102.956
86.8424
102.066
130.902
172.322
81.0367
174.605
127.763
297.496
331.461
261.37
294.744
100.146
154.754
70.5547
84.6632
149.815
52.9244
64.1692
299.926
297.085
58.8201
220.429
82.4471
295.969
300.006
295.543
178.674
112.311
299.871
80.54
278.101
111.575
219.595
127.47
83.6601
75.7613
96.4565
97.8306
94.364
62.6912
299.657
134.612
299.984
91.0301
118.896
285.177
68.2846
83.4991
112.251
286.888
75.8632
248.475
113.663
83.391
109.836
96.1173
299.869
281.25
288.897
112.994
299.885
102.139
297.436
126.702
200.983
165.053
73.0124
297.555
208.949
299.984
299.195
292.314
72.8728
95.9945
112.085
299.9
89.4363
133.208
299.775
175.296
175.25
286.807
102.551
299.408
79.3937
297.366
287.818
150.836
87.6689
299.649
299.858
91.3336
86.444
82.2402
95.5935
146.53
299.894
68.6754
299.86
123.282
97.6933
93.0707
108.955
96.3405
131.156
298.707
283.31
71.4458
107.695
80.42
299.776
206.855
139.828
297.483
299.934
104.944
97.3765
98.7736
71.2
110.311
113.294
145.153
71.8563
86.733
132.573
265.628
296.503
124.977
194.863
299.941
64.7768
181.455
83.7825
295.899
123.544
120.63
84.0053
285.235
121.306
88.4078
68.5312
99.9634
68.3905
295.992
283.989
96.8722
73.0672
89.5797
99.8501
299.952
299.279
68.4734
298.375
299.286
87.6835
97.4758
273.083
111.927
120.689
296.017
74.0842
79.9003
85.0091
71.1877
295.697
77.2304
85.5956
95.4517
70.7228
87.1719
79.4444
297.397
109.731
101.091
299.456
147.505
140.984
130.333
120.723
61.643
288.121
285.5
299.187
167.87
113.614
79.1378
155.073
136.174
299.813
193.482
72.8123
286.323
135.989
119.296
125.747
84.4279
83.4713
89.7118
123.679
298.296
293.697
299.726
179.97
292.726
191.715
292.132
298.785
89.4934
296.151
91.5488
96.565
298.683
294.44
139.099
91.3349
176.025
280.573
136.727
298.918
298.706
298.585
72.1678
98.838
120.118
145.629
84.0823
96.4232
114.786
54.2145
72.8132
74.1946
295.936
90.6519
114.93
74.0092
68.2304
137.082
111.271
175.816
289.076
78.9274
83.7443
87.9779
289.394
159.637
85.6379
73.4187
93.052
81.9325
161.245
87.4137
222.067
277.758
87.6105
142.703
82.1272
67.8694
299.608
68.2671
259.466
171.245
150.863
95.0964
99.0544
78.9246
111.169
86.9793
86.0614
81.5177
97.0956
85.7667
196.306
82.5085
297.32
88.3124
99.8281
91.9044
262.575
99.3585
162.585
80.167
95.9612
93.6262
88.8809
53.4781
210.375
97.7447
138.333
83.4968
139.014
290.464
86.6857
72.9951
296.403
109.698
147.081
201.338
210.694
190.04
113.032
129.902
183.759
84.1463
193.342
72.9173
128.129
297.819
173.093
118.399
116.532
68.6001
299.298
65.5958
153.882
299.444
168.545
113.983
86.6481
99.2975
74.3915
187.443
144.062
74.054
73.716
142.076
113.542
129.55
290.124
299.211
174.404
99.842
83.5646
298.777
280.611
91.3836
299.33
88.7949
293.731
70.8875
122.04
135.737
146.622
93.1308
79.0333
287.254
115.668
73.513
295.917
97.537
95.9971
290.413
114.617
136.092
297.15
84.7297
198.373
146.005
290.132
153.815
84.9252
270.034
102.137
87.536
126.817
299.878
296.101
101.916
123.485
65.5306
298.802
91.864
109.376
103.829
128.05
89.203
76.054
96.9012
84.0054
283.016
91.0725
136.22
299.911
63.8958
87.0947
292.619
294.962
298.816
299.601
287.115
74.0796
80.2931
91.569
299.9
171.429
103.929
176.807
91.2915
283.994
119.616
107.847
56.7083
91.4372
165.521
177.119
298.35
96.5557
115.797
88.1261
278.63
125.174
296.728
79.8723
83.4324
62.7252
72.3893
90.8562
164.06
156.574
138.163
144.214
94.7239
120.493
95.8589
297.258
286.648
289.883
115.083
81.2603
298.421
60.8872
112.029
87.4253
74.6579
111.914
61.1399
130.541
150.433
93.0132
108.023
78.4332
58.6772
130.835
297.783
64.7186
127.294
83.4042
96.415
98.0607
289.789
78.4212
91.6108
98.6418
75.2401
290.933
287.148
121.64
68.6946
298.785
90.7702
88.7643
100.462
294.58
78.8598
108.741
92.865
81.5442
299.824
77.6269
159.682
90.6773
70.9256
157.874
92.0245
296.925
299.623
59.4993
84.3809
91.9177
59.4544
99.892
299.877
299.883
167.673
68.1457
133.797
239.421
298.483
129.046
124.917
91.3101
175.485
112.468
108.371
95.2788
59.2826
283.865
106.361
86.5624
157.861
129.933
54.3629
299.846
82.2195
298.929
109.255
83.5966
116.434
237.906
177.796
299.938
290.677
299.323
87.3701
208.209
53.8132
223.97
284.717
80.9645
115.061
88.4859
112.355
128.044
84.9272
131.908
60.9792
296.943
134.663
73.5545
76.0825
71.6412
146.373
65.6638
72.4936
102.029
91.388
293.352
275.897
296.324
299.469
132.258
294.53
299.676
177.572
96.6
287.379
184.139
103.682
60.7485
299.715
121.504
169.175
88.1242
89.3638
169.672
81.6749
65.0892
109.194
116.322
287.43
299.86
92.9884
93.9441
61.6891
79.2203
93.8335
76.623
70.1196
83.7387
298.472
269.507
82.7319
65.0559
299.672
147.313
87.8704
206.918
90.108
118.751
126.066
100.153
134.026
135.298
84.5697
84.2102
280.485
130.457
89.0151
93.9376
92.583
73.9312
80.9851
89.1187
294.948
297.217
75.234
62.7548
81.6274
94.7686
97.4276
160.909
88.2943
252.032
112.727
255.891
91.2329
92.0614
286.811
94.4098
79.0607
183.565
125.461
169.08
131.759
85.1669
299.998
111.176
150.764
89.6427
294.587
299.356
219.01
87.8052
81.1971
129.178
95.1592
88.5001
108.411
142.564
86.8349
84.861
95.4874
68.1292
296.681
84.4233
131.594
138.74
94.7717
101.382
130.517
217.628
96.3955
89.4655
286.574
127.646
243.283
99.2004
158.266
86.0574
133.504
292.451
92.7587
259.513
299.999
299.308
231.993
106.876
60.0138
110.16
253.716
89.4034
94.2772
182.849
127.597
175.442
299.913
299.648
72.9587
299.173
299.803
108.282
110.386
209.839
154.211
113.489
260.935
131.669
144.02
62.3157
153.121
142.46
92.3924
65.7032
118.684
157.033
299.834
92.1317
94.4837
98.3416
109.719
105.115
289.233
261.572
157.668
299.373
84.0002
131.019
297.423
179.428
62.9274
108.331
95.5678
86.1847
96.2678
125.038
298.75
152.84
66.3974
87.8862
290.571
299.136
299.949
260.025
108.907
139.551
123.744
287.654
138.447
298.132
120.782
128.392
83.1833
73.6281
64.4355
92.5673
126.93
154.847
74.813
96.0164
112.408
73.2723
70.1329
68.9161
149.077
68.5128
296.452
61.6524
141.741
299.632
95.092
91.6412
113.704
69.6888
290.554
297.339
52.6739
294.899
70.5748
90.9933
284.878
298.777
90.8877
180.188
101.612
94.183
83.2348
91.8441
114.988
53.7295
97.7459
145.012
286.463
148.177
100.472
91.027
287.359
90.7661
286.699
56.6976
262.069
136.802
296.849
299.913
120.762
65.2551
287.906
250.036
93.2209
91.2371
73.164
64.8138
72.7016
153.91
295.95
125.153
299.237
299.989
98.9057
299.617
296.213
180.519
127.372
297.48
94.6239
87.0825
299.39
71.3432
117.048
55.8921
75.8724
248.547
59.6568
108.552
99.9044
177.076
126.203
98.7174
299.649
77.4046
299.496
127.576
117.209
194.704
299.425
125.4
94.4396
52.845
109.275
137.253
65.8112
83.7849
142.714
296.12
187.868
299.311
73.2903
72.8657
295.606
53.1793
175.48
170.419
120.796
299.82
153.985
87.8741
91.0274
88.3895
107.443
116.464
141.973
154.7
156.74
156.008
152.426
112.869
211.442
150.797
175.441
73.8511
165.635
63.1818
54.6345
121.803
81.6467
290.149
127.245
299.978
122.706
291.159
65.3875
299.815
73.8518
297.377
90.8236
86.6757
283.164
293.341
300.003
219.808
283.71
179.267
130.484
82.8331
139.524
105.153
92.4386
79.1359
127.733
75.1365
299.653
141.721
299.428
165.439
56.4661
113.918
181.115
246.7
299.292
187.517
100.379
70.1113
125.043
61.2386
193.013
300.022
120.655
120.555
126.292
123.663
299.443
128.892
299.609
79.0724
90.4096
71.9216
68.9543
178.35
77.2507
298.742
142.509
157.386
299.922
91.0035
274.44
64.5683
257.847
64.3347
91.7645
119.562
91.7558
222.737
91.4527
299.996
131.157
299.167
77.1794
102.305
74.1214
96.5563
87.2385
84.5403
98.848
290.693
64.1214
73.6228
69.9226
299.875
98.3525
294.829
126.194
157.985
133.226
106.73
91.7192
299.8
133.552
130.25
103.057
299.322
130.854
298.741
74.8297
300.021
75.9444
121.637
135.334
99.852
92.2261
98.7751
125.871
125.68
185.366
178.982
96.8274
124.476
128.802
68.926
114.917
158.271
99.4935
137.257
72.6316
153.583
187.807
290.857
173.111
80.1323
72.3168
91.6849
93.441
92.4372
150.223
113.065
166.92
76.4536
79.9644
76.2431
65.8953
120.959
92.4627
131.085
297.96
156.791
62.9444
193.071
200.263
289.442
100.728
254.291
196.29
216.919
274.778
63.2639
67.0416
116.662
110.911
290.821
66.5332
293.964
299.417
264.492
53.985
299.749
66.1191
286.805
259.168
83.6051
71.3461
149.394
69.0704
131.618
296.198
215.828
82.9826
172.912
72.8897
290.191
211.022
285.599
282.92
261.306
104.6
74.4061
74.0752
296.447
290.444
187.971
78.7916
63.0075
65.2748
129.773
59.4835
72.3493
145.973
93.0443
66.1471
138.318
122.914
72.3319
299.674
117.788
299.798
299.82
117.635
65.4192
183.064
136.377
121.4
257.617
299.779
147.111
59.2247
117.297
135.378
297.007
95.6214
84.223
120.615
134.835
115.485
293.551
76.6655
61.1578
286.374
78.4324
71.801
58.7853
286.98
297.606
87.5802
298.512
86.6848
93.0716
127.991
73.7335
287.672
113.226
285.784
89.6679
129.78
69.0694
84.5308
218.387
53.68
277.946
86.0988
109.267
91.8309
299.852
294.003
97.3693
92.0265
166.026
95.6252
68.7868
182.077
132.038
67.8765
299.98
298.216
299.762
109.546
98.4212
59.7185
77.5866
88.1352
74.186
299.761
228.043
118.785
124.707
68.123
288.025
138.741
68.6337
162.408
68.1518
242.949
151.141
283.075
75.3891
85.6744
296.975
63.6096
66.1826
181.272
304.619
65.6832
125.193
72.8841
82.4606
82.5192
151.061
299.83
118.682
59.0826
59.1393
71.783
67.1763
113.425
289.942
117.132
89.6433
73.7108
69.5507
152.977
166.668
67.587
94.0959
267.67
122.264
72.9359
178.022
89.2393
90.861
87.2793
154.738
296.509
277.763
297.252
73.6307
72.2207
297.893
71.1375
299.862
72.6839
119.574
296.307
73.4084
76.4789
85.2532
67.6018
81.1094
195.346
73.9069
130.773
299.998
70.3295
72.6876
124.107
111.738
74.3854
299.785
273.329
68.3399
83.6063
81.0785
75.078
72.2539
104.997
77.0157
131.324
82.6209
71.3807
290.724
71.0915
283.305
83.8264
83.6863
80.3636
66.5962
135.372
163.303
111.532
258.391
91.2912
82.0979
101.719
166.793
127.628
283.837
113.042
76.2424
109.677
157.431
120.848
295.996
90.0826
293.594
69.053
69.6777
74.5688
128.142
289.678
207.241
93.5345
141.442
297.516
74.5424
159.919
160.904
294.781
97.7397
124.57
96.2193
62.9063
85.4094
115.706
149.269
62.8066
84.69
280.364
179.621
58.9603
290.632
91.6182
73.9655
297.439
91.7213
150.435
59.0834
89.5026
280.858
295.96
200.681
89.3915
102.629
341.372
)
;

boundaryField
{
    back
    {
        type            empty;
    }
    front
    {
        type            empty;
    }
    gasjet
    {
        type            zeroGradient;
    }
    inlet
    {
        type            fixedValue;
        value           uniform 300;
    }
    outlet
    {
        type            inletOutlet;
        inletValue      uniform 300;
        value           nonuniform List<scalar> 
110
(
68.7404
59.0841
52.9993
63.1211
65.9782
65.5716
71.0483
68.8944
67.703
110.87
73.1815
68.0594
66.0762
69.5917
69.9599
135.551
66.2081
67.8798
61.0739
64.2484
60.894
59.1179
86.0265
92.9301
69.8804
72.9085
59.5715
64.1376
66.3525
64.2392
62.6485
60.0008
300
300
300
58.3499
62.2824
235.784
57.2668
58.8838
59.3624
58.1406
57.5682
57.8903
300
57.6825
56.6827
57.2346
56.7045
68.8426
67.4254
56.2896
57.3541
53.0865
52.4141
284.654
321.885
53.9183
55.5445
52.3801
53.4957
53.1967
56.0978
54.4255
54.0637
54.898
55.4254
53.0845
56.2454
56.0145
55.3449
55.1439
56.4938
55.7627
55.3803
55.283
55.0765
55.129
54.1793
53.9424
54.4147
68.8899
70.8282
71.6609
300
68.1187
300
53.469
65.2132
54.4927
54.683
52.9003
52.8173
53.1428
54.0525
54.3918
52.56
54.8599
300
300
310.886
333.917
52.4869
52.7835
54.6948
53.773
53.1865
172.262
60.3596
61.4625
)
;
    }
}


// ************************************************************************* //
